[2026-05-07T20:17:03.255+0000] {processor.py:161} INFO - Started process (PID=99) to work on /home/airflow/.local/lib/python3.12/site-packages/airflow/example_dags/example_dynamic_task_mapping.py
[2026-05-07T20:17:03.261+0000] {processor.py:830} INFO - Processing file /home/airflow/.local/lib/python3.12/site-packages/airflow/example_dags/example_dynamic_task_mapping.py for tasks to queue
[2026-05-07T20:17:03.265+0000] {logging_mixin.py:188} INFO - [2026-05-07T20:17:03.265+0000] {dagbag.py:545} INFO - Filling up the DagBag from /home/airflow/.local/lib/python3.12/site-packages/airflow/example_dags/example_dynamic_task_mapping.py
[2026-05-07T20:17:03.276+0000] {processor.py:840} INFO - DAG(s) 'example_dynamic_task_mapping' retrieved from /home/airflow/.local/lib/python3.12/site-packages/airflow/example_dags/example_dynamic_task_mapping.py
[2026-05-07T20:17:03.403+0000] {logging_mixin.py:188} INFO - [2026-05-07T20:17:03.402+0000] {dag.py:3096} INFO - Sync 1 DAGs
[2026-05-07T20:17:03.447+0000] {logging_mixin.py:188} INFO - [2026-05-07T20:17:03.446+0000] {dag.py:3954} INFO - Setting next_dagrun for example_dynamic_task_mapping to 2022-03-04 00:00:00+00:00, run_after=2022-03-05 00:00:00+00:00
[2026-05-07T20:17:03.485+0000] {processor.py:183} INFO - Processing /home/airflow/.local/lib/python3.12/site-packages/airflow/example_dags/example_dynamic_task_mapping.py took 0.238 seconds
[2026-05-07T20:17:33.545+0000] {processor.py:161} INFO - Started process (PID=157) to work on /home/airflow/.local/lib/python3.12/site-packages/airflow/example_dags/example_dynamic_task_mapping.py
[2026-05-07T20:17:33.547+0000] {processor.py:830} INFO - Processing file /home/airflow/.local/lib/python3.12/site-packages/airflow/example_dags/example_dynamic_task_mapping.py for tasks to queue
[2026-05-07T20:17:33.550+0000] {logging_mixin.py:188} INFO - [2026-05-07T20:17:33.549+0000] {dagbag.py:545} INFO - Filling up the DagBag from /home/airflow/.local/lib/python3.12/site-packages/airflow/example_dags/example_dynamic_task_mapping.py
[2026-05-07T20:17:33.557+0000] {processor.py:840} INFO - DAG(s) 'example_dynamic_task_mapping' retrieved from /home/airflow/.local/lib/python3.12/site-packages/airflow/example_dags/example_dynamic_task_mapping.py
[2026-05-07T20:17:33.578+0000] {logging_mixin.py:188} INFO - [2026-05-07T20:17:33.578+0000] {dag.py:3096} INFO - Sync 1 DAGs
[2026-05-07T20:17:33.601+0000] {logging_mixin.py:188} INFO - [2026-05-07T20:17:33.601+0000] {dag.py:3954} INFO - Setting next_dagrun for example_dynamic_task_mapping to 2022-03-04 00:00:00+00:00, run_after=2022-03-05 00:00:00+00:00
[2026-05-07T20:17:33.622+0000] {processor.py:183} INFO - Processing /home/airflow/.local/lib/python3.12/site-packages/airflow/example_dags/example_dynamic_task_mapping.py took 0.084 seconds
[2026-05-07T20:18:03.927+0000] {processor.py:161} INFO - Started process (PID=215) to work on /home/airflow/.local/lib/python3.12/site-packages/airflow/example_dags/example_dynamic_task_mapping.py
[2026-05-07T20:18:03.929+0000] {processor.py:830} INFO - Processing file /home/airflow/.local/lib/python3.12/site-packages/airflow/example_dags/example_dynamic_task_mapping.py for tasks to queue
[2026-05-07T20:18:03.931+0000] {logging_mixin.py:188} INFO - [2026-05-07T20:18:03.931+0000] {dagbag.py:545} INFO - Filling up the DagBag from /home/airflow/.local/lib/python3.12/site-packages/airflow/example_dags/example_dynamic_task_mapping.py
[2026-05-07T20:18:03.942+0000] {processor.py:840} INFO - DAG(s) 'example_dynamic_task_mapping' retrieved from /home/airflow/.local/lib/python3.12/site-packages/airflow/example_dags/example_dynamic_task_mapping.py
[2026-05-07T20:18:03.967+0000] {logging_mixin.py:188} INFO - [2026-05-07T20:18:03.967+0000] {dag.py:3096} INFO - Sync 1 DAGs
[2026-05-07T20:18:03.991+0000] {logging_mixin.py:188} INFO - [2026-05-07T20:18:03.990+0000] {dag.py:3954} INFO - Setting next_dagrun for example_dynamic_task_mapping to 2022-03-04 00:00:00+00:00, run_after=2022-03-05 00:00:00+00:00
[2026-05-07T20:18:04.013+0000] {processor.py:183} INFO - Processing /home/airflow/.local/lib/python3.12/site-packages/airflow/example_dags/example_dynamic_task_mapping.py took 0.092 seconds
[2026-05-07T20:18:34.734+0000] {processor.py:161} INFO - Started process (PID=273) to work on /home/airflow/.local/lib/python3.12/site-packages/airflow/example_dags/example_dynamic_task_mapping.py
[2026-05-07T20:18:34.735+0000] {processor.py:830} INFO - Processing file /home/airflow/.local/lib/python3.12/site-packages/airflow/example_dags/example_dynamic_task_mapping.py for tasks to queue
[2026-05-07T20:18:34.738+0000] {logging_mixin.py:188} INFO - [2026-05-07T20:18:34.738+0000] {dagbag.py:545} INFO - Filling up the DagBag from /home/airflow/.local/lib/python3.12/site-packages/airflow/example_dags/example_dynamic_task_mapping.py
[2026-05-07T20:18:34.750+0000] {processor.py:840} INFO - DAG(s) 'example_dynamic_task_mapping' retrieved from /home/airflow/.local/lib/python3.12/site-packages/airflow/example_dags/example_dynamic_task_mapping.py
[2026-05-07T20:18:34.775+0000] {logging_mixin.py:188} INFO - [2026-05-07T20:18:34.774+0000] {dag.py:3096} INFO - Sync 1 DAGs
[2026-05-07T20:18:34.801+0000] {logging_mixin.py:188} INFO - [2026-05-07T20:18:34.800+0000] {dag.py:3954} INFO - Setting next_dagrun for example_dynamic_task_mapping to 2022-03-04 00:00:00+00:00, run_after=2022-03-05 00:00:00+00:00
[2026-05-07T20:18:34.829+0000] {processor.py:183} INFO - Processing /home/airflow/.local/lib/python3.12/site-packages/airflow/example_dags/example_dynamic_task_mapping.py took 0.105 seconds
[2026-05-07T20:19:05.155+0000] {processor.py:161} INFO - Started process (PID=331) to work on /home/airflow/.local/lib/python3.12/site-packages/airflow/example_dags/example_dynamic_task_mapping.py
[2026-05-07T20:19:05.158+0000] {processor.py:830} INFO - Processing file /home/airflow/.local/lib/python3.12/site-packages/airflow/example_dags/example_dynamic_task_mapping.py for tasks to queue
[2026-05-07T20:19:05.161+0000] {logging_mixin.py:188} INFO - [2026-05-07T20:19:05.160+0000] {dagbag.py:545} INFO - Filling up the DagBag from /home/airflow/.local/lib/python3.12/site-packages/airflow/example_dags/example_dynamic_task_mapping.py
[2026-05-07T20:19:05.174+0000] {processor.py:840} INFO - DAG(s) 'example_dynamic_task_mapping' retrieved from /home/airflow/.local/lib/python3.12/site-packages/airflow/example_dags/example_dynamic_task_mapping.py
[2026-05-07T20:19:05.216+0000] {logging_mixin.py:188} INFO - [2026-05-07T20:19:05.216+0000] {dag.py:3096} INFO - Sync 1 DAGs
[2026-05-07T20:19:05.267+0000] {logging_mixin.py:188} INFO - [2026-05-07T20:19:05.267+0000] {dag.py:3954} INFO - Setting next_dagrun for example_dynamic_task_mapping to 2022-03-04 00:00:00+00:00, run_after=2022-03-05 00:00:00+00:00
[2026-05-07T20:19:05.298+0000] {processor.py:183} INFO - Processing /home/airflow/.local/lib/python3.12/site-packages/airflow/example_dags/example_dynamic_task_mapping.py took 0.150 seconds
[2026-05-07T20:19:35.647+0000] {processor.py:161} INFO - Started process (PID=389) to work on /home/airflow/.local/lib/python3.12/site-packages/airflow/example_dags/example_dynamic_task_mapping.py
[2026-05-07T20:19:35.649+0000] {processor.py:830} INFO - Processing file /home/airflow/.local/lib/python3.12/site-packages/airflow/example_dags/example_dynamic_task_mapping.py for tasks to queue
[2026-05-07T20:19:35.651+0000] {logging_mixin.py:188} INFO - [2026-05-07T20:19:35.651+0000] {dagbag.py:545} INFO - Filling up the DagBag from /home/airflow/.local/lib/python3.12/site-packages/airflow/example_dags/example_dynamic_task_mapping.py
[2026-05-07T20:19:35.660+0000] {processor.py:840} INFO - DAG(s) 'example_dynamic_task_mapping' retrieved from /home/airflow/.local/lib/python3.12/site-packages/airflow/example_dags/example_dynamic_task_mapping.py
[2026-05-07T20:19:35.688+0000] {logging_mixin.py:188} INFO - [2026-05-07T20:19:35.688+0000] {dag.py:3096} INFO - Sync 1 DAGs
[2026-05-07T20:19:35.714+0000] {logging_mixin.py:188} INFO - [2026-05-07T20:19:35.714+0000] {dag.py:3954} INFO - Setting next_dagrun for example_dynamic_task_mapping to 2022-03-04 00:00:00+00:00, run_after=2022-03-05 00:00:00+00:00
[2026-05-07T20:19:35.740+0000] {processor.py:183} INFO - Processing /home/airflow/.local/lib/python3.12/site-packages/airflow/example_dags/example_dynamic_task_mapping.py took 0.104 seconds
[2026-05-07T20:20:06.138+0000] {processor.py:161} INFO - Started process (PID=447) to work on /home/airflow/.local/lib/python3.12/site-packages/airflow/example_dags/example_dynamic_task_mapping.py
[2026-05-07T20:20:06.140+0000] {processor.py:830} INFO - Processing file /home/airflow/.local/lib/python3.12/site-packages/airflow/example_dags/example_dynamic_task_mapping.py for tasks to queue
[2026-05-07T20:20:06.142+0000] {logging_mixin.py:188} INFO - [2026-05-07T20:20:06.142+0000] {dagbag.py:545} INFO - Filling up the DagBag from /home/airflow/.local/lib/python3.12/site-packages/airflow/example_dags/example_dynamic_task_mapping.py
[2026-05-07T20:20:06.149+0000] {processor.py:840} INFO - DAG(s) 'example_dynamic_task_mapping' retrieved from /home/airflow/.local/lib/python3.12/site-packages/airflow/example_dags/example_dynamic_task_mapping.py
[2026-05-07T20:20:06.170+0000] {logging_mixin.py:188} INFO - [2026-05-07T20:20:06.170+0000] {dag.py:3096} INFO - Sync 1 DAGs
[2026-05-07T20:20:06.188+0000] {logging_mixin.py:188} INFO - [2026-05-07T20:20:06.188+0000] {dag.py:3954} INFO - Setting next_dagrun for example_dynamic_task_mapping to 2022-03-04 00:00:00+00:00, run_after=2022-03-05 00:00:00+00:00
[2026-05-07T20:20:06.206+0000] {processor.py:183} INFO - Processing /home/airflow/.local/lib/python3.12/site-packages/airflow/example_dags/example_dynamic_task_mapping.py took 0.074 seconds
[2026-05-07T20:20:36.638+0000] {processor.py:161} INFO - Started process (PID=505) to work on /home/airflow/.local/lib/python3.12/site-packages/airflow/example_dags/example_dynamic_task_mapping.py
[2026-05-07T20:20:36.639+0000] {processor.py:830} INFO - Processing file /home/airflow/.local/lib/python3.12/site-packages/airflow/example_dags/example_dynamic_task_mapping.py for tasks to queue
[2026-05-07T20:20:36.641+0000] {logging_mixin.py:188} INFO - [2026-05-07T20:20:36.641+0000] {dagbag.py:545} INFO - Filling up the DagBag from /home/airflow/.local/lib/python3.12/site-packages/airflow/example_dags/example_dynamic_task_mapping.py
[2026-05-07T20:20:36.649+0000] {processor.py:840} INFO - DAG(s) 'example_dynamic_task_mapping' retrieved from /home/airflow/.local/lib/python3.12/site-packages/airflow/example_dags/example_dynamic_task_mapping.py
[2026-05-07T20:20:36.668+0000] {logging_mixin.py:188} INFO - [2026-05-07T20:20:36.668+0000] {dag.py:3096} INFO - Sync 1 DAGs
[2026-05-07T20:20:36.689+0000] {logging_mixin.py:188} INFO - [2026-05-07T20:20:36.688+0000] {dag.py:3954} INFO - Setting next_dagrun for example_dynamic_task_mapping to 2022-03-04 00:00:00+00:00, run_after=2022-03-05 00:00:00+00:00
[2026-05-07T20:20:36.706+0000] {processor.py:183} INFO - Processing /home/airflow/.local/lib/python3.12/site-packages/airflow/example_dags/example_dynamic_task_mapping.py took 0.073 seconds
[2026-05-07T20:21:06.779+0000] {processor.py:161} INFO - Started process (PID=563) to work on /home/airflow/.local/lib/python3.12/site-packages/airflow/example_dags/example_dynamic_task_mapping.py
[2026-05-07T20:21:06.781+0000] {processor.py:830} INFO - Processing file /home/airflow/.local/lib/python3.12/site-packages/airflow/example_dags/example_dynamic_task_mapping.py for tasks to queue
[2026-05-07T20:21:06.783+0000] {logging_mixin.py:188} INFO - [2026-05-07T20:21:06.783+0000] {dagbag.py:545} INFO - Filling up the DagBag from /home/airflow/.local/lib/python3.12/site-packages/airflow/example_dags/example_dynamic_task_mapping.py
[2026-05-07T20:21:06.793+0000] {processor.py:840} INFO - DAG(s) 'example_dynamic_task_mapping' retrieved from /home/airflow/.local/lib/python3.12/site-packages/airflow/example_dags/example_dynamic_task_mapping.py
[2026-05-07T20:21:06.814+0000] {logging_mixin.py:188} INFO - [2026-05-07T20:21:06.814+0000] {dag.py:3096} INFO - Sync 1 DAGs
[2026-05-07T20:21:06.835+0000] {logging_mixin.py:188} INFO - [2026-05-07T20:21:06.834+0000] {dag.py:3954} INFO - Setting next_dagrun for example_dynamic_task_mapping to 2022-03-04 00:00:00+00:00, run_after=2022-03-05 00:00:00+00:00
[2026-05-07T20:21:06.856+0000] {processor.py:183} INFO - Processing /home/airflow/.local/lib/python3.12/site-packages/airflow/example_dags/example_dynamic_task_mapping.py took 0.083 seconds
[2026-05-07T20:21:37.271+0000] {processor.py:161} INFO - Started process (PID=621) to work on /home/airflow/.local/lib/python3.12/site-packages/airflow/example_dags/example_dynamic_task_mapping.py
[2026-05-07T20:21:37.273+0000] {processor.py:830} INFO - Processing file /home/airflow/.local/lib/python3.12/site-packages/airflow/example_dags/example_dynamic_task_mapping.py for tasks to queue
[2026-05-07T20:21:37.276+0000] {logging_mixin.py:188} INFO - [2026-05-07T20:21:37.275+0000] {dagbag.py:545} INFO - Filling up the DagBag from /home/airflow/.local/lib/python3.12/site-packages/airflow/example_dags/example_dynamic_task_mapping.py
[2026-05-07T20:21:37.283+0000] {processor.py:840} INFO - DAG(s) 'example_dynamic_task_mapping' retrieved from /home/airflow/.local/lib/python3.12/site-packages/airflow/example_dags/example_dynamic_task_mapping.py
[2026-05-07T20:21:37.314+0000] {logging_mixin.py:188} INFO - [2026-05-07T20:21:37.314+0000] {dag.py:3096} INFO - Sync 1 DAGs
[2026-05-07T20:21:37.398+0000] {logging_mixin.py:188} INFO - [2026-05-07T20:21:37.397+0000] {dag.py:3954} INFO - Setting next_dagrun for example_dynamic_task_mapping to 2022-03-04 00:00:00+00:00, run_after=2022-03-05 00:00:00+00:00
[2026-05-07T20:21:37.446+0000] {processor.py:183} INFO - Processing /home/airflow/.local/lib/python3.12/site-packages/airflow/example_dags/example_dynamic_task_mapping.py took 0.180 seconds
[2026-05-07T20:22:08.056+0000] {processor.py:161} INFO - Started process (PID=679) to work on /home/airflow/.local/lib/python3.12/site-packages/airflow/example_dags/example_dynamic_task_mapping.py
[2026-05-07T20:22:08.058+0000] {processor.py:830} INFO - Processing file /home/airflow/.local/lib/python3.12/site-packages/airflow/example_dags/example_dynamic_task_mapping.py for tasks to queue
[2026-05-07T20:22:08.060+0000] {logging_mixin.py:188} INFO - [2026-05-07T20:22:08.060+0000] {dagbag.py:545} INFO - Filling up the DagBag from /home/airflow/.local/lib/python3.12/site-packages/airflow/example_dags/example_dynamic_task_mapping.py
[2026-05-07T20:22:08.070+0000] {processor.py:840} INFO - DAG(s) 'example_dynamic_task_mapping' retrieved from /home/airflow/.local/lib/python3.12/site-packages/airflow/example_dags/example_dynamic_task_mapping.py
[2026-05-07T20:22:08.096+0000] {logging_mixin.py:188} INFO - [2026-05-07T20:22:08.096+0000] {dag.py:3096} INFO - Sync 1 DAGs
[2026-05-07T20:22:08.124+0000] {logging_mixin.py:188} INFO - [2026-05-07T20:22:08.123+0000] {dag.py:3954} INFO - Setting next_dagrun for example_dynamic_task_mapping to 2022-03-04 00:00:00+00:00, run_after=2022-03-05 00:00:00+00:00
[2026-05-07T20:22:08.150+0000] {processor.py:183} INFO - Processing /home/airflow/.local/lib/python3.12/site-packages/airflow/example_dags/example_dynamic_task_mapping.py took 0.100 seconds
[2026-05-07T20:22:38.663+0000] {processor.py:161} INFO - Started process (PID=738) to work on /home/airflow/.local/lib/python3.12/site-packages/airflow/example_dags/example_dynamic_task_mapping.py
[2026-05-07T20:22:38.664+0000] {processor.py:830} INFO - Processing file /home/airflow/.local/lib/python3.12/site-packages/airflow/example_dags/example_dynamic_task_mapping.py for tasks to queue
[2026-05-07T20:22:38.670+0000] {logging_mixin.py:188} INFO - [2026-05-07T20:22:38.670+0000] {dagbag.py:545} INFO - Filling up the DagBag from /home/airflow/.local/lib/python3.12/site-packages/airflow/example_dags/example_dynamic_task_mapping.py
[2026-05-07T20:22:38.686+0000] {processor.py:840} INFO - DAG(s) 'example_dynamic_task_mapping' retrieved from /home/airflow/.local/lib/python3.12/site-packages/airflow/example_dags/example_dynamic_task_mapping.py
[2026-05-07T20:22:38.713+0000] {logging_mixin.py:188} INFO - [2026-05-07T20:22:38.712+0000] {dag.py:3096} INFO - Sync 1 DAGs
[2026-05-07T20:22:38.753+0000] {logging_mixin.py:188} INFO - [2026-05-07T20:22:38.753+0000] {dag.py:3954} INFO - Setting next_dagrun for example_dynamic_task_mapping to 2022-03-04 00:00:00+00:00, run_after=2022-03-05 00:00:00+00:00
[2026-05-07T20:22:38.792+0000] {processor.py:183} INFO - Processing /home/airflow/.local/lib/python3.12/site-packages/airflow/example_dags/example_dynamic_task_mapping.py took 0.142 seconds
[2026-05-07T20:23:09.209+0000] {processor.py:161} INFO - Started process (PID=796) to work on /home/airflow/.local/lib/python3.12/site-packages/airflow/example_dags/example_dynamic_task_mapping.py
[2026-05-07T20:23:09.211+0000] {processor.py:830} INFO - Processing file /home/airflow/.local/lib/python3.12/site-packages/airflow/example_dags/example_dynamic_task_mapping.py for tasks to queue
[2026-05-07T20:23:09.214+0000] {logging_mixin.py:188} INFO - [2026-05-07T20:23:09.214+0000] {dagbag.py:545} INFO - Filling up the DagBag from /home/airflow/.local/lib/python3.12/site-packages/airflow/example_dags/example_dynamic_task_mapping.py
[2026-05-07T20:23:09.225+0000] {processor.py:840} INFO - DAG(s) 'example_dynamic_task_mapping' retrieved from /home/airflow/.local/lib/python3.12/site-packages/airflow/example_dags/example_dynamic_task_mapping.py
[2026-05-07T20:23:09.253+0000] {logging_mixin.py:188} INFO - [2026-05-07T20:23:09.253+0000] {dag.py:3096} INFO - Sync 1 DAGs
[2026-05-07T20:23:09.296+0000] {logging_mixin.py:188} INFO - [2026-05-07T20:23:09.296+0000] {dag.py:3954} INFO - Setting next_dagrun for example_dynamic_task_mapping to 2022-03-04 00:00:00+00:00, run_after=2022-03-05 00:00:00+00:00
[2026-05-07T20:23:09.338+0000] {processor.py:183} INFO - Processing /home/airflow/.local/lib/python3.12/site-packages/airflow/example_dags/example_dynamic_task_mapping.py took 0.137 seconds
[2026-05-07T20:23:39.600+0000] {processor.py:161} INFO - Started process (PID=855) to work on /home/airflow/.local/lib/python3.12/site-packages/airflow/example_dags/example_dynamic_task_mapping.py
[2026-05-07T20:23:39.601+0000] {processor.py:830} INFO - Processing file /home/airflow/.local/lib/python3.12/site-packages/airflow/example_dags/example_dynamic_task_mapping.py for tasks to queue
[2026-05-07T20:23:39.603+0000] {logging_mixin.py:188} INFO - [2026-05-07T20:23:39.603+0000] {dagbag.py:545} INFO - Filling up the DagBag from /home/airflow/.local/lib/python3.12/site-packages/airflow/example_dags/example_dynamic_task_mapping.py
[2026-05-07T20:23:39.611+0000] {processor.py:840} INFO - DAG(s) 'example_dynamic_task_mapping' retrieved from /home/airflow/.local/lib/python3.12/site-packages/airflow/example_dags/example_dynamic_task_mapping.py
[2026-05-07T20:23:39.635+0000] {logging_mixin.py:188} INFO - [2026-05-07T20:23:39.635+0000] {dag.py:3096} INFO - Sync 1 DAGs
[2026-05-07T20:23:39.657+0000] {logging_mixin.py:188} INFO - [2026-05-07T20:23:39.657+0000] {dag.py:3954} INFO - Setting next_dagrun for example_dynamic_task_mapping to 2022-03-04 00:00:00+00:00, run_after=2022-03-05 00:00:00+00:00
[2026-05-07T20:23:39.681+0000] {processor.py:183} INFO - Processing /home/airflow/.local/lib/python3.12/site-packages/airflow/example_dags/example_dynamic_task_mapping.py took 0.088 seconds
[2026-05-07T20:24:10.023+0000] {processor.py:161} INFO - Started process (PID=913) to work on /home/airflow/.local/lib/python3.12/site-packages/airflow/example_dags/example_dynamic_task_mapping.py
[2026-05-07T20:24:10.025+0000] {processor.py:830} INFO - Processing file /home/airflow/.local/lib/python3.12/site-packages/airflow/example_dags/example_dynamic_task_mapping.py for tasks to queue
[2026-05-07T20:24:10.028+0000] {logging_mixin.py:188} INFO - [2026-05-07T20:24:10.027+0000] {dagbag.py:545} INFO - Filling up the DagBag from /home/airflow/.local/lib/python3.12/site-packages/airflow/example_dags/example_dynamic_task_mapping.py
[2026-05-07T20:24:10.037+0000] {processor.py:840} INFO - DAG(s) 'example_dynamic_task_mapping' retrieved from /home/airflow/.local/lib/python3.12/site-packages/airflow/example_dags/example_dynamic_task_mapping.py
[2026-05-07T20:24:10.057+0000] {logging_mixin.py:188} INFO - [2026-05-07T20:24:10.057+0000] {dag.py:3096} INFO - Sync 1 DAGs
[2026-05-07T20:24:10.079+0000] {logging_mixin.py:188} INFO - [2026-05-07T20:24:10.079+0000] {dag.py:3954} INFO - Setting next_dagrun for example_dynamic_task_mapping to 2022-03-04 00:00:00+00:00, run_after=2022-03-05 00:00:00+00:00
[2026-05-07T20:24:10.103+0000] {processor.py:183} INFO - Processing /home/airflow/.local/lib/python3.12/site-packages/airflow/example_dags/example_dynamic_task_mapping.py took 0.086 seconds
[2026-05-07T20:24:40.559+0000] {processor.py:161} INFO - Started process (PID=971) to work on /home/airflow/.local/lib/python3.12/site-packages/airflow/example_dags/example_dynamic_task_mapping.py
[2026-05-07T20:24:40.560+0000] {processor.py:830} INFO - Processing file /home/airflow/.local/lib/python3.12/site-packages/airflow/example_dags/example_dynamic_task_mapping.py for tasks to queue
[2026-05-07T20:24:40.562+0000] {logging_mixin.py:188} INFO - [2026-05-07T20:24:40.562+0000] {dagbag.py:545} INFO - Filling up the DagBag from /home/airflow/.local/lib/python3.12/site-packages/airflow/example_dags/example_dynamic_task_mapping.py
[2026-05-07T20:24:40.569+0000] {processor.py:840} INFO - DAG(s) 'example_dynamic_task_mapping' retrieved from /home/airflow/.local/lib/python3.12/site-packages/airflow/example_dags/example_dynamic_task_mapping.py
[2026-05-07T20:24:40.590+0000] {logging_mixin.py:188} INFO - [2026-05-07T20:24:40.590+0000] {dag.py:3096} INFO - Sync 1 DAGs
[2026-05-07T20:24:40.612+0000] {logging_mixin.py:188} INFO - [2026-05-07T20:24:40.611+0000] {dag.py:3954} INFO - Setting next_dagrun for example_dynamic_task_mapping to 2022-03-04 00:00:00+00:00, run_after=2022-03-05 00:00:00+00:00
[2026-05-07T20:24:40.632+0000] {processor.py:183} INFO - Processing /home/airflow/.local/lib/python3.12/site-packages/airflow/example_dags/example_dynamic_task_mapping.py took 0.079 seconds
[2026-05-07T20:25:11.025+0000] {processor.py:161} INFO - Started process (PID=1029) to work on /home/airflow/.local/lib/python3.12/site-packages/airflow/example_dags/example_dynamic_task_mapping.py
[2026-05-07T20:25:11.027+0000] {processor.py:830} INFO - Processing file /home/airflow/.local/lib/python3.12/site-packages/airflow/example_dags/example_dynamic_task_mapping.py for tasks to queue
[2026-05-07T20:25:11.030+0000] {logging_mixin.py:188} INFO - [2026-05-07T20:25:11.030+0000] {dagbag.py:545} INFO - Filling up the DagBag from /home/airflow/.local/lib/python3.12/site-packages/airflow/example_dags/example_dynamic_task_mapping.py
[2026-05-07T20:25:11.037+0000] {processor.py:840} INFO - DAG(s) 'example_dynamic_task_mapping' retrieved from /home/airflow/.local/lib/python3.12/site-packages/airflow/example_dags/example_dynamic_task_mapping.py
[2026-05-07T20:25:11.058+0000] {logging_mixin.py:188} INFO - [2026-05-07T20:25:11.058+0000] {dag.py:3096} INFO - Sync 1 DAGs
[2026-05-07T20:25:11.079+0000] {logging_mixin.py:188} INFO - [2026-05-07T20:25:11.079+0000] {dag.py:3954} INFO - Setting next_dagrun for example_dynamic_task_mapping to 2022-03-04 00:00:00+00:00, run_after=2022-03-05 00:00:00+00:00
[2026-05-07T20:25:11.099+0000] {processor.py:183} INFO - Processing /home/airflow/.local/lib/python3.12/site-packages/airflow/example_dags/example_dynamic_task_mapping.py took 0.080 seconds
[2026-05-07T20:25:41.404+0000] {processor.py:161} INFO - Started process (PID=1087) to work on /home/airflow/.local/lib/python3.12/site-packages/airflow/example_dags/example_dynamic_task_mapping.py
[2026-05-07T20:25:41.405+0000] {processor.py:830} INFO - Processing file /home/airflow/.local/lib/python3.12/site-packages/airflow/example_dags/example_dynamic_task_mapping.py for tasks to queue
[2026-05-07T20:25:41.408+0000] {logging_mixin.py:188} INFO - [2026-05-07T20:25:41.408+0000] {dagbag.py:545} INFO - Filling up the DagBag from /home/airflow/.local/lib/python3.12/site-packages/airflow/example_dags/example_dynamic_task_mapping.py
[2026-05-07T20:25:41.421+0000] {processor.py:840} INFO - DAG(s) 'example_dynamic_task_mapping' retrieved from /home/airflow/.local/lib/python3.12/site-packages/airflow/example_dags/example_dynamic_task_mapping.py
[2026-05-07T20:25:41.451+0000] {logging_mixin.py:188} INFO - [2026-05-07T20:25:41.450+0000] {dag.py:3096} INFO - Sync 1 DAGs
[2026-05-07T20:25:41.482+0000] {logging_mixin.py:188} INFO - [2026-05-07T20:25:41.481+0000] {dag.py:3954} INFO - Setting next_dagrun for example_dynamic_task_mapping to 2022-03-04 00:00:00+00:00, run_after=2022-03-05 00:00:00+00:00
[2026-05-07T20:25:41.511+0000] {processor.py:183} INFO - Processing /home/airflow/.local/lib/python3.12/site-packages/airflow/example_dags/example_dynamic_task_mapping.py took 0.117 seconds
[2026-05-07T20:26:12.199+0000] {processor.py:161} INFO - Started process (PID=1145) to work on /home/airflow/.local/lib/python3.12/site-packages/airflow/example_dags/example_dynamic_task_mapping.py
[2026-05-07T20:26:12.201+0000] {processor.py:830} INFO - Processing file /home/airflow/.local/lib/python3.12/site-packages/airflow/example_dags/example_dynamic_task_mapping.py for tasks to queue
[2026-05-07T20:26:12.206+0000] {logging_mixin.py:188} INFO - [2026-05-07T20:26:12.205+0000] {dagbag.py:545} INFO - Filling up the DagBag from /home/airflow/.local/lib/python3.12/site-packages/airflow/example_dags/example_dynamic_task_mapping.py
[2026-05-07T20:26:12.223+0000] {processor.py:840} INFO - DAG(s) 'example_dynamic_task_mapping' retrieved from /home/airflow/.local/lib/python3.12/site-packages/airflow/example_dags/example_dynamic_task_mapping.py
[2026-05-07T20:26:12.266+0000] {logging_mixin.py:188} INFO - [2026-05-07T20:26:12.265+0000] {dag.py:3096} INFO - Sync 1 DAGs
[2026-05-07T20:26:12.309+0000] {logging_mixin.py:188} INFO - [2026-05-07T20:26:12.308+0000] {dag.py:3954} INFO - Setting next_dagrun for example_dynamic_task_mapping to 2022-03-04 00:00:00+00:00, run_after=2022-03-05 00:00:00+00:00
[2026-05-07T20:26:12.358+0000] {processor.py:183} INFO - Processing /home/airflow/.local/lib/python3.12/site-packages/airflow/example_dags/example_dynamic_task_mapping.py took 0.171 seconds
[2026-05-07T20:26:42.643+0000] {processor.py:161} INFO - Started process (PID=1204) to work on /home/airflow/.local/lib/python3.12/site-packages/airflow/example_dags/example_dynamic_task_mapping.py
[2026-05-07T20:26:42.645+0000] {processor.py:830} INFO - Processing file /home/airflow/.local/lib/python3.12/site-packages/airflow/example_dags/example_dynamic_task_mapping.py for tasks to queue
[2026-05-07T20:26:42.647+0000] {logging_mixin.py:188} INFO - [2026-05-07T20:26:42.646+0000] {dagbag.py:545} INFO - Filling up the DagBag from /home/airflow/.local/lib/python3.12/site-packages/airflow/example_dags/example_dynamic_task_mapping.py
[2026-05-07T20:26:42.653+0000] {processor.py:840} INFO - DAG(s) 'example_dynamic_task_mapping' retrieved from /home/airflow/.local/lib/python3.12/site-packages/airflow/example_dags/example_dynamic_task_mapping.py
[2026-05-07T20:26:42.678+0000] {logging_mixin.py:188} INFO - [2026-05-07T20:26:42.677+0000] {dag.py:3096} INFO - Sync 1 DAGs
[2026-05-07T20:26:42.699+0000] {logging_mixin.py:188} INFO - [2026-05-07T20:26:42.699+0000] {dag.py:3954} INFO - Setting next_dagrun for example_dynamic_task_mapping to 2022-03-04 00:00:00+00:00, run_after=2022-03-05 00:00:00+00:00
[2026-05-07T20:26:42.723+0000] {processor.py:183} INFO - Processing /home/airflow/.local/lib/python3.12/site-packages/airflow/example_dags/example_dynamic_task_mapping.py took 0.085 seconds
[2026-05-07T20:27:13.975+0000] {processor.py:161} INFO - Started process (PID=1261) to work on /home/airflow/.local/lib/python3.12/site-packages/airflow/example_dags/example_dynamic_task_mapping.py
[2026-05-07T20:27:13.977+0000] {processor.py:830} INFO - Processing file /home/airflow/.local/lib/python3.12/site-packages/airflow/example_dags/example_dynamic_task_mapping.py for tasks to queue
[2026-05-07T20:27:13.981+0000] {logging_mixin.py:188} INFO - [2026-05-07T20:27:13.980+0000] {dagbag.py:545} INFO - Filling up the DagBag from /home/airflow/.local/lib/python3.12/site-packages/airflow/example_dags/example_dynamic_task_mapping.py
[2026-05-07T20:27:13.991+0000] {processor.py:840} INFO - DAG(s) 'example_dynamic_task_mapping' retrieved from /home/airflow/.local/lib/python3.12/site-packages/airflow/example_dags/example_dynamic_task_mapping.py
[2026-05-07T20:27:14.018+0000] {logging_mixin.py:188} INFO - [2026-05-07T20:27:14.018+0000] {dag.py:3096} INFO - Sync 1 DAGs
[2026-05-07T20:27:14.050+0000] {logging_mixin.py:188} INFO - [2026-05-07T20:27:14.049+0000] {dag.py:3954} INFO - Setting next_dagrun for example_dynamic_task_mapping to 2022-03-04 00:00:00+00:00, run_after=2022-03-05 00:00:00+00:00
[2026-05-07T20:27:14.079+0000] {processor.py:183} INFO - Processing /home/airflow/.local/lib/python3.12/site-packages/airflow/example_dags/example_dynamic_task_mapping.py took 0.112 seconds
[2026-05-07T20:27:45.049+0000] {processor.py:161} INFO - Started process (PID=1318) to work on /home/airflow/.local/lib/python3.12/site-packages/airflow/example_dags/example_dynamic_task_mapping.py
[2026-05-07T20:27:45.051+0000] {processor.py:830} INFO - Processing file /home/airflow/.local/lib/python3.12/site-packages/airflow/example_dags/example_dynamic_task_mapping.py for tasks to queue
[2026-05-07T20:27:45.053+0000] {logging_mixin.py:188} INFO - [2026-05-07T20:27:45.053+0000] {dagbag.py:545} INFO - Filling up the DagBag from /home/airflow/.local/lib/python3.12/site-packages/airflow/example_dags/example_dynamic_task_mapping.py
[2026-05-07T20:27:45.060+0000] {processor.py:840} INFO - DAG(s) 'example_dynamic_task_mapping' retrieved from /home/airflow/.local/lib/python3.12/site-packages/airflow/example_dags/example_dynamic_task_mapping.py
[2026-05-07T20:27:45.084+0000] {logging_mixin.py:188} INFO - [2026-05-07T20:27:45.084+0000] {dag.py:3096} INFO - Sync 1 DAGs
[2026-05-07T20:27:45.105+0000] {logging_mixin.py:188} INFO - [2026-05-07T20:27:45.104+0000] {dag.py:3954} INFO - Setting next_dagrun for example_dynamic_task_mapping to 2022-03-04 00:00:00+00:00, run_after=2022-03-05 00:00:00+00:00
[2026-05-07T20:27:45.128+0000] {processor.py:183} INFO - Processing /home/airflow/.local/lib/python3.12/site-packages/airflow/example_dags/example_dynamic_task_mapping.py took 0.084 seconds
[2026-05-07T20:28:15.212+0000] {processor.py:161} INFO - Started process (PID=1376) to work on /home/airflow/.local/lib/python3.12/site-packages/airflow/example_dags/example_dynamic_task_mapping.py
[2026-05-07T20:28:15.213+0000] {processor.py:830} INFO - Processing file /home/airflow/.local/lib/python3.12/site-packages/airflow/example_dags/example_dynamic_task_mapping.py for tasks to queue
[2026-05-07T20:28:15.215+0000] {logging_mixin.py:188} INFO - [2026-05-07T20:28:15.215+0000] {dagbag.py:545} INFO - Filling up the DagBag from /home/airflow/.local/lib/python3.12/site-packages/airflow/example_dags/example_dynamic_task_mapping.py
[2026-05-07T20:28:15.223+0000] {processor.py:840} INFO - DAG(s) 'example_dynamic_task_mapping' retrieved from /home/airflow/.local/lib/python3.12/site-packages/airflow/example_dags/example_dynamic_task_mapping.py
[2026-05-07T20:28:15.244+0000] {logging_mixin.py:188} INFO - [2026-05-07T20:28:15.244+0000] {dag.py:3096} INFO - Sync 1 DAGs
[2026-05-07T20:28:15.264+0000] {logging_mixin.py:188} INFO - [2026-05-07T20:28:15.264+0000] {dag.py:3954} INFO - Setting next_dagrun for example_dynamic_task_mapping to 2022-03-04 00:00:00+00:00, run_after=2022-03-05 00:00:00+00:00
[2026-05-07T20:28:15.285+0000] {processor.py:183} INFO - Processing /home/airflow/.local/lib/python3.12/site-packages/airflow/example_dags/example_dynamic_task_mapping.py took 0.080 seconds
[2026-05-07T20:28:45.545+0000] {processor.py:161} INFO - Started process (PID=1434) to work on /home/airflow/.local/lib/python3.12/site-packages/airflow/example_dags/example_dynamic_task_mapping.py
[2026-05-07T20:28:45.547+0000] {processor.py:830} INFO - Processing file /home/airflow/.local/lib/python3.12/site-packages/airflow/example_dags/example_dynamic_task_mapping.py for tasks to queue
[2026-05-07T20:28:45.550+0000] {logging_mixin.py:188} INFO - [2026-05-07T20:28:45.549+0000] {dagbag.py:545} INFO - Filling up the DagBag from /home/airflow/.local/lib/python3.12/site-packages/airflow/example_dags/example_dynamic_task_mapping.py
[2026-05-07T20:28:45.557+0000] {processor.py:840} INFO - DAG(s) 'example_dynamic_task_mapping' retrieved from /home/airflow/.local/lib/python3.12/site-packages/airflow/example_dags/example_dynamic_task_mapping.py
[2026-05-07T20:28:45.578+0000] {logging_mixin.py:188} INFO - [2026-05-07T20:28:45.577+0000] {dag.py:3096} INFO - Sync 1 DAGs
[2026-05-07T20:28:45.600+0000] {logging_mixin.py:188} INFO - [2026-05-07T20:28:45.599+0000] {dag.py:3954} INFO - Setting next_dagrun for example_dynamic_task_mapping to 2022-03-04 00:00:00+00:00, run_after=2022-03-05 00:00:00+00:00
[2026-05-07T20:28:45.623+0000] {processor.py:183} INFO - Processing /home/airflow/.local/lib/python3.12/site-packages/airflow/example_dags/example_dynamic_task_mapping.py took 0.083 seconds
[2026-05-07T20:29:16.204+0000] {processor.py:161} INFO - Started process (PID=1492) to work on /home/airflow/.local/lib/python3.12/site-packages/airflow/example_dags/example_dynamic_task_mapping.py
[2026-05-07T20:29:16.206+0000] {processor.py:830} INFO - Processing file /home/airflow/.local/lib/python3.12/site-packages/airflow/example_dags/example_dynamic_task_mapping.py for tasks to queue
[2026-05-07T20:29:16.208+0000] {logging_mixin.py:188} INFO - [2026-05-07T20:29:16.208+0000] {dagbag.py:545} INFO - Filling up the DagBag from /home/airflow/.local/lib/python3.12/site-packages/airflow/example_dags/example_dynamic_task_mapping.py
[2026-05-07T20:29:16.216+0000] {processor.py:840} INFO - DAG(s) 'example_dynamic_task_mapping' retrieved from /home/airflow/.local/lib/python3.12/site-packages/airflow/example_dags/example_dynamic_task_mapping.py
[2026-05-07T20:29:16.237+0000] {logging_mixin.py:188} INFO - [2026-05-07T20:29:16.237+0000] {dag.py:3096} INFO - Sync 1 DAGs
[2026-05-07T20:29:16.259+0000] {logging_mixin.py:188} INFO - [2026-05-07T20:29:16.258+0000] {dag.py:3954} INFO - Setting next_dagrun for example_dynamic_task_mapping to 2022-03-04 00:00:00+00:00, run_after=2022-03-05 00:00:00+00:00
[2026-05-07T20:29:16.282+0000] {processor.py:183} INFO - Processing /home/airflow/.local/lib/python3.12/site-packages/airflow/example_dags/example_dynamic_task_mapping.py took 0.084 seconds
[2026-05-07T20:29:46.854+0000] {processor.py:161} INFO - Started process (PID=1550) to work on /home/airflow/.local/lib/python3.12/site-packages/airflow/example_dags/example_dynamic_task_mapping.py
[2026-05-07T20:29:46.856+0000] {processor.py:830} INFO - Processing file /home/airflow/.local/lib/python3.12/site-packages/airflow/example_dags/example_dynamic_task_mapping.py for tasks to queue
[2026-05-07T20:29:46.859+0000] {logging_mixin.py:188} INFO - [2026-05-07T20:29:46.858+0000] {dagbag.py:545} INFO - Filling up the DagBag from /home/airflow/.local/lib/python3.12/site-packages/airflow/example_dags/example_dynamic_task_mapping.py
[2026-05-07T20:29:46.867+0000] {processor.py:840} INFO - DAG(s) 'example_dynamic_task_mapping' retrieved from /home/airflow/.local/lib/python3.12/site-packages/airflow/example_dags/example_dynamic_task_mapping.py
[2026-05-07T20:29:46.894+0000] {logging_mixin.py:188} INFO - [2026-05-07T20:29:46.894+0000] {dag.py:3096} INFO - Sync 1 DAGs
[2026-05-07T20:29:46.928+0000] {logging_mixin.py:188} INFO - [2026-05-07T20:29:46.928+0000] {dag.py:3954} INFO - Setting next_dagrun for example_dynamic_task_mapping to 2022-03-04 00:00:00+00:00, run_after=2022-03-05 00:00:00+00:00
[2026-05-07T20:29:46.967+0000] {processor.py:183} INFO - Processing /home/airflow/.local/lib/python3.12/site-packages/airflow/example_dags/example_dynamic_task_mapping.py took 0.120 seconds
[2026-05-07T20:30:18.480+0000] {processor.py:161} INFO - Started process (PID=1608) to work on /home/airflow/.local/lib/python3.12/site-packages/airflow/example_dags/example_dynamic_task_mapping.py
[2026-05-07T20:30:18.482+0000] {processor.py:830} INFO - Processing file /home/airflow/.local/lib/python3.12/site-packages/airflow/example_dags/example_dynamic_task_mapping.py for tasks to queue
[2026-05-07T20:30:18.485+0000] {logging_mixin.py:188} INFO - [2026-05-07T20:30:18.485+0000] {dagbag.py:545} INFO - Filling up the DagBag from /home/airflow/.local/lib/python3.12/site-packages/airflow/example_dags/example_dynamic_task_mapping.py
[2026-05-07T20:30:18.494+0000] {processor.py:840} INFO - DAG(s) 'example_dynamic_task_mapping' retrieved from /home/airflow/.local/lib/python3.12/site-packages/airflow/example_dags/example_dynamic_task_mapping.py
[2026-05-07T20:30:18.519+0000] {logging_mixin.py:188} INFO - [2026-05-07T20:30:18.518+0000] {dag.py:3096} INFO - Sync 1 DAGs
[2026-05-07T20:30:18.548+0000] {logging_mixin.py:188} INFO - [2026-05-07T20:30:18.548+0000] {dag.py:3954} INFO - Setting next_dagrun for example_dynamic_task_mapping to 2022-03-04 00:00:00+00:00, run_after=2022-03-05 00:00:00+00:00
[2026-05-07T20:30:18.759+0000] {processor.py:183} INFO - Processing /home/airflow/.local/lib/python3.12/site-packages/airflow/example_dags/example_dynamic_task_mapping.py took 0.288 seconds
[2026-05-07T20:30:49.203+0000] {processor.py:161} INFO - Started process (PID=1666) to work on /home/airflow/.local/lib/python3.12/site-packages/airflow/example_dags/example_dynamic_task_mapping.py
[2026-05-07T20:30:49.204+0000] {processor.py:830} INFO - Processing file /home/airflow/.local/lib/python3.12/site-packages/airflow/example_dags/example_dynamic_task_mapping.py for tasks to queue
[2026-05-07T20:30:49.206+0000] {logging_mixin.py:188} INFO - [2026-05-07T20:30:49.206+0000] {dagbag.py:545} INFO - Filling up the DagBag from /home/airflow/.local/lib/python3.12/site-packages/airflow/example_dags/example_dynamic_task_mapping.py
[2026-05-07T20:30:49.214+0000] {processor.py:840} INFO - DAG(s) 'example_dynamic_task_mapping' retrieved from /home/airflow/.local/lib/python3.12/site-packages/airflow/example_dags/example_dynamic_task_mapping.py
[2026-05-07T20:30:49.233+0000] {logging_mixin.py:188} INFO - [2026-05-07T20:30:49.233+0000] {dag.py:3096} INFO - Sync 1 DAGs
[2026-05-07T20:30:49.253+0000] {logging_mixin.py:188} INFO - [2026-05-07T20:30:49.253+0000] {dag.py:3954} INFO - Setting next_dagrun for example_dynamic_task_mapping to 2022-03-04 00:00:00+00:00, run_after=2022-03-05 00:00:00+00:00
[2026-05-07T20:30:49.275+0000] {processor.py:183} INFO - Processing /home/airflow/.local/lib/python3.12/site-packages/airflow/example_dags/example_dynamic_task_mapping.py took 0.078 seconds
[2026-05-07T20:31:20.589+0000] {processor.py:161} INFO - Started process (PID=1724) to work on /home/airflow/.local/lib/python3.12/site-packages/airflow/example_dags/example_dynamic_task_mapping.py
[2026-05-07T20:31:20.591+0000] {processor.py:830} INFO - Processing file /home/airflow/.local/lib/python3.12/site-packages/airflow/example_dags/example_dynamic_task_mapping.py for tasks to queue
[2026-05-07T20:31:20.593+0000] {logging_mixin.py:188} INFO - [2026-05-07T20:31:20.592+0000] {dagbag.py:545} INFO - Filling up the DagBag from /home/airflow/.local/lib/python3.12/site-packages/airflow/example_dags/example_dynamic_task_mapping.py
[2026-05-07T20:31:20.599+0000] {processor.py:840} INFO - DAG(s) 'example_dynamic_task_mapping' retrieved from /home/airflow/.local/lib/python3.12/site-packages/airflow/example_dags/example_dynamic_task_mapping.py
[2026-05-07T20:31:20.619+0000] {logging_mixin.py:188} INFO - [2026-05-07T20:31:20.619+0000] {dag.py:3096} INFO - Sync 1 DAGs
[2026-05-07T20:31:20.638+0000] {logging_mixin.py:188} INFO - [2026-05-07T20:31:20.638+0000] {dag.py:3954} INFO - Setting next_dagrun for example_dynamic_task_mapping to 2022-03-04 00:00:00+00:00, run_after=2022-03-05 00:00:00+00:00
[2026-05-07T20:31:20.731+0000] {processor.py:183} INFO - Processing /home/airflow/.local/lib/python3.12/site-packages/airflow/example_dags/example_dynamic_task_mapping.py took 0.147 seconds
[2026-05-07T20:31:50.811+0000] {processor.py:161} INFO - Started process (PID=1783) to work on /home/airflow/.local/lib/python3.12/site-packages/airflow/example_dags/example_dynamic_task_mapping.py
[2026-05-07T20:31:50.812+0000] {processor.py:830} INFO - Processing file /home/airflow/.local/lib/python3.12/site-packages/airflow/example_dags/example_dynamic_task_mapping.py for tasks to queue
[2026-05-07T20:31:50.814+0000] {logging_mixin.py:188} INFO - [2026-05-07T20:31:50.814+0000] {dagbag.py:545} INFO - Filling up the DagBag from /home/airflow/.local/lib/python3.12/site-packages/airflow/example_dags/example_dynamic_task_mapping.py
[2026-05-07T20:31:50.822+0000] {processor.py:840} INFO - DAG(s) 'example_dynamic_task_mapping' retrieved from /home/airflow/.local/lib/python3.12/site-packages/airflow/example_dags/example_dynamic_task_mapping.py
[2026-05-07T20:31:50.841+0000] {logging_mixin.py:188} INFO - [2026-05-07T20:31:50.841+0000] {dag.py:3096} INFO - Sync 1 DAGs
[2026-05-07T20:31:50.863+0000] {logging_mixin.py:188} INFO - [2026-05-07T20:31:50.863+0000] {dag.py:3954} INFO - Setting next_dagrun for example_dynamic_task_mapping to 2022-03-04 00:00:00+00:00, run_after=2022-03-05 00:00:00+00:00
[2026-05-07T20:31:50.884+0000] {processor.py:183} INFO - Processing /home/airflow/.local/lib/python3.12/site-packages/airflow/example_dags/example_dynamic_task_mapping.py took 0.080 seconds
[2026-05-07T20:32:22.134+0000] {processor.py:161} INFO - Started process (PID=1841) to work on /home/airflow/.local/lib/python3.12/site-packages/airflow/example_dags/example_dynamic_task_mapping.py
[2026-05-07T20:32:22.135+0000] {processor.py:830} INFO - Processing file /home/airflow/.local/lib/python3.12/site-packages/airflow/example_dags/example_dynamic_task_mapping.py for tasks to queue
[2026-05-07T20:32:22.138+0000] {logging_mixin.py:188} INFO - [2026-05-07T20:32:22.138+0000] {dagbag.py:545} INFO - Filling up the DagBag from /home/airflow/.local/lib/python3.12/site-packages/airflow/example_dags/example_dynamic_task_mapping.py
[2026-05-07T20:32:22.283+0000] {processor.py:840} INFO - DAG(s) 'example_dynamic_task_mapping' retrieved from /home/airflow/.local/lib/python3.12/site-packages/airflow/example_dags/example_dynamic_task_mapping.py
[2026-05-07T20:32:22.297+0000] {logging_mixin.py:188} INFO - [2026-05-07T20:32:22.297+0000] {dag.py:3096} INFO - Sync 1 DAGs
[2026-05-07T20:32:22.312+0000] {logging_mixin.py:188} INFO - [2026-05-07T20:32:22.312+0000] {dag.py:3954} INFO - Setting next_dagrun for example_dynamic_task_mapping to 2022-03-04 00:00:00+00:00, run_after=2022-03-05 00:00:00+00:00
[2026-05-07T20:32:22.400+0000] {processor.py:183} INFO - Processing /home/airflow/.local/lib/python3.12/site-packages/airflow/example_dags/example_dynamic_task_mapping.py took 0.275 seconds
[2026-05-07T20:32:53.149+0000] {processor.py:161} INFO - Started process (PID=1899) to work on /home/airflow/.local/lib/python3.12/site-packages/airflow/example_dags/example_dynamic_task_mapping.py
[2026-05-07T20:32:53.150+0000] {processor.py:830} INFO - Processing file /home/airflow/.local/lib/python3.12/site-packages/airflow/example_dags/example_dynamic_task_mapping.py for tasks to queue
[2026-05-07T20:32:53.152+0000] {logging_mixin.py:188} INFO - [2026-05-07T20:32:53.152+0000] {dagbag.py:545} INFO - Filling up the DagBag from /home/airflow/.local/lib/python3.12/site-packages/airflow/example_dags/example_dynamic_task_mapping.py
[2026-05-07T20:32:53.159+0000] {processor.py:840} INFO - DAG(s) 'example_dynamic_task_mapping' retrieved from /home/airflow/.local/lib/python3.12/site-packages/airflow/example_dags/example_dynamic_task_mapping.py
[2026-05-07T20:32:53.177+0000] {logging_mixin.py:188} INFO - [2026-05-07T20:32:53.177+0000] {dag.py:3096} INFO - Sync 1 DAGs
[2026-05-07T20:32:53.196+0000] {logging_mixin.py:188} INFO - [2026-05-07T20:32:53.196+0000] {dag.py:3954} INFO - Setting next_dagrun for example_dynamic_task_mapping to 2022-03-04 00:00:00+00:00, run_after=2022-03-05 00:00:00+00:00
[2026-05-07T20:32:53.215+0000] {processor.py:183} INFO - Processing /home/airflow/.local/lib/python3.12/site-packages/airflow/example_dags/example_dynamic_task_mapping.py took 0.072 seconds
[2026-05-07T20:33:24.009+0000] {processor.py:161} INFO - Started process (PID=1957) to work on /home/airflow/.local/lib/python3.12/site-packages/airflow/example_dags/example_dynamic_task_mapping.py
[2026-05-07T20:33:24.010+0000] {processor.py:830} INFO - Processing file /home/airflow/.local/lib/python3.12/site-packages/airflow/example_dags/example_dynamic_task_mapping.py for tasks to queue
[2026-05-07T20:33:24.012+0000] {logging_mixin.py:188} INFO - [2026-05-07T20:33:24.012+0000] {dagbag.py:545} INFO - Filling up the DagBag from /home/airflow/.local/lib/python3.12/site-packages/airflow/example_dags/example_dynamic_task_mapping.py
[2026-05-07T20:33:24.020+0000] {processor.py:840} INFO - DAG(s) 'example_dynamic_task_mapping' retrieved from /home/airflow/.local/lib/python3.12/site-packages/airflow/example_dags/example_dynamic_task_mapping.py
[2026-05-07T20:33:24.043+0000] {logging_mixin.py:188} INFO - [2026-05-07T20:33:24.042+0000] {dag.py:3096} INFO - Sync 1 DAGs
[2026-05-07T20:33:24.065+0000] {logging_mixin.py:188} INFO - [2026-05-07T20:33:24.065+0000] {dag.py:3954} INFO - Setting next_dagrun for example_dynamic_task_mapping to 2022-03-04 00:00:00+00:00, run_after=2022-03-05 00:00:00+00:00
[2026-05-07T20:33:24.086+0000] {processor.py:183} INFO - Processing /home/airflow/.local/lib/python3.12/site-packages/airflow/example_dags/example_dynamic_task_mapping.py took 0.084 seconds
[2026-05-07T20:33:55.017+0000] {processor.py:161} INFO - Started process (PID=2015) to work on /home/airflow/.local/lib/python3.12/site-packages/airflow/example_dags/example_dynamic_task_mapping.py
[2026-05-07T20:33:55.019+0000] {processor.py:830} INFO - Processing file /home/airflow/.local/lib/python3.12/site-packages/airflow/example_dags/example_dynamic_task_mapping.py for tasks to queue
[2026-05-07T20:33:55.021+0000] {logging_mixin.py:188} INFO - [2026-05-07T20:33:55.020+0000] {dagbag.py:545} INFO - Filling up the DagBag from /home/airflow/.local/lib/python3.12/site-packages/airflow/example_dags/example_dynamic_task_mapping.py
[2026-05-07T20:33:55.027+0000] {processor.py:840} INFO - DAG(s) 'example_dynamic_task_mapping' retrieved from /home/airflow/.local/lib/python3.12/site-packages/airflow/example_dags/example_dynamic_task_mapping.py
[2026-05-07T20:33:55.047+0000] {logging_mixin.py:188} INFO - [2026-05-07T20:33:55.047+0000] {dag.py:3096} INFO - Sync 1 DAGs
[2026-05-07T20:33:55.065+0000] {logging_mixin.py:188} INFO - [2026-05-07T20:33:55.065+0000] {dag.py:3954} INFO - Setting next_dagrun for example_dynamic_task_mapping to 2022-03-04 00:00:00+00:00, run_after=2022-03-05 00:00:00+00:00
[2026-05-07T20:33:55.085+0000] {processor.py:183} INFO - Processing /home/airflow/.local/lib/python3.12/site-packages/airflow/example_dags/example_dynamic_task_mapping.py took 0.073 seconds
[2026-05-07T20:34:25.295+0000] {processor.py:161} INFO - Started process (PID=2074) to work on /home/airflow/.local/lib/python3.12/site-packages/airflow/example_dags/example_dynamic_task_mapping.py
[2026-05-07T20:34:25.296+0000] {processor.py:830} INFO - Processing file /home/airflow/.local/lib/python3.12/site-packages/airflow/example_dags/example_dynamic_task_mapping.py for tasks to queue
[2026-05-07T20:34:25.298+0000] {logging_mixin.py:188} INFO - [2026-05-07T20:34:25.298+0000] {dagbag.py:545} INFO - Filling up the DagBag from /home/airflow/.local/lib/python3.12/site-packages/airflow/example_dags/example_dynamic_task_mapping.py
[2026-05-07T20:34:25.304+0000] {processor.py:840} INFO - DAG(s) 'example_dynamic_task_mapping' retrieved from /home/airflow/.local/lib/python3.12/site-packages/airflow/example_dags/example_dynamic_task_mapping.py
[2026-05-07T20:34:25.325+0000] {logging_mixin.py:188} INFO - [2026-05-07T20:34:25.325+0000] {dag.py:3096} INFO - Sync 1 DAGs
[2026-05-07T20:34:25.346+0000] {logging_mixin.py:188} INFO - [2026-05-07T20:34:25.346+0000] {dag.py:3954} INFO - Setting next_dagrun for example_dynamic_task_mapping to 2022-03-04 00:00:00+00:00, run_after=2022-03-05 00:00:00+00:00
[2026-05-07T20:34:25.439+0000] {processor.py:183} INFO - Processing /home/airflow/.local/lib/python3.12/site-packages/airflow/example_dags/example_dynamic_task_mapping.py took 0.152 seconds
[2026-05-07T20:34:55.753+0000] {processor.py:161} INFO - Started process (PID=2132) to work on /home/airflow/.local/lib/python3.12/site-packages/airflow/example_dags/example_dynamic_task_mapping.py
[2026-05-07T20:34:55.754+0000] {processor.py:830} INFO - Processing file /home/airflow/.local/lib/python3.12/site-packages/airflow/example_dags/example_dynamic_task_mapping.py for tasks to queue
[2026-05-07T20:34:55.756+0000] {logging_mixin.py:188} INFO - [2026-05-07T20:34:55.756+0000] {dagbag.py:545} INFO - Filling up the DagBag from /home/airflow/.local/lib/python3.12/site-packages/airflow/example_dags/example_dynamic_task_mapping.py
[2026-05-07T20:34:55.763+0000] {processor.py:840} INFO - DAG(s) 'example_dynamic_task_mapping' retrieved from /home/airflow/.local/lib/python3.12/site-packages/airflow/example_dags/example_dynamic_task_mapping.py
[2026-05-07T20:34:55.784+0000] {logging_mixin.py:188} INFO - [2026-05-07T20:34:55.783+0000] {dag.py:3096} INFO - Sync 1 DAGs
[2026-05-07T20:34:55.806+0000] {logging_mixin.py:188} INFO - [2026-05-07T20:34:55.806+0000] {dag.py:3954} INFO - Setting next_dagrun for example_dynamic_task_mapping to 2022-03-04 00:00:00+00:00, run_after=2022-03-05 00:00:00+00:00
[2026-05-07T20:34:55.912+0000] {processor.py:183} INFO - Processing /home/airflow/.local/lib/python3.12/site-packages/airflow/example_dags/example_dynamic_task_mapping.py took 0.165 seconds
[2026-05-07T20:35:26.247+0000] {processor.py:161} INFO - Started process (PID=2190) to work on /home/airflow/.local/lib/python3.12/site-packages/airflow/example_dags/example_dynamic_task_mapping.py
[2026-05-07T20:35:26.249+0000] {processor.py:830} INFO - Processing file /home/airflow/.local/lib/python3.12/site-packages/airflow/example_dags/example_dynamic_task_mapping.py for tasks to queue
[2026-05-07T20:35:26.253+0000] {logging_mixin.py:188} INFO - [2026-05-07T20:35:26.253+0000] {dagbag.py:545} INFO - Filling up the DagBag from /home/airflow/.local/lib/python3.12/site-packages/airflow/example_dags/example_dynamic_task_mapping.py
[2026-05-07T20:35:26.269+0000] {processor.py:840} INFO - DAG(s) 'example_dynamic_task_mapping' retrieved from /home/airflow/.local/lib/python3.12/site-packages/airflow/example_dags/example_dynamic_task_mapping.py
[2026-05-07T20:35:26.300+0000] {logging_mixin.py:188} INFO - [2026-05-07T20:35:26.299+0000] {dag.py:3096} INFO - Sync 1 DAGs
[2026-05-07T20:35:26.335+0000] {logging_mixin.py:188} INFO - [2026-05-07T20:35:26.335+0000] {dag.py:3954} INFO - Setting next_dagrun for example_dynamic_task_mapping to 2022-03-04 00:00:00+00:00, run_after=2022-03-05 00:00:00+00:00
[2026-05-07T20:35:26.371+0000] {processor.py:183} INFO - Processing /home/airflow/.local/lib/python3.12/site-packages/airflow/example_dags/example_dynamic_task_mapping.py took 0.132 seconds
[2026-05-07T20:35:57.169+0000] {processor.py:161} INFO - Started process (PID=2248) to work on /home/airflow/.local/lib/python3.12/site-packages/airflow/example_dags/example_dynamic_task_mapping.py
[2026-05-07T20:35:57.170+0000] {processor.py:830} INFO - Processing file /home/airflow/.local/lib/python3.12/site-packages/airflow/example_dags/example_dynamic_task_mapping.py for tasks to queue
[2026-05-07T20:35:57.172+0000] {logging_mixin.py:188} INFO - [2026-05-07T20:35:57.172+0000] {dagbag.py:545} INFO - Filling up the DagBag from /home/airflow/.local/lib/python3.12/site-packages/airflow/example_dags/example_dynamic_task_mapping.py
[2026-05-07T20:35:57.179+0000] {processor.py:840} INFO - DAG(s) 'example_dynamic_task_mapping' retrieved from /home/airflow/.local/lib/python3.12/site-packages/airflow/example_dags/example_dynamic_task_mapping.py
[2026-05-07T20:35:57.201+0000] {logging_mixin.py:188} INFO - [2026-05-07T20:35:57.200+0000] {dag.py:3096} INFO - Sync 1 DAGs
[2026-05-07T20:35:57.221+0000] {logging_mixin.py:188} INFO - [2026-05-07T20:35:57.221+0000] {dag.py:3954} INFO - Setting next_dagrun for example_dynamic_task_mapping to 2022-03-04 00:00:00+00:00, run_after=2022-03-05 00:00:00+00:00
[2026-05-07T20:35:57.241+0000] {processor.py:183} INFO - Processing /home/airflow/.local/lib/python3.12/site-packages/airflow/example_dags/example_dynamic_task_mapping.py took 0.079 seconds
[2026-05-07T20:36:27.472+0000] {processor.py:161} INFO - Started process (PID=2307) to work on /home/airflow/.local/lib/python3.12/site-packages/airflow/example_dags/example_dynamic_task_mapping.py
[2026-05-07T20:36:27.473+0000] {processor.py:830} INFO - Processing file /home/airflow/.local/lib/python3.12/site-packages/airflow/example_dags/example_dynamic_task_mapping.py for tasks to queue
[2026-05-07T20:36:27.475+0000] {logging_mixin.py:188} INFO - [2026-05-07T20:36:27.475+0000] {dagbag.py:545} INFO - Filling up the DagBag from /home/airflow/.local/lib/python3.12/site-packages/airflow/example_dags/example_dynamic_task_mapping.py
[2026-05-07T20:36:27.482+0000] {processor.py:840} INFO - DAG(s) 'example_dynamic_task_mapping' retrieved from /home/airflow/.local/lib/python3.12/site-packages/airflow/example_dags/example_dynamic_task_mapping.py
[2026-05-07T20:36:27.503+0000] {logging_mixin.py:188} INFO - [2026-05-07T20:36:27.503+0000] {dag.py:3096} INFO - Sync 1 DAGs
[2026-05-07T20:36:27.523+0000] {logging_mixin.py:188} INFO - [2026-05-07T20:36:27.523+0000] {dag.py:3954} INFO - Setting next_dagrun for example_dynamic_task_mapping to 2022-03-04 00:00:00+00:00, run_after=2022-03-05 00:00:00+00:00
[2026-05-07T20:36:27.620+0000] {processor.py:183} INFO - Processing /home/airflow/.local/lib/python3.12/site-packages/airflow/example_dags/example_dynamic_task_mapping.py took 0.156 seconds
[2026-05-07T20:36:58.209+0000] {processor.py:161} INFO - Started process (PID=2365) to work on /home/airflow/.local/lib/python3.12/site-packages/airflow/example_dags/example_dynamic_task_mapping.py
[2026-05-07T20:36:58.210+0000] {processor.py:830} INFO - Processing file /home/airflow/.local/lib/python3.12/site-packages/airflow/example_dags/example_dynamic_task_mapping.py for tasks to queue
[2026-05-07T20:36:58.212+0000] {logging_mixin.py:188} INFO - [2026-05-07T20:36:58.212+0000] {dagbag.py:545} INFO - Filling up the DagBag from /home/airflow/.local/lib/python3.12/site-packages/airflow/example_dags/example_dynamic_task_mapping.py
[2026-05-07T20:36:58.219+0000] {processor.py:840} INFO - DAG(s) 'example_dynamic_task_mapping' retrieved from /home/airflow/.local/lib/python3.12/site-packages/airflow/example_dags/example_dynamic_task_mapping.py
[2026-05-07T20:36:58.240+0000] {logging_mixin.py:188} INFO - [2026-05-07T20:36:58.239+0000] {dag.py:3096} INFO - Sync 1 DAGs
[2026-05-07T20:36:58.259+0000] {logging_mixin.py:188} INFO - [2026-05-07T20:36:58.259+0000] {dag.py:3954} INFO - Setting next_dagrun for example_dynamic_task_mapping to 2022-03-04 00:00:00+00:00, run_after=2022-03-05 00:00:00+00:00
[2026-05-07T20:36:58.355+0000] {processor.py:183} INFO - Processing /home/airflow/.local/lib/python3.12/site-packages/airflow/example_dags/example_dynamic_task_mapping.py took 0.151 seconds
[2026-05-07T20:37:29.192+0000] {processor.py:161} INFO - Started process (PID=2423) to work on /home/airflow/.local/lib/python3.12/site-packages/airflow/example_dags/example_dynamic_task_mapping.py
[2026-05-07T20:37:29.193+0000] {processor.py:830} INFO - Processing file /home/airflow/.local/lib/python3.12/site-packages/airflow/example_dags/example_dynamic_task_mapping.py for tasks to queue
[2026-05-07T20:37:29.195+0000] {logging_mixin.py:188} INFO - [2026-05-07T20:37:29.195+0000] {dagbag.py:545} INFO - Filling up the DagBag from /home/airflow/.local/lib/python3.12/site-packages/airflow/example_dags/example_dynamic_task_mapping.py
[2026-05-07T20:37:29.201+0000] {processor.py:840} INFO - DAG(s) 'example_dynamic_task_mapping' retrieved from /home/airflow/.local/lib/python3.12/site-packages/airflow/example_dags/example_dynamic_task_mapping.py
[2026-05-07T20:37:29.223+0000] {logging_mixin.py:188} INFO - [2026-05-07T20:37:29.222+0000] {dag.py:3096} INFO - Sync 1 DAGs
[2026-05-07T20:37:29.242+0000] {logging_mixin.py:188} INFO - [2026-05-07T20:37:29.242+0000] {dag.py:3954} INFO - Setting next_dagrun for example_dynamic_task_mapping to 2022-03-04 00:00:00+00:00, run_after=2022-03-05 00:00:00+00:00
[2026-05-07T20:37:29.338+0000] {processor.py:183} INFO - Processing /home/airflow/.local/lib/python3.12/site-packages/airflow/example_dags/example_dynamic_task_mapping.py took 0.152 seconds
[2026-05-07T20:37:59.584+0000] {processor.py:161} INFO - Started process (PID=2481) to work on /home/airflow/.local/lib/python3.12/site-packages/airflow/example_dags/example_dynamic_task_mapping.py
[2026-05-07T20:37:59.585+0000] {processor.py:830} INFO - Processing file /home/airflow/.local/lib/python3.12/site-packages/airflow/example_dags/example_dynamic_task_mapping.py for tasks to queue
[2026-05-07T20:37:59.587+0000] {logging_mixin.py:188} INFO - [2026-05-07T20:37:59.587+0000] {dagbag.py:545} INFO - Filling up the DagBag from /home/airflow/.local/lib/python3.12/site-packages/airflow/example_dags/example_dynamic_task_mapping.py
[2026-05-07T20:37:59.595+0000] {processor.py:840} INFO - DAG(s) 'example_dynamic_task_mapping' retrieved from /home/airflow/.local/lib/python3.12/site-packages/airflow/example_dags/example_dynamic_task_mapping.py
[2026-05-07T20:37:59.615+0000] {logging_mixin.py:188} INFO - [2026-05-07T20:37:59.615+0000] {dag.py:3096} INFO - Sync 1 DAGs
[2026-05-07T20:37:59.636+0000] {logging_mixin.py:188} INFO - [2026-05-07T20:37:59.636+0000] {dag.py:3954} INFO - Setting next_dagrun for example_dynamic_task_mapping to 2022-03-04 00:00:00+00:00, run_after=2022-03-05 00:00:00+00:00
[2026-05-07T20:37:59.656+0000] {processor.py:183} INFO - Processing /home/airflow/.local/lib/python3.12/site-packages/airflow/example_dags/example_dynamic_task_mapping.py took 0.079 seconds
[2026-05-07T20:38:29.838+0000] {processor.py:161} INFO - Started process (PID=2539) to work on /home/airflow/.local/lib/python3.12/site-packages/airflow/example_dags/example_dynamic_task_mapping.py
[2026-05-07T20:38:29.839+0000] {processor.py:830} INFO - Processing file /home/airflow/.local/lib/python3.12/site-packages/airflow/example_dags/example_dynamic_task_mapping.py for tasks to queue
[2026-05-07T20:38:29.842+0000] {logging_mixin.py:188} INFO - [2026-05-07T20:38:29.841+0000] {dagbag.py:545} INFO - Filling up the DagBag from /home/airflow/.local/lib/python3.12/site-packages/airflow/example_dags/example_dynamic_task_mapping.py
[2026-05-07T20:38:29.850+0000] {processor.py:840} INFO - DAG(s) 'example_dynamic_task_mapping' retrieved from /home/airflow/.local/lib/python3.12/site-packages/airflow/example_dags/example_dynamic_task_mapping.py
[2026-05-07T20:38:29.882+0000] {logging_mixin.py:188} INFO - [2026-05-07T20:38:29.881+0000] {dag.py:3096} INFO - Sync 1 DAGs
[2026-05-07T20:38:29.930+0000] {logging_mixin.py:188} INFO - [2026-05-07T20:38:29.929+0000] {dag.py:3954} INFO - Setting next_dagrun for example_dynamic_task_mapping to 2022-03-04 00:00:00+00:00, run_after=2022-03-05 00:00:00+00:00
[2026-05-07T20:38:29.983+0000] {processor.py:183} INFO - Processing /home/airflow/.local/lib/python3.12/site-packages/airflow/example_dags/example_dynamic_task_mapping.py took 0.152 seconds
[2026-05-07T20:39:00.180+0000] {processor.py:161} INFO - Started process (PID=2597) to work on /home/airflow/.local/lib/python3.12/site-packages/airflow/example_dags/example_dynamic_task_mapping.py
[2026-05-07T20:39:00.182+0000] {processor.py:830} INFO - Processing file /home/airflow/.local/lib/python3.12/site-packages/airflow/example_dags/example_dynamic_task_mapping.py for tasks to queue
[2026-05-07T20:39:00.185+0000] {logging_mixin.py:188} INFO - [2026-05-07T20:39:00.184+0000] {dagbag.py:545} INFO - Filling up the DagBag from /home/airflow/.local/lib/python3.12/site-packages/airflow/example_dags/example_dynamic_task_mapping.py
[2026-05-07T20:39:00.198+0000] {processor.py:840} INFO - DAG(s) 'example_dynamic_task_mapping' retrieved from /home/airflow/.local/lib/python3.12/site-packages/airflow/example_dags/example_dynamic_task_mapping.py
[2026-05-07T20:39:00.234+0000] {logging_mixin.py:188} INFO - [2026-05-07T20:39:00.234+0000] {dag.py:3096} INFO - Sync 1 DAGs
[2026-05-07T20:39:00.260+0000] {logging_mixin.py:188} INFO - [2026-05-07T20:39:00.260+0000] {dag.py:3954} INFO - Setting next_dagrun for example_dynamic_task_mapping to 2022-03-04 00:00:00+00:00, run_after=2022-03-05 00:00:00+00:00
[2026-05-07T20:39:00.298+0000] {processor.py:183} INFO - Processing /home/airflow/.local/lib/python3.12/site-packages/airflow/example_dags/example_dynamic_task_mapping.py took 0.125 seconds
[2026-05-07T20:39:30.893+0000] {processor.py:161} INFO - Started process (PID=2655) to work on /home/airflow/.local/lib/python3.12/site-packages/airflow/example_dags/example_dynamic_task_mapping.py
[2026-05-07T20:39:30.894+0000] {processor.py:830} INFO - Processing file /home/airflow/.local/lib/python3.12/site-packages/airflow/example_dags/example_dynamic_task_mapping.py for tasks to queue
[2026-05-07T20:39:30.898+0000] {logging_mixin.py:188} INFO - [2026-05-07T20:39:30.897+0000] {dagbag.py:545} INFO - Filling up the DagBag from /home/airflow/.local/lib/python3.12/site-packages/airflow/example_dags/example_dynamic_task_mapping.py
[2026-05-07T20:39:30.908+0000] {processor.py:840} INFO - DAG(s) 'example_dynamic_task_mapping' retrieved from /home/airflow/.local/lib/python3.12/site-packages/airflow/example_dags/example_dynamic_task_mapping.py
[2026-05-07T20:39:30.936+0000] {logging_mixin.py:188} INFO - [2026-05-07T20:39:30.935+0000] {dag.py:3096} INFO - Sync 1 DAGs
[2026-05-07T20:39:30.970+0000] {logging_mixin.py:188} INFO - [2026-05-07T20:39:30.970+0000] {dag.py:3954} INFO - Setting next_dagrun for example_dynamic_task_mapping to 2022-03-04 00:00:00+00:00, run_after=2022-03-05 00:00:00+00:00
[2026-05-07T20:39:31.069+0000] {processor.py:183} INFO - Processing /home/airflow/.local/lib/python3.12/site-packages/airflow/example_dags/example_dynamic_task_mapping.py took 0.182 seconds
[2026-05-07T20:40:01.622+0000] {processor.py:161} INFO - Started process (PID=2713) to work on /home/airflow/.local/lib/python3.12/site-packages/airflow/example_dags/example_dynamic_task_mapping.py
[2026-05-07T20:40:01.624+0000] {processor.py:830} INFO - Processing file /home/airflow/.local/lib/python3.12/site-packages/airflow/example_dags/example_dynamic_task_mapping.py for tasks to queue
[2026-05-07T20:40:01.629+0000] {logging_mixin.py:188} INFO - [2026-05-07T20:40:01.628+0000] {dagbag.py:545} INFO - Filling up the DagBag from /home/airflow/.local/lib/python3.12/site-packages/airflow/example_dags/example_dynamic_task_mapping.py
[2026-05-07T20:40:01.641+0000] {processor.py:840} INFO - DAG(s) 'example_dynamic_task_mapping' retrieved from /home/airflow/.local/lib/python3.12/site-packages/airflow/example_dags/example_dynamic_task_mapping.py
[2026-05-07T20:40:01.687+0000] {logging_mixin.py:188} INFO - [2026-05-07T20:40:01.687+0000] {dag.py:3096} INFO - Sync 1 DAGs
[2026-05-07T20:40:01.723+0000] {logging_mixin.py:188} INFO - [2026-05-07T20:40:01.723+0000] {dag.py:3954} INFO - Setting next_dagrun for example_dynamic_task_mapping to 2022-03-04 00:00:00+00:00, run_after=2022-03-05 00:00:00+00:00
[2026-05-07T20:40:01.761+0000] {processor.py:183} INFO - Processing /home/airflow/.local/lib/python3.12/site-packages/airflow/example_dags/example_dynamic_task_mapping.py took 0.149 seconds
[2026-05-07T20:40:32.736+0000] {processor.py:161} INFO - Started process (PID=2777) to work on /home/airflow/.local/lib/python3.12/site-packages/airflow/example_dags/example_dynamic_task_mapping.py
[2026-05-07T20:40:32.738+0000] {processor.py:830} INFO - Processing file /home/airflow/.local/lib/python3.12/site-packages/airflow/example_dags/example_dynamic_task_mapping.py for tasks to queue
[2026-05-07T20:40:32.740+0000] {logging_mixin.py:188} INFO - [2026-05-07T20:40:32.740+0000] {dagbag.py:545} INFO - Filling up the DagBag from /home/airflow/.local/lib/python3.12/site-packages/airflow/example_dags/example_dynamic_task_mapping.py
[2026-05-07T20:40:32.752+0000] {processor.py:840} INFO - DAG(s) 'example_dynamic_task_mapping' retrieved from /home/airflow/.local/lib/python3.12/site-packages/airflow/example_dags/example_dynamic_task_mapping.py
[2026-05-07T20:40:32.791+0000] {logging_mixin.py:188} INFO - [2026-05-07T20:40:32.790+0000] {dag.py:3096} INFO - Sync 1 DAGs
[2026-05-07T20:40:32.819+0000] {logging_mixin.py:188} INFO - [2026-05-07T20:40:32.818+0000] {dag.py:3954} INFO - Setting next_dagrun for example_dynamic_task_mapping to 2022-03-04 00:00:00+00:00, run_after=2022-03-05 00:00:00+00:00
[2026-05-07T20:40:32.844+0000] {processor.py:183} INFO - Processing /home/airflow/.local/lib/python3.12/site-packages/airflow/example_dags/example_dynamic_task_mapping.py took 0.120 seconds
[2026-05-07T20:41:03.053+0000] {processor.py:161} INFO - Started process (PID=2835) to work on /home/airflow/.local/lib/python3.12/site-packages/airflow/example_dags/example_dynamic_task_mapping.py
[2026-05-07T20:41:03.054+0000] {processor.py:830} INFO - Processing file /home/airflow/.local/lib/python3.12/site-packages/airflow/example_dags/example_dynamic_task_mapping.py for tasks to queue
[2026-05-07T20:41:03.057+0000] {logging_mixin.py:188} INFO - [2026-05-07T20:41:03.057+0000] {dagbag.py:545} INFO - Filling up the DagBag from /home/airflow/.local/lib/python3.12/site-packages/airflow/example_dags/example_dynamic_task_mapping.py
[2026-05-07T20:41:03.066+0000] {processor.py:840} INFO - DAG(s) 'example_dynamic_task_mapping' retrieved from /home/airflow/.local/lib/python3.12/site-packages/airflow/example_dags/example_dynamic_task_mapping.py
[2026-05-07T20:41:03.088+0000] {logging_mixin.py:188} INFO - [2026-05-07T20:41:03.087+0000] {dag.py:3096} INFO - Sync 1 DAGs
[2026-05-07T20:41:03.118+0000] {logging_mixin.py:188} INFO - [2026-05-07T20:41:03.118+0000] {dag.py:3954} INFO - Setting next_dagrun for example_dynamic_task_mapping to 2022-03-04 00:00:00+00:00, run_after=2022-03-05 00:00:00+00:00
[2026-05-07T20:41:03.234+0000] {processor.py:183} INFO - Processing /home/airflow/.local/lib/python3.12/site-packages/airflow/example_dags/example_dynamic_task_mapping.py took 0.189 seconds
[2026-05-07T20:41:33.692+0000] {processor.py:161} INFO - Started process (PID=2893) to work on /home/airflow/.local/lib/python3.12/site-packages/airflow/example_dags/example_dynamic_task_mapping.py
[2026-05-07T20:41:33.694+0000] {processor.py:830} INFO - Processing file /home/airflow/.local/lib/python3.12/site-packages/airflow/example_dags/example_dynamic_task_mapping.py for tasks to queue
[2026-05-07T20:41:33.695+0000] {logging_mixin.py:188} INFO - [2026-05-07T20:41:33.695+0000] {dagbag.py:545} INFO - Filling up the DagBag from /home/airflow/.local/lib/python3.12/site-packages/airflow/example_dags/example_dynamic_task_mapping.py
[2026-05-07T20:41:33.702+0000] {processor.py:840} INFO - DAG(s) 'example_dynamic_task_mapping' retrieved from /home/airflow/.local/lib/python3.12/site-packages/airflow/example_dags/example_dynamic_task_mapping.py
[2026-05-07T20:41:33.723+0000] {logging_mixin.py:188} INFO - [2026-05-07T20:41:33.722+0000] {dag.py:3096} INFO - Sync 1 DAGs
[2026-05-07T20:41:33.743+0000] {logging_mixin.py:188} INFO - [2026-05-07T20:41:33.743+0000] {dag.py:3954} INFO - Setting next_dagrun for example_dynamic_task_mapping to 2022-03-04 00:00:00+00:00, run_after=2022-03-05 00:00:00+00:00
[2026-05-07T20:41:33.764+0000] {processor.py:183} INFO - Processing /home/airflow/.local/lib/python3.12/site-packages/airflow/example_dags/example_dynamic_task_mapping.py took 0.079 seconds
[2026-05-07T20:42:04.085+0000] {processor.py:161} INFO - Started process (PID=2951) to work on /home/airflow/.local/lib/python3.12/site-packages/airflow/example_dags/example_dynamic_task_mapping.py
[2026-05-07T20:42:04.087+0000] {processor.py:830} INFO - Processing file /home/airflow/.local/lib/python3.12/site-packages/airflow/example_dags/example_dynamic_task_mapping.py for tasks to queue
[2026-05-07T20:42:04.089+0000] {logging_mixin.py:188} INFO - [2026-05-07T20:42:04.088+0000] {dagbag.py:545} INFO - Filling up the DagBag from /home/airflow/.local/lib/python3.12/site-packages/airflow/example_dags/example_dynamic_task_mapping.py
[2026-05-07T20:42:04.096+0000] {processor.py:840} INFO - DAG(s) 'example_dynamic_task_mapping' retrieved from /home/airflow/.local/lib/python3.12/site-packages/airflow/example_dags/example_dynamic_task_mapping.py
[2026-05-07T20:42:04.118+0000] {logging_mixin.py:188} INFO - [2026-05-07T20:42:04.117+0000] {dag.py:3096} INFO - Sync 1 DAGs
[2026-05-07T20:42:04.144+0000] {logging_mixin.py:188} INFO - [2026-05-07T20:42:04.144+0000] {dag.py:3954} INFO - Setting next_dagrun for example_dynamic_task_mapping to 2022-03-04 00:00:00+00:00, run_after=2022-03-05 00:00:00+00:00
[2026-05-07T20:42:04.241+0000] {processor.py:183} INFO - Processing /home/airflow/.local/lib/python3.12/site-packages/airflow/example_dags/example_dynamic_task_mapping.py took 0.163 seconds
[2026-05-07T20:42:34.563+0000] {processor.py:161} INFO - Started process (PID=3009) to work on /home/airflow/.local/lib/python3.12/site-packages/airflow/example_dags/example_dynamic_task_mapping.py
[2026-05-07T20:42:34.566+0000] {processor.py:830} INFO - Processing file /home/airflow/.local/lib/python3.12/site-packages/airflow/example_dags/example_dynamic_task_mapping.py for tasks to queue
[2026-05-07T20:42:34.578+0000] {logging_mixin.py:188} INFO - [2026-05-07T20:42:34.577+0000] {dagbag.py:545} INFO - Filling up the DagBag from /home/airflow/.local/lib/python3.12/site-packages/airflow/example_dags/example_dynamic_task_mapping.py
[2026-05-07T20:42:34.584+0000] {processor.py:840} INFO - DAG(s) 'example_dynamic_task_mapping' retrieved from /home/airflow/.local/lib/python3.12/site-packages/airflow/example_dags/example_dynamic_task_mapping.py
[2026-05-07T20:42:34.608+0000] {logging_mixin.py:188} INFO - [2026-05-07T20:42:34.607+0000] {dag.py:3096} INFO - Sync 1 DAGs
[2026-05-07T20:42:34.635+0000] {logging_mixin.py:188} INFO - [2026-05-07T20:42:34.634+0000] {dag.py:3954} INFO - Setting next_dagrun for example_dynamic_task_mapping to 2022-03-04 00:00:00+00:00, run_after=2022-03-05 00:00:00+00:00
[2026-05-07T20:42:34.663+0000] {processor.py:183} INFO - Processing /home/airflow/.local/lib/python3.12/site-packages/airflow/example_dags/example_dynamic_task_mapping.py took 0.115 seconds
[2026-05-07T20:43:05.218+0000] {processor.py:161} INFO - Started process (PID=3067) to work on /home/airflow/.local/lib/python3.12/site-packages/airflow/example_dags/example_dynamic_task_mapping.py
[2026-05-07T20:43:05.220+0000] {processor.py:830} INFO - Processing file /home/airflow/.local/lib/python3.12/site-packages/airflow/example_dags/example_dynamic_task_mapping.py for tasks to queue
[2026-05-07T20:43:05.223+0000] {logging_mixin.py:188} INFO - [2026-05-07T20:43:05.223+0000] {dagbag.py:545} INFO - Filling up the DagBag from /home/airflow/.local/lib/python3.12/site-packages/airflow/example_dags/example_dynamic_task_mapping.py
[2026-05-07T20:43:05.239+0000] {processor.py:840} INFO - DAG(s) 'example_dynamic_task_mapping' retrieved from /home/airflow/.local/lib/python3.12/site-packages/airflow/example_dags/example_dynamic_task_mapping.py
[2026-05-07T20:43:05.272+0000] {logging_mixin.py:188} INFO - [2026-05-07T20:43:05.272+0000] {dag.py:3096} INFO - Sync 1 DAGs
[2026-05-07T20:43:05.295+0000] {logging_mixin.py:188} INFO - [2026-05-07T20:43:05.295+0000] {dag.py:3954} INFO - Setting next_dagrun for example_dynamic_task_mapping to 2022-03-04 00:00:00+00:00, run_after=2022-03-05 00:00:00+00:00
[2026-05-07T20:43:05.386+0000] {processor.py:183} INFO - Processing /home/airflow/.local/lib/python3.12/site-packages/airflow/example_dags/example_dynamic_task_mapping.py took 0.184 seconds
[2026-05-07T20:43:35.828+0000] {processor.py:161} INFO - Started process (PID=3125) to work on /home/airflow/.local/lib/python3.12/site-packages/airflow/example_dags/example_dynamic_task_mapping.py
[2026-05-07T20:43:35.830+0000] {processor.py:830} INFO - Processing file /home/airflow/.local/lib/python3.12/site-packages/airflow/example_dags/example_dynamic_task_mapping.py for tasks to queue
[2026-05-07T20:43:35.832+0000] {logging_mixin.py:188} INFO - [2026-05-07T20:43:35.832+0000] {dagbag.py:545} INFO - Filling up the DagBag from /home/airflow/.local/lib/python3.12/site-packages/airflow/example_dags/example_dynamic_task_mapping.py
[2026-05-07T20:43:35.839+0000] {processor.py:840} INFO - DAG(s) 'example_dynamic_task_mapping' retrieved from /home/airflow/.local/lib/python3.12/site-packages/airflow/example_dags/example_dynamic_task_mapping.py
[2026-05-07T20:43:35.861+0000] {logging_mixin.py:188} INFO - [2026-05-07T20:43:35.861+0000] {dag.py:3096} INFO - Sync 1 DAGs
[2026-05-07T20:43:35.880+0000] {logging_mixin.py:188} INFO - [2026-05-07T20:43:35.880+0000] {dag.py:3954} INFO - Setting next_dagrun for example_dynamic_task_mapping to 2022-03-04 00:00:00+00:00, run_after=2022-03-05 00:00:00+00:00
[2026-05-07T20:43:35.922+0000] {processor.py:183} INFO - Processing /home/airflow/.local/lib/python3.12/site-packages/airflow/example_dags/example_dynamic_task_mapping.py took 0.100 seconds
[2026-05-07T20:44:06.383+0000] {processor.py:161} INFO - Started process (PID=3183) to work on /home/airflow/.local/lib/python3.12/site-packages/airflow/example_dags/example_dynamic_task_mapping.py
[2026-05-07T20:44:06.384+0000] {processor.py:830} INFO - Processing file /home/airflow/.local/lib/python3.12/site-packages/airflow/example_dags/example_dynamic_task_mapping.py for tasks to queue
[2026-05-07T20:44:06.386+0000] {logging_mixin.py:188} INFO - [2026-05-07T20:44:06.386+0000] {dagbag.py:545} INFO - Filling up the DagBag from /home/airflow/.local/lib/python3.12/site-packages/airflow/example_dags/example_dynamic_task_mapping.py
[2026-05-07T20:44:06.393+0000] {processor.py:840} INFO - DAG(s) 'example_dynamic_task_mapping' retrieved from /home/airflow/.local/lib/python3.12/site-packages/airflow/example_dags/example_dynamic_task_mapping.py
[2026-05-07T20:44:06.414+0000] {logging_mixin.py:188} INFO - [2026-05-07T20:44:06.414+0000] {dag.py:3096} INFO - Sync 1 DAGs
[2026-05-07T20:44:06.436+0000] {logging_mixin.py:188} INFO - [2026-05-07T20:44:06.436+0000] {dag.py:3954} INFO - Setting next_dagrun for example_dynamic_task_mapping to 2022-03-04 00:00:00+00:00, run_after=2022-03-05 00:00:00+00:00
[2026-05-07T20:44:06.530+0000] {processor.py:183} INFO - Processing /home/airflow/.local/lib/python3.12/site-packages/airflow/example_dags/example_dynamic_task_mapping.py took 0.155 seconds
[2026-05-07T20:44:37.396+0000] {processor.py:161} INFO - Started process (PID=3241) to work on /home/airflow/.local/lib/python3.12/site-packages/airflow/example_dags/example_dynamic_task_mapping.py
[2026-05-07T20:44:37.398+0000] {processor.py:830} INFO - Processing file /home/airflow/.local/lib/python3.12/site-packages/airflow/example_dags/example_dynamic_task_mapping.py for tasks to queue
[2026-05-07T20:44:37.399+0000] {logging_mixin.py:188} INFO - [2026-05-07T20:44:37.399+0000] {dagbag.py:545} INFO - Filling up the DagBag from /home/airflow/.local/lib/python3.12/site-packages/airflow/example_dags/example_dynamic_task_mapping.py
[2026-05-07T20:44:37.406+0000] {processor.py:840} INFO - DAG(s) 'example_dynamic_task_mapping' retrieved from /home/airflow/.local/lib/python3.12/site-packages/airflow/example_dags/example_dynamic_task_mapping.py
[2026-05-07T20:44:37.427+0000] {logging_mixin.py:188} INFO - [2026-05-07T20:44:37.427+0000] {dag.py:3096} INFO - Sync 1 DAGs
[2026-05-07T20:44:37.446+0000] {logging_mixin.py:188} INFO - [2026-05-07T20:44:37.446+0000] {dag.py:3954} INFO - Setting next_dagrun for example_dynamic_task_mapping to 2022-03-04 00:00:00+00:00, run_after=2022-03-05 00:00:00+00:00
[2026-05-07T20:44:37.539+0000] {processor.py:183} INFO - Processing /home/airflow/.local/lib/python3.12/site-packages/airflow/example_dags/example_dynamic_task_mapping.py took 0.149 seconds
[2026-05-07T20:45:07.931+0000] {processor.py:161} INFO - Started process (PID=3299) to work on /home/airflow/.local/lib/python3.12/site-packages/airflow/example_dags/example_dynamic_task_mapping.py
[2026-05-07T20:45:07.932+0000] {processor.py:830} INFO - Processing file /home/airflow/.local/lib/python3.12/site-packages/airflow/example_dags/example_dynamic_task_mapping.py for tasks to queue
[2026-05-07T20:45:07.935+0000] {logging_mixin.py:188} INFO - [2026-05-07T20:45:07.934+0000] {dagbag.py:545} INFO - Filling up the DagBag from /home/airflow/.local/lib/python3.12/site-packages/airflow/example_dags/example_dynamic_task_mapping.py
[2026-05-07T20:45:07.941+0000] {processor.py:840} INFO - DAG(s) 'example_dynamic_task_mapping' retrieved from /home/airflow/.local/lib/python3.12/site-packages/airflow/example_dags/example_dynamic_task_mapping.py
[2026-05-07T20:45:07.963+0000] {logging_mixin.py:188} INFO - [2026-05-07T20:45:07.963+0000] {dag.py:3096} INFO - Sync 1 DAGs
[2026-05-07T20:45:07.987+0000] {logging_mixin.py:188} INFO - [2026-05-07T20:45:07.987+0000] {dag.py:3954} INFO - Setting next_dagrun for example_dynamic_task_mapping to 2022-03-04 00:00:00+00:00, run_after=2022-03-05 00:00:00+00:00
[2026-05-07T20:45:08.081+0000] {processor.py:183} INFO - Processing /home/airflow/.local/lib/python3.12/site-packages/airflow/example_dags/example_dynamic_task_mapping.py took 0.155 seconds
[2026-05-07T20:45:38.587+0000] {processor.py:161} INFO - Started process (PID=3357) to work on /home/airflow/.local/lib/python3.12/site-packages/airflow/example_dags/example_dynamic_task_mapping.py
[2026-05-07T20:45:38.588+0000] {processor.py:830} INFO - Processing file /home/airflow/.local/lib/python3.12/site-packages/airflow/example_dags/example_dynamic_task_mapping.py for tasks to queue
[2026-05-07T20:45:38.590+0000] {logging_mixin.py:188} INFO - [2026-05-07T20:45:38.590+0000] {dagbag.py:545} INFO - Filling up the DagBag from /home/airflow/.local/lib/python3.12/site-packages/airflow/example_dags/example_dynamic_task_mapping.py
[2026-05-07T20:45:38.600+0000] {processor.py:840} INFO - DAG(s) 'example_dynamic_task_mapping' retrieved from /home/airflow/.local/lib/python3.12/site-packages/airflow/example_dags/example_dynamic_task_mapping.py
[2026-05-07T20:45:38.621+0000] {logging_mixin.py:188} INFO - [2026-05-07T20:45:38.621+0000] {dag.py:3096} INFO - Sync 1 DAGs
[2026-05-07T20:45:38.649+0000] {logging_mixin.py:188} INFO - [2026-05-07T20:45:38.649+0000] {dag.py:3954} INFO - Setting next_dagrun for example_dynamic_task_mapping to 2022-03-04 00:00:00+00:00, run_after=2022-03-05 00:00:00+00:00
[2026-05-07T20:45:38.676+0000] {processor.py:183} INFO - Processing /home/airflow/.local/lib/python3.12/site-packages/airflow/example_dags/example_dynamic_task_mapping.py took 0.095 seconds
[2026-05-07T20:46:08.943+0000] {processor.py:161} INFO - Started process (PID=3415) to work on /home/airflow/.local/lib/python3.12/site-packages/airflow/example_dags/example_dynamic_task_mapping.py
[2026-05-07T20:46:08.944+0000] {processor.py:830} INFO - Processing file /home/airflow/.local/lib/python3.12/site-packages/airflow/example_dags/example_dynamic_task_mapping.py for tasks to queue
[2026-05-07T20:46:08.947+0000] {logging_mixin.py:188} INFO - [2026-05-07T20:46:08.947+0000] {dagbag.py:545} INFO - Filling up the DagBag from /home/airflow/.local/lib/python3.12/site-packages/airflow/example_dags/example_dynamic_task_mapping.py
[2026-05-07T20:46:08.956+0000] {processor.py:840} INFO - DAG(s) 'example_dynamic_task_mapping' retrieved from /home/airflow/.local/lib/python3.12/site-packages/airflow/example_dags/example_dynamic_task_mapping.py
[2026-05-07T20:46:08.980+0000] {logging_mixin.py:188} INFO - [2026-05-07T20:46:08.980+0000] {dag.py:3096} INFO - Sync 1 DAGs
[2026-05-07T20:46:09.003+0000] {logging_mixin.py:188} INFO - [2026-05-07T20:46:09.002+0000] {dag.py:3954} INFO - Setting next_dagrun for example_dynamic_task_mapping to 2022-03-04 00:00:00+00:00, run_after=2022-03-05 00:00:00+00:00
[2026-05-07T20:46:09.028+0000] {processor.py:183} INFO - Processing /home/airflow/.local/lib/python3.12/site-packages/airflow/example_dags/example_dynamic_task_mapping.py took 0.092 seconds
[2026-05-07T20:46:39.380+0000] {processor.py:161} INFO - Started process (PID=3473) to work on /home/airflow/.local/lib/python3.12/site-packages/airflow/example_dags/example_dynamic_task_mapping.py
[2026-05-07T20:46:39.384+0000] {processor.py:830} INFO - Processing file /home/airflow/.local/lib/python3.12/site-packages/airflow/example_dags/example_dynamic_task_mapping.py for tasks to queue
[2026-05-07T20:46:39.391+0000] {logging_mixin.py:188} INFO - [2026-05-07T20:46:39.390+0000] {dagbag.py:545} INFO - Filling up the DagBag from /home/airflow/.local/lib/python3.12/site-packages/airflow/example_dags/example_dynamic_task_mapping.py
[2026-05-07T20:46:39.415+0000] {processor.py:840} INFO - DAG(s) 'example_dynamic_task_mapping' retrieved from /home/airflow/.local/lib/python3.12/site-packages/airflow/example_dags/example_dynamic_task_mapping.py
[2026-05-07T20:46:39.495+0000] {logging_mixin.py:188} INFO - [2026-05-07T20:46:39.495+0000] {dag.py:3096} INFO - Sync 1 DAGs
[2026-05-07T20:46:39.585+0000] {logging_mixin.py:188} INFO - [2026-05-07T20:46:39.584+0000] {dag.py:3954} INFO - Setting next_dagrun for example_dynamic_task_mapping to 2022-03-04 00:00:00+00:00, run_after=2022-03-05 00:00:00+00:00
[2026-05-07T20:46:39.662+0000] {processor.py:183} INFO - Processing /home/airflow/.local/lib/python3.12/site-packages/airflow/example_dags/example_dynamic_task_mapping.py took 0.300 seconds
[2026-05-07T20:47:10.174+0000] {processor.py:161} INFO - Started process (PID=3532) to work on /home/airflow/.local/lib/python3.12/site-packages/airflow/example_dags/example_dynamic_task_mapping.py
[2026-05-07T20:47:10.179+0000] {processor.py:830} INFO - Processing file /home/airflow/.local/lib/python3.12/site-packages/airflow/example_dags/example_dynamic_task_mapping.py for tasks to queue
[2026-05-07T20:47:10.187+0000] {logging_mixin.py:188} INFO - [2026-05-07T20:47:10.186+0000] {dagbag.py:545} INFO - Filling up the DagBag from /home/airflow/.local/lib/python3.12/site-packages/airflow/example_dags/example_dynamic_task_mapping.py
[2026-05-07T20:47:10.212+0000] {processor.py:840} INFO - DAG(s) 'example_dynamic_task_mapping' retrieved from /home/airflow/.local/lib/python3.12/site-packages/airflow/example_dags/example_dynamic_task_mapping.py
[2026-05-07T20:47:10.281+0000] {logging_mixin.py:188} INFO - [2026-05-07T20:47:10.280+0000] {dag.py:3096} INFO - Sync 1 DAGs
[2026-05-07T20:47:10.357+0000] {logging_mixin.py:188} INFO - [2026-05-07T20:47:10.356+0000] {dag.py:3954} INFO - Setting next_dagrun for example_dynamic_task_mapping to 2022-03-04 00:00:00+00:00, run_after=2022-03-05 00:00:00+00:00
[2026-05-07T20:47:10.421+0000] {processor.py:183} INFO - Processing /home/airflow/.local/lib/python3.12/site-packages/airflow/example_dags/example_dynamic_task_mapping.py took 0.257 seconds
[2026-05-07T20:47:40.851+0000] {processor.py:161} INFO - Started process (PID=3590) to work on /home/airflow/.local/lib/python3.12/site-packages/airflow/example_dags/example_dynamic_task_mapping.py
[2026-05-07T20:47:40.853+0000] {processor.py:830} INFO - Processing file /home/airflow/.local/lib/python3.12/site-packages/airflow/example_dags/example_dynamic_task_mapping.py for tasks to queue
[2026-05-07T20:47:40.858+0000] {logging_mixin.py:188} INFO - [2026-05-07T20:47:40.856+0000] {dagbag.py:545} INFO - Filling up the DagBag from /home/airflow/.local/lib/python3.12/site-packages/airflow/example_dags/example_dynamic_task_mapping.py
[2026-05-07T20:47:40.875+0000] {processor.py:840} INFO - DAG(s) 'example_dynamic_task_mapping' retrieved from /home/airflow/.local/lib/python3.12/site-packages/airflow/example_dags/example_dynamic_task_mapping.py
[2026-05-07T20:47:40.916+0000] {logging_mixin.py:188} INFO - [2026-05-07T20:47:40.915+0000] {dag.py:3096} INFO - Sync 1 DAGs
[2026-05-07T20:47:40.959+0000] {logging_mixin.py:188} INFO - [2026-05-07T20:47:40.959+0000] {dag.py:3954} INFO - Setting next_dagrun for example_dynamic_task_mapping to 2022-03-04 00:00:00+00:00, run_after=2022-03-05 00:00:00+00:00
[2026-05-07T20:47:40.986+0000] {processor.py:183} INFO - Processing /home/airflow/.local/lib/python3.12/site-packages/airflow/example_dags/example_dynamic_task_mapping.py took 0.144 seconds
[2026-05-07T20:48:11.257+0000] {processor.py:161} INFO - Started process (PID=3648) to work on /home/airflow/.local/lib/python3.12/site-packages/airflow/example_dags/example_dynamic_task_mapping.py
[2026-05-07T20:48:11.260+0000] {processor.py:830} INFO - Processing file /home/airflow/.local/lib/python3.12/site-packages/airflow/example_dags/example_dynamic_task_mapping.py for tasks to queue
[2026-05-07T20:48:11.263+0000] {logging_mixin.py:188} INFO - [2026-05-07T20:48:11.263+0000] {dagbag.py:545} INFO - Filling up the DagBag from /home/airflow/.local/lib/python3.12/site-packages/airflow/example_dags/example_dynamic_task_mapping.py
[2026-05-07T20:48:11.273+0000] {processor.py:840} INFO - DAG(s) 'example_dynamic_task_mapping' retrieved from /home/airflow/.local/lib/python3.12/site-packages/airflow/example_dags/example_dynamic_task_mapping.py
[2026-05-07T20:48:11.300+0000] {logging_mixin.py:188} INFO - [2026-05-07T20:48:11.300+0000] {dag.py:3096} INFO - Sync 1 DAGs
[2026-05-07T20:48:11.321+0000] {logging_mixin.py:188} INFO - [2026-05-07T20:48:11.321+0000] {dag.py:3954} INFO - Setting next_dagrun for example_dynamic_task_mapping to 2022-03-04 00:00:00+00:00, run_after=2022-03-05 00:00:00+00:00
[2026-05-07T20:48:11.423+0000] {processor.py:183} INFO - Processing /home/airflow/.local/lib/python3.12/site-packages/airflow/example_dags/example_dynamic_task_mapping.py took 0.172 seconds
[2026-05-07T20:48:41.760+0000] {processor.py:161} INFO - Started process (PID=3706) to work on /home/airflow/.local/lib/python3.12/site-packages/airflow/example_dags/example_dynamic_task_mapping.py
[2026-05-07T20:48:41.761+0000] {processor.py:830} INFO - Processing file /home/airflow/.local/lib/python3.12/site-packages/airflow/example_dags/example_dynamic_task_mapping.py for tasks to queue
[2026-05-07T20:48:41.764+0000] {logging_mixin.py:188} INFO - [2026-05-07T20:48:41.764+0000] {dagbag.py:545} INFO - Filling up the DagBag from /home/airflow/.local/lib/python3.12/site-packages/airflow/example_dags/example_dynamic_task_mapping.py
[2026-05-07T20:48:41.775+0000] {processor.py:840} INFO - DAG(s) 'example_dynamic_task_mapping' retrieved from /home/airflow/.local/lib/python3.12/site-packages/airflow/example_dags/example_dynamic_task_mapping.py
[2026-05-07T20:48:41.802+0000] {logging_mixin.py:188} INFO - [2026-05-07T20:48:41.802+0000] {dag.py:3096} INFO - Sync 1 DAGs
[2026-05-07T20:48:41.827+0000] {logging_mixin.py:188} INFO - [2026-05-07T20:48:41.827+0000] {dag.py:3954} INFO - Setting next_dagrun for example_dynamic_task_mapping to 2022-03-04 00:00:00+00:00, run_after=2022-03-05 00:00:00+00:00
[2026-05-07T20:48:41.856+0000] {processor.py:183} INFO - Processing /home/airflow/.local/lib/python3.12/site-packages/airflow/example_dags/example_dynamic_task_mapping.py took 0.103 seconds
[2026-05-07T20:49:12.253+0000] {processor.py:161} INFO - Started process (PID=3764) to work on /home/airflow/.local/lib/python3.12/site-packages/airflow/example_dags/example_dynamic_task_mapping.py
[2026-05-07T20:49:12.255+0000] {processor.py:830} INFO - Processing file /home/airflow/.local/lib/python3.12/site-packages/airflow/example_dags/example_dynamic_task_mapping.py for tasks to queue
[2026-05-07T20:49:12.260+0000] {logging_mixin.py:188} INFO - [2026-05-07T20:49:12.259+0000] {dagbag.py:545} INFO - Filling up the DagBag from /home/airflow/.local/lib/python3.12/site-packages/airflow/example_dags/example_dynamic_task_mapping.py
[2026-05-07T20:49:12.270+0000] {processor.py:840} INFO - DAG(s) 'example_dynamic_task_mapping' retrieved from /home/airflow/.local/lib/python3.12/site-packages/airflow/example_dags/example_dynamic_task_mapping.py
[2026-05-07T20:49:12.297+0000] {logging_mixin.py:188} INFO - [2026-05-07T20:49:12.297+0000] {dag.py:3096} INFO - Sync 1 DAGs
[2026-05-07T20:49:12.317+0000] {logging_mixin.py:188} INFO - [2026-05-07T20:49:12.317+0000] {dag.py:3954} INFO - Setting next_dagrun for example_dynamic_task_mapping to 2022-03-04 00:00:00+00:00, run_after=2022-03-05 00:00:00+00:00
[2026-05-07T20:49:12.341+0000] {processor.py:183} INFO - Processing /home/airflow/.local/lib/python3.12/site-packages/airflow/example_dags/example_dynamic_task_mapping.py took 0.100 seconds
[2026-05-07T20:49:42.812+0000] {processor.py:161} INFO - Started process (PID=3822) to work on /home/airflow/.local/lib/python3.12/site-packages/airflow/example_dags/example_dynamic_task_mapping.py
[2026-05-07T20:49:42.814+0000] {processor.py:830} INFO - Processing file /home/airflow/.local/lib/python3.12/site-packages/airflow/example_dags/example_dynamic_task_mapping.py for tasks to queue
[2026-05-07T20:49:42.817+0000] {logging_mixin.py:188} INFO - [2026-05-07T20:49:42.816+0000] {dagbag.py:545} INFO - Filling up the DagBag from /home/airflow/.local/lib/python3.12/site-packages/airflow/example_dags/example_dynamic_task_mapping.py
[2026-05-07T20:49:42.826+0000] {processor.py:840} INFO - DAG(s) 'example_dynamic_task_mapping' retrieved from /home/airflow/.local/lib/python3.12/site-packages/airflow/example_dags/example_dynamic_task_mapping.py
[2026-05-07T20:49:42.856+0000] {logging_mixin.py:188} INFO - [2026-05-07T20:49:42.855+0000] {dag.py:3096} INFO - Sync 1 DAGs
[2026-05-07T20:49:42.883+0000] {logging_mixin.py:188} INFO - [2026-05-07T20:49:42.882+0000] {dag.py:3954} INFO - Setting next_dagrun for example_dynamic_task_mapping to 2022-03-04 00:00:00+00:00, run_after=2022-03-05 00:00:00+00:00
[2026-05-07T20:49:42.906+0000] {processor.py:183} INFO - Processing /home/airflow/.local/lib/python3.12/site-packages/airflow/example_dags/example_dynamic_task_mapping.py took 0.100 seconds
[2026-05-07T20:50:13.368+0000] {processor.py:161} INFO - Started process (PID=3880) to work on /home/airflow/.local/lib/python3.12/site-packages/airflow/example_dags/example_dynamic_task_mapping.py
[2026-05-07T20:50:13.370+0000] {processor.py:830} INFO - Processing file /home/airflow/.local/lib/python3.12/site-packages/airflow/example_dags/example_dynamic_task_mapping.py for tasks to queue
[2026-05-07T20:50:13.374+0000] {logging_mixin.py:188} INFO - [2026-05-07T20:50:13.373+0000] {dagbag.py:545} INFO - Filling up the DagBag from /home/airflow/.local/lib/python3.12/site-packages/airflow/example_dags/example_dynamic_task_mapping.py
[2026-05-07T20:50:13.381+0000] {processor.py:840} INFO - DAG(s) 'example_dynamic_task_mapping' retrieved from /home/airflow/.local/lib/python3.12/site-packages/airflow/example_dags/example_dynamic_task_mapping.py
[2026-05-07T20:50:13.406+0000] {logging_mixin.py:188} INFO - [2026-05-07T20:50:13.406+0000] {dag.py:3096} INFO - Sync 1 DAGs
[2026-05-07T20:50:13.427+0000] {logging_mixin.py:188} INFO - [2026-05-07T20:50:13.427+0000] {dag.py:3954} INFO - Setting next_dagrun for example_dynamic_task_mapping to 2022-03-04 00:00:00+00:00, run_after=2022-03-05 00:00:00+00:00
[2026-05-07T20:50:13.531+0000] {processor.py:183} INFO - Processing /home/airflow/.local/lib/python3.12/site-packages/airflow/example_dags/example_dynamic_task_mapping.py took 0.168 seconds
[2026-05-07T20:50:43.949+0000] {processor.py:161} INFO - Started process (PID=3938) to work on /home/airflow/.local/lib/python3.12/site-packages/airflow/example_dags/example_dynamic_task_mapping.py
[2026-05-07T20:50:43.950+0000] {processor.py:830} INFO - Processing file /home/airflow/.local/lib/python3.12/site-packages/airflow/example_dags/example_dynamic_task_mapping.py for tasks to queue
[2026-05-07T20:50:43.953+0000] {logging_mixin.py:188} INFO - [2026-05-07T20:50:43.953+0000] {dagbag.py:545} INFO - Filling up the DagBag from /home/airflow/.local/lib/python3.12/site-packages/airflow/example_dags/example_dynamic_task_mapping.py
[2026-05-07T20:50:43.962+0000] {processor.py:840} INFO - DAG(s) 'example_dynamic_task_mapping' retrieved from /home/airflow/.local/lib/python3.12/site-packages/airflow/example_dags/example_dynamic_task_mapping.py
[2026-05-07T20:50:43.985+0000] {logging_mixin.py:188} INFO - [2026-05-07T20:50:43.985+0000] {dag.py:3096} INFO - Sync 1 DAGs
[2026-05-07T20:50:44.006+0000] {logging_mixin.py:188} INFO - [2026-05-07T20:50:44.006+0000] {dag.py:3954} INFO - Setting next_dagrun for example_dynamic_task_mapping to 2022-03-04 00:00:00+00:00, run_after=2022-03-05 00:00:00+00:00
[2026-05-07T20:50:44.101+0000] {processor.py:183} INFO - Processing /home/airflow/.local/lib/python3.12/site-packages/airflow/example_dags/example_dynamic_task_mapping.py took 0.160 seconds
[2026-05-07T20:51:14.373+0000] {processor.py:161} INFO - Started process (PID=3996) to work on /home/airflow/.local/lib/python3.12/site-packages/airflow/example_dags/example_dynamic_task_mapping.py
[2026-05-07T20:51:14.374+0000] {processor.py:830} INFO - Processing file /home/airflow/.local/lib/python3.12/site-packages/airflow/example_dags/example_dynamic_task_mapping.py for tasks to queue
[2026-05-07T20:51:14.377+0000] {logging_mixin.py:188} INFO - [2026-05-07T20:51:14.377+0000] {dagbag.py:545} INFO - Filling up the DagBag from /home/airflow/.local/lib/python3.12/site-packages/airflow/example_dags/example_dynamic_task_mapping.py
[2026-05-07T20:51:14.386+0000] {processor.py:840} INFO - DAG(s) 'example_dynamic_task_mapping' retrieved from /home/airflow/.local/lib/python3.12/site-packages/airflow/example_dags/example_dynamic_task_mapping.py
[2026-05-07T20:51:14.411+0000] {logging_mixin.py:188} INFO - [2026-05-07T20:51:14.411+0000] {dag.py:3096} INFO - Sync 1 DAGs
[2026-05-07T20:51:14.434+0000] {logging_mixin.py:188} INFO - [2026-05-07T20:51:14.434+0000] {dag.py:3954} INFO - Setting next_dagrun for example_dynamic_task_mapping to 2022-03-04 00:00:00+00:00, run_after=2022-03-05 00:00:00+00:00
[2026-05-07T20:51:14.455+0000] {processor.py:183} INFO - Processing /home/airflow/.local/lib/python3.12/site-packages/airflow/example_dags/example_dynamic_task_mapping.py took 0.090 seconds
[2026-05-07T20:51:44.965+0000] {processor.py:161} INFO - Started process (PID=4055) to work on /home/airflow/.local/lib/python3.12/site-packages/airflow/example_dags/example_dynamic_task_mapping.py
[2026-05-07T20:51:44.966+0000] {processor.py:830} INFO - Processing file /home/airflow/.local/lib/python3.12/site-packages/airflow/example_dags/example_dynamic_task_mapping.py for tasks to queue
[2026-05-07T20:51:44.969+0000] {logging_mixin.py:188} INFO - [2026-05-07T20:51:44.968+0000] {dagbag.py:545} INFO - Filling up the DagBag from /home/airflow/.local/lib/python3.12/site-packages/airflow/example_dags/example_dynamic_task_mapping.py
[2026-05-07T20:51:44.978+0000] {processor.py:840} INFO - DAG(s) 'example_dynamic_task_mapping' retrieved from /home/airflow/.local/lib/python3.12/site-packages/airflow/example_dags/example_dynamic_task_mapping.py
[2026-05-07T20:51:45.008+0000] {logging_mixin.py:188} INFO - [2026-05-07T20:51:45.008+0000] {dag.py:3096} INFO - Sync 1 DAGs
[2026-05-07T20:51:45.033+0000] {logging_mixin.py:188} INFO - [2026-05-07T20:51:45.032+0000] {dag.py:3954} INFO - Setting next_dagrun for example_dynamic_task_mapping to 2022-03-04 00:00:00+00:00, run_after=2022-03-05 00:00:00+00:00
[2026-05-07T20:51:45.085+0000] {processor.py:183} INFO - Processing /home/airflow/.local/lib/python3.12/site-packages/airflow/example_dags/example_dynamic_task_mapping.py took 0.127 seconds
[2026-05-07T20:52:16.052+0000] {processor.py:161} INFO - Started process (PID=4113) to work on /home/airflow/.local/lib/python3.12/site-packages/airflow/example_dags/example_dynamic_task_mapping.py
[2026-05-07T20:52:16.053+0000] {processor.py:830} INFO - Processing file /home/airflow/.local/lib/python3.12/site-packages/airflow/example_dags/example_dynamic_task_mapping.py for tasks to queue
[2026-05-07T20:52:16.057+0000] {logging_mixin.py:188} INFO - [2026-05-07T20:52:16.057+0000] {dagbag.py:545} INFO - Filling up the DagBag from /home/airflow/.local/lib/python3.12/site-packages/airflow/example_dags/example_dynamic_task_mapping.py
[2026-05-07T20:52:16.068+0000] {processor.py:840} INFO - DAG(s) 'example_dynamic_task_mapping' retrieved from /home/airflow/.local/lib/python3.12/site-packages/airflow/example_dags/example_dynamic_task_mapping.py
[2026-05-07T20:52:16.098+0000] {logging_mixin.py:188} INFO - [2026-05-07T20:52:16.098+0000] {dag.py:3096} INFO - Sync 1 DAGs
[2026-05-07T20:52:16.122+0000] {logging_mixin.py:188} INFO - [2026-05-07T20:52:16.122+0000] {dag.py:3954} INFO - Setting next_dagrun for example_dynamic_task_mapping to 2022-03-04 00:00:00+00:00, run_after=2022-03-05 00:00:00+00:00
[2026-05-07T20:52:16.212+0000] {processor.py:183} INFO - Processing /home/airflow/.local/lib/python3.12/site-packages/airflow/example_dags/example_dynamic_task_mapping.py took 0.168 seconds
[2026-05-07T20:52:46.634+0000] {processor.py:161} INFO - Started process (PID=4171) to work on /home/airflow/.local/lib/python3.12/site-packages/airflow/example_dags/example_dynamic_task_mapping.py
[2026-05-07T20:52:46.635+0000] {processor.py:830} INFO - Processing file /home/airflow/.local/lib/python3.12/site-packages/airflow/example_dags/example_dynamic_task_mapping.py for tasks to queue
[2026-05-07T20:52:46.637+0000] {logging_mixin.py:188} INFO - [2026-05-07T20:52:46.637+0000] {dagbag.py:545} INFO - Filling up the DagBag from /home/airflow/.local/lib/python3.12/site-packages/airflow/example_dags/example_dynamic_task_mapping.py
[2026-05-07T20:52:46.645+0000] {processor.py:840} INFO - DAG(s) 'example_dynamic_task_mapping' retrieved from /home/airflow/.local/lib/python3.12/site-packages/airflow/example_dags/example_dynamic_task_mapping.py
[2026-05-07T20:52:46.675+0000] {logging_mixin.py:188} INFO - [2026-05-07T20:52:46.674+0000] {dag.py:3096} INFO - Sync 1 DAGs
[2026-05-07T20:52:46.708+0000] {logging_mixin.py:188} INFO - [2026-05-07T20:52:46.708+0000] {dag.py:3954} INFO - Setting next_dagrun for example_dynamic_task_mapping to 2022-03-04 00:00:00+00:00, run_after=2022-03-05 00:00:00+00:00
[2026-05-07T20:52:46.804+0000] {processor.py:183} INFO - Processing /home/airflow/.local/lib/python3.12/site-packages/airflow/example_dags/example_dynamic_task_mapping.py took 0.177 seconds
[2026-05-07T20:53:17.043+0000] {processor.py:161} INFO - Started process (PID=4229) to work on /home/airflow/.local/lib/python3.12/site-packages/airflow/example_dags/example_dynamic_task_mapping.py
[2026-05-07T20:53:17.044+0000] {processor.py:830} INFO - Processing file /home/airflow/.local/lib/python3.12/site-packages/airflow/example_dags/example_dynamic_task_mapping.py for tasks to queue
[2026-05-07T20:53:17.047+0000] {logging_mixin.py:188} INFO - [2026-05-07T20:53:17.047+0000] {dagbag.py:545} INFO - Filling up the DagBag from /home/airflow/.local/lib/python3.12/site-packages/airflow/example_dags/example_dynamic_task_mapping.py
[2026-05-07T20:53:17.057+0000] {processor.py:840} INFO - DAG(s) 'example_dynamic_task_mapping' retrieved from /home/airflow/.local/lib/python3.12/site-packages/airflow/example_dags/example_dynamic_task_mapping.py
[2026-05-07T20:53:17.087+0000] {logging_mixin.py:188} INFO - [2026-05-07T20:53:17.087+0000] {dag.py:3096} INFO - Sync 1 DAGs
[2026-05-07T20:53:17.116+0000] {logging_mixin.py:188} INFO - [2026-05-07T20:53:17.115+0000] {dag.py:3954} INFO - Setting next_dagrun for example_dynamic_task_mapping to 2022-03-04 00:00:00+00:00, run_after=2022-03-05 00:00:00+00:00
[2026-05-07T20:53:17.146+0000] {processor.py:183} INFO - Processing /home/airflow/.local/lib/python3.12/site-packages/airflow/example_dags/example_dynamic_task_mapping.py took 0.111 seconds
[2026-05-07T20:53:47.471+0000] {processor.py:161} INFO - Started process (PID=4287) to work on /home/airflow/.local/lib/python3.12/site-packages/airflow/example_dags/example_dynamic_task_mapping.py
[2026-05-07T20:53:47.473+0000] {processor.py:830} INFO - Processing file /home/airflow/.local/lib/python3.12/site-packages/airflow/example_dags/example_dynamic_task_mapping.py for tasks to queue
[2026-05-07T20:53:47.476+0000] {logging_mixin.py:188} INFO - [2026-05-07T20:53:47.475+0000] {dagbag.py:545} INFO - Filling up the DagBag from /home/airflow/.local/lib/python3.12/site-packages/airflow/example_dags/example_dynamic_task_mapping.py
[2026-05-07T20:53:47.486+0000] {processor.py:840} INFO - DAG(s) 'example_dynamic_task_mapping' retrieved from /home/airflow/.local/lib/python3.12/site-packages/airflow/example_dags/example_dynamic_task_mapping.py
[2026-05-07T20:53:47.514+0000] {logging_mixin.py:188} INFO - [2026-05-07T20:53:47.513+0000] {dag.py:3096} INFO - Sync 1 DAGs
[2026-05-07T20:53:47.546+0000] {logging_mixin.py:188} INFO - [2026-05-07T20:53:47.546+0000] {dag.py:3954} INFO - Setting next_dagrun for example_dynamic_task_mapping to 2022-03-04 00:00:00+00:00, run_after=2022-03-05 00:00:00+00:00
[2026-05-07T20:53:47.569+0000] {processor.py:183} INFO - Processing /home/airflow/.local/lib/python3.12/site-packages/airflow/example_dags/example_dynamic_task_mapping.py took 0.105 seconds
[2026-05-07T20:54:18.333+0000] {processor.py:161} INFO - Started process (PID=4345) to work on /home/airflow/.local/lib/python3.12/site-packages/airflow/example_dags/example_dynamic_task_mapping.py
[2026-05-07T20:54:18.335+0000] {processor.py:830} INFO - Processing file /home/airflow/.local/lib/python3.12/site-packages/airflow/example_dags/example_dynamic_task_mapping.py for tasks to queue
[2026-05-07T20:54:18.340+0000] {logging_mixin.py:188} INFO - [2026-05-07T20:54:18.339+0000] {dagbag.py:545} INFO - Filling up the DagBag from /home/airflow/.local/lib/python3.12/site-packages/airflow/example_dags/example_dynamic_task_mapping.py
[2026-05-07T20:54:18.353+0000] {processor.py:840} INFO - DAG(s) 'example_dynamic_task_mapping' retrieved from /home/airflow/.local/lib/python3.12/site-packages/airflow/example_dags/example_dynamic_task_mapping.py
[2026-05-07T20:54:18.387+0000] {logging_mixin.py:188} INFO - [2026-05-07T20:54:18.387+0000] {dag.py:3096} INFO - Sync 1 DAGs
[2026-05-07T20:54:18.407+0000] {logging_mixin.py:188} INFO - [2026-05-07T20:54:18.407+0000] {dag.py:3954} INFO - Setting next_dagrun for example_dynamic_task_mapping to 2022-03-04 00:00:00+00:00, run_after=2022-03-05 00:00:00+00:00
[2026-05-07T20:54:18.502+0000] {processor.py:183} INFO - Processing /home/airflow/.local/lib/python3.12/site-packages/airflow/example_dags/example_dynamic_task_mapping.py took 0.180 seconds
[2026-05-07T20:54:48.606+0000] {processor.py:161} INFO - Started process (PID=4403) to work on /home/airflow/.local/lib/python3.12/site-packages/airflow/example_dags/example_dynamic_task_mapping.py
[2026-05-07T20:54:48.608+0000] {processor.py:830} INFO - Processing file /home/airflow/.local/lib/python3.12/site-packages/airflow/example_dags/example_dynamic_task_mapping.py for tasks to queue
[2026-05-07T20:54:48.611+0000] {logging_mixin.py:188} INFO - [2026-05-07T20:54:48.611+0000] {dagbag.py:545} INFO - Filling up the DagBag from /home/airflow/.local/lib/python3.12/site-packages/airflow/example_dags/example_dynamic_task_mapping.py
[2026-05-07T20:54:48.618+0000] {processor.py:840} INFO - DAG(s) 'example_dynamic_task_mapping' retrieved from /home/airflow/.local/lib/python3.12/site-packages/airflow/example_dags/example_dynamic_task_mapping.py
[2026-05-07T20:54:48.638+0000] {logging_mixin.py:188} INFO - [2026-05-07T20:54:48.638+0000] {dag.py:3096} INFO - Sync 1 DAGs
[2026-05-07T20:54:48.657+0000] {logging_mixin.py:188} INFO - [2026-05-07T20:54:48.657+0000] {dag.py:3954} INFO - Setting next_dagrun for example_dynamic_task_mapping to 2022-03-04 00:00:00+00:00, run_after=2022-03-05 00:00:00+00:00
[2026-05-07T20:54:48.676+0000] {processor.py:183} INFO - Processing /home/airflow/.local/lib/python3.12/site-packages/airflow/example_dags/example_dynamic_task_mapping.py took 0.077 seconds
[2026-05-07T20:55:18.875+0000] {processor.py:161} INFO - Started process (PID=4461) to work on /home/airflow/.local/lib/python3.12/site-packages/airflow/example_dags/example_dynamic_task_mapping.py
[2026-05-07T20:55:18.877+0000] {processor.py:830} INFO - Processing file /home/airflow/.local/lib/python3.12/site-packages/airflow/example_dags/example_dynamic_task_mapping.py for tasks to queue
[2026-05-07T20:55:18.879+0000] {logging_mixin.py:188} INFO - [2026-05-07T20:55:18.879+0000] {dagbag.py:545} INFO - Filling up the DagBag from /home/airflow/.local/lib/python3.12/site-packages/airflow/example_dags/example_dynamic_task_mapping.py
[2026-05-07T20:55:18.889+0000] {processor.py:840} INFO - DAG(s) 'example_dynamic_task_mapping' retrieved from /home/airflow/.local/lib/python3.12/site-packages/airflow/example_dags/example_dynamic_task_mapping.py
[2026-05-07T20:55:18.911+0000] {logging_mixin.py:188} INFO - [2026-05-07T20:55:18.910+0000] {dag.py:3096} INFO - Sync 1 DAGs
[2026-05-07T20:55:18.930+0000] {logging_mixin.py:188} INFO - [2026-05-07T20:55:18.930+0000] {dag.py:3954} INFO - Setting next_dagrun for example_dynamic_task_mapping to 2022-03-04 00:00:00+00:00, run_after=2022-03-05 00:00:00+00:00
[2026-05-07T20:55:18.948+0000] {processor.py:183} INFO - Processing /home/airflow/.local/lib/python3.12/site-packages/airflow/example_dags/example_dynamic_task_mapping.py took 0.079 seconds
[2026-05-07T20:55:49.332+0000] {processor.py:161} INFO - Started process (PID=4519) to work on /home/airflow/.local/lib/python3.12/site-packages/airflow/example_dags/example_dynamic_task_mapping.py
[2026-05-07T20:55:49.334+0000] {processor.py:830} INFO - Processing file /home/airflow/.local/lib/python3.12/site-packages/airflow/example_dags/example_dynamic_task_mapping.py for tasks to queue
[2026-05-07T20:55:49.336+0000] {logging_mixin.py:188} INFO - [2026-05-07T20:55:49.336+0000] {dagbag.py:545} INFO - Filling up the DagBag from /home/airflow/.local/lib/python3.12/site-packages/airflow/example_dags/example_dynamic_task_mapping.py
[2026-05-07T20:55:49.346+0000] {processor.py:840} INFO - DAG(s) 'example_dynamic_task_mapping' retrieved from /home/airflow/.local/lib/python3.12/site-packages/airflow/example_dags/example_dynamic_task_mapping.py
[2026-05-07T20:55:49.372+0000] {logging_mixin.py:188} INFO - [2026-05-07T20:55:49.371+0000] {dag.py:3096} INFO - Sync 1 DAGs
[2026-05-07T20:55:49.396+0000] {logging_mixin.py:188} INFO - [2026-05-07T20:55:49.396+0000] {dag.py:3954} INFO - Setting next_dagrun for example_dynamic_task_mapping to 2022-03-04 00:00:00+00:00, run_after=2022-03-05 00:00:00+00:00
[2026-05-07T20:55:49.419+0000] {processor.py:183} INFO - Processing /home/airflow/.local/lib/python3.12/site-packages/airflow/example_dags/example_dynamic_task_mapping.py took 0.093 seconds
[2026-05-07T20:56:19.828+0000] {processor.py:161} INFO - Started process (PID=4577) to work on /home/airflow/.local/lib/python3.12/site-packages/airflow/example_dags/example_dynamic_task_mapping.py
[2026-05-07T20:56:19.830+0000] {processor.py:830} INFO - Processing file /home/airflow/.local/lib/python3.12/site-packages/airflow/example_dags/example_dynamic_task_mapping.py for tasks to queue
[2026-05-07T20:56:19.833+0000] {logging_mixin.py:188} INFO - [2026-05-07T20:56:19.833+0000] {dagbag.py:545} INFO - Filling up the DagBag from /home/airflow/.local/lib/python3.12/site-packages/airflow/example_dags/example_dynamic_task_mapping.py
[2026-05-07T20:56:19.840+0000] {processor.py:840} INFO - DAG(s) 'example_dynamic_task_mapping' retrieved from /home/airflow/.local/lib/python3.12/site-packages/airflow/example_dags/example_dynamic_task_mapping.py
[2026-05-07T20:56:19.862+0000] {logging_mixin.py:188} INFO - [2026-05-07T20:56:19.861+0000] {dag.py:3096} INFO - Sync 1 DAGs
[2026-05-07T20:56:19.883+0000] {logging_mixin.py:188} INFO - [2026-05-07T20:56:19.883+0000] {dag.py:3954} INFO - Setting next_dagrun for example_dynamic_task_mapping to 2022-03-04 00:00:00+00:00, run_after=2022-03-05 00:00:00+00:00
[2026-05-07T20:56:19.971+0000] {processor.py:183} INFO - Processing /home/airflow/.local/lib/python3.12/site-packages/airflow/example_dags/example_dynamic_task_mapping.py took 0.149 seconds
[2026-05-07T20:56:50.165+0000] {processor.py:161} INFO - Started process (PID=4635) to work on /home/airflow/.local/lib/python3.12/site-packages/airflow/example_dags/example_dynamic_task_mapping.py
[2026-05-07T20:56:50.167+0000] {processor.py:830} INFO - Processing file /home/airflow/.local/lib/python3.12/site-packages/airflow/example_dags/example_dynamic_task_mapping.py for tasks to queue
[2026-05-07T20:56:50.170+0000] {logging_mixin.py:188} INFO - [2026-05-07T20:56:50.170+0000] {dagbag.py:545} INFO - Filling up the DagBag from /home/airflow/.local/lib/python3.12/site-packages/airflow/example_dags/example_dynamic_task_mapping.py
[2026-05-07T20:56:50.181+0000] {processor.py:840} INFO - DAG(s) 'example_dynamic_task_mapping' retrieved from /home/airflow/.local/lib/python3.12/site-packages/airflow/example_dags/example_dynamic_task_mapping.py
[2026-05-07T20:56:50.203+0000] {logging_mixin.py:188} INFO - [2026-05-07T20:56:50.203+0000] {dag.py:3096} INFO - Sync 1 DAGs
[2026-05-07T20:56:50.225+0000] {logging_mixin.py:188} INFO - [2026-05-07T20:56:50.225+0000] {dag.py:3954} INFO - Setting next_dagrun for example_dynamic_task_mapping to 2022-03-04 00:00:00+00:00, run_after=2022-03-05 00:00:00+00:00
[2026-05-07T20:56:50.245+0000] {processor.py:183} INFO - Processing /home/airflow/.local/lib/python3.12/site-packages/airflow/example_dags/example_dynamic_task_mapping.py took 0.088 seconds
[2026-05-07T20:57:20.704+0000] {processor.py:161} INFO - Started process (PID=4693) to work on /home/airflow/.local/lib/python3.12/site-packages/airflow/example_dags/example_dynamic_task_mapping.py
[2026-05-07T20:57:20.706+0000] {processor.py:830} INFO - Processing file /home/airflow/.local/lib/python3.12/site-packages/airflow/example_dags/example_dynamic_task_mapping.py for tasks to queue
[2026-05-07T20:57:20.709+0000] {logging_mixin.py:188} INFO - [2026-05-07T20:57:20.709+0000] {dagbag.py:545} INFO - Filling up the DagBag from /home/airflow/.local/lib/python3.12/site-packages/airflow/example_dags/example_dynamic_task_mapping.py
[2026-05-07T20:57:20.721+0000] {processor.py:840} INFO - DAG(s) 'example_dynamic_task_mapping' retrieved from /home/airflow/.local/lib/python3.12/site-packages/airflow/example_dags/example_dynamic_task_mapping.py
[2026-05-07T20:57:20.758+0000] {logging_mixin.py:188} INFO - [2026-05-07T20:57:20.757+0000] {dag.py:3096} INFO - Sync 1 DAGs
[2026-05-07T20:57:20.793+0000] {logging_mixin.py:188} INFO - [2026-05-07T20:57:20.792+0000] {dag.py:3954} INFO - Setting next_dagrun for example_dynamic_task_mapping to 2022-03-04 00:00:00+00:00, run_after=2022-03-05 00:00:00+00:00
[2026-05-07T20:57:20.830+0000] {processor.py:183} INFO - Processing /home/airflow/.local/lib/python3.12/site-packages/airflow/example_dags/example_dynamic_task_mapping.py took 0.134 seconds
[2026-05-07T20:57:51.274+0000] {processor.py:161} INFO - Started process (PID=4751) to work on /home/airflow/.local/lib/python3.12/site-packages/airflow/example_dags/example_dynamic_task_mapping.py
[2026-05-07T20:57:51.276+0000] {processor.py:830} INFO - Processing file /home/airflow/.local/lib/python3.12/site-packages/airflow/example_dags/example_dynamic_task_mapping.py for tasks to queue
[2026-05-07T20:57:51.279+0000] {logging_mixin.py:188} INFO - [2026-05-07T20:57:51.278+0000] {dagbag.py:545} INFO - Filling up the DagBag from /home/airflow/.local/lib/python3.12/site-packages/airflow/example_dags/example_dynamic_task_mapping.py
[2026-05-07T20:57:51.287+0000] {processor.py:840} INFO - DAG(s) 'example_dynamic_task_mapping' retrieved from /home/airflow/.local/lib/python3.12/site-packages/airflow/example_dags/example_dynamic_task_mapping.py
[2026-05-07T20:57:51.309+0000] {logging_mixin.py:188} INFO - [2026-05-07T20:57:51.309+0000] {dag.py:3096} INFO - Sync 1 DAGs
[2026-05-07T20:57:51.335+0000] {logging_mixin.py:188} INFO - [2026-05-07T20:57:51.335+0000] {dag.py:3954} INFO - Setting next_dagrun for example_dynamic_task_mapping to 2022-03-04 00:00:00+00:00, run_after=2022-03-05 00:00:00+00:00
[2026-05-07T20:57:51.423+0000] {processor.py:183} INFO - Processing /home/airflow/.local/lib/python3.12/site-packages/airflow/example_dags/example_dynamic_task_mapping.py took 0.154 seconds
[2026-05-07T20:58:21.682+0000] {processor.py:161} INFO - Started process (PID=4807) to work on /home/airflow/.local/lib/python3.12/site-packages/airflow/example_dags/example_dynamic_task_mapping.py
[2026-05-07T20:58:21.684+0000] {processor.py:830} INFO - Processing file /home/airflow/.local/lib/python3.12/site-packages/airflow/example_dags/example_dynamic_task_mapping.py for tasks to queue
[2026-05-07T20:58:21.687+0000] {logging_mixin.py:188} INFO - [2026-05-07T20:58:21.687+0000] {dagbag.py:545} INFO - Filling up the DagBag from /home/airflow/.local/lib/python3.12/site-packages/airflow/example_dags/example_dynamic_task_mapping.py
[2026-05-07T20:58:21.696+0000] {processor.py:840} INFO - DAG(s) 'example_dynamic_task_mapping' retrieved from /home/airflow/.local/lib/python3.12/site-packages/airflow/example_dags/example_dynamic_task_mapping.py
[2026-05-07T20:58:21.716+0000] {logging_mixin.py:188} INFO - [2026-05-07T20:58:21.716+0000] {dag.py:3096} INFO - Sync 1 DAGs
[2026-05-07T20:58:21.737+0000] {logging_mixin.py:188} INFO - [2026-05-07T20:58:21.737+0000] {dag.py:3954} INFO - Setting next_dagrun for example_dynamic_task_mapping to 2022-03-04 00:00:00+00:00, run_after=2022-03-05 00:00:00+00:00
[2026-05-07T20:58:21.764+0000] {processor.py:183} INFO - Processing /home/airflow/.local/lib/python3.12/site-packages/airflow/example_dags/example_dynamic_task_mapping.py took 0.089 seconds
[2026-05-07T20:58:52.368+0000] {processor.py:161} INFO - Started process (PID=4865) to work on /home/airflow/.local/lib/python3.12/site-packages/airflow/example_dags/example_dynamic_task_mapping.py
[2026-05-07T20:58:52.370+0000] {processor.py:830} INFO - Processing file /home/airflow/.local/lib/python3.12/site-packages/airflow/example_dags/example_dynamic_task_mapping.py for tasks to queue
[2026-05-07T20:58:52.376+0000] {logging_mixin.py:188} INFO - [2026-05-07T20:58:52.375+0000] {dagbag.py:545} INFO - Filling up the DagBag from /home/airflow/.local/lib/python3.12/site-packages/airflow/example_dags/example_dynamic_task_mapping.py
[2026-05-07T20:58:52.392+0000] {processor.py:840} INFO - DAG(s) 'example_dynamic_task_mapping' retrieved from /home/airflow/.local/lib/python3.12/site-packages/airflow/example_dags/example_dynamic_task_mapping.py
[2026-05-07T20:58:52.433+0000] {logging_mixin.py:188} INFO - [2026-05-07T20:58:52.432+0000] {dag.py:3096} INFO - Sync 1 DAGs
[2026-05-07T20:58:52.477+0000] {logging_mixin.py:188} INFO - [2026-05-07T20:58:52.476+0000] {dag.py:3954} INFO - Setting next_dagrun for example_dynamic_task_mapping to 2022-03-04 00:00:00+00:00, run_after=2022-03-05 00:00:00+00:00
[2026-05-07T20:58:52.516+0000] {processor.py:183} INFO - Processing /home/airflow/.local/lib/python3.12/site-packages/airflow/example_dags/example_dynamic_task_mapping.py took 0.162 seconds
[2026-05-07T20:59:22.898+0000] {processor.py:161} INFO - Started process (PID=4924) to work on /home/airflow/.local/lib/python3.12/site-packages/airflow/example_dags/example_dynamic_task_mapping.py
[2026-05-07T20:59:22.901+0000] {processor.py:830} INFO - Processing file /home/airflow/.local/lib/python3.12/site-packages/airflow/example_dags/example_dynamic_task_mapping.py for tasks to queue
[2026-05-07T20:59:22.904+0000] {logging_mixin.py:188} INFO - [2026-05-07T20:59:22.904+0000] {dagbag.py:545} INFO - Filling up the DagBag from /home/airflow/.local/lib/python3.12/site-packages/airflow/example_dags/example_dynamic_task_mapping.py
[2026-05-07T20:59:22.918+0000] {processor.py:840} INFO - DAG(s) 'example_dynamic_task_mapping' retrieved from /home/airflow/.local/lib/python3.12/site-packages/airflow/example_dags/example_dynamic_task_mapping.py
[2026-05-07T20:59:22.963+0000] {logging_mixin.py:188} INFO - [2026-05-07T20:59:22.962+0000] {dag.py:3096} INFO - Sync 1 DAGs
[2026-05-07T20:59:22.997+0000] {logging_mixin.py:188} INFO - [2026-05-07T20:59:22.997+0000] {dag.py:3954} INFO - Setting next_dagrun for example_dynamic_task_mapping to 2022-03-04 00:00:00+00:00, run_after=2022-03-05 00:00:00+00:00
[2026-05-07T20:59:23.037+0000] {processor.py:183} INFO - Processing /home/airflow/.local/lib/python3.12/site-packages/airflow/example_dags/example_dynamic_task_mapping.py took 0.150 seconds
[2026-05-07T20:59:53.214+0000] {processor.py:161} INFO - Started process (PID=4982) to work on /home/airflow/.local/lib/python3.12/site-packages/airflow/example_dags/example_dynamic_task_mapping.py
[2026-05-07T20:59:53.217+0000] {processor.py:830} INFO - Processing file /home/airflow/.local/lib/python3.12/site-packages/airflow/example_dags/example_dynamic_task_mapping.py for tasks to queue
[2026-05-07T20:59:53.221+0000] {logging_mixin.py:188} INFO - [2026-05-07T20:59:53.220+0000] {dagbag.py:545} INFO - Filling up the DagBag from /home/airflow/.local/lib/python3.12/site-packages/airflow/example_dags/example_dynamic_task_mapping.py
[2026-05-07T20:59:53.231+0000] {processor.py:840} INFO - DAG(s) 'example_dynamic_task_mapping' retrieved from /home/airflow/.local/lib/python3.12/site-packages/airflow/example_dags/example_dynamic_task_mapping.py
[2026-05-07T20:59:53.258+0000] {logging_mixin.py:188} INFO - [2026-05-07T20:59:53.258+0000] {dag.py:3096} INFO - Sync 1 DAGs
[2026-05-07T20:59:53.286+0000] {logging_mixin.py:188} INFO - [2026-05-07T20:59:53.286+0000] {dag.py:3954} INFO - Setting next_dagrun for example_dynamic_task_mapping to 2022-03-04 00:00:00+00:00, run_after=2022-03-05 00:00:00+00:00
[2026-05-07T20:59:53.311+0000] {processor.py:183} INFO - Processing /home/airflow/.local/lib/python3.12/site-packages/airflow/example_dags/example_dynamic_task_mapping.py took 0.105 seconds
[2026-05-07T21:00:23.600+0000] {processor.py:161} INFO - Started process (PID=5040) to work on /home/airflow/.local/lib/python3.12/site-packages/airflow/example_dags/example_dynamic_task_mapping.py
[2026-05-07T21:00:23.601+0000] {processor.py:830} INFO - Processing file /home/airflow/.local/lib/python3.12/site-packages/airflow/example_dags/example_dynamic_task_mapping.py for tasks to queue
[2026-05-07T21:00:23.604+0000] {logging_mixin.py:188} INFO - [2026-05-07T21:00:23.604+0000] {dagbag.py:545} INFO - Filling up the DagBag from /home/airflow/.local/lib/python3.12/site-packages/airflow/example_dags/example_dynamic_task_mapping.py
[2026-05-07T21:00:23.611+0000] {processor.py:840} INFO - DAG(s) 'example_dynamic_task_mapping' retrieved from /home/airflow/.local/lib/python3.12/site-packages/airflow/example_dags/example_dynamic_task_mapping.py
[2026-05-07T21:00:23.634+0000] {logging_mixin.py:188} INFO - [2026-05-07T21:00:23.634+0000] {dag.py:3096} INFO - Sync 1 DAGs
[2026-05-07T21:00:23.660+0000] {logging_mixin.py:188} INFO - [2026-05-07T21:00:23.659+0000] {dag.py:3954} INFO - Setting next_dagrun for example_dynamic_task_mapping to 2022-03-04 00:00:00+00:00, run_after=2022-03-05 00:00:00+00:00
[2026-05-07T21:00:23.683+0000] {processor.py:183} INFO - Processing /home/airflow/.local/lib/python3.12/site-packages/airflow/example_dags/example_dynamic_task_mapping.py took 0.089 seconds
[2026-05-07T21:00:54.114+0000] {processor.py:161} INFO - Started process (PID=5098) to work on /home/airflow/.local/lib/python3.12/site-packages/airflow/example_dags/example_dynamic_task_mapping.py
[2026-05-07T21:00:54.115+0000] {processor.py:830} INFO - Processing file /home/airflow/.local/lib/python3.12/site-packages/airflow/example_dags/example_dynamic_task_mapping.py for tasks to queue
[2026-05-07T21:00:54.117+0000] {logging_mixin.py:188} INFO - [2026-05-07T21:00:54.117+0000] {dagbag.py:545} INFO - Filling up the DagBag from /home/airflow/.local/lib/python3.12/site-packages/airflow/example_dags/example_dynamic_task_mapping.py
[2026-05-07T21:00:54.126+0000] {processor.py:840} INFO - DAG(s) 'example_dynamic_task_mapping' retrieved from /home/airflow/.local/lib/python3.12/site-packages/airflow/example_dags/example_dynamic_task_mapping.py
[2026-05-07T21:00:54.149+0000] {logging_mixin.py:188} INFO - [2026-05-07T21:00:54.148+0000] {dag.py:3096} INFO - Sync 1 DAGs
[2026-05-07T21:00:54.171+0000] {logging_mixin.py:188} INFO - [2026-05-07T21:00:54.171+0000] {dag.py:3954} INFO - Setting next_dagrun for example_dynamic_task_mapping to 2022-03-04 00:00:00+00:00, run_after=2022-03-05 00:00:00+00:00
[2026-05-07T21:00:54.193+0000] {processor.py:183} INFO - Processing /home/airflow/.local/lib/python3.12/site-packages/airflow/example_dags/example_dynamic_task_mapping.py took 0.085 seconds
[2026-05-07T21:01:24.760+0000] {processor.py:161} INFO - Started process (PID=5156) to work on /home/airflow/.local/lib/python3.12/site-packages/airflow/example_dags/example_dynamic_task_mapping.py
[2026-05-07T21:01:24.762+0000] {processor.py:830} INFO - Processing file /home/airflow/.local/lib/python3.12/site-packages/airflow/example_dags/example_dynamic_task_mapping.py for tasks to queue
[2026-05-07T21:01:24.765+0000] {logging_mixin.py:188} INFO - [2026-05-07T21:01:24.764+0000] {dagbag.py:545} INFO - Filling up the DagBag from /home/airflow/.local/lib/python3.12/site-packages/airflow/example_dags/example_dynamic_task_mapping.py
[2026-05-07T21:01:24.772+0000] {processor.py:840} INFO - DAG(s) 'example_dynamic_task_mapping' retrieved from /home/airflow/.local/lib/python3.12/site-packages/airflow/example_dags/example_dynamic_task_mapping.py
[2026-05-07T21:01:24.794+0000] {logging_mixin.py:188} INFO - [2026-05-07T21:01:24.794+0000] {dag.py:3096} INFO - Sync 1 DAGs
[2026-05-07T21:01:24.820+0000] {logging_mixin.py:188} INFO - [2026-05-07T21:01:24.820+0000] {dag.py:3954} INFO - Setting next_dagrun for example_dynamic_task_mapping to 2022-03-04 00:00:00+00:00, run_after=2022-03-05 00:00:00+00:00
[2026-05-07T21:01:24.841+0000] {processor.py:183} INFO - Processing /home/airflow/.local/lib/python3.12/site-packages/airflow/example_dags/example_dynamic_task_mapping.py took 0.087 seconds
[2026-05-07T21:01:55.310+0000] {processor.py:161} INFO - Started process (PID=5214) to work on /home/airflow/.local/lib/python3.12/site-packages/airflow/example_dags/example_dynamic_task_mapping.py
[2026-05-07T21:01:55.311+0000] {processor.py:830} INFO - Processing file /home/airflow/.local/lib/python3.12/site-packages/airflow/example_dags/example_dynamic_task_mapping.py for tasks to queue
[2026-05-07T21:01:55.313+0000] {logging_mixin.py:188} INFO - [2026-05-07T21:01:55.313+0000] {dagbag.py:545} INFO - Filling up the DagBag from /home/airflow/.local/lib/python3.12/site-packages/airflow/example_dags/example_dynamic_task_mapping.py
[2026-05-07T21:01:55.320+0000] {processor.py:840} INFO - DAG(s) 'example_dynamic_task_mapping' retrieved from /home/airflow/.local/lib/python3.12/site-packages/airflow/example_dags/example_dynamic_task_mapping.py
[2026-05-07T21:01:55.339+0000] {logging_mixin.py:188} INFO - [2026-05-07T21:01:55.339+0000] {dag.py:3096} INFO - Sync 1 DAGs
[2026-05-07T21:01:55.359+0000] {logging_mixin.py:188} INFO - [2026-05-07T21:01:55.359+0000] {dag.py:3954} INFO - Setting next_dagrun for example_dynamic_task_mapping to 2022-03-04 00:00:00+00:00, run_after=2022-03-05 00:00:00+00:00
[2026-05-07T21:01:55.379+0000] {processor.py:183} INFO - Processing /home/airflow/.local/lib/python3.12/site-packages/airflow/example_dags/example_dynamic_task_mapping.py took 0.075 seconds
[2026-05-07T21:02:25.673+0000] {processor.py:161} INFO - Started process (PID=5272) to work on /home/airflow/.local/lib/python3.12/site-packages/airflow/example_dags/example_dynamic_task_mapping.py
[2026-05-07T21:02:25.675+0000] {processor.py:830} INFO - Processing file /home/airflow/.local/lib/python3.12/site-packages/airflow/example_dags/example_dynamic_task_mapping.py for tasks to queue
[2026-05-07T21:02:25.677+0000] {logging_mixin.py:188} INFO - [2026-05-07T21:02:25.677+0000] {dagbag.py:545} INFO - Filling up the DagBag from /home/airflow/.local/lib/python3.12/site-packages/airflow/example_dags/example_dynamic_task_mapping.py
[2026-05-07T21:02:25.684+0000] {processor.py:840} INFO - DAG(s) 'example_dynamic_task_mapping' retrieved from /home/airflow/.local/lib/python3.12/site-packages/airflow/example_dags/example_dynamic_task_mapping.py
[2026-05-07T21:02:25.707+0000] {logging_mixin.py:188} INFO - [2026-05-07T21:02:25.707+0000] {dag.py:3096} INFO - Sync 1 DAGs
[2026-05-07T21:02:25.733+0000] {logging_mixin.py:188} INFO - [2026-05-07T21:02:25.732+0000] {dag.py:3954} INFO - Setting next_dagrun for example_dynamic_task_mapping to 2022-03-04 00:00:00+00:00, run_after=2022-03-05 00:00:00+00:00
[2026-05-07T21:02:25.759+0000] {processor.py:183} INFO - Processing /home/airflow/.local/lib/python3.12/site-packages/airflow/example_dags/example_dynamic_task_mapping.py took 0.092 seconds
[2026-05-07T21:02:56.671+0000] {processor.py:161} INFO - Started process (PID=5330) to work on /home/airflow/.local/lib/python3.12/site-packages/airflow/example_dags/example_dynamic_task_mapping.py
[2026-05-07T21:02:56.672+0000] {processor.py:830} INFO - Processing file /home/airflow/.local/lib/python3.12/site-packages/airflow/example_dags/example_dynamic_task_mapping.py for tasks to queue
[2026-05-07T21:02:56.675+0000] {logging_mixin.py:188} INFO - [2026-05-07T21:02:56.675+0000] {dagbag.py:545} INFO - Filling up the DagBag from /home/airflow/.local/lib/python3.12/site-packages/airflow/example_dags/example_dynamic_task_mapping.py
[2026-05-07T21:02:56.687+0000] {processor.py:840} INFO - DAG(s) 'example_dynamic_task_mapping' retrieved from /home/airflow/.local/lib/python3.12/site-packages/airflow/example_dags/example_dynamic_task_mapping.py
[2026-05-07T21:02:56.716+0000] {logging_mixin.py:188} INFO - [2026-05-07T21:02:56.716+0000] {dag.py:3096} INFO - Sync 1 DAGs
[2026-05-07T21:02:56.750+0000] {logging_mixin.py:188} INFO - [2026-05-07T21:02:56.749+0000] {dag.py:3954} INFO - Setting next_dagrun for example_dynamic_task_mapping to 2022-03-04 00:00:00+00:00, run_after=2022-03-05 00:00:00+00:00
[2026-05-07T21:02:56.786+0000] {processor.py:183} INFO - Processing /home/airflow/.local/lib/python3.12/site-packages/airflow/example_dags/example_dynamic_task_mapping.py took 0.121 seconds
[2026-05-07T21:03:26.954+0000] {processor.py:161} INFO - Started process (PID=5388) to work on /home/airflow/.local/lib/python3.12/site-packages/airflow/example_dags/example_dynamic_task_mapping.py
[2026-05-07T21:03:26.956+0000] {processor.py:830} INFO - Processing file /home/airflow/.local/lib/python3.12/site-packages/airflow/example_dags/example_dynamic_task_mapping.py for tasks to queue
[2026-05-07T21:03:26.958+0000] {logging_mixin.py:188} INFO - [2026-05-07T21:03:26.958+0000] {dagbag.py:545} INFO - Filling up the DagBag from /home/airflow/.local/lib/python3.12/site-packages/airflow/example_dags/example_dynamic_task_mapping.py
[2026-05-07T21:03:26.967+0000] {processor.py:840} INFO - DAG(s) 'example_dynamic_task_mapping' retrieved from /home/airflow/.local/lib/python3.12/site-packages/airflow/example_dags/example_dynamic_task_mapping.py
[2026-05-07T21:03:26.994+0000] {logging_mixin.py:188} INFO - [2026-05-07T21:03:26.994+0000] {dag.py:3096} INFO - Sync 1 DAGs
[2026-05-07T21:03:27.018+0000] {logging_mixin.py:188} INFO - [2026-05-07T21:03:27.018+0000] {dag.py:3954} INFO - Setting next_dagrun for example_dynamic_task_mapping to 2022-03-04 00:00:00+00:00, run_after=2022-03-05 00:00:00+00:00
[2026-05-07T21:03:27.040+0000] {processor.py:183} INFO - Processing /home/airflow/.local/lib/python3.12/site-packages/airflow/example_dags/example_dynamic_task_mapping.py took 0.093 seconds
[2026-05-07T21:03:58.184+0000] {processor.py:161} INFO - Started process (PID=5446) to work on /home/airflow/.local/lib/python3.12/site-packages/airflow/example_dags/example_dynamic_task_mapping.py
[2026-05-07T21:03:58.192+0000] {processor.py:830} INFO - Processing file /home/airflow/.local/lib/python3.12/site-packages/airflow/example_dags/example_dynamic_task_mapping.py for tasks to queue
[2026-05-07T21:03:58.199+0000] {logging_mixin.py:188} INFO - [2026-05-07T21:03:58.198+0000] {dagbag.py:545} INFO - Filling up the DagBag from /home/airflow/.local/lib/python3.12/site-packages/airflow/example_dags/example_dynamic_task_mapping.py
[2026-05-07T21:03:58.219+0000] {processor.py:840} INFO - DAG(s) 'example_dynamic_task_mapping' retrieved from /home/airflow/.local/lib/python3.12/site-packages/airflow/example_dags/example_dynamic_task_mapping.py
[2026-05-07T21:03:58.266+0000] {logging_mixin.py:188} INFO - [2026-05-07T21:03:58.265+0000] {dag.py:3096} INFO - Sync 1 DAGs
[2026-05-07T21:03:58.317+0000] {logging_mixin.py:188} INFO - [2026-05-07T21:03:58.317+0000] {dag.py:3954} INFO - Setting next_dagrun for example_dynamic_task_mapping to 2022-03-04 00:00:00+00:00, run_after=2022-03-05 00:00:00+00:00
[2026-05-07T21:03:58.378+0000] {processor.py:183} INFO - Processing /home/airflow/.local/lib/python3.12/site-packages/airflow/example_dags/example_dynamic_task_mapping.py took 0.212 seconds
[2026-05-07T21:04:29.292+0000] {processor.py:161} INFO - Started process (PID=5504) to work on /home/airflow/.local/lib/python3.12/site-packages/airflow/example_dags/example_dynamic_task_mapping.py
[2026-05-07T21:04:29.296+0000] {processor.py:830} INFO - Processing file /home/airflow/.local/lib/python3.12/site-packages/airflow/example_dags/example_dynamic_task_mapping.py for tasks to queue
[2026-05-07T21:04:29.301+0000] {logging_mixin.py:188} INFO - [2026-05-07T21:04:29.300+0000] {dagbag.py:545} INFO - Filling up the DagBag from /home/airflow/.local/lib/python3.12/site-packages/airflow/example_dags/example_dynamic_task_mapping.py
[2026-05-07T21:04:29.330+0000] {processor.py:840} INFO - DAG(s) 'example_dynamic_task_mapping' retrieved from /home/airflow/.local/lib/python3.12/site-packages/airflow/example_dags/example_dynamic_task_mapping.py
[2026-05-07T21:04:29.388+0000] {logging_mixin.py:188} INFO - [2026-05-07T21:04:29.383+0000] {dag.py:3096} INFO - Sync 1 DAGs
[2026-05-07T21:04:29.472+0000] {logging_mixin.py:188} INFO - [2026-05-07T21:04:29.471+0000] {dag.py:3954} INFO - Setting next_dagrun for example_dynamic_task_mapping to 2022-03-04 00:00:00+00:00, run_after=2022-03-05 00:00:00+00:00
[2026-05-07T21:04:29.557+0000] {processor.py:183} INFO - Processing /home/airflow/.local/lib/python3.12/site-packages/airflow/example_dags/example_dynamic_task_mapping.py took 0.290 seconds
[2026-05-07T21:05:00.151+0000] {processor.py:161} INFO - Started process (PID=5562) to work on /home/airflow/.local/lib/python3.12/site-packages/airflow/example_dags/example_dynamic_task_mapping.py
[2026-05-07T21:05:00.153+0000] {processor.py:830} INFO - Processing file /home/airflow/.local/lib/python3.12/site-packages/airflow/example_dags/example_dynamic_task_mapping.py for tasks to queue
[2026-05-07T21:05:00.157+0000] {logging_mixin.py:188} INFO - [2026-05-07T21:05:00.156+0000] {dagbag.py:545} INFO - Filling up the DagBag from /home/airflow/.local/lib/python3.12/site-packages/airflow/example_dags/example_dynamic_task_mapping.py
[2026-05-07T21:05:00.171+0000] {processor.py:840} INFO - DAG(s) 'example_dynamic_task_mapping' retrieved from /home/airflow/.local/lib/python3.12/site-packages/airflow/example_dags/example_dynamic_task_mapping.py
[2026-05-07T21:05:00.201+0000] {logging_mixin.py:188} INFO - [2026-05-07T21:05:00.201+0000] {dag.py:3096} INFO - Sync 1 DAGs
[2026-05-07T21:05:00.234+0000] {logging_mixin.py:188} INFO - [2026-05-07T21:05:00.233+0000] {dag.py:3954} INFO - Setting next_dagrun for example_dynamic_task_mapping to 2022-03-04 00:00:00+00:00, run_after=2022-03-05 00:00:00+00:00
[2026-05-07T21:05:00.258+0000] {processor.py:183} INFO - Processing /home/airflow/.local/lib/python3.12/site-packages/airflow/example_dags/example_dynamic_task_mapping.py took 0.117 seconds
[2026-05-07T21:05:30.574+0000] {processor.py:161} INFO - Started process (PID=5620) to work on /home/airflow/.local/lib/python3.12/site-packages/airflow/example_dags/example_dynamic_task_mapping.py
[2026-05-07T21:05:30.575+0000] {processor.py:830} INFO - Processing file /home/airflow/.local/lib/python3.12/site-packages/airflow/example_dags/example_dynamic_task_mapping.py for tasks to queue
[2026-05-07T21:05:30.578+0000] {logging_mixin.py:188} INFO - [2026-05-07T21:05:30.577+0000] {dagbag.py:545} INFO - Filling up the DagBag from /home/airflow/.local/lib/python3.12/site-packages/airflow/example_dags/example_dynamic_task_mapping.py
[2026-05-07T21:05:30.587+0000] {processor.py:840} INFO - DAG(s) 'example_dynamic_task_mapping' retrieved from /home/airflow/.local/lib/python3.12/site-packages/airflow/example_dags/example_dynamic_task_mapping.py
[2026-05-07T21:05:30.613+0000] {logging_mixin.py:188} INFO - [2026-05-07T21:05:30.613+0000] {dag.py:3096} INFO - Sync 1 DAGs
[2026-05-07T21:05:30.645+0000] {logging_mixin.py:188} INFO - [2026-05-07T21:05:30.644+0000] {dag.py:3954} INFO - Setting next_dagrun for example_dynamic_task_mapping to 2022-03-04 00:00:00+00:00, run_after=2022-03-05 00:00:00+00:00
[2026-05-07T21:05:30.677+0000] {processor.py:183} INFO - Processing /home/airflow/.local/lib/python3.12/site-packages/airflow/example_dags/example_dynamic_task_mapping.py took 0.111 seconds
[2026-05-07T21:06:00.746+0000] {processor.py:161} INFO - Started process (PID=5677) to work on /home/airflow/.local/lib/python3.12/site-packages/airflow/example_dags/example_dynamic_task_mapping.py
[2026-05-07T21:06:00.747+0000] {processor.py:830} INFO - Processing file /home/airflow/.local/lib/python3.12/site-packages/airflow/example_dags/example_dynamic_task_mapping.py for tasks to queue
[2026-05-07T21:06:00.749+0000] {logging_mixin.py:188} INFO - [2026-05-07T21:06:00.749+0000] {dagbag.py:545} INFO - Filling up the DagBag from /home/airflow/.local/lib/python3.12/site-packages/airflow/example_dags/example_dynamic_task_mapping.py
[2026-05-07T21:06:00.756+0000] {processor.py:840} INFO - DAG(s) 'example_dynamic_task_mapping' retrieved from /home/airflow/.local/lib/python3.12/site-packages/airflow/example_dags/example_dynamic_task_mapping.py
[2026-05-07T21:06:00.778+0000] {logging_mixin.py:188} INFO - [2026-05-07T21:06:00.777+0000] {dag.py:3096} INFO - Sync 1 DAGs
[2026-05-07T21:06:00.805+0000] {logging_mixin.py:188} INFO - [2026-05-07T21:06:00.805+0000] {dag.py:3954} INFO - Setting next_dagrun for example_dynamic_task_mapping to 2022-03-04 00:00:00+00:00, run_after=2022-03-05 00:00:00+00:00
[2026-05-07T21:06:00.832+0000] {processor.py:183} INFO - Processing /home/airflow/.local/lib/python3.12/site-packages/airflow/example_dags/example_dynamic_task_mapping.py took 0.092 seconds
[2026-05-07T21:06:31.543+0000] {processor.py:161} INFO - Started process (PID=5735) to work on /home/airflow/.local/lib/python3.12/site-packages/airflow/example_dags/example_dynamic_task_mapping.py
[2026-05-07T21:06:31.546+0000] {processor.py:830} INFO - Processing file /home/airflow/.local/lib/python3.12/site-packages/airflow/example_dags/example_dynamic_task_mapping.py for tasks to queue
[2026-05-07T21:06:31.551+0000] {logging_mixin.py:188} INFO - [2026-05-07T21:06:31.550+0000] {dagbag.py:545} INFO - Filling up the DagBag from /home/airflow/.local/lib/python3.12/site-packages/airflow/example_dags/example_dynamic_task_mapping.py
[2026-05-07T21:06:31.572+0000] {processor.py:840} INFO - DAG(s) 'example_dynamic_task_mapping' retrieved from /home/airflow/.local/lib/python3.12/site-packages/airflow/example_dags/example_dynamic_task_mapping.py
[2026-05-07T21:06:31.626+0000] {logging_mixin.py:188} INFO - [2026-05-07T21:06:31.625+0000] {dag.py:3096} INFO - Sync 1 DAGs
[2026-05-07T21:06:31.684+0000] {logging_mixin.py:188} INFO - [2026-05-07T21:06:31.681+0000] {dag.py:3954} INFO - Setting next_dagrun for example_dynamic_task_mapping to 2022-03-04 00:00:00+00:00, run_after=2022-03-05 00:00:00+00:00
[2026-05-07T21:06:31.724+0000] {processor.py:183} INFO - Processing /home/airflow/.local/lib/python3.12/site-packages/airflow/example_dags/example_dynamic_task_mapping.py took 0.202 seconds
[2026-05-07T21:07:02.076+0000] {processor.py:161} INFO - Started process (PID=5793) to work on /home/airflow/.local/lib/python3.12/site-packages/airflow/example_dags/example_dynamic_task_mapping.py
[2026-05-07T21:07:02.078+0000] {processor.py:830} INFO - Processing file /home/airflow/.local/lib/python3.12/site-packages/airflow/example_dags/example_dynamic_task_mapping.py for tasks to queue
[2026-05-07T21:07:02.082+0000] {logging_mixin.py:188} INFO - [2026-05-07T21:07:02.081+0000] {dagbag.py:545} INFO - Filling up the DagBag from /home/airflow/.local/lib/python3.12/site-packages/airflow/example_dags/example_dynamic_task_mapping.py
[2026-05-07T21:07:02.091+0000] {processor.py:840} INFO - DAG(s) 'example_dynamic_task_mapping' retrieved from /home/airflow/.local/lib/python3.12/site-packages/airflow/example_dags/example_dynamic_task_mapping.py
[2026-05-07T21:07:02.125+0000] {logging_mixin.py:188} INFO - [2026-05-07T21:07:02.125+0000] {dag.py:3096} INFO - Sync 1 DAGs
[2026-05-07T21:07:02.156+0000] {logging_mixin.py:188} INFO - [2026-05-07T21:07:02.156+0000] {dag.py:3954} INFO - Setting next_dagrun for example_dynamic_task_mapping to 2022-03-04 00:00:00+00:00, run_after=2022-03-05 00:00:00+00:00
[2026-05-07T21:07:02.186+0000] {processor.py:183} INFO - Processing /home/airflow/.local/lib/python3.12/site-packages/airflow/example_dags/example_dynamic_task_mapping.py took 0.118 seconds
[2026-05-07T21:07:38.595+0000] {processor.py:161} INFO - Started process (PID=5852) to work on /home/airflow/.local/lib/python3.12/site-packages/airflow/example_dags/example_dynamic_task_mapping.py
[2026-05-07T21:07:38.606+0000] {processor.py:830} INFO - Processing file /home/airflow/.local/lib/python3.12/site-packages/airflow/example_dags/example_dynamic_task_mapping.py for tasks to queue
[2026-05-07T21:07:38.626+0000] {logging_mixin.py:188} INFO - [2026-05-07T21:07:38.626+0000] {dagbag.py:545} INFO - Filling up the DagBag from /home/airflow/.local/lib/python3.12/site-packages/airflow/example_dags/example_dynamic_task_mapping.py
[2026-05-07T21:07:38.658+0000] {processor.py:840} INFO - DAG(s) 'example_dynamic_task_mapping' retrieved from /home/airflow/.local/lib/python3.12/site-packages/airflow/example_dags/example_dynamic_task_mapping.py
[2026-05-07T21:07:38.699+0000] {logging_mixin.py:188} INFO - [2026-05-07T21:07:38.698+0000] {dag.py:3096} INFO - Sync 1 DAGs
[2026-05-07T21:07:38.736+0000] {logging_mixin.py:188} INFO - [2026-05-07T21:07:38.735+0000] {dag.py:3954} INFO - Setting next_dagrun for example_dynamic_task_mapping to 2022-03-04 00:00:00+00:00, run_after=2022-03-05 00:00:00+00:00
[2026-05-07T21:07:38.779+0000] {processor.py:183} INFO - Processing /home/airflow/.local/lib/python3.12/site-packages/airflow/example_dags/example_dynamic_task_mapping.py took 0.193 seconds
[2026-05-07T21:08:09.696+0000] {processor.py:161} INFO - Started process (PID=5911) to work on /home/airflow/.local/lib/python3.12/site-packages/airflow/example_dags/example_dynamic_task_mapping.py
[2026-05-07T21:08:09.698+0000] {processor.py:830} INFO - Processing file /home/airflow/.local/lib/python3.12/site-packages/airflow/example_dags/example_dynamic_task_mapping.py for tasks to queue
[2026-05-07T21:08:09.701+0000] {logging_mixin.py:188} INFO - [2026-05-07T21:08:09.701+0000] {dagbag.py:545} INFO - Filling up the DagBag from /home/airflow/.local/lib/python3.12/site-packages/airflow/example_dags/example_dynamic_task_mapping.py
[2026-05-07T21:08:09.707+0000] {processor.py:840} INFO - DAG(s) 'example_dynamic_task_mapping' retrieved from /home/airflow/.local/lib/python3.12/site-packages/airflow/example_dags/example_dynamic_task_mapping.py
[2026-05-07T21:08:09.732+0000] {logging_mixin.py:188} INFO - [2026-05-07T21:08:09.732+0000] {dag.py:3096} INFO - Sync 1 DAGs
[2026-05-07T21:08:09.752+0000] {logging_mixin.py:188} INFO - [2026-05-07T21:08:09.751+0000] {dag.py:3954} INFO - Setting next_dagrun for example_dynamic_task_mapping to 2022-03-04 00:00:00+00:00, run_after=2022-03-05 00:00:00+00:00
[2026-05-07T21:08:09.775+0000] {processor.py:183} INFO - Processing /home/airflow/.local/lib/python3.12/site-packages/airflow/example_dags/example_dynamic_task_mapping.py took 0.084 seconds
[2026-05-07T21:08:39.993+0000] {processor.py:161} INFO - Started process (PID=5969) to work on /home/airflow/.local/lib/python3.12/site-packages/airflow/example_dags/example_dynamic_task_mapping.py
[2026-05-07T21:08:39.994+0000] {processor.py:830} INFO - Processing file /home/airflow/.local/lib/python3.12/site-packages/airflow/example_dags/example_dynamic_task_mapping.py for tasks to queue
[2026-05-07T21:08:39.996+0000] {logging_mixin.py:188} INFO - [2026-05-07T21:08:39.996+0000] {dagbag.py:545} INFO - Filling up the DagBag from /home/airflow/.local/lib/python3.12/site-packages/airflow/example_dags/example_dynamic_task_mapping.py
[2026-05-07T21:08:40.002+0000] {processor.py:840} INFO - DAG(s) 'example_dynamic_task_mapping' retrieved from /home/airflow/.local/lib/python3.12/site-packages/airflow/example_dags/example_dynamic_task_mapping.py
[2026-05-07T21:08:40.023+0000] {logging_mixin.py:188} INFO - [2026-05-07T21:08:40.023+0000] {dag.py:3096} INFO - Sync 1 DAGs
[2026-05-07T21:08:40.044+0000] {logging_mixin.py:188} INFO - [2026-05-07T21:08:40.043+0000] {dag.py:3954} INFO - Setting next_dagrun for example_dynamic_task_mapping to 2022-03-04 00:00:00+00:00, run_after=2022-03-05 00:00:00+00:00
[2026-05-07T21:08:40.065+0000] {processor.py:183} INFO - Processing /home/airflow/.local/lib/python3.12/site-packages/airflow/example_dags/example_dynamic_task_mapping.py took 0.078 seconds
[2026-05-07T21:09:10.213+0000] {processor.py:161} INFO - Started process (PID=6027) to work on /home/airflow/.local/lib/python3.12/site-packages/airflow/example_dags/example_dynamic_task_mapping.py
[2026-05-07T21:09:10.215+0000] {processor.py:830} INFO - Processing file /home/airflow/.local/lib/python3.12/site-packages/airflow/example_dags/example_dynamic_task_mapping.py for tasks to queue
[2026-05-07T21:09:10.218+0000] {logging_mixin.py:188} INFO - [2026-05-07T21:09:10.217+0000] {dagbag.py:545} INFO - Filling up the DagBag from /home/airflow/.local/lib/python3.12/site-packages/airflow/example_dags/example_dynamic_task_mapping.py
[2026-05-07T21:09:10.225+0000] {processor.py:840} INFO - DAG(s) 'example_dynamic_task_mapping' retrieved from /home/airflow/.local/lib/python3.12/site-packages/airflow/example_dags/example_dynamic_task_mapping.py
[2026-05-07T21:09:10.247+0000] {logging_mixin.py:188} INFO - [2026-05-07T21:09:10.246+0000] {dag.py:3096} INFO - Sync 1 DAGs
[2026-05-07T21:09:10.275+0000] {logging_mixin.py:188} INFO - [2026-05-07T21:09:10.275+0000] {dag.py:3954} INFO - Setting next_dagrun for example_dynamic_task_mapping to 2022-03-04 00:00:00+00:00, run_after=2022-03-05 00:00:00+00:00
[2026-05-07T21:09:10.296+0000] {processor.py:183} INFO - Processing /home/airflow/.local/lib/python3.12/site-packages/airflow/example_dags/example_dynamic_task_mapping.py took 0.088 seconds
