[2026-05-07T20:16:58.726+0000] {processor.py:161} INFO - Started process (PID=79) to work on /home/airflow/.local/lib/python3.12/site-packages/airflow/example_dags/example_sensor_decorator.py
[2026-05-07T20:16:58.733+0000] {processor.py:830} INFO - Processing file /home/airflow/.local/lib/python3.12/site-packages/airflow/example_dags/example_sensor_decorator.py for tasks to queue
[2026-05-07T20:16:58.744+0000] {logging_mixin.py:188} INFO - [2026-05-07T20:16:58.743+0000] {dagbag.py:545} INFO - Filling up the DagBag from /home/airflow/.local/lib/python3.12/site-packages/airflow/example_dags/example_sensor_decorator.py
[2026-05-07T20:16:58.797+0000] {processor.py:840} INFO - DAG(s) 'example_sensor_decorator' retrieved from /home/airflow/.local/lib/python3.12/site-packages/airflow/example_dags/example_sensor_decorator.py
[2026-05-07T20:16:59.383+0000] {logging_mixin.py:188} INFO - [2026-05-07T20:16:59.379+0000] {dag.py:3096} INFO - Sync 1 DAGs
[2026-05-07T20:16:59.427+0000] {logging_mixin.py:188} INFO - [2026-05-07T20:16:59.426+0000] {dag.py:3954} INFO - Setting next_dagrun for example_sensor_decorator to None, run_after=None
[2026-05-07T20:16:59.501+0000] {processor.py:183} INFO - Processing /home/airflow/.local/lib/python3.12/site-packages/airflow/example_dags/example_sensor_decorator.py took 0.809 seconds
[2026-05-07T20:17:29.819+0000] {processor.py:161} INFO - Started process (PID=137) to work on /home/airflow/.local/lib/python3.12/site-packages/airflow/example_dags/example_sensor_decorator.py
[2026-05-07T20:17:29.820+0000] {processor.py:830} INFO - Processing file /home/airflow/.local/lib/python3.12/site-packages/airflow/example_dags/example_sensor_decorator.py for tasks to queue
[2026-05-07T20:17:29.823+0000] {logging_mixin.py:188} INFO - [2026-05-07T20:17:29.823+0000] {dagbag.py:545} INFO - Filling up the DagBag from /home/airflow/.local/lib/python3.12/site-packages/airflow/example_dags/example_sensor_decorator.py
[2026-05-07T20:17:29.831+0000] {processor.py:840} INFO - DAG(s) 'example_sensor_decorator' retrieved from /home/airflow/.local/lib/python3.12/site-packages/airflow/example_dags/example_sensor_decorator.py
[2026-05-07T20:17:29.860+0000] {logging_mixin.py:188} INFO - [2026-05-07T20:17:29.860+0000] {dag.py:3096} INFO - Sync 1 DAGs
[2026-05-07T20:17:29.874+0000] {logging_mixin.py:188} INFO - [2026-05-07T20:17:29.874+0000] {dag.py:3954} INFO - Setting next_dagrun for example_sensor_decorator to None, run_after=None
[2026-05-07T20:17:29.905+0000] {processor.py:183} INFO - Processing /home/airflow/.local/lib/python3.12/site-packages/airflow/example_dags/example_sensor_decorator.py took 0.092 seconds
[2026-05-07T20:18:00.289+0000] {processor.py:161} INFO - Started process (PID=195) to work on /home/airflow/.local/lib/python3.12/site-packages/airflow/example_dags/example_sensor_decorator.py
[2026-05-07T20:18:00.291+0000] {processor.py:830} INFO - Processing file /home/airflow/.local/lib/python3.12/site-packages/airflow/example_dags/example_sensor_decorator.py for tasks to queue
[2026-05-07T20:18:00.294+0000] {logging_mixin.py:188} INFO - [2026-05-07T20:18:00.294+0000] {dagbag.py:545} INFO - Filling up the DagBag from /home/airflow/.local/lib/python3.12/site-packages/airflow/example_dags/example_sensor_decorator.py
[2026-05-07T20:18:00.315+0000] {processor.py:840} INFO - DAG(s) 'example_sensor_decorator' retrieved from /home/airflow/.local/lib/python3.12/site-packages/airflow/example_dags/example_sensor_decorator.py
[2026-05-07T20:18:00.360+0000] {logging_mixin.py:188} INFO - [2026-05-07T20:18:00.360+0000] {dag.py:3096} INFO - Sync 1 DAGs
[2026-05-07T20:18:00.395+0000] {logging_mixin.py:188} INFO - [2026-05-07T20:18:00.395+0000] {dag.py:3954} INFO - Setting next_dagrun for example_sensor_decorator to None, run_after=None
[2026-05-07T20:18:00.435+0000] {processor.py:183} INFO - Processing /home/airflow/.local/lib/python3.12/site-packages/airflow/example_dags/example_sensor_decorator.py took 0.154 seconds
[2026-05-07T20:18:30.941+0000] {processor.py:161} INFO - Started process (PID=253) to work on /home/airflow/.local/lib/python3.12/site-packages/airflow/example_dags/example_sensor_decorator.py
[2026-05-07T20:18:30.943+0000] {processor.py:830} INFO - Processing file /home/airflow/.local/lib/python3.12/site-packages/airflow/example_dags/example_sensor_decorator.py for tasks to queue
[2026-05-07T20:18:30.946+0000] {logging_mixin.py:188} INFO - [2026-05-07T20:18:30.945+0000] {dagbag.py:545} INFO - Filling up the DagBag from /home/airflow/.local/lib/python3.12/site-packages/airflow/example_dags/example_sensor_decorator.py
[2026-05-07T20:18:30.953+0000] {processor.py:840} INFO - DAG(s) 'example_sensor_decorator' retrieved from /home/airflow/.local/lib/python3.12/site-packages/airflow/example_dags/example_sensor_decorator.py
[2026-05-07T20:18:30.980+0000] {logging_mixin.py:188} INFO - [2026-05-07T20:18:30.980+0000] {dag.py:3096} INFO - Sync 1 DAGs
[2026-05-07T20:18:31.003+0000] {logging_mixin.py:188} INFO - [2026-05-07T20:18:31.003+0000] {dag.py:3954} INFO - Setting next_dagrun for example_sensor_decorator to None, run_after=None
[2026-05-07T20:18:31.034+0000] {processor.py:183} INFO - Processing /home/airflow/.local/lib/python3.12/site-packages/airflow/example_dags/example_sensor_decorator.py took 0.099 seconds
[2026-05-07T20:19:01.163+0000] {processor.py:161} INFO - Started process (PID=311) to work on /home/airflow/.local/lib/python3.12/site-packages/airflow/example_dags/example_sensor_decorator.py
[2026-05-07T20:19:01.165+0000] {processor.py:830} INFO - Processing file /home/airflow/.local/lib/python3.12/site-packages/airflow/example_dags/example_sensor_decorator.py for tasks to queue
[2026-05-07T20:19:01.167+0000] {logging_mixin.py:188} INFO - [2026-05-07T20:19:01.167+0000] {dagbag.py:545} INFO - Filling up the DagBag from /home/airflow/.local/lib/python3.12/site-packages/airflow/example_dags/example_sensor_decorator.py
[2026-05-07T20:19:01.174+0000] {processor.py:840} INFO - DAG(s) 'example_sensor_decorator' retrieved from /home/airflow/.local/lib/python3.12/site-packages/airflow/example_dags/example_sensor_decorator.py
[2026-05-07T20:19:01.196+0000] {logging_mixin.py:188} INFO - [2026-05-07T20:19:01.196+0000] {dag.py:3096} INFO - Sync 1 DAGs
[2026-05-07T20:19:01.213+0000] {logging_mixin.py:188} INFO - [2026-05-07T20:19:01.212+0000] {dag.py:3954} INFO - Setting next_dagrun for example_sensor_decorator to None, run_after=None
[2026-05-07T20:19:01.345+0000] {processor.py:183} INFO - Processing /home/airflow/.local/lib/python3.12/site-packages/airflow/example_dags/example_sensor_decorator.py took 0.187 seconds
[2026-05-07T20:19:31.855+0000] {processor.py:161} INFO - Started process (PID=369) to work on /home/airflow/.local/lib/python3.12/site-packages/airflow/example_dags/example_sensor_decorator.py
[2026-05-07T20:19:31.858+0000] {processor.py:830} INFO - Processing file /home/airflow/.local/lib/python3.12/site-packages/airflow/example_dags/example_sensor_decorator.py for tasks to queue
[2026-05-07T20:19:31.860+0000] {logging_mixin.py:188} INFO - [2026-05-07T20:19:31.860+0000] {dagbag.py:545} INFO - Filling up the DagBag from /home/airflow/.local/lib/python3.12/site-packages/airflow/example_dags/example_sensor_decorator.py
[2026-05-07T20:19:31.866+0000] {processor.py:840} INFO - DAG(s) 'example_sensor_decorator' retrieved from /home/airflow/.local/lib/python3.12/site-packages/airflow/example_dags/example_sensor_decorator.py
[2026-05-07T20:19:31.887+0000] {logging_mixin.py:188} INFO - [2026-05-07T20:19:31.887+0000] {dag.py:3096} INFO - Sync 1 DAGs
[2026-05-07T20:19:31.901+0000] {logging_mixin.py:188} INFO - [2026-05-07T20:19:31.900+0000] {dag.py:3954} INFO - Setting next_dagrun for example_sensor_decorator to None, run_after=None
[2026-05-07T20:19:31.929+0000] {processor.py:183} INFO - Processing /home/airflow/.local/lib/python3.12/site-packages/airflow/example_dags/example_sensor_decorator.py took 0.078 seconds
[2026-05-07T20:20:02.193+0000] {processor.py:161} INFO - Started process (PID=427) to work on /home/airflow/.local/lib/python3.12/site-packages/airflow/example_dags/example_sensor_decorator.py
[2026-05-07T20:20:02.195+0000] {processor.py:830} INFO - Processing file /home/airflow/.local/lib/python3.12/site-packages/airflow/example_dags/example_sensor_decorator.py for tasks to queue
[2026-05-07T20:20:02.198+0000] {logging_mixin.py:188} INFO - [2026-05-07T20:20:02.198+0000] {dagbag.py:545} INFO - Filling up the DagBag from /home/airflow/.local/lib/python3.12/site-packages/airflow/example_dags/example_sensor_decorator.py
[2026-05-07T20:20:02.206+0000] {processor.py:840} INFO - DAG(s) 'example_sensor_decorator' retrieved from /home/airflow/.local/lib/python3.12/site-packages/airflow/example_dags/example_sensor_decorator.py
[2026-05-07T20:20:02.235+0000] {logging_mixin.py:188} INFO - [2026-05-07T20:20:02.234+0000] {dag.py:3096} INFO - Sync 1 DAGs
[2026-05-07T20:20:02.262+0000] {logging_mixin.py:188} INFO - [2026-05-07T20:20:02.262+0000] {dag.py:3954} INFO - Setting next_dagrun for example_sensor_decorator to None, run_after=None
[2026-05-07T20:20:02.302+0000] {processor.py:183} INFO - Processing /home/airflow/.local/lib/python3.12/site-packages/airflow/example_dags/example_sensor_decorator.py took 0.114 seconds
[2026-05-07T20:20:32.529+0000] {processor.py:161} INFO - Started process (PID=485) to work on /home/airflow/.local/lib/python3.12/site-packages/airflow/example_dags/example_sensor_decorator.py
[2026-05-07T20:20:32.531+0000] {processor.py:830} INFO - Processing file /home/airflow/.local/lib/python3.12/site-packages/airflow/example_dags/example_sensor_decorator.py for tasks to queue
[2026-05-07T20:20:32.534+0000] {logging_mixin.py:188} INFO - [2026-05-07T20:20:32.533+0000] {dagbag.py:545} INFO - Filling up the DagBag from /home/airflow/.local/lib/python3.12/site-packages/airflow/example_dags/example_sensor_decorator.py
[2026-05-07T20:20:32.540+0000] {processor.py:840} INFO - DAG(s) 'example_sensor_decorator' retrieved from /home/airflow/.local/lib/python3.12/site-packages/airflow/example_dags/example_sensor_decorator.py
[2026-05-07T20:20:32.561+0000] {logging_mixin.py:188} INFO - [2026-05-07T20:20:32.561+0000] {dag.py:3096} INFO - Sync 1 DAGs
[2026-05-07T20:20:32.573+0000] {logging_mixin.py:188} INFO - [2026-05-07T20:20:32.573+0000] {dag.py:3954} INFO - Setting next_dagrun for example_sensor_decorator to None, run_after=None
[2026-05-07T20:20:32.668+0000] {processor.py:183} INFO - Processing /home/airflow/.local/lib/python3.12/site-packages/airflow/example_dags/example_sensor_decorator.py took 0.144 seconds
[2026-05-07T20:21:02.842+0000] {processor.py:161} INFO - Started process (PID=543) to work on /home/airflow/.local/lib/python3.12/site-packages/airflow/example_dags/example_sensor_decorator.py
[2026-05-07T20:21:02.844+0000] {processor.py:830} INFO - Processing file /home/airflow/.local/lib/python3.12/site-packages/airflow/example_dags/example_sensor_decorator.py for tasks to queue
[2026-05-07T20:21:02.846+0000] {logging_mixin.py:188} INFO - [2026-05-07T20:21:02.845+0000] {dagbag.py:545} INFO - Filling up the DagBag from /home/airflow/.local/lib/python3.12/site-packages/airflow/example_dags/example_sensor_decorator.py
[2026-05-07T20:21:02.852+0000] {processor.py:840} INFO - DAG(s) 'example_sensor_decorator' retrieved from /home/airflow/.local/lib/python3.12/site-packages/airflow/example_dags/example_sensor_decorator.py
[2026-05-07T20:21:02.873+0000] {logging_mixin.py:188} INFO - [2026-05-07T20:21:02.873+0000] {dag.py:3096} INFO - Sync 1 DAGs
[2026-05-07T20:21:02.885+0000] {logging_mixin.py:188} INFO - [2026-05-07T20:21:02.884+0000] {dag.py:3954} INFO - Setting next_dagrun for example_sensor_decorator to None, run_after=None
[2026-05-07T20:21:02.944+0000] {processor.py:183} INFO - Processing /home/airflow/.local/lib/python3.12/site-packages/airflow/example_dags/example_sensor_decorator.py took 0.107 seconds
[2026-05-07T20:21:33.287+0000] {processor.py:161} INFO - Started process (PID=601) to work on /home/airflow/.local/lib/python3.12/site-packages/airflow/example_dags/example_sensor_decorator.py
[2026-05-07T20:21:33.289+0000] {processor.py:830} INFO - Processing file /home/airflow/.local/lib/python3.12/site-packages/airflow/example_dags/example_sensor_decorator.py for tasks to queue
[2026-05-07T20:21:33.291+0000] {logging_mixin.py:188} INFO - [2026-05-07T20:21:33.291+0000] {dagbag.py:545} INFO - Filling up the DagBag from /home/airflow/.local/lib/python3.12/site-packages/airflow/example_dags/example_sensor_decorator.py
[2026-05-07T20:21:33.298+0000] {processor.py:840} INFO - DAG(s) 'example_sensor_decorator' retrieved from /home/airflow/.local/lib/python3.12/site-packages/airflow/example_dags/example_sensor_decorator.py
[2026-05-07T20:21:33.323+0000] {logging_mixin.py:188} INFO - [2026-05-07T20:21:33.323+0000] {dag.py:3096} INFO - Sync 1 DAGs
[2026-05-07T20:21:33.342+0000] {logging_mixin.py:188} INFO - [2026-05-07T20:21:33.342+0000] {dag.py:3954} INFO - Setting next_dagrun for example_sensor_decorator to None, run_after=None
[2026-05-07T20:21:33.372+0000] {processor.py:183} INFO - Processing /home/airflow/.local/lib/python3.12/site-packages/airflow/example_dags/example_sensor_decorator.py took 0.091 seconds
[2026-05-07T20:22:03.625+0000] {processor.py:161} INFO - Started process (PID=659) to work on /home/airflow/.local/lib/python3.12/site-packages/airflow/example_dags/example_sensor_decorator.py
[2026-05-07T20:22:03.626+0000] {processor.py:830} INFO - Processing file /home/airflow/.local/lib/python3.12/site-packages/airflow/example_dags/example_sensor_decorator.py for tasks to queue
[2026-05-07T20:22:03.628+0000] {logging_mixin.py:188} INFO - [2026-05-07T20:22:03.628+0000] {dagbag.py:545} INFO - Filling up the DagBag from /home/airflow/.local/lib/python3.12/site-packages/airflow/example_dags/example_sensor_decorator.py
[2026-05-07T20:22:03.636+0000] {processor.py:840} INFO - DAG(s) 'example_sensor_decorator' retrieved from /home/airflow/.local/lib/python3.12/site-packages/airflow/example_dags/example_sensor_decorator.py
[2026-05-07T20:22:03.660+0000] {logging_mixin.py:188} INFO - [2026-05-07T20:22:03.659+0000] {dag.py:3096} INFO - Sync 1 DAGs
[2026-05-07T20:22:03.672+0000] {logging_mixin.py:188} INFO - [2026-05-07T20:22:03.672+0000] {dag.py:3954} INFO - Setting next_dagrun for example_sensor_decorator to None, run_after=None
[2026-05-07T20:22:03.696+0000] {processor.py:183} INFO - Processing /home/airflow/.local/lib/python3.12/site-packages/airflow/example_dags/example_sensor_decorator.py took 0.077 seconds
[2026-05-07T20:22:33.784+0000] {processor.py:161} INFO - Started process (PID=718) to work on /home/airflow/.local/lib/python3.12/site-packages/airflow/example_dags/example_sensor_decorator.py
[2026-05-07T20:22:33.786+0000] {processor.py:830} INFO - Processing file /home/airflow/.local/lib/python3.12/site-packages/airflow/example_dags/example_sensor_decorator.py for tasks to queue
[2026-05-07T20:22:33.789+0000] {logging_mixin.py:188} INFO - [2026-05-07T20:22:33.789+0000] {dagbag.py:545} INFO - Filling up the DagBag from /home/airflow/.local/lib/python3.12/site-packages/airflow/example_dags/example_sensor_decorator.py
[2026-05-07T20:22:33.796+0000] {processor.py:840} INFO - DAG(s) 'example_sensor_decorator' retrieved from /home/airflow/.local/lib/python3.12/site-packages/airflow/example_dags/example_sensor_decorator.py
[2026-05-07T20:22:33.825+0000] {logging_mixin.py:188} INFO - [2026-05-07T20:22:33.824+0000] {dag.py:3096} INFO - Sync 1 DAGs
[2026-05-07T20:22:33.838+0000] {logging_mixin.py:188} INFO - [2026-05-07T20:22:33.838+0000] {dag.py:3954} INFO - Setting next_dagrun for example_sensor_decorator to None, run_after=None
[2026-05-07T20:22:33.866+0000] {processor.py:183} INFO - Processing /home/airflow/.local/lib/python3.12/site-packages/airflow/example_dags/example_sensor_decorator.py took 0.088 seconds
[2026-05-07T20:23:04.485+0000] {processor.py:161} INFO - Started process (PID=776) to work on /home/airflow/.local/lib/python3.12/site-packages/airflow/example_dags/example_sensor_decorator.py
[2026-05-07T20:23:04.487+0000] {processor.py:830} INFO - Processing file /home/airflow/.local/lib/python3.12/site-packages/airflow/example_dags/example_sensor_decorator.py for tasks to queue
[2026-05-07T20:23:04.489+0000] {logging_mixin.py:188} INFO - [2026-05-07T20:23:04.489+0000] {dagbag.py:545} INFO - Filling up the DagBag from /home/airflow/.local/lib/python3.12/site-packages/airflow/example_dags/example_sensor_decorator.py
[2026-05-07T20:23:04.497+0000] {processor.py:840} INFO - DAG(s) 'example_sensor_decorator' retrieved from /home/airflow/.local/lib/python3.12/site-packages/airflow/example_dags/example_sensor_decorator.py
[2026-05-07T20:23:04.522+0000] {logging_mixin.py:188} INFO - [2026-05-07T20:23:04.521+0000] {dag.py:3096} INFO - Sync 1 DAGs
[2026-05-07T20:23:04.535+0000] {logging_mixin.py:188} INFO - [2026-05-07T20:23:04.535+0000] {dag.py:3954} INFO - Setting next_dagrun for example_sensor_decorator to None, run_after=None
[2026-05-07T20:23:04.567+0000] {processor.py:183} INFO - Processing /home/airflow/.local/lib/python3.12/site-packages/airflow/example_dags/example_sensor_decorator.py took 0.087 seconds
[2026-05-07T20:23:34.868+0000] {processor.py:161} INFO - Started process (PID=835) to work on /home/airflow/.local/lib/python3.12/site-packages/airflow/example_dags/example_sensor_decorator.py
[2026-05-07T20:23:34.869+0000] {processor.py:830} INFO - Processing file /home/airflow/.local/lib/python3.12/site-packages/airflow/example_dags/example_sensor_decorator.py for tasks to queue
[2026-05-07T20:23:34.871+0000] {logging_mixin.py:188} INFO - [2026-05-07T20:23:34.871+0000] {dagbag.py:545} INFO - Filling up the DagBag from /home/airflow/.local/lib/python3.12/site-packages/airflow/example_dags/example_sensor_decorator.py
[2026-05-07T20:23:34.877+0000] {processor.py:840} INFO - DAG(s) 'example_sensor_decorator' retrieved from /home/airflow/.local/lib/python3.12/site-packages/airflow/example_dags/example_sensor_decorator.py
[2026-05-07T20:23:34.902+0000] {logging_mixin.py:188} INFO - [2026-05-07T20:23:34.902+0000] {dag.py:3096} INFO - Sync 1 DAGs
[2026-05-07T20:23:34.915+0000] {logging_mixin.py:188} INFO - [2026-05-07T20:23:34.914+0000] {dag.py:3954} INFO - Setting next_dagrun for example_sensor_decorator to None, run_after=None
[2026-05-07T20:23:34.937+0000] {processor.py:183} INFO - Processing /home/airflow/.local/lib/python3.12/site-packages/airflow/example_dags/example_sensor_decorator.py took 0.075 seconds
[2026-05-07T20:24:05.290+0000] {processor.py:161} INFO - Started process (PID=893) to work on /home/airflow/.local/lib/python3.12/site-packages/airflow/example_dags/example_sensor_decorator.py
[2026-05-07T20:24:05.292+0000] {processor.py:830} INFO - Processing file /home/airflow/.local/lib/python3.12/site-packages/airflow/example_dags/example_sensor_decorator.py for tasks to queue
[2026-05-07T20:24:05.295+0000] {logging_mixin.py:188} INFO - [2026-05-07T20:24:05.294+0000] {dagbag.py:545} INFO - Filling up the DagBag from /home/airflow/.local/lib/python3.12/site-packages/airflow/example_dags/example_sensor_decorator.py
[2026-05-07T20:24:05.301+0000] {processor.py:840} INFO - DAG(s) 'example_sensor_decorator' retrieved from /home/airflow/.local/lib/python3.12/site-packages/airflow/example_dags/example_sensor_decorator.py
[2026-05-07T20:24:05.324+0000] {logging_mixin.py:188} INFO - [2026-05-07T20:24:05.323+0000] {dag.py:3096} INFO - Sync 1 DAGs
[2026-05-07T20:24:05.335+0000] {logging_mixin.py:188} INFO - [2026-05-07T20:24:05.335+0000] {dag.py:3954} INFO - Setting next_dagrun for example_sensor_decorator to None, run_after=None
[2026-05-07T20:24:05.358+0000] {processor.py:183} INFO - Processing /home/airflow/.local/lib/python3.12/site-packages/airflow/example_dags/example_sensor_decorator.py took 0.075 seconds
[2026-05-07T20:24:35.592+0000] {processor.py:161} INFO - Started process (PID=951) to work on /home/airflow/.local/lib/python3.12/site-packages/airflow/example_dags/example_sensor_decorator.py
[2026-05-07T20:24:35.594+0000] {processor.py:830} INFO - Processing file /home/airflow/.local/lib/python3.12/site-packages/airflow/example_dags/example_sensor_decorator.py for tasks to queue
[2026-05-07T20:24:35.597+0000] {logging_mixin.py:188} INFO - [2026-05-07T20:24:35.596+0000] {dagbag.py:545} INFO - Filling up the DagBag from /home/airflow/.local/lib/python3.12/site-packages/airflow/example_dags/example_sensor_decorator.py
[2026-05-07T20:24:35.603+0000] {processor.py:840} INFO - DAG(s) 'example_sensor_decorator' retrieved from /home/airflow/.local/lib/python3.12/site-packages/airflow/example_dags/example_sensor_decorator.py
[2026-05-07T20:24:35.624+0000] {logging_mixin.py:188} INFO - [2026-05-07T20:24:35.624+0000] {dag.py:3096} INFO - Sync 1 DAGs
[2026-05-07T20:24:35.637+0000] {logging_mixin.py:188} INFO - [2026-05-07T20:24:35.637+0000] {dag.py:3954} INFO - Setting next_dagrun for example_sensor_decorator to None, run_after=None
[2026-05-07T20:24:35.659+0000] {processor.py:183} INFO - Processing /home/airflow/.local/lib/python3.12/site-packages/airflow/example_dags/example_sensor_decorator.py took 0.072 seconds
[2026-05-07T20:25:05.782+0000] {processor.py:161} INFO - Started process (PID=1009) to work on /home/airflow/.local/lib/python3.12/site-packages/airflow/example_dags/example_sensor_decorator.py
[2026-05-07T20:25:05.783+0000] {processor.py:830} INFO - Processing file /home/airflow/.local/lib/python3.12/site-packages/airflow/example_dags/example_sensor_decorator.py for tasks to queue
[2026-05-07T20:25:05.785+0000] {logging_mixin.py:188} INFO - [2026-05-07T20:25:05.785+0000] {dagbag.py:545} INFO - Filling up the DagBag from /home/airflow/.local/lib/python3.12/site-packages/airflow/example_dags/example_sensor_decorator.py
[2026-05-07T20:25:05.791+0000] {processor.py:840} INFO - DAG(s) 'example_sensor_decorator' retrieved from /home/airflow/.local/lib/python3.12/site-packages/airflow/example_dags/example_sensor_decorator.py
[2026-05-07T20:25:05.814+0000] {logging_mixin.py:188} INFO - [2026-05-07T20:25:05.814+0000] {dag.py:3096} INFO - Sync 1 DAGs
[2026-05-07T20:25:05.827+0000] {logging_mixin.py:188} INFO - [2026-05-07T20:25:05.827+0000] {dag.py:3954} INFO - Setting next_dagrun for example_sensor_decorator to None, run_after=None
[2026-05-07T20:25:05.849+0000] {processor.py:183} INFO - Processing /home/airflow/.local/lib/python3.12/site-packages/airflow/example_dags/example_sensor_decorator.py took 0.073 seconds
[2026-05-07T20:25:36.140+0000] {processor.py:161} INFO - Started process (PID=1067) to work on /home/airflow/.local/lib/python3.12/site-packages/airflow/example_dags/example_sensor_decorator.py
[2026-05-07T20:25:36.142+0000] {processor.py:830} INFO - Processing file /home/airflow/.local/lib/python3.12/site-packages/airflow/example_dags/example_sensor_decorator.py for tasks to queue
[2026-05-07T20:25:36.145+0000] {logging_mixin.py:188} INFO - [2026-05-07T20:25:36.145+0000] {dagbag.py:545} INFO - Filling up the DagBag from /home/airflow/.local/lib/python3.12/site-packages/airflow/example_dags/example_sensor_decorator.py
[2026-05-07T20:25:36.155+0000] {processor.py:840} INFO - DAG(s) 'example_sensor_decorator' retrieved from /home/airflow/.local/lib/python3.12/site-packages/airflow/example_dags/example_sensor_decorator.py
[2026-05-07T20:25:36.181+0000] {logging_mixin.py:188} INFO - [2026-05-07T20:25:36.181+0000] {dag.py:3096} INFO - Sync 1 DAGs
[2026-05-07T20:25:36.196+0000] {logging_mixin.py:188} INFO - [2026-05-07T20:25:36.196+0000] {dag.py:3954} INFO - Setting next_dagrun for example_sensor_decorator to None, run_after=None
[2026-05-07T20:25:36.228+0000] {processor.py:183} INFO - Processing /home/airflow/.local/lib/python3.12/site-packages/airflow/example_dags/example_sensor_decorator.py took 0.096 seconds
[2026-05-07T20:26:07.023+0000] {processor.py:161} INFO - Started process (PID=1125) to work on /home/airflow/.local/lib/python3.12/site-packages/airflow/example_dags/example_sensor_decorator.py
[2026-05-07T20:26:07.024+0000] {processor.py:830} INFO - Processing file /home/airflow/.local/lib/python3.12/site-packages/airflow/example_dags/example_sensor_decorator.py for tasks to queue
[2026-05-07T20:26:07.028+0000] {logging_mixin.py:188} INFO - [2026-05-07T20:26:07.027+0000] {dagbag.py:545} INFO - Filling up the DagBag from /home/airflow/.local/lib/python3.12/site-packages/airflow/example_dags/example_sensor_decorator.py
[2026-05-07T20:26:07.038+0000] {processor.py:840} INFO - DAG(s) 'example_sensor_decorator' retrieved from /home/airflow/.local/lib/python3.12/site-packages/airflow/example_dags/example_sensor_decorator.py
[2026-05-07T20:26:07.074+0000] {logging_mixin.py:188} INFO - [2026-05-07T20:26:07.073+0000] {dag.py:3096} INFO - Sync 1 DAGs
[2026-05-07T20:26:07.096+0000] {logging_mixin.py:188} INFO - [2026-05-07T20:26:07.095+0000] {dag.py:3954} INFO - Setting next_dagrun for example_sensor_decorator to None, run_after=None
[2026-05-07T20:26:07.132+0000] {processor.py:183} INFO - Processing /home/airflow/.local/lib/python3.12/site-packages/airflow/example_dags/example_sensor_decorator.py took 0.118 seconds
[2026-05-07T20:26:37.666+0000] {processor.py:161} INFO - Started process (PID=1184) to work on /home/airflow/.local/lib/python3.12/site-packages/airflow/example_dags/example_sensor_decorator.py
[2026-05-07T20:26:37.670+0000] {processor.py:830} INFO - Processing file /home/airflow/.local/lib/python3.12/site-packages/airflow/example_dags/example_sensor_decorator.py for tasks to queue
[2026-05-07T20:26:37.674+0000] {logging_mixin.py:188} INFO - [2026-05-07T20:26:37.674+0000] {dagbag.py:545} INFO - Filling up the DagBag from /home/airflow/.local/lib/python3.12/site-packages/airflow/example_dags/example_sensor_decorator.py
[2026-05-07T20:26:37.683+0000] {processor.py:840} INFO - DAG(s) 'example_sensor_decorator' retrieved from /home/airflow/.local/lib/python3.12/site-packages/airflow/example_dags/example_sensor_decorator.py
[2026-05-07T20:26:37.712+0000] {logging_mixin.py:188} INFO - [2026-05-07T20:26:37.711+0000] {dag.py:3096} INFO - Sync 1 DAGs
[2026-05-07T20:26:37.726+0000] {logging_mixin.py:188} INFO - [2026-05-07T20:26:37.726+0000] {dag.py:3954} INFO - Setting next_dagrun for example_sensor_decorator to None, run_after=None
[2026-05-07T20:26:37.755+0000] {processor.py:183} INFO - Processing /home/airflow/.local/lib/python3.12/site-packages/airflow/example_dags/example_sensor_decorator.py took 0.099 seconds
[2026-05-07T20:27:08.683+0000] {processor.py:161} INFO - Started process (PID=1241) to work on /home/airflow/.local/lib/python3.12/site-packages/airflow/example_dags/example_sensor_decorator.py
[2026-05-07T20:27:08.684+0000] {processor.py:830} INFO - Processing file /home/airflow/.local/lib/python3.12/site-packages/airflow/example_dags/example_sensor_decorator.py for tasks to queue
[2026-05-07T20:27:08.687+0000] {logging_mixin.py:188} INFO - [2026-05-07T20:27:08.686+0000] {dagbag.py:545} INFO - Filling up the DagBag from /home/airflow/.local/lib/python3.12/site-packages/airflow/example_dags/example_sensor_decorator.py
[2026-05-07T20:27:08.693+0000] {processor.py:840} INFO - DAG(s) 'example_sensor_decorator' retrieved from /home/airflow/.local/lib/python3.12/site-packages/airflow/example_dags/example_sensor_decorator.py
[2026-05-07T20:27:08.718+0000] {logging_mixin.py:188} INFO - [2026-05-07T20:27:08.718+0000] {dag.py:3096} INFO - Sync 1 DAGs
[2026-05-07T20:27:08.730+0000] {logging_mixin.py:188} INFO - [2026-05-07T20:27:08.730+0000] {dag.py:3954} INFO - Setting next_dagrun for example_sensor_decorator to None, run_after=None
[2026-05-07T20:27:08.756+0000] {processor.py:183} INFO - Processing /home/airflow/.local/lib/python3.12/site-packages/airflow/example_dags/example_sensor_decorator.py took 0.079 seconds
[2026-05-07T20:27:39.250+0000] {processor.py:161} INFO - Started process (PID=1298) to work on /home/airflow/.local/lib/python3.12/site-packages/airflow/example_dags/example_sensor_decorator.py
[2026-05-07T20:27:39.252+0000] {processor.py:830} INFO - Processing file /home/airflow/.local/lib/python3.12/site-packages/airflow/example_dags/example_sensor_decorator.py for tasks to queue
[2026-05-07T20:27:39.254+0000] {logging_mixin.py:188} INFO - [2026-05-07T20:27:39.254+0000] {dagbag.py:545} INFO - Filling up the DagBag from /home/airflow/.local/lib/python3.12/site-packages/airflow/example_dags/example_sensor_decorator.py
[2026-05-07T20:27:39.260+0000] {processor.py:840} INFO - DAG(s) 'example_sensor_decorator' retrieved from /home/airflow/.local/lib/python3.12/site-packages/airflow/example_dags/example_sensor_decorator.py
[2026-05-07T20:27:39.281+0000] {logging_mixin.py:188} INFO - [2026-05-07T20:27:39.281+0000] {dag.py:3096} INFO - Sync 1 DAGs
[2026-05-07T20:27:39.292+0000] {logging_mixin.py:188} INFO - [2026-05-07T20:27:39.292+0000] {dag.py:3954} INFO - Setting next_dagrun for example_sensor_decorator to None, run_after=None
[2026-05-07T20:27:39.385+0000] {processor.py:183} INFO - Processing /home/airflow/.local/lib/python3.12/site-packages/airflow/example_dags/example_sensor_decorator.py took 0.141 seconds
[2026-05-07T20:28:09.461+0000] {processor.py:161} INFO - Started process (PID=1356) to work on /home/airflow/.local/lib/python3.12/site-packages/airflow/example_dags/example_sensor_decorator.py
[2026-05-07T20:28:09.463+0000] {processor.py:830} INFO - Processing file /home/airflow/.local/lib/python3.12/site-packages/airflow/example_dags/example_sensor_decorator.py for tasks to queue
[2026-05-07T20:28:09.466+0000] {logging_mixin.py:188} INFO - [2026-05-07T20:28:09.466+0000] {dagbag.py:545} INFO - Filling up the DagBag from /home/airflow/.local/lib/python3.12/site-packages/airflow/example_dags/example_sensor_decorator.py
[2026-05-07T20:28:09.478+0000] {processor.py:840} INFO - DAG(s) 'example_sensor_decorator' retrieved from /home/airflow/.local/lib/python3.12/site-packages/airflow/example_dags/example_sensor_decorator.py
[2026-05-07T20:28:09.516+0000] {logging_mixin.py:188} INFO - [2026-05-07T20:28:09.516+0000] {dag.py:3096} INFO - Sync 1 DAGs
[2026-05-07T20:28:09.545+0000] {logging_mixin.py:188} INFO - [2026-05-07T20:28:09.544+0000] {dag.py:3954} INFO - Setting next_dagrun for example_sensor_decorator to None, run_after=None
[2026-05-07T20:28:09.592+0000] {processor.py:183} INFO - Processing /home/airflow/.local/lib/python3.12/site-packages/airflow/example_dags/example_sensor_decorator.py took 0.138 seconds
[2026-05-07T20:28:40.004+0000] {processor.py:161} INFO - Started process (PID=1414) to work on /home/airflow/.local/lib/python3.12/site-packages/airflow/example_dags/example_sensor_decorator.py
[2026-05-07T20:28:40.006+0000] {processor.py:830} INFO - Processing file /home/airflow/.local/lib/python3.12/site-packages/airflow/example_dags/example_sensor_decorator.py for tasks to queue
[2026-05-07T20:28:40.008+0000] {logging_mixin.py:188} INFO - [2026-05-07T20:28:40.007+0000] {dagbag.py:545} INFO - Filling up the DagBag from /home/airflow/.local/lib/python3.12/site-packages/airflow/example_dags/example_sensor_decorator.py
[2026-05-07T20:28:40.014+0000] {processor.py:840} INFO - DAG(s) 'example_sensor_decorator' retrieved from /home/airflow/.local/lib/python3.12/site-packages/airflow/example_dags/example_sensor_decorator.py
[2026-05-07T20:28:40.032+0000] {logging_mixin.py:188} INFO - [2026-05-07T20:28:40.032+0000] {dag.py:3096} INFO - Sync 1 DAGs
[2026-05-07T20:28:40.042+0000] {logging_mixin.py:188} INFO - [2026-05-07T20:28:40.042+0000] {dag.py:3954} INFO - Setting next_dagrun for example_sensor_decorator to None, run_after=None
[2026-05-07T20:28:40.060+0000] {processor.py:183} INFO - Processing /home/airflow/.local/lib/python3.12/site-packages/airflow/example_dags/example_sensor_decorator.py took 0.062 seconds
[2026-05-07T20:29:10.362+0000] {processor.py:161} INFO - Started process (PID=1472) to work on /home/airflow/.local/lib/python3.12/site-packages/airflow/example_dags/example_sensor_decorator.py
[2026-05-07T20:29:10.363+0000] {processor.py:830} INFO - Processing file /home/airflow/.local/lib/python3.12/site-packages/airflow/example_dags/example_sensor_decorator.py for tasks to queue
[2026-05-07T20:29:10.365+0000] {logging_mixin.py:188} INFO - [2026-05-07T20:29:10.365+0000] {dagbag.py:545} INFO - Filling up the DagBag from /home/airflow/.local/lib/python3.12/site-packages/airflow/example_dags/example_sensor_decorator.py
[2026-05-07T20:29:10.371+0000] {processor.py:840} INFO - DAG(s) 'example_sensor_decorator' retrieved from /home/airflow/.local/lib/python3.12/site-packages/airflow/example_dags/example_sensor_decorator.py
[2026-05-07T20:29:10.389+0000] {logging_mixin.py:188} INFO - [2026-05-07T20:29:10.388+0000] {dag.py:3096} INFO - Sync 1 DAGs
[2026-05-07T20:29:10.399+0000] {logging_mixin.py:188} INFO - [2026-05-07T20:29:10.399+0000] {dag.py:3954} INFO - Setting next_dagrun for example_sensor_decorator to None, run_after=None
[2026-05-07T20:29:10.417+0000] {processor.py:183} INFO - Processing /home/airflow/.local/lib/python3.12/site-packages/airflow/example_dags/example_sensor_decorator.py took 0.060 seconds
[2026-05-07T20:29:41.119+0000] {processor.py:161} INFO - Started process (PID=1530) to work on /home/airflow/.local/lib/python3.12/site-packages/airflow/example_dags/example_sensor_decorator.py
[2026-05-07T20:29:41.120+0000] {processor.py:830} INFO - Processing file /home/airflow/.local/lib/python3.12/site-packages/airflow/example_dags/example_sensor_decorator.py for tasks to queue
[2026-05-07T20:29:41.123+0000] {logging_mixin.py:188} INFO - [2026-05-07T20:29:41.123+0000] {dagbag.py:545} INFO - Filling up the DagBag from /home/airflow/.local/lib/python3.12/site-packages/airflow/example_dags/example_sensor_decorator.py
[2026-05-07T20:29:41.130+0000] {processor.py:840} INFO - DAG(s) 'example_sensor_decorator' retrieved from /home/airflow/.local/lib/python3.12/site-packages/airflow/example_dags/example_sensor_decorator.py
[2026-05-07T20:29:41.150+0000] {logging_mixin.py:188} INFO - [2026-05-07T20:29:41.150+0000] {dag.py:3096} INFO - Sync 1 DAGs
[2026-05-07T20:29:41.161+0000] {logging_mixin.py:188} INFO - [2026-05-07T20:29:41.161+0000] {dag.py:3954} INFO - Setting next_dagrun for example_sensor_decorator to None, run_after=None
[2026-05-07T20:29:41.183+0000] {processor.py:183} INFO - Processing /home/airflow/.local/lib/python3.12/site-packages/airflow/example_dags/example_sensor_decorator.py took 0.072 seconds
[2026-05-07T20:30:11.395+0000] {processor.py:161} INFO - Started process (PID=1588) to work on /home/airflow/.local/lib/python3.12/site-packages/airflow/example_dags/example_sensor_decorator.py
[2026-05-07T20:30:11.397+0000] {processor.py:830} INFO - Processing file /home/airflow/.local/lib/python3.12/site-packages/airflow/example_dags/example_sensor_decorator.py for tasks to queue
[2026-05-07T20:30:11.399+0000] {logging_mixin.py:188} INFO - [2026-05-07T20:30:11.399+0000] {dagbag.py:545} INFO - Filling up the DagBag from /home/airflow/.local/lib/python3.12/site-packages/airflow/example_dags/example_sensor_decorator.py
[2026-05-07T20:30:11.405+0000] {processor.py:840} INFO - DAG(s) 'example_sensor_decorator' retrieved from /home/airflow/.local/lib/python3.12/site-packages/airflow/example_dags/example_sensor_decorator.py
[2026-05-07T20:30:11.428+0000] {logging_mixin.py:188} INFO - [2026-05-07T20:30:11.428+0000] {dag.py:3096} INFO - Sync 1 DAGs
[2026-05-07T20:30:11.440+0000] {logging_mixin.py:188} INFO - [2026-05-07T20:30:11.440+0000] {dag.py:3954} INFO - Setting next_dagrun for example_sensor_decorator to None, run_after=None
[2026-05-07T20:30:11.466+0000] {processor.py:183} INFO - Processing /home/airflow/.local/lib/python3.12/site-packages/airflow/example_dags/example_sensor_decorator.py took 0.078 seconds
[2026-05-07T20:30:41.632+0000] {processor.py:161} INFO - Started process (PID=1646) to work on /home/airflow/.local/lib/python3.12/site-packages/airflow/example_dags/example_sensor_decorator.py
[2026-05-07T20:30:41.634+0000] {processor.py:830} INFO - Processing file /home/airflow/.local/lib/python3.12/site-packages/airflow/example_dags/example_sensor_decorator.py for tasks to queue
[2026-05-07T20:30:41.637+0000] {logging_mixin.py:188} INFO - [2026-05-07T20:30:41.636+0000] {dagbag.py:545} INFO - Filling up the DagBag from /home/airflow/.local/lib/python3.12/site-packages/airflow/example_dags/example_sensor_decorator.py
[2026-05-07T20:30:41.642+0000] {processor.py:840} INFO - DAG(s) 'example_sensor_decorator' retrieved from /home/airflow/.local/lib/python3.12/site-packages/airflow/example_dags/example_sensor_decorator.py
[2026-05-07T20:30:41.661+0000] {logging_mixin.py:188} INFO - [2026-05-07T20:30:41.661+0000] {dag.py:3096} INFO - Sync 1 DAGs
[2026-05-07T20:30:41.672+0000] {logging_mixin.py:188} INFO - [2026-05-07T20:30:41.672+0000] {dag.py:3954} INFO - Setting next_dagrun for example_sensor_decorator to None, run_after=None
[2026-05-07T20:30:41.690+0000] {processor.py:183} INFO - Processing /home/airflow/.local/lib/python3.12/site-packages/airflow/example_dags/example_sensor_decorator.py took 0.063 seconds
[2026-05-07T20:31:11.904+0000] {processor.py:161} INFO - Started process (PID=1704) to work on /home/airflow/.local/lib/python3.12/site-packages/airflow/example_dags/example_sensor_decorator.py
[2026-05-07T20:31:11.907+0000] {processor.py:830} INFO - Processing file /home/airflow/.local/lib/python3.12/site-packages/airflow/example_dags/example_sensor_decorator.py for tasks to queue
[2026-05-07T20:31:11.910+0000] {logging_mixin.py:188} INFO - [2026-05-07T20:31:11.910+0000] {dagbag.py:545} INFO - Filling up the DagBag from /home/airflow/.local/lib/python3.12/site-packages/airflow/example_dags/example_sensor_decorator.py
[2026-05-07T20:31:11.917+0000] {processor.py:840} INFO - DAG(s) 'example_sensor_decorator' retrieved from /home/airflow/.local/lib/python3.12/site-packages/airflow/example_dags/example_sensor_decorator.py
[2026-05-07T20:31:11.938+0000] {logging_mixin.py:188} INFO - [2026-05-07T20:31:11.937+0000] {dag.py:3096} INFO - Sync 1 DAGs
[2026-05-07T20:31:11.949+0000] {logging_mixin.py:188} INFO - [2026-05-07T20:31:11.949+0000] {dag.py:3954} INFO - Setting next_dagrun for example_sensor_decorator to None, run_after=None
[2026-05-07T20:31:11.969+0000] {processor.py:183} INFO - Processing /home/airflow/.local/lib/python3.12/site-packages/airflow/example_dags/example_sensor_decorator.py took 0.075 seconds
[2026-05-07T20:31:42.916+0000] {processor.py:161} INFO - Started process (PID=1763) to work on /home/airflow/.local/lib/python3.12/site-packages/airflow/example_dags/example_sensor_decorator.py
[2026-05-07T20:31:42.917+0000] {processor.py:830} INFO - Processing file /home/airflow/.local/lib/python3.12/site-packages/airflow/example_dags/example_sensor_decorator.py for tasks to queue
[2026-05-07T20:31:42.919+0000] {logging_mixin.py:188} INFO - [2026-05-07T20:31:42.919+0000] {dagbag.py:545} INFO - Filling up the DagBag from /home/airflow/.local/lib/python3.12/site-packages/airflow/example_dags/example_sensor_decorator.py
[2026-05-07T20:31:42.925+0000] {processor.py:840} INFO - DAG(s) 'example_sensor_decorator' retrieved from /home/airflow/.local/lib/python3.12/site-packages/airflow/example_dags/example_sensor_decorator.py
[2026-05-07T20:31:42.944+0000] {logging_mixin.py:188} INFO - [2026-05-07T20:31:42.944+0000] {dag.py:3096} INFO - Sync 1 DAGs
[2026-05-07T20:31:43.069+0000] {logging_mixin.py:188} INFO - [2026-05-07T20:31:43.069+0000] {dag.py:3954} INFO - Setting next_dagrun for example_sensor_decorator to None, run_after=None
[2026-05-07T20:31:43.158+0000] {processor.py:183} INFO - Processing /home/airflow/.local/lib/python3.12/site-packages/airflow/example_dags/example_sensor_decorator.py took 0.247 seconds
[2026-05-07T20:32:13.872+0000] {processor.py:161} INFO - Started process (PID=1821) to work on /home/airflow/.local/lib/python3.12/site-packages/airflow/example_dags/example_sensor_decorator.py
[2026-05-07T20:32:13.874+0000] {processor.py:830} INFO - Processing file /home/airflow/.local/lib/python3.12/site-packages/airflow/example_dags/example_sensor_decorator.py for tasks to queue
[2026-05-07T20:32:13.877+0000] {logging_mixin.py:188} INFO - [2026-05-07T20:32:13.877+0000] {dagbag.py:545} INFO - Filling up the DagBag from /home/airflow/.local/lib/python3.12/site-packages/airflow/example_dags/example_sensor_decorator.py
[2026-05-07T20:32:13.884+0000] {processor.py:840} INFO - DAG(s) 'example_sensor_decorator' retrieved from /home/airflow/.local/lib/python3.12/site-packages/airflow/example_dags/example_sensor_decorator.py
[2026-05-07T20:32:13.920+0000] {logging_mixin.py:188} INFO - [2026-05-07T20:32:13.919+0000] {dag.py:3096} INFO - Sync 1 DAGs
[2026-05-07T20:32:13.932+0000] {logging_mixin.py:188} INFO - [2026-05-07T20:32:13.932+0000] {dag.py:3954} INFO - Setting next_dagrun for example_sensor_decorator to None, run_after=None
[2026-05-07T20:32:14.091+0000] {processor.py:183} INFO - Processing /home/airflow/.local/lib/python3.12/site-packages/airflow/example_dags/example_sensor_decorator.py took 0.224 seconds
[2026-05-07T20:32:44.615+0000] {processor.py:161} INFO - Started process (PID=1879) to work on /home/airflow/.local/lib/python3.12/site-packages/airflow/example_dags/example_sensor_decorator.py
[2026-05-07T20:32:44.616+0000] {processor.py:830} INFO - Processing file /home/airflow/.local/lib/python3.12/site-packages/airflow/example_dags/example_sensor_decorator.py for tasks to queue
[2026-05-07T20:32:44.619+0000] {logging_mixin.py:188} INFO - [2026-05-07T20:32:44.618+0000] {dagbag.py:545} INFO - Filling up the DagBag from /home/airflow/.local/lib/python3.12/site-packages/airflow/example_dags/example_sensor_decorator.py
[2026-05-07T20:32:44.627+0000] {processor.py:840} INFO - DAG(s) 'example_sensor_decorator' retrieved from /home/airflow/.local/lib/python3.12/site-packages/airflow/example_dags/example_sensor_decorator.py
[2026-05-07T20:32:44.645+0000] {logging_mixin.py:188} INFO - [2026-05-07T20:32:44.645+0000] {dag.py:3096} INFO - Sync 1 DAGs
[2026-05-07T20:32:44.655+0000] {logging_mixin.py:188} INFO - [2026-05-07T20:32:44.655+0000] {dag.py:3954} INFO - Setting next_dagrun for example_sensor_decorator to None, run_after=None
[2026-05-07T20:32:44.671+0000] {processor.py:183} INFO - Processing /home/airflow/.local/lib/python3.12/site-packages/airflow/example_dags/example_sensor_decorator.py took 0.062 seconds
[2026-05-07T20:33:15.072+0000] {processor.py:161} INFO - Started process (PID=1937) to work on /home/airflow/.local/lib/python3.12/site-packages/airflow/example_dags/example_sensor_decorator.py
[2026-05-07T20:33:15.073+0000] {processor.py:830} INFO - Processing file /home/airflow/.local/lib/python3.12/site-packages/airflow/example_dags/example_sensor_decorator.py for tasks to queue
[2026-05-07T20:33:15.075+0000] {logging_mixin.py:188} INFO - [2026-05-07T20:33:15.075+0000] {dagbag.py:545} INFO - Filling up the DagBag from /home/airflow/.local/lib/python3.12/site-packages/airflow/example_dags/example_sensor_decorator.py
[2026-05-07T20:33:15.081+0000] {processor.py:840} INFO - DAG(s) 'example_sensor_decorator' retrieved from /home/airflow/.local/lib/python3.12/site-packages/airflow/example_dags/example_sensor_decorator.py
[2026-05-07T20:33:15.098+0000] {logging_mixin.py:188} INFO - [2026-05-07T20:33:15.098+0000] {dag.py:3096} INFO - Sync 1 DAGs
[2026-05-07T20:33:15.110+0000] {logging_mixin.py:188} INFO - [2026-05-07T20:33:15.110+0000] {dag.py:3954} INFO - Setting next_dagrun for example_sensor_decorator to None, run_after=None
[2026-05-07T20:33:15.130+0000] {processor.py:183} INFO - Processing /home/airflow/.local/lib/python3.12/site-packages/airflow/example_dags/example_sensor_decorator.py took 0.065 seconds
[2026-05-07T20:33:45.330+0000] {processor.py:161} INFO - Started process (PID=1995) to work on /home/airflow/.local/lib/python3.12/site-packages/airflow/example_dags/example_sensor_decorator.py
[2026-05-07T20:33:45.332+0000] {processor.py:830} INFO - Processing file /home/airflow/.local/lib/python3.12/site-packages/airflow/example_dags/example_sensor_decorator.py for tasks to queue
[2026-05-07T20:33:45.334+0000] {logging_mixin.py:188} INFO - [2026-05-07T20:33:45.333+0000] {dagbag.py:545} INFO - Filling up the DagBag from /home/airflow/.local/lib/python3.12/site-packages/airflow/example_dags/example_sensor_decorator.py
[2026-05-07T20:33:45.340+0000] {processor.py:840} INFO - DAG(s) 'example_sensor_decorator' retrieved from /home/airflow/.local/lib/python3.12/site-packages/airflow/example_dags/example_sensor_decorator.py
[2026-05-07T20:33:45.363+0000] {logging_mixin.py:188} INFO - [2026-05-07T20:33:45.363+0000] {dag.py:3096} INFO - Sync 1 DAGs
[2026-05-07T20:33:45.375+0000] {logging_mixin.py:188} INFO - [2026-05-07T20:33:45.374+0000] {dag.py:3954} INFO - Setting next_dagrun for example_sensor_decorator to None, run_after=None
[2026-05-07T20:33:45.394+0000] {processor.py:183} INFO - Processing /home/airflow/.local/lib/python3.12/site-packages/airflow/example_dags/example_sensor_decorator.py took 0.070 seconds
[2026-05-07T20:34:15.975+0000] {processor.py:161} INFO - Started process (PID=2054) to work on /home/airflow/.local/lib/python3.12/site-packages/airflow/example_dags/example_sensor_decorator.py
[2026-05-07T20:34:15.977+0000] {processor.py:830} INFO - Processing file /home/airflow/.local/lib/python3.12/site-packages/airflow/example_dags/example_sensor_decorator.py for tasks to queue
[2026-05-07T20:34:15.979+0000] {logging_mixin.py:188} INFO - [2026-05-07T20:34:15.979+0000] {dagbag.py:545} INFO - Filling up the DagBag from /home/airflow/.local/lib/python3.12/site-packages/airflow/example_dags/example_sensor_decorator.py
[2026-05-07T20:34:15.986+0000] {processor.py:840} INFO - DAG(s) 'example_sensor_decorator' retrieved from /home/airflow/.local/lib/python3.12/site-packages/airflow/example_dags/example_sensor_decorator.py
[2026-05-07T20:34:16.007+0000] {logging_mixin.py:188} INFO - [2026-05-07T20:34:16.007+0000] {dag.py:3096} INFO - Sync 1 DAGs
[2026-05-07T20:34:16.019+0000] {logging_mixin.py:188} INFO - [2026-05-07T20:34:16.019+0000] {dag.py:3954} INFO - Setting next_dagrun for example_sensor_decorator to None, run_after=None
[2026-05-07T20:34:16.041+0000] {processor.py:183} INFO - Processing /home/airflow/.local/lib/python3.12/site-packages/airflow/example_dags/example_sensor_decorator.py took 0.071 seconds
[2026-05-07T20:34:46.490+0000] {processor.py:161} INFO - Started process (PID=2112) to work on /home/airflow/.local/lib/python3.12/site-packages/airflow/example_dags/example_sensor_decorator.py
[2026-05-07T20:34:46.492+0000] {processor.py:830} INFO - Processing file /home/airflow/.local/lib/python3.12/site-packages/airflow/example_dags/example_sensor_decorator.py for tasks to queue
[2026-05-07T20:34:46.495+0000] {logging_mixin.py:188} INFO - [2026-05-07T20:34:46.494+0000] {dagbag.py:545} INFO - Filling up the DagBag from /home/airflow/.local/lib/python3.12/site-packages/airflow/example_dags/example_sensor_decorator.py
[2026-05-07T20:34:46.501+0000] {processor.py:840} INFO - DAG(s) 'example_sensor_decorator' retrieved from /home/airflow/.local/lib/python3.12/site-packages/airflow/example_dags/example_sensor_decorator.py
[2026-05-07T20:34:46.523+0000] {logging_mixin.py:188} INFO - [2026-05-07T20:34:46.522+0000] {dag.py:3096} INFO - Sync 1 DAGs
[2026-05-07T20:34:46.535+0000] {logging_mixin.py:188} INFO - [2026-05-07T20:34:46.535+0000] {dag.py:3954} INFO - Setting next_dagrun for example_sensor_decorator to None, run_after=None
[2026-05-07T20:34:46.557+0000] {processor.py:183} INFO - Processing /home/airflow/.local/lib/python3.12/site-packages/airflow/example_dags/example_sensor_decorator.py took 0.074 seconds
[2026-05-07T20:35:17.014+0000] {processor.py:161} INFO - Started process (PID=2170) to work on /home/airflow/.local/lib/python3.12/site-packages/airflow/example_dags/example_sensor_decorator.py
[2026-05-07T20:35:17.016+0000] {processor.py:830} INFO - Processing file /home/airflow/.local/lib/python3.12/site-packages/airflow/example_dags/example_sensor_decorator.py for tasks to queue
[2026-05-07T20:35:17.019+0000] {logging_mixin.py:188} INFO - [2026-05-07T20:35:17.018+0000] {dagbag.py:545} INFO - Filling up the DagBag from /home/airflow/.local/lib/python3.12/site-packages/airflow/example_dags/example_sensor_decorator.py
[2026-05-07T20:35:17.026+0000] {processor.py:840} INFO - DAG(s) 'example_sensor_decorator' retrieved from /home/airflow/.local/lib/python3.12/site-packages/airflow/example_dags/example_sensor_decorator.py
[2026-05-07T20:35:17.048+0000] {logging_mixin.py:188} INFO - [2026-05-07T20:35:17.048+0000] {dag.py:3096} INFO - Sync 1 DAGs
[2026-05-07T20:35:17.063+0000] {logging_mixin.py:188} INFO - [2026-05-07T20:35:17.062+0000] {dag.py:3954} INFO - Setting next_dagrun for example_sensor_decorator to None, run_after=None
[2026-05-07T20:35:17.087+0000] {processor.py:183} INFO - Processing /home/airflow/.local/lib/python3.12/site-packages/airflow/example_dags/example_sensor_decorator.py took 0.080 seconds
[2026-05-07T20:35:47.574+0000] {processor.py:161} INFO - Started process (PID=2228) to work on /home/airflow/.local/lib/python3.12/site-packages/airflow/example_dags/example_sensor_decorator.py
[2026-05-07T20:35:47.575+0000] {processor.py:830} INFO - Processing file /home/airflow/.local/lib/python3.12/site-packages/airflow/example_dags/example_sensor_decorator.py for tasks to queue
[2026-05-07T20:35:47.577+0000] {logging_mixin.py:188} INFO - [2026-05-07T20:35:47.577+0000] {dagbag.py:545} INFO - Filling up the DagBag from /home/airflow/.local/lib/python3.12/site-packages/airflow/example_dags/example_sensor_decorator.py
[2026-05-07T20:35:47.584+0000] {processor.py:840} INFO - DAG(s) 'example_sensor_decorator' retrieved from /home/airflow/.local/lib/python3.12/site-packages/airflow/example_dags/example_sensor_decorator.py
[2026-05-07T20:35:47.602+0000] {logging_mixin.py:188} INFO - [2026-05-07T20:35:47.602+0000] {dag.py:3096} INFO - Sync 1 DAGs
[2026-05-07T20:35:47.613+0000] {logging_mixin.py:188} INFO - [2026-05-07T20:35:47.613+0000] {dag.py:3954} INFO - Setting next_dagrun for example_sensor_decorator to None, run_after=None
[2026-05-07T20:35:47.633+0000] {processor.py:183} INFO - Processing /home/airflow/.local/lib/python3.12/site-packages/airflow/example_dags/example_sensor_decorator.py took 0.065 seconds
[2026-05-07T20:36:18.036+0000] {processor.py:161} INFO - Started process (PID=2287) to work on /home/airflow/.local/lib/python3.12/site-packages/airflow/example_dags/example_sensor_decorator.py
[2026-05-07T20:36:18.037+0000] {processor.py:830} INFO - Processing file /home/airflow/.local/lib/python3.12/site-packages/airflow/example_dags/example_sensor_decorator.py for tasks to queue
[2026-05-07T20:36:18.040+0000] {logging_mixin.py:188} INFO - [2026-05-07T20:36:18.039+0000] {dagbag.py:545} INFO - Filling up the DagBag from /home/airflow/.local/lib/python3.12/site-packages/airflow/example_dags/example_sensor_decorator.py
[2026-05-07T20:36:18.046+0000] {processor.py:840} INFO - DAG(s) 'example_sensor_decorator' retrieved from /home/airflow/.local/lib/python3.12/site-packages/airflow/example_dags/example_sensor_decorator.py
[2026-05-07T20:36:18.066+0000] {logging_mixin.py:188} INFO - [2026-05-07T20:36:18.065+0000] {dag.py:3096} INFO - Sync 1 DAGs
[2026-05-07T20:36:18.078+0000] {logging_mixin.py:188} INFO - [2026-05-07T20:36:18.078+0000] {dag.py:3954} INFO - Setting next_dagrun for example_sensor_decorator to None, run_after=None
[2026-05-07T20:36:18.099+0000] {processor.py:183} INFO - Processing /home/airflow/.local/lib/python3.12/site-packages/airflow/example_dags/example_sensor_decorator.py took 0.068 seconds
[2026-05-07T20:36:48.970+0000] {processor.py:161} INFO - Started process (PID=2345) to work on /home/airflow/.local/lib/python3.12/site-packages/airflow/example_dags/example_sensor_decorator.py
[2026-05-07T20:36:48.971+0000] {processor.py:830} INFO - Processing file /home/airflow/.local/lib/python3.12/site-packages/airflow/example_dags/example_sensor_decorator.py for tasks to queue
[2026-05-07T20:36:48.973+0000] {logging_mixin.py:188} INFO - [2026-05-07T20:36:48.973+0000] {dagbag.py:545} INFO - Filling up the DagBag from /home/airflow/.local/lib/python3.12/site-packages/airflow/example_dags/example_sensor_decorator.py
[2026-05-07T20:36:48.979+0000] {processor.py:840} INFO - DAG(s) 'example_sensor_decorator' retrieved from /home/airflow/.local/lib/python3.12/site-packages/airflow/example_dags/example_sensor_decorator.py
[2026-05-07T20:36:48.996+0000] {logging_mixin.py:188} INFO - [2026-05-07T20:36:48.996+0000] {dag.py:3096} INFO - Sync 1 DAGs
[2026-05-07T20:36:49.006+0000] {logging_mixin.py:188} INFO - [2026-05-07T20:36:49.006+0000] {dag.py:3954} INFO - Setting next_dagrun for example_sensor_decorator to None, run_after=None
[2026-05-07T20:36:49.026+0000] {processor.py:183} INFO - Processing /home/airflow/.local/lib/python3.12/site-packages/airflow/example_dags/example_sensor_decorator.py took 0.062 seconds
[2026-05-07T20:37:19.562+0000] {processor.py:161} INFO - Started process (PID=2403) to work on /home/airflow/.local/lib/python3.12/site-packages/airflow/example_dags/example_sensor_decorator.py
[2026-05-07T20:37:19.563+0000] {processor.py:830} INFO - Processing file /home/airflow/.local/lib/python3.12/site-packages/airflow/example_dags/example_sensor_decorator.py for tasks to queue
[2026-05-07T20:37:19.566+0000] {logging_mixin.py:188} INFO - [2026-05-07T20:37:19.566+0000] {dagbag.py:545} INFO - Filling up the DagBag from /home/airflow/.local/lib/python3.12/site-packages/airflow/example_dags/example_sensor_decorator.py
[2026-05-07T20:37:19.574+0000] {processor.py:840} INFO - DAG(s) 'example_sensor_decorator' retrieved from /home/airflow/.local/lib/python3.12/site-packages/airflow/example_dags/example_sensor_decorator.py
[2026-05-07T20:37:19.602+0000] {logging_mixin.py:188} INFO - [2026-05-07T20:37:19.602+0000] {dag.py:3096} INFO - Sync 1 DAGs
[2026-05-07T20:37:19.617+0000] {logging_mixin.py:188} INFO - [2026-05-07T20:37:19.617+0000] {dag.py:3954} INFO - Setting next_dagrun for example_sensor_decorator to None, run_after=None
[2026-05-07T20:37:19.685+0000] {processor.py:183} INFO - Processing /home/airflow/.local/lib/python3.12/site-packages/airflow/example_dags/example_sensor_decorator.py took 0.132 seconds
[2026-05-07T20:37:49.821+0000] {processor.py:161} INFO - Started process (PID=2461) to work on /home/airflow/.local/lib/python3.12/site-packages/airflow/example_dags/example_sensor_decorator.py
[2026-05-07T20:37:49.823+0000] {processor.py:830} INFO - Processing file /home/airflow/.local/lib/python3.12/site-packages/airflow/example_dags/example_sensor_decorator.py for tasks to queue
[2026-05-07T20:37:49.825+0000] {logging_mixin.py:188} INFO - [2026-05-07T20:37:49.825+0000] {dagbag.py:545} INFO - Filling up the DagBag from /home/airflow/.local/lib/python3.12/site-packages/airflow/example_dags/example_sensor_decorator.py
[2026-05-07T20:37:49.831+0000] {processor.py:840} INFO - DAG(s) 'example_sensor_decorator' retrieved from /home/airflow/.local/lib/python3.12/site-packages/airflow/example_dags/example_sensor_decorator.py
[2026-05-07T20:37:49.852+0000] {logging_mixin.py:188} INFO - [2026-05-07T20:37:49.852+0000] {dag.py:3096} INFO - Sync 1 DAGs
[2026-05-07T20:37:49.867+0000] {logging_mixin.py:188} INFO - [2026-05-07T20:37:49.867+0000] {dag.py:3954} INFO - Setting next_dagrun for example_sensor_decorator to None, run_after=None
[2026-05-07T20:37:49.950+0000] {processor.py:183} INFO - Processing /home/airflow/.local/lib/python3.12/site-packages/airflow/example_dags/example_sensor_decorator.py took 0.136 seconds
[2026-05-07T20:38:20.141+0000] {processor.py:161} INFO - Started process (PID=2519) to work on /home/airflow/.local/lib/python3.12/site-packages/airflow/example_dags/example_sensor_decorator.py
[2026-05-07T20:38:20.142+0000] {processor.py:830} INFO - Processing file /home/airflow/.local/lib/python3.12/site-packages/airflow/example_dags/example_sensor_decorator.py for tasks to queue
[2026-05-07T20:38:20.145+0000] {logging_mixin.py:188} INFO - [2026-05-07T20:38:20.145+0000] {dagbag.py:545} INFO - Filling up the DagBag from /home/airflow/.local/lib/python3.12/site-packages/airflow/example_dags/example_sensor_decorator.py
[2026-05-07T20:38:20.159+0000] {processor.py:840} INFO - DAG(s) 'example_sensor_decorator' retrieved from /home/airflow/.local/lib/python3.12/site-packages/airflow/example_dags/example_sensor_decorator.py
[2026-05-07T20:38:20.186+0000] {logging_mixin.py:188} INFO - [2026-05-07T20:38:20.185+0000] {dag.py:3096} INFO - Sync 1 DAGs
[2026-05-07T20:38:20.204+0000] {logging_mixin.py:188} INFO - [2026-05-07T20:38:20.204+0000] {dag.py:3954} INFO - Setting next_dagrun for example_sensor_decorator to None, run_after=None
[2026-05-07T20:38:20.302+0000] {processor.py:183} INFO - Processing /home/airflow/.local/lib/python3.12/site-packages/airflow/example_dags/example_sensor_decorator.py took 0.173 seconds
[2026-05-07T20:38:50.541+0000] {processor.py:161} INFO - Started process (PID=2577) to work on /home/airflow/.local/lib/python3.12/site-packages/airflow/example_dags/example_sensor_decorator.py
[2026-05-07T20:38:50.543+0000] {processor.py:830} INFO - Processing file /home/airflow/.local/lib/python3.12/site-packages/airflow/example_dags/example_sensor_decorator.py for tasks to queue
[2026-05-07T20:38:50.545+0000] {logging_mixin.py:188} INFO - [2026-05-07T20:38:50.545+0000] {dagbag.py:545} INFO - Filling up the DagBag from /home/airflow/.local/lib/python3.12/site-packages/airflow/example_dags/example_sensor_decorator.py
[2026-05-07T20:38:50.552+0000] {processor.py:840} INFO - DAG(s) 'example_sensor_decorator' retrieved from /home/airflow/.local/lib/python3.12/site-packages/airflow/example_dags/example_sensor_decorator.py
[2026-05-07T20:38:50.572+0000] {logging_mixin.py:188} INFO - [2026-05-07T20:38:50.572+0000] {dag.py:3096} INFO - Sync 1 DAGs
[2026-05-07T20:38:50.584+0000] {logging_mixin.py:188} INFO - [2026-05-07T20:38:50.584+0000] {dag.py:3954} INFO - Setting next_dagrun for example_sensor_decorator to None, run_after=None
[2026-05-07T20:38:50.605+0000] {processor.py:183} INFO - Processing /home/airflow/.local/lib/python3.12/site-packages/airflow/example_dags/example_sensor_decorator.py took 0.069 seconds
[2026-05-07T20:39:21.072+0000] {processor.py:161} INFO - Started process (PID=2635) to work on /home/airflow/.local/lib/python3.12/site-packages/airflow/example_dags/example_sensor_decorator.py
[2026-05-07T20:39:21.074+0000] {processor.py:830} INFO - Processing file /home/airflow/.local/lib/python3.12/site-packages/airflow/example_dags/example_sensor_decorator.py for tasks to queue
[2026-05-07T20:39:21.076+0000] {logging_mixin.py:188} INFO - [2026-05-07T20:39:21.076+0000] {dagbag.py:545} INFO - Filling up the DagBag from /home/airflow/.local/lib/python3.12/site-packages/airflow/example_dags/example_sensor_decorator.py
[2026-05-07T20:39:21.082+0000] {processor.py:840} INFO - DAG(s) 'example_sensor_decorator' retrieved from /home/airflow/.local/lib/python3.12/site-packages/airflow/example_dags/example_sensor_decorator.py
[2026-05-07T20:39:21.101+0000] {logging_mixin.py:188} INFO - [2026-05-07T20:39:21.101+0000] {dag.py:3096} INFO - Sync 1 DAGs
[2026-05-07T20:39:21.112+0000] {logging_mixin.py:188} INFO - [2026-05-07T20:39:21.112+0000] {dag.py:3954} INFO - Setting next_dagrun for example_sensor_decorator to None, run_after=None
[2026-05-07T20:39:21.201+0000] {processor.py:183} INFO - Processing /home/airflow/.local/lib/python3.12/site-packages/airflow/example_dags/example_sensor_decorator.py took 0.134 seconds
[2026-05-07T20:39:51.323+0000] {processor.py:161} INFO - Started process (PID=2693) to work on /home/airflow/.local/lib/python3.12/site-packages/airflow/example_dags/example_sensor_decorator.py
[2026-05-07T20:39:51.325+0000] {processor.py:830} INFO - Processing file /home/airflow/.local/lib/python3.12/site-packages/airflow/example_dags/example_sensor_decorator.py for tasks to queue
[2026-05-07T20:39:51.328+0000] {logging_mixin.py:188} INFO - [2026-05-07T20:39:51.327+0000] {dagbag.py:545} INFO - Filling up the DagBag from /home/airflow/.local/lib/python3.12/site-packages/airflow/example_dags/example_sensor_decorator.py
[2026-05-07T20:39:51.335+0000] {processor.py:840} INFO - DAG(s) 'example_sensor_decorator' retrieved from /home/airflow/.local/lib/python3.12/site-packages/airflow/example_dags/example_sensor_decorator.py
[2026-05-07T20:39:51.358+0000] {logging_mixin.py:188} INFO - [2026-05-07T20:39:51.358+0000] {dag.py:3096} INFO - Sync 1 DAGs
[2026-05-07T20:39:51.369+0000] {logging_mixin.py:188} INFO - [2026-05-07T20:39:51.369+0000] {dag.py:3954} INFO - Setting next_dagrun for example_sensor_decorator to None, run_after=None
[2026-05-07T20:39:51.390+0000] {processor.py:183} INFO - Processing /home/airflow/.local/lib/python3.12/site-packages/airflow/example_dags/example_sensor_decorator.py took 0.073 seconds
[2026-05-07T20:40:21.930+0000] {processor.py:161} INFO - Started process (PID=2751) to work on /home/airflow/.local/lib/python3.12/site-packages/airflow/example_dags/example_sensor_decorator.py
[2026-05-07T20:40:21.932+0000] {processor.py:830} INFO - Processing file /home/airflow/.local/lib/python3.12/site-packages/airflow/example_dags/example_sensor_decorator.py for tasks to queue
[2026-05-07T20:40:21.934+0000] {logging_mixin.py:188} INFO - [2026-05-07T20:40:21.933+0000] {dagbag.py:545} INFO - Filling up the DagBag from /home/airflow/.local/lib/python3.12/site-packages/airflow/example_dags/example_sensor_decorator.py
[2026-05-07T20:40:21.939+0000] {processor.py:840} INFO - DAG(s) 'example_sensor_decorator' retrieved from /home/airflow/.local/lib/python3.12/site-packages/airflow/example_dags/example_sensor_decorator.py
[2026-05-07T20:40:21.959+0000] {logging_mixin.py:188} INFO - [2026-05-07T20:40:21.959+0000] {dag.py:3096} INFO - Sync 1 DAGs
[2026-05-07T20:40:21.970+0000] {logging_mixin.py:188} INFO - [2026-05-07T20:40:21.970+0000] {dag.py:3954} INFO - Setting next_dagrun for example_sensor_decorator to None, run_after=None
[2026-05-07T20:40:21.988+0000] {processor.py:183} INFO - Processing /home/airflow/.local/lib/python3.12/site-packages/airflow/example_dags/example_sensor_decorator.py took 0.063 seconds
[2026-05-07T20:40:52.370+0000] {processor.py:161} INFO - Started process (PID=2809) to work on /home/airflow/.local/lib/python3.12/site-packages/airflow/example_dags/example_sensor_decorator.py
[2026-05-07T20:40:52.372+0000] {processor.py:830} INFO - Processing file /home/airflow/.local/lib/python3.12/site-packages/airflow/example_dags/example_sensor_decorator.py for tasks to queue
[2026-05-07T20:40:52.375+0000] {logging_mixin.py:188} INFO - [2026-05-07T20:40:52.374+0000] {dagbag.py:545} INFO - Filling up the DagBag from /home/airflow/.local/lib/python3.12/site-packages/airflow/example_dags/example_sensor_decorator.py
[2026-05-07T20:40:52.382+0000] {processor.py:840} INFO - DAG(s) 'example_sensor_decorator' retrieved from /home/airflow/.local/lib/python3.12/site-packages/airflow/example_dags/example_sensor_decorator.py
[2026-05-07T20:40:52.405+0000] {logging_mixin.py:188} INFO - [2026-05-07T20:40:52.404+0000] {dag.py:3096} INFO - Sync 1 DAGs
[2026-05-07T20:40:52.416+0000] {logging_mixin.py:188} INFO - [2026-05-07T20:40:52.416+0000] {dag.py:3954} INFO - Setting next_dagrun for example_sensor_decorator to None, run_after=None
[2026-05-07T20:40:52.440+0000] {processor.py:183} INFO - Processing /home/airflow/.local/lib/python3.12/site-packages/airflow/example_dags/example_sensor_decorator.py took 0.077 seconds
[2026-05-07T20:41:23.189+0000] {processor.py:161} INFO - Started process (PID=2867) to work on /home/airflow/.local/lib/python3.12/site-packages/airflow/example_dags/example_sensor_decorator.py
[2026-05-07T20:41:23.191+0000] {processor.py:830} INFO - Processing file /home/airflow/.local/lib/python3.12/site-packages/airflow/example_dags/example_sensor_decorator.py for tasks to queue
[2026-05-07T20:41:23.193+0000] {logging_mixin.py:188} INFO - [2026-05-07T20:41:23.193+0000] {dagbag.py:545} INFO - Filling up the DagBag from /home/airflow/.local/lib/python3.12/site-packages/airflow/example_dags/example_sensor_decorator.py
[2026-05-07T20:41:23.199+0000] {processor.py:840} INFO - DAG(s) 'example_sensor_decorator' retrieved from /home/airflow/.local/lib/python3.12/site-packages/airflow/example_dags/example_sensor_decorator.py
[2026-05-07T20:41:23.223+0000] {logging_mixin.py:188} INFO - [2026-05-07T20:41:23.223+0000] {dag.py:3096} INFO - Sync 1 DAGs
[2026-05-07T20:41:23.236+0000] {logging_mixin.py:188} INFO - [2026-05-07T20:41:23.236+0000] {dag.py:3954} INFO - Setting next_dagrun for example_sensor_decorator to None, run_after=None
[2026-05-07T20:41:23.261+0000] {processor.py:183} INFO - Processing /home/airflow/.local/lib/python3.12/site-packages/airflow/example_dags/example_sensor_decorator.py took 0.079 seconds
[2026-05-07T20:41:53.470+0000] {processor.py:161} INFO - Started process (PID=2925) to work on /home/airflow/.local/lib/python3.12/site-packages/airflow/example_dags/example_sensor_decorator.py
[2026-05-07T20:41:53.472+0000] {processor.py:830} INFO - Processing file /home/airflow/.local/lib/python3.12/site-packages/airflow/example_dags/example_sensor_decorator.py for tasks to queue
[2026-05-07T20:41:53.475+0000] {logging_mixin.py:188} INFO - [2026-05-07T20:41:53.474+0000] {dagbag.py:545} INFO - Filling up the DagBag from /home/airflow/.local/lib/python3.12/site-packages/airflow/example_dags/example_sensor_decorator.py
[2026-05-07T20:41:53.481+0000] {processor.py:840} INFO - DAG(s) 'example_sensor_decorator' retrieved from /home/airflow/.local/lib/python3.12/site-packages/airflow/example_dags/example_sensor_decorator.py
[2026-05-07T20:41:53.505+0000] {logging_mixin.py:188} INFO - [2026-05-07T20:41:53.505+0000] {dag.py:3096} INFO - Sync 1 DAGs
[2026-05-07T20:41:53.521+0000] {logging_mixin.py:188} INFO - [2026-05-07T20:41:53.521+0000] {dag.py:3954} INFO - Setting next_dagrun for example_sensor_decorator to None, run_after=None
[2026-05-07T20:41:53.544+0000] {processor.py:183} INFO - Processing /home/airflow/.local/lib/python3.12/site-packages/airflow/example_dags/example_sensor_decorator.py took 0.080 seconds
[2026-05-07T20:42:23.777+0000] {processor.py:161} INFO - Started process (PID=2983) to work on /home/airflow/.local/lib/python3.12/site-packages/airflow/example_dags/example_sensor_decorator.py
[2026-05-07T20:42:23.779+0000] {processor.py:830} INFO - Processing file /home/airflow/.local/lib/python3.12/site-packages/airflow/example_dags/example_sensor_decorator.py for tasks to queue
[2026-05-07T20:42:23.782+0000] {logging_mixin.py:188} INFO - [2026-05-07T20:42:23.781+0000] {dagbag.py:545} INFO - Filling up the DagBag from /home/airflow/.local/lib/python3.12/site-packages/airflow/example_dags/example_sensor_decorator.py
[2026-05-07T20:42:23.788+0000] {processor.py:840} INFO - DAG(s) 'example_sensor_decorator' retrieved from /home/airflow/.local/lib/python3.12/site-packages/airflow/example_dags/example_sensor_decorator.py
[2026-05-07T20:42:23.809+0000] {logging_mixin.py:188} INFO - [2026-05-07T20:42:23.808+0000] {dag.py:3096} INFO - Sync 1 DAGs
[2026-05-07T20:42:23.820+0000] {logging_mixin.py:188} INFO - [2026-05-07T20:42:23.820+0000] {dag.py:3954} INFO - Setting next_dagrun for example_sensor_decorator to None, run_after=None
[2026-05-07T20:42:23.917+0000] {processor.py:183} INFO - Processing /home/airflow/.local/lib/python3.12/site-packages/airflow/example_dags/example_sensor_decorator.py took 0.146 seconds
[2026-05-07T20:42:54.189+0000] {processor.py:161} INFO - Started process (PID=3038) to work on /home/airflow/.local/lib/python3.12/site-packages/airflow/example_dags/example_sensor_decorator.py
[2026-05-07T20:42:54.191+0000] {processor.py:830} INFO - Processing file /home/airflow/.local/lib/python3.12/site-packages/airflow/example_dags/example_sensor_decorator.py for tasks to queue
[2026-05-07T20:42:54.194+0000] {logging_mixin.py:188} INFO - [2026-05-07T20:42:54.193+0000] {dagbag.py:545} INFO - Filling up the DagBag from /home/airflow/.local/lib/python3.12/site-packages/airflow/example_dags/example_sensor_decorator.py
[2026-05-07T20:42:54.200+0000] {processor.py:840} INFO - DAG(s) 'example_sensor_decorator' retrieved from /home/airflow/.local/lib/python3.12/site-packages/airflow/example_dags/example_sensor_decorator.py
[2026-05-07T20:42:54.229+0000] {logging_mixin.py:188} INFO - [2026-05-07T20:42:54.229+0000] {dag.py:3096} INFO - Sync 1 DAGs
[2026-05-07T20:42:54.243+0000] {logging_mixin.py:188} INFO - [2026-05-07T20:42:54.243+0000] {dag.py:3954} INFO - Setting next_dagrun for example_sensor_decorator to None, run_after=None
[2026-05-07T20:42:54.274+0000] {processor.py:183} INFO - Processing /home/airflow/.local/lib/python3.12/site-packages/airflow/example_dags/example_sensor_decorator.py took 0.095 seconds
[2026-05-07T20:43:24.908+0000] {processor.py:161} INFO - Started process (PID=3096) to work on /home/airflow/.local/lib/python3.12/site-packages/airflow/example_dags/example_sensor_decorator.py
[2026-05-07T20:43:24.910+0000] {processor.py:830} INFO - Processing file /home/airflow/.local/lib/python3.12/site-packages/airflow/example_dags/example_sensor_decorator.py for tasks to queue
[2026-05-07T20:43:24.912+0000] {logging_mixin.py:188} INFO - [2026-05-07T20:43:24.912+0000] {dagbag.py:545} INFO - Filling up the DagBag from /home/airflow/.local/lib/python3.12/site-packages/airflow/example_dags/example_sensor_decorator.py
[2026-05-07T20:43:24.919+0000] {processor.py:840} INFO - DAG(s) 'example_sensor_decorator' retrieved from /home/airflow/.local/lib/python3.12/site-packages/airflow/example_dags/example_sensor_decorator.py
[2026-05-07T20:43:24.952+0000] {logging_mixin.py:188} INFO - [2026-05-07T20:43:24.952+0000] {dag.py:3096} INFO - Sync 1 DAGs
[2026-05-07T20:43:24.970+0000] {logging_mixin.py:188} INFO - [2026-05-07T20:43:24.969+0000] {dag.py:3954} INFO - Setting next_dagrun for example_sensor_decorator to None, run_after=None
[2026-05-07T20:43:25.002+0000] {processor.py:183} INFO - Processing /home/airflow/.local/lib/python3.12/site-packages/airflow/example_dags/example_sensor_decorator.py took 0.102 seconds
[2026-05-07T20:43:55.324+0000] {processor.py:161} INFO - Started process (PID=3154) to work on /home/airflow/.local/lib/python3.12/site-packages/airflow/example_dags/example_sensor_decorator.py
[2026-05-07T20:43:55.327+0000] {processor.py:830} INFO - Processing file /home/airflow/.local/lib/python3.12/site-packages/airflow/example_dags/example_sensor_decorator.py for tasks to queue
[2026-05-07T20:43:55.331+0000] {logging_mixin.py:188} INFO - [2026-05-07T20:43:55.330+0000] {dagbag.py:545} INFO - Filling up the DagBag from /home/airflow/.local/lib/python3.12/site-packages/airflow/example_dags/example_sensor_decorator.py
[2026-05-07T20:43:55.340+0000] {processor.py:840} INFO - DAG(s) 'example_sensor_decorator' retrieved from /home/airflow/.local/lib/python3.12/site-packages/airflow/example_dags/example_sensor_decorator.py
[2026-05-07T20:43:55.362+0000] {logging_mixin.py:188} INFO - [2026-05-07T20:43:55.362+0000] {dag.py:3096} INFO - Sync 1 DAGs
[2026-05-07T20:43:55.376+0000] {logging_mixin.py:188} INFO - [2026-05-07T20:43:55.375+0000] {dag.py:3954} INFO - Setting next_dagrun for example_sensor_decorator to None, run_after=None
[2026-05-07T20:43:55.399+0000] {processor.py:183} INFO - Processing /home/airflow/.local/lib/python3.12/site-packages/airflow/example_dags/example_sensor_decorator.py took 0.082 seconds
[2026-05-07T20:44:25.595+0000] {processor.py:161} INFO - Started process (PID=3212) to work on /home/airflow/.local/lib/python3.12/site-packages/airflow/example_dags/example_sensor_decorator.py
[2026-05-07T20:44:25.597+0000] {processor.py:830} INFO - Processing file /home/airflow/.local/lib/python3.12/site-packages/airflow/example_dags/example_sensor_decorator.py for tasks to queue
[2026-05-07T20:44:25.601+0000] {logging_mixin.py:188} INFO - [2026-05-07T20:44:25.601+0000] {dagbag.py:545} INFO - Filling up the DagBag from /home/airflow/.local/lib/python3.12/site-packages/airflow/example_dags/example_sensor_decorator.py
[2026-05-07T20:44:25.609+0000] {processor.py:840} INFO - DAG(s) 'example_sensor_decorator' retrieved from /home/airflow/.local/lib/python3.12/site-packages/airflow/example_dags/example_sensor_decorator.py
[2026-05-07T20:44:25.636+0000] {logging_mixin.py:188} INFO - [2026-05-07T20:44:25.636+0000] {dag.py:3096} INFO - Sync 1 DAGs
[2026-05-07T20:44:25.650+0000] {logging_mixin.py:188} INFO - [2026-05-07T20:44:25.650+0000] {dag.py:3954} INFO - Setting next_dagrun for example_sensor_decorator to None, run_after=None
[2026-05-07T20:44:25.742+0000] {processor.py:183} INFO - Processing /home/airflow/.local/lib/python3.12/site-packages/airflow/example_dags/example_sensor_decorator.py took 0.155 seconds
[2026-05-07T20:44:55.793+0000] {processor.py:161} INFO - Started process (PID=3270) to work on /home/airflow/.local/lib/python3.12/site-packages/airflow/example_dags/example_sensor_decorator.py
[2026-05-07T20:44:55.795+0000] {processor.py:830} INFO - Processing file /home/airflow/.local/lib/python3.12/site-packages/airflow/example_dags/example_sensor_decorator.py for tasks to queue
[2026-05-07T20:44:55.798+0000] {logging_mixin.py:188} INFO - [2026-05-07T20:44:55.798+0000] {dagbag.py:545} INFO - Filling up the DagBag from /home/airflow/.local/lib/python3.12/site-packages/airflow/example_dags/example_sensor_decorator.py
[2026-05-07T20:44:55.807+0000] {processor.py:840} INFO - DAG(s) 'example_sensor_decorator' retrieved from /home/airflow/.local/lib/python3.12/site-packages/airflow/example_dags/example_sensor_decorator.py
[2026-05-07T20:44:55.833+0000] {logging_mixin.py:188} INFO - [2026-05-07T20:44:55.833+0000] {dag.py:3096} INFO - Sync 1 DAGs
[2026-05-07T20:44:55.846+0000] {logging_mixin.py:188} INFO - [2026-05-07T20:44:55.846+0000] {dag.py:3954} INFO - Setting next_dagrun for example_sensor_decorator to None, run_after=None
[2026-05-07T20:44:55.866+0000] {processor.py:183} INFO - Processing /home/airflow/.local/lib/python3.12/site-packages/airflow/example_dags/example_sensor_decorator.py took 0.079 seconds
[2026-05-07T20:45:26.615+0000] {processor.py:161} INFO - Started process (PID=3328) to work on /home/airflow/.local/lib/python3.12/site-packages/airflow/example_dags/example_sensor_decorator.py
[2026-05-07T20:45:26.617+0000] {processor.py:830} INFO - Processing file /home/airflow/.local/lib/python3.12/site-packages/airflow/example_dags/example_sensor_decorator.py for tasks to queue
[2026-05-07T20:45:26.619+0000] {logging_mixin.py:188} INFO - [2026-05-07T20:45:26.619+0000] {dagbag.py:545} INFO - Filling up the DagBag from /home/airflow/.local/lib/python3.12/site-packages/airflow/example_dags/example_sensor_decorator.py
[2026-05-07T20:45:26.626+0000] {processor.py:840} INFO - DAG(s) 'example_sensor_decorator' retrieved from /home/airflow/.local/lib/python3.12/site-packages/airflow/example_dags/example_sensor_decorator.py
[2026-05-07T20:45:26.648+0000] {logging_mixin.py:188} INFO - [2026-05-07T20:45:26.648+0000] {dag.py:3096} INFO - Sync 1 DAGs
[2026-05-07T20:45:26.659+0000] {logging_mixin.py:188} INFO - [2026-05-07T20:45:26.659+0000] {dag.py:3954} INFO - Setting next_dagrun for example_sensor_decorator to None, run_after=None
[2026-05-07T20:45:26.680+0000] {processor.py:183} INFO - Processing /home/airflow/.local/lib/python3.12/site-packages/airflow/example_dags/example_sensor_decorator.py took 0.070 seconds
[2026-05-07T20:45:56.854+0000] {processor.py:161} INFO - Started process (PID=3386) to work on /home/airflow/.local/lib/python3.12/site-packages/airflow/example_dags/example_sensor_decorator.py
[2026-05-07T20:45:56.856+0000] {processor.py:830} INFO - Processing file /home/airflow/.local/lib/python3.12/site-packages/airflow/example_dags/example_sensor_decorator.py for tasks to queue
[2026-05-07T20:45:56.858+0000] {logging_mixin.py:188} INFO - [2026-05-07T20:45:56.858+0000] {dagbag.py:545} INFO - Filling up the DagBag from /home/airflow/.local/lib/python3.12/site-packages/airflow/example_dags/example_sensor_decorator.py
[2026-05-07T20:45:56.864+0000] {processor.py:840} INFO - DAG(s) 'example_sensor_decorator' retrieved from /home/airflow/.local/lib/python3.12/site-packages/airflow/example_dags/example_sensor_decorator.py
[2026-05-07T20:45:56.882+0000] {logging_mixin.py:188} INFO - [2026-05-07T20:45:56.882+0000] {dag.py:3096} INFO - Sync 1 DAGs
[2026-05-07T20:45:56.893+0000] {logging_mixin.py:188} INFO - [2026-05-07T20:45:56.893+0000] {dag.py:3954} INFO - Setting next_dagrun for example_sensor_decorator to None, run_after=None
[2026-05-07T20:45:56.912+0000] {processor.py:183} INFO - Processing /home/airflow/.local/lib/python3.12/site-packages/airflow/example_dags/example_sensor_decorator.py took 0.064 seconds
[2026-05-07T20:46:27.527+0000] {processor.py:161} INFO - Started process (PID=3444) to work on /home/airflow/.local/lib/python3.12/site-packages/airflow/example_dags/example_sensor_decorator.py
[2026-05-07T20:46:27.529+0000] {processor.py:830} INFO - Processing file /home/airflow/.local/lib/python3.12/site-packages/airflow/example_dags/example_sensor_decorator.py for tasks to queue
[2026-05-07T20:46:27.532+0000] {logging_mixin.py:188} INFO - [2026-05-07T20:46:27.531+0000] {dagbag.py:545} INFO - Filling up the DagBag from /home/airflow/.local/lib/python3.12/site-packages/airflow/example_dags/example_sensor_decorator.py
[2026-05-07T20:46:27.539+0000] {processor.py:840} INFO - DAG(s) 'example_sensor_decorator' retrieved from /home/airflow/.local/lib/python3.12/site-packages/airflow/example_dags/example_sensor_decorator.py
[2026-05-07T20:46:27.561+0000] {logging_mixin.py:188} INFO - [2026-05-07T20:46:27.560+0000] {dag.py:3096} INFO - Sync 1 DAGs
[2026-05-07T20:46:27.572+0000] {logging_mixin.py:188} INFO - [2026-05-07T20:46:27.571+0000] {dag.py:3954} INFO - Setting next_dagrun for example_sensor_decorator to None, run_after=None
[2026-05-07T20:46:27.667+0000] {processor.py:183} INFO - Processing /home/airflow/.local/lib/python3.12/site-packages/airflow/example_dags/example_sensor_decorator.py took 0.146 seconds
[2026-05-07T20:46:57.852+0000] {processor.py:161} INFO - Started process (PID=3502) to work on /home/airflow/.local/lib/python3.12/site-packages/airflow/example_dags/example_sensor_decorator.py
[2026-05-07T20:46:57.854+0000] {processor.py:830} INFO - Processing file /home/airflow/.local/lib/python3.12/site-packages/airflow/example_dags/example_sensor_decorator.py for tasks to queue
[2026-05-07T20:46:57.859+0000] {logging_mixin.py:188} INFO - [2026-05-07T20:46:57.859+0000] {dagbag.py:545} INFO - Filling up the DagBag from /home/airflow/.local/lib/python3.12/site-packages/airflow/example_dags/example_sensor_decorator.py
[2026-05-07T20:46:57.869+0000] {processor.py:840} INFO - DAG(s) 'example_sensor_decorator' retrieved from /home/airflow/.local/lib/python3.12/site-packages/airflow/example_dags/example_sensor_decorator.py
[2026-05-07T20:46:57.899+0000] {logging_mixin.py:188} INFO - [2026-05-07T20:46:57.899+0000] {dag.py:3096} INFO - Sync 1 DAGs
[2026-05-07T20:46:57.917+0000] {logging_mixin.py:188} INFO - [2026-05-07T20:46:57.916+0000] {dag.py:3954} INFO - Setting next_dagrun for example_sensor_decorator to None, run_after=None
[2026-05-07T20:46:57.982+0000] {processor.py:183} INFO - Processing /home/airflow/.local/lib/python3.12/site-packages/airflow/example_dags/example_sensor_decorator.py took 0.140 seconds
[2026-05-07T20:47:28.912+0000] {processor.py:161} INFO - Started process (PID=3561) to work on /home/airflow/.local/lib/python3.12/site-packages/airflow/example_dags/example_sensor_decorator.py
[2026-05-07T20:47:28.913+0000] {processor.py:830} INFO - Processing file /home/airflow/.local/lib/python3.12/site-packages/airflow/example_dags/example_sensor_decorator.py for tasks to queue
[2026-05-07T20:47:28.916+0000] {logging_mixin.py:188} INFO - [2026-05-07T20:47:28.916+0000] {dagbag.py:545} INFO - Filling up the DagBag from /home/airflow/.local/lib/python3.12/site-packages/airflow/example_dags/example_sensor_decorator.py
[2026-05-07T20:47:28.924+0000] {processor.py:840} INFO - DAG(s) 'example_sensor_decorator' retrieved from /home/airflow/.local/lib/python3.12/site-packages/airflow/example_dags/example_sensor_decorator.py
[2026-05-07T20:47:28.951+0000] {logging_mixin.py:188} INFO - [2026-05-07T20:47:28.950+0000] {dag.py:3096} INFO - Sync 1 DAGs
[2026-05-07T20:47:28.965+0000] {logging_mixin.py:188} INFO - [2026-05-07T20:47:28.964+0000] {dag.py:3954} INFO - Setting next_dagrun for example_sensor_decorator to None, run_after=None
[2026-05-07T20:47:29.069+0000] {processor.py:183} INFO - Processing /home/airflow/.local/lib/python3.12/site-packages/airflow/example_dags/example_sensor_decorator.py took 0.165 seconds
[2026-05-07T20:47:59.249+0000] {processor.py:161} INFO - Started process (PID=3619) to work on /home/airflow/.local/lib/python3.12/site-packages/airflow/example_dags/example_sensor_decorator.py
[2026-05-07T20:47:59.251+0000] {processor.py:830} INFO - Processing file /home/airflow/.local/lib/python3.12/site-packages/airflow/example_dags/example_sensor_decorator.py for tasks to queue
[2026-05-07T20:47:59.254+0000] {logging_mixin.py:188} INFO - [2026-05-07T20:47:59.253+0000] {dagbag.py:545} INFO - Filling up the DagBag from /home/airflow/.local/lib/python3.12/site-packages/airflow/example_dags/example_sensor_decorator.py
[2026-05-07T20:47:59.262+0000] {processor.py:840} INFO - DAG(s) 'example_sensor_decorator' retrieved from /home/airflow/.local/lib/python3.12/site-packages/airflow/example_dags/example_sensor_decorator.py
[2026-05-07T20:47:59.288+0000] {logging_mixin.py:188} INFO - [2026-05-07T20:47:59.288+0000] {dag.py:3096} INFO - Sync 1 DAGs
[2026-05-07T20:47:59.302+0000] {logging_mixin.py:188} INFO - [2026-05-07T20:47:59.301+0000] {dag.py:3954} INFO - Setting next_dagrun for example_sensor_decorator to None, run_after=None
[2026-05-07T20:47:59.406+0000] {processor.py:183} INFO - Processing /home/airflow/.local/lib/python3.12/site-packages/airflow/example_dags/example_sensor_decorator.py took 0.163 seconds
[2026-05-07T20:48:29.533+0000] {processor.py:161} INFO - Started process (PID=3677) to work on /home/airflow/.local/lib/python3.12/site-packages/airflow/example_dags/example_sensor_decorator.py
[2026-05-07T20:48:29.535+0000] {processor.py:830} INFO - Processing file /home/airflow/.local/lib/python3.12/site-packages/airflow/example_dags/example_sensor_decorator.py for tasks to queue
[2026-05-07T20:48:29.538+0000] {logging_mixin.py:188} INFO - [2026-05-07T20:48:29.537+0000] {dagbag.py:545} INFO - Filling up the DagBag from /home/airflow/.local/lib/python3.12/site-packages/airflow/example_dags/example_sensor_decorator.py
[2026-05-07T20:48:29.545+0000] {processor.py:840} INFO - DAG(s) 'example_sensor_decorator' retrieved from /home/airflow/.local/lib/python3.12/site-packages/airflow/example_dags/example_sensor_decorator.py
[2026-05-07T20:48:29.572+0000] {logging_mixin.py:188} INFO - [2026-05-07T20:48:29.572+0000] {dag.py:3096} INFO - Sync 1 DAGs
[2026-05-07T20:48:29.586+0000] {logging_mixin.py:188} INFO - [2026-05-07T20:48:29.586+0000] {dag.py:3954} INFO - Setting next_dagrun for example_sensor_decorator to None, run_after=None
[2026-05-07T20:48:29.687+0000] {processor.py:183} INFO - Processing /home/airflow/.local/lib/python3.12/site-packages/airflow/example_dags/example_sensor_decorator.py took 0.161 seconds
[2026-05-07T20:49:00.457+0000] {processor.py:161} INFO - Started process (PID=3736) to work on /home/airflow/.local/lib/python3.12/site-packages/airflow/example_dags/example_sensor_decorator.py
[2026-05-07T20:49:00.464+0000] {processor.py:830} INFO - Processing file /home/airflow/.local/lib/python3.12/site-packages/airflow/example_dags/example_sensor_decorator.py for tasks to queue
[2026-05-07T20:49:00.474+0000] {logging_mixin.py:188} INFO - [2026-05-07T20:49:00.473+0000] {dagbag.py:545} INFO - Filling up the DagBag from /home/airflow/.local/lib/python3.12/site-packages/airflow/example_dags/example_sensor_decorator.py
[2026-05-07T20:49:00.499+0000] {processor.py:840} INFO - DAG(s) 'example_sensor_decorator' retrieved from /home/airflow/.local/lib/python3.12/site-packages/airflow/example_dags/example_sensor_decorator.py
[2026-05-07T20:49:00.613+0000] {logging_mixin.py:188} INFO - [2026-05-07T20:49:00.612+0000] {dag.py:3096} INFO - Sync 1 DAGs
[2026-05-07T20:49:00.669+0000] {logging_mixin.py:188} INFO - [2026-05-07T20:49:00.669+0000] {dag.py:3954} INFO - Setting next_dagrun for example_sensor_decorator to None, run_after=None
[2026-05-07T20:49:00.738+0000] {processor.py:183} INFO - Processing /home/airflow/.local/lib/python3.12/site-packages/airflow/example_dags/example_sensor_decorator.py took 0.302 seconds
[2026-05-07T20:49:31.636+0000] {processor.py:161} INFO - Started process (PID=3794) to work on /home/airflow/.local/lib/python3.12/site-packages/airflow/example_dags/example_sensor_decorator.py
[2026-05-07T20:49:31.638+0000] {processor.py:830} INFO - Processing file /home/airflow/.local/lib/python3.12/site-packages/airflow/example_dags/example_sensor_decorator.py for tasks to queue
[2026-05-07T20:49:31.640+0000] {logging_mixin.py:188} INFO - [2026-05-07T20:49:31.640+0000] {dagbag.py:545} INFO - Filling up the DagBag from /home/airflow/.local/lib/python3.12/site-packages/airflow/example_dags/example_sensor_decorator.py
[2026-05-07T20:49:31.648+0000] {processor.py:840} INFO - DAG(s) 'example_sensor_decorator' retrieved from /home/airflow/.local/lib/python3.12/site-packages/airflow/example_dags/example_sensor_decorator.py
[2026-05-07T20:49:31.670+0000] {logging_mixin.py:188} INFO - [2026-05-07T20:49:31.670+0000] {dag.py:3096} INFO - Sync 1 DAGs
[2026-05-07T20:49:31.684+0000] {logging_mixin.py:188} INFO - [2026-05-07T20:49:31.684+0000] {dag.py:3954} INFO - Setting next_dagrun for example_sensor_decorator to None, run_after=None
[2026-05-07T20:49:31.791+0000] {processor.py:183} INFO - Processing /home/airflow/.local/lib/python3.12/site-packages/airflow/example_dags/example_sensor_decorator.py took 0.170 seconds
[2026-05-07T20:50:02.244+0000] {processor.py:161} INFO - Started process (PID=3852) to work on /home/airflow/.local/lib/python3.12/site-packages/airflow/example_dags/example_sensor_decorator.py
[2026-05-07T20:50:02.246+0000] {processor.py:830} INFO - Processing file /home/airflow/.local/lib/python3.12/site-packages/airflow/example_dags/example_sensor_decorator.py for tasks to queue
[2026-05-07T20:50:02.249+0000] {logging_mixin.py:188} INFO - [2026-05-07T20:50:02.249+0000] {dagbag.py:545} INFO - Filling up the DagBag from /home/airflow/.local/lib/python3.12/site-packages/airflow/example_dags/example_sensor_decorator.py
[2026-05-07T20:50:02.257+0000] {processor.py:840} INFO - DAG(s) 'example_sensor_decorator' retrieved from /home/airflow/.local/lib/python3.12/site-packages/airflow/example_dags/example_sensor_decorator.py
[2026-05-07T20:50:02.284+0000] {logging_mixin.py:188} INFO - [2026-05-07T20:50:02.283+0000] {dag.py:3096} INFO - Sync 1 DAGs
[2026-05-07T20:50:02.298+0000] {logging_mixin.py:188} INFO - [2026-05-07T20:50:02.298+0000] {dag.py:3954} INFO - Setting next_dagrun for example_sensor_decorator to None, run_after=None
[2026-05-07T20:50:02.323+0000] {processor.py:183} INFO - Processing /home/airflow/.local/lib/python3.12/site-packages/airflow/example_dags/example_sensor_decorator.py took 0.085 seconds
[2026-05-07T20:50:33.306+0000] {processor.py:161} INFO - Started process (PID=3910) to work on /home/airflow/.local/lib/python3.12/site-packages/airflow/example_dags/example_sensor_decorator.py
[2026-05-07T20:50:33.308+0000] {processor.py:830} INFO - Processing file /home/airflow/.local/lib/python3.12/site-packages/airflow/example_dags/example_sensor_decorator.py for tasks to queue
[2026-05-07T20:50:33.314+0000] {logging_mixin.py:188} INFO - [2026-05-07T20:50:33.313+0000] {dagbag.py:545} INFO - Filling up the DagBag from /home/airflow/.local/lib/python3.12/site-packages/airflow/example_dags/example_sensor_decorator.py
[2026-05-07T20:50:33.353+0000] {processor.py:840} INFO - DAG(s) 'example_sensor_decorator' retrieved from /home/airflow/.local/lib/python3.12/site-packages/airflow/example_dags/example_sensor_decorator.py
[2026-05-07T20:50:33.433+0000] {logging_mixin.py:188} INFO - [2026-05-07T20:50:33.432+0000] {dag.py:3096} INFO - Sync 1 DAGs
[2026-05-07T20:50:33.465+0000] {logging_mixin.py:188} INFO - [2026-05-07T20:50:33.464+0000] {dag.py:3954} INFO - Setting next_dagrun for example_sensor_decorator to None, run_after=None
[2026-05-07T20:50:33.512+0000] {processor.py:183} INFO - Processing /home/airflow/.local/lib/python3.12/site-packages/airflow/example_dags/example_sensor_decorator.py took 0.220 seconds
[2026-05-07T20:51:03.820+0000] {processor.py:161} INFO - Started process (PID=3968) to work on /home/airflow/.local/lib/python3.12/site-packages/airflow/example_dags/example_sensor_decorator.py
[2026-05-07T20:51:03.822+0000] {processor.py:830} INFO - Processing file /home/airflow/.local/lib/python3.12/site-packages/airflow/example_dags/example_sensor_decorator.py for tasks to queue
[2026-05-07T20:51:03.825+0000] {logging_mixin.py:188} INFO - [2026-05-07T20:51:03.824+0000] {dagbag.py:545} INFO - Filling up the DagBag from /home/airflow/.local/lib/python3.12/site-packages/airflow/example_dags/example_sensor_decorator.py
[2026-05-07T20:51:03.832+0000] {processor.py:840} INFO - DAG(s) 'example_sensor_decorator' retrieved from /home/airflow/.local/lib/python3.12/site-packages/airflow/example_dags/example_sensor_decorator.py
[2026-05-07T20:51:03.862+0000] {logging_mixin.py:188} INFO - [2026-05-07T20:51:03.862+0000] {dag.py:3096} INFO - Sync 1 DAGs
[2026-05-07T20:51:03.877+0000] {logging_mixin.py:188} INFO - [2026-05-07T20:51:03.877+0000] {dag.py:3954} INFO - Setting next_dagrun for example_sensor_decorator to None, run_after=None
[2026-05-07T20:51:03.979+0000] {processor.py:183} INFO - Processing /home/airflow/.local/lib/python3.12/site-packages/airflow/example_dags/example_sensor_decorator.py took 0.165 seconds
[2026-05-07T20:51:34.252+0000] {processor.py:161} INFO - Started process (PID=4026) to work on /home/airflow/.local/lib/python3.12/site-packages/airflow/example_dags/example_sensor_decorator.py
[2026-05-07T20:51:34.254+0000] {processor.py:830} INFO - Processing file /home/airflow/.local/lib/python3.12/site-packages/airflow/example_dags/example_sensor_decorator.py for tasks to queue
[2026-05-07T20:51:34.256+0000] {logging_mixin.py:188} INFO - [2026-05-07T20:51:34.256+0000] {dagbag.py:545} INFO - Filling up the DagBag from /home/airflow/.local/lib/python3.12/site-packages/airflow/example_dags/example_sensor_decorator.py
[2026-05-07T20:51:34.264+0000] {processor.py:840} INFO - DAG(s) 'example_sensor_decorator' retrieved from /home/airflow/.local/lib/python3.12/site-packages/airflow/example_dags/example_sensor_decorator.py
[2026-05-07T20:51:34.284+0000] {logging_mixin.py:188} INFO - [2026-05-07T20:51:34.284+0000] {dag.py:3096} INFO - Sync 1 DAGs
[2026-05-07T20:51:34.297+0000] {logging_mixin.py:188} INFO - [2026-05-07T20:51:34.297+0000] {dag.py:3954} INFO - Setting next_dagrun for example_sensor_decorator to None, run_after=None
[2026-05-07T20:51:34.390+0000] {processor.py:183} INFO - Processing /home/airflow/.local/lib/python3.12/site-packages/airflow/example_dags/example_sensor_decorator.py took 0.145 seconds
[2026-05-07T20:52:04.726+0000] {processor.py:161} INFO - Started process (PID=4085) to work on /home/airflow/.local/lib/python3.12/site-packages/airflow/example_dags/example_sensor_decorator.py
[2026-05-07T20:52:04.728+0000] {processor.py:830} INFO - Processing file /home/airflow/.local/lib/python3.12/site-packages/airflow/example_dags/example_sensor_decorator.py for tasks to queue
[2026-05-07T20:52:04.732+0000] {logging_mixin.py:188} INFO - [2026-05-07T20:52:04.731+0000] {dagbag.py:545} INFO - Filling up the DagBag from /home/airflow/.local/lib/python3.12/site-packages/airflow/example_dags/example_sensor_decorator.py
[2026-05-07T20:52:04.752+0000] {processor.py:840} INFO - DAG(s) 'example_sensor_decorator' retrieved from /home/airflow/.local/lib/python3.12/site-packages/airflow/example_dags/example_sensor_decorator.py
[2026-05-07T20:52:04.787+0000] {logging_mixin.py:188} INFO - [2026-05-07T20:52:04.786+0000] {dag.py:3096} INFO - Sync 1 DAGs
[2026-05-07T20:52:04.802+0000] {logging_mixin.py:188} INFO - [2026-05-07T20:52:04.802+0000] {dag.py:3954} INFO - Setting next_dagrun for example_sensor_decorator to None, run_after=None
[2026-05-07T20:52:04.828+0000] {processor.py:183} INFO - Processing /home/airflow/.local/lib/python3.12/site-packages/airflow/example_dags/example_sensor_decorator.py took 0.112 seconds
[2026-05-07T20:52:35.622+0000] {processor.py:161} INFO - Started process (PID=4143) to work on /home/airflow/.local/lib/python3.12/site-packages/airflow/example_dags/example_sensor_decorator.py
[2026-05-07T20:52:35.624+0000] {processor.py:830} INFO - Processing file /home/airflow/.local/lib/python3.12/site-packages/airflow/example_dags/example_sensor_decorator.py for tasks to queue
[2026-05-07T20:52:35.627+0000] {logging_mixin.py:188} INFO - [2026-05-07T20:52:35.627+0000] {dagbag.py:545} INFO - Filling up the DagBag from /home/airflow/.local/lib/python3.12/site-packages/airflow/example_dags/example_sensor_decorator.py
[2026-05-07T20:52:35.633+0000] {processor.py:840} INFO - DAG(s) 'example_sensor_decorator' retrieved from /home/airflow/.local/lib/python3.12/site-packages/airflow/example_dags/example_sensor_decorator.py
[2026-05-07T20:52:35.662+0000] {logging_mixin.py:188} INFO - [2026-05-07T20:52:35.661+0000] {dag.py:3096} INFO - Sync 1 DAGs
[2026-05-07T20:52:35.675+0000] {logging_mixin.py:188} INFO - [2026-05-07T20:52:35.674+0000] {dag.py:3954} INFO - Setting next_dagrun for example_sensor_decorator to None, run_after=None
[2026-05-07T20:52:35.702+0000] {processor.py:183} INFO - Processing /home/airflow/.local/lib/python3.12/site-packages/airflow/example_dags/example_sensor_decorator.py took 0.088 seconds
[2026-05-07T20:53:06.027+0000] {processor.py:161} INFO - Started process (PID=4201) to work on /home/airflow/.local/lib/python3.12/site-packages/airflow/example_dags/example_sensor_decorator.py
[2026-05-07T20:53:06.028+0000] {processor.py:830} INFO - Processing file /home/airflow/.local/lib/python3.12/site-packages/airflow/example_dags/example_sensor_decorator.py for tasks to queue
[2026-05-07T20:53:06.032+0000] {logging_mixin.py:188} INFO - [2026-05-07T20:53:06.031+0000] {dagbag.py:545} INFO - Filling up the DagBag from /home/airflow/.local/lib/python3.12/site-packages/airflow/example_dags/example_sensor_decorator.py
[2026-05-07T20:53:06.041+0000] {processor.py:840} INFO - DAG(s) 'example_sensor_decorator' retrieved from /home/airflow/.local/lib/python3.12/site-packages/airflow/example_dags/example_sensor_decorator.py
[2026-05-07T20:53:06.075+0000] {logging_mixin.py:188} INFO - [2026-05-07T20:53:06.075+0000] {dag.py:3096} INFO - Sync 1 DAGs
[2026-05-07T20:53:06.096+0000] {logging_mixin.py:188} INFO - [2026-05-07T20:53:06.095+0000] {dag.py:3954} INFO - Setting next_dagrun for example_sensor_decorator to None, run_after=None
[2026-05-07T20:53:06.127+0000] {processor.py:183} INFO - Processing /home/airflow/.local/lib/python3.12/site-packages/airflow/example_dags/example_sensor_decorator.py took 0.109 seconds
[2026-05-07T20:53:37.096+0000] {processor.py:161} INFO - Started process (PID=4259) to work on /home/airflow/.local/lib/python3.12/site-packages/airflow/example_dags/example_sensor_decorator.py
[2026-05-07T20:53:37.098+0000] {processor.py:830} INFO - Processing file /home/airflow/.local/lib/python3.12/site-packages/airflow/example_dags/example_sensor_decorator.py for tasks to queue
[2026-05-07T20:53:37.101+0000] {logging_mixin.py:188} INFO - [2026-05-07T20:53:37.101+0000] {dagbag.py:545} INFO - Filling up the DagBag from /home/airflow/.local/lib/python3.12/site-packages/airflow/example_dags/example_sensor_decorator.py
[2026-05-07T20:53:37.110+0000] {processor.py:840} INFO - DAG(s) 'example_sensor_decorator' retrieved from /home/airflow/.local/lib/python3.12/site-packages/airflow/example_dags/example_sensor_decorator.py
[2026-05-07T20:53:37.140+0000] {logging_mixin.py:188} INFO - [2026-05-07T20:53:37.140+0000] {dag.py:3096} INFO - Sync 1 DAGs
[2026-05-07T20:53:37.155+0000] {logging_mixin.py:188} INFO - [2026-05-07T20:53:37.155+0000] {dag.py:3954} INFO - Setting next_dagrun for example_sensor_decorator to None, run_after=None
[2026-05-07T20:53:37.255+0000] {processor.py:183} INFO - Processing /home/airflow/.local/lib/python3.12/site-packages/airflow/example_dags/example_sensor_decorator.py took 0.169 seconds
[2026-05-07T20:54:08.298+0000] {processor.py:161} INFO - Started process (PID=4323) to work on /home/airflow/.local/lib/python3.12/site-packages/airflow/example_dags/example_sensor_decorator.py
[2026-05-07T20:54:08.299+0000] {processor.py:830} INFO - Processing file /home/airflow/.local/lib/python3.12/site-packages/airflow/example_dags/example_sensor_decorator.py for tasks to queue
[2026-05-07T20:54:08.303+0000] {logging_mixin.py:188} INFO - [2026-05-07T20:54:08.302+0000] {dagbag.py:545} INFO - Filling up the DagBag from /home/airflow/.local/lib/python3.12/site-packages/airflow/example_dags/example_sensor_decorator.py
[2026-05-07T20:54:08.311+0000] {processor.py:840} INFO - DAG(s) 'example_sensor_decorator' retrieved from /home/airflow/.local/lib/python3.12/site-packages/airflow/example_dags/example_sensor_decorator.py
[2026-05-07T20:54:08.343+0000] {logging_mixin.py:188} INFO - [2026-05-07T20:54:08.342+0000] {dag.py:3096} INFO - Sync 1 DAGs
[2026-05-07T20:54:08.361+0000] {logging_mixin.py:188} INFO - [2026-05-07T20:54:08.361+0000] {dag.py:3954} INFO - Setting next_dagrun for example_sensor_decorator to None, run_after=None
[2026-05-07T20:54:08.415+0000] {processor.py:183} INFO - Processing /home/airflow/.local/lib/python3.12/site-packages/airflow/example_dags/example_sensor_decorator.py took 0.125 seconds
[2026-05-07T20:54:38.809+0000] {processor.py:161} INFO - Started process (PID=4381) to work on /home/airflow/.local/lib/python3.12/site-packages/airflow/example_dags/example_sensor_decorator.py
[2026-05-07T20:54:38.811+0000] {processor.py:830} INFO - Processing file /home/airflow/.local/lib/python3.12/site-packages/airflow/example_dags/example_sensor_decorator.py for tasks to queue
[2026-05-07T20:54:38.813+0000] {logging_mixin.py:188} INFO - [2026-05-07T20:54:38.813+0000] {dagbag.py:545} INFO - Filling up the DagBag from /home/airflow/.local/lib/python3.12/site-packages/airflow/example_dags/example_sensor_decorator.py
[2026-05-07T20:54:38.820+0000] {processor.py:840} INFO - DAG(s) 'example_sensor_decorator' retrieved from /home/airflow/.local/lib/python3.12/site-packages/airflow/example_dags/example_sensor_decorator.py
[2026-05-07T20:54:38.844+0000] {logging_mixin.py:188} INFO - [2026-05-07T20:54:38.844+0000] {dag.py:3096} INFO - Sync 1 DAGs
[2026-05-07T20:54:38.861+0000] {logging_mixin.py:188} INFO - [2026-05-07T20:54:38.861+0000] {dag.py:3954} INFO - Setting next_dagrun for example_sensor_decorator to None, run_after=None
[2026-05-07T20:54:38.889+0000] {processor.py:183} INFO - Processing /home/airflow/.local/lib/python3.12/site-packages/airflow/example_dags/example_sensor_decorator.py took 0.087 seconds
[2026-05-07T20:55:09.901+0000] {processor.py:161} INFO - Started process (PID=4439) to work on /home/airflow/.local/lib/python3.12/site-packages/airflow/example_dags/example_sensor_decorator.py
[2026-05-07T20:55:09.902+0000] {processor.py:830} INFO - Processing file /home/airflow/.local/lib/python3.12/site-packages/airflow/example_dags/example_sensor_decorator.py for tasks to queue
[2026-05-07T20:55:09.904+0000] {logging_mixin.py:188} INFO - [2026-05-07T20:55:09.904+0000] {dagbag.py:545} INFO - Filling up the DagBag from /home/airflow/.local/lib/python3.12/site-packages/airflow/example_dags/example_sensor_decorator.py
[2026-05-07T20:55:09.911+0000] {processor.py:840} INFO - DAG(s) 'example_sensor_decorator' retrieved from /home/airflow/.local/lib/python3.12/site-packages/airflow/example_dags/example_sensor_decorator.py
[2026-05-07T20:55:09.946+0000] {logging_mixin.py:188} INFO - [2026-05-07T20:55:09.946+0000] {dag.py:3096} INFO - Sync 1 DAGs
[2026-05-07T20:55:09.961+0000] {logging_mixin.py:188} INFO - [2026-05-07T20:55:09.961+0000] {dag.py:3954} INFO - Setting next_dagrun for example_sensor_decorator to None, run_after=None
[2026-05-07T20:55:09.986+0000] {processor.py:183} INFO - Processing /home/airflow/.local/lib/python3.12/site-packages/airflow/example_dags/example_sensor_decorator.py took 0.091 seconds
[2026-05-07T20:55:40.459+0000] {processor.py:161} INFO - Started process (PID=4497) to work on /home/airflow/.local/lib/python3.12/site-packages/airflow/example_dags/example_sensor_decorator.py
[2026-05-07T20:55:40.461+0000] {processor.py:830} INFO - Processing file /home/airflow/.local/lib/python3.12/site-packages/airflow/example_dags/example_sensor_decorator.py for tasks to queue
[2026-05-07T20:55:40.464+0000] {logging_mixin.py:188} INFO - [2026-05-07T20:55:40.463+0000] {dagbag.py:545} INFO - Filling up the DagBag from /home/airflow/.local/lib/python3.12/site-packages/airflow/example_dags/example_sensor_decorator.py
[2026-05-07T20:55:40.471+0000] {processor.py:840} INFO - DAG(s) 'example_sensor_decorator' retrieved from /home/airflow/.local/lib/python3.12/site-packages/airflow/example_dags/example_sensor_decorator.py
[2026-05-07T20:55:40.497+0000] {logging_mixin.py:188} INFO - [2026-05-07T20:55:40.497+0000] {dag.py:3096} INFO - Sync 1 DAGs
[2026-05-07T20:55:40.512+0000] {logging_mixin.py:188} INFO - [2026-05-07T20:55:40.512+0000] {dag.py:3954} INFO - Setting next_dagrun for example_sensor_decorator to None, run_after=None
[2026-05-07T20:55:40.539+0000] {processor.py:183} INFO - Processing /home/airflow/.local/lib/python3.12/site-packages/airflow/example_dags/example_sensor_decorator.py took 0.086 seconds
[2026-05-07T20:56:11.441+0000] {processor.py:161} INFO - Started process (PID=4555) to work on /home/airflow/.local/lib/python3.12/site-packages/airflow/example_dags/example_sensor_decorator.py
[2026-05-07T20:56:11.443+0000] {processor.py:830} INFO - Processing file /home/airflow/.local/lib/python3.12/site-packages/airflow/example_dags/example_sensor_decorator.py for tasks to queue
[2026-05-07T20:56:11.445+0000] {logging_mixin.py:188} INFO - [2026-05-07T20:56:11.445+0000] {dagbag.py:545} INFO - Filling up the DagBag from /home/airflow/.local/lib/python3.12/site-packages/airflow/example_dags/example_sensor_decorator.py
[2026-05-07T20:56:11.453+0000] {processor.py:840} INFO - DAG(s) 'example_sensor_decorator' retrieved from /home/airflow/.local/lib/python3.12/site-packages/airflow/example_dags/example_sensor_decorator.py
[2026-05-07T20:56:11.482+0000] {logging_mixin.py:188} INFO - [2026-05-07T20:56:11.482+0000] {dag.py:3096} INFO - Sync 1 DAGs
[2026-05-07T20:56:11.498+0000] {logging_mixin.py:188} INFO - [2026-05-07T20:56:11.497+0000] {dag.py:3954} INFO - Setting next_dagrun for example_sensor_decorator to None, run_after=None
[2026-05-07T20:56:11.522+0000] {processor.py:183} INFO - Processing /home/airflow/.local/lib/python3.12/site-packages/airflow/example_dags/example_sensor_decorator.py took 0.088 seconds
[2026-05-07T20:56:41.801+0000] {processor.py:161} INFO - Started process (PID=4613) to work on /home/airflow/.local/lib/python3.12/site-packages/airflow/example_dags/example_sensor_decorator.py
[2026-05-07T20:56:41.802+0000] {processor.py:830} INFO - Processing file /home/airflow/.local/lib/python3.12/site-packages/airflow/example_dags/example_sensor_decorator.py for tasks to queue
[2026-05-07T20:56:41.805+0000] {logging_mixin.py:188} INFO - [2026-05-07T20:56:41.805+0000] {dagbag.py:545} INFO - Filling up the DagBag from /home/airflow/.local/lib/python3.12/site-packages/airflow/example_dags/example_sensor_decorator.py
[2026-05-07T20:56:41.812+0000] {processor.py:840} INFO - DAG(s) 'example_sensor_decorator' retrieved from /home/airflow/.local/lib/python3.12/site-packages/airflow/example_dags/example_sensor_decorator.py
[2026-05-07T20:56:41.835+0000] {logging_mixin.py:188} INFO - [2026-05-07T20:56:41.834+0000] {dag.py:3096} INFO - Sync 1 DAGs
[2026-05-07T20:56:41.854+0000] {logging_mixin.py:188} INFO - [2026-05-07T20:56:41.854+0000] {dag.py:3954} INFO - Setting next_dagrun for example_sensor_decorator to None, run_after=None
[2026-05-07T20:56:41.882+0000] {processor.py:183} INFO - Processing /home/airflow/.local/lib/python3.12/site-packages/airflow/example_dags/example_sensor_decorator.py took 0.087 seconds
[2026-05-07T20:57:12.842+0000] {processor.py:161} INFO - Started process (PID=4671) to work on /home/airflow/.local/lib/python3.12/site-packages/airflow/example_dags/example_sensor_decorator.py
[2026-05-07T20:57:12.843+0000] {processor.py:830} INFO - Processing file /home/airflow/.local/lib/python3.12/site-packages/airflow/example_dags/example_sensor_decorator.py for tasks to queue
[2026-05-07T20:57:12.846+0000] {logging_mixin.py:188} INFO - [2026-05-07T20:57:12.846+0000] {dagbag.py:545} INFO - Filling up the DagBag from /home/airflow/.local/lib/python3.12/site-packages/airflow/example_dags/example_sensor_decorator.py
[2026-05-07T20:57:12.856+0000] {processor.py:840} INFO - DAG(s) 'example_sensor_decorator' retrieved from /home/airflow/.local/lib/python3.12/site-packages/airflow/example_dags/example_sensor_decorator.py
[2026-05-07T20:57:12.890+0000] {logging_mixin.py:188} INFO - [2026-05-07T20:57:12.890+0000] {dag.py:3096} INFO - Sync 1 DAGs
[2026-05-07T20:57:12.906+0000] {logging_mixin.py:188} INFO - [2026-05-07T20:57:12.906+0000] {dag.py:3954} INFO - Setting next_dagrun for example_sensor_decorator to None, run_after=None
[2026-05-07T20:57:12.946+0000] {processor.py:183} INFO - Processing /home/airflow/.local/lib/python3.12/site-packages/airflow/example_dags/example_sensor_decorator.py took 0.109 seconds
[2026-05-07T20:57:43.490+0000] {processor.py:161} INFO - Started process (PID=4729) to work on /home/airflow/.local/lib/python3.12/site-packages/airflow/example_dags/example_sensor_decorator.py
[2026-05-07T20:57:43.491+0000] {processor.py:830} INFO - Processing file /home/airflow/.local/lib/python3.12/site-packages/airflow/example_dags/example_sensor_decorator.py for tasks to queue
[2026-05-07T20:57:43.495+0000] {logging_mixin.py:188} INFO - [2026-05-07T20:57:43.494+0000] {dagbag.py:545} INFO - Filling up the DagBag from /home/airflow/.local/lib/python3.12/site-packages/airflow/example_dags/example_sensor_decorator.py
[2026-05-07T20:57:43.505+0000] {processor.py:840} INFO - DAG(s) 'example_sensor_decorator' retrieved from /home/airflow/.local/lib/python3.12/site-packages/airflow/example_dags/example_sensor_decorator.py
[2026-05-07T20:57:43.532+0000] {logging_mixin.py:188} INFO - [2026-05-07T20:57:43.531+0000] {dag.py:3096} INFO - Sync 1 DAGs
[2026-05-07T20:57:43.547+0000] {logging_mixin.py:188} INFO - [2026-05-07T20:57:43.547+0000] {dag.py:3954} INFO - Setting next_dagrun for example_sensor_decorator to None, run_after=None
[2026-05-07T20:57:43.574+0000] {processor.py:183} INFO - Processing /home/airflow/.local/lib/python3.12/site-packages/airflow/example_dags/example_sensor_decorator.py took 0.093 seconds
[2026-05-07T20:58:14.541+0000] {processor.py:161} INFO - Started process (PID=4787) to work on /home/airflow/.local/lib/python3.12/site-packages/airflow/example_dags/example_sensor_decorator.py
[2026-05-07T20:58:14.543+0000] {processor.py:830} INFO - Processing file /home/airflow/.local/lib/python3.12/site-packages/airflow/example_dags/example_sensor_decorator.py for tasks to queue
[2026-05-07T20:58:14.549+0000] {logging_mixin.py:188} INFO - [2026-05-07T20:58:14.548+0000] {dagbag.py:545} INFO - Filling up the DagBag from /home/airflow/.local/lib/python3.12/site-packages/airflow/example_dags/example_sensor_decorator.py
[2026-05-07T20:58:14.560+0000] {processor.py:840} INFO - DAG(s) 'example_sensor_decorator' retrieved from /home/airflow/.local/lib/python3.12/site-packages/airflow/example_dags/example_sensor_decorator.py
[2026-05-07T20:58:14.613+0000] {logging_mixin.py:188} INFO - [2026-05-07T20:58:14.612+0000] {dag.py:3096} INFO - Sync 1 DAGs
[2026-05-07T20:58:14.639+0000] {logging_mixin.py:188} INFO - [2026-05-07T20:58:14.636+0000] {dag.py:3954} INFO - Setting next_dagrun for example_sensor_decorator to None, run_after=None
[2026-05-07T20:58:14.690+0000] {processor.py:183} INFO - Processing /home/airflow/.local/lib/python3.12/site-packages/airflow/example_dags/example_sensor_decorator.py took 0.159 seconds
[2026-05-07T20:58:44.831+0000] {processor.py:161} INFO - Started process (PID=4845) to work on /home/airflow/.local/lib/python3.12/site-packages/airflow/example_dags/example_sensor_decorator.py
[2026-05-07T20:58:44.833+0000] {processor.py:830} INFO - Processing file /home/airflow/.local/lib/python3.12/site-packages/airflow/example_dags/example_sensor_decorator.py for tasks to queue
[2026-05-07T20:58:44.836+0000] {logging_mixin.py:188} INFO - [2026-05-07T20:58:44.835+0000] {dagbag.py:545} INFO - Filling up the DagBag from /home/airflow/.local/lib/python3.12/site-packages/airflow/example_dags/example_sensor_decorator.py
[2026-05-07T20:58:44.846+0000] {processor.py:840} INFO - DAG(s) 'example_sensor_decorator' retrieved from /home/airflow/.local/lib/python3.12/site-packages/airflow/example_dags/example_sensor_decorator.py
[2026-05-07T20:58:44.876+0000] {logging_mixin.py:188} INFO - [2026-05-07T20:58:44.875+0000] {dag.py:3096} INFO - Sync 1 DAGs
[2026-05-07T20:58:44.901+0000] {logging_mixin.py:188} INFO - [2026-05-07T20:58:44.900+0000] {dag.py:3954} INFO - Setting next_dagrun for example_sensor_decorator to None, run_after=None
[2026-05-07T20:58:44.939+0000] {processor.py:183} INFO - Processing /home/airflow/.local/lib/python3.12/site-packages/airflow/example_dags/example_sensor_decorator.py took 0.118 seconds
[2026-05-07T20:59:15.681+0000] {processor.py:161} INFO - Started process (PID=4904) to work on /home/airflow/.local/lib/python3.12/site-packages/airflow/example_dags/example_sensor_decorator.py
[2026-05-07T20:59:15.683+0000] {processor.py:830} INFO - Processing file /home/airflow/.local/lib/python3.12/site-packages/airflow/example_dags/example_sensor_decorator.py for tasks to queue
[2026-05-07T20:59:15.686+0000] {logging_mixin.py:188} INFO - [2026-05-07T20:59:15.685+0000] {dagbag.py:545} INFO - Filling up the DagBag from /home/airflow/.local/lib/python3.12/site-packages/airflow/example_dags/example_sensor_decorator.py
[2026-05-07T20:59:15.693+0000] {processor.py:840} INFO - DAG(s) 'example_sensor_decorator' retrieved from /home/airflow/.local/lib/python3.12/site-packages/airflow/example_dags/example_sensor_decorator.py
[2026-05-07T20:59:15.721+0000] {logging_mixin.py:188} INFO - [2026-05-07T20:59:15.721+0000] {dag.py:3096} INFO - Sync 1 DAGs
[2026-05-07T20:59:15.737+0000] {logging_mixin.py:188} INFO - [2026-05-07T20:59:15.737+0000] {dag.py:3954} INFO - Setting next_dagrun for example_sensor_decorator to None, run_after=None
[2026-05-07T20:59:15.763+0000] {processor.py:183} INFO - Processing /home/airflow/.local/lib/python3.12/site-packages/airflow/example_dags/example_sensor_decorator.py took 0.089 seconds
[2026-05-07T20:59:46.273+0000] {processor.py:161} INFO - Started process (PID=4962) to work on /home/airflow/.local/lib/python3.12/site-packages/airflow/example_dags/example_sensor_decorator.py
[2026-05-07T20:59:46.274+0000] {processor.py:830} INFO - Processing file /home/airflow/.local/lib/python3.12/site-packages/airflow/example_dags/example_sensor_decorator.py for tasks to queue
[2026-05-07T20:59:46.276+0000] {logging_mixin.py:188} INFO - [2026-05-07T20:59:46.276+0000] {dagbag.py:545} INFO - Filling up the DagBag from /home/airflow/.local/lib/python3.12/site-packages/airflow/example_dags/example_sensor_decorator.py
[2026-05-07T20:59:46.282+0000] {processor.py:840} INFO - DAG(s) 'example_sensor_decorator' retrieved from /home/airflow/.local/lib/python3.12/site-packages/airflow/example_dags/example_sensor_decorator.py
[2026-05-07T20:59:46.301+0000] {logging_mixin.py:188} INFO - [2026-05-07T20:59:46.301+0000] {dag.py:3096} INFO - Sync 1 DAGs
[2026-05-07T20:59:46.313+0000] {logging_mixin.py:188} INFO - [2026-05-07T20:59:46.313+0000] {dag.py:3954} INFO - Setting next_dagrun for example_sensor_decorator to None, run_after=None
[2026-05-07T20:59:46.335+0000] {processor.py:183} INFO - Processing /home/airflow/.local/lib/python3.12/site-packages/airflow/example_dags/example_sensor_decorator.py took 0.069 seconds
[2026-05-07T21:00:16.534+0000] {processor.py:161} INFO - Started process (PID=5020) to work on /home/airflow/.local/lib/python3.12/site-packages/airflow/example_dags/example_sensor_decorator.py
[2026-05-07T21:00:16.537+0000] {processor.py:830} INFO - Processing file /home/airflow/.local/lib/python3.12/site-packages/airflow/example_dags/example_sensor_decorator.py for tasks to queue
[2026-05-07T21:00:16.543+0000] {logging_mixin.py:188} INFO - [2026-05-07T21:00:16.542+0000] {dagbag.py:545} INFO - Filling up the DagBag from /home/airflow/.local/lib/python3.12/site-packages/airflow/example_dags/example_sensor_decorator.py
[2026-05-07T21:00:16.559+0000] {processor.py:840} INFO - DAG(s) 'example_sensor_decorator' retrieved from /home/airflow/.local/lib/python3.12/site-packages/airflow/example_dags/example_sensor_decorator.py
[2026-05-07T21:00:16.591+0000] {logging_mixin.py:188} INFO - [2026-05-07T21:00:16.590+0000] {dag.py:3096} INFO - Sync 1 DAGs
[2026-05-07T21:00:16.606+0000] {logging_mixin.py:188} INFO - [2026-05-07T21:00:16.606+0000] {dag.py:3954} INFO - Setting next_dagrun for example_sensor_decorator to None, run_after=None
[2026-05-07T21:00:16.637+0000] {processor.py:183} INFO - Processing /home/airflow/.local/lib/python3.12/site-packages/airflow/example_dags/example_sensor_decorator.py took 0.119 seconds
[2026-05-07T21:00:47.583+0000] {processor.py:161} INFO - Started process (PID=5078) to work on /home/airflow/.local/lib/python3.12/site-packages/airflow/example_dags/example_sensor_decorator.py
[2026-05-07T21:00:47.585+0000] {processor.py:830} INFO - Processing file /home/airflow/.local/lib/python3.12/site-packages/airflow/example_dags/example_sensor_decorator.py for tasks to queue
[2026-05-07T21:00:47.588+0000] {logging_mixin.py:188} INFO - [2026-05-07T21:00:47.587+0000] {dagbag.py:545} INFO - Filling up the DagBag from /home/airflow/.local/lib/python3.12/site-packages/airflow/example_dags/example_sensor_decorator.py
[2026-05-07T21:00:47.594+0000] {processor.py:840} INFO - DAG(s) 'example_sensor_decorator' retrieved from /home/airflow/.local/lib/python3.12/site-packages/airflow/example_dags/example_sensor_decorator.py
[2026-05-07T21:00:47.619+0000] {logging_mixin.py:188} INFO - [2026-05-07T21:00:47.619+0000] {dag.py:3096} INFO - Sync 1 DAGs
[2026-05-07T21:00:47.632+0000] {logging_mixin.py:188} INFO - [2026-05-07T21:00:47.632+0000] {dag.py:3954} INFO - Setting next_dagrun for example_sensor_decorator to None, run_after=None
[2026-05-07T21:00:47.656+0000] {processor.py:183} INFO - Processing /home/airflow/.local/lib/python3.12/site-packages/airflow/example_dags/example_sensor_decorator.py took 0.080 seconds
[2026-05-07T21:01:18.268+0000] {processor.py:161} INFO - Started process (PID=5136) to work on /home/airflow/.local/lib/python3.12/site-packages/airflow/example_dags/example_sensor_decorator.py
[2026-05-07T21:01:18.270+0000] {processor.py:830} INFO - Processing file /home/airflow/.local/lib/python3.12/site-packages/airflow/example_dags/example_sensor_decorator.py for tasks to queue
[2026-05-07T21:01:18.272+0000] {logging_mixin.py:188} INFO - [2026-05-07T21:01:18.272+0000] {dagbag.py:545} INFO - Filling up the DagBag from /home/airflow/.local/lib/python3.12/site-packages/airflow/example_dags/example_sensor_decorator.py
[2026-05-07T21:01:18.280+0000] {processor.py:840} INFO - DAG(s) 'example_sensor_decorator' retrieved from /home/airflow/.local/lib/python3.12/site-packages/airflow/example_dags/example_sensor_decorator.py
[2026-05-07T21:01:18.304+0000] {logging_mixin.py:188} INFO - [2026-05-07T21:01:18.304+0000] {dag.py:3096} INFO - Sync 1 DAGs
[2026-05-07T21:01:18.319+0000] {logging_mixin.py:188} INFO - [2026-05-07T21:01:18.318+0000] {dag.py:3954} INFO - Setting next_dagrun for example_sensor_decorator to None, run_after=None
[2026-05-07T21:01:18.341+0000] {processor.py:183} INFO - Processing /home/airflow/.local/lib/python3.12/site-packages/airflow/example_dags/example_sensor_decorator.py took 0.080 seconds
[2026-05-07T21:01:49.254+0000] {processor.py:161} INFO - Started process (PID=5194) to work on /home/airflow/.local/lib/python3.12/site-packages/airflow/example_dags/example_sensor_decorator.py
[2026-05-07T21:01:49.256+0000] {processor.py:830} INFO - Processing file /home/airflow/.local/lib/python3.12/site-packages/airflow/example_dags/example_sensor_decorator.py for tasks to queue
[2026-05-07T21:01:49.258+0000] {logging_mixin.py:188} INFO - [2026-05-07T21:01:49.258+0000] {dagbag.py:545} INFO - Filling up the DagBag from /home/airflow/.local/lib/python3.12/site-packages/airflow/example_dags/example_sensor_decorator.py
[2026-05-07T21:01:49.264+0000] {processor.py:840} INFO - DAG(s) 'example_sensor_decorator' retrieved from /home/airflow/.local/lib/python3.12/site-packages/airflow/example_dags/example_sensor_decorator.py
[2026-05-07T21:01:49.283+0000] {logging_mixin.py:188} INFO - [2026-05-07T21:01:49.283+0000] {dag.py:3096} INFO - Sync 1 DAGs
[2026-05-07T21:01:49.298+0000] {logging_mixin.py:188} INFO - [2026-05-07T21:01:49.298+0000] {dag.py:3954} INFO - Setting next_dagrun for example_sensor_decorator to None, run_after=None
[2026-05-07T21:01:49.317+0000] {processor.py:183} INFO - Processing /home/airflow/.local/lib/python3.12/site-packages/airflow/example_dags/example_sensor_decorator.py took 0.069 seconds
[2026-05-07T21:02:20.148+0000] {processor.py:161} INFO - Started process (PID=5252) to work on /home/airflow/.local/lib/python3.12/site-packages/airflow/example_dags/example_sensor_decorator.py
[2026-05-07T21:02:20.150+0000] {processor.py:830} INFO - Processing file /home/airflow/.local/lib/python3.12/site-packages/airflow/example_dags/example_sensor_decorator.py for tasks to queue
[2026-05-07T21:02:20.152+0000] {logging_mixin.py:188} INFO - [2026-05-07T21:02:20.152+0000] {dagbag.py:545} INFO - Filling up the DagBag from /home/airflow/.local/lib/python3.12/site-packages/airflow/example_dags/example_sensor_decorator.py
[2026-05-07T21:02:20.160+0000] {processor.py:840} INFO - DAG(s) 'example_sensor_decorator' retrieved from /home/airflow/.local/lib/python3.12/site-packages/airflow/example_dags/example_sensor_decorator.py
[2026-05-07T21:02:20.189+0000] {logging_mixin.py:188} INFO - [2026-05-07T21:02:20.189+0000] {dag.py:3096} INFO - Sync 1 DAGs
[2026-05-07T21:02:20.213+0000] {logging_mixin.py:188} INFO - [2026-05-07T21:02:20.213+0000] {dag.py:3954} INFO - Setting next_dagrun for example_sensor_decorator to None, run_after=None
[2026-05-07T21:02:20.250+0000] {processor.py:183} INFO - Processing /home/airflow/.local/lib/python3.12/site-packages/airflow/example_dags/example_sensor_decorator.py took 0.112 seconds
[2026-05-07T21:02:50.505+0000] {processor.py:161} INFO - Started process (PID=5310) to work on /home/airflow/.local/lib/python3.12/site-packages/airflow/example_dags/example_sensor_decorator.py
[2026-05-07T21:02:50.506+0000] {processor.py:830} INFO - Processing file /home/airflow/.local/lib/python3.12/site-packages/airflow/example_dags/example_sensor_decorator.py for tasks to queue
[2026-05-07T21:02:50.509+0000] {logging_mixin.py:188} INFO - [2026-05-07T21:02:50.508+0000] {dagbag.py:545} INFO - Filling up the DagBag from /home/airflow/.local/lib/python3.12/site-packages/airflow/example_dags/example_sensor_decorator.py
[2026-05-07T21:02:50.516+0000] {processor.py:840} INFO - DAG(s) 'example_sensor_decorator' retrieved from /home/airflow/.local/lib/python3.12/site-packages/airflow/example_dags/example_sensor_decorator.py
[2026-05-07T21:02:50.538+0000] {logging_mixin.py:188} INFO - [2026-05-07T21:02:50.537+0000] {dag.py:3096} INFO - Sync 1 DAGs
[2026-05-07T21:02:50.552+0000] {logging_mixin.py:188} INFO - [2026-05-07T21:02:50.551+0000] {dag.py:3954} INFO - Setting next_dagrun for example_sensor_decorator to None, run_after=None
[2026-05-07T21:02:50.579+0000] {processor.py:183} INFO - Processing /home/airflow/.local/lib/python3.12/site-packages/airflow/example_dags/example_sensor_decorator.py took 0.083 seconds
[2026-05-07T21:03:21.431+0000] {processor.py:161} INFO - Started process (PID=5368) to work on /home/airflow/.local/lib/python3.12/site-packages/airflow/example_dags/example_sensor_decorator.py
[2026-05-07T21:03:21.434+0000] {processor.py:830} INFO - Processing file /home/airflow/.local/lib/python3.12/site-packages/airflow/example_dags/example_sensor_decorator.py for tasks to queue
[2026-05-07T21:03:21.442+0000] {logging_mixin.py:188} INFO - [2026-05-07T21:03:21.441+0000] {dagbag.py:545} INFO - Filling up the DagBag from /home/airflow/.local/lib/python3.12/site-packages/airflow/example_dags/example_sensor_decorator.py
[2026-05-07T21:03:21.461+0000] {processor.py:840} INFO - DAG(s) 'example_sensor_decorator' retrieved from /home/airflow/.local/lib/python3.12/site-packages/airflow/example_dags/example_sensor_decorator.py
[2026-05-07T21:03:21.532+0000] {logging_mixin.py:188} INFO - [2026-05-07T21:03:21.529+0000] {dag.py:3096} INFO - Sync 1 DAGs
[2026-05-07T21:03:21.568+0000] {logging_mixin.py:188} INFO - [2026-05-07T21:03:21.567+0000] {dag.py:3954} INFO - Setting next_dagrun for example_sensor_decorator to None, run_after=None
[2026-05-07T21:03:21.653+0000] {processor.py:183} INFO - Processing /home/airflow/.local/lib/python3.12/site-packages/airflow/example_dags/example_sensor_decorator.py took 0.248 seconds
[2026-05-07T21:03:51.786+0000] {processor.py:161} INFO - Started process (PID=5426) to work on /home/airflow/.local/lib/python3.12/site-packages/airflow/example_dags/example_sensor_decorator.py
[2026-05-07T21:03:51.788+0000] {processor.py:830} INFO - Processing file /home/airflow/.local/lib/python3.12/site-packages/airflow/example_dags/example_sensor_decorator.py for tasks to queue
[2026-05-07T21:03:51.790+0000] {logging_mixin.py:188} INFO - [2026-05-07T21:03:51.790+0000] {dagbag.py:545} INFO - Filling up the DagBag from /home/airflow/.local/lib/python3.12/site-packages/airflow/example_dags/example_sensor_decorator.py
[2026-05-07T21:03:51.807+0000] {processor.py:840} INFO - DAG(s) 'example_sensor_decorator' retrieved from /home/airflow/.local/lib/python3.12/site-packages/airflow/example_dags/example_sensor_decorator.py
[2026-05-07T21:03:51.836+0000] {logging_mixin.py:188} INFO - [2026-05-07T21:03:51.836+0000] {dag.py:3096} INFO - Sync 1 DAGs
[2026-05-07T21:03:51.851+0000] {logging_mixin.py:188} INFO - [2026-05-07T21:03:51.851+0000] {dag.py:3954} INFO - Setting next_dagrun for example_sensor_decorator to None, run_after=None
[2026-05-07T21:03:51.884+0000] {processor.py:183} INFO - Processing /home/airflow/.local/lib/python3.12/site-packages/airflow/example_dags/example_sensor_decorator.py took 0.114 seconds
[2026-05-07T21:04:22.265+0000] {processor.py:161} INFO - Started process (PID=5484) to work on /home/airflow/.local/lib/python3.12/site-packages/airflow/example_dags/example_sensor_decorator.py
[2026-05-07T21:04:22.268+0000] {processor.py:830} INFO - Processing file /home/airflow/.local/lib/python3.12/site-packages/airflow/example_dags/example_sensor_decorator.py for tasks to queue
[2026-05-07T21:04:22.271+0000] {logging_mixin.py:188} INFO - [2026-05-07T21:04:22.271+0000] {dagbag.py:545} INFO - Filling up the DagBag from /home/airflow/.local/lib/python3.12/site-packages/airflow/example_dags/example_sensor_decorator.py
[2026-05-07T21:04:22.287+0000] {processor.py:840} INFO - DAG(s) 'example_sensor_decorator' retrieved from /home/airflow/.local/lib/python3.12/site-packages/airflow/example_dags/example_sensor_decorator.py
[2026-05-07T21:04:22.325+0000] {logging_mixin.py:188} INFO - [2026-05-07T21:04:22.324+0000] {dag.py:3096} INFO - Sync 1 DAGs
[2026-05-07T21:04:22.353+0000] {logging_mixin.py:188} INFO - [2026-05-07T21:04:22.353+0000] {dag.py:3954} INFO - Setting next_dagrun for example_sensor_decorator to None, run_after=None
[2026-05-07T21:04:22.394+0000] {processor.py:183} INFO - Processing /home/airflow/.local/lib/python3.12/site-packages/airflow/example_dags/example_sensor_decorator.py took 0.142 seconds
[2026-05-07T21:04:52.957+0000] {processor.py:161} INFO - Started process (PID=5542) to work on /home/airflow/.local/lib/python3.12/site-packages/airflow/example_dags/example_sensor_decorator.py
[2026-05-07T21:04:52.959+0000] {processor.py:830} INFO - Processing file /home/airflow/.local/lib/python3.12/site-packages/airflow/example_dags/example_sensor_decorator.py for tasks to queue
[2026-05-07T21:04:52.961+0000] {logging_mixin.py:188} INFO - [2026-05-07T21:04:52.960+0000] {dagbag.py:545} INFO - Filling up the DagBag from /home/airflow/.local/lib/python3.12/site-packages/airflow/example_dags/example_sensor_decorator.py
[2026-05-07T21:04:52.967+0000] {processor.py:840} INFO - DAG(s) 'example_sensor_decorator' retrieved from /home/airflow/.local/lib/python3.12/site-packages/airflow/example_dags/example_sensor_decorator.py
[2026-05-07T21:04:52.991+0000] {logging_mixin.py:188} INFO - [2026-05-07T21:04:52.991+0000] {dag.py:3096} INFO - Sync 1 DAGs
[2026-05-07T21:04:53.004+0000] {logging_mixin.py:188} INFO - [2026-05-07T21:04:53.003+0000] {dag.py:3954} INFO - Setting next_dagrun for example_sensor_decorator to None, run_after=None
[2026-05-07T21:04:53.027+0000] {processor.py:183} INFO - Processing /home/airflow/.local/lib/python3.12/site-packages/airflow/example_dags/example_sensor_decorator.py took 0.077 seconds
[2026-05-07T21:05:23.969+0000] {processor.py:161} INFO - Started process (PID=5600) to work on /home/airflow/.local/lib/python3.12/site-packages/airflow/example_dags/example_sensor_decorator.py
[2026-05-07T21:05:23.970+0000] {processor.py:830} INFO - Processing file /home/airflow/.local/lib/python3.12/site-packages/airflow/example_dags/example_sensor_decorator.py for tasks to queue
[2026-05-07T21:05:23.972+0000] {logging_mixin.py:188} INFO - [2026-05-07T21:05:23.972+0000] {dagbag.py:545} INFO - Filling up the DagBag from /home/airflow/.local/lib/python3.12/site-packages/airflow/example_dags/example_sensor_decorator.py
[2026-05-07T21:05:23.979+0000] {processor.py:840} INFO - DAG(s) 'example_sensor_decorator' retrieved from /home/airflow/.local/lib/python3.12/site-packages/airflow/example_dags/example_sensor_decorator.py
[2026-05-07T21:05:23.998+0000] {logging_mixin.py:188} INFO - [2026-05-07T21:05:23.998+0000] {dag.py:3096} INFO - Sync 1 DAGs
[2026-05-07T21:05:24.010+0000] {logging_mixin.py:188} INFO - [2026-05-07T21:05:24.010+0000] {dag.py:3954} INFO - Setting next_dagrun for example_sensor_decorator to None, run_after=None
[2026-05-07T21:05:24.028+0000] {processor.py:183} INFO - Processing /home/airflow/.local/lib/python3.12/site-packages/airflow/example_dags/example_sensor_decorator.py took 0.066 seconds
[2026-05-07T21:05:54.325+0000] {processor.py:161} INFO - Started process (PID=5658) to work on /home/airflow/.local/lib/python3.12/site-packages/airflow/example_dags/example_sensor_decorator.py
[2026-05-07T21:05:54.326+0000] {processor.py:830} INFO - Processing file /home/airflow/.local/lib/python3.12/site-packages/airflow/example_dags/example_sensor_decorator.py for tasks to queue
[2026-05-07T21:05:54.330+0000] {logging_mixin.py:188} INFO - [2026-05-07T21:05:54.329+0000] {dagbag.py:545} INFO - Filling up the DagBag from /home/airflow/.local/lib/python3.12/site-packages/airflow/example_dags/example_sensor_decorator.py
[2026-05-07T21:05:54.335+0000] {processor.py:840} INFO - DAG(s) 'example_sensor_decorator' retrieved from /home/airflow/.local/lib/python3.12/site-packages/airflow/example_dags/example_sensor_decorator.py
[2026-05-07T21:05:54.356+0000] {logging_mixin.py:188} INFO - [2026-05-07T21:05:54.355+0000] {dag.py:3096} INFO - Sync 1 DAGs
[2026-05-07T21:05:54.368+0000] {logging_mixin.py:188} INFO - [2026-05-07T21:05:54.368+0000] {dag.py:3954} INFO - Setting next_dagrun for example_sensor_decorator to None, run_after=None
[2026-05-07T21:05:54.389+0000] {processor.py:183} INFO - Processing /home/airflow/.local/lib/python3.12/site-packages/airflow/example_dags/example_sensor_decorator.py took 0.070 seconds
[2026-05-07T21:06:24.897+0000] {processor.py:161} INFO - Started process (PID=5716) to work on /home/airflow/.local/lib/python3.12/site-packages/airflow/example_dags/example_sensor_decorator.py
[2026-05-07T21:06:24.899+0000] {processor.py:830} INFO - Processing file /home/airflow/.local/lib/python3.12/site-packages/airflow/example_dags/example_sensor_decorator.py for tasks to queue
[2026-05-07T21:06:24.908+0000] {logging_mixin.py:188} INFO - [2026-05-07T21:06:24.907+0000] {dagbag.py:545} INFO - Filling up the DagBag from /home/airflow/.local/lib/python3.12/site-packages/airflow/example_dags/example_sensor_decorator.py
[2026-05-07T21:06:24.916+0000] {processor.py:840} INFO - DAG(s) 'example_sensor_decorator' retrieved from /home/airflow/.local/lib/python3.12/site-packages/airflow/example_dags/example_sensor_decorator.py
[2026-05-07T21:06:24.954+0000] {logging_mixin.py:188} INFO - [2026-05-07T21:06:24.953+0000] {dag.py:3096} INFO - Sync 1 DAGs
[2026-05-07T21:06:24.976+0000] {logging_mixin.py:188} INFO - [2026-05-07T21:06:24.976+0000] {dag.py:3954} INFO - Setting next_dagrun for example_sensor_decorator to None, run_after=None
[2026-05-07T21:06:25.008+0000] {processor.py:183} INFO - Processing /home/airflow/.local/lib/python3.12/site-packages/airflow/example_dags/example_sensor_decorator.py took 0.121 seconds
[2026-05-07T21:06:55.149+0000] {processor.py:161} INFO - Started process (PID=5774) to work on /home/airflow/.local/lib/python3.12/site-packages/airflow/example_dags/example_sensor_decorator.py
[2026-05-07T21:06:55.151+0000] {processor.py:830} INFO - Processing file /home/airflow/.local/lib/python3.12/site-packages/airflow/example_dags/example_sensor_decorator.py for tasks to queue
[2026-05-07T21:06:55.153+0000] {logging_mixin.py:188} INFO - [2026-05-07T21:06:55.152+0000] {dagbag.py:545} INFO - Filling up the DagBag from /home/airflow/.local/lib/python3.12/site-packages/airflow/example_dags/example_sensor_decorator.py
[2026-05-07T21:06:55.161+0000] {processor.py:840} INFO - DAG(s) 'example_sensor_decorator' retrieved from /home/airflow/.local/lib/python3.12/site-packages/airflow/example_dags/example_sensor_decorator.py
[2026-05-07T21:06:55.186+0000] {logging_mixin.py:188} INFO - [2026-05-07T21:06:55.185+0000] {dag.py:3096} INFO - Sync 1 DAGs
[2026-05-07T21:06:55.199+0000] {logging_mixin.py:188} INFO - [2026-05-07T21:06:55.199+0000] {dag.py:3954} INFO - Setting next_dagrun for example_sensor_decorator to None, run_after=None
[2026-05-07T21:06:55.221+0000] {processor.py:183} INFO - Processing /home/airflow/.local/lib/python3.12/site-packages/airflow/example_dags/example_sensor_decorator.py took 0.077 seconds
[2026-05-07T21:07:30.473+0000] {processor.py:161} INFO - Started process (PID=5832) to work on /home/airflow/.local/lib/python3.12/site-packages/airflow/example_dags/example_sensor_decorator.py
[2026-05-07T21:07:30.620+0000] {processor.py:830} INFO - Processing file /home/airflow/.local/lib/python3.12/site-packages/airflow/example_dags/example_sensor_decorator.py for tasks to queue
[2026-05-07T21:07:30.705+0000] {logging_mixin.py:188} INFO - [2026-05-07T21:07:30.704+0000] {dagbag.py:545} INFO - Filling up the DagBag from /home/airflow/.local/lib/python3.12/site-packages/airflow/example_dags/example_sensor_decorator.py
[2026-05-07T21:07:30.836+0000] {processor.py:840} INFO - DAG(s) 'example_sensor_decorator' retrieved from /home/airflow/.local/lib/python3.12/site-packages/airflow/example_dags/example_sensor_decorator.py
[2026-05-07T21:07:30.964+0000] {logging_mixin.py:188} INFO - [2026-05-07T21:07:30.963+0000] {dag.py:3096} INFO - Sync 1 DAGs
[2026-05-07T21:07:31.096+0000] {logging_mixin.py:188} INFO - [2026-05-07T21:07:31.095+0000] {dag.py:3954} INFO - Setting next_dagrun for example_sensor_decorator to None, run_after=None
[2026-05-07T21:07:31.190+0000] {processor.py:183} INFO - Processing /home/airflow/.local/lib/python3.12/site-packages/airflow/example_dags/example_sensor_decorator.py took 0.785 seconds
[2026-05-07T21:08:02.065+0000] {processor.py:161} INFO - Started process (PID=5891) to work on /home/airflow/.local/lib/python3.12/site-packages/airflow/example_dags/example_sensor_decorator.py
[2026-05-07T21:08:02.067+0000] {processor.py:830} INFO - Processing file /home/airflow/.local/lib/python3.12/site-packages/airflow/example_dags/example_sensor_decorator.py for tasks to queue
[2026-05-07T21:08:02.070+0000] {logging_mixin.py:188} INFO - [2026-05-07T21:08:02.069+0000] {dagbag.py:545} INFO - Filling up the DagBag from /home/airflow/.local/lib/python3.12/site-packages/airflow/example_dags/example_sensor_decorator.py
[2026-05-07T21:08:02.077+0000] {processor.py:840} INFO - DAG(s) 'example_sensor_decorator' retrieved from /home/airflow/.local/lib/python3.12/site-packages/airflow/example_dags/example_sensor_decorator.py
[2026-05-07T21:08:02.098+0000] {logging_mixin.py:188} INFO - [2026-05-07T21:08:02.097+0000] {dag.py:3096} INFO - Sync 1 DAGs
[2026-05-07T21:08:02.111+0000] {logging_mixin.py:188} INFO - [2026-05-07T21:08:02.110+0000] {dag.py:3954} INFO - Setting next_dagrun for example_sensor_decorator to None, run_after=None
[2026-05-07T21:08:02.137+0000] {processor.py:183} INFO - Processing /home/airflow/.local/lib/python3.12/site-packages/airflow/example_dags/example_sensor_decorator.py took 0.078 seconds
[2026-05-07T21:08:32.426+0000] {processor.py:161} INFO - Started process (PID=5949) to work on /home/airflow/.local/lib/python3.12/site-packages/airflow/example_dags/example_sensor_decorator.py
[2026-05-07T21:08:32.427+0000] {processor.py:830} INFO - Processing file /home/airflow/.local/lib/python3.12/site-packages/airflow/example_dags/example_sensor_decorator.py for tasks to queue
[2026-05-07T21:08:32.429+0000] {logging_mixin.py:188} INFO - [2026-05-07T21:08:32.429+0000] {dagbag.py:545} INFO - Filling up the DagBag from /home/airflow/.local/lib/python3.12/site-packages/airflow/example_dags/example_sensor_decorator.py
[2026-05-07T21:08:32.435+0000] {processor.py:840} INFO - DAG(s) 'example_sensor_decorator' retrieved from /home/airflow/.local/lib/python3.12/site-packages/airflow/example_dags/example_sensor_decorator.py
[2026-05-07T21:08:32.455+0000] {logging_mixin.py:188} INFO - [2026-05-07T21:08:32.455+0000] {dag.py:3096} INFO - Sync 1 DAGs
[2026-05-07T21:08:32.476+0000] {logging_mixin.py:188} INFO - [2026-05-07T21:08:32.475+0000] {dag.py:3954} INFO - Setting next_dagrun for example_sensor_decorator to None, run_after=None
[2026-05-07T21:08:32.501+0000] {processor.py:183} INFO - Processing /home/airflow/.local/lib/python3.12/site-packages/airflow/example_dags/example_sensor_decorator.py took 0.080 seconds
[2026-05-07T21:09:02.728+0000] {processor.py:161} INFO - Started process (PID=6007) to work on /home/airflow/.local/lib/python3.12/site-packages/airflow/example_dags/example_sensor_decorator.py
[2026-05-07T21:09:02.730+0000] {processor.py:830} INFO - Processing file /home/airflow/.local/lib/python3.12/site-packages/airflow/example_dags/example_sensor_decorator.py for tasks to queue
[2026-05-07T21:09:02.733+0000] {logging_mixin.py:188} INFO - [2026-05-07T21:09:02.732+0000] {dagbag.py:545} INFO - Filling up the DagBag from /home/airflow/.local/lib/python3.12/site-packages/airflow/example_dags/example_sensor_decorator.py
[2026-05-07T21:09:02.740+0000] {processor.py:840} INFO - DAG(s) 'example_sensor_decorator' retrieved from /home/airflow/.local/lib/python3.12/site-packages/airflow/example_dags/example_sensor_decorator.py
[2026-05-07T21:09:02.766+0000] {logging_mixin.py:188} INFO - [2026-05-07T21:09:02.765+0000] {dag.py:3096} INFO - Sync 1 DAGs
[2026-05-07T21:09:02.781+0000] {logging_mixin.py:188} INFO - [2026-05-07T21:09:02.781+0000] {dag.py:3954} INFO - Setting next_dagrun for example_sensor_decorator to None, run_after=None
[2026-05-07T21:09:02.803+0000] {processor.py:183} INFO - Processing /home/airflow/.local/lib/python3.12/site-packages/airflow/example_dags/example_sensor_decorator.py took 0.080 seconds
[2026-05-07T21:09:33.327+0000] {processor.py:161} INFO - Started process (PID=6065) to work on /home/airflow/.local/lib/python3.12/site-packages/airflow/example_dags/example_sensor_decorator.py
[2026-05-07T21:09:33.328+0000] {processor.py:830} INFO - Processing file /home/airflow/.local/lib/python3.12/site-packages/airflow/example_dags/example_sensor_decorator.py for tasks to queue
[2026-05-07T21:09:33.331+0000] {logging_mixin.py:188} INFO - [2026-05-07T21:09:33.331+0000] {dagbag.py:545} INFO - Filling up the DagBag from /home/airflow/.local/lib/python3.12/site-packages/airflow/example_dags/example_sensor_decorator.py
[2026-05-07T21:09:33.339+0000] {processor.py:840} INFO - DAG(s) 'example_sensor_decorator' retrieved from /home/airflow/.local/lib/python3.12/site-packages/airflow/example_dags/example_sensor_decorator.py
[2026-05-07T21:09:33.363+0000] {logging_mixin.py:188} INFO - [2026-05-07T21:09:33.362+0000] {dag.py:3096} INFO - Sync 1 DAGs
[2026-05-07T21:09:33.376+0000] {logging_mixin.py:188} INFO - [2026-05-07T21:09:33.376+0000] {dag.py:3954} INFO - Setting next_dagrun for example_sensor_decorator to None, run_after=None
[2026-05-07T21:09:33.402+0000] {processor.py:183} INFO - Processing /home/airflow/.local/lib/python3.12/site-packages/airflow/example_dags/example_sensor_decorator.py took 0.080 seconds
[2026-05-07T21:10:03.808+0000] {processor.py:161} INFO - Started process (PID=6123) to work on /home/airflow/.local/lib/python3.12/site-packages/airflow/example_dags/example_sensor_decorator.py
[2026-05-07T21:10:03.811+0000] {processor.py:830} INFO - Processing file /home/airflow/.local/lib/python3.12/site-packages/airflow/example_dags/example_sensor_decorator.py for tasks to queue
[2026-05-07T21:10:03.815+0000] {logging_mixin.py:188} INFO - [2026-05-07T21:10:03.814+0000] {dagbag.py:545} INFO - Filling up the DagBag from /home/airflow/.local/lib/python3.12/site-packages/airflow/example_dags/example_sensor_decorator.py
[2026-05-07T21:10:03.829+0000] {processor.py:840} INFO - DAG(s) 'example_sensor_decorator' retrieved from /home/airflow/.local/lib/python3.12/site-packages/airflow/example_dags/example_sensor_decorator.py
[2026-05-07T21:10:03.866+0000] {logging_mixin.py:188} INFO - [2026-05-07T21:10:03.865+0000] {dag.py:3096} INFO - Sync 1 DAGs
[2026-05-07T21:10:03.892+0000] {logging_mixin.py:188} INFO - [2026-05-07T21:10:03.891+0000] {dag.py:3954} INFO - Setting next_dagrun for example_sensor_decorator to None, run_after=None
[2026-05-07T21:10:03.935+0000] {processor.py:183} INFO - Processing /home/airflow/.local/lib/python3.12/site-packages/airflow/example_dags/example_sensor_decorator.py took 0.139 seconds
[2026-05-07T21:10:34.536+0000] {processor.py:161} INFO - Started process (PID=6181) to work on /home/airflow/.local/lib/python3.12/site-packages/airflow/example_dags/example_sensor_decorator.py
[2026-05-07T21:10:34.538+0000] {processor.py:830} INFO - Processing file /home/airflow/.local/lib/python3.12/site-packages/airflow/example_dags/example_sensor_decorator.py for tasks to queue
[2026-05-07T21:10:34.542+0000] {logging_mixin.py:188} INFO - [2026-05-07T21:10:34.542+0000] {dagbag.py:545} INFO - Filling up the DagBag from /home/airflow/.local/lib/python3.12/site-packages/airflow/example_dags/example_sensor_decorator.py
[2026-05-07T21:10:34.555+0000] {processor.py:840} INFO - DAG(s) 'example_sensor_decorator' retrieved from /home/airflow/.local/lib/python3.12/site-packages/airflow/example_dags/example_sensor_decorator.py
[2026-05-07T21:10:34.594+0000] {logging_mixin.py:188} INFO - [2026-05-07T21:10:34.594+0000] {dag.py:3096} INFO - Sync 1 DAGs
[2026-05-07T21:10:34.617+0000] {logging_mixin.py:188} INFO - [2026-05-07T21:10:34.617+0000] {dag.py:3954} INFO - Setting next_dagrun for example_sensor_decorator to None, run_after=None
[2026-05-07T21:10:34.658+0000] {processor.py:183} INFO - Processing /home/airflow/.local/lib/python3.12/site-packages/airflow/example_dags/example_sensor_decorator.py took 0.134 seconds
[2026-05-07T21:11:04.781+0000] {processor.py:161} INFO - Started process (PID=6239) to work on /home/airflow/.local/lib/python3.12/site-packages/airflow/example_dags/example_sensor_decorator.py
[2026-05-07T21:11:04.782+0000] {processor.py:830} INFO - Processing file /home/airflow/.local/lib/python3.12/site-packages/airflow/example_dags/example_sensor_decorator.py for tasks to queue
[2026-05-07T21:11:04.784+0000] {logging_mixin.py:188} INFO - [2026-05-07T21:11:04.784+0000] {dagbag.py:545} INFO - Filling up the DagBag from /home/airflow/.local/lib/python3.12/site-packages/airflow/example_dags/example_sensor_decorator.py
[2026-05-07T21:11:04.790+0000] {processor.py:840} INFO - DAG(s) 'example_sensor_decorator' retrieved from /home/airflow/.local/lib/python3.12/site-packages/airflow/example_dags/example_sensor_decorator.py
[2026-05-07T21:11:04.812+0000] {logging_mixin.py:188} INFO - [2026-05-07T21:11:04.812+0000] {dag.py:3096} INFO - Sync 1 DAGs
[2026-05-07T21:11:04.830+0000] {logging_mixin.py:188} INFO - [2026-05-07T21:11:04.830+0000] {dag.py:3954} INFO - Setting next_dagrun for example_sensor_decorator to None, run_after=None
[2026-05-07T21:11:04.865+0000] {processor.py:183} INFO - Processing /home/airflow/.local/lib/python3.12/site-packages/airflow/example_dags/example_sensor_decorator.py took 0.089 seconds
[2026-05-07T21:11:35.174+0000] {processor.py:161} INFO - Started process (PID=6298) to work on /home/airflow/.local/lib/python3.12/site-packages/airflow/example_dags/example_sensor_decorator.py
[2026-05-07T21:11:35.177+0000] {processor.py:830} INFO - Processing file /home/airflow/.local/lib/python3.12/site-packages/airflow/example_dags/example_sensor_decorator.py for tasks to queue
[2026-05-07T21:11:35.179+0000] {logging_mixin.py:188} INFO - [2026-05-07T21:11:35.179+0000] {dagbag.py:545} INFO - Filling up the DagBag from /home/airflow/.local/lib/python3.12/site-packages/airflow/example_dags/example_sensor_decorator.py
[2026-05-07T21:11:35.186+0000] {processor.py:840} INFO - DAG(s) 'example_sensor_decorator' retrieved from /home/airflow/.local/lib/python3.12/site-packages/airflow/example_dags/example_sensor_decorator.py
[2026-05-07T21:11:35.208+0000] {logging_mixin.py:188} INFO - [2026-05-07T21:11:35.208+0000] {dag.py:3096} INFO - Sync 1 DAGs
[2026-05-07T21:11:35.220+0000] {logging_mixin.py:188} INFO - [2026-05-07T21:11:35.220+0000] {dag.py:3954} INFO - Setting next_dagrun for example_sensor_decorator to None, run_after=None
[2026-05-07T21:11:35.246+0000] {processor.py:183} INFO - Processing /home/airflow/.local/lib/python3.12/site-packages/airflow/example_dags/example_sensor_decorator.py took 0.077 seconds
[2026-05-07T21:12:05.349+0000] {processor.py:161} INFO - Started process (PID=6356) to work on /home/airflow/.local/lib/python3.12/site-packages/airflow/example_dags/example_sensor_decorator.py
[2026-05-07T21:12:05.350+0000] {processor.py:830} INFO - Processing file /home/airflow/.local/lib/python3.12/site-packages/airflow/example_dags/example_sensor_decorator.py for tasks to queue
[2026-05-07T21:12:05.352+0000] {logging_mixin.py:188} INFO - [2026-05-07T21:12:05.352+0000] {dagbag.py:545} INFO - Filling up the DagBag from /home/airflow/.local/lib/python3.12/site-packages/airflow/example_dags/example_sensor_decorator.py
[2026-05-07T21:12:05.359+0000] {processor.py:840} INFO - DAG(s) 'example_sensor_decorator' retrieved from /home/airflow/.local/lib/python3.12/site-packages/airflow/example_dags/example_sensor_decorator.py
[2026-05-07T21:12:05.378+0000] {logging_mixin.py:188} INFO - [2026-05-07T21:12:05.377+0000] {dag.py:3096} INFO - Sync 1 DAGs
[2026-05-07T21:12:05.390+0000] {logging_mixin.py:188} INFO - [2026-05-07T21:12:05.390+0000] {dag.py:3954} INFO - Setting next_dagrun for example_sensor_decorator to None, run_after=None
[2026-05-07T21:12:05.412+0000] {processor.py:183} INFO - Processing /home/airflow/.local/lib/python3.12/site-packages/airflow/example_dags/example_sensor_decorator.py took 0.068 seconds
[2026-05-07T21:12:35.820+0000] {processor.py:161} INFO - Started process (PID=6414) to work on /home/airflow/.local/lib/python3.12/site-packages/airflow/example_dags/example_sensor_decorator.py
[2026-05-07T21:12:35.821+0000] {processor.py:830} INFO - Processing file /home/airflow/.local/lib/python3.12/site-packages/airflow/example_dags/example_sensor_decorator.py for tasks to queue
[2026-05-07T21:12:35.824+0000] {logging_mixin.py:188} INFO - [2026-05-07T21:12:35.824+0000] {dagbag.py:545} INFO - Filling up the DagBag from /home/airflow/.local/lib/python3.12/site-packages/airflow/example_dags/example_sensor_decorator.py
[2026-05-07T21:12:35.835+0000] {processor.py:840} INFO - DAG(s) 'example_sensor_decorator' retrieved from /home/airflow/.local/lib/python3.12/site-packages/airflow/example_dags/example_sensor_decorator.py
[2026-05-07T21:12:35.865+0000] {logging_mixin.py:188} INFO - [2026-05-07T21:12:35.864+0000] {dag.py:3096} INFO - Sync 1 DAGs
[2026-05-07T21:12:35.882+0000] {logging_mixin.py:188} INFO - [2026-05-07T21:12:35.881+0000] {dag.py:3954} INFO - Setting next_dagrun for example_sensor_decorator to None, run_after=None
[2026-05-07T21:12:35.908+0000] {processor.py:183} INFO - Processing /home/airflow/.local/lib/python3.12/site-packages/airflow/example_dags/example_sensor_decorator.py took 0.095 seconds
[2026-05-07T21:13:06.306+0000] {processor.py:161} INFO - Started process (PID=6472) to work on /home/airflow/.local/lib/python3.12/site-packages/airflow/example_dags/example_sensor_decorator.py
[2026-05-07T21:13:06.307+0000] {processor.py:830} INFO - Processing file /home/airflow/.local/lib/python3.12/site-packages/airflow/example_dags/example_sensor_decorator.py for tasks to queue
[2026-05-07T21:13:06.310+0000] {logging_mixin.py:188} INFO - [2026-05-07T21:13:06.310+0000] {dagbag.py:545} INFO - Filling up the DagBag from /home/airflow/.local/lib/python3.12/site-packages/airflow/example_dags/example_sensor_decorator.py
[2026-05-07T21:13:06.317+0000] {processor.py:840} INFO - DAG(s) 'example_sensor_decorator' retrieved from /home/airflow/.local/lib/python3.12/site-packages/airflow/example_dags/example_sensor_decorator.py
[2026-05-07T21:13:06.339+0000] {logging_mixin.py:188} INFO - [2026-05-07T21:13:06.339+0000] {dag.py:3096} INFO - Sync 1 DAGs
[2026-05-07T21:13:06.350+0000] {logging_mixin.py:188} INFO - [2026-05-07T21:13:06.350+0000] {dag.py:3954} INFO - Setting next_dagrun for example_sensor_decorator to None, run_after=None
[2026-05-07T21:13:06.375+0000] {processor.py:183} INFO - Processing /home/airflow/.local/lib/python3.12/site-packages/airflow/example_dags/example_sensor_decorator.py took 0.074 seconds
[2026-05-07T21:13:36.551+0000] {processor.py:161} INFO - Started process (PID=6530) to work on /home/airflow/.local/lib/python3.12/site-packages/airflow/example_dags/example_sensor_decorator.py
[2026-05-07T21:13:36.554+0000] {processor.py:830} INFO - Processing file /home/airflow/.local/lib/python3.12/site-packages/airflow/example_dags/example_sensor_decorator.py for tasks to queue
[2026-05-07T21:13:36.556+0000] {logging_mixin.py:188} INFO - [2026-05-07T21:13:36.556+0000] {dagbag.py:545} INFO - Filling up the DagBag from /home/airflow/.local/lib/python3.12/site-packages/airflow/example_dags/example_sensor_decorator.py
[2026-05-07T21:13:36.565+0000] {processor.py:840} INFO - DAG(s) 'example_sensor_decorator' retrieved from /home/airflow/.local/lib/python3.12/site-packages/airflow/example_dags/example_sensor_decorator.py
[2026-05-07T21:13:36.588+0000] {logging_mixin.py:188} INFO - [2026-05-07T21:13:36.588+0000] {dag.py:3096} INFO - Sync 1 DAGs
[2026-05-07T21:13:36.601+0000] {logging_mixin.py:188} INFO - [2026-05-07T21:13:36.601+0000] {dag.py:3954} INFO - Setting next_dagrun for example_sensor_decorator to None, run_after=None
[2026-05-07T21:13:36.625+0000] {processor.py:183} INFO - Processing /home/airflow/.local/lib/python3.12/site-packages/airflow/example_dags/example_sensor_decorator.py took 0.080 seconds
[2026-05-07T21:14:07.046+0000] {processor.py:161} INFO - Started process (PID=6588) to work on /home/airflow/.local/lib/python3.12/site-packages/airflow/example_dags/example_sensor_decorator.py
[2026-05-07T21:14:07.047+0000] {processor.py:830} INFO - Processing file /home/airflow/.local/lib/python3.12/site-packages/airflow/example_dags/example_sensor_decorator.py for tasks to queue
[2026-05-07T21:14:07.050+0000] {logging_mixin.py:188} INFO - [2026-05-07T21:14:07.049+0000] {dagbag.py:545} INFO - Filling up the DagBag from /home/airflow/.local/lib/python3.12/site-packages/airflow/example_dags/example_sensor_decorator.py
[2026-05-07T21:14:07.056+0000] {processor.py:840} INFO - DAG(s) 'example_sensor_decorator' retrieved from /home/airflow/.local/lib/python3.12/site-packages/airflow/example_dags/example_sensor_decorator.py
[2026-05-07T21:14:07.077+0000] {logging_mixin.py:188} INFO - [2026-05-07T21:14:07.077+0000] {dag.py:3096} INFO - Sync 1 DAGs
[2026-05-07T21:14:07.091+0000] {logging_mixin.py:188} INFO - [2026-05-07T21:14:07.090+0000] {dag.py:3954} INFO - Setting next_dagrun for example_sensor_decorator to None, run_after=None
[2026-05-07T21:14:07.290+0000] {processor.py:183} INFO - Processing /home/airflow/.local/lib/python3.12/site-packages/airflow/example_dags/example_sensor_decorator.py took 0.249 seconds
[2026-05-07T21:14:37.424+0000] {processor.py:161} INFO - Started process (PID=6646) to work on /home/airflow/.local/lib/python3.12/site-packages/airflow/example_dags/example_sensor_decorator.py
[2026-05-07T21:14:37.426+0000] {processor.py:830} INFO - Processing file /home/airflow/.local/lib/python3.12/site-packages/airflow/example_dags/example_sensor_decorator.py for tasks to queue
[2026-05-07T21:14:37.429+0000] {logging_mixin.py:188} INFO - [2026-05-07T21:14:37.428+0000] {dagbag.py:545} INFO - Filling up the DagBag from /home/airflow/.local/lib/python3.12/site-packages/airflow/example_dags/example_sensor_decorator.py
[2026-05-07T21:14:37.439+0000] {processor.py:840} INFO - DAG(s) 'example_sensor_decorator' retrieved from /home/airflow/.local/lib/python3.12/site-packages/airflow/example_dags/example_sensor_decorator.py
[2026-05-07T21:14:37.477+0000] {logging_mixin.py:188} INFO - [2026-05-07T21:14:37.476+0000] {dag.py:3096} INFO - Sync 1 DAGs
[2026-05-07T21:14:37.502+0000] {logging_mixin.py:188} INFO - [2026-05-07T21:14:37.501+0000] {dag.py:3954} INFO - Setting next_dagrun for example_sensor_decorator to None, run_after=None
[2026-05-07T21:14:37.538+0000] {processor.py:183} INFO - Processing /home/airflow/.local/lib/python3.12/site-packages/airflow/example_dags/example_sensor_decorator.py took 0.123 seconds
[2026-05-07T21:15:07.593+0000] {processor.py:161} INFO - Started process (PID=6703) to work on /home/airflow/.local/lib/python3.12/site-packages/airflow/example_dags/example_sensor_decorator.py
[2026-05-07T21:15:07.595+0000] {processor.py:830} INFO - Processing file /home/airflow/.local/lib/python3.12/site-packages/airflow/example_dags/example_sensor_decorator.py for tasks to queue
[2026-05-07T21:15:07.597+0000] {logging_mixin.py:188} INFO - [2026-05-07T21:15:07.597+0000] {dagbag.py:545} INFO - Filling up the DagBag from /home/airflow/.local/lib/python3.12/site-packages/airflow/example_dags/example_sensor_decorator.py
[2026-05-07T21:15:07.603+0000] {processor.py:840} INFO - DAG(s) 'example_sensor_decorator' retrieved from /home/airflow/.local/lib/python3.12/site-packages/airflow/example_dags/example_sensor_decorator.py
[2026-05-07T21:15:07.622+0000] {logging_mixin.py:188} INFO - [2026-05-07T21:15:07.622+0000] {dag.py:3096} INFO - Sync 1 DAGs
[2026-05-07T21:15:07.635+0000] {logging_mixin.py:188} INFO - [2026-05-07T21:15:07.634+0000] {dag.py:3954} INFO - Setting next_dagrun for example_sensor_decorator to None, run_after=None
[2026-05-07T21:15:07.655+0000] {processor.py:183} INFO - Processing /home/airflow/.local/lib/python3.12/site-packages/airflow/example_dags/example_sensor_decorator.py took 0.067 seconds
[2026-05-07T21:15:37.942+0000] {processor.py:161} INFO - Started process (PID=6761) to work on /home/airflow/.local/lib/python3.12/site-packages/airflow/example_dags/example_sensor_decorator.py
[2026-05-07T21:15:37.944+0000] {processor.py:830} INFO - Processing file /home/airflow/.local/lib/python3.12/site-packages/airflow/example_dags/example_sensor_decorator.py for tasks to queue
[2026-05-07T21:15:37.946+0000] {logging_mixin.py:188} INFO - [2026-05-07T21:15:37.945+0000] {dagbag.py:545} INFO - Filling up the DagBag from /home/airflow/.local/lib/python3.12/site-packages/airflow/example_dags/example_sensor_decorator.py
[2026-05-07T21:15:37.953+0000] {processor.py:840} INFO - DAG(s) 'example_sensor_decorator' retrieved from /home/airflow/.local/lib/python3.12/site-packages/airflow/example_dags/example_sensor_decorator.py
[2026-05-07T21:15:37.972+0000] {logging_mixin.py:188} INFO - [2026-05-07T21:15:37.972+0000] {dag.py:3096} INFO - Sync 1 DAGs
[2026-05-07T21:15:37.983+0000] {logging_mixin.py:188} INFO - [2026-05-07T21:15:37.983+0000] {dag.py:3954} INFO - Setting next_dagrun for example_sensor_decorator to None, run_after=None
[2026-05-07T21:15:38.006+0000] {processor.py:183} INFO - Processing /home/airflow/.local/lib/python3.12/site-packages/airflow/example_dags/example_sensor_decorator.py took 0.069 seconds
[2026-05-07T21:16:08.297+0000] {processor.py:161} INFO - Started process (PID=6819) to work on /home/airflow/.local/lib/python3.12/site-packages/airflow/example_dags/example_sensor_decorator.py
[2026-05-07T21:16:08.298+0000] {processor.py:830} INFO - Processing file /home/airflow/.local/lib/python3.12/site-packages/airflow/example_dags/example_sensor_decorator.py for tasks to queue
[2026-05-07T21:16:08.300+0000] {logging_mixin.py:188} INFO - [2026-05-07T21:16:08.300+0000] {dagbag.py:545} INFO - Filling up the DagBag from /home/airflow/.local/lib/python3.12/site-packages/airflow/example_dags/example_sensor_decorator.py
[2026-05-07T21:16:08.307+0000] {processor.py:840} INFO - DAG(s) 'example_sensor_decorator' retrieved from /home/airflow/.local/lib/python3.12/site-packages/airflow/example_dags/example_sensor_decorator.py
[2026-05-07T21:16:08.325+0000] {logging_mixin.py:188} INFO - [2026-05-07T21:16:08.325+0000] {dag.py:3096} INFO - Sync 1 DAGs
[2026-05-07T21:16:08.335+0000] {logging_mixin.py:188} INFO - [2026-05-07T21:16:08.335+0000] {dag.py:3954} INFO - Setting next_dagrun for example_sensor_decorator to None, run_after=None
[2026-05-07T21:16:08.357+0000] {processor.py:183} INFO - Processing /home/airflow/.local/lib/python3.12/site-packages/airflow/example_dags/example_sensor_decorator.py took 0.065 seconds
[2026-05-07T21:16:38.811+0000] {processor.py:161} INFO - Started process (PID=6877) to work on /home/airflow/.local/lib/python3.12/site-packages/airflow/example_dags/example_sensor_decorator.py
[2026-05-07T21:16:38.812+0000] {processor.py:830} INFO - Processing file /home/airflow/.local/lib/python3.12/site-packages/airflow/example_dags/example_sensor_decorator.py for tasks to queue
[2026-05-07T21:16:38.815+0000] {logging_mixin.py:188} INFO - [2026-05-07T21:16:38.815+0000] {dagbag.py:545} INFO - Filling up the DagBag from /home/airflow/.local/lib/python3.12/site-packages/airflow/example_dags/example_sensor_decorator.py
[2026-05-07T21:16:38.825+0000] {processor.py:840} INFO - DAG(s) 'example_sensor_decorator' retrieved from /home/airflow/.local/lib/python3.12/site-packages/airflow/example_dags/example_sensor_decorator.py
[2026-05-07T21:16:38.849+0000] {logging_mixin.py:188} INFO - [2026-05-07T21:16:38.848+0000] {dag.py:3096} INFO - Sync 1 DAGs
[2026-05-07T21:16:38.978+0000] {logging_mixin.py:188} INFO - [2026-05-07T21:16:38.978+0000] {dag.py:3954} INFO - Setting next_dagrun for example_sensor_decorator to None, run_after=None
[2026-05-07T21:16:38.996+0000] {processor.py:183} INFO - Processing /home/airflow/.local/lib/python3.12/site-packages/airflow/example_dags/example_sensor_decorator.py took 0.193 seconds
[2026-05-07T21:17:09.306+0000] {processor.py:161} INFO - Started process (PID=6935) to work on /home/airflow/.local/lib/python3.12/site-packages/airflow/example_dags/example_sensor_decorator.py
[2026-05-07T21:17:09.308+0000] {processor.py:830} INFO - Processing file /home/airflow/.local/lib/python3.12/site-packages/airflow/example_dags/example_sensor_decorator.py for tasks to queue
[2026-05-07T21:17:09.310+0000] {logging_mixin.py:188} INFO - [2026-05-07T21:17:09.310+0000] {dagbag.py:545} INFO - Filling up the DagBag from /home/airflow/.local/lib/python3.12/site-packages/airflow/example_dags/example_sensor_decorator.py
[2026-05-07T21:17:09.317+0000] {processor.py:840} INFO - DAG(s) 'example_sensor_decorator' retrieved from /home/airflow/.local/lib/python3.12/site-packages/airflow/example_dags/example_sensor_decorator.py
[2026-05-07T21:17:09.338+0000] {logging_mixin.py:188} INFO - [2026-05-07T21:17:09.338+0000] {dag.py:3096} INFO - Sync 1 DAGs
[2026-05-07T21:17:09.350+0000] {logging_mixin.py:188} INFO - [2026-05-07T21:17:09.350+0000] {dag.py:3954} INFO - Setting next_dagrun for example_sensor_decorator to None, run_after=None
[2026-05-07T21:17:09.371+0000] {processor.py:183} INFO - Processing /home/airflow/.local/lib/python3.12/site-packages/airflow/example_dags/example_sensor_decorator.py took 0.069 seconds
[2026-05-07T21:17:39.487+0000] {processor.py:161} INFO - Started process (PID=6993) to work on /home/airflow/.local/lib/python3.12/site-packages/airflow/example_dags/example_sensor_decorator.py
[2026-05-07T21:17:39.488+0000] {processor.py:830} INFO - Processing file /home/airflow/.local/lib/python3.12/site-packages/airflow/example_dags/example_sensor_decorator.py for tasks to queue
[2026-05-07T21:17:39.490+0000] {logging_mixin.py:188} INFO - [2026-05-07T21:17:39.489+0000] {dagbag.py:545} INFO - Filling up the DagBag from /home/airflow/.local/lib/python3.12/site-packages/airflow/example_dags/example_sensor_decorator.py
[2026-05-07T21:17:39.495+0000] {processor.py:840} INFO - DAG(s) 'example_sensor_decorator' retrieved from /home/airflow/.local/lib/python3.12/site-packages/airflow/example_dags/example_sensor_decorator.py
[2026-05-07T21:17:39.514+0000] {logging_mixin.py:188} INFO - [2026-05-07T21:17:39.514+0000] {dag.py:3096} INFO - Sync 1 DAGs
[2026-05-07T21:17:39.525+0000] {logging_mixin.py:188} INFO - [2026-05-07T21:17:39.525+0000] {dag.py:3954} INFO - Setting next_dagrun for example_sensor_decorator to None, run_after=None
[2026-05-07T21:17:39.545+0000] {processor.py:183} INFO - Processing /home/airflow/.local/lib/python3.12/site-packages/airflow/example_dags/example_sensor_decorator.py took 0.064 seconds
[2026-05-07T21:18:09.866+0000] {processor.py:161} INFO - Started process (PID=7051) to work on /home/airflow/.local/lib/python3.12/site-packages/airflow/example_dags/example_sensor_decorator.py
[2026-05-07T21:18:09.868+0000] {processor.py:830} INFO - Processing file /home/airflow/.local/lib/python3.12/site-packages/airflow/example_dags/example_sensor_decorator.py for tasks to queue
[2026-05-07T21:18:09.870+0000] {logging_mixin.py:188} INFO - [2026-05-07T21:18:09.869+0000] {dagbag.py:545} INFO - Filling up the DagBag from /home/airflow/.local/lib/python3.12/site-packages/airflow/example_dags/example_sensor_decorator.py
[2026-05-07T21:18:09.875+0000] {processor.py:840} INFO - DAG(s) 'example_sensor_decorator' retrieved from /home/airflow/.local/lib/python3.12/site-packages/airflow/example_dags/example_sensor_decorator.py
[2026-05-07T21:18:09.894+0000] {logging_mixin.py:188} INFO - [2026-05-07T21:18:09.894+0000] {dag.py:3096} INFO - Sync 1 DAGs
[2026-05-07T21:18:09.905+0000] {logging_mixin.py:188} INFO - [2026-05-07T21:18:09.904+0000] {dag.py:3954} INFO - Setting next_dagrun for example_sensor_decorator to None, run_after=None
[2026-05-07T21:18:09.925+0000] {processor.py:183} INFO - Processing /home/airflow/.local/lib/python3.12/site-packages/airflow/example_dags/example_sensor_decorator.py took 0.063 seconds
[2026-05-07T21:18:40.213+0000] {processor.py:161} INFO - Started process (PID=7109) to work on /home/airflow/.local/lib/python3.12/site-packages/airflow/example_dags/example_sensor_decorator.py
[2026-05-07T21:18:40.220+0000] {processor.py:830} INFO - Processing file /home/airflow/.local/lib/python3.12/site-packages/airflow/example_dags/example_sensor_decorator.py for tasks to queue
[2026-05-07T21:18:40.225+0000] {logging_mixin.py:188} INFO - [2026-05-07T21:18:40.224+0000] {dagbag.py:545} INFO - Filling up the DagBag from /home/airflow/.local/lib/python3.12/site-packages/airflow/example_dags/example_sensor_decorator.py
[2026-05-07T21:18:40.234+0000] {processor.py:840} INFO - DAG(s) 'example_sensor_decorator' retrieved from /home/airflow/.local/lib/python3.12/site-packages/airflow/example_dags/example_sensor_decorator.py
[2026-05-07T21:18:40.258+0000] {logging_mixin.py:188} INFO - [2026-05-07T21:18:40.258+0000] {dag.py:3096} INFO - Sync 1 DAGs
[2026-05-07T21:18:40.272+0000] {logging_mixin.py:188} INFO - [2026-05-07T21:18:40.272+0000] {dag.py:3954} INFO - Setting next_dagrun for example_sensor_decorator to None, run_after=None
[2026-05-07T21:18:40.296+0000] {processor.py:183} INFO - Processing /home/airflow/.local/lib/python3.12/site-packages/airflow/example_dags/example_sensor_decorator.py took 0.089 seconds
[2026-05-07T21:19:10.625+0000] {processor.py:161} INFO - Started process (PID=7167) to work on /home/airflow/.local/lib/python3.12/site-packages/airflow/example_dags/example_sensor_decorator.py
[2026-05-07T21:19:10.626+0000] {processor.py:830} INFO - Processing file /home/airflow/.local/lib/python3.12/site-packages/airflow/example_dags/example_sensor_decorator.py for tasks to queue
[2026-05-07T21:19:10.629+0000] {logging_mixin.py:188} INFO - [2026-05-07T21:19:10.629+0000] {dagbag.py:545} INFO - Filling up the DagBag from /home/airflow/.local/lib/python3.12/site-packages/airflow/example_dags/example_sensor_decorator.py
[2026-05-07T21:19:10.639+0000] {processor.py:840} INFO - DAG(s) 'example_sensor_decorator' retrieved from /home/airflow/.local/lib/python3.12/site-packages/airflow/example_dags/example_sensor_decorator.py
[2026-05-07T21:19:10.663+0000] {logging_mixin.py:188} INFO - [2026-05-07T21:19:10.663+0000] {dag.py:3096} INFO - Sync 1 DAGs
[2026-05-07T21:19:10.680+0000] {logging_mixin.py:188} INFO - [2026-05-07T21:19:10.680+0000] {dag.py:3954} INFO - Setting next_dagrun for example_sensor_decorator to None, run_after=None
[2026-05-07T21:19:10.703+0000] {processor.py:183} INFO - Processing /home/airflow/.local/lib/python3.12/site-packages/airflow/example_dags/example_sensor_decorator.py took 0.085 seconds
[2026-05-07T21:19:40.852+0000] {processor.py:161} INFO - Started process (PID=7225) to work on /home/airflow/.local/lib/python3.12/site-packages/airflow/example_dags/example_sensor_decorator.py
[2026-05-07T21:19:40.853+0000] {processor.py:830} INFO - Processing file /home/airflow/.local/lib/python3.12/site-packages/airflow/example_dags/example_sensor_decorator.py for tasks to queue
[2026-05-07T21:19:40.855+0000] {logging_mixin.py:188} INFO - [2026-05-07T21:19:40.855+0000] {dagbag.py:545} INFO - Filling up the DagBag from /home/airflow/.local/lib/python3.12/site-packages/airflow/example_dags/example_sensor_decorator.py
[2026-05-07T21:19:40.860+0000] {processor.py:840} INFO - DAG(s) 'example_sensor_decorator' retrieved from /home/airflow/.local/lib/python3.12/site-packages/airflow/example_dags/example_sensor_decorator.py
[2026-05-07T21:19:40.879+0000] {logging_mixin.py:188} INFO - [2026-05-07T21:19:40.878+0000] {dag.py:3096} INFO - Sync 1 DAGs
[2026-05-07T21:19:40.890+0000] {logging_mixin.py:188} INFO - [2026-05-07T21:19:40.889+0000] {dag.py:3954} INFO - Setting next_dagrun for example_sensor_decorator to None, run_after=None
[2026-05-07T21:19:40.908+0000] {processor.py:183} INFO - Processing /home/airflow/.local/lib/python3.12/site-packages/airflow/example_dags/example_sensor_decorator.py took 0.061 seconds
[2026-05-07T21:20:11.147+0000] {processor.py:161} INFO - Started process (PID=7283) to work on /home/airflow/.local/lib/python3.12/site-packages/airflow/example_dags/example_sensor_decorator.py
[2026-05-07T21:20:11.149+0000] {processor.py:830} INFO - Processing file /home/airflow/.local/lib/python3.12/site-packages/airflow/example_dags/example_sensor_decorator.py for tasks to queue
[2026-05-07T21:20:11.152+0000] {logging_mixin.py:188} INFO - [2026-05-07T21:20:11.152+0000] {dagbag.py:545} INFO - Filling up the DagBag from /home/airflow/.local/lib/python3.12/site-packages/airflow/example_dags/example_sensor_decorator.py
[2026-05-07T21:20:11.160+0000] {processor.py:840} INFO - DAG(s) 'example_sensor_decorator' retrieved from /home/airflow/.local/lib/python3.12/site-packages/airflow/example_dags/example_sensor_decorator.py
[2026-05-07T21:20:11.182+0000] {logging_mixin.py:188} INFO - [2026-05-07T21:20:11.181+0000] {dag.py:3096} INFO - Sync 1 DAGs
[2026-05-07T21:20:11.194+0000] {logging_mixin.py:188} INFO - [2026-05-07T21:20:11.194+0000] {dag.py:3954} INFO - Setting next_dagrun for example_sensor_decorator to None, run_after=None
[2026-05-07T21:20:11.217+0000] {processor.py:183} INFO - Processing /home/airflow/.local/lib/python3.12/site-packages/airflow/example_dags/example_sensor_decorator.py took 0.076 seconds
[2026-05-07T21:20:41.345+0000] {processor.py:161} INFO - Started process (PID=7341) to work on /home/airflow/.local/lib/python3.12/site-packages/airflow/example_dags/example_sensor_decorator.py
[2026-05-07T21:20:41.347+0000] {processor.py:830} INFO - Processing file /home/airflow/.local/lib/python3.12/site-packages/airflow/example_dags/example_sensor_decorator.py for tasks to queue
[2026-05-07T21:20:41.350+0000] {logging_mixin.py:188} INFO - [2026-05-07T21:20:41.349+0000] {dagbag.py:545} INFO - Filling up the DagBag from /home/airflow/.local/lib/python3.12/site-packages/airflow/example_dags/example_sensor_decorator.py
[2026-05-07T21:20:41.355+0000] {processor.py:840} INFO - DAG(s) 'example_sensor_decorator' retrieved from /home/airflow/.local/lib/python3.12/site-packages/airflow/example_dags/example_sensor_decorator.py
[2026-05-07T21:20:41.376+0000] {logging_mixin.py:188} INFO - [2026-05-07T21:20:41.376+0000] {dag.py:3096} INFO - Sync 1 DAGs
[2026-05-07T21:20:41.387+0000] {logging_mixin.py:188} INFO - [2026-05-07T21:20:41.387+0000] {dag.py:3954} INFO - Setting next_dagrun for example_sensor_decorator to None, run_after=None
[2026-05-07T21:20:41.407+0000] {processor.py:183} INFO - Processing /home/airflow/.local/lib/python3.12/site-packages/airflow/example_dags/example_sensor_decorator.py took 0.067 seconds
[2026-05-07T21:21:11.513+0000] {processor.py:161} INFO - Started process (PID=7397) to work on /home/airflow/.local/lib/python3.12/site-packages/airflow/example_dags/example_sensor_decorator.py
[2026-05-07T21:21:11.515+0000] {processor.py:830} INFO - Processing file /home/airflow/.local/lib/python3.12/site-packages/airflow/example_dags/example_sensor_decorator.py for tasks to queue
[2026-05-07T21:21:11.519+0000] {logging_mixin.py:188} INFO - [2026-05-07T21:21:11.518+0000] {dagbag.py:545} INFO - Filling up the DagBag from /home/airflow/.local/lib/python3.12/site-packages/airflow/example_dags/example_sensor_decorator.py
[2026-05-07T21:21:11.528+0000] {processor.py:840} INFO - DAG(s) 'example_sensor_decorator' retrieved from /home/airflow/.local/lib/python3.12/site-packages/airflow/example_dags/example_sensor_decorator.py
[2026-05-07T21:21:11.559+0000] {logging_mixin.py:188} INFO - [2026-05-07T21:21:11.559+0000] {dag.py:3096} INFO - Sync 1 DAGs
[2026-05-07T21:21:11.573+0000] {logging_mixin.py:188} INFO - [2026-05-07T21:21:11.573+0000] {dag.py:3954} INFO - Setting next_dagrun for example_sensor_decorator to None, run_after=None
[2026-05-07T21:21:11.600+0000] {processor.py:183} INFO - Processing /home/airflow/.local/lib/python3.12/site-packages/airflow/example_dags/example_sensor_decorator.py took 0.095 seconds
[2026-05-07T21:21:41.825+0000] {processor.py:161} INFO - Started process (PID=7455) to work on /home/airflow/.local/lib/python3.12/site-packages/airflow/example_dags/example_sensor_decorator.py
[2026-05-07T21:21:41.826+0000] {processor.py:830} INFO - Processing file /home/airflow/.local/lib/python3.12/site-packages/airflow/example_dags/example_sensor_decorator.py for tasks to queue
[2026-05-07T21:21:41.828+0000] {logging_mixin.py:188} INFO - [2026-05-07T21:21:41.828+0000] {dagbag.py:545} INFO - Filling up the DagBag from /home/airflow/.local/lib/python3.12/site-packages/airflow/example_dags/example_sensor_decorator.py
[2026-05-07T21:21:41.834+0000] {processor.py:840} INFO - DAG(s) 'example_sensor_decorator' retrieved from /home/airflow/.local/lib/python3.12/site-packages/airflow/example_dags/example_sensor_decorator.py
[2026-05-07T21:21:41.856+0000] {logging_mixin.py:188} INFO - [2026-05-07T21:21:41.856+0000] {dag.py:3096} INFO - Sync 1 DAGs
[2026-05-07T21:21:41.874+0000] {logging_mixin.py:188} INFO - [2026-05-07T21:21:41.874+0000] {dag.py:3954} INFO - Setting next_dagrun for example_sensor_decorator to None, run_after=None
[2026-05-07T21:21:41.899+0000] {processor.py:183} INFO - Processing /home/airflow/.local/lib/python3.12/site-packages/airflow/example_dags/example_sensor_decorator.py took 0.080 seconds
[2026-05-07T21:22:12.342+0000] {processor.py:161} INFO - Started process (PID=7513) to work on /home/airflow/.local/lib/python3.12/site-packages/airflow/example_dags/example_sensor_decorator.py
[2026-05-07T21:22:12.343+0000] {processor.py:830} INFO - Processing file /home/airflow/.local/lib/python3.12/site-packages/airflow/example_dags/example_sensor_decorator.py for tasks to queue
[2026-05-07T21:22:12.345+0000] {logging_mixin.py:188} INFO - [2026-05-07T21:22:12.345+0000] {dagbag.py:545} INFO - Filling up the DagBag from /home/airflow/.local/lib/python3.12/site-packages/airflow/example_dags/example_sensor_decorator.py
[2026-05-07T21:22:12.352+0000] {processor.py:840} INFO - DAG(s) 'example_sensor_decorator' retrieved from /home/airflow/.local/lib/python3.12/site-packages/airflow/example_dags/example_sensor_decorator.py
[2026-05-07T21:22:12.369+0000] {logging_mixin.py:188} INFO - [2026-05-07T21:22:12.369+0000] {dag.py:3096} INFO - Sync 1 DAGs
[2026-05-07T21:22:12.380+0000] {logging_mixin.py:188} INFO - [2026-05-07T21:22:12.379+0000] {dag.py:3954} INFO - Setting next_dagrun for example_sensor_decorator to None, run_after=None
[2026-05-07T21:22:12.401+0000] {processor.py:183} INFO - Processing /home/airflow/.local/lib/python3.12/site-packages/airflow/example_dags/example_sensor_decorator.py took 0.064 seconds
[2026-05-07T21:22:42.540+0000] {processor.py:161} INFO - Started process (PID=7571) to work on /home/airflow/.local/lib/python3.12/site-packages/airflow/example_dags/example_sensor_decorator.py
[2026-05-07T21:22:42.541+0000] {processor.py:830} INFO - Processing file /home/airflow/.local/lib/python3.12/site-packages/airflow/example_dags/example_sensor_decorator.py for tasks to queue
[2026-05-07T21:22:42.544+0000] {logging_mixin.py:188} INFO - [2026-05-07T21:22:42.544+0000] {dagbag.py:545} INFO - Filling up the DagBag from /home/airflow/.local/lib/python3.12/site-packages/airflow/example_dags/example_sensor_decorator.py
[2026-05-07T21:22:42.550+0000] {processor.py:840} INFO - DAG(s) 'example_sensor_decorator' retrieved from /home/airflow/.local/lib/python3.12/site-packages/airflow/example_dags/example_sensor_decorator.py
[2026-05-07T21:22:42.569+0000] {logging_mixin.py:188} INFO - [2026-05-07T21:22:42.569+0000] {dag.py:3096} INFO - Sync 1 DAGs
[2026-05-07T21:22:42.580+0000] {logging_mixin.py:188} INFO - [2026-05-07T21:22:42.579+0000] {dag.py:3954} INFO - Setting next_dagrun for example_sensor_decorator to None, run_after=None
[2026-05-07T21:22:42.602+0000] {processor.py:183} INFO - Processing /home/airflow/.local/lib/python3.12/site-packages/airflow/example_dags/example_sensor_decorator.py took 0.067 seconds
[2026-05-07T21:23:12.791+0000] {processor.py:161} INFO - Started process (PID=7629) to work on /home/airflow/.local/lib/python3.12/site-packages/airflow/example_dags/example_sensor_decorator.py
[2026-05-07T21:23:12.792+0000] {processor.py:830} INFO - Processing file /home/airflow/.local/lib/python3.12/site-packages/airflow/example_dags/example_sensor_decorator.py for tasks to queue
[2026-05-07T21:23:12.794+0000] {logging_mixin.py:188} INFO - [2026-05-07T21:23:12.794+0000] {dagbag.py:545} INFO - Filling up the DagBag from /home/airflow/.local/lib/python3.12/site-packages/airflow/example_dags/example_sensor_decorator.py
[2026-05-07T21:23:12.800+0000] {processor.py:840} INFO - DAG(s) 'example_sensor_decorator' retrieved from /home/airflow/.local/lib/python3.12/site-packages/airflow/example_dags/example_sensor_decorator.py
[2026-05-07T21:23:12.817+0000] {logging_mixin.py:188} INFO - [2026-05-07T21:23:12.817+0000] {dag.py:3096} INFO - Sync 1 DAGs
[2026-05-07T21:23:12.827+0000] {logging_mixin.py:188} INFO - [2026-05-07T21:23:12.827+0000] {dag.py:3954} INFO - Setting next_dagrun for example_sensor_decorator to None, run_after=None
[2026-05-07T21:23:12.846+0000] {processor.py:183} INFO - Processing /home/airflow/.local/lib/python3.12/site-packages/airflow/example_dags/example_sensor_decorator.py took 0.060 seconds
[2026-05-07T21:23:43.024+0000] {processor.py:161} INFO - Started process (PID=7687) to work on /home/airflow/.local/lib/python3.12/site-packages/airflow/example_dags/example_sensor_decorator.py
[2026-05-07T21:23:43.025+0000] {processor.py:830} INFO - Processing file /home/airflow/.local/lib/python3.12/site-packages/airflow/example_dags/example_sensor_decorator.py for tasks to queue
[2026-05-07T21:23:43.027+0000] {logging_mixin.py:188} INFO - [2026-05-07T21:23:43.027+0000] {dagbag.py:545} INFO - Filling up the DagBag from /home/airflow/.local/lib/python3.12/site-packages/airflow/example_dags/example_sensor_decorator.py
[2026-05-07T21:23:43.033+0000] {processor.py:840} INFO - DAG(s) 'example_sensor_decorator' retrieved from /home/airflow/.local/lib/python3.12/site-packages/airflow/example_dags/example_sensor_decorator.py
[2026-05-07T21:23:43.052+0000] {logging_mixin.py:188} INFO - [2026-05-07T21:23:43.052+0000] {dag.py:3096} INFO - Sync 1 DAGs
[2026-05-07T21:23:43.067+0000] {logging_mixin.py:188} INFO - [2026-05-07T21:23:43.066+0000] {dag.py:3954} INFO - Setting next_dagrun for example_sensor_decorator to None, run_after=None
[2026-05-07T21:23:43.086+0000] {processor.py:183} INFO - Processing /home/airflow/.local/lib/python3.12/site-packages/airflow/example_dags/example_sensor_decorator.py took 0.067 seconds
[2026-05-07T21:24:13.285+0000] {processor.py:161} INFO - Started process (PID=7745) to work on /home/airflow/.local/lib/python3.12/site-packages/airflow/example_dags/example_sensor_decorator.py
[2026-05-07T21:24:13.286+0000] {processor.py:830} INFO - Processing file /home/airflow/.local/lib/python3.12/site-packages/airflow/example_dags/example_sensor_decorator.py for tasks to queue
[2026-05-07T21:24:13.288+0000] {logging_mixin.py:188} INFO - [2026-05-07T21:24:13.288+0000] {dagbag.py:545} INFO - Filling up the DagBag from /home/airflow/.local/lib/python3.12/site-packages/airflow/example_dags/example_sensor_decorator.py
[2026-05-07T21:24:13.294+0000] {processor.py:840} INFO - DAG(s) 'example_sensor_decorator' retrieved from /home/airflow/.local/lib/python3.12/site-packages/airflow/example_dags/example_sensor_decorator.py
[2026-05-07T21:24:13.313+0000] {logging_mixin.py:188} INFO - [2026-05-07T21:24:13.312+0000] {dag.py:3096} INFO - Sync 1 DAGs
[2026-05-07T21:24:13.324+0000] {logging_mixin.py:188} INFO - [2026-05-07T21:24:13.324+0000] {dag.py:3954} INFO - Setting next_dagrun for example_sensor_decorator to None, run_after=None
[2026-05-07T21:24:13.341+0000] {processor.py:183} INFO - Processing /home/airflow/.local/lib/python3.12/site-packages/airflow/example_dags/example_sensor_decorator.py took 0.062 seconds
[2026-05-07T21:24:43.546+0000] {processor.py:161} INFO - Started process (PID=7803) to work on /home/airflow/.local/lib/python3.12/site-packages/airflow/example_dags/example_sensor_decorator.py
[2026-05-07T21:24:43.548+0000] {processor.py:830} INFO - Processing file /home/airflow/.local/lib/python3.12/site-packages/airflow/example_dags/example_sensor_decorator.py for tasks to queue
[2026-05-07T21:24:43.550+0000] {logging_mixin.py:188} INFO - [2026-05-07T21:24:43.550+0000] {dagbag.py:545} INFO - Filling up the DagBag from /home/airflow/.local/lib/python3.12/site-packages/airflow/example_dags/example_sensor_decorator.py
[2026-05-07T21:24:43.559+0000] {processor.py:840} INFO - DAG(s) 'example_sensor_decorator' retrieved from /home/airflow/.local/lib/python3.12/site-packages/airflow/example_dags/example_sensor_decorator.py
[2026-05-07T21:24:43.579+0000] {logging_mixin.py:188} INFO - [2026-05-07T21:24:43.579+0000] {dag.py:3096} INFO - Sync 1 DAGs
[2026-05-07T21:24:43.591+0000] {logging_mixin.py:188} INFO - [2026-05-07T21:24:43.591+0000] {dag.py:3954} INFO - Setting next_dagrun for example_sensor_decorator to None, run_after=None
[2026-05-07T21:24:43.611+0000] {processor.py:183} INFO - Processing /home/airflow/.local/lib/python3.12/site-packages/airflow/example_dags/example_sensor_decorator.py took 0.071 seconds
[2026-05-07T21:25:13.817+0000] {processor.py:161} INFO - Started process (PID=7861) to work on /home/airflow/.local/lib/python3.12/site-packages/airflow/example_dags/example_sensor_decorator.py
[2026-05-07T21:25:13.819+0000] {processor.py:830} INFO - Processing file /home/airflow/.local/lib/python3.12/site-packages/airflow/example_dags/example_sensor_decorator.py for tasks to queue
[2026-05-07T21:25:13.821+0000] {logging_mixin.py:188} INFO - [2026-05-07T21:25:13.821+0000] {dagbag.py:545} INFO - Filling up the DagBag from /home/airflow/.local/lib/python3.12/site-packages/airflow/example_dags/example_sensor_decorator.py
[2026-05-07T21:25:13.827+0000] {processor.py:840} INFO - DAG(s) 'example_sensor_decorator' retrieved from /home/airflow/.local/lib/python3.12/site-packages/airflow/example_dags/example_sensor_decorator.py
[2026-05-07T21:25:13.845+0000] {logging_mixin.py:188} INFO - [2026-05-07T21:25:13.845+0000] {dag.py:3096} INFO - Sync 1 DAGs
[2026-05-07T21:25:13.855+0000] {logging_mixin.py:188} INFO - [2026-05-07T21:25:13.855+0000] {dag.py:3954} INFO - Setting next_dagrun for example_sensor_decorator to None, run_after=None
[2026-05-07T21:25:13.875+0000] {processor.py:183} INFO - Processing /home/airflow/.local/lib/python3.12/site-packages/airflow/example_dags/example_sensor_decorator.py took 0.063 seconds
[2026-05-07T21:25:44.060+0000] {processor.py:161} INFO - Started process (PID=7924) to work on /home/airflow/.local/lib/python3.12/site-packages/airflow/example_dags/example_sensor_decorator.py
[2026-05-07T21:25:44.061+0000] {processor.py:830} INFO - Processing file /home/airflow/.local/lib/python3.12/site-packages/airflow/example_dags/example_sensor_decorator.py for tasks to queue
[2026-05-07T21:25:44.063+0000] {logging_mixin.py:188} INFO - [2026-05-07T21:25:44.063+0000] {dagbag.py:545} INFO - Filling up the DagBag from /home/airflow/.local/lib/python3.12/site-packages/airflow/example_dags/example_sensor_decorator.py
[2026-05-07T21:25:44.071+0000] {processor.py:840} INFO - DAG(s) 'example_sensor_decorator' retrieved from /home/airflow/.local/lib/python3.12/site-packages/airflow/example_dags/example_sensor_decorator.py
[2026-05-07T21:25:44.094+0000] {logging_mixin.py:188} INFO - [2026-05-07T21:25:44.094+0000] {dag.py:3096} INFO - Sync 1 DAGs
[2026-05-07T21:25:44.108+0000] {logging_mixin.py:188} INFO - [2026-05-07T21:25:44.107+0000] {dag.py:3954} INFO - Setting next_dagrun for example_sensor_decorator to None, run_after=None
[2026-05-07T21:25:44.129+0000] {processor.py:183} INFO - Processing /home/airflow/.local/lib/python3.12/site-packages/airflow/example_dags/example_sensor_decorator.py took 0.075 seconds
[2026-05-07T21:26:14.606+0000] {processor.py:161} INFO - Started process (PID=7982) to work on /home/airflow/.local/lib/python3.12/site-packages/airflow/example_dags/example_sensor_decorator.py
[2026-05-07T21:26:14.607+0000] {processor.py:830} INFO - Processing file /home/airflow/.local/lib/python3.12/site-packages/airflow/example_dags/example_sensor_decorator.py for tasks to queue
[2026-05-07T21:26:14.609+0000] {logging_mixin.py:188} INFO - [2026-05-07T21:26:14.609+0000] {dagbag.py:545} INFO - Filling up the DagBag from /home/airflow/.local/lib/python3.12/site-packages/airflow/example_dags/example_sensor_decorator.py
[2026-05-07T21:26:14.615+0000] {processor.py:840} INFO - DAG(s) 'example_sensor_decorator' retrieved from /home/airflow/.local/lib/python3.12/site-packages/airflow/example_dags/example_sensor_decorator.py
[2026-05-07T21:26:14.634+0000] {logging_mixin.py:188} INFO - [2026-05-07T21:26:14.633+0000] {dag.py:3096} INFO - Sync 1 DAGs
[2026-05-07T21:26:14.645+0000] {logging_mixin.py:188} INFO - [2026-05-07T21:26:14.645+0000] {dag.py:3954} INFO - Setting next_dagrun for example_sensor_decorator to None, run_after=None
[2026-05-07T21:26:14.664+0000] {processor.py:183} INFO - Processing /home/airflow/.local/lib/python3.12/site-packages/airflow/example_dags/example_sensor_decorator.py took 0.064 seconds
[2026-05-07T21:26:44.849+0000] {processor.py:161} INFO - Started process (PID=8040) to work on /home/airflow/.local/lib/python3.12/site-packages/airflow/example_dags/example_sensor_decorator.py
[2026-05-07T21:26:44.851+0000] {processor.py:830} INFO - Processing file /home/airflow/.local/lib/python3.12/site-packages/airflow/example_dags/example_sensor_decorator.py for tasks to queue
[2026-05-07T21:26:44.853+0000] {logging_mixin.py:188} INFO - [2026-05-07T21:26:44.853+0000] {dagbag.py:545} INFO - Filling up the DagBag from /home/airflow/.local/lib/python3.12/site-packages/airflow/example_dags/example_sensor_decorator.py
[2026-05-07T21:26:44.859+0000] {processor.py:840} INFO - DAG(s) 'example_sensor_decorator' retrieved from /home/airflow/.local/lib/python3.12/site-packages/airflow/example_dags/example_sensor_decorator.py
[2026-05-07T21:26:44.876+0000] {logging_mixin.py:188} INFO - [2026-05-07T21:26:44.876+0000] {dag.py:3096} INFO - Sync 1 DAGs
[2026-05-07T21:26:44.887+0000] {logging_mixin.py:188} INFO - [2026-05-07T21:26:44.887+0000] {dag.py:3954} INFO - Setting next_dagrun for example_sensor_decorator to None, run_after=None
[2026-05-07T21:26:44.907+0000] {processor.py:183} INFO - Processing /home/airflow/.local/lib/python3.12/site-packages/airflow/example_dags/example_sensor_decorator.py took 0.062 seconds
[2026-05-07T21:27:15.013+0000] {processor.py:161} INFO - Started process (PID=8098) to work on /home/airflow/.local/lib/python3.12/site-packages/airflow/example_dags/example_sensor_decorator.py
[2026-05-07T21:27:15.015+0000] {processor.py:830} INFO - Processing file /home/airflow/.local/lib/python3.12/site-packages/airflow/example_dags/example_sensor_decorator.py for tasks to queue
[2026-05-07T21:27:15.018+0000] {logging_mixin.py:188} INFO - [2026-05-07T21:27:15.017+0000] {dagbag.py:545} INFO - Filling up the DagBag from /home/airflow/.local/lib/python3.12/site-packages/airflow/example_dags/example_sensor_decorator.py
[2026-05-07T21:27:15.024+0000] {processor.py:840} INFO - DAG(s) 'example_sensor_decorator' retrieved from /home/airflow/.local/lib/python3.12/site-packages/airflow/example_dags/example_sensor_decorator.py
[2026-05-07T21:27:15.048+0000] {logging_mixin.py:188} INFO - [2026-05-07T21:27:15.047+0000] {dag.py:3096} INFO - Sync 1 DAGs
[2026-05-07T21:27:15.062+0000] {logging_mixin.py:188} INFO - [2026-05-07T21:27:15.062+0000] {dag.py:3954} INFO - Setting next_dagrun for example_sensor_decorator to None, run_after=None
[2026-05-07T21:27:15.084+0000] {processor.py:183} INFO - Processing /home/airflow/.local/lib/python3.12/site-packages/airflow/example_dags/example_sensor_decorator.py took 0.078 seconds
[2026-05-07T21:27:45.894+0000] {processor.py:161} INFO - Started process (PID=8157) to work on /home/airflow/.local/lib/python3.12/site-packages/airflow/example_dags/example_sensor_decorator.py
[2026-05-07T21:27:45.895+0000] {processor.py:830} INFO - Processing file /home/airflow/.local/lib/python3.12/site-packages/airflow/example_dags/example_sensor_decorator.py for tasks to queue
[2026-05-07T21:27:45.898+0000] {logging_mixin.py:188} INFO - [2026-05-07T21:27:45.897+0000] {dagbag.py:545} INFO - Filling up the DagBag from /home/airflow/.local/lib/python3.12/site-packages/airflow/example_dags/example_sensor_decorator.py
[2026-05-07T21:27:45.905+0000] {processor.py:840} INFO - DAG(s) 'example_sensor_decorator' retrieved from /home/airflow/.local/lib/python3.12/site-packages/airflow/example_dags/example_sensor_decorator.py
[2026-05-07T21:27:45.926+0000] {logging_mixin.py:188} INFO - [2026-05-07T21:27:45.926+0000] {dag.py:3096} INFO - Sync 1 DAGs
[2026-05-07T21:27:45.940+0000] {logging_mixin.py:188} INFO - [2026-05-07T21:27:45.940+0000] {dag.py:3954} INFO - Setting next_dagrun for example_sensor_decorator to None, run_after=None
[2026-05-07T21:27:45.965+0000] {processor.py:183} INFO - Processing /home/airflow/.local/lib/python3.12/site-packages/airflow/example_dags/example_sensor_decorator.py took 0.076 seconds
[2026-05-07T21:28:16.802+0000] {processor.py:161} INFO - Started process (PID=8215) to work on /home/airflow/.local/lib/python3.12/site-packages/airflow/example_dags/example_sensor_decorator.py
[2026-05-07T21:28:16.803+0000] {processor.py:830} INFO - Processing file /home/airflow/.local/lib/python3.12/site-packages/airflow/example_dags/example_sensor_decorator.py for tasks to queue
[2026-05-07T21:28:16.805+0000] {logging_mixin.py:188} INFO - [2026-05-07T21:28:16.805+0000] {dagbag.py:545} INFO - Filling up the DagBag from /home/airflow/.local/lib/python3.12/site-packages/airflow/example_dags/example_sensor_decorator.py
[2026-05-07T21:28:16.811+0000] {processor.py:840} INFO - DAG(s) 'example_sensor_decorator' retrieved from /home/airflow/.local/lib/python3.12/site-packages/airflow/example_dags/example_sensor_decorator.py
[2026-05-07T21:28:16.829+0000] {logging_mixin.py:188} INFO - [2026-05-07T21:28:16.829+0000] {dag.py:3096} INFO - Sync 1 DAGs
[2026-05-07T21:28:16.840+0000] {logging_mixin.py:188} INFO - [2026-05-07T21:28:16.839+0000] {dag.py:3954} INFO - Setting next_dagrun for example_sensor_decorator to None, run_after=None
[2026-05-07T21:28:16.857+0000] {processor.py:183} INFO - Processing /home/airflow/.local/lib/python3.12/site-packages/airflow/example_dags/example_sensor_decorator.py took 0.059 seconds
[2026-05-07T21:28:47.006+0000] {processor.py:161} INFO - Started process (PID=8273) to work on /home/airflow/.local/lib/python3.12/site-packages/airflow/example_dags/example_sensor_decorator.py
[2026-05-07T21:28:47.007+0000] {processor.py:830} INFO - Processing file /home/airflow/.local/lib/python3.12/site-packages/airflow/example_dags/example_sensor_decorator.py for tasks to queue
[2026-05-07T21:28:47.009+0000] {logging_mixin.py:188} INFO - [2026-05-07T21:28:47.009+0000] {dagbag.py:545} INFO - Filling up the DagBag from /home/airflow/.local/lib/python3.12/site-packages/airflow/example_dags/example_sensor_decorator.py
[2026-05-07T21:28:47.016+0000] {processor.py:840} INFO - DAG(s) 'example_sensor_decorator' retrieved from /home/airflow/.local/lib/python3.12/site-packages/airflow/example_dags/example_sensor_decorator.py
[2026-05-07T21:28:47.033+0000] {logging_mixin.py:188} INFO - [2026-05-07T21:28:47.033+0000] {dag.py:3096} INFO - Sync 1 DAGs
[2026-05-07T21:28:47.043+0000] {logging_mixin.py:188} INFO - [2026-05-07T21:28:47.043+0000] {dag.py:3954} INFO - Setting next_dagrun for example_sensor_decorator to None, run_after=None
[2026-05-07T21:28:47.064+0000] {processor.py:183} INFO - Processing /home/airflow/.local/lib/python3.12/site-packages/airflow/example_dags/example_sensor_decorator.py took 0.063 seconds
[2026-05-07T21:29:17.278+0000] {processor.py:161} INFO - Started process (PID=8331) to work on /home/airflow/.local/lib/python3.12/site-packages/airflow/example_dags/example_sensor_decorator.py
[2026-05-07T21:29:17.280+0000] {processor.py:830} INFO - Processing file /home/airflow/.local/lib/python3.12/site-packages/airflow/example_dags/example_sensor_decorator.py for tasks to queue
[2026-05-07T21:29:17.282+0000] {logging_mixin.py:188} INFO - [2026-05-07T21:29:17.282+0000] {dagbag.py:545} INFO - Filling up the DagBag from /home/airflow/.local/lib/python3.12/site-packages/airflow/example_dags/example_sensor_decorator.py
[2026-05-07T21:29:17.289+0000] {processor.py:840} INFO - DAG(s) 'example_sensor_decorator' retrieved from /home/airflow/.local/lib/python3.12/site-packages/airflow/example_dags/example_sensor_decorator.py
[2026-05-07T21:29:17.310+0000] {logging_mixin.py:188} INFO - [2026-05-07T21:29:17.310+0000] {dag.py:3096} INFO - Sync 1 DAGs
[2026-05-07T21:29:17.323+0000] {logging_mixin.py:188} INFO - [2026-05-07T21:29:17.322+0000] {dag.py:3954} INFO - Setting next_dagrun for example_sensor_decorator to None, run_after=None
[2026-05-07T21:29:17.343+0000] {processor.py:183} INFO - Processing /home/airflow/.local/lib/python3.12/site-packages/airflow/example_dags/example_sensor_decorator.py took 0.072 seconds
[2026-05-07T21:29:47.634+0000] {processor.py:161} INFO - Started process (PID=8389) to work on /home/airflow/.local/lib/python3.12/site-packages/airflow/example_dags/example_sensor_decorator.py
[2026-05-07T21:29:47.636+0000] {processor.py:830} INFO - Processing file /home/airflow/.local/lib/python3.12/site-packages/airflow/example_dags/example_sensor_decorator.py for tasks to queue
[2026-05-07T21:29:47.640+0000] {logging_mixin.py:188} INFO - [2026-05-07T21:29:47.639+0000] {dagbag.py:545} INFO - Filling up the DagBag from /home/airflow/.local/lib/python3.12/site-packages/airflow/example_dags/example_sensor_decorator.py
[2026-05-07T21:29:47.651+0000] {processor.py:840} INFO - DAG(s) 'example_sensor_decorator' retrieved from /home/airflow/.local/lib/python3.12/site-packages/airflow/example_dags/example_sensor_decorator.py
[2026-05-07T21:29:47.671+0000] {logging_mixin.py:188} INFO - [2026-05-07T21:29:47.670+0000] {dag.py:3096} INFO - Sync 1 DAGs
[2026-05-07T21:29:47.683+0000] {logging_mixin.py:188} INFO - [2026-05-07T21:29:47.683+0000] {dag.py:3954} INFO - Setting next_dagrun for example_sensor_decorator to None, run_after=None
[2026-05-07T21:29:47.704+0000] {processor.py:183} INFO - Processing /home/airflow/.local/lib/python3.12/site-packages/airflow/example_dags/example_sensor_decorator.py took 0.075 seconds
[2026-05-07T21:30:17.764+0000] {processor.py:161} INFO - Started process (PID=8447) to work on /home/airflow/.local/lib/python3.12/site-packages/airflow/example_dags/example_sensor_decorator.py
[2026-05-07T21:30:17.765+0000] {processor.py:830} INFO - Processing file /home/airflow/.local/lib/python3.12/site-packages/airflow/example_dags/example_sensor_decorator.py for tasks to queue
[2026-05-07T21:30:17.770+0000] {logging_mixin.py:188} INFO - [2026-05-07T21:30:17.770+0000] {dagbag.py:545} INFO - Filling up the DagBag from /home/airflow/.local/lib/python3.12/site-packages/airflow/example_dags/example_sensor_decorator.py
[2026-05-07T21:30:17.781+0000] {processor.py:840} INFO - DAG(s) 'example_sensor_decorator' retrieved from /home/airflow/.local/lib/python3.12/site-packages/airflow/example_dags/example_sensor_decorator.py
[2026-05-07T21:30:17.807+0000] {logging_mixin.py:188} INFO - [2026-05-07T21:30:17.807+0000] {dag.py:3096} INFO - Sync 1 DAGs
[2026-05-07T21:30:17.828+0000] {logging_mixin.py:188} INFO - [2026-05-07T21:30:17.828+0000] {dag.py:3954} INFO - Setting next_dagrun for example_sensor_decorator to None, run_after=None
[2026-05-07T21:30:17.855+0000] {processor.py:183} INFO - Processing /home/airflow/.local/lib/python3.12/site-packages/airflow/example_dags/example_sensor_decorator.py took 0.099 seconds
[2026-05-07T21:30:48.040+0000] {processor.py:161} INFO - Started process (PID=8505) to work on /home/airflow/.local/lib/python3.12/site-packages/airflow/example_dags/example_sensor_decorator.py
[2026-05-07T21:30:48.042+0000] {processor.py:830} INFO - Processing file /home/airflow/.local/lib/python3.12/site-packages/airflow/example_dags/example_sensor_decorator.py for tasks to queue
[2026-05-07T21:30:48.044+0000] {logging_mixin.py:188} INFO - [2026-05-07T21:30:48.043+0000] {dagbag.py:545} INFO - Filling up the DagBag from /home/airflow/.local/lib/python3.12/site-packages/airflow/example_dags/example_sensor_decorator.py
[2026-05-07T21:30:48.050+0000] {processor.py:840} INFO - DAG(s) 'example_sensor_decorator' retrieved from /home/airflow/.local/lib/python3.12/site-packages/airflow/example_dags/example_sensor_decorator.py
[2026-05-07T21:30:48.069+0000] {logging_mixin.py:188} INFO - [2026-05-07T21:30:48.069+0000] {dag.py:3096} INFO - Sync 1 DAGs
[2026-05-07T21:30:48.080+0000] {logging_mixin.py:188} INFO - [2026-05-07T21:30:48.080+0000] {dag.py:3954} INFO - Setting next_dagrun for example_sensor_decorator to None, run_after=None
[2026-05-07T21:30:48.102+0000] {processor.py:183} INFO - Processing /home/airflow/.local/lib/python3.12/site-packages/airflow/example_dags/example_sensor_decorator.py took 0.067 seconds
[2026-05-07T21:31:18.301+0000] {processor.py:161} INFO - Started process (PID=8563) to work on /home/airflow/.local/lib/python3.12/site-packages/airflow/example_dags/example_sensor_decorator.py
[2026-05-07T21:31:18.302+0000] {processor.py:830} INFO - Processing file /home/airflow/.local/lib/python3.12/site-packages/airflow/example_dags/example_sensor_decorator.py for tasks to queue
[2026-05-07T21:31:18.306+0000] {logging_mixin.py:188} INFO - [2026-05-07T21:31:18.305+0000] {dagbag.py:545} INFO - Filling up the DagBag from /home/airflow/.local/lib/python3.12/site-packages/airflow/example_dags/example_sensor_decorator.py
[2026-05-07T21:31:18.311+0000] {processor.py:840} INFO - DAG(s) 'example_sensor_decorator' retrieved from /home/airflow/.local/lib/python3.12/site-packages/airflow/example_dags/example_sensor_decorator.py
[2026-05-07T21:31:18.331+0000] {logging_mixin.py:188} INFO - [2026-05-07T21:31:18.331+0000] {dag.py:3096} INFO - Sync 1 DAGs
[2026-05-07T21:31:18.342+0000] {logging_mixin.py:188} INFO - [2026-05-07T21:31:18.342+0000] {dag.py:3954} INFO - Setting next_dagrun for example_sensor_decorator to None, run_after=None
[2026-05-07T21:31:18.362+0000] {processor.py:183} INFO - Processing /home/airflow/.local/lib/python3.12/site-packages/airflow/example_dags/example_sensor_decorator.py took 0.066 seconds
[2026-05-07T21:31:48.474+0000] {processor.py:161} INFO - Started process (PID=8621) to work on /home/airflow/.local/lib/python3.12/site-packages/airflow/example_dags/example_sensor_decorator.py
[2026-05-07T21:31:48.475+0000] {processor.py:830} INFO - Processing file /home/airflow/.local/lib/python3.12/site-packages/airflow/example_dags/example_sensor_decorator.py for tasks to queue
[2026-05-07T21:31:48.484+0000] {logging_mixin.py:188} INFO - [2026-05-07T21:31:48.484+0000] {dagbag.py:545} INFO - Filling up the DagBag from /home/airflow/.local/lib/python3.12/site-packages/airflow/example_dags/example_sensor_decorator.py
[2026-05-07T21:31:48.490+0000] {processor.py:840} INFO - DAG(s) 'example_sensor_decorator' retrieved from /home/airflow/.local/lib/python3.12/site-packages/airflow/example_dags/example_sensor_decorator.py
[2026-05-07T21:31:48.508+0000] {logging_mixin.py:188} INFO - [2026-05-07T21:31:48.508+0000] {dag.py:3096} INFO - Sync 1 DAGs
[2026-05-07T21:31:48.519+0000] {logging_mixin.py:188} INFO - [2026-05-07T21:31:48.518+0000] {dag.py:3954} INFO - Setting next_dagrun for example_sensor_decorator to None, run_after=None
[2026-05-07T21:31:48.540+0000] {processor.py:183} INFO - Processing /home/airflow/.local/lib/python3.12/site-packages/airflow/example_dags/example_sensor_decorator.py took 0.071 seconds
[2026-05-07T21:32:18.632+0000] {processor.py:161} INFO - Started process (PID=8679) to work on /home/airflow/.local/lib/python3.12/site-packages/airflow/example_dags/example_sensor_decorator.py
[2026-05-07T21:32:18.633+0000] {processor.py:830} INFO - Processing file /home/airflow/.local/lib/python3.12/site-packages/airflow/example_dags/example_sensor_decorator.py for tasks to queue
[2026-05-07T21:32:18.635+0000] {logging_mixin.py:188} INFO - [2026-05-07T21:32:18.635+0000] {dagbag.py:545} INFO - Filling up the DagBag from /home/airflow/.local/lib/python3.12/site-packages/airflow/example_dags/example_sensor_decorator.py
[2026-05-07T21:32:18.641+0000] {processor.py:840} INFO - DAG(s) 'example_sensor_decorator' retrieved from /home/airflow/.local/lib/python3.12/site-packages/airflow/example_dags/example_sensor_decorator.py
[2026-05-07T21:32:18.660+0000] {logging_mixin.py:188} INFO - [2026-05-07T21:32:18.660+0000] {dag.py:3096} INFO - Sync 1 DAGs
[2026-05-07T21:32:18.673+0000] {logging_mixin.py:188} INFO - [2026-05-07T21:32:18.672+0000] {dag.py:3954} INFO - Setting next_dagrun for example_sensor_decorator to None, run_after=None
[2026-05-07T21:32:18.692+0000] {processor.py:183} INFO - Processing /home/airflow/.local/lib/python3.12/site-packages/airflow/example_dags/example_sensor_decorator.py took 0.065 seconds
[2026-05-07T21:32:48.767+0000] {processor.py:161} INFO - Started process (PID=8737) to work on /home/airflow/.local/lib/python3.12/site-packages/airflow/example_dags/example_sensor_decorator.py
[2026-05-07T21:32:48.768+0000] {processor.py:830} INFO - Processing file /home/airflow/.local/lib/python3.12/site-packages/airflow/example_dags/example_sensor_decorator.py for tasks to queue
[2026-05-07T21:32:48.770+0000] {logging_mixin.py:188} INFO - [2026-05-07T21:32:48.770+0000] {dagbag.py:545} INFO - Filling up the DagBag from /home/airflow/.local/lib/python3.12/site-packages/airflow/example_dags/example_sensor_decorator.py
[2026-05-07T21:32:48.775+0000] {processor.py:840} INFO - DAG(s) 'example_sensor_decorator' retrieved from /home/airflow/.local/lib/python3.12/site-packages/airflow/example_dags/example_sensor_decorator.py
[2026-05-07T21:32:48.793+0000] {logging_mixin.py:188} INFO - [2026-05-07T21:32:48.793+0000] {dag.py:3096} INFO - Sync 1 DAGs
[2026-05-07T21:32:48.804+0000] {logging_mixin.py:188} INFO - [2026-05-07T21:32:48.803+0000] {dag.py:3954} INFO - Setting next_dagrun for example_sensor_decorator to None, run_after=None
[2026-05-07T21:32:48.822+0000] {processor.py:183} INFO - Processing /home/airflow/.local/lib/python3.12/site-packages/airflow/example_dags/example_sensor_decorator.py took 0.060 seconds
[2026-05-07T21:33:19.015+0000] {processor.py:161} INFO - Started process (PID=8795) to work on /home/airflow/.local/lib/python3.12/site-packages/airflow/example_dags/example_sensor_decorator.py
[2026-05-07T21:33:19.016+0000] {processor.py:830} INFO - Processing file /home/airflow/.local/lib/python3.12/site-packages/airflow/example_dags/example_sensor_decorator.py for tasks to queue
[2026-05-07T21:33:19.018+0000] {logging_mixin.py:188} INFO - [2026-05-07T21:33:19.017+0000] {dagbag.py:545} INFO - Filling up the DagBag from /home/airflow/.local/lib/python3.12/site-packages/airflow/example_dags/example_sensor_decorator.py
[2026-05-07T21:33:19.024+0000] {processor.py:840} INFO - DAG(s) 'example_sensor_decorator' retrieved from /home/airflow/.local/lib/python3.12/site-packages/airflow/example_dags/example_sensor_decorator.py
[2026-05-07T21:33:19.043+0000] {logging_mixin.py:188} INFO - [2026-05-07T21:33:19.043+0000] {dag.py:3096} INFO - Sync 1 DAGs
[2026-05-07T21:33:19.054+0000] {logging_mixin.py:188} INFO - [2026-05-07T21:33:19.054+0000] {dag.py:3954} INFO - Setting next_dagrun for example_sensor_decorator to None, run_after=None
[2026-05-07T21:33:19.073+0000] {processor.py:183} INFO - Processing /home/airflow/.local/lib/python3.12/site-packages/airflow/example_dags/example_sensor_decorator.py took 0.064 seconds
[2026-05-07T21:33:49.686+0000] {processor.py:161} INFO - Started process (PID=8853) to work on /home/airflow/.local/lib/python3.12/site-packages/airflow/example_dags/example_sensor_decorator.py
[2026-05-07T21:33:49.688+0000] {processor.py:830} INFO - Processing file /home/airflow/.local/lib/python3.12/site-packages/airflow/example_dags/example_sensor_decorator.py for tasks to queue
[2026-05-07T21:33:49.690+0000] {logging_mixin.py:188} INFO - [2026-05-07T21:33:49.690+0000] {dagbag.py:545} INFO - Filling up the DagBag from /home/airflow/.local/lib/python3.12/site-packages/airflow/example_dags/example_sensor_decorator.py
[2026-05-07T21:33:49.696+0000] {processor.py:840} INFO - DAG(s) 'example_sensor_decorator' retrieved from /home/airflow/.local/lib/python3.12/site-packages/airflow/example_dags/example_sensor_decorator.py
[2026-05-07T21:33:49.714+0000] {logging_mixin.py:188} INFO - [2026-05-07T21:33:49.714+0000] {dag.py:3096} INFO - Sync 1 DAGs
[2026-05-07T21:33:49.724+0000] {logging_mixin.py:188} INFO - [2026-05-07T21:33:49.724+0000] {dag.py:3954} INFO - Setting next_dagrun for example_sensor_decorator to None, run_after=None
[2026-05-07T21:33:49.744+0000] {processor.py:183} INFO - Processing /home/airflow/.local/lib/python3.12/site-packages/airflow/example_dags/example_sensor_decorator.py took 0.063 seconds
[2026-05-07T21:34:19.961+0000] {processor.py:161} INFO - Started process (PID=8911) to work on /home/airflow/.local/lib/python3.12/site-packages/airflow/example_dags/example_sensor_decorator.py
[2026-05-07T21:34:19.962+0000] {processor.py:830} INFO - Processing file /home/airflow/.local/lib/python3.12/site-packages/airflow/example_dags/example_sensor_decorator.py for tasks to queue
[2026-05-07T21:34:19.964+0000] {logging_mixin.py:188} INFO - [2026-05-07T21:34:19.964+0000] {dagbag.py:545} INFO - Filling up the DagBag from /home/airflow/.local/lib/python3.12/site-packages/airflow/example_dags/example_sensor_decorator.py
[2026-05-07T21:34:19.970+0000] {processor.py:840} INFO - DAG(s) 'example_sensor_decorator' retrieved from /home/airflow/.local/lib/python3.12/site-packages/airflow/example_dags/example_sensor_decorator.py
[2026-05-07T21:34:19.989+0000] {logging_mixin.py:188} INFO - [2026-05-07T21:34:19.988+0000] {dag.py:3096} INFO - Sync 1 DAGs
[2026-05-07T21:34:20.001+0000] {logging_mixin.py:188} INFO - [2026-05-07T21:34:20.000+0000] {dag.py:3954} INFO - Setting next_dagrun for example_sensor_decorator to None, run_after=None
[2026-05-07T21:34:20.020+0000] {processor.py:183} INFO - Processing /home/airflow/.local/lib/python3.12/site-packages/airflow/example_dags/example_sensor_decorator.py took 0.064 seconds
[2026-05-07T21:34:50.226+0000] {processor.py:161} INFO - Started process (PID=8969) to work on /home/airflow/.local/lib/python3.12/site-packages/airflow/example_dags/example_sensor_decorator.py
[2026-05-07T21:34:50.228+0000] {processor.py:830} INFO - Processing file /home/airflow/.local/lib/python3.12/site-packages/airflow/example_dags/example_sensor_decorator.py for tasks to queue
[2026-05-07T21:34:50.230+0000] {logging_mixin.py:188} INFO - [2026-05-07T21:34:50.229+0000] {dagbag.py:545} INFO - Filling up the DagBag from /home/airflow/.local/lib/python3.12/site-packages/airflow/example_dags/example_sensor_decorator.py
[2026-05-07T21:34:50.235+0000] {processor.py:840} INFO - DAG(s) 'example_sensor_decorator' retrieved from /home/airflow/.local/lib/python3.12/site-packages/airflow/example_dags/example_sensor_decorator.py
[2026-05-07T21:34:50.253+0000] {logging_mixin.py:188} INFO - [2026-05-07T21:34:50.253+0000] {dag.py:3096} INFO - Sync 1 DAGs
[2026-05-07T21:34:50.264+0000] {logging_mixin.py:188} INFO - [2026-05-07T21:34:50.264+0000] {dag.py:3954} INFO - Setting next_dagrun for example_sensor_decorator to None, run_after=None
[2026-05-07T21:34:50.282+0000] {processor.py:183} INFO - Processing /home/airflow/.local/lib/python3.12/site-packages/airflow/example_dags/example_sensor_decorator.py took 0.061 seconds
[2026-05-07T21:35:20.530+0000] {processor.py:161} INFO - Started process (PID=9027) to work on /home/airflow/.local/lib/python3.12/site-packages/airflow/example_dags/example_sensor_decorator.py
[2026-05-07T21:35:20.531+0000] {processor.py:830} INFO - Processing file /home/airflow/.local/lib/python3.12/site-packages/airflow/example_dags/example_sensor_decorator.py for tasks to queue
[2026-05-07T21:35:20.533+0000] {logging_mixin.py:188} INFO - [2026-05-07T21:35:20.533+0000] {dagbag.py:545} INFO - Filling up the DagBag from /home/airflow/.local/lib/python3.12/site-packages/airflow/example_dags/example_sensor_decorator.py
[2026-05-07T21:35:20.539+0000] {processor.py:840} INFO - DAG(s) 'example_sensor_decorator' retrieved from /home/airflow/.local/lib/python3.12/site-packages/airflow/example_dags/example_sensor_decorator.py
[2026-05-07T21:35:20.557+0000] {logging_mixin.py:188} INFO - [2026-05-07T21:35:20.557+0000] {dag.py:3096} INFO - Sync 1 DAGs
[2026-05-07T21:35:20.570+0000] {logging_mixin.py:188} INFO - [2026-05-07T21:35:20.570+0000] {dag.py:3954} INFO - Setting next_dagrun for example_sensor_decorator to None, run_after=None
[2026-05-07T21:35:20.592+0000] {processor.py:183} INFO - Processing /home/airflow/.local/lib/python3.12/site-packages/airflow/example_dags/example_sensor_decorator.py took 0.068 seconds
[2026-05-07T21:35:51.168+0000] {processor.py:161} INFO - Started process (PID=9085) to work on /home/airflow/.local/lib/python3.12/site-packages/airflow/example_dags/example_sensor_decorator.py
[2026-05-07T21:35:51.169+0000] {processor.py:830} INFO - Processing file /home/airflow/.local/lib/python3.12/site-packages/airflow/example_dags/example_sensor_decorator.py for tasks to queue
[2026-05-07T21:35:51.171+0000] {logging_mixin.py:188} INFO - [2026-05-07T21:35:51.171+0000] {dagbag.py:545} INFO - Filling up the DagBag from /home/airflow/.local/lib/python3.12/site-packages/airflow/example_dags/example_sensor_decorator.py
[2026-05-07T21:35:51.177+0000] {processor.py:840} INFO - DAG(s) 'example_sensor_decorator' retrieved from /home/airflow/.local/lib/python3.12/site-packages/airflow/example_dags/example_sensor_decorator.py
[2026-05-07T21:35:51.196+0000] {logging_mixin.py:188} INFO - [2026-05-07T21:35:51.196+0000] {dag.py:3096} INFO - Sync 1 DAGs
[2026-05-07T21:35:51.207+0000] {logging_mixin.py:188} INFO - [2026-05-07T21:35:51.207+0000] {dag.py:3954} INFO - Setting next_dagrun for example_sensor_decorator to None, run_after=None
[2026-05-07T21:35:51.227+0000] {processor.py:183} INFO - Processing /home/airflow/.local/lib/python3.12/site-packages/airflow/example_dags/example_sensor_decorator.py took 0.065 seconds
[2026-05-07T21:36:21.948+0000] {processor.py:161} INFO - Started process (PID=9143) to work on /home/airflow/.local/lib/python3.12/site-packages/airflow/example_dags/example_sensor_decorator.py
[2026-05-07T21:36:21.949+0000] {processor.py:830} INFO - Processing file /home/airflow/.local/lib/python3.12/site-packages/airflow/example_dags/example_sensor_decorator.py for tasks to queue
[2026-05-07T21:36:21.952+0000] {logging_mixin.py:188} INFO - [2026-05-07T21:36:21.951+0000] {dagbag.py:545} INFO - Filling up the DagBag from /home/airflow/.local/lib/python3.12/site-packages/airflow/example_dags/example_sensor_decorator.py
[2026-05-07T21:36:21.961+0000] {processor.py:840} INFO - DAG(s) 'example_sensor_decorator' retrieved from /home/airflow/.local/lib/python3.12/site-packages/airflow/example_dags/example_sensor_decorator.py
[2026-05-07T21:36:21.986+0000] {logging_mixin.py:188} INFO - [2026-05-07T21:36:21.986+0000] {dag.py:3096} INFO - Sync 1 DAGs
[2026-05-07T21:36:22.001+0000] {logging_mixin.py:188} INFO - [2026-05-07T21:36:22.001+0000] {dag.py:3954} INFO - Setting next_dagrun for example_sensor_decorator to None, run_after=None
[2026-05-07T21:36:22.054+0000] {processor.py:183} INFO - Processing /home/airflow/.local/lib/python3.12/site-packages/airflow/example_dags/example_sensor_decorator.py took 0.111 seconds
[2026-05-07T21:36:52.743+0000] {processor.py:161} INFO - Started process (PID=9201) to work on /home/airflow/.local/lib/python3.12/site-packages/airflow/example_dags/example_sensor_decorator.py
[2026-05-07T21:36:52.744+0000] {processor.py:830} INFO - Processing file /home/airflow/.local/lib/python3.12/site-packages/airflow/example_dags/example_sensor_decorator.py for tasks to queue
[2026-05-07T21:36:52.746+0000] {logging_mixin.py:188} INFO - [2026-05-07T21:36:52.745+0000] {dagbag.py:545} INFO - Filling up the DagBag from /home/airflow/.local/lib/python3.12/site-packages/airflow/example_dags/example_sensor_decorator.py
[2026-05-07T21:36:52.751+0000] {processor.py:840} INFO - DAG(s) 'example_sensor_decorator' retrieved from /home/airflow/.local/lib/python3.12/site-packages/airflow/example_dags/example_sensor_decorator.py
[2026-05-07T21:36:52.771+0000] {logging_mixin.py:188} INFO - [2026-05-07T21:36:52.770+0000] {dag.py:3096} INFO - Sync 1 DAGs
[2026-05-07T21:36:52.784+0000] {logging_mixin.py:188} INFO - [2026-05-07T21:36:52.783+0000] {dag.py:3954} INFO - Setting next_dagrun for example_sensor_decorator to None, run_after=None
[2026-05-07T21:36:52.803+0000] {processor.py:183} INFO - Processing /home/airflow/.local/lib/python3.12/site-packages/airflow/example_dags/example_sensor_decorator.py took 0.066 seconds
[2026-05-07T21:37:23.632+0000] {processor.py:161} INFO - Started process (PID=9259) to work on /home/airflow/.local/lib/python3.12/site-packages/airflow/example_dags/example_sensor_decorator.py
[2026-05-07T21:37:23.634+0000] {processor.py:830} INFO - Processing file /home/airflow/.local/lib/python3.12/site-packages/airflow/example_dags/example_sensor_decorator.py for tasks to queue
[2026-05-07T21:37:23.636+0000] {logging_mixin.py:188} INFO - [2026-05-07T21:37:23.636+0000] {dagbag.py:545} INFO - Filling up the DagBag from /home/airflow/.local/lib/python3.12/site-packages/airflow/example_dags/example_sensor_decorator.py
[2026-05-07T21:37:23.642+0000] {processor.py:840} INFO - DAG(s) 'example_sensor_decorator' retrieved from /home/airflow/.local/lib/python3.12/site-packages/airflow/example_dags/example_sensor_decorator.py
[2026-05-07T21:37:23.660+0000] {logging_mixin.py:188} INFO - [2026-05-07T21:37:23.660+0000] {dag.py:3096} INFO - Sync 1 DAGs
[2026-05-07T21:37:23.676+0000] {logging_mixin.py:188} INFO - [2026-05-07T21:37:23.675+0000] {dag.py:3954} INFO - Setting next_dagrun for example_sensor_decorator to None, run_after=None
[2026-05-07T21:37:23.696+0000] {processor.py:183} INFO - Processing /home/airflow/.local/lib/python3.12/site-packages/airflow/example_dags/example_sensor_decorator.py took 0.070 seconds
[2026-05-07T21:37:54.389+0000] {processor.py:161} INFO - Started process (PID=9317) to work on /home/airflow/.local/lib/python3.12/site-packages/airflow/example_dags/example_sensor_decorator.py
[2026-05-07T21:37:54.391+0000] {processor.py:830} INFO - Processing file /home/airflow/.local/lib/python3.12/site-packages/airflow/example_dags/example_sensor_decorator.py for tasks to queue
[2026-05-07T21:37:54.393+0000] {logging_mixin.py:188} INFO - [2026-05-07T21:37:54.393+0000] {dagbag.py:545} INFO - Filling up the DagBag from /home/airflow/.local/lib/python3.12/site-packages/airflow/example_dags/example_sensor_decorator.py
[2026-05-07T21:37:54.398+0000] {processor.py:840} INFO - DAG(s) 'example_sensor_decorator' retrieved from /home/airflow/.local/lib/python3.12/site-packages/airflow/example_dags/example_sensor_decorator.py
[2026-05-07T21:37:54.417+0000] {logging_mixin.py:188} INFO - [2026-05-07T21:37:54.417+0000] {dag.py:3096} INFO - Sync 1 DAGs
[2026-05-07T21:37:54.429+0000] {logging_mixin.py:188} INFO - [2026-05-07T21:37:54.429+0000] {dag.py:3954} INFO - Setting next_dagrun for example_sensor_decorator to None, run_after=None
[2026-05-07T21:37:54.449+0000] {processor.py:183} INFO - Processing /home/airflow/.local/lib/python3.12/site-packages/airflow/example_dags/example_sensor_decorator.py took 0.065 seconds
[2026-05-07T21:38:25.173+0000] {processor.py:161} INFO - Started process (PID=9375) to work on /home/airflow/.local/lib/python3.12/site-packages/airflow/example_dags/example_sensor_decorator.py
[2026-05-07T21:38:25.174+0000] {processor.py:830} INFO - Processing file /home/airflow/.local/lib/python3.12/site-packages/airflow/example_dags/example_sensor_decorator.py for tasks to queue
[2026-05-07T21:38:25.177+0000] {logging_mixin.py:188} INFO - [2026-05-07T21:38:25.177+0000] {dagbag.py:545} INFO - Filling up the DagBag from /home/airflow/.local/lib/python3.12/site-packages/airflow/example_dags/example_sensor_decorator.py
[2026-05-07T21:38:25.183+0000] {processor.py:840} INFO - DAG(s) 'example_sensor_decorator' retrieved from /home/airflow/.local/lib/python3.12/site-packages/airflow/example_dags/example_sensor_decorator.py
[2026-05-07T21:38:25.202+0000] {logging_mixin.py:188} INFO - [2026-05-07T21:38:25.201+0000] {dag.py:3096} INFO - Sync 1 DAGs
[2026-05-07T21:38:25.213+0000] {logging_mixin.py:188} INFO - [2026-05-07T21:38:25.213+0000] {dag.py:3954} INFO - Setting next_dagrun for example_sensor_decorator to None, run_after=None
[2026-05-07T21:38:25.232+0000] {processor.py:183} INFO - Processing /home/airflow/.local/lib/python3.12/site-packages/airflow/example_dags/example_sensor_decorator.py took 0.065 seconds
[2026-05-07T21:38:56.119+0000] {processor.py:161} INFO - Started process (PID=9433) to work on /home/airflow/.local/lib/python3.12/site-packages/airflow/example_dags/example_sensor_decorator.py
[2026-05-07T21:38:56.120+0000] {processor.py:830} INFO - Processing file /home/airflow/.local/lib/python3.12/site-packages/airflow/example_dags/example_sensor_decorator.py for tasks to queue
[2026-05-07T21:38:56.122+0000] {logging_mixin.py:188} INFO - [2026-05-07T21:38:56.122+0000] {dagbag.py:545} INFO - Filling up the DagBag from /home/airflow/.local/lib/python3.12/site-packages/airflow/example_dags/example_sensor_decorator.py
[2026-05-07T21:38:56.128+0000] {processor.py:840} INFO - DAG(s) 'example_sensor_decorator' retrieved from /home/airflow/.local/lib/python3.12/site-packages/airflow/example_dags/example_sensor_decorator.py
[2026-05-07T21:38:56.146+0000] {logging_mixin.py:188} INFO - [2026-05-07T21:38:56.146+0000] {dag.py:3096} INFO - Sync 1 DAGs
[2026-05-07T21:38:56.158+0000] {logging_mixin.py:188} INFO - [2026-05-07T21:38:56.157+0000] {dag.py:3954} INFO - Setting next_dagrun for example_sensor_decorator to None, run_after=None
[2026-05-07T21:38:56.175+0000] {processor.py:183} INFO - Processing /home/airflow/.local/lib/python3.12/site-packages/airflow/example_dags/example_sensor_decorator.py took 0.065 seconds
[2026-05-07T21:39:26.354+0000] {processor.py:161} INFO - Started process (PID=9491) to work on /home/airflow/.local/lib/python3.12/site-packages/airflow/example_dags/example_sensor_decorator.py
[2026-05-07T21:39:26.356+0000] {processor.py:830} INFO - Processing file /home/airflow/.local/lib/python3.12/site-packages/airflow/example_dags/example_sensor_decorator.py for tasks to queue
[2026-05-07T21:39:26.359+0000] {logging_mixin.py:188} INFO - [2026-05-07T21:39:26.358+0000] {dagbag.py:545} INFO - Filling up the DagBag from /home/airflow/.local/lib/python3.12/site-packages/airflow/example_dags/example_sensor_decorator.py
[2026-05-07T21:39:26.366+0000] {processor.py:840} INFO - DAG(s) 'example_sensor_decorator' retrieved from /home/airflow/.local/lib/python3.12/site-packages/airflow/example_dags/example_sensor_decorator.py
[2026-05-07T21:39:26.387+0000] {logging_mixin.py:188} INFO - [2026-05-07T21:39:26.386+0000] {dag.py:3096} INFO - Sync 1 DAGs
[2026-05-07T21:39:26.401+0000] {logging_mixin.py:188} INFO - [2026-05-07T21:39:26.400+0000] {dag.py:3954} INFO - Setting next_dagrun for example_sensor_decorator to None, run_after=None
[2026-05-07T21:39:26.422+0000] {processor.py:183} INFO - Processing /home/airflow/.local/lib/python3.12/site-packages/airflow/example_dags/example_sensor_decorator.py took 0.078 seconds
[2026-05-07T21:39:56.675+0000] {processor.py:161} INFO - Started process (PID=9549) to work on /home/airflow/.local/lib/python3.12/site-packages/airflow/example_dags/example_sensor_decorator.py
[2026-05-07T21:39:56.677+0000] {processor.py:830} INFO - Processing file /home/airflow/.local/lib/python3.12/site-packages/airflow/example_dags/example_sensor_decorator.py for tasks to queue
[2026-05-07T21:39:56.679+0000] {logging_mixin.py:188} INFO - [2026-05-07T21:39:56.678+0000] {dagbag.py:545} INFO - Filling up the DagBag from /home/airflow/.local/lib/python3.12/site-packages/airflow/example_dags/example_sensor_decorator.py
[2026-05-07T21:39:56.684+0000] {processor.py:840} INFO - DAG(s) 'example_sensor_decorator' retrieved from /home/airflow/.local/lib/python3.12/site-packages/airflow/example_dags/example_sensor_decorator.py
[2026-05-07T21:39:56.704+0000] {logging_mixin.py:188} INFO - [2026-05-07T21:39:56.703+0000] {dag.py:3096} INFO - Sync 1 DAGs
[2026-05-07T21:39:56.714+0000] {logging_mixin.py:188} INFO - [2026-05-07T21:39:56.714+0000] {dag.py:3954} INFO - Setting next_dagrun for example_sensor_decorator to None, run_after=None
[2026-05-07T21:39:56.734+0000] {processor.py:183} INFO - Processing /home/airflow/.local/lib/python3.12/site-packages/airflow/example_dags/example_sensor_decorator.py took 0.065 seconds
[2026-05-07T21:40:27.066+0000] {processor.py:161} INFO - Started process (PID=9607) to work on /home/airflow/.local/lib/python3.12/site-packages/airflow/example_dags/example_sensor_decorator.py
[2026-05-07T21:40:27.067+0000] {processor.py:830} INFO - Processing file /home/airflow/.local/lib/python3.12/site-packages/airflow/example_dags/example_sensor_decorator.py for tasks to queue
[2026-05-07T21:40:27.070+0000] {logging_mixin.py:188} INFO - [2026-05-07T21:40:27.069+0000] {dagbag.py:545} INFO - Filling up the DagBag from /home/airflow/.local/lib/python3.12/site-packages/airflow/example_dags/example_sensor_decorator.py
[2026-05-07T21:40:27.075+0000] {processor.py:840} INFO - DAG(s) 'example_sensor_decorator' retrieved from /home/airflow/.local/lib/python3.12/site-packages/airflow/example_dags/example_sensor_decorator.py
[2026-05-07T21:40:27.096+0000] {logging_mixin.py:188} INFO - [2026-05-07T21:40:27.096+0000] {dag.py:3096} INFO - Sync 1 DAGs
[2026-05-07T21:40:27.110+0000] {logging_mixin.py:188} INFO - [2026-05-07T21:40:27.109+0000] {dag.py:3954} INFO - Setting next_dagrun for example_sensor_decorator to None, run_after=None
[2026-05-07T21:40:27.133+0000] {processor.py:183} INFO - Processing /home/airflow/.local/lib/python3.12/site-packages/airflow/example_dags/example_sensor_decorator.py took 0.072 seconds
[2026-05-07T21:40:57.279+0000] {processor.py:161} INFO - Started process (PID=9665) to work on /home/airflow/.local/lib/python3.12/site-packages/airflow/example_dags/example_sensor_decorator.py
[2026-05-07T21:40:57.280+0000] {processor.py:830} INFO - Processing file /home/airflow/.local/lib/python3.12/site-packages/airflow/example_dags/example_sensor_decorator.py for tasks to queue
[2026-05-07T21:40:57.282+0000] {logging_mixin.py:188} INFO - [2026-05-07T21:40:57.282+0000] {dagbag.py:545} INFO - Filling up the DagBag from /home/airflow/.local/lib/python3.12/site-packages/airflow/example_dags/example_sensor_decorator.py
[2026-05-07T21:40:57.288+0000] {processor.py:840} INFO - DAG(s) 'example_sensor_decorator' retrieved from /home/airflow/.local/lib/python3.12/site-packages/airflow/example_dags/example_sensor_decorator.py
[2026-05-07T21:40:57.308+0000] {logging_mixin.py:188} INFO - [2026-05-07T21:40:57.308+0000] {dag.py:3096} INFO - Sync 1 DAGs
[2026-05-07T21:40:57.319+0000] {logging_mixin.py:188} INFO - [2026-05-07T21:40:57.319+0000] {dag.py:3954} INFO - Setting next_dagrun for example_sensor_decorator to None, run_after=None
[2026-05-07T21:40:57.339+0000] {processor.py:183} INFO - Processing /home/airflow/.local/lib/python3.12/site-packages/airflow/example_dags/example_sensor_decorator.py took 0.066 seconds
[2026-05-07T21:41:27.826+0000] {processor.py:161} INFO - Started process (PID=9723) to work on /home/airflow/.local/lib/python3.12/site-packages/airflow/example_dags/example_sensor_decorator.py
[2026-05-07T21:41:27.828+0000] {processor.py:830} INFO - Processing file /home/airflow/.local/lib/python3.12/site-packages/airflow/example_dags/example_sensor_decorator.py for tasks to queue
[2026-05-07T21:41:27.831+0000] {logging_mixin.py:188} INFO - [2026-05-07T21:41:27.831+0000] {dagbag.py:545} INFO - Filling up the DagBag from /home/airflow/.local/lib/python3.12/site-packages/airflow/example_dags/example_sensor_decorator.py
[2026-05-07T21:41:27.837+0000] {processor.py:840} INFO - DAG(s) 'example_sensor_decorator' retrieved from /home/airflow/.local/lib/python3.12/site-packages/airflow/example_dags/example_sensor_decorator.py
[2026-05-07T21:41:27.855+0000] {logging_mixin.py:188} INFO - [2026-05-07T21:41:27.855+0000] {dag.py:3096} INFO - Sync 1 DAGs
[2026-05-07T21:41:27.865+0000] {logging_mixin.py:188} INFO - [2026-05-07T21:41:27.865+0000] {dag.py:3954} INFO - Setting next_dagrun for example_sensor_decorator to None, run_after=None
[2026-05-07T21:41:27.884+0000] {processor.py:183} INFO - Processing /home/airflow/.local/lib/python3.12/site-packages/airflow/example_dags/example_sensor_decorator.py took 0.063 seconds
[2026-05-07T21:41:58.045+0000] {processor.py:161} INFO - Started process (PID=9781) to work on /home/airflow/.local/lib/python3.12/site-packages/airflow/example_dags/example_sensor_decorator.py
[2026-05-07T21:41:58.047+0000] {processor.py:830} INFO - Processing file /home/airflow/.local/lib/python3.12/site-packages/airflow/example_dags/example_sensor_decorator.py for tasks to queue
[2026-05-07T21:41:58.050+0000] {logging_mixin.py:188} INFO - [2026-05-07T21:41:58.049+0000] {dagbag.py:545} INFO - Filling up the DagBag from /home/airflow/.local/lib/python3.12/site-packages/airflow/example_dags/example_sensor_decorator.py
[2026-05-07T21:41:58.055+0000] {processor.py:840} INFO - DAG(s) 'example_sensor_decorator' retrieved from /home/airflow/.local/lib/python3.12/site-packages/airflow/example_dags/example_sensor_decorator.py
[2026-05-07T21:41:58.073+0000] {logging_mixin.py:188} INFO - [2026-05-07T21:41:58.073+0000] {dag.py:3096} INFO - Sync 1 DAGs
[2026-05-07T21:41:58.085+0000] {logging_mixin.py:188} INFO - [2026-05-07T21:41:58.085+0000] {dag.py:3954} INFO - Setting next_dagrun for example_sensor_decorator to None, run_after=None
[2026-05-07T21:41:58.105+0000] {processor.py:183} INFO - Processing /home/airflow/.local/lib/python3.12/site-packages/airflow/example_dags/example_sensor_decorator.py took 0.065 seconds
[2026-05-07T21:42:28.591+0000] {processor.py:161} INFO - Started process (PID=9839) to work on /home/airflow/.local/lib/python3.12/site-packages/airflow/example_dags/example_sensor_decorator.py
[2026-05-07T21:42:28.592+0000] {processor.py:830} INFO - Processing file /home/airflow/.local/lib/python3.12/site-packages/airflow/example_dags/example_sensor_decorator.py for tasks to queue
[2026-05-07T21:42:28.594+0000] {logging_mixin.py:188} INFO - [2026-05-07T21:42:28.594+0000] {dagbag.py:545} INFO - Filling up the DagBag from /home/airflow/.local/lib/python3.12/site-packages/airflow/example_dags/example_sensor_decorator.py
[2026-05-07T21:42:28.602+0000] {processor.py:840} INFO - DAG(s) 'example_sensor_decorator' retrieved from /home/airflow/.local/lib/python3.12/site-packages/airflow/example_dags/example_sensor_decorator.py
[2026-05-07T21:42:28.623+0000] {logging_mixin.py:188} INFO - [2026-05-07T21:42:28.623+0000] {dag.py:3096} INFO - Sync 1 DAGs
[2026-05-07T21:42:28.637+0000] {logging_mixin.py:188} INFO - [2026-05-07T21:42:28.636+0000] {dag.py:3954} INFO - Setting next_dagrun for example_sensor_decorator to None, run_after=None
[2026-05-07T21:42:28.661+0000] {processor.py:183} INFO - Processing /home/airflow/.local/lib/python3.12/site-packages/airflow/example_dags/example_sensor_decorator.py took 0.076 seconds
[2026-05-07T21:42:59.088+0000] {processor.py:161} INFO - Started process (PID=9897) to work on /home/airflow/.local/lib/python3.12/site-packages/airflow/example_dags/example_sensor_decorator.py
[2026-05-07T21:42:59.090+0000] {processor.py:830} INFO - Processing file /home/airflow/.local/lib/python3.12/site-packages/airflow/example_dags/example_sensor_decorator.py for tasks to queue
[2026-05-07T21:42:59.092+0000] {logging_mixin.py:188} INFO - [2026-05-07T21:42:59.092+0000] {dagbag.py:545} INFO - Filling up the DagBag from /home/airflow/.local/lib/python3.12/site-packages/airflow/example_dags/example_sensor_decorator.py
[2026-05-07T21:42:59.097+0000] {processor.py:840} INFO - DAG(s) 'example_sensor_decorator' retrieved from /home/airflow/.local/lib/python3.12/site-packages/airflow/example_dags/example_sensor_decorator.py
[2026-05-07T21:42:59.118+0000] {logging_mixin.py:188} INFO - [2026-05-07T21:42:59.117+0000] {dag.py:3096} INFO - Sync 1 DAGs
[2026-05-07T21:42:59.128+0000] {logging_mixin.py:188} INFO - [2026-05-07T21:42:59.128+0000] {dag.py:3954} INFO - Setting next_dagrun for example_sensor_decorator to None, run_after=None
[2026-05-07T21:42:59.149+0000] {processor.py:183} INFO - Processing /home/airflow/.local/lib/python3.12/site-packages/airflow/example_dags/example_sensor_decorator.py took 0.066 seconds
[2026-05-07T21:43:29.796+0000] {processor.py:161} INFO - Started process (PID=9955) to work on /home/airflow/.local/lib/python3.12/site-packages/airflow/example_dags/example_sensor_decorator.py
[2026-05-07T21:43:29.797+0000] {processor.py:830} INFO - Processing file /home/airflow/.local/lib/python3.12/site-packages/airflow/example_dags/example_sensor_decorator.py for tasks to queue
[2026-05-07T21:43:29.799+0000] {logging_mixin.py:188} INFO - [2026-05-07T21:43:29.799+0000] {dagbag.py:545} INFO - Filling up the DagBag from /home/airflow/.local/lib/python3.12/site-packages/airflow/example_dags/example_sensor_decorator.py
[2026-05-07T21:43:29.805+0000] {processor.py:840} INFO - DAG(s) 'example_sensor_decorator' retrieved from /home/airflow/.local/lib/python3.12/site-packages/airflow/example_dags/example_sensor_decorator.py
[2026-05-07T21:43:29.822+0000] {logging_mixin.py:188} INFO - [2026-05-07T21:43:29.821+0000] {dag.py:3096} INFO - Sync 1 DAGs
[2026-05-07T21:43:29.831+0000] {logging_mixin.py:188} INFO - [2026-05-07T21:43:29.831+0000] {dag.py:3954} INFO - Setting next_dagrun for example_sensor_decorator to None, run_after=None
[2026-05-07T21:43:29.852+0000] {processor.py:183} INFO - Processing /home/airflow/.local/lib/python3.12/site-packages/airflow/example_dags/example_sensor_decorator.py took 0.061 seconds
[2026-05-07T21:44:00.534+0000] {processor.py:161} INFO - Started process (PID=10013) to work on /home/airflow/.local/lib/python3.12/site-packages/airflow/example_dags/example_sensor_decorator.py
[2026-05-07T21:44:00.535+0000] {processor.py:830} INFO - Processing file /home/airflow/.local/lib/python3.12/site-packages/airflow/example_dags/example_sensor_decorator.py for tasks to queue
[2026-05-07T21:44:00.537+0000] {logging_mixin.py:188} INFO - [2026-05-07T21:44:00.537+0000] {dagbag.py:545} INFO - Filling up the DagBag from /home/airflow/.local/lib/python3.12/site-packages/airflow/example_dags/example_sensor_decorator.py
[2026-05-07T21:44:00.543+0000] {processor.py:840} INFO - DAG(s) 'example_sensor_decorator' retrieved from /home/airflow/.local/lib/python3.12/site-packages/airflow/example_dags/example_sensor_decorator.py
[2026-05-07T21:44:00.562+0000] {logging_mixin.py:188} INFO - [2026-05-07T21:44:00.562+0000] {dag.py:3096} INFO - Sync 1 DAGs
[2026-05-07T21:44:00.573+0000] {logging_mixin.py:188} INFO - [2026-05-07T21:44:00.573+0000] {dag.py:3954} INFO - Setting next_dagrun for example_sensor_decorator to None, run_after=None
[2026-05-07T21:44:00.592+0000] {processor.py:183} INFO - Processing /home/airflow/.local/lib/python3.12/site-packages/airflow/example_dags/example_sensor_decorator.py took 0.063 seconds
[2026-05-07T21:44:31.293+0000] {processor.py:161} INFO - Started process (PID=10071) to work on /home/airflow/.local/lib/python3.12/site-packages/airflow/example_dags/example_sensor_decorator.py
[2026-05-07T21:44:31.294+0000] {processor.py:830} INFO - Processing file /home/airflow/.local/lib/python3.12/site-packages/airflow/example_dags/example_sensor_decorator.py for tasks to queue
[2026-05-07T21:44:31.297+0000] {logging_mixin.py:188} INFO - [2026-05-07T21:44:31.297+0000] {dagbag.py:545} INFO - Filling up the DagBag from /home/airflow/.local/lib/python3.12/site-packages/airflow/example_dags/example_sensor_decorator.py
[2026-05-07T21:44:31.304+0000] {processor.py:840} INFO - DAG(s) 'example_sensor_decorator' retrieved from /home/airflow/.local/lib/python3.12/site-packages/airflow/example_dags/example_sensor_decorator.py
[2026-05-07T21:44:31.323+0000] {logging_mixin.py:188} INFO - [2026-05-07T21:44:31.322+0000] {dag.py:3096} INFO - Sync 1 DAGs
[2026-05-07T21:44:31.335+0000] {logging_mixin.py:188} INFO - [2026-05-07T21:44:31.335+0000] {dag.py:3954} INFO - Setting next_dagrun for example_sensor_decorator to None, run_after=None
[2026-05-07T21:44:31.354+0000] {processor.py:183} INFO - Processing /home/airflow/.local/lib/python3.12/site-packages/airflow/example_dags/example_sensor_decorator.py took 0.068 seconds
[2026-05-07T21:45:01.608+0000] {processor.py:161} INFO - Started process (PID=10129) to work on /home/airflow/.local/lib/python3.12/site-packages/airflow/example_dags/example_sensor_decorator.py
[2026-05-07T21:45:01.609+0000] {processor.py:830} INFO - Processing file /home/airflow/.local/lib/python3.12/site-packages/airflow/example_dags/example_sensor_decorator.py for tasks to queue
[2026-05-07T21:45:01.611+0000] {logging_mixin.py:188} INFO - [2026-05-07T21:45:01.611+0000] {dagbag.py:545} INFO - Filling up the DagBag from /home/airflow/.local/lib/python3.12/site-packages/airflow/example_dags/example_sensor_decorator.py
[2026-05-07T21:45:01.618+0000] {processor.py:840} INFO - DAG(s) 'example_sensor_decorator' retrieved from /home/airflow/.local/lib/python3.12/site-packages/airflow/example_dags/example_sensor_decorator.py
[2026-05-07T21:45:01.638+0000] {logging_mixin.py:188} INFO - [2026-05-07T21:45:01.638+0000] {dag.py:3096} INFO - Sync 1 DAGs
[2026-05-07T21:45:01.649+0000] {logging_mixin.py:188} INFO - [2026-05-07T21:45:01.649+0000] {dag.py:3954} INFO - Setting next_dagrun for example_sensor_decorator to None, run_after=None
[2026-05-07T21:45:01.670+0000] {processor.py:183} INFO - Processing /home/airflow/.local/lib/python3.12/site-packages/airflow/example_dags/example_sensor_decorator.py took 0.068 seconds
[2026-05-07T21:45:31.760+0000] {processor.py:161} INFO - Started process (PID=10187) to work on /home/airflow/.local/lib/python3.12/site-packages/airflow/example_dags/example_sensor_decorator.py
[2026-05-07T21:45:31.761+0000] {processor.py:830} INFO - Processing file /home/airflow/.local/lib/python3.12/site-packages/airflow/example_dags/example_sensor_decorator.py for tasks to queue
[2026-05-07T21:45:31.763+0000] {logging_mixin.py:188} INFO - [2026-05-07T21:45:31.763+0000] {dagbag.py:545} INFO - Filling up the DagBag from /home/airflow/.local/lib/python3.12/site-packages/airflow/example_dags/example_sensor_decorator.py
[2026-05-07T21:45:31.768+0000] {processor.py:840} INFO - DAG(s) 'example_sensor_decorator' retrieved from /home/airflow/.local/lib/python3.12/site-packages/airflow/example_dags/example_sensor_decorator.py
[2026-05-07T21:45:31.787+0000] {logging_mixin.py:188} INFO - [2026-05-07T21:45:31.787+0000] {dag.py:3096} INFO - Sync 1 DAGs
[2026-05-07T21:45:31.798+0000] {logging_mixin.py:188} INFO - [2026-05-07T21:45:31.798+0000] {dag.py:3954} INFO - Setting next_dagrun for example_sensor_decorator to None, run_after=None
[2026-05-07T21:45:31.816+0000] {processor.py:183} INFO - Processing /home/airflow/.local/lib/python3.12/site-packages/airflow/example_dags/example_sensor_decorator.py took 0.061 seconds
[2026-05-07T21:46:02.109+0000] {processor.py:161} INFO - Started process (PID=10245) to work on /home/airflow/.local/lib/python3.12/site-packages/airflow/example_dags/example_sensor_decorator.py
[2026-05-07T21:46:02.111+0000] {processor.py:830} INFO - Processing file /home/airflow/.local/lib/python3.12/site-packages/airflow/example_dags/example_sensor_decorator.py for tasks to queue
[2026-05-07T21:46:02.113+0000] {logging_mixin.py:188} INFO - [2026-05-07T21:46:02.113+0000] {dagbag.py:545} INFO - Filling up the DagBag from /home/airflow/.local/lib/python3.12/site-packages/airflow/example_dags/example_sensor_decorator.py
[2026-05-07T21:46:02.120+0000] {processor.py:840} INFO - DAG(s) 'example_sensor_decorator' retrieved from /home/airflow/.local/lib/python3.12/site-packages/airflow/example_dags/example_sensor_decorator.py
[2026-05-07T21:46:02.144+0000] {logging_mixin.py:188} INFO - [2026-05-07T21:46:02.143+0000] {dag.py:3096} INFO - Sync 1 DAGs
[2026-05-07T21:46:02.156+0000] {logging_mixin.py:188} INFO - [2026-05-07T21:46:02.156+0000] {dag.py:3954} INFO - Setting next_dagrun for example_sensor_decorator to None, run_after=None
[2026-05-07T21:46:02.184+0000] {processor.py:183} INFO - Processing /home/airflow/.local/lib/python3.12/site-packages/airflow/example_dags/example_sensor_decorator.py took 0.082 seconds
[2026-05-07T21:46:32.428+0000] {processor.py:161} INFO - Started process (PID=10303) to work on /home/airflow/.local/lib/python3.12/site-packages/airflow/example_dags/example_sensor_decorator.py
[2026-05-07T21:46:32.429+0000] {processor.py:830} INFO - Processing file /home/airflow/.local/lib/python3.12/site-packages/airflow/example_dags/example_sensor_decorator.py for tasks to queue
[2026-05-07T21:46:32.432+0000] {logging_mixin.py:188} INFO - [2026-05-07T21:46:32.431+0000] {dagbag.py:545} INFO - Filling up the DagBag from /home/airflow/.local/lib/python3.12/site-packages/airflow/example_dags/example_sensor_decorator.py
[2026-05-07T21:46:32.447+0000] {processor.py:840} INFO - DAG(s) 'example_sensor_decorator' retrieved from /home/airflow/.local/lib/python3.12/site-packages/airflow/example_dags/example_sensor_decorator.py
[2026-05-07T21:46:32.469+0000] {logging_mixin.py:188} INFO - [2026-05-07T21:46:32.469+0000] {dag.py:3096} INFO - Sync 1 DAGs
[2026-05-07T21:46:32.484+0000] {logging_mixin.py:188} INFO - [2026-05-07T21:46:32.484+0000] {dag.py:3954} INFO - Setting next_dagrun for example_sensor_decorator to None, run_after=None
[2026-05-07T21:46:32.512+0000] {processor.py:183} INFO - Processing /home/airflow/.local/lib/python3.12/site-packages/airflow/example_dags/example_sensor_decorator.py took 0.097 seconds
[2026-05-07T21:47:02.644+0000] {processor.py:161} INFO - Started process (PID=10361) to work on /home/airflow/.local/lib/python3.12/site-packages/airflow/example_dags/example_sensor_decorator.py
[2026-05-07T21:47:02.646+0000] {processor.py:830} INFO - Processing file /home/airflow/.local/lib/python3.12/site-packages/airflow/example_dags/example_sensor_decorator.py for tasks to queue
[2026-05-07T21:47:02.648+0000] {logging_mixin.py:188} INFO - [2026-05-07T21:47:02.648+0000] {dagbag.py:545} INFO - Filling up the DagBag from /home/airflow/.local/lib/python3.12/site-packages/airflow/example_dags/example_sensor_decorator.py
[2026-05-07T21:47:02.655+0000] {processor.py:840} INFO - DAG(s) 'example_sensor_decorator' retrieved from /home/airflow/.local/lib/python3.12/site-packages/airflow/example_dags/example_sensor_decorator.py
[2026-05-07T21:47:02.675+0000] {logging_mixin.py:188} INFO - [2026-05-07T21:47:02.675+0000] {dag.py:3096} INFO - Sync 1 DAGs
[2026-05-07T21:47:02.685+0000] {logging_mixin.py:188} INFO - [2026-05-07T21:47:02.685+0000] {dag.py:3954} INFO - Setting next_dagrun for example_sensor_decorator to None, run_after=None
[2026-05-07T21:47:02.705+0000] {processor.py:183} INFO - Processing /home/airflow/.local/lib/python3.12/site-packages/airflow/example_dags/example_sensor_decorator.py took 0.067 seconds
[2026-05-07T21:47:33.301+0000] {processor.py:161} INFO - Started process (PID=10419) to work on /home/airflow/.local/lib/python3.12/site-packages/airflow/example_dags/example_sensor_decorator.py
[2026-05-07T21:47:33.302+0000] {processor.py:830} INFO - Processing file /home/airflow/.local/lib/python3.12/site-packages/airflow/example_dags/example_sensor_decorator.py for tasks to queue
[2026-05-07T21:47:33.305+0000] {logging_mixin.py:188} INFO - [2026-05-07T21:47:33.305+0000] {dagbag.py:545} INFO - Filling up the DagBag from /home/airflow/.local/lib/python3.12/site-packages/airflow/example_dags/example_sensor_decorator.py
[2026-05-07T21:47:33.320+0000] {processor.py:840} INFO - DAG(s) 'example_sensor_decorator' retrieved from /home/airflow/.local/lib/python3.12/site-packages/airflow/example_dags/example_sensor_decorator.py
[2026-05-07T21:47:33.357+0000] {logging_mixin.py:188} INFO - [2026-05-07T21:47:33.356+0000] {dag.py:3096} INFO - Sync 1 DAGs
[2026-05-07T21:47:33.380+0000] {logging_mixin.py:188} INFO - [2026-05-07T21:47:33.380+0000] {dag.py:3954} INFO - Setting next_dagrun for example_sensor_decorator to None, run_after=None
[2026-05-07T21:47:33.412+0000] {processor.py:183} INFO - Processing /home/airflow/.local/lib/python3.12/site-packages/airflow/example_dags/example_sensor_decorator.py took 0.119 seconds
[2026-05-07T21:48:03.498+0000] {processor.py:161} INFO - Started process (PID=10477) to work on /home/airflow/.local/lib/python3.12/site-packages/airflow/example_dags/example_sensor_decorator.py
[2026-05-07T21:48:03.500+0000] {processor.py:830} INFO - Processing file /home/airflow/.local/lib/python3.12/site-packages/airflow/example_dags/example_sensor_decorator.py for tasks to queue
[2026-05-07T21:48:03.504+0000] {logging_mixin.py:188} INFO - [2026-05-07T21:48:03.503+0000] {dagbag.py:545} INFO - Filling up the DagBag from /home/airflow/.local/lib/python3.12/site-packages/airflow/example_dags/example_sensor_decorator.py
[2026-05-07T21:48:03.511+0000] {processor.py:840} INFO - DAG(s) 'example_sensor_decorator' retrieved from /home/airflow/.local/lib/python3.12/site-packages/airflow/example_dags/example_sensor_decorator.py
[2026-05-07T21:48:03.534+0000] {logging_mixin.py:188} INFO - [2026-05-07T21:48:03.534+0000] {dag.py:3096} INFO - Sync 1 DAGs
[2026-05-07T21:48:03.548+0000] {logging_mixin.py:188} INFO - [2026-05-07T21:48:03.548+0000] {dag.py:3954} INFO - Setting next_dagrun for example_sensor_decorator to None, run_after=None
[2026-05-07T21:48:03.569+0000] {processor.py:183} INFO - Processing /home/airflow/.local/lib/python3.12/site-packages/airflow/example_dags/example_sensor_decorator.py took 0.079 seconds
[2026-05-07T21:48:33.717+0000] {processor.py:161} INFO - Started process (PID=10535) to work on /home/airflow/.local/lib/python3.12/site-packages/airflow/example_dags/example_sensor_decorator.py
[2026-05-07T21:48:33.718+0000] {processor.py:830} INFO - Processing file /home/airflow/.local/lib/python3.12/site-packages/airflow/example_dags/example_sensor_decorator.py for tasks to queue
[2026-05-07T21:48:33.720+0000] {logging_mixin.py:188} INFO - [2026-05-07T21:48:33.720+0000] {dagbag.py:545} INFO - Filling up the DagBag from /home/airflow/.local/lib/python3.12/site-packages/airflow/example_dags/example_sensor_decorator.py
[2026-05-07T21:48:33.726+0000] {processor.py:840} INFO - DAG(s) 'example_sensor_decorator' retrieved from /home/airflow/.local/lib/python3.12/site-packages/airflow/example_dags/example_sensor_decorator.py
[2026-05-07T21:48:33.744+0000] {logging_mixin.py:188} INFO - [2026-05-07T21:48:33.744+0000] {dag.py:3096} INFO - Sync 1 DAGs
[2026-05-07T21:48:33.756+0000] {logging_mixin.py:188} INFO - [2026-05-07T21:48:33.756+0000] {dag.py:3954} INFO - Setting next_dagrun for example_sensor_decorator to None, run_after=None
[2026-05-07T21:48:33.775+0000] {processor.py:183} INFO - Processing /home/airflow/.local/lib/python3.12/site-packages/airflow/example_dags/example_sensor_decorator.py took 0.064 seconds
[2026-05-07T21:49:03.908+0000] {processor.py:161} INFO - Started process (PID=10593) to work on /home/airflow/.local/lib/python3.12/site-packages/airflow/example_dags/example_sensor_decorator.py
[2026-05-07T21:49:03.910+0000] {processor.py:830} INFO - Processing file /home/airflow/.local/lib/python3.12/site-packages/airflow/example_dags/example_sensor_decorator.py for tasks to queue
[2026-05-07T21:49:03.913+0000] {logging_mixin.py:188} INFO - [2026-05-07T21:49:03.913+0000] {dagbag.py:545} INFO - Filling up the DagBag from /home/airflow/.local/lib/python3.12/site-packages/airflow/example_dags/example_sensor_decorator.py
[2026-05-07T21:49:03.920+0000] {processor.py:840} INFO - DAG(s) 'example_sensor_decorator' retrieved from /home/airflow/.local/lib/python3.12/site-packages/airflow/example_dags/example_sensor_decorator.py
[2026-05-07T21:49:03.944+0000] {logging_mixin.py:188} INFO - [2026-05-07T21:49:03.943+0000] {dag.py:3096} INFO - Sync 1 DAGs
[2026-05-07T21:49:03.958+0000] {logging_mixin.py:188} INFO - [2026-05-07T21:49:03.957+0000] {dag.py:3954} INFO - Setting next_dagrun for example_sensor_decorator to None, run_after=None
[2026-05-07T21:49:03.981+0000] {processor.py:183} INFO - Processing /home/airflow/.local/lib/python3.12/site-packages/airflow/example_dags/example_sensor_decorator.py took 0.079 seconds
[2026-05-07T21:49:34.225+0000] {processor.py:161} INFO - Started process (PID=10651) to work on /home/airflow/.local/lib/python3.12/site-packages/airflow/example_dags/example_sensor_decorator.py
[2026-05-07T21:49:34.227+0000] {processor.py:830} INFO - Processing file /home/airflow/.local/lib/python3.12/site-packages/airflow/example_dags/example_sensor_decorator.py for tasks to queue
[2026-05-07T21:49:34.229+0000] {logging_mixin.py:188} INFO - [2026-05-07T21:49:34.229+0000] {dagbag.py:545} INFO - Filling up the DagBag from /home/airflow/.local/lib/python3.12/site-packages/airflow/example_dags/example_sensor_decorator.py
[2026-05-07T21:49:34.236+0000] {processor.py:840} INFO - DAG(s) 'example_sensor_decorator' retrieved from /home/airflow/.local/lib/python3.12/site-packages/airflow/example_dags/example_sensor_decorator.py
[2026-05-07T21:49:34.256+0000] {logging_mixin.py:188} INFO - [2026-05-07T21:49:34.255+0000] {dag.py:3096} INFO - Sync 1 DAGs
[2026-05-07T21:49:34.268+0000] {logging_mixin.py:188} INFO - [2026-05-07T21:49:34.268+0000] {dag.py:3954} INFO - Setting next_dagrun for example_sensor_decorator to None, run_after=None
[2026-05-07T21:49:34.286+0000] {processor.py:183} INFO - Processing /home/airflow/.local/lib/python3.12/site-packages/airflow/example_dags/example_sensor_decorator.py took 0.065 seconds
[2026-05-07T21:50:04.690+0000] {processor.py:161} INFO - Started process (PID=10709) to work on /home/airflow/.local/lib/python3.12/site-packages/airflow/example_dags/example_sensor_decorator.py
[2026-05-07T21:50:04.692+0000] {processor.py:830} INFO - Processing file /home/airflow/.local/lib/python3.12/site-packages/airflow/example_dags/example_sensor_decorator.py for tasks to queue
[2026-05-07T21:50:04.694+0000] {logging_mixin.py:188} INFO - [2026-05-07T21:50:04.693+0000] {dagbag.py:545} INFO - Filling up the DagBag from /home/airflow/.local/lib/python3.12/site-packages/airflow/example_dags/example_sensor_decorator.py
[2026-05-07T21:50:04.700+0000] {processor.py:840} INFO - DAG(s) 'example_sensor_decorator' retrieved from /home/airflow/.local/lib/python3.12/site-packages/airflow/example_dags/example_sensor_decorator.py
[2026-05-07T21:50:04.718+0000] {logging_mixin.py:188} INFO - [2026-05-07T21:50:04.717+0000] {dag.py:3096} INFO - Sync 1 DAGs
[2026-05-07T21:50:04.728+0000] {logging_mixin.py:188} INFO - [2026-05-07T21:50:04.728+0000] {dag.py:3954} INFO - Setting next_dagrun for example_sensor_decorator to None, run_after=None
[2026-05-07T21:50:04.746+0000] {processor.py:183} INFO - Processing /home/airflow/.local/lib/python3.12/site-packages/airflow/example_dags/example_sensor_decorator.py took 0.061 seconds
[2026-05-07T21:50:34.879+0000] {processor.py:161} INFO - Started process (PID=10767) to work on /home/airflow/.local/lib/python3.12/site-packages/airflow/example_dags/example_sensor_decorator.py
[2026-05-07T21:50:34.880+0000] {processor.py:830} INFO - Processing file /home/airflow/.local/lib/python3.12/site-packages/airflow/example_dags/example_sensor_decorator.py for tasks to queue
[2026-05-07T21:50:34.882+0000] {logging_mixin.py:188} INFO - [2026-05-07T21:50:34.882+0000] {dagbag.py:545} INFO - Filling up the DagBag from /home/airflow/.local/lib/python3.12/site-packages/airflow/example_dags/example_sensor_decorator.py
[2026-05-07T21:50:34.888+0000] {processor.py:840} INFO - DAG(s) 'example_sensor_decorator' retrieved from /home/airflow/.local/lib/python3.12/site-packages/airflow/example_dags/example_sensor_decorator.py
[2026-05-07T21:50:34.905+0000] {logging_mixin.py:188} INFO - [2026-05-07T21:50:34.904+0000] {dag.py:3096} INFO - Sync 1 DAGs
[2026-05-07T21:50:34.915+0000] {logging_mixin.py:188} INFO - [2026-05-07T21:50:34.915+0000] {dag.py:3954} INFO - Setting next_dagrun for example_sensor_decorator to None, run_after=None
[2026-05-07T21:50:34.935+0000] {processor.py:183} INFO - Processing /home/airflow/.local/lib/python3.12/site-packages/airflow/example_dags/example_sensor_decorator.py took 0.062 seconds
[2026-05-07T21:51:05.499+0000] {processor.py:161} INFO - Started process (PID=10825) to work on /home/airflow/.local/lib/python3.12/site-packages/airflow/example_dags/example_sensor_decorator.py
[2026-05-07T21:51:05.515+0000] {processor.py:830} INFO - Processing file /home/airflow/.local/lib/python3.12/site-packages/airflow/example_dags/example_sensor_decorator.py for tasks to queue
[2026-05-07T21:51:05.518+0000] {logging_mixin.py:188} INFO - [2026-05-07T21:51:05.518+0000] {dagbag.py:545} INFO - Filling up the DagBag from /home/airflow/.local/lib/python3.12/site-packages/airflow/example_dags/example_sensor_decorator.py
[2026-05-07T21:51:05.536+0000] {processor.py:840} INFO - DAG(s) 'example_sensor_decorator' retrieved from /home/airflow/.local/lib/python3.12/site-packages/airflow/example_dags/example_sensor_decorator.py
[2026-05-07T21:51:05.560+0000] {logging_mixin.py:188} INFO - [2026-05-07T21:51:05.559+0000] {dag.py:3096} INFO - Sync 1 DAGs
[2026-05-07T21:51:05.571+0000] {logging_mixin.py:188} INFO - [2026-05-07T21:51:05.571+0000] {dag.py:3954} INFO - Setting next_dagrun for example_sensor_decorator to None, run_after=None
[2026-05-07T21:51:05.589+0000] {processor.py:183} INFO - Processing /home/airflow/.local/lib/python3.12/site-packages/airflow/example_dags/example_sensor_decorator.py took 0.113 seconds
[2026-05-07T21:51:36.095+0000] {processor.py:161} INFO - Started process (PID=10883) to work on /home/airflow/.local/lib/python3.12/site-packages/airflow/example_dags/example_sensor_decorator.py
[2026-05-07T21:51:36.097+0000] {processor.py:830} INFO - Processing file /home/airflow/.local/lib/python3.12/site-packages/airflow/example_dags/example_sensor_decorator.py for tasks to queue
[2026-05-07T21:51:36.100+0000] {logging_mixin.py:188} INFO - [2026-05-07T21:51:36.099+0000] {dagbag.py:545} INFO - Filling up the DagBag from /home/airflow/.local/lib/python3.12/site-packages/airflow/example_dags/example_sensor_decorator.py
[2026-05-07T21:51:36.106+0000] {processor.py:840} INFO - DAG(s) 'example_sensor_decorator' retrieved from /home/airflow/.local/lib/python3.12/site-packages/airflow/example_dags/example_sensor_decorator.py
[2026-05-07T21:51:36.124+0000] {logging_mixin.py:188} INFO - [2026-05-07T21:51:36.124+0000] {dag.py:3096} INFO - Sync 1 DAGs
[2026-05-07T21:51:36.137+0000] {logging_mixin.py:188} INFO - [2026-05-07T21:51:36.136+0000] {dag.py:3954} INFO - Setting next_dagrun for example_sensor_decorator to None, run_after=None
[2026-05-07T21:51:36.158+0000] {processor.py:183} INFO - Processing /home/airflow/.local/lib/python3.12/site-packages/airflow/example_dags/example_sensor_decorator.py took 0.068 seconds
[2026-05-07T21:52:06.212+0000] {processor.py:161} INFO - Started process (PID=10941) to work on /home/airflow/.local/lib/python3.12/site-packages/airflow/example_dags/example_sensor_decorator.py
[2026-05-07T21:52:06.213+0000] {processor.py:830} INFO - Processing file /home/airflow/.local/lib/python3.12/site-packages/airflow/example_dags/example_sensor_decorator.py for tasks to queue
[2026-05-07T21:52:06.214+0000] {logging_mixin.py:188} INFO - [2026-05-07T21:52:06.214+0000] {dagbag.py:545} INFO - Filling up the DagBag from /home/airflow/.local/lib/python3.12/site-packages/airflow/example_dags/example_sensor_decorator.py
[2026-05-07T21:52:06.220+0000] {processor.py:840} INFO - DAG(s) 'example_sensor_decorator' retrieved from /home/airflow/.local/lib/python3.12/site-packages/airflow/example_dags/example_sensor_decorator.py
[2026-05-07T21:52:06.241+0000] {logging_mixin.py:188} INFO - [2026-05-07T21:52:06.241+0000] {dag.py:3096} INFO - Sync 1 DAGs
[2026-05-07T21:52:06.253+0000] {logging_mixin.py:188} INFO - [2026-05-07T21:52:06.253+0000] {dag.py:3954} INFO - Setting next_dagrun for example_sensor_decorator to None, run_after=None
[2026-05-07T21:52:06.273+0000] {processor.py:183} INFO - Processing /home/airflow/.local/lib/python3.12/site-packages/airflow/example_dags/example_sensor_decorator.py took 0.067 seconds
[2026-05-07T21:52:36.432+0000] {processor.py:161} INFO - Started process (PID=10999) to work on /home/airflow/.local/lib/python3.12/site-packages/airflow/example_dags/example_sensor_decorator.py
[2026-05-07T21:52:36.434+0000] {processor.py:830} INFO - Processing file /home/airflow/.local/lib/python3.12/site-packages/airflow/example_dags/example_sensor_decorator.py for tasks to queue
[2026-05-07T21:52:36.436+0000] {logging_mixin.py:188} INFO - [2026-05-07T21:52:36.436+0000] {dagbag.py:545} INFO - Filling up the DagBag from /home/airflow/.local/lib/python3.12/site-packages/airflow/example_dags/example_sensor_decorator.py
[2026-05-07T21:52:36.442+0000] {processor.py:840} INFO - DAG(s) 'example_sensor_decorator' retrieved from /home/airflow/.local/lib/python3.12/site-packages/airflow/example_dags/example_sensor_decorator.py
[2026-05-07T21:52:36.462+0000] {logging_mixin.py:188} INFO - [2026-05-07T21:52:36.461+0000] {dag.py:3096} INFO - Sync 1 DAGs
[2026-05-07T21:52:36.474+0000] {logging_mixin.py:188} INFO - [2026-05-07T21:52:36.474+0000] {dag.py:3954} INFO - Setting next_dagrun for example_sensor_decorator to None, run_after=None
[2026-05-07T21:52:36.495+0000] {processor.py:183} INFO - Processing /home/airflow/.local/lib/python3.12/site-packages/airflow/example_dags/example_sensor_decorator.py took 0.068 seconds
[2026-05-07T21:53:07.414+0000] {processor.py:161} INFO - Started process (PID=11055) to work on /home/airflow/.local/lib/python3.12/site-packages/airflow/example_dags/example_sensor_decorator.py
[2026-05-07T21:53:07.415+0000] {processor.py:830} INFO - Processing file /home/airflow/.local/lib/python3.12/site-packages/airflow/example_dags/example_sensor_decorator.py for tasks to queue
[2026-05-07T21:53:07.417+0000] {logging_mixin.py:188} INFO - [2026-05-07T21:53:07.417+0000] {dagbag.py:545} INFO - Filling up the DagBag from /home/airflow/.local/lib/python3.12/site-packages/airflow/example_dags/example_sensor_decorator.py
[2026-05-07T21:53:07.423+0000] {processor.py:840} INFO - DAG(s) 'example_sensor_decorator' retrieved from /home/airflow/.local/lib/python3.12/site-packages/airflow/example_dags/example_sensor_decorator.py
[2026-05-07T21:53:07.447+0000] {logging_mixin.py:188} INFO - [2026-05-07T21:53:07.447+0000] {dag.py:3096} INFO - Sync 1 DAGs
[2026-05-07T21:53:07.461+0000] {logging_mixin.py:188} INFO - [2026-05-07T21:53:07.461+0000] {dag.py:3954} INFO - Setting next_dagrun for example_sensor_decorator to None, run_after=None
[2026-05-07T21:53:07.484+0000] {processor.py:183} INFO - Processing /home/airflow/.local/lib/python3.12/site-packages/airflow/example_dags/example_sensor_decorator.py took 0.076 seconds
[2026-05-07T21:53:37.596+0000] {processor.py:161} INFO - Started process (PID=11114) to work on /home/airflow/.local/lib/python3.12/site-packages/airflow/example_dags/example_sensor_decorator.py
[2026-05-07T21:53:37.597+0000] {processor.py:830} INFO - Processing file /home/airflow/.local/lib/python3.12/site-packages/airflow/example_dags/example_sensor_decorator.py for tasks to queue
[2026-05-07T21:53:37.599+0000] {logging_mixin.py:188} INFO - [2026-05-07T21:53:37.599+0000] {dagbag.py:545} INFO - Filling up the DagBag from /home/airflow/.local/lib/python3.12/site-packages/airflow/example_dags/example_sensor_decorator.py
[2026-05-07T21:53:37.606+0000] {processor.py:840} INFO - DAG(s) 'example_sensor_decorator' retrieved from /home/airflow/.local/lib/python3.12/site-packages/airflow/example_dags/example_sensor_decorator.py
[2026-05-07T21:53:37.632+0000] {logging_mixin.py:188} INFO - [2026-05-07T21:53:37.632+0000] {dag.py:3096} INFO - Sync 1 DAGs
[2026-05-07T21:53:37.647+0000] {logging_mixin.py:188} INFO - [2026-05-07T21:53:37.647+0000] {dag.py:3954} INFO - Setting next_dagrun for example_sensor_decorator to None, run_after=None
[2026-05-07T21:53:37.673+0000] {processor.py:183} INFO - Processing /home/airflow/.local/lib/python3.12/site-packages/airflow/example_dags/example_sensor_decorator.py took 0.082 seconds
[2026-05-07T21:54:07.969+0000] {processor.py:161} INFO - Started process (PID=11171) to work on /home/airflow/.local/lib/python3.12/site-packages/airflow/example_dags/example_sensor_decorator.py
[2026-05-07T21:54:07.970+0000] {processor.py:830} INFO - Processing file /home/airflow/.local/lib/python3.12/site-packages/airflow/example_dags/example_sensor_decorator.py for tasks to queue
[2026-05-07T21:54:07.972+0000] {logging_mixin.py:188} INFO - [2026-05-07T21:54:07.972+0000] {dagbag.py:545} INFO - Filling up the DagBag from /home/airflow/.local/lib/python3.12/site-packages/airflow/example_dags/example_sensor_decorator.py
[2026-05-07T21:54:07.979+0000] {processor.py:840} INFO - DAG(s) 'example_sensor_decorator' retrieved from /home/airflow/.local/lib/python3.12/site-packages/airflow/example_dags/example_sensor_decorator.py
[2026-05-07T21:54:08.000+0000] {logging_mixin.py:188} INFO - [2026-05-07T21:54:07.999+0000] {dag.py:3096} INFO - Sync 1 DAGs
[2026-05-07T21:54:08.013+0000] {logging_mixin.py:188} INFO - [2026-05-07T21:54:08.013+0000] {dag.py:3954} INFO - Setting next_dagrun for example_sensor_decorator to None, run_after=None
[2026-05-07T21:54:08.036+0000] {processor.py:183} INFO - Processing /home/airflow/.local/lib/python3.12/site-packages/airflow/example_dags/example_sensor_decorator.py took 0.072 seconds
[2026-05-07T21:54:38.265+0000] {processor.py:161} INFO - Started process (PID=11229) to work on /home/airflow/.local/lib/python3.12/site-packages/airflow/example_dags/example_sensor_decorator.py
[2026-05-07T21:54:38.267+0000] {processor.py:830} INFO - Processing file /home/airflow/.local/lib/python3.12/site-packages/airflow/example_dags/example_sensor_decorator.py for tasks to queue
[2026-05-07T21:54:38.270+0000] {logging_mixin.py:188} INFO - [2026-05-07T21:54:38.269+0000] {dagbag.py:545} INFO - Filling up the DagBag from /home/airflow/.local/lib/python3.12/site-packages/airflow/example_dags/example_sensor_decorator.py
[2026-05-07T21:54:38.276+0000] {processor.py:840} INFO - DAG(s) 'example_sensor_decorator' retrieved from /home/airflow/.local/lib/python3.12/site-packages/airflow/example_dags/example_sensor_decorator.py
[2026-05-07T21:54:38.295+0000] {logging_mixin.py:188} INFO - [2026-05-07T21:54:38.295+0000] {dag.py:3096} INFO - Sync 1 DAGs
[2026-05-07T21:54:38.306+0000] {logging_mixin.py:188} INFO - [2026-05-07T21:54:38.306+0000] {dag.py:3954} INFO - Setting next_dagrun for example_sensor_decorator to None, run_after=None
[2026-05-07T21:54:38.327+0000] {processor.py:183} INFO - Processing /home/airflow/.local/lib/python3.12/site-packages/airflow/example_dags/example_sensor_decorator.py took 0.068 seconds
[2026-05-07T21:55:08.490+0000] {processor.py:161} INFO - Started process (PID=11287) to work on /home/airflow/.local/lib/python3.12/site-packages/airflow/example_dags/example_sensor_decorator.py
[2026-05-07T21:55:08.492+0000] {processor.py:830} INFO - Processing file /home/airflow/.local/lib/python3.12/site-packages/airflow/example_dags/example_sensor_decorator.py for tasks to queue
[2026-05-07T21:55:08.494+0000] {logging_mixin.py:188} INFO - [2026-05-07T21:55:08.494+0000] {dagbag.py:545} INFO - Filling up the DagBag from /home/airflow/.local/lib/python3.12/site-packages/airflow/example_dags/example_sensor_decorator.py
[2026-05-07T21:55:08.501+0000] {processor.py:840} INFO - DAG(s) 'example_sensor_decorator' retrieved from /home/airflow/.local/lib/python3.12/site-packages/airflow/example_dags/example_sensor_decorator.py
[2026-05-07T21:55:08.521+0000] {logging_mixin.py:188} INFO - [2026-05-07T21:55:08.521+0000] {dag.py:3096} INFO - Sync 1 DAGs
[2026-05-07T21:55:08.531+0000] {logging_mixin.py:188} INFO - [2026-05-07T21:55:08.531+0000] {dag.py:3954} INFO - Setting next_dagrun for example_sensor_decorator to None, run_after=None
[2026-05-07T21:55:08.548+0000] {processor.py:183} INFO - Processing /home/airflow/.local/lib/python3.12/site-packages/airflow/example_dags/example_sensor_decorator.py took 0.063 seconds
[2026-05-07T21:55:38.800+0000] {processor.py:161} INFO - Started process (PID=11345) to work on /home/airflow/.local/lib/python3.12/site-packages/airflow/example_dags/example_sensor_decorator.py
[2026-05-07T21:55:38.801+0000] {processor.py:830} INFO - Processing file /home/airflow/.local/lib/python3.12/site-packages/airflow/example_dags/example_sensor_decorator.py for tasks to queue
[2026-05-07T21:55:38.802+0000] {logging_mixin.py:188} INFO - [2026-05-07T21:55:38.802+0000] {dagbag.py:545} INFO - Filling up the DagBag from /home/airflow/.local/lib/python3.12/site-packages/airflow/example_dags/example_sensor_decorator.py
[2026-05-07T21:55:38.808+0000] {processor.py:840} INFO - DAG(s) 'example_sensor_decorator' retrieved from /home/airflow/.local/lib/python3.12/site-packages/airflow/example_dags/example_sensor_decorator.py
[2026-05-07T21:55:38.825+0000] {logging_mixin.py:188} INFO - [2026-05-07T21:55:38.825+0000] {dag.py:3096} INFO - Sync 1 DAGs
[2026-05-07T21:55:38.836+0000] {logging_mixin.py:188} INFO - [2026-05-07T21:55:38.836+0000] {dag.py:3954} INFO - Setting next_dagrun for example_sensor_decorator to None, run_after=None
[2026-05-07T21:55:38.853+0000] {processor.py:183} INFO - Processing /home/airflow/.local/lib/python3.12/site-packages/airflow/example_dags/example_sensor_decorator.py took 0.058 seconds
[2026-05-07T21:56:08.921+0000] {processor.py:161} INFO - Started process (PID=11403) to work on /home/airflow/.local/lib/python3.12/site-packages/airflow/example_dags/example_sensor_decorator.py
[2026-05-07T21:56:08.922+0000] {processor.py:830} INFO - Processing file /home/airflow/.local/lib/python3.12/site-packages/airflow/example_dags/example_sensor_decorator.py for tasks to queue
[2026-05-07T21:56:08.924+0000] {logging_mixin.py:188} INFO - [2026-05-07T21:56:08.924+0000] {dagbag.py:545} INFO - Filling up the DagBag from /home/airflow/.local/lib/python3.12/site-packages/airflow/example_dags/example_sensor_decorator.py
[2026-05-07T21:56:08.932+0000] {processor.py:840} INFO - DAG(s) 'example_sensor_decorator' retrieved from /home/airflow/.local/lib/python3.12/site-packages/airflow/example_dags/example_sensor_decorator.py
[2026-05-07T21:56:08.953+0000] {logging_mixin.py:188} INFO - [2026-05-07T21:56:08.952+0000] {dag.py:3096} INFO - Sync 1 DAGs
[2026-05-07T21:56:08.964+0000] {logging_mixin.py:188} INFO - [2026-05-07T21:56:08.963+0000] {dag.py:3954} INFO - Setting next_dagrun for example_sensor_decorator to None, run_after=None
[2026-05-07T21:56:08.984+0000] {processor.py:183} INFO - Processing /home/airflow/.local/lib/python3.12/site-packages/airflow/example_dags/example_sensor_decorator.py took 0.068 seconds
[2026-05-07T21:56:39.116+0000] {processor.py:161} INFO - Started process (PID=11461) to work on /home/airflow/.local/lib/python3.12/site-packages/airflow/example_dags/example_sensor_decorator.py
[2026-05-07T21:56:39.117+0000] {processor.py:830} INFO - Processing file /home/airflow/.local/lib/python3.12/site-packages/airflow/example_dags/example_sensor_decorator.py for tasks to queue
[2026-05-07T21:56:39.120+0000] {logging_mixin.py:188} INFO - [2026-05-07T21:56:39.119+0000] {dagbag.py:545} INFO - Filling up the DagBag from /home/airflow/.local/lib/python3.12/site-packages/airflow/example_dags/example_sensor_decorator.py
[2026-05-07T21:56:39.126+0000] {processor.py:840} INFO - DAG(s) 'example_sensor_decorator' retrieved from /home/airflow/.local/lib/python3.12/site-packages/airflow/example_dags/example_sensor_decorator.py
[2026-05-07T21:56:39.145+0000] {logging_mixin.py:188} INFO - [2026-05-07T21:56:39.145+0000] {dag.py:3096} INFO - Sync 1 DAGs
[2026-05-07T21:56:39.157+0000] {logging_mixin.py:188} INFO - [2026-05-07T21:56:39.157+0000] {dag.py:3954} INFO - Setting next_dagrun for example_sensor_decorator to None, run_after=None
[2026-05-07T21:56:39.177+0000] {processor.py:183} INFO - Processing /home/airflow/.local/lib/python3.12/site-packages/airflow/example_dags/example_sensor_decorator.py took 0.067 seconds
[2026-05-07T21:57:09.398+0000] {processor.py:161} INFO - Started process (PID=11519) to work on /home/airflow/.local/lib/python3.12/site-packages/airflow/example_dags/example_sensor_decorator.py
[2026-05-07T21:57:09.399+0000] {processor.py:830} INFO - Processing file /home/airflow/.local/lib/python3.12/site-packages/airflow/example_dags/example_sensor_decorator.py for tasks to queue
[2026-05-07T21:57:09.402+0000] {logging_mixin.py:188} INFO - [2026-05-07T21:57:09.401+0000] {dagbag.py:545} INFO - Filling up the DagBag from /home/airflow/.local/lib/python3.12/site-packages/airflow/example_dags/example_sensor_decorator.py
[2026-05-07T21:57:09.409+0000] {processor.py:840} INFO - DAG(s) 'example_sensor_decorator' retrieved from /home/airflow/.local/lib/python3.12/site-packages/airflow/example_dags/example_sensor_decorator.py
[2026-05-07T21:57:09.445+0000] {logging_mixin.py:188} INFO - [2026-05-07T21:57:09.444+0000] {dag.py:3096} INFO - Sync 1 DAGs
[2026-05-07T21:57:09.476+0000] {logging_mixin.py:188} INFO - [2026-05-07T21:57:09.475+0000] {dag.py:3954} INFO - Setting next_dagrun for example_sensor_decorator to None, run_after=None
[2026-05-07T21:57:09.495+0000] {processor.py:183} INFO - Processing /home/airflow/.local/lib/python3.12/site-packages/airflow/example_dags/example_sensor_decorator.py took 0.103 seconds
[2026-05-07T21:57:39.644+0000] {processor.py:161} INFO - Started process (PID=11576) to work on /home/airflow/.local/lib/python3.12/site-packages/airflow/example_dags/example_sensor_decorator.py
[2026-05-07T21:57:39.646+0000] {processor.py:830} INFO - Processing file /home/airflow/.local/lib/python3.12/site-packages/airflow/example_dags/example_sensor_decorator.py for tasks to queue
[2026-05-07T21:57:39.648+0000] {logging_mixin.py:188} INFO - [2026-05-07T21:57:39.648+0000] {dagbag.py:545} INFO - Filling up the DagBag from /home/airflow/.local/lib/python3.12/site-packages/airflow/example_dags/example_sensor_decorator.py
[2026-05-07T21:57:39.654+0000] {processor.py:840} INFO - DAG(s) 'example_sensor_decorator' retrieved from /home/airflow/.local/lib/python3.12/site-packages/airflow/example_dags/example_sensor_decorator.py
[2026-05-07T21:57:39.672+0000] {logging_mixin.py:188} INFO - [2026-05-07T21:57:39.672+0000] {dag.py:3096} INFO - Sync 1 DAGs
[2026-05-07T21:57:39.684+0000] {logging_mixin.py:188} INFO - [2026-05-07T21:57:39.684+0000] {dag.py:3954} INFO - Setting next_dagrun for example_sensor_decorator to None, run_after=None
[2026-05-07T21:57:39.713+0000] {processor.py:183} INFO - Processing /home/airflow/.local/lib/python3.12/site-packages/airflow/example_dags/example_sensor_decorator.py took 0.074 seconds
[2026-05-07T21:58:09.806+0000] {processor.py:161} INFO - Started process (PID=11634) to work on /home/airflow/.local/lib/python3.12/site-packages/airflow/example_dags/example_sensor_decorator.py
[2026-05-07T21:58:09.808+0000] {processor.py:830} INFO - Processing file /home/airflow/.local/lib/python3.12/site-packages/airflow/example_dags/example_sensor_decorator.py for tasks to queue
[2026-05-07T21:58:09.811+0000] {logging_mixin.py:188} INFO - [2026-05-07T21:58:09.811+0000] {dagbag.py:545} INFO - Filling up the DagBag from /home/airflow/.local/lib/python3.12/site-packages/airflow/example_dags/example_sensor_decorator.py
[2026-05-07T21:58:09.819+0000] {processor.py:840} INFO - DAG(s) 'example_sensor_decorator' retrieved from /home/airflow/.local/lib/python3.12/site-packages/airflow/example_dags/example_sensor_decorator.py
[2026-05-07T21:58:09.842+0000] {logging_mixin.py:188} INFO - [2026-05-07T21:58:09.842+0000] {dag.py:3096} INFO - Sync 1 DAGs
[2026-05-07T21:58:09.857+0000] {logging_mixin.py:188} INFO - [2026-05-07T21:58:09.857+0000] {dag.py:3954} INFO - Setting next_dagrun for example_sensor_decorator to None, run_after=None
[2026-05-07T21:58:09.881+0000] {processor.py:183} INFO - Processing /home/airflow/.local/lib/python3.12/site-packages/airflow/example_dags/example_sensor_decorator.py took 0.083 seconds
[2026-05-07T21:58:40.084+0000] {processor.py:161} INFO - Started process (PID=11692) to work on /home/airflow/.local/lib/python3.12/site-packages/airflow/example_dags/example_sensor_decorator.py
[2026-05-07T21:58:40.086+0000] {processor.py:830} INFO - Processing file /home/airflow/.local/lib/python3.12/site-packages/airflow/example_dags/example_sensor_decorator.py for tasks to queue
[2026-05-07T21:58:40.089+0000] {logging_mixin.py:188} INFO - [2026-05-07T21:58:40.088+0000] {dagbag.py:545} INFO - Filling up the DagBag from /home/airflow/.local/lib/python3.12/site-packages/airflow/example_dags/example_sensor_decorator.py
[2026-05-07T21:58:40.096+0000] {processor.py:840} INFO - DAG(s) 'example_sensor_decorator' retrieved from /home/airflow/.local/lib/python3.12/site-packages/airflow/example_dags/example_sensor_decorator.py
[2026-05-07T21:58:40.115+0000] {logging_mixin.py:188} INFO - [2026-05-07T21:58:40.115+0000] {dag.py:3096} INFO - Sync 1 DAGs
[2026-05-07T21:58:40.127+0000] {logging_mixin.py:188} INFO - [2026-05-07T21:58:40.127+0000] {dag.py:3954} INFO - Setting next_dagrun for example_sensor_decorator to None, run_after=None
[2026-05-07T21:58:40.148+0000] {processor.py:183} INFO - Processing /home/airflow/.local/lib/python3.12/site-packages/airflow/example_dags/example_sensor_decorator.py took 0.069 seconds
[2026-05-07T21:59:10.496+0000] {processor.py:161} INFO - Started process (PID=11750) to work on /home/airflow/.local/lib/python3.12/site-packages/airflow/example_dags/example_sensor_decorator.py
[2026-05-07T21:59:10.498+0000] {processor.py:830} INFO - Processing file /home/airflow/.local/lib/python3.12/site-packages/airflow/example_dags/example_sensor_decorator.py for tasks to queue
[2026-05-07T21:59:10.501+0000] {logging_mixin.py:188} INFO - [2026-05-07T21:59:10.500+0000] {dagbag.py:545} INFO - Filling up the DagBag from /home/airflow/.local/lib/python3.12/site-packages/airflow/example_dags/example_sensor_decorator.py
[2026-05-07T21:59:10.508+0000] {processor.py:840} INFO - DAG(s) 'example_sensor_decorator' retrieved from /home/airflow/.local/lib/python3.12/site-packages/airflow/example_dags/example_sensor_decorator.py
[2026-05-07T21:59:10.527+0000] {logging_mixin.py:188} INFO - [2026-05-07T21:59:10.527+0000] {dag.py:3096} INFO - Sync 1 DAGs
[2026-05-07T21:59:10.537+0000] {logging_mixin.py:188} INFO - [2026-05-07T21:59:10.537+0000] {dag.py:3954} INFO - Setting next_dagrun for example_sensor_decorator to None, run_after=None
[2026-05-07T21:59:10.557+0000] {processor.py:183} INFO - Processing /home/airflow/.local/lib/python3.12/site-packages/airflow/example_dags/example_sensor_decorator.py took 0.068 seconds
[2026-05-07T21:59:40.798+0000] {processor.py:161} INFO - Started process (PID=11808) to work on /home/airflow/.local/lib/python3.12/site-packages/airflow/example_dags/example_sensor_decorator.py
[2026-05-07T21:59:40.799+0000] {processor.py:830} INFO - Processing file /home/airflow/.local/lib/python3.12/site-packages/airflow/example_dags/example_sensor_decorator.py for tasks to queue
[2026-05-07T21:59:40.802+0000] {logging_mixin.py:188} INFO - [2026-05-07T21:59:40.801+0000] {dagbag.py:545} INFO - Filling up the DagBag from /home/airflow/.local/lib/python3.12/site-packages/airflow/example_dags/example_sensor_decorator.py
[2026-05-07T21:59:40.807+0000] {processor.py:840} INFO - DAG(s) 'example_sensor_decorator' retrieved from /home/airflow/.local/lib/python3.12/site-packages/airflow/example_dags/example_sensor_decorator.py
[2026-05-07T21:59:40.824+0000] {logging_mixin.py:188} INFO - [2026-05-07T21:59:40.824+0000] {dag.py:3096} INFO - Sync 1 DAGs
[2026-05-07T21:59:40.835+0000] {logging_mixin.py:188} INFO - [2026-05-07T21:59:40.835+0000] {dag.py:3954} INFO - Setting next_dagrun for example_sensor_decorator to None, run_after=None
[2026-05-07T21:59:40.853+0000] {processor.py:183} INFO - Processing /home/airflow/.local/lib/python3.12/site-packages/airflow/example_dags/example_sensor_decorator.py took 0.060 seconds
[2026-05-07T22:00:11.203+0000] {processor.py:161} INFO - Started process (PID=11866) to work on /home/airflow/.local/lib/python3.12/site-packages/airflow/example_dags/example_sensor_decorator.py
[2026-05-07T22:00:11.204+0000] {processor.py:830} INFO - Processing file /home/airflow/.local/lib/python3.12/site-packages/airflow/example_dags/example_sensor_decorator.py for tasks to queue
[2026-05-07T22:00:11.208+0000] {logging_mixin.py:188} INFO - [2026-05-07T22:00:11.207+0000] {dagbag.py:545} INFO - Filling up the DagBag from /home/airflow/.local/lib/python3.12/site-packages/airflow/example_dags/example_sensor_decorator.py
[2026-05-07T22:00:11.214+0000] {processor.py:840} INFO - DAG(s) 'example_sensor_decorator' retrieved from /home/airflow/.local/lib/python3.12/site-packages/airflow/example_dags/example_sensor_decorator.py
[2026-05-07T22:00:11.236+0000] {logging_mixin.py:188} INFO - [2026-05-07T22:00:11.236+0000] {dag.py:3096} INFO - Sync 1 DAGs
[2026-05-07T22:00:11.248+0000] {logging_mixin.py:188} INFO - [2026-05-07T22:00:11.248+0000] {dag.py:3954} INFO - Setting next_dagrun for example_sensor_decorator to None, run_after=None
[2026-05-07T22:00:11.269+0000] {processor.py:183} INFO - Processing /home/airflow/.local/lib/python3.12/site-packages/airflow/example_dags/example_sensor_decorator.py took 0.072 seconds
[2026-05-07T22:00:41.452+0000] {processor.py:161} INFO - Started process (PID=11924) to work on /home/airflow/.local/lib/python3.12/site-packages/airflow/example_dags/example_sensor_decorator.py
[2026-05-07T22:00:41.453+0000] {processor.py:830} INFO - Processing file /home/airflow/.local/lib/python3.12/site-packages/airflow/example_dags/example_sensor_decorator.py for tasks to queue
[2026-05-07T22:00:41.455+0000] {logging_mixin.py:188} INFO - [2026-05-07T22:00:41.455+0000] {dagbag.py:545} INFO - Filling up the DagBag from /home/airflow/.local/lib/python3.12/site-packages/airflow/example_dags/example_sensor_decorator.py
[2026-05-07T22:00:41.462+0000] {processor.py:840} INFO - DAG(s) 'example_sensor_decorator' retrieved from /home/airflow/.local/lib/python3.12/site-packages/airflow/example_dags/example_sensor_decorator.py
[2026-05-07T22:00:41.486+0000] {logging_mixin.py:188} INFO - [2026-05-07T22:00:41.486+0000] {dag.py:3096} INFO - Sync 1 DAGs
[2026-05-07T22:00:41.499+0000] {logging_mixin.py:188} INFO - [2026-05-07T22:00:41.498+0000] {dag.py:3954} INFO - Setting next_dagrun for example_sensor_decorator to None, run_after=None
[2026-05-07T22:00:41.523+0000] {processor.py:183} INFO - Processing /home/airflow/.local/lib/python3.12/site-packages/airflow/example_dags/example_sensor_decorator.py took 0.076 seconds
[2026-05-07T22:01:11.868+0000] {processor.py:161} INFO - Started process (PID=11982) to work on /home/airflow/.local/lib/python3.12/site-packages/airflow/example_dags/example_sensor_decorator.py
[2026-05-07T22:01:11.869+0000] {processor.py:830} INFO - Processing file /home/airflow/.local/lib/python3.12/site-packages/airflow/example_dags/example_sensor_decorator.py for tasks to queue
[2026-05-07T22:01:11.871+0000] {logging_mixin.py:188} INFO - [2026-05-07T22:01:11.871+0000] {dagbag.py:545} INFO - Filling up the DagBag from /home/airflow/.local/lib/python3.12/site-packages/airflow/example_dags/example_sensor_decorator.py
[2026-05-07T22:01:11.877+0000] {processor.py:840} INFO - DAG(s) 'example_sensor_decorator' retrieved from /home/airflow/.local/lib/python3.12/site-packages/airflow/example_dags/example_sensor_decorator.py
[2026-05-07T22:01:11.899+0000] {logging_mixin.py:188} INFO - [2026-05-07T22:01:11.899+0000] {dag.py:3096} INFO - Sync 1 DAGs
[2026-05-07T22:01:11.910+0000] {logging_mixin.py:188} INFO - [2026-05-07T22:01:11.910+0000] {dag.py:3954} INFO - Setting next_dagrun for example_sensor_decorator to None, run_after=None
[2026-05-07T22:01:11.932+0000] {processor.py:183} INFO - Processing /home/airflow/.local/lib/python3.12/site-packages/airflow/example_dags/example_sensor_decorator.py took 0.069 seconds
[2026-05-07T22:01:42.320+0000] {processor.py:161} INFO - Started process (PID=12040) to work on /home/airflow/.local/lib/python3.12/site-packages/airflow/example_dags/example_sensor_decorator.py
[2026-05-07T22:01:42.322+0000] {processor.py:830} INFO - Processing file /home/airflow/.local/lib/python3.12/site-packages/airflow/example_dags/example_sensor_decorator.py for tasks to queue
[2026-05-07T22:01:42.324+0000] {logging_mixin.py:188} INFO - [2026-05-07T22:01:42.324+0000] {dagbag.py:545} INFO - Filling up the DagBag from /home/airflow/.local/lib/python3.12/site-packages/airflow/example_dags/example_sensor_decorator.py
[2026-05-07T22:01:42.330+0000] {processor.py:840} INFO - DAG(s) 'example_sensor_decorator' retrieved from /home/airflow/.local/lib/python3.12/site-packages/airflow/example_dags/example_sensor_decorator.py
[2026-05-07T22:01:42.347+0000] {logging_mixin.py:188} INFO - [2026-05-07T22:01:42.347+0000] {dag.py:3096} INFO - Sync 1 DAGs
[2026-05-07T22:01:42.359+0000] {logging_mixin.py:188} INFO - [2026-05-07T22:01:42.358+0000] {dag.py:3954} INFO - Setting next_dagrun for example_sensor_decorator to None, run_after=None
[2026-05-07T22:01:42.379+0000] {processor.py:183} INFO - Processing /home/airflow/.local/lib/python3.12/site-packages/airflow/example_dags/example_sensor_decorator.py took 0.065 seconds
[2026-05-07T22:02:13.102+0000] {processor.py:161} INFO - Started process (PID=12098) to work on /home/airflow/.local/lib/python3.12/site-packages/airflow/example_dags/example_sensor_decorator.py
[2026-05-07T22:02:13.104+0000] {processor.py:830} INFO - Processing file /home/airflow/.local/lib/python3.12/site-packages/airflow/example_dags/example_sensor_decorator.py for tasks to queue
[2026-05-07T22:02:13.107+0000] {logging_mixin.py:188} INFO - [2026-05-07T22:02:13.106+0000] {dagbag.py:545} INFO - Filling up the DagBag from /home/airflow/.local/lib/python3.12/site-packages/airflow/example_dags/example_sensor_decorator.py
[2026-05-07T22:02:13.112+0000] {processor.py:840} INFO - DAG(s) 'example_sensor_decorator' retrieved from /home/airflow/.local/lib/python3.12/site-packages/airflow/example_dags/example_sensor_decorator.py
[2026-05-07T22:02:13.130+0000] {logging_mixin.py:188} INFO - [2026-05-07T22:02:13.130+0000] {dag.py:3096} INFO - Sync 1 DAGs
[2026-05-07T22:02:13.142+0000] {logging_mixin.py:188} INFO - [2026-05-07T22:02:13.142+0000] {dag.py:3954} INFO - Setting next_dagrun for example_sensor_decorator to None, run_after=None
[2026-05-07T22:02:13.160+0000] {processor.py:183} INFO - Processing /home/airflow/.local/lib/python3.12/site-packages/airflow/example_dags/example_sensor_decorator.py took 0.063 seconds
[2026-05-07T22:02:44.037+0000] {processor.py:161} INFO - Started process (PID=12156) to work on /home/airflow/.local/lib/python3.12/site-packages/airflow/example_dags/example_sensor_decorator.py
[2026-05-07T22:02:44.038+0000] {processor.py:830} INFO - Processing file /home/airflow/.local/lib/python3.12/site-packages/airflow/example_dags/example_sensor_decorator.py for tasks to queue
[2026-05-07T22:02:44.040+0000] {logging_mixin.py:188} INFO - [2026-05-07T22:02:44.040+0000] {dagbag.py:545} INFO - Filling up the DagBag from /home/airflow/.local/lib/python3.12/site-packages/airflow/example_dags/example_sensor_decorator.py
[2026-05-07T22:02:44.048+0000] {processor.py:840} INFO - DAG(s) 'example_sensor_decorator' retrieved from /home/airflow/.local/lib/python3.12/site-packages/airflow/example_dags/example_sensor_decorator.py
[2026-05-07T22:02:44.067+0000] {logging_mixin.py:188} INFO - [2026-05-07T22:02:44.067+0000] {dag.py:3096} INFO - Sync 1 DAGs
[2026-05-07T22:02:44.084+0000] {logging_mixin.py:188} INFO - [2026-05-07T22:02:44.084+0000] {dag.py:3954} INFO - Setting next_dagrun for example_sensor_decorator to None, run_after=None
[2026-05-07T22:02:44.107+0000] {processor.py:183} INFO - Processing /home/airflow/.local/lib/python3.12/site-packages/airflow/example_dags/example_sensor_decorator.py took 0.076 seconds
[2026-05-07T22:03:14.352+0000] {processor.py:161} INFO - Started process (PID=12214) to work on /home/airflow/.local/lib/python3.12/site-packages/airflow/example_dags/example_sensor_decorator.py
[2026-05-07T22:03:14.354+0000] {processor.py:830} INFO - Processing file /home/airflow/.local/lib/python3.12/site-packages/airflow/example_dags/example_sensor_decorator.py for tasks to queue
[2026-05-07T22:03:14.356+0000] {logging_mixin.py:188} INFO - [2026-05-07T22:03:14.356+0000] {dagbag.py:545} INFO - Filling up the DagBag from /home/airflow/.local/lib/python3.12/site-packages/airflow/example_dags/example_sensor_decorator.py
[2026-05-07T22:03:14.362+0000] {processor.py:840} INFO - DAG(s) 'example_sensor_decorator' retrieved from /home/airflow/.local/lib/python3.12/site-packages/airflow/example_dags/example_sensor_decorator.py
[2026-05-07T22:03:14.380+0000] {logging_mixin.py:188} INFO - [2026-05-07T22:03:14.380+0000] {dag.py:3096} INFO - Sync 1 DAGs
[2026-05-07T22:03:14.392+0000] {logging_mixin.py:188} INFO - [2026-05-07T22:03:14.392+0000] {dag.py:3954} INFO - Setting next_dagrun for example_sensor_decorator to None, run_after=None
[2026-05-07T22:03:14.409+0000] {processor.py:183} INFO - Processing /home/airflow/.local/lib/python3.12/site-packages/airflow/example_dags/example_sensor_decorator.py took 0.064 seconds
[2026-05-07T22:03:44.513+0000] {processor.py:161} INFO - Started process (PID=12272) to work on /home/airflow/.local/lib/python3.12/site-packages/airflow/example_dags/example_sensor_decorator.py
[2026-05-07T22:03:44.515+0000] {processor.py:830} INFO - Processing file /home/airflow/.local/lib/python3.12/site-packages/airflow/example_dags/example_sensor_decorator.py for tasks to queue
[2026-05-07T22:03:44.517+0000] {logging_mixin.py:188} INFO - [2026-05-07T22:03:44.517+0000] {dagbag.py:545} INFO - Filling up the DagBag from /home/airflow/.local/lib/python3.12/site-packages/airflow/example_dags/example_sensor_decorator.py
[2026-05-07T22:03:44.524+0000] {processor.py:840} INFO - DAG(s) 'example_sensor_decorator' retrieved from /home/airflow/.local/lib/python3.12/site-packages/airflow/example_dags/example_sensor_decorator.py
[2026-05-07T22:03:44.543+0000] {logging_mixin.py:188} INFO - [2026-05-07T22:03:44.543+0000] {dag.py:3096} INFO - Sync 1 DAGs
[2026-05-07T22:03:44.555+0000] {logging_mixin.py:188} INFO - [2026-05-07T22:03:44.555+0000] {dag.py:3954} INFO - Setting next_dagrun for example_sensor_decorator to None, run_after=None
[2026-05-07T22:03:44.576+0000] {processor.py:183} INFO - Processing /home/airflow/.local/lib/python3.12/site-packages/airflow/example_dags/example_sensor_decorator.py took 0.069 seconds
[2026-05-07T22:04:14.670+0000] {processor.py:161} INFO - Started process (PID=12330) to work on /home/airflow/.local/lib/python3.12/site-packages/airflow/example_dags/example_sensor_decorator.py
[2026-05-07T22:04:14.672+0000] {processor.py:830} INFO - Processing file /home/airflow/.local/lib/python3.12/site-packages/airflow/example_dags/example_sensor_decorator.py for tasks to queue
[2026-05-07T22:04:14.674+0000] {logging_mixin.py:188} INFO - [2026-05-07T22:04:14.674+0000] {dagbag.py:545} INFO - Filling up the DagBag from /home/airflow/.local/lib/python3.12/site-packages/airflow/example_dags/example_sensor_decorator.py
[2026-05-07T22:04:14.681+0000] {processor.py:840} INFO - DAG(s) 'example_sensor_decorator' retrieved from /home/airflow/.local/lib/python3.12/site-packages/airflow/example_dags/example_sensor_decorator.py
[2026-05-07T22:04:14.698+0000] {logging_mixin.py:188} INFO - [2026-05-07T22:04:14.698+0000] {dag.py:3096} INFO - Sync 1 DAGs
[2026-05-07T22:04:14.711+0000] {logging_mixin.py:188} INFO - [2026-05-07T22:04:14.710+0000] {dag.py:3954} INFO - Setting next_dagrun for example_sensor_decorator to None, run_after=None
[2026-05-07T22:04:14.729+0000] {processor.py:183} INFO - Processing /home/airflow/.local/lib/python3.12/site-packages/airflow/example_dags/example_sensor_decorator.py took 0.064 seconds
[2026-05-07T22:04:44.877+0000] {processor.py:161} INFO - Started process (PID=12388) to work on /home/airflow/.local/lib/python3.12/site-packages/airflow/example_dags/example_sensor_decorator.py
[2026-05-07T22:04:44.879+0000] {processor.py:830} INFO - Processing file /home/airflow/.local/lib/python3.12/site-packages/airflow/example_dags/example_sensor_decorator.py for tasks to queue
[2026-05-07T22:04:44.881+0000] {logging_mixin.py:188} INFO - [2026-05-07T22:04:44.881+0000] {dagbag.py:545} INFO - Filling up the DagBag from /home/airflow/.local/lib/python3.12/site-packages/airflow/example_dags/example_sensor_decorator.py
[2026-05-07T22:04:44.888+0000] {processor.py:840} INFO - DAG(s) 'example_sensor_decorator' retrieved from /home/airflow/.local/lib/python3.12/site-packages/airflow/example_dags/example_sensor_decorator.py
[2026-05-07T22:04:44.905+0000] {logging_mixin.py:188} INFO - [2026-05-07T22:04:44.905+0000] {dag.py:3096} INFO - Sync 1 DAGs
[2026-05-07T22:04:44.916+0000] {logging_mixin.py:188} INFO - [2026-05-07T22:04:44.916+0000] {dag.py:3954} INFO - Setting next_dagrun for example_sensor_decorator to None, run_after=None
[2026-05-07T22:04:44.939+0000] {processor.py:183} INFO - Processing /home/airflow/.local/lib/python3.12/site-packages/airflow/example_dags/example_sensor_decorator.py took 0.066 seconds
[2026-05-07T22:05:15.361+0000] {processor.py:161} INFO - Started process (PID=12446) to work on /home/airflow/.local/lib/python3.12/site-packages/airflow/example_dags/example_sensor_decorator.py
[2026-05-07T22:05:15.362+0000] {processor.py:830} INFO - Processing file /home/airflow/.local/lib/python3.12/site-packages/airflow/example_dags/example_sensor_decorator.py for tasks to queue
[2026-05-07T22:05:15.365+0000] {logging_mixin.py:188} INFO - [2026-05-07T22:05:15.365+0000] {dagbag.py:545} INFO - Filling up the DagBag from /home/airflow/.local/lib/python3.12/site-packages/airflow/example_dags/example_sensor_decorator.py
[2026-05-07T22:05:15.371+0000] {processor.py:840} INFO - DAG(s) 'example_sensor_decorator' retrieved from /home/airflow/.local/lib/python3.12/site-packages/airflow/example_dags/example_sensor_decorator.py
[2026-05-07T22:05:15.389+0000] {logging_mixin.py:188} INFO - [2026-05-07T22:05:15.389+0000] {dag.py:3096} INFO - Sync 1 DAGs
[2026-05-07T22:05:15.401+0000] {logging_mixin.py:188} INFO - [2026-05-07T22:05:15.400+0000] {dag.py:3954} INFO - Setting next_dagrun for example_sensor_decorator to None, run_after=None
[2026-05-07T22:05:15.421+0000] {processor.py:183} INFO - Processing /home/airflow/.local/lib/python3.12/site-packages/airflow/example_dags/example_sensor_decorator.py took 0.065 seconds
[2026-05-07T22:05:45.583+0000] {processor.py:161} INFO - Started process (PID=12504) to work on /home/airflow/.local/lib/python3.12/site-packages/airflow/example_dags/example_sensor_decorator.py
[2026-05-07T22:05:45.585+0000] {processor.py:830} INFO - Processing file /home/airflow/.local/lib/python3.12/site-packages/airflow/example_dags/example_sensor_decorator.py for tasks to queue
[2026-05-07T22:05:45.587+0000] {logging_mixin.py:188} INFO - [2026-05-07T22:05:45.587+0000] {dagbag.py:545} INFO - Filling up the DagBag from /home/airflow/.local/lib/python3.12/site-packages/airflow/example_dags/example_sensor_decorator.py
[2026-05-07T22:05:45.593+0000] {processor.py:840} INFO - DAG(s) 'example_sensor_decorator' retrieved from /home/airflow/.local/lib/python3.12/site-packages/airflow/example_dags/example_sensor_decorator.py
[2026-05-07T22:05:45.611+0000] {logging_mixin.py:188} INFO - [2026-05-07T22:05:45.611+0000] {dag.py:3096} INFO - Sync 1 DAGs
[2026-05-07T22:05:45.621+0000] {logging_mixin.py:188} INFO - [2026-05-07T22:05:45.621+0000] {dag.py:3954} INFO - Setting next_dagrun for example_sensor_decorator to None, run_after=None
[2026-05-07T22:05:45.640+0000] {processor.py:183} INFO - Processing /home/airflow/.local/lib/python3.12/site-packages/airflow/example_dags/example_sensor_decorator.py took 0.062 seconds
[2026-05-07T22:06:15.864+0000] {processor.py:161} INFO - Started process (PID=12562) to work on /home/airflow/.local/lib/python3.12/site-packages/airflow/example_dags/example_sensor_decorator.py
[2026-05-07T22:06:15.868+0000] {processor.py:830} INFO - Processing file /home/airflow/.local/lib/python3.12/site-packages/airflow/example_dags/example_sensor_decorator.py for tasks to queue
[2026-05-07T22:06:15.870+0000] {logging_mixin.py:188} INFO - [2026-05-07T22:06:15.870+0000] {dagbag.py:545} INFO - Filling up the DagBag from /home/airflow/.local/lib/python3.12/site-packages/airflow/example_dags/example_sensor_decorator.py
[2026-05-07T22:06:15.875+0000] {processor.py:840} INFO - DAG(s) 'example_sensor_decorator' retrieved from /home/airflow/.local/lib/python3.12/site-packages/airflow/example_dags/example_sensor_decorator.py
[2026-05-07T22:06:15.896+0000] {logging_mixin.py:188} INFO - [2026-05-07T22:06:15.896+0000] {dag.py:3096} INFO - Sync 1 DAGs
[2026-05-07T22:06:15.920+0000] {logging_mixin.py:188} INFO - [2026-05-07T22:06:15.919+0000] {dag.py:3954} INFO - Setting next_dagrun for example_sensor_decorator to None, run_after=None
[2026-05-07T22:06:15.945+0000] {processor.py:183} INFO - Processing /home/airflow/.local/lib/python3.12/site-packages/airflow/example_dags/example_sensor_decorator.py took 0.086 seconds
[2026-05-07T22:06:46.390+0000] {processor.py:161} INFO - Started process (PID=12620) to work on /home/airflow/.local/lib/python3.12/site-packages/airflow/example_dags/example_sensor_decorator.py
[2026-05-07T22:06:46.392+0000] {processor.py:830} INFO - Processing file /home/airflow/.local/lib/python3.12/site-packages/airflow/example_dags/example_sensor_decorator.py for tasks to queue
[2026-05-07T22:06:46.394+0000] {logging_mixin.py:188} INFO - [2026-05-07T22:06:46.394+0000] {dagbag.py:545} INFO - Filling up the DagBag from /home/airflow/.local/lib/python3.12/site-packages/airflow/example_dags/example_sensor_decorator.py
[2026-05-07T22:06:46.403+0000] {processor.py:840} INFO - DAG(s) 'example_sensor_decorator' retrieved from /home/airflow/.local/lib/python3.12/site-packages/airflow/example_dags/example_sensor_decorator.py
[2026-05-07T22:06:46.428+0000] {logging_mixin.py:188} INFO - [2026-05-07T22:06:46.428+0000] {dag.py:3096} INFO - Sync 1 DAGs
[2026-05-07T22:06:46.444+0000] {logging_mixin.py:188} INFO - [2026-05-07T22:06:46.444+0000] {dag.py:3954} INFO - Setting next_dagrun for example_sensor_decorator to None, run_after=None
[2026-05-07T22:06:46.470+0000] {processor.py:183} INFO - Processing /home/airflow/.local/lib/python3.12/site-packages/airflow/example_dags/example_sensor_decorator.py took 0.087 seconds
[2026-05-07T22:07:16.568+0000] {processor.py:161} INFO - Started process (PID=12678) to work on /home/airflow/.local/lib/python3.12/site-packages/airflow/example_dags/example_sensor_decorator.py
[2026-05-07T22:07:16.572+0000] {processor.py:830} INFO - Processing file /home/airflow/.local/lib/python3.12/site-packages/airflow/example_dags/example_sensor_decorator.py for tasks to queue
[2026-05-07T22:07:16.578+0000] {logging_mixin.py:188} INFO - [2026-05-07T22:07:16.577+0000] {dagbag.py:545} INFO - Filling up the DagBag from /home/airflow/.local/lib/python3.12/site-packages/airflow/example_dags/example_sensor_decorator.py
[2026-05-07T22:07:16.587+0000] {processor.py:840} INFO - DAG(s) 'example_sensor_decorator' retrieved from /home/airflow/.local/lib/python3.12/site-packages/airflow/example_dags/example_sensor_decorator.py
[2026-05-07T22:07:16.609+0000] {logging_mixin.py:188} INFO - [2026-05-07T22:07:16.608+0000] {dag.py:3096} INFO - Sync 1 DAGs
[2026-05-07T22:07:16.623+0000] {logging_mixin.py:188} INFO - [2026-05-07T22:07:16.622+0000] {dag.py:3954} INFO - Setting next_dagrun for example_sensor_decorator to None, run_after=None
[2026-05-07T22:07:16.641+0000] {processor.py:183} INFO - Processing /home/airflow/.local/lib/python3.12/site-packages/airflow/example_dags/example_sensor_decorator.py took 0.085 seconds
[2026-05-07T22:07:46.805+0000] {processor.py:161} INFO - Started process (PID=12736) to work on /home/airflow/.local/lib/python3.12/site-packages/airflow/example_dags/example_sensor_decorator.py
[2026-05-07T22:07:46.806+0000] {processor.py:830} INFO - Processing file /home/airflow/.local/lib/python3.12/site-packages/airflow/example_dags/example_sensor_decorator.py for tasks to queue
[2026-05-07T22:07:46.808+0000] {logging_mixin.py:188} INFO - [2026-05-07T22:07:46.807+0000] {dagbag.py:545} INFO - Filling up the DagBag from /home/airflow/.local/lib/python3.12/site-packages/airflow/example_dags/example_sensor_decorator.py
[2026-05-07T22:07:46.814+0000] {processor.py:840} INFO - DAG(s) 'example_sensor_decorator' retrieved from /home/airflow/.local/lib/python3.12/site-packages/airflow/example_dags/example_sensor_decorator.py
[2026-05-07T22:07:46.834+0000] {logging_mixin.py:188} INFO - [2026-05-07T22:07:46.833+0000] {dag.py:3096} INFO - Sync 1 DAGs
[2026-05-07T22:07:46.844+0000] {logging_mixin.py:188} INFO - [2026-05-07T22:07:46.844+0000] {dag.py:3954} INFO - Setting next_dagrun for example_sensor_decorator to None, run_after=None
[2026-05-07T22:07:46.864+0000] {processor.py:183} INFO - Processing /home/airflow/.local/lib/python3.12/site-packages/airflow/example_dags/example_sensor_decorator.py took 0.064 seconds
[2026-05-07T22:08:17.033+0000] {processor.py:161} INFO - Started process (PID=12794) to work on /home/airflow/.local/lib/python3.12/site-packages/airflow/example_dags/example_sensor_decorator.py
[2026-05-07T22:08:17.034+0000] {processor.py:830} INFO - Processing file /home/airflow/.local/lib/python3.12/site-packages/airflow/example_dags/example_sensor_decorator.py for tasks to queue
[2026-05-07T22:08:17.037+0000] {logging_mixin.py:188} INFO - [2026-05-07T22:08:17.036+0000] {dagbag.py:545} INFO - Filling up the DagBag from /home/airflow/.local/lib/python3.12/site-packages/airflow/example_dags/example_sensor_decorator.py
[2026-05-07T22:08:17.042+0000] {processor.py:840} INFO - DAG(s) 'example_sensor_decorator' retrieved from /home/airflow/.local/lib/python3.12/site-packages/airflow/example_dags/example_sensor_decorator.py
[2026-05-07T22:08:17.061+0000] {logging_mixin.py:188} INFO - [2026-05-07T22:08:17.061+0000] {dag.py:3096} INFO - Sync 1 DAGs
[2026-05-07T22:08:17.074+0000] {logging_mixin.py:188} INFO - [2026-05-07T22:08:17.074+0000] {dag.py:3954} INFO - Setting next_dagrun for example_sensor_decorator to None, run_after=None
[2026-05-07T22:08:17.097+0000] {processor.py:183} INFO - Processing /home/airflow/.local/lib/python3.12/site-packages/airflow/example_dags/example_sensor_decorator.py took 0.069 seconds
[2026-05-07T22:08:47.143+0000] {processor.py:161} INFO - Started process (PID=12852) to work on /home/airflow/.local/lib/python3.12/site-packages/airflow/example_dags/example_sensor_decorator.py
[2026-05-07T22:08:47.145+0000] {processor.py:830} INFO - Processing file /home/airflow/.local/lib/python3.12/site-packages/airflow/example_dags/example_sensor_decorator.py for tasks to queue
[2026-05-07T22:08:47.147+0000] {logging_mixin.py:188} INFO - [2026-05-07T22:08:47.147+0000] {dagbag.py:545} INFO - Filling up the DagBag from /home/airflow/.local/lib/python3.12/site-packages/airflow/example_dags/example_sensor_decorator.py
[2026-05-07T22:08:47.155+0000] {processor.py:840} INFO - DAG(s) 'example_sensor_decorator' retrieved from /home/airflow/.local/lib/python3.12/site-packages/airflow/example_dags/example_sensor_decorator.py
[2026-05-07T22:08:47.176+0000] {logging_mixin.py:188} INFO - [2026-05-07T22:08:47.176+0000] {dag.py:3096} INFO - Sync 1 DAGs
[2026-05-07T22:08:47.193+0000] {logging_mixin.py:188} INFO - [2026-05-07T22:08:47.192+0000] {dag.py:3954} INFO - Setting next_dagrun for example_sensor_decorator to None, run_after=None
[2026-05-07T22:08:47.214+0000] {processor.py:183} INFO - Processing /home/airflow/.local/lib/python3.12/site-packages/airflow/example_dags/example_sensor_decorator.py took 0.076 seconds
[2026-05-07T22:09:17.499+0000] {processor.py:161} INFO - Started process (PID=12909) to work on /home/airflow/.local/lib/python3.12/site-packages/airflow/example_dags/example_sensor_decorator.py
[2026-05-07T22:09:17.500+0000] {processor.py:830} INFO - Processing file /home/airflow/.local/lib/python3.12/site-packages/airflow/example_dags/example_sensor_decorator.py for tasks to queue
[2026-05-07T22:09:17.502+0000] {logging_mixin.py:188} INFO - [2026-05-07T22:09:17.502+0000] {dagbag.py:545} INFO - Filling up the DagBag from /home/airflow/.local/lib/python3.12/site-packages/airflow/example_dags/example_sensor_decorator.py
[2026-05-07T22:09:17.509+0000] {processor.py:840} INFO - DAG(s) 'example_sensor_decorator' retrieved from /home/airflow/.local/lib/python3.12/site-packages/airflow/example_dags/example_sensor_decorator.py
[2026-05-07T22:09:17.528+0000] {logging_mixin.py:188} INFO - [2026-05-07T22:09:17.527+0000] {dag.py:3096} INFO - Sync 1 DAGs
[2026-05-07T22:09:17.540+0000] {logging_mixin.py:188} INFO - [2026-05-07T22:09:17.540+0000] {dag.py:3954} INFO - Setting next_dagrun for example_sensor_decorator to None, run_after=None
[2026-05-07T22:09:17.557+0000] {processor.py:183} INFO - Processing /home/airflow/.local/lib/python3.12/site-packages/airflow/example_dags/example_sensor_decorator.py took 0.065 seconds
[2026-05-07T22:09:48.568+0000] {processor.py:161} INFO - Started process (PID=12967) to work on /home/airflow/.local/lib/python3.12/site-packages/airflow/example_dags/example_sensor_decorator.py
[2026-05-07T22:09:48.570+0000] {processor.py:830} INFO - Processing file /home/airflow/.local/lib/python3.12/site-packages/airflow/example_dags/example_sensor_decorator.py for tasks to queue
[2026-05-07T22:09:48.573+0000] {logging_mixin.py:188} INFO - [2026-05-07T22:09:48.572+0000] {dagbag.py:545} INFO - Filling up the DagBag from /home/airflow/.local/lib/python3.12/site-packages/airflow/example_dags/example_sensor_decorator.py
[2026-05-07T22:09:48.580+0000] {processor.py:840} INFO - DAG(s) 'example_sensor_decorator' retrieved from /home/airflow/.local/lib/python3.12/site-packages/airflow/example_dags/example_sensor_decorator.py
[2026-05-07T22:09:48.601+0000] {logging_mixin.py:188} INFO - [2026-05-07T22:09:48.600+0000] {dag.py:3096} INFO - Sync 1 DAGs
[2026-05-07T22:09:48.612+0000] {logging_mixin.py:188} INFO - [2026-05-07T22:09:48.612+0000] {dag.py:3954} INFO - Setting next_dagrun for example_sensor_decorator to None, run_after=None
[2026-05-07T22:09:48.635+0000] {processor.py:183} INFO - Processing /home/airflow/.local/lib/python3.12/site-packages/airflow/example_dags/example_sensor_decorator.py took 0.074 seconds
[2026-05-07T22:10:18.738+0000] {processor.py:161} INFO - Started process (PID=13025) to work on /home/airflow/.local/lib/python3.12/site-packages/airflow/example_dags/example_sensor_decorator.py
[2026-05-07T22:10:18.740+0000] {processor.py:830} INFO - Processing file /home/airflow/.local/lib/python3.12/site-packages/airflow/example_dags/example_sensor_decorator.py for tasks to queue
[2026-05-07T22:10:18.742+0000] {logging_mixin.py:188} INFO - [2026-05-07T22:10:18.742+0000] {dagbag.py:545} INFO - Filling up the DagBag from /home/airflow/.local/lib/python3.12/site-packages/airflow/example_dags/example_sensor_decorator.py
[2026-05-07T22:10:18.749+0000] {processor.py:840} INFO - DAG(s) 'example_sensor_decorator' retrieved from /home/airflow/.local/lib/python3.12/site-packages/airflow/example_dags/example_sensor_decorator.py
[2026-05-07T22:10:18.767+0000] {logging_mixin.py:188} INFO - [2026-05-07T22:10:18.766+0000] {dag.py:3096} INFO - Sync 1 DAGs
[2026-05-07T22:10:18.777+0000] {logging_mixin.py:188} INFO - [2026-05-07T22:10:18.777+0000] {dag.py:3954} INFO - Setting next_dagrun for example_sensor_decorator to None, run_after=None
[2026-05-07T22:10:18.793+0000] {processor.py:183} INFO - Processing /home/airflow/.local/lib/python3.12/site-packages/airflow/example_dags/example_sensor_decorator.py took 0.062 seconds
[2026-05-07T22:10:49.259+0000] {processor.py:161} INFO - Started process (PID=13083) to work on /home/airflow/.local/lib/python3.12/site-packages/airflow/example_dags/example_sensor_decorator.py
[2026-05-07T22:10:49.263+0000] {processor.py:830} INFO - Processing file /home/airflow/.local/lib/python3.12/site-packages/airflow/example_dags/example_sensor_decorator.py for tasks to queue
[2026-05-07T22:10:49.268+0000] {logging_mixin.py:188} INFO - [2026-05-07T22:10:49.267+0000] {dagbag.py:545} INFO - Filling up the DagBag from /home/airflow/.local/lib/python3.12/site-packages/airflow/example_dags/example_sensor_decorator.py
[2026-05-07T22:10:49.278+0000] {processor.py:840} INFO - DAG(s) 'example_sensor_decorator' retrieved from /home/airflow/.local/lib/python3.12/site-packages/airflow/example_dags/example_sensor_decorator.py
[2026-05-07T22:10:49.304+0000] {logging_mixin.py:188} INFO - [2026-05-07T22:10:49.304+0000] {dag.py:3096} INFO - Sync 1 DAGs
[2026-05-07T22:10:49.320+0000] {logging_mixin.py:188} INFO - [2026-05-07T22:10:49.319+0000] {dag.py:3954} INFO - Setting next_dagrun for example_sensor_decorator to None, run_after=None
[2026-05-07T22:10:49.345+0000] {processor.py:183} INFO - Processing /home/airflow/.local/lib/python3.12/site-packages/airflow/example_dags/example_sensor_decorator.py took 0.098 seconds
[2026-05-07T22:11:19.653+0000] {processor.py:161} INFO - Started process (PID=13141) to work on /home/airflow/.local/lib/python3.12/site-packages/airflow/example_dags/example_sensor_decorator.py
[2026-05-07T22:11:19.654+0000] {processor.py:830} INFO - Processing file /home/airflow/.local/lib/python3.12/site-packages/airflow/example_dags/example_sensor_decorator.py for tasks to queue
[2026-05-07T22:11:19.657+0000] {logging_mixin.py:188} INFO - [2026-05-07T22:11:19.656+0000] {dagbag.py:545} INFO - Filling up the DagBag from /home/airflow/.local/lib/python3.12/site-packages/airflow/example_dags/example_sensor_decorator.py
[2026-05-07T22:11:19.664+0000] {processor.py:840} INFO - DAG(s) 'example_sensor_decorator' retrieved from /home/airflow/.local/lib/python3.12/site-packages/airflow/example_dags/example_sensor_decorator.py
[2026-05-07T22:11:19.688+0000] {logging_mixin.py:188} INFO - [2026-05-07T22:11:19.688+0000] {dag.py:3096} INFO - Sync 1 DAGs
[2026-05-07T22:11:19.700+0000] {logging_mixin.py:188} INFO - [2026-05-07T22:11:19.700+0000] {dag.py:3954} INFO - Setting next_dagrun for example_sensor_decorator to None, run_after=None
[2026-05-07T22:11:19.723+0000] {processor.py:183} INFO - Processing /home/airflow/.local/lib/python3.12/site-packages/airflow/example_dags/example_sensor_decorator.py took 0.077 seconds
[2026-05-07T22:13:30.534+0000] {processor.py:161} INFO - Started process (PID=81) to work on /home/airflow/.local/lib/python3.12/site-packages/airflow/example_dags/example_sensor_decorator.py
[2026-05-07T22:13:30.549+0000] {processor.py:830} INFO - Processing file /home/airflow/.local/lib/python3.12/site-packages/airflow/example_dags/example_sensor_decorator.py for tasks to queue
[2026-05-07T22:13:30.554+0000] {logging_mixin.py:188} INFO - [2026-05-07T22:13:30.552+0000] {dagbag.py:545} INFO - Filling up the DagBag from /home/airflow/.local/lib/python3.12/site-packages/airflow/example_dags/example_sensor_decorator.py
[2026-05-07T22:13:30.708+0000] {processor.py:840} INFO - DAG(s) 'example_sensor_decorator' retrieved from /home/airflow/.local/lib/python3.12/site-packages/airflow/example_dags/example_sensor_decorator.py
[2026-05-07T22:13:31.106+0000] {logging_mixin.py:188} INFO - [2026-05-07T22:13:31.105+0000] {dag.py:3096} INFO - Sync 1 DAGs
[2026-05-07T22:13:31.132+0000] {logging_mixin.py:188} INFO - [2026-05-07T22:13:31.132+0000] {dag.py:3954} INFO - Setting next_dagrun for example_sensor_decorator to None, run_after=None
[2026-05-07T22:13:31.194+0000] {processor.py:183} INFO - Processing /home/airflow/.local/lib/python3.12/site-packages/airflow/example_dags/example_sensor_decorator.py took 0.702 seconds
[2026-05-07T22:14:01.558+0000] {processor.py:161} INFO - Started process (PID=139) to work on /home/airflow/.local/lib/python3.12/site-packages/airflow/example_dags/example_sensor_decorator.py
[2026-05-07T22:14:01.561+0000] {processor.py:830} INFO - Processing file /home/airflow/.local/lib/python3.12/site-packages/airflow/example_dags/example_sensor_decorator.py for tasks to queue
[2026-05-07T22:14:01.563+0000] {logging_mixin.py:188} INFO - [2026-05-07T22:14:01.563+0000] {dagbag.py:545} INFO - Filling up the DagBag from /home/airflow/.local/lib/python3.12/site-packages/airflow/example_dags/example_sensor_decorator.py
[2026-05-07T22:14:01.571+0000] {processor.py:840} INFO - DAG(s) 'example_sensor_decorator' retrieved from /home/airflow/.local/lib/python3.12/site-packages/airflow/example_dags/example_sensor_decorator.py
[2026-05-07T22:14:01.603+0000] {logging_mixin.py:188} INFO - [2026-05-07T22:14:01.603+0000] {dag.py:3096} INFO - Sync 1 DAGs
[2026-05-07T22:14:01.620+0000] {logging_mixin.py:188} INFO - [2026-05-07T22:14:01.619+0000] {dag.py:3954} INFO - Setting next_dagrun for example_sensor_decorator to None, run_after=None
[2026-05-07T22:14:01.650+0000] {processor.py:183} INFO - Processing /home/airflow/.local/lib/python3.12/site-packages/airflow/example_dags/example_sensor_decorator.py took 0.099 seconds
[2026-05-07T22:14:32.348+0000] {processor.py:161} INFO - Started process (PID=197) to work on /home/airflow/.local/lib/python3.12/site-packages/airflow/example_dags/example_sensor_decorator.py
[2026-05-07T22:14:32.352+0000] {processor.py:830} INFO - Processing file /home/airflow/.local/lib/python3.12/site-packages/airflow/example_dags/example_sensor_decorator.py for tasks to queue
[2026-05-07T22:14:32.356+0000] {logging_mixin.py:188} INFO - [2026-05-07T22:14:32.355+0000] {dagbag.py:545} INFO - Filling up the DagBag from /home/airflow/.local/lib/python3.12/site-packages/airflow/example_dags/example_sensor_decorator.py
[2026-05-07T22:14:32.389+0000] {processor.py:840} INFO - DAG(s) 'example_sensor_decorator' retrieved from /home/airflow/.local/lib/python3.12/site-packages/airflow/example_dags/example_sensor_decorator.py
[2026-05-07T22:14:32.452+0000] {logging_mixin.py:188} INFO - [2026-05-07T22:14:32.451+0000] {dag.py:3096} INFO - Sync 1 DAGs
[2026-05-07T22:14:32.491+0000] {logging_mixin.py:188} INFO - [2026-05-07T22:14:32.491+0000] {dag.py:3954} INFO - Setting next_dagrun for example_sensor_decorator to None, run_after=None
[2026-05-07T22:14:32.536+0000] {processor.py:183} INFO - Processing /home/airflow/.local/lib/python3.12/site-packages/airflow/example_dags/example_sensor_decorator.py took 0.207 seconds
[2026-05-07T22:15:02.994+0000] {processor.py:161} INFO - Started process (PID=255) to work on /home/airflow/.local/lib/python3.12/site-packages/airflow/example_dags/example_sensor_decorator.py
[2026-05-07T22:15:02.998+0000] {processor.py:830} INFO - Processing file /home/airflow/.local/lib/python3.12/site-packages/airflow/example_dags/example_sensor_decorator.py for tasks to queue
[2026-05-07T22:15:03.002+0000] {logging_mixin.py:188} INFO - [2026-05-07T22:15:03.001+0000] {dagbag.py:545} INFO - Filling up the DagBag from /home/airflow/.local/lib/python3.12/site-packages/airflow/example_dags/example_sensor_decorator.py
[2026-05-07T22:15:03.026+0000] {processor.py:840} INFO - DAG(s) 'example_sensor_decorator' retrieved from /home/airflow/.local/lib/python3.12/site-packages/airflow/example_dags/example_sensor_decorator.py
[2026-05-07T22:15:03.080+0000] {logging_mixin.py:188} INFO - [2026-05-07T22:15:03.079+0000] {dag.py:3096} INFO - Sync 1 DAGs
[2026-05-07T22:15:03.105+0000] {logging_mixin.py:188} INFO - [2026-05-07T22:15:03.105+0000] {dag.py:3954} INFO - Setting next_dagrun for example_sensor_decorator to None, run_after=None
[2026-05-07T22:15:03.140+0000] {processor.py:183} INFO - Processing /home/airflow/.local/lib/python3.12/site-packages/airflow/example_dags/example_sensor_decorator.py took 0.159 seconds
[2026-05-07T22:15:33.249+0000] {processor.py:161} INFO - Started process (PID=313) to work on /home/airflow/.local/lib/python3.12/site-packages/airflow/example_dags/example_sensor_decorator.py
[2026-05-07T22:15:33.251+0000] {processor.py:830} INFO - Processing file /home/airflow/.local/lib/python3.12/site-packages/airflow/example_dags/example_sensor_decorator.py for tasks to queue
[2026-05-07T22:15:33.254+0000] {logging_mixin.py:188} INFO - [2026-05-07T22:15:33.253+0000] {dagbag.py:545} INFO - Filling up the DagBag from /home/airflow/.local/lib/python3.12/site-packages/airflow/example_dags/example_sensor_decorator.py
[2026-05-07T22:15:33.262+0000] {processor.py:840} INFO - DAG(s) 'example_sensor_decorator' retrieved from /home/airflow/.local/lib/python3.12/site-packages/airflow/example_dags/example_sensor_decorator.py
[2026-05-07T22:15:33.288+0000] {logging_mixin.py:188} INFO - [2026-05-07T22:15:33.288+0000] {dag.py:3096} INFO - Sync 1 DAGs
[2026-05-07T22:15:33.301+0000] {logging_mixin.py:188} INFO - [2026-05-07T22:15:33.301+0000] {dag.py:3954} INFO - Setting next_dagrun for example_sensor_decorator to None, run_after=None
[2026-05-07T22:15:33.329+0000] {processor.py:183} INFO - Processing /home/airflow/.local/lib/python3.12/site-packages/airflow/example_dags/example_sensor_decorator.py took 0.086 seconds
[2026-05-07T22:16:04.173+0000] {processor.py:161} INFO - Started process (PID=371) to work on /home/airflow/.local/lib/python3.12/site-packages/airflow/example_dags/example_sensor_decorator.py
[2026-05-07T22:16:04.177+0000] {processor.py:830} INFO - Processing file /home/airflow/.local/lib/python3.12/site-packages/airflow/example_dags/example_sensor_decorator.py for tasks to queue
[2026-05-07T22:16:04.181+0000] {logging_mixin.py:188} INFO - [2026-05-07T22:16:04.181+0000] {dagbag.py:545} INFO - Filling up the DagBag from /home/airflow/.local/lib/python3.12/site-packages/airflow/example_dags/example_sensor_decorator.py
[2026-05-07T22:16:04.189+0000] {processor.py:840} INFO - DAG(s) 'example_sensor_decorator' retrieved from /home/airflow/.local/lib/python3.12/site-packages/airflow/example_dags/example_sensor_decorator.py
[2026-05-07T22:16:04.219+0000] {logging_mixin.py:188} INFO - [2026-05-07T22:16:04.218+0000] {dag.py:3096} INFO - Sync 1 DAGs
[2026-05-07T22:16:04.236+0000] {logging_mixin.py:188} INFO - [2026-05-07T22:16:04.236+0000] {dag.py:3954} INFO - Setting next_dagrun for example_sensor_decorator to None, run_after=None
[2026-05-07T22:16:04.264+0000] {processor.py:183} INFO - Processing /home/airflow/.local/lib/python3.12/site-packages/airflow/example_dags/example_sensor_decorator.py took 0.100 seconds
[2026-05-07T22:16:34.585+0000] {processor.py:161} INFO - Started process (PID=429) to work on /home/airflow/.local/lib/python3.12/site-packages/airflow/example_dags/example_sensor_decorator.py
[2026-05-07T22:16:34.588+0000] {processor.py:830} INFO - Processing file /home/airflow/.local/lib/python3.12/site-packages/airflow/example_dags/example_sensor_decorator.py for tasks to queue
[2026-05-07T22:16:34.591+0000] {logging_mixin.py:188} INFO - [2026-05-07T22:16:34.590+0000] {dagbag.py:545} INFO - Filling up the DagBag from /home/airflow/.local/lib/python3.12/site-packages/airflow/example_dags/example_sensor_decorator.py
[2026-05-07T22:16:34.598+0000] {processor.py:840} INFO - DAG(s) 'example_sensor_decorator' retrieved from /home/airflow/.local/lib/python3.12/site-packages/airflow/example_dags/example_sensor_decorator.py
[2026-05-07T22:16:34.644+0000] {logging_mixin.py:188} INFO - [2026-05-07T22:16:34.642+0000] {dag.py:3096} INFO - Sync 1 DAGs
[2026-05-07T22:16:34.680+0000] {logging_mixin.py:188} INFO - [2026-05-07T22:16:34.679+0000] {dag.py:3954} INFO - Setting next_dagrun for example_sensor_decorator to None, run_after=None
[2026-05-07T22:16:34.752+0000] {processor.py:183} INFO - Processing /home/airflow/.local/lib/python3.12/site-packages/airflow/example_dags/example_sensor_decorator.py took 0.184 seconds
[2026-05-07T22:17:05.243+0000] {processor.py:161} INFO - Started process (PID=487) to work on /home/airflow/.local/lib/python3.12/site-packages/airflow/example_dags/example_sensor_decorator.py
[2026-05-07T22:17:05.245+0000] {processor.py:830} INFO - Processing file /home/airflow/.local/lib/python3.12/site-packages/airflow/example_dags/example_sensor_decorator.py for tasks to queue
[2026-05-07T22:17:05.247+0000] {logging_mixin.py:188} INFO - [2026-05-07T22:17:05.247+0000] {dagbag.py:545} INFO - Filling up the DagBag from /home/airflow/.local/lib/python3.12/site-packages/airflow/example_dags/example_sensor_decorator.py
[2026-05-07T22:17:05.255+0000] {processor.py:840} INFO - DAG(s) 'example_sensor_decorator' retrieved from /home/airflow/.local/lib/python3.12/site-packages/airflow/example_dags/example_sensor_decorator.py
[2026-05-07T22:17:05.280+0000] {logging_mixin.py:188} INFO - [2026-05-07T22:17:05.279+0000] {dag.py:3096} INFO - Sync 1 DAGs
[2026-05-07T22:17:05.294+0000] {logging_mixin.py:188} INFO - [2026-05-07T22:17:05.293+0000] {dag.py:3954} INFO - Setting next_dagrun for example_sensor_decorator to None, run_after=None
[2026-05-07T22:17:05.314+0000] {processor.py:183} INFO - Processing /home/airflow/.local/lib/python3.12/site-packages/airflow/example_dags/example_sensor_decorator.py took 0.078 seconds
[2026-05-07T22:17:35.404+0000] {processor.py:161} INFO - Started process (PID=545) to work on /home/airflow/.local/lib/python3.12/site-packages/airflow/example_dags/example_sensor_decorator.py
[2026-05-07T22:17:35.405+0000] {processor.py:830} INFO - Processing file /home/airflow/.local/lib/python3.12/site-packages/airflow/example_dags/example_sensor_decorator.py for tasks to queue
[2026-05-07T22:17:35.408+0000] {logging_mixin.py:188} INFO - [2026-05-07T22:17:35.408+0000] {dagbag.py:545} INFO - Filling up the DagBag from /home/airflow/.local/lib/python3.12/site-packages/airflow/example_dags/example_sensor_decorator.py
[2026-05-07T22:17:35.416+0000] {processor.py:840} INFO - DAG(s) 'example_sensor_decorator' retrieved from /home/airflow/.local/lib/python3.12/site-packages/airflow/example_dags/example_sensor_decorator.py
[2026-05-07T22:17:35.437+0000] {logging_mixin.py:188} INFO - [2026-05-07T22:17:35.436+0000] {dag.py:3096} INFO - Sync 1 DAGs
[2026-05-07T22:17:35.449+0000] {logging_mixin.py:188} INFO - [2026-05-07T22:17:35.449+0000] {dag.py:3954} INFO - Setting next_dagrun for example_sensor_decorator to None, run_after=None
[2026-05-07T22:17:35.470+0000] {processor.py:183} INFO - Processing /home/airflow/.local/lib/python3.12/site-packages/airflow/example_dags/example_sensor_decorator.py took 0.072 seconds
[2026-05-07T22:18:06.356+0000] {processor.py:161} INFO - Started process (PID=603) to work on /home/airflow/.local/lib/python3.12/site-packages/airflow/example_dags/example_sensor_decorator.py
[2026-05-07T22:18:06.357+0000] {processor.py:830} INFO - Processing file /home/airflow/.local/lib/python3.12/site-packages/airflow/example_dags/example_sensor_decorator.py for tasks to queue
[2026-05-07T22:18:06.359+0000] {logging_mixin.py:188} INFO - [2026-05-07T22:18:06.359+0000] {dagbag.py:545} INFO - Filling up the DagBag from /home/airflow/.local/lib/python3.12/site-packages/airflow/example_dags/example_sensor_decorator.py
[2026-05-07T22:18:06.365+0000] {processor.py:840} INFO - DAG(s) 'example_sensor_decorator' retrieved from /home/airflow/.local/lib/python3.12/site-packages/airflow/example_dags/example_sensor_decorator.py
[2026-05-07T22:18:06.387+0000] {logging_mixin.py:188} INFO - [2026-05-07T22:18:06.387+0000] {dag.py:3096} INFO - Sync 1 DAGs
[2026-05-07T22:18:06.399+0000] {logging_mixin.py:188} INFO - [2026-05-07T22:18:06.399+0000] {dag.py:3954} INFO - Setting next_dagrun for example_sensor_decorator to None, run_after=None
[2026-05-07T22:18:06.422+0000] {processor.py:183} INFO - Processing /home/airflow/.local/lib/python3.12/site-packages/airflow/example_dags/example_sensor_decorator.py took 0.073 seconds
[2026-05-07T22:18:36.604+0000] {processor.py:161} INFO - Started process (PID=660) to work on /home/airflow/.local/lib/python3.12/site-packages/airflow/example_dags/example_sensor_decorator.py
[2026-05-07T22:18:36.606+0000] {processor.py:830} INFO - Processing file /home/airflow/.local/lib/python3.12/site-packages/airflow/example_dags/example_sensor_decorator.py for tasks to queue
[2026-05-07T22:18:36.609+0000] {logging_mixin.py:188} INFO - [2026-05-07T22:18:36.609+0000] {dagbag.py:545} INFO - Filling up the DagBag from /home/airflow/.local/lib/python3.12/site-packages/airflow/example_dags/example_sensor_decorator.py
[2026-05-07T22:18:36.615+0000] {processor.py:840} INFO - DAG(s) 'example_sensor_decorator' retrieved from /home/airflow/.local/lib/python3.12/site-packages/airflow/example_dags/example_sensor_decorator.py
[2026-05-07T22:18:36.639+0000] {logging_mixin.py:188} INFO - [2026-05-07T22:18:36.639+0000] {dag.py:3096} INFO - Sync 1 DAGs
[2026-05-07T22:18:36.651+0000] {logging_mixin.py:188} INFO - [2026-05-07T22:18:36.651+0000] {dag.py:3954} INFO - Setting next_dagrun for example_sensor_decorator to None, run_after=None
[2026-05-07T22:18:36.678+0000] {processor.py:183} INFO - Processing /home/airflow/.local/lib/python3.12/site-packages/airflow/example_dags/example_sensor_decorator.py took 0.079 seconds
[2026-05-07T22:19:06.749+0000] {processor.py:161} INFO - Started process (PID=718) to work on /home/airflow/.local/lib/python3.12/site-packages/airflow/example_dags/example_sensor_decorator.py
[2026-05-07T22:19:06.750+0000] {processor.py:830} INFO - Processing file /home/airflow/.local/lib/python3.12/site-packages/airflow/example_dags/example_sensor_decorator.py for tasks to queue
[2026-05-07T22:19:06.753+0000] {logging_mixin.py:188} INFO - [2026-05-07T22:19:06.752+0000] {dagbag.py:545} INFO - Filling up the DagBag from /home/airflow/.local/lib/python3.12/site-packages/airflow/example_dags/example_sensor_decorator.py
[2026-05-07T22:19:06.759+0000] {processor.py:840} INFO - DAG(s) 'example_sensor_decorator' retrieved from /home/airflow/.local/lib/python3.12/site-packages/airflow/example_dags/example_sensor_decorator.py
[2026-05-07T22:19:06.779+0000] {logging_mixin.py:188} INFO - [2026-05-07T22:19:06.778+0000] {dag.py:3096} INFO - Sync 1 DAGs
[2026-05-07T22:19:06.791+0000] {logging_mixin.py:188} INFO - [2026-05-07T22:19:06.791+0000] {dag.py:3954} INFO - Setting next_dagrun for example_sensor_decorator to None, run_after=None
[2026-05-07T22:19:06.814+0000] {processor.py:183} INFO - Processing /home/airflow/.local/lib/python3.12/site-packages/airflow/example_dags/example_sensor_decorator.py took 0.071 seconds
[2026-05-07T22:19:37.166+0000] {processor.py:161} INFO - Started process (PID=776) to work on /home/airflow/.local/lib/python3.12/site-packages/airflow/example_dags/example_sensor_decorator.py
[2026-05-07T22:19:37.168+0000] {processor.py:830} INFO - Processing file /home/airflow/.local/lib/python3.12/site-packages/airflow/example_dags/example_sensor_decorator.py for tasks to queue
[2026-05-07T22:19:37.170+0000] {logging_mixin.py:188} INFO - [2026-05-07T22:19:37.170+0000] {dagbag.py:545} INFO - Filling up the DagBag from /home/airflow/.local/lib/python3.12/site-packages/airflow/example_dags/example_sensor_decorator.py
[2026-05-07T22:19:37.176+0000] {processor.py:840} INFO - DAG(s) 'example_sensor_decorator' retrieved from /home/airflow/.local/lib/python3.12/site-packages/airflow/example_dags/example_sensor_decorator.py
[2026-05-07T22:19:37.198+0000] {logging_mixin.py:188} INFO - [2026-05-07T22:19:37.198+0000] {dag.py:3096} INFO - Sync 1 DAGs
[2026-05-07T22:19:37.210+0000] {logging_mixin.py:188} INFO - [2026-05-07T22:19:37.209+0000] {dag.py:3954} INFO - Setting next_dagrun for example_sensor_decorator to None, run_after=None
[2026-05-07T22:19:37.232+0000] {processor.py:183} INFO - Processing /home/airflow/.local/lib/python3.12/site-packages/airflow/example_dags/example_sensor_decorator.py took 0.072 seconds
[2026-05-07T22:20:07.422+0000] {processor.py:161} INFO - Started process (PID=834) to work on /home/airflow/.local/lib/python3.12/site-packages/airflow/example_dags/example_sensor_decorator.py
[2026-05-07T22:20:07.423+0000] {processor.py:830} INFO - Processing file /home/airflow/.local/lib/python3.12/site-packages/airflow/example_dags/example_sensor_decorator.py for tasks to queue
[2026-05-07T22:20:07.425+0000] {logging_mixin.py:188} INFO - [2026-05-07T22:20:07.425+0000] {dagbag.py:545} INFO - Filling up the DagBag from /home/airflow/.local/lib/python3.12/site-packages/airflow/example_dags/example_sensor_decorator.py
[2026-05-07T22:20:07.432+0000] {processor.py:840} INFO - DAG(s) 'example_sensor_decorator' retrieved from /home/airflow/.local/lib/python3.12/site-packages/airflow/example_dags/example_sensor_decorator.py
[2026-05-07T22:20:07.454+0000] {logging_mixin.py:188} INFO - [2026-05-07T22:20:07.453+0000] {dag.py:3096} INFO - Sync 1 DAGs
[2026-05-07T22:20:07.466+0000] {logging_mixin.py:188} INFO - [2026-05-07T22:20:07.466+0000] {dag.py:3954} INFO - Setting next_dagrun for example_sensor_decorator to None, run_after=None
[2026-05-07T22:20:07.488+0000] {processor.py:183} INFO - Processing /home/airflow/.local/lib/python3.12/site-packages/airflow/example_dags/example_sensor_decorator.py took 0.072 seconds
[2026-05-07T22:20:38.155+0000] {processor.py:161} INFO - Started process (PID=892) to work on /home/airflow/.local/lib/python3.12/site-packages/airflow/example_dags/example_sensor_decorator.py
[2026-05-07T22:20:38.157+0000] {processor.py:830} INFO - Processing file /home/airflow/.local/lib/python3.12/site-packages/airflow/example_dags/example_sensor_decorator.py for tasks to queue
[2026-05-07T22:20:38.160+0000] {logging_mixin.py:188} INFO - [2026-05-07T22:20:38.160+0000] {dagbag.py:545} INFO - Filling up the DagBag from /home/airflow/.local/lib/python3.12/site-packages/airflow/example_dags/example_sensor_decorator.py
[2026-05-07T22:20:38.168+0000] {processor.py:840} INFO - DAG(s) 'example_sensor_decorator' retrieved from /home/airflow/.local/lib/python3.12/site-packages/airflow/example_dags/example_sensor_decorator.py
[2026-05-07T22:20:38.194+0000] {logging_mixin.py:188} INFO - [2026-05-07T22:20:38.194+0000] {dag.py:3096} INFO - Sync 1 DAGs
[2026-05-07T22:20:38.206+0000] {logging_mixin.py:188} INFO - [2026-05-07T22:20:38.205+0000] {dag.py:3954} INFO - Setting next_dagrun for example_sensor_decorator to None, run_after=None
[2026-05-07T22:20:38.239+0000] {processor.py:183} INFO - Processing /home/airflow/.local/lib/python3.12/site-packages/airflow/example_dags/example_sensor_decorator.py took 0.091 seconds
[2026-05-07T22:21:08.282+0000] {processor.py:161} INFO - Started process (PID=949) to work on /home/airflow/.local/lib/python3.12/site-packages/airflow/example_dags/example_sensor_decorator.py
[2026-05-07T22:21:08.283+0000] {processor.py:830} INFO - Processing file /home/airflow/.local/lib/python3.12/site-packages/airflow/example_dags/example_sensor_decorator.py for tasks to queue
[2026-05-07T22:21:08.285+0000] {logging_mixin.py:188} INFO - [2026-05-07T22:21:08.285+0000] {dagbag.py:545} INFO - Filling up the DagBag from /home/airflow/.local/lib/python3.12/site-packages/airflow/example_dags/example_sensor_decorator.py
[2026-05-07T22:21:08.291+0000] {processor.py:840} INFO - DAG(s) 'example_sensor_decorator' retrieved from /home/airflow/.local/lib/python3.12/site-packages/airflow/example_dags/example_sensor_decorator.py
[2026-05-07T22:21:08.311+0000] {logging_mixin.py:188} INFO - [2026-05-07T22:21:08.311+0000] {dag.py:3096} INFO - Sync 1 DAGs
[2026-05-07T22:21:08.324+0000] {logging_mixin.py:188} INFO - [2026-05-07T22:21:08.323+0000] {dag.py:3954} INFO - Setting next_dagrun for example_sensor_decorator to None, run_after=None
[2026-05-07T22:21:08.351+0000] {processor.py:183} INFO - Processing /home/airflow/.local/lib/python3.12/site-packages/airflow/example_dags/example_sensor_decorator.py took 0.076 seconds
[2026-05-07T22:21:38.651+0000] {processor.py:161} INFO - Started process (PID=1008) to work on /home/airflow/.local/lib/python3.12/site-packages/airflow/example_dags/example_sensor_decorator.py
[2026-05-07T22:21:38.652+0000] {processor.py:830} INFO - Processing file /home/airflow/.local/lib/python3.12/site-packages/airflow/example_dags/example_sensor_decorator.py for tasks to queue
[2026-05-07T22:21:38.655+0000] {logging_mixin.py:188} INFO - [2026-05-07T22:21:38.654+0000] {dagbag.py:545} INFO - Filling up the DagBag from /home/airflow/.local/lib/python3.12/site-packages/airflow/example_dags/example_sensor_decorator.py
[2026-05-07T22:21:38.661+0000] {processor.py:840} INFO - DAG(s) 'example_sensor_decorator' retrieved from /home/airflow/.local/lib/python3.12/site-packages/airflow/example_dags/example_sensor_decorator.py
[2026-05-07T22:21:38.681+0000] {logging_mixin.py:188} INFO - [2026-05-07T22:21:38.681+0000] {dag.py:3096} INFO - Sync 1 DAGs
[2026-05-07T22:21:38.694+0000] {logging_mixin.py:188} INFO - [2026-05-07T22:21:38.693+0000] {dag.py:3954} INFO - Setting next_dagrun for example_sensor_decorator to None, run_after=None
[2026-05-07T22:21:38.716+0000] {processor.py:183} INFO - Processing /home/airflow/.local/lib/python3.12/site-packages/airflow/example_dags/example_sensor_decorator.py took 0.070 seconds
[2026-05-07T22:22:09.448+0000] {processor.py:161} INFO - Started process (PID=1066) to work on /home/airflow/.local/lib/python3.12/site-packages/airflow/example_dags/example_sensor_decorator.py
[2026-05-07T22:22:09.450+0000] {processor.py:830} INFO - Processing file /home/airflow/.local/lib/python3.12/site-packages/airflow/example_dags/example_sensor_decorator.py for tasks to queue
[2026-05-07T22:22:09.452+0000] {logging_mixin.py:188} INFO - [2026-05-07T22:22:09.451+0000] {dagbag.py:545} INFO - Filling up the DagBag from /home/airflow/.local/lib/python3.12/site-packages/airflow/example_dags/example_sensor_decorator.py
[2026-05-07T22:22:09.462+0000] {processor.py:840} INFO - DAG(s) 'example_sensor_decorator' retrieved from /home/airflow/.local/lib/python3.12/site-packages/airflow/example_dags/example_sensor_decorator.py
[2026-05-07T22:22:09.512+0000] {logging_mixin.py:188} INFO - [2026-05-07T22:22:09.511+0000] {dag.py:3096} INFO - Sync 1 DAGs
[2026-05-07T22:22:09.532+0000] {logging_mixin.py:188} INFO - [2026-05-07T22:22:09.531+0000] {dag.py:3954} INFO - Setting next_dagrun for example_sensor_decorator to None, run_after=None
[2026-05-07T22:22:09.568+0000] {processor.py:183} INFO - Processing /home/airflow/.local/lib/python3.12/site-packages/airflow/example_dags/example_sensor_decorator.py took 0.131 seconds
[2026-05-07T22:22:40.497+0000] {processor.py:161} INFO - Started process (PID=1124) to work on /home/airflow/.local/lib/python3.12/site-packages/airflow/example_dags/example_sensor_decorator.py
[2026-05-07T22:22:40.498+0000] {processor.py:830} INFO - Processing file /home/airflow/.local/lib/python3.12/site-packages/airflow/example_dags/example_sensor_decorator.py for tasks to queue
[2026-05-07T22:22:40.501+0000] {logging_mixin.py:188} INFO - [2026-05-07T22:22:40.500+0000] {dagbag.py:545} INFO - Filling up the DagBag from /home/airflow/.local/lib/python3.12/site-packages/airflow/example_dags/example_sensor_decorator.py
[2026-05-07T22:22:40.507+0000] {processor.py:840} INFO - DAG(s) 'example_sensor_decorator' retrieved from /home/airflow/.local/lib/python3.12/site-packages/airflow/example_dags/example_sensor_decorator.py
[2026-05-07T22:22:40.531+0000] {logging_mixin.py:188} INFO - [2026-05-07T22:22:40.531+0000] {dag.py:3096} INFO - Sync 1 DAGs
[2026-05-07T22:22:40.543+0000] {logging_mixin.py:188} INFO - [2026-05-07T22:22:40.543+0000] {dag.py:3954} INFO - Setting next_dagrun for example_sensor_decorator to None, run_after=None
[2026-05-07T22:22:40.565+0000] {processor.py:183} INFO - Processing /home/airflow/.local/lib/python3.12/site-packages/airflow/example_dags/example_sensor_decorator.py took 0.074 seconds
[2026-05-07T22:23:10.801+0000] {processor.py:161} INFO - Started process (PID=1182) to work on /home/airflow/.local/lib/python3.12/site-packages/airflow/example_dags/example_sensor_decorator.py
[2026-05-07T22:23:10.802+0000] {processor.py:830} INFO - Processing file /home/airflow/.local/lib/python3.12/site-packages/airflow/example_dags/example_sensor_decorator.py for tasks to queue
[2026-05-07T22:23:10.804+0000] {logging_mixin.py:188} INFO - [2026-05-07T22:23:10.804+0000] {dagbag.py:545} INFO - Filling up the DagBag from /home/airflow/.local/lib/python3.12/site-packages/airflow/example_dags/example_sensor_decorator.py
[2026-05-07T22:23:10.810+0000] {processor.py:840} INFO - DAG(s) 'example_sensor_decorator' retrieved from /home/airflow/.local/lib/python3.12/site-packages/airflow/example_dags/example_sensor_decorator.py
[2026-05-07T22:23:10.831+0000] {logging_mixin.py:188} INFO - [2026-05-07T22:23:10.830+0000] {dag.py:3096} INFO - Sync 1 DAGs
[2026-05-07T22:23:10.846+0000] {logging_mixin.py:188} INFO - [2026-05-07T22:23:10.846+0000] {dag.py:3954} INFO - Setting next_dagrun for example_sensor_decorator to None, run_after=None
[2026-05-07T22:23:10.871+0000] {processor.py:183} INFO - Processing /home/airflow/.local/lib/python3.12/site-packages/airflow/example_dags/example_sensor_decorator.py took 0.075 seconds
[2026-05-07T22:23:41.374+0000] {processor.py:161} INFO - Started process (PID=1240) to work on /home/airflow/.local/lib/python3.12/site-packages/airflow/example_dags/example_sensor_decorator.py
[2026-05-07T22:23:41.376+0000] {processor.py:830} INFO - Processing file /home/airflow/.local/lib/python3.12/site-packages/airflow/example_dags/example_sensor_decorator.py for tasks to queue
[2026-05-07T22:23:41.378+0000] {logging_mixin.py:188} INFO - [2026-05-07T22:23:41.377+0000] {dagbag.py:545} INFO - Filling up the DagBag from /home/airflow/.local/lib/python3.12/site-packages/airflow/example_dags/example_sensor_decorator.py
[2026-05-07T22:23:41.383+0000] {processor.py:840} INFO - DAG(s) 'example_sensor_decorator' retrieved from /home/airflow/.local/lib/python3.12/site-packages/airflow/example_dags/example_sensor_decorator.py
[2026-05-07T22:23:41.404+0000] {logging_mixin.py:188} INFO - [2026-05-07T22:23:41.404+0000] {dag.py:3096} INFO - Sync 1 DAGs
[2026-05-07T22:23:41.415+0000] {logging_mixin.py:188} INFO - [2026-05-07T22:23:41.415+0000] {dag.py:3954} INFO - Setting next_dagrun for example_sensor_decorator to None, run_after=None
[2026-05-07T22:23:41.438+0000] {processor.py:183} INFO - Processing /home/airflow/.local/lib/python3.12/site-packages/airflow/example_dags/example_sensor_decorator.py took 0.069 seconds
[2026-05-07T22:24:11.538+0000] {processor.py:161} INFO - Started process (PID=1298) to work on /home/airflow/.local/lib/python3.12/site-packages/airflow/example_dags/example_sensor_decorator.py
[2026-05-07T22:24:11.539+0000] {processor.py:830} INFO - Processing file /home/airflow/.local/lib/python3.12/site-packages/airflow/example_dags/example_sensor_decorator.py for tasks to queue
[2026-05-07T22:24:11.542+0000] {logging_mixin.py:188} INFO - [2026-05-07T22:24:11.541+0000] {dagbag.py:545} INFO - Filling up the DagBag from /home/airflow/.local/lib/python3.12/site-packages/airflow/example_dags/example_sensor_decorator.py
[2026-05-07T22:24:11.548+0000] {processor.py:840} INFO - DAG(s) 'example_sensor_decorator' retrieved from /home/airflow/.local/lib/python3.12/site-packages/airflow/example_dags/example_sensor_decorator.py
[2026-05-07T22:24:11.567+0000] {logging_mixin.py:188} INFO - [2026-05-07T22:24:11.567+0000] {dag.py:3096} INFO - Sync 1 DAGs
[2026-05-07T22:24:11.579+0000] {logging_mixin.py:188} INFO - [2026-05-07T22:24:11.578+0000] {dag.py:3954} INFO - Setting next_dagrun for example_sensor_decorator to None, run_after=None
[2026-05-07T22:24:11.601+0000] {processor.py:183} INFO - Processing /home/airflow/.local/lib/python3.12/site-packages/airflow/example_dags/example_sensor_decorator.py took 0.068 seconds
[2026-05-07T22:24:41.722+0000] {processor.py:161} INFO - Started process (PID=1356) to work on /home/airflow/.local/lib/python3.12/site-packages/airflow/example_dags/example_sensor_decorator.py
[2026-05-07T22:24:41.723+0000] {processor.py:830} INFO - Processing file /home/airflow/.local/lib/python3.12/site-packages/airflow/example_dags/example_sensor_decorator.py for tasks to queue
[2026-05-07T22:24:41.727+0000] {logging_mixin.py:188} INFO - [2026-05-07T22:24:41.727+0000] {dagbag.py:545} INFO - Filling up the DagBag from /home/airflow/.local/lib/python3.12/site-packages/airflow/example_dags/example_sensor_decorator.py
[2026-05-07T22:24:41.737+0000] {processor.py:840} INFO - DAG(s) 'example_sensor_decorator' retrieved from /home/airflow/.local/lib/python3.12/site-packages/airflow/example_dags/example_sensor_decorator.py
[2026-05-07T22:24:41.765+0000] {logging_mixin.py:188} INFO - [2026-05-07T22:24:41.764+0000] {dag.py:3096} INFO - Sync 1 DAGs
[2026-05-07T22:24:41.781+0000] {logging_mixin.py:188} INFO - [2026-05-07T22:24:41.781+0000] {dag.py:3954} INFO - Setting next_dagrun for example_sensor_decorator to None, run_after=None
[2026-05-07T22:24:41.805+0000] {processor.py:183} INFO - Processing /home/airflow/.local/lib/python3.12/site-packages/airflow/example_dags/example_sensor_decorator.py took 0.091 seconds
[2026-05-07T22:25:11.926+0000] {processor.py:161} INFO - Started process (PID=1414) to work on /home/airflow/.local/lib/python3.12/site-packages/airflow/example_dags/example_sensor_decorator.py
[2026-05-07T22:25:11.927+0000] {processor.py:830} INFO - Processing file /home/airflow/.local/lib/python3.12/site-packages/airflow/example_dags/example_sensor_decorator.py for tasks to queue
[2026-05-07T22:25:11.930+0000] {logging_mixin.py:188} INFO - [2026-05-07T22:25:11.930+0000] {dagbag.py:545} INFO - Filling up the DagBag from /home/airflow/.local/lib/python3.12/site-packages/airflow/example_dags/example_sensor_decorator.py
[2026-05-07T22:25:11.936+0000] {processor.py:840} INFO - DAG(s) 'example_sensor_decorator' retrieved from /home/airflow/.local/lib/python3.12/site-packages/airflow/example_dags/example_sensor_decorator.py
[2026-05-07T22:25:11.957+0000] {logging_mixin.py:188} INFO - [2026-05-07T22:25:11.957+0000] {dag.py:3096} INFO - Sync 1 DAGs
[2026-05-07T22:25:11.970+0000] {logging_mixin.py:188} INFO - [2026-05-07T22:25:11.969+0000] {dag.py:3954} INFO - Setting next_dagrun for example_sensor_decorator to None, run_after=None
[2026-05-07T22:25:11.992+0000] {processor.py:183} INFO - Processing /home/airflow/.local/lib/python3.12/site-packages/airflow/example_dags/example_sensor_decorator.py took 0.072 seconds
[2026-05-07T22:25:42.264+0000] {processor.py:161} INFO - Started process (PID=1471) to work on /home/airflow/.local/lib/python3.12/site-packages/airflow/example_dags/example_sensor_decorator.py
[2026-05-07T22:25:42.266+0000] {processor.py:830} INFO - Processing file /home/airflow/.local/lib/python3.12/site-packages/airflow/example_dags/example_sensor_decorator.py for tasks to queue
[2026-05-07T22:25:42.268+0000] {logging_mixin.py:188} INFO - [2026-05-07T22:25:42.267+0000] {dagbag.py:545} INFO - Filling up the DagBag from /home/airflow/.local/lib/python3.12/site-packages/airflow/example_dags/example_sensor_decorator.py
[2026-05-07T22:25:42.273+0000] {processor.py:840} INFO - DAG(s) 'example_sensor_decorator' retrieved from /home/airflow/.local/lib/python3.12/site-packages/airflow/example_dags/example_sensor_decorator.py
[2026-05-07T22:25:42.293+0000] {logging_mixin.py:188} INFO - [2026-05-07T22:25:42.293+0000] {dag.py:3096} INFO - Sync 1 DAGs
[2026-05-07T22:25:42.304+0000] {logging_mixin.py:188} INFO - [2026-05-07T22:25:42.304+0000] {dag.py:3954} INFO - Setting next_dagrun for example_sensor_decorator to None, run_after=None
[2026-05-07T22:25:42.324+0000] {processor.py:183} INFO - Processing /home/airflow/.local/lib/python3.12/site-packages/airflow/example_dags/example_sensor_decorator.py took 0.064 seconds
[2026-05-07T22:26:12.453+0000] {processor.py:161} INFO - Started process (PID=1529) to work on /home/airflow/.local/lib/python3.12/site-packages/airflow/example_dags/example_sensor_decorator.py
[2026-05-07T22:26:12.454+0000] {processor.py:830} INFO - Processing file /home/airflow/.local/lib/python3.12/site-packages/airflow/example_dags/example_sensor_decorator.py for tasks to queue
[2026-05-07T22:26:12.456+0000] {logging_mixin.py:188} INFO - [2026-05-07T22:26:12.456+0000] {dagbag.py:545} INFO - Filling up the DagBag from /home/airflow/.local/lib/python3.12/site-packages/airflow/example_dags/example_sensor_decorator.py
[2026-05-07T22:26:12.462+0000] {processor.py:840} INFO - DAG(s) 'example_sensor_decorator' retrieved from /home/airflow/.local/lib/python3.12/site-packages/airflow/example_dags/example_sensor_decorator.py
[2026-05-07T22:26:12.483+0000] {logging_mixin.py:188} INFO - [2026-05-07T22:26:12.483+0000] {dag.py:3096} INFO - Sync 1 DAGs
[2026-05-07T22:26:12.497+0000] {logging_mixin.py:188} INFO - [2026-05-07T22:26:12.497+0000] {dag.py:3954} INFO - Setting next_dagrun for example_sensor_decorator to None, run_after=None
[2026-05-07T22:26:12.518+0000] {processor.py:183} INFO - Processing /home/airflow/.local/lib/python3.12/site-packages/airflow/example_dags/example_sensor_decorator.py took 0.070 seconds
[2026-05-07T22:26:42.902+0000] {processor.py:161} INFO - Started process (PID=1587) to work on /home/airflow/.local/lib/python3.12/site-packages/airflow/example_dags/example_sensor_decorator.py
[2026-05-07T22:26:42.903+0000] {processor.py:830} INFO - Processing file /home/airflow/.local/lib/python3.12/site-packages/airflow/example_dags/example_sensor_decorator.py for tasks to queue
[2026-05-07T22:26:42.905+0000] {logging_mixin.py:188} INFO - [2026-05-07T22:26:42.905+0000] {dagbag.py:545} INFO - Filling up the DagBag from /home/airflow/.local/lib/python3.12/site-packages/airflow/example_dags/example_sensor_decorator.py
[2026-05-07T22:26:42.911+0000] {processor.py:840} INFO - DAG(s) 'example_sensor_decorator' retrieved from /home/airflow/.local/lib/python3.12/site-packages/airflow/example_dags/example_sensor_decorator.py
[2026-05-07T22:26:42.932+0000] {logging_mixin.py:188} INFO - [2026-05-07T22:26:42.932+0000] {dag.py:3096} INFO - Sync 1 DAGs
[2026-05-07T22:26:42.947+0000] {logging_mixin.py:188} INFO - [2026-05-07T22:26:42.947+0000] {dag.py:3954} INFO - Setting next_dagrun for example_sensor_decorator to None, run_after=None
[2026-05-07T22:26:42.970+0000] {processor.py:183} INFO - Processing /home/airflow/.local/lib/python3.12/site-packages/airflow/example_dags/example_sensor_decorator.py took 0.073 seconds
[2026-05-07T22:27:13.022+0000] {processor.py:161} INFO - Started process (PID=1643) to work on /home/airflow/.local/lib/python3.12/site-packages/airflow/example_dags/example_sensor_decorator.py
[2026-05-07T22:27:13.023+0000] {processor.py:830} INFO - Processing file /home/airflow/.local/lib/python3.12/site-packages/airflow/example_dags/example_sensor_decorator.py for tasks to queue
[2026-05-07T22:27:13.025+0000] {logging_mixin.py:188} INFO - [2026-05-07T22:27:13.025+0000] {dagbag.py:545} INFO - Filling up the DagBag from /home/airflow/.local/lib/python3.12/site-packages/airflow/example_dags/example_sensor_decorator.py
[2026-05-07T22:27:13.031+0000] {processor.py:840} INFO - DAG(s) 'example_sensor_decorator' retrieved from /home/airflow/.local/lib/python3.12/site-packages/airflow/example_dags/example_sensor_decorator.py
[2026-05-07T22:27:13.050+0000] {logging_mixin.py:188} INFO - [2026-05-07T22:27:13.049+0000] {dag.py:3096} INFO - Sync 1 DAGs
[2026-05-07T22:27:13.060+0000] {logging_mixin.py:188} INFO - [2026-05-07T22:27:13.060+0000] {dag.py:3954} INFO - Setting next_dagrun for example_sensor_decorator to None, run_after=None
[2026-05-07T22:27:13.079+0000] {processor.py:183} INFO - Processing /home/airflow/.local/lib/python3.12/site-packages/airflow/example_dags/example_sensor_decorator.py took 0.062 seconds
[2026-05-07T22:27:43.192+0000] {processor.py:161} INFO - Started process (PID=1700) to work on /home/airflow/.local/lib/python3.12/site-packages/airflow/example_dags/example_sensor_decorator.py
[2026-05-07T22:27:43.193+0000] {processor.py:830} INFO - Processing file /home/airflow/.local/lib/python3.12/site-packages/airflow/example_dags/example_sensor_decorator.py for tasks to queue
[2026-05-07T22:27:43.195+0000] {logging_mixin.py:188} INFO - [2026-05-07T22:27:43.195+0000] {dagbag.py:545} INFO - Filling up the DagBag from /home/airflow/.local/lib/python3.12/site-packages/airflow/example_dags/example_sensor_decorator.py
[2026-05-07T22:27:43.201+0000] {processor.py:840} INFO - DAG(s) 'example_sensor_decorator' retrieved from /home/airflow/.local/lib/python3.12/site-packages/airflow/example_dags/example_sensor_decorator.py
[2026-05-07T22:27:43.220+0000] {logging_mixin.py:188} INFO - [2026-05-07T22:27:43.220+0000] {dag.py:3096} INFO - Sync 1 DAGs
[2026-05-07T22:27:43.230+0000] {logging_mixin.py:188} INFO - [2026-05-07T22:27:43.230+0000] {dag.py:3954} INFO - Setting next_dagrun for example_sensor_decorator to None, run_after=None
[2026-05-07T22:27:43.249+0000] {processor.py:183} INFO - Processing /home/airflow/.local/lib/python3.12/site-packages/airflow/example_dags/example_sensor_decorator.py took 0.062 seconds
[2026-05-07T22:28:14.011+0000] {processor.py:161} INFO - Started process (PID=1758) to work on /home/airflow/.local/lib/python3.12/site-packages/airflow/example_dags/example_sensor_decorator.py
[2026-05-07T22:28:14.013+0000] {processor.py:830} INFO - Processing file /home/airflow/.local/lib/python3.12/site-packages/airflow/example_dags/example_sensor_decorator.py for tasks to queue
[2026-05-07T22:28:14.016+0000] {logging_mixin.py:188} INFO - [2026-05-07T22:28:14.016+0000] {dagbag.py:545} INFO - Filling up the DagBag from /home/airflow/.local/lib/python3.12/site-packages/airflow/example_dags/example_sensor_decorator.py
[2026-05-07T22:28:14.024+0000] {processor.py:840} INFO - DAG(s) 'example_sensor_decorator' retrieved from /home/airflow/.local/lib/python3.12/site-packages/airflow/example_dags/example_sensor_decorator.py
[2026-05-07T22:28:14.043+0000] {logging_mixin.py:188} INFO - [2026-05-07T22:28:14.043+0000] {dag.py:3096} INFO - Sync 1 DAGs
[2026-05-07T22:28:14.168+0000] {logging_mixin.py:188} INFO - [2026-05-07T22:28:14.168+0000] {dag.py:3954} INFO - Setting next_dagrun for example_sensor_decorator to None, run_after=None
[2026-05-07T22:28:14.184+0000] {processor.py:183} INFO - Processing /home/airflow/.local/lib/python3.12/site-packages/airflow/example_dags/example_sensor_decorator.py took 0.179 seconds
[2026-05-07T22:28:45.028+0000] {processor.py:161} INFO - Started process (PID=1816) to work on /home/airflow/.local/lib/python3.12/site-packages/airflow/example_dags/example_sensor_decorator.py
[2026-05-07T22:28:45.029+0000] {processor.py:830} INFO - Processing file /home/airflow/.local/lib/python3.12/site-packages/airflow/example_dags/example_sensor_decorator.py for tasks to queue
[2026-05-07T22:28:45.031+0000] {logging_mixin.py:188} INFO - [2026-05-07T22:28:45.031+0000] {dagbag.py:545} INFO - Filling up the DagBag from /home/airflow/.local/lib/python3.12/site-packages/airflow/example_dags/example_sensor_decorator.py
[2026-05-07T22:28:45.036+0000] {processor.py:840} INFO - DAG(s) 'example_sensor_decorator' retrieved from /home/airflow/.local/lib/python3.12/site-packages/airflow/example_dags/example_sensor_decorator.py
[2026-05-07T22:28:45.053+0000] {logging_mixin.py:188} INFO - [2026-05-07T22:28:45.053+0000] {dag.py:3096} INFO - Sync 1 DAGs
[2026-05-07T22:28:45.063+0000] {logging_mixin.py:188} INFO - [2026-05-07T22:28:45.063+0000] {dag.py:3954} INFO - Setting next_dagrun for example_sensor_decorator to None, run_after=None
[2026-05-07T22:28:45.082+0000] {processor.py:183} INFO - Processing /home/airflow/.local/lib/python3.12/site-packages/airflow/example_dags/example_sensor_decorator.py took 0.059 seconds
[2026-05-07T22:29:15.208+0000] {processor.py:161} INFO - Started process (PID=1874) to work on /home/airflow/.local/lib/python3.12/site-packages/airflow/example_dags/example_sensor_decorator.py
[2026-05-07T22:29:15.210+0000] {processor.py:830} INFO - Processing file /home/airflow/.local/lib/python3.12/site-packages/airflow/example_dags/example_sensor_decorator.py for tasks to queue
[2026-05-07T22:29:15.212+0000] {logging_mixin.py:188} INFO - [2026-05-07T22:29:15.212+0000] {dagbag.py:545} INFO - Filling up the DagBag from /home/airflow/.local/lib/python3.12/site-packages/airflow/example_dags/example_sensor_decorator.py
[2026-05-07T22:29:15.218+0000] {processor.py:840} INFO - DAG(s) 'example_sensor_decorator' retrieved from /home/airflow/.local/lib/python3.12/site-packages/airflow/example_dags/example_sensor_decorator.py
[2026-05-07T22:29:15.237+0000] {logging_mixin.py:188} INFO - [2026-05-07T22:29:15.237+0000] {dag.py:3096} INFO - Sync 1 DAGs
[2026-05-07T22:29:15.247+0000] {logging_mixin.py:188} INFO - [2026-05-07T22:29:15.247+0000] {dag.py:3954} INFO - Setting next_dagrun for example_sensor_decorator to None, run_after=None
[2026-05-07T22:29:15.266+0000] {processor.py:183} INFO - Processing /home/airflow/.local/lib/python3.12/site-packages/airflow/example_dags/example_sensor_decorator.py took 0.062 seconds
[2026-05-07T22:29:45.561+0000] {processor.py:161} INFO - Started process (PID=1933) to work on /home/airflow/.local/lib/python3.12/site-packages/airflow/example_dags/example_sensor_decorator.py
[2026-05-07T22:29:45.562+0000] {processor.py:830} INFO - Processing file /home/airflow/.local/lib/python3.12/site-packages/airflow/example_dags/example_sensor_decorator.py for tasks to queue
[2026-05-07T22:29:45.564+0000] {logging_mixin.py:188} INFO - [2026-05-07T22:29:45.564+0000] {dagbag.py:545} INFO - Filling up the DagBag from /home/airflow/.local/lib/python3.12/site-packages/airflow/example_dags/example_sensor_decorator.py
[2026-05-07T22:29:45.716+0000] {processor.py:840} INFO - DAG(s) 'example_sensor_decorator' retrieved from /home/airflow/.local/lib/python3.12/site-packages/airflow/example_dags/example_sensor_decorator.py
[2026-05-07T22:29:45.732+0000] {logging_mixin.py:188} INFO - [2026-05-07T22:29:45.732+0000] {dag.py:3096} INFO - Sync 1 DAGs
[2026-05-07T22:29:45.741+0000] {logging_mixin.py:188} INFO - [2026-05-07T22:29:45.741+0000] {dag.py:3954} INFO - Setting next_dagrun for example_sensor_decorator to None, run_after=None
[2026-05-07T22:29:45.760+0000] {processor.py:183} INFO - Processing /home/airflow/.local/lib/python3.12/site-packages/airflow/example_dags/example_sensor_decorator.py took 0.204 seconds
[2026-05-07T22:30:16.602+0000] {processor.py:161} INFO - Started process (PID=1992) to work on /home/airflow/.local/lib/python3.12/site-packages/airflow/example_dags/example_sensor_decorator.py
[2026-05-07T22:30:16.604+0000] {processor.py:830} INFO - Processing file /home/airflow/.local/lib/python3.12/site-packages/airflow/example_dags/example_sensor_decorator.py for tasks to queue
[2026-05-07T22:30:16.606+0000] {logging_mixin.py:188} INFO - [2026-05-07T22:30:16.605+0000] {dagbag.py:545} INFO - Filling up the DagBag from /home/airflow/.local/lib/python3.12/site-packages/airflow/example_dags/example_sensor_decorator.py
[2026-05-07T22:30:16.611+0000] {processor.py:840} INFO - DAG(s) 'example_sensor_decorator' retrieved from /home/airflow/.local/lib/python3.12/site-packages/airflow/example_dags/example_sensor_decorator.py
[2026-05-07T22:30:16.628+0000] {logging_mixin.py:188} INFO - [2026-05-07T22:30:16.628+0000] {dag.py:3096} INFO - Sync 1 DAGs
[2026-05-07T22:30:16.638+0000] {logging_mixin.py:188} INFO - [2026-05-07T22:30:16.638+0000] {dag.py:3954} INFO - Setting next_dagrun for example_sensor_decorator to None, run_after=None
[2026-05-07T22:30:16.657+0000] {processor.py:183} INFO - Processing /home/airflow/.local/lib/python3.12/site-packages/airflow/example_dags/example_sensor_decorator.py took 0.060 seconds
[2026-05-07T22:30:46.918+0000] {processor.py:161} INFO - Started process (PID=2050) to work on /home/airflow/.local/lib/python3.12/site-packages/airflow/example_dags/example_sensor_decorator.py
[2026-05-07T22:30:46.919+0000] {processor.py:830} INFO - Processing file /home/airflow/.local/lib/python3.12/site-packages/airflow/example_dags/example_sensor_decorator.py for tasks to queue
[2026-05-07T22:30:46.921+0000] {logging_mixin.py:188} INFO - [2026-05-07T22:30:46.921+0000] {dagbag.py:545} INFO - Filling up the DagBag from /home/airflow/.local/lib/python3.12/site-packages/airflow/example_dags/example_sensor_decorator.py
[2026-05-07T22:30:46.927+0000] {processor.py:840} INFO - DAG(s) 'example_sensor_decorator' retrieved from /home/airflow/.local/lib/python3.12/site-packages/airflow/example_dags/example_sensor_decorator.py
[2026-05-07T22:30:46.944+0000] {logging_mixin.py:188} INFO - [2026-05-07T22:30:46.944+0000] {dag.py:3096} INFO - Sync 1 DAGs
[2026-05-07T22:30:46.954+0000] {logging_mixin.py:188} INFO - [2026-05-07T22:30:46.954+0000] {dag.py:3954} INFO - Setting next_dagrun for example_sensor_decorator to None, run_after=None
[2026-05-07T22:30:46.973+0000] {processor.py:183} INFO - Processing /home/airflow/.local/lib/python3.12/site-packages/airflow/example_dags/example_sensor_decorator.py took 0.060 seconds
[2026-05-07T22:31:17.152+0000] {processor.py:161} INFO - Started process (PID=2108) to work on /home/airflow/.local/lib/python3.12/site-packages/airflow/example_dags/example_sensor_decorator.py
[2026-05-07T22:31:17.153+0000] {processor.py:830} INFO - Processing file /home/airflow/.local/lib/python3.12/site-packages/airflow/example_dags/example_sensor_decorator.py for tasks to queue
[2026-05-07T22:31:17.155+0000] {logging_mixin.py:188} INFO - [2026-05-07T22:31:17.154+0000] {dagbag.py:545} INFO - Filling up the DagBag from /home/airflow/.local/lib/python3.12/site-packages/airflow/example_dags/example_sensor_decorator.py
[2026-05-07T22:31:17.160+0000] {processor.py:840} INFO - DAG(s) 'example_sensor_decorator' retrieved from /home/airflow/.local/lib/python3.12/site-packages/airflow/example_dags/example_sensor_decorator.py
[2026-05-07T22:31:17.181+0000] {logging_mixin.py:188} INFO - [2026-05-07T22:31:17.181+0000] {dag.py:3096} INFO - Sync 1 DAGs
[2026-05-07T22:31:17.193+0000] {logging_mixin.py:188} INFO - [2026-05-07T22:31:17.193+0000] {dag.py:3954} INFO - Setting next_dagrun for example_sensor_decorator to None, run_after=None
[2026-05-07T22:31:17.214+0000] {processor.py:183} INFO - Processing /home/airflow/.local/lib/python3.12/site-packages/airflow/example_dags/example_sensor_decorator.py took 0.067 seconds
[2026-05-07T22:31:47.408+0000] {processor.py:161} INFO - Started process (PID=2166) to work on /home/airflow/.local/lib/python3.12/site-packages/airflow/example_dags/example_sensor_decorator.py
[2026-05-07T22:31:47.409+0000] {processor.py:830} INFO - Processing file /home/airflow/.local/lib/python3.12/site-packages/airflow/example_dags/example_sensor_decorator.py for tasks to queue
[2026-05-07T22:31:47.411+0000] {logging_mixin.py:188} INFO - [2026-05-07T22:31:47.410+0000] {dagbag.py:545} INFO - Filling up the DagBag from /home/airflow/.local/lib/python3.12/site-packages/airflow/example_dags/example_sensor_decorator.py
[2026-05-07T22:31:47.416+0000] {processor.py:840} INFO - DAG(s) 'example_sensor_decorator' retrieved from /home/airflow/.local/lib/python3.12/site-packages/airflow/example_dags/example_sensor_decorator.py
[2026-05-07T22:31:47.436+0000] {logging_mixin.py:188} INFO - [2026-05-07T22:31:47.435+0000] {dag.py:3096} INFO - Sync 1 DAGs
[2026-05-07T22:31:47.446+0000] {logging_mixin.py:188} INFO - [2026-05-07T22:31:47.446+0000] {dag.py:3954} INFO - Setting next_dagrun for example_sensor_decorator to None, run_after=None
[2026-05-07T22:31:47.466+0000] {processor.py:183} INFO - Processing /home/airflow/.local/lib/python3.12/site-packages/airflow/example_dags/example_sensor_decorator.py took 0.063 seconds
[2026-05-07T22:32:17.814+0000] {processor.py:161} INFO - Started process (PID=2222) to work on /home/airflow/.local/lib/python3.12/site-packages/airflow/example_dags/example_sensor_decorator.py
[2026-05-07T22:32:17.815+0000] {processor.py:830} INFO - Processing file /home/airflow/.local/lib/python3.12/site-packages/airflow/example_dags/example_sensor_decorator.py for tasks to queue
[2026-05-07T22:32:17.818+0000] {logging_mixin.py:188} INFO - [2026-05-07T22:32:17.817+0000] {dagbag.py:545} INFO - Filling up the DagBag from /home/airflow/.local/lib/python3.12/site-packages/airflow/example_dags/example_sensor_decorator.py
[2026-05-07T22:32:17.824+0000] {processor.py:840} INFO - DAG(s) 'example_sensor_decorator' retrieved from /home/airflow/.local/lib/python3.12/site-packages/airflow/example_dags/example_sensor_decorator.py
[2026-05-07T22:32:17.843+0000] {logging_mixin.py:188} INFO - [2026-05-07T22:32:17.843+0000] {dag.py:3096} INFO - Sync 1 DAGs
[2026-05-07T22:32:17.858+0000] {logging_mixin.py:188} INFO - [2026-05-07T22:32:17.858+0000] {dag.py:3954} INFO - Setting next_dagrun for example_sensor_decorator to None, run_after=None
[2026-05-07T22:32:17.877+0000] {processor.py:183} INFO - Processing /home/airflow/.local/lib/python3.12/site-packages/airflow/example_dags/example_sensor_decorator.py took 0.068 seconds
[2026-05-07T22:32:48.003+0000] {processor.py:161} INFO - Started process (PID=2280) to work on /home/airflow/.local/lib/python3.12/site-packages/airflow/example_dags/example_sensor_decorator.py
[2026-05-07T22:32:48.004+0000] {processor.py:830} INFO - Processing file /home/airflow/.local/lib/python3.12/site-packages/airflow/example_dags/example_sensor_decorator.py for tasks to queue
[2026-05-07T22:32:48.006+0000] {logging_mixin.py:188} INFO - [2026-05-07T22:32:48.005+0000] {dagbag.py:545} INFO - Filling up the DagBag from /home/airflow/.local/lib/python3.12/site-packages/airflow/example_dags/example_sensor_decorator.py
[2026-05-07T22:32:48.011+0000] {processor.py:840} INFO - DAG(s) 'example_sensor_decorator' retrieved from /home/airflow/.local/lib/python3.12/site-packages/airflow/example_dags/example_sensor_decorator.py
[2026-05-07T22:32:48.032+0000] {logging_mixin.py:188} INFO - [2026-05-07T22:32:48.032+0000] {dag.py:3096} INFO - Sync 1 DAGs
[2026-05-07T22:32:48.045+0000] {logging_mixin.py:188} INFO - [2026-05-07T22:32:48.044+0000] {dag.py:3954} INFO - Setting next_dagrun for example_sensor_decorator to None, run_after=None
[2026-05-07T22:32:48.067+0000] {processor.py:183} INFO - Processing /home/airflow/.local/lib/python3.12/site-packages/airflow/example_dags/example_sensor_decorator.py took 0.070 seconds
[2026-05-07T22:33:18.295+0000] {processor.py:161} INFO - Started process (PID=2338) to work on /home/airflow/.local/lib/python3.12/site-packages/airflow/example_dags/example_sensor_decorator.py
[2026-05-07T22:33:18.296+0000] {processor.py:830} INFO - Processing file /home/airflow/.local/lib/python3.12/site-packages/airflow/example_dags/example_sensor_decorator.py for tasks to queue
[2026-05-07T22:33:18.299+0000] {logging_mixin.py:188} INFO - [2026-05-07T22:33:18.299+0000] {dagbag.py:545} INFO - Filling up the DagBag from /home/airflow/.local/lib/python3.12/site-packages/airflow/example_dags/example_sensor_decorator.py
[2026-05-07T22:33:18.307+0000] {processor.py:840} INFO - DAG(s) 'example_sensor_decorator' retrieved from /home/airflow/.local/lib/python3.12/site-packages/airflow/example_dags/example_sensor_decorator.py
[2026-05-07T22:33:18.327+0000] {logging_mixin.py:188} INFO - [2026-05-07T22:33:18.327+0000] {dag.py:3096} INFO - Sync 1 DAGs
[2026-05-07T22:33:18.339+0000] {logging_mixin.py:188} INFO - [2026-05-07T22:33:18.339+0000] {dag.py:3954} INFO - Setting next_dagrun for example_sensor_decorator to None, run_after=None
[2026-05-07T22:33:18.358+0000] {processor.py:183} INFO - Processing /home/airflow/.local/lib/python3.12/site-packages/airflow/example_dags/example_sensor_decorator.py took 0.069 seconds
[2026-05-07T22:33:48.512+0000] {processor.py:161} INFO - Started process (PID=2397) to work on /home/airflow/.local/lib/python3.12/site-packages/airflow/example_dags/example_sensor_decorator.py
[2026-05-07T22:33:48.513+0000] {processor.py:830} INFO - Processing file /home/airflow/.local/lib/python3.12/site-packages/airflow/example_dags/example_sensor_decorator.py for tasks to queue
[2026-05-07T22:33:48.515+0000] {logging_mixin.py:188} INFO - [2026-05-07T22:33:48.515+0000] {dagbag.py:545} INFO - Filling up the DagBag from /home/airflow/.local/lib/python3.12/site-packages/airflow/example_dags/example_sensor_decorator.py
[2026-05-07T22:33:48.523+0000] {processor.py:840} INFO - DAG(s) 'example_sensor_decorator' retrieved from /home/airflow/.local/lib/python3.12/site-packages/airflow/example_dags/example_sensor_decorator.py
[2026-05-07T22:33:48.545+0000] {logging_mixin.py:188} INFO - [2026-05-07T22:33:48.545+0000] {dag.py:3096} INFO - Sync 1 DAGs
[2026-05-07T22:33:48.557+0000] {logging_mixin.py:188} INFO - [2026-05-07T22:33:48.557+0000] {dag.py:3954} INFO - Setting next_dagrun for example_sensor_decorator to None, run_after=None
[2026-05-07T22:33:48.583+0000] {processor.py:183} INFO - Processing /home/airflow/.local/lib/python3.12/site-packages/airflow/example_dags/example_sensor_decorator.py took 0.077 seconds
[2026-05-07T22:34:19.471+0000] {processor.py:161} INFO - Started process (PID=2455) to work on /home/airflow/.local/lib/python3.12/site-packages/airflow/example_dags/example_sensor_decorator.py
[2026-05-07T22:34:19.472+0000] {processor.py:830} INFO - Processing file /home/airflow/.local/lib/python3.12/site-packages/airflow/example_dags/example_sensor_decorator.py for tasks to queue
[2026-05-07T22:34:19.474+0000] {logging_mixin.py:188} INFO - [2026-05-07T22:34:19.474+0000] {dagbag.py:545} INFO - Filling up the DagBag from /home/airflow/.local/lib/python3.12/site-packages/airflow/example_dags/example_sensor_decorator.py
[2026-05-07T22:34:19.481+0000] {processor.py:840} INFO - DAG(s) 'example_sensor_decorator' retrieved from /home/airflow/.local/lib/python3.12/site-packages/airflow/example_dags/example_sensor_decorator.py
[2026-05-07T22:34:19.501+0000] {logging_mixin.py:188} INFO - [2026-05-07T22:34:19.501+0000] {dag.py:3096} INFO - Sync 1 DAGs
[2026-05-07T22:34:19.513+0000] {logging_mixin.py:188} INFO - [2026-05-07T22:34:19.513+0000] {dag.py:3954} INFO - Setting next_dagrun for example_sensor_decorator to None, run_after=None
[2026-05-07T22:34:19.533+0000] {processor.py:183} INFO - Processing /home/airflow/.local/lib/python3.12/site-packages/airflow/example_dags/example_sensor_decorator.py took 0.069 seconds
[2026-05-07T22:34:49.731+0000] {processor.py:161} INFO - Started process (PID=2513) to work on /home/airflow/.local/lib/python3.12/site-packages/airflow/example_dags/example_sensor_decorator.py
[2026-05-07T22:34:49.733+0000] {processor.py:830} INFO - Processing file /home/airflow/.local/lib/python3.12/site-packages/airflow/example_dags/example_sensor_decorator.py for tasks to queue
[2026-05-07T22:34:49.735+0000] {logging_mixin.py:188} INFO - [2026-05-07T22:34:49.734+0000] {dagbag.py:545} INFO - Filling up the DagBag from /home/airflow/.local/lib/python3.12/site-packages/airflow/example_dags/example_sensor_decorator.py
[2026-05-07T22:34:49.741+0000] {processor.py:840} INFO - DAG(s) 'example_sensor_decorator' retrieved from /home/airflow/.local/lib/python3.12/site-packages/airflow/example_dags/example_sensor_decorator.py
[2026-05-07T22:34:49.761+0000] {logging_mixin.py:188} INFO - [2026-05-07T22:34:49.761+0000] {dag.py:3096} INFO - Sync 1 DAGs
[2026-05-07T22:34:49.773+0000] {logging_mixin.py:188} INFO - [2026-05-07T22:34:49.772+0000] {dag.py:3954} INFO - Setting next_dagrun for example_sensor_decorator to None, run_after=None
[2026-05-07T22:34:49.793+0000] {processor.py:183} INFO - Processing /home/airflow/.local/lib/python3.12/site-packages/airflow/example_dags/example_sensor_decorator.py took 0.067 seconds
[2026-05-07T22:35:19.958+0000] {processor.py:161} INFO - Started process (PID=2571) to work on /home/airflow/.local/lib/python3.12/site-packages/airflow/example_dags/example_sensor_decorator.py
[2026-05-07T22:35:19.960+0000] {processor.py:830} INFO - Processing file /home/airflow/.local/lib/python3.12/site-packages/airflow/example_dags/example_sensor_decorator.py for tasks to queue
[2026-05-07T22:35:19.962+0000] {logging_mixin.py:188} INFO - [2026-05-07T22:35:19.962+0000] {dagbag.py:545} INFO - Filling up the DagBag from /home/airflow/.local/lib/python3.12/site-packages/airflow/example_dags/example_sensor_decorator.py
[2026-05-07T22:35:19.969+0000] {processor.py:840} INFO - DAG(s) 'example_sensor_decorator' retrieved from /home/airflow/.local/lib/python3.12/site-packages/airflow/example_dags/example_sensor_decorator.py
[2026-05-07T22:35:19.988+0000] {logging_mixin.py:188} INFO - [2026-05-07T22:35:19.988+0000] {dag.py:3096} INFO - Sync 1 DAGs
[2026-05-07T22:35:20.000+0000] {logging_mixin.py:188} INFO - [2026-05-07T22:35:19.999+0000] {dag.py:3954} INFO - Setting next_dagrun for example_sensor_decorator to None, run_after=None
[2026-05-07T22:35:20.020+0000] {processor.py:183} INFO - Processing /home/airflow/.local/lib/python3.12/site-packages/airflow/example_dags/example_sensor_decorator.py took 0.068 seconds
[2026-05-07T22:35:50.481+0000] {processor.py:161} INFO - Started process (PID=2629) to work on /home/airflow/.local/lib/python3.12/site-packages/airflow/example_dags/example_sensor_decorator.py
[2026-05-07T22:35:50.482+0000] {processor.py:830} INFO - Processing file /home/airflow/.local/lib/python3.12/site-packages/airflow/example_dags/example_sensor_decorator.py for tasks to queue
[2026-05-07T22:35:50.484+0000] {logging_mixin.py:188} INFO - [2026-05-07T22:35:50.484+0000] {dagbag.py:545} INFO - Filling up the DagBag from /home/airflow/.local/lib/python3.12/site-packages/airflow/example_dags/example_sensor_decorator.py
[2026-05-07T22:35:50.491+0000] {processor.py:840} INFO - DAG(s) 'example_sensor_decorator' retrieved from /home/airflow/.local/lib/python3.12/site-packages/airflow/example_dags/example_sensor_decorator.py
[2026-05-07T22:35:50.511+0000] {logging_mixin.py:188} INFO - [2026-05-07T22:35:50.510+0000] {dag.py:3096} INFO - Sync 1 DAGs
[2026-05-07T22:35:50.521+0000] {logging_mixin.py:188} INFO - [2026-05-07T22:35:50.521+0000] {dag.py:3954} INFO - Setting next_dagrun for example_sensor_decorator to None, run_after=None
[2026-05-07T22:35:50.540+0000] {processor.py:183} INFO - Processing /home/airflow/.local/lib/python3.12/site-packages/airflow/example_dags/example_sensor_decorator.py took 0.065 seconds
[2026-05-07T22:36:20.772+0000] {processor.py:161} INFO - Started process (PID=2687) to work on /home/airflow/.local/lib/python3.12/site-packages/airflow/example_dags/example_sensor_decorator.py
[2026-05-07T22:36:20.773+0000] {processor.py:830} INFO - Processing file /home/airflow/.local/lib/python3.12/site-packages/airflow/example_dags/example_sensor_decorator.py for tasks to queue
[2026-05-07T22:36:20.775+0000] {logging_mixin.py:188} INFO - [2026-05-07T22:36:20.775+0000] {dagbag.py:545} INFO - Filling up the DagBag from /home/airflow/.local/lib/python3.12/site-packages/airflow/example_dags/example_sensor_decorator.py
[2026-05-07T22:36:20.782+0000] {processor.py:840} INFO - DAG(s) 'example_sensor_decorator' retrieved from /home/airflow/.local/lib/python3.12/site-packages/airflow/example_dags/example_sensor_decorator.py
[2026-05-07T22:36:20.804+0000] {logging_mixin.py:188} INFO - [2026-05-07T22:36:20.803+0000] {dag.py:3096} INFO - Sync 1 DAGs
[2026-05-07T22:36:20.820+0000] {logging_mixin.py:188} INFO - [2026-05-07T22:36:20.820+0000] {dag.py:3954} INFO - Setting next_dagrun for example_sensor_decorator to None, run_after=None
[2026-05-07T22:36:20.840+0000] {processor.py:183} INFO - Processing /home/airflow/.local/lib/python3.12/site-packages/airflow/example_dags/example_sensor_decorator.py took 0.074 seconds
[2026-05-07T22:36:51.036+0000] {processor.py:161} INFO - Started process (PID=2745) to work on /home/airflow/.local/lib/python3.12/site-packages/airflow/example_dags/example_sensor_decorator.py
[2026-05-07T22:36:51.039+0000] {processor.py:830} INFO - Processing file /home/airflow/.local/lib/python3.12/site-packages/airflow/example_dags/example_sensor_decorator.py for tasks to queue
[2026-05-07T22:36:51.041+0000] {logging_mixin.py:188} INFO - [2026-05-07T22:36:51.041+0000] {dagbag.py:545} INFO - Filling up the DagBag from /home/airflow/.local/lib/python3.12/site-packages/airflow/example_dags/example_sensor_decorator.py
[2026-05-07T22:36:51.047+0000] {processor.py:840} INFO - DAG(s) 'example_sensor_decorator' retrieved from /home/airflow/.local/lib/python3.12/site-packages/airflow/example_dags/example_sensor_decorator.py
[2026-05-07T22:36:51.067+0000] {logging_mixin.py:188} INFO - [2026-05-07T22:36:51.066+0000] {dag.py:3096} INFO - Sync 1 DAGs
[2026-05-07T22:36:51.079+0000] {logging_mixin.py:188} INFO - [2026-05-07T22:36:51.078+0000] {dag.py:3954} INFO - Setting next_dagrun for example_sensor_decorator to None, run_after=None
[2026-05-07T22:36:51.101+0000] {processor.py:183} INFO - Processing /home/airflow/.local/lib/python3.12/site-packages/airflow/example_dags/example_sensor_decorator.py took 0.070 seconds
[2026-05-07T22:37:21.757+0000] {processor.py:161} INFO - Started process (PID=2803) to work on /home/airflow/.local/lib/python3.12/site-packages/airflow/example_dags/example_sensor_decorator.py
[2026-05-07T22:37:21.758+0000] {processor.py:830} INFO - Processing file /home/airflow/.local/lib/python3.12/site-packages/airflow/example_dags/example_sensor_decorator.py for tasks to queue
[2026-05-07T22:37:21.761+0000] {logging_mixin.py:188} INFO - [2026-05-07T22:37:21.760+0000] {dagbag.py:545} INFO - Filling up the DagBag from /home/airflow/.local/lib/python3.12/site-packages/airflow/example_dags/example_sensor_decorator.py
[2026-05-07T22:37:21.767+0000] {processor.py:840} INFO - DAG(s) 'example_sensor_decorator' retrieved from /home/airflow/.local/lib/python3.12/site-packages/airflow/example_dags/example_sensor_decorator.py
[2026-05-07T22:37:21.785+0000] {logging_mixin.py:188} INFO - [2026-05-07T22:37:21.785+0000] {dag.py:3096} INFO - Sync 1 DAGs
[2026-05-07T22:37:21.797+0000] {logging_mixin.py:188} INFO - [2026-05-07T22:37:21.797+0000] {dag.py:3954} INFO - Setting next_dagrun for example_sensor_decorator to None, run_after=None
[2026-05-07T22:37:21.819+0000] {processor.py:183} INFO - Processing /home/airflow/.local/lib/python3.12/site-packages/airflow/example_dags/example_sensor_decorator.py took 0.067 seconds
[2026-05-07T22:37:52.124+0000] {processor.py:161} INFO - Started process (PID=2861) to work on /home/airflow/.local/lib/python3.12/site-packages/airflow/example_dags/example_sensor_decorator.py
[2026-05-07T22:37:52.126+0000] {processor.py:830} INFO - Processing file /home/airflow/.local/lib/python3.12/site-packages/airflow/example_dags/example_sensor_decorator.py for tasks to queue
[2026-05-07T22:37:52.128+0000] {logging_mixin.py:188} INFO - [2026-05-07T22:37:52.128+0000] {dagbag.py:545} INFO - Filling up the DagBag from /home/airflow/.local/lib/python3.12/site-packages/airflow/example_dags/example_sensor_decorator.py
[2026-05-07T22:37:52.134+0000] {processor.py:840} INFO - DAG(s) 'example_sensor_decorator' retrieved from /home/airflow/.local/lib/python3.12/site-packages/airflow/example_dags/example_sensor_decorator.py
[2026-05-07T22:37:52.154+0000] {logging_mixin.py:188} INFO - [2026-05-07T22:37:52.153+0000] {dag.py:3096} INFO - Sync 1 DAGs
[2026-05-07T22:37:52.167+0000] {logging_mixin.py:188} INFO - [2026-05-07T22:37:52.167+0000] {dag.py:3954} INFO - Setting next_dagrun for example_sensor_decorator to None, run_after=None
[2026-05-07T22:37:52.187+0000] {processor.py:183} INFO - Processing /home/airflow/.local/lib/python3.12/site-packages/airflow/example_dags/example_sensor_decorator.py took 0.068 seconds
[2026-05-07T22:38:23.121+0000] {processor.py:161} INFO - Started process (PID=2919) to work on /home/airflow/.local/lib/python3.12/site-packages/airflow/example_dags/example_sensor_decorator.py
[2026-05-07T22:38:23.122+0000] {processor.py:830} INFO - Processing file /home/airflow/.local/lib/python3.12/site-packages/airflow/example_dags/example_sensor_decorator.py for tasks to queue
[2026-05-07T22:38:23.124+0000] {logging_mixin.py:188} INFO - [2026-05-07T22:38:23.124+0000] {dagbag.py:545} INFO - Filling up the DagBag from /home/airflow/.local/lib/python3.12/site-packages/airflow/example_dags/example_sensor_decorator.py
[2026-05-07T22:38:23.130+0000] {processor.py:840} INFO - DAG(s) 'example_sensor_decorator' retrieved from /home/airflow/.local/lib/python3.12/site-packages/airflow/example_dags/example_sensor_decorator.py
[2026-05-07T22:38:23.150+0000] {logging_mixin.py:188} INFO - [2026-05-07T22:38:23.149+0000] {dag.py:3096} INFO - Sync 1 DAGs
[2026-05-07T22:38:23.162+0000] {logging_mixin.py:188} INFO - [2026-05-07T22:38:23.162+0000] {dag.py:3954} INFO - Setting next_dagrun for example_sensor_decorator to None, run_after=None
[2026-05-07T22:38:23.183+0000] {processor.py:183} INFO - Processing /home/airflow/.local/lib/python3.12/site-packages/airflow/example_dags/example_sensor_decorator.py took 0.067 seconds
[2026-05-07T22:38:53.289+0000] {processor.py:161} INFO - Started process (PID=2977) to work on /home/airflow/.local/lib/python3.12/site-packages/airflow/example_dags/example_sensor_decorator.py
[2026-05-07T22:38:53.291+0000] {processor.py:830} INFO - Processing file /home/airflow/.local/lib/python3.12/site-packages/airflow/example_dags/example_sensor_decorator.py for tasks to queue
[2026-05-07T22:38:53.293+0000] {logging_mixin.py:188} INFO - [2026-05-07T22:38:53.293+0000] {dagbag.py:545} INFO - Filling up the DagBag from /home/airflow/.local/lib/python3.12/site-packages/airflow/example_dags/example_sensor_decorator.py
[2026-05-07T22:38:53.299+0000] {processor.py:840} INFO - DAG(s) 'example_sensor_decorator' retrieved from /home/airflow/.local/lib/python3.12/site-packages/airflow/example_dags/example_sensor_decorator.py
[2026-05-07T22:38:53.318+0000] {logging_mixin.py:188} INFO - [2026-05-07T22:38:53.318+0000] {dag.py:3096} INFO - Sync 1 DAGs
[2026-05-07T22:38:53.331+0000] {logging_mixin.py:188} INFO - [2026-05-07T22:38:53.331+0000] {dag.py:3954} INFO - Setting next_dagrun for example_sensor_decorator to None, run_after=None
[2026-05-07T22:38:53.350+0000] {processor.py:183} INFO - Processing /home/airflow/.local/lib/python3.12/site-packages/airflow/example_dags/example_sensor_decorator.py took 0.067 seconds
[2026-05-07T22:39:23.553+0000] {processor.py:161} INFO - Started process (PID=3035) to work on /home/airflow/.local/lib/python3.12/site-packages/airflow/example_dags/example_sensor_decorator.py
[2026-05-07T22:39:23.555+0000] {processor.py:830} INFO - Processing file /home/airflow/.local/lib/python3.12/site-packages/airflow/example_dags/example_sensor_decorator.py for tasks to queue
[2026-05-07T22:39:23.557+0000] {logging_mixin.py:188} INFO - [2026-05-07T22:39:23.557+0000] {dagbag.py:545} INFO - Filling up the DagBag from /home/airflow/.local/lib/python3.12/site-packages/airflow/example_dags/example_sensor_decorator.py
[2026-05-07T22:39:23.563+0000] {processor.py:840} INFO - DAG(s) 'example_sensor_decorator' retrieved from /home/airflow/.local/lib/python3.12/site-packages/airflow/example_dags/example_sensor_decorator.py
[2026-05-07T22:39:23.584+0000] {logging_mixin.py:188} INFO - [2026-05-07T22:39:23.584+0000] {dag.py:3096} INFO - Sync 1 DAGs
[2026-05-07T22:39:23.597+0000] {logging_mixin.py:188} INFO - [2026-05-07T22:39:23.596+0000] {dag.py:3954} INFO - Setting next_dagrun for example_sensor_decorator to None, run_after=None
[2026-05-07T22:39:23.616+0000] {processor.py:183} INFO - Processing /home/airflow/.local/lib/python3.12/site-packages/airflow/example_dags/example_sensor_decorator.py took 0.068 seconds
[2026-05-07T22:39:53.808+0000] {processor.py:161} INFO - Started process (PID=3093) to work on /home/airflow/.local/lib/python3.12/site-packages/airflow/example_dags/example_sensor_decorator.py
[2026-05-07T22:39:53.809+0000] {processor.py:830} INFO - Processing file /home/airflow/.local/lib/python3.12/site-packages/airflow/example_dags/example_sensor_decorator.py for tasks to queue
[2026-05-07T22:39:53.811+0000] {logging_mixin.py:188} INFO - [2026-05-07T22:39:53.811+0000] {dagbag.py:545} INFO - Filling up the DagBag from /home/airflow/.local/lib/python3.12/site-packages/airflow/example_dags/example_sensor_decorator.py
[2026-05-07T22:39:53.817+0000] {processor.py:840} INFO - DAG(s) 'example_sensor_decorator' retrieved from /home/airflow/.local/lib/python3.12/site-packages/airflow/example_dags/example_sensor_decorator.py
[2026-05-07T22:39:53.836+0000] {logging_mixin.py:188} INFO - [2026-05-07T22:39:53.835+0000] {dag.py:3096} INFO - Sync 1 DAGs
[2026-05-07T22:39:53.848+0000] {logging_mixin.py:188} INFO - [2026-05-07T22:39:53.848+0000] {dag.py:3954} INFO - Setting next_dagrun for example_sensor_decorator to None, run_after=None
[2026-05-07T22:39:53.868+0000] {processor.py:183} INFO - Processing /home/airflow/.local/lib/python3.12/site-packages/airflow/example_dags/example_sensor_decorator.py took 0.066 seconds
[2026-05-07T22:40:23.997+0000] {processor.py:161} INFO - Started process (PID=3151) to work on /home/airflow/.local/lib/python3.12/site-packages/airflow/example_dags/example_sensor_decorator.py
[2026-05-07T22:40:23.999+0000] {processor.py:830} INFO - Processing file /home/airflow/.local/lib/python3.12/site-packages/airflow/example_dags/example_sensor_decorator.py for tasks to queue
[2026-05-07T22:40:24.001+0000] {logging_mixin.py:188} INFO - [2026-05-07T22:40:24.000+0000] {dagbag.py:545} INFO - Filling up the DagBag from /home/airflow/.local/lib/python3.12/site-packages/airflow/example_dags/example_sensor_decorator.py
[2026-05-07T22:40:24.007+0000] {processor.py:840} INFO - DAG(s) 'example_sensor_decorator' retrieved from /home/airflow/.local/lib/python3.12/site-packages/airflow/example_dags/example_sensor_decorator.py
[2026-05-07T22:40:24.026+0000] {logging_mixin.py:188} INFO - [2026-05-07T22:40:24.026+0000] {dag.py:3096} INFO - Sync 1 DAGs
[2026-05-07T22:40:24.038+0000] {logging_mixin.py:188} INFO - [2026-05-07T22:40:24.038+0000] {dag.py:3954} INFO - Setting next_dagrun for example_sensor_decorator to None, run_after=None
[2026-05-07T22:40:24.071+0000] {processor.py:183} INFO - Processing /home/airflow/.local/lib/python3.12/site-packages/airflow/example_dags/example_sensor_decorator.py took 0.079 seconds
[2026-05-07T22:40:54.388+0000] {processor.py:161} INFO - Started process (PID=3209) to work on /home/airflow/.local/lib/python3.12/site-packages/airflow/example_dags/example_sensor_decorator.py
[2026-05-07T22:40:54.390+0000] {processor.py:830} INFO - Processing file /home/airflow/.local/lib/python3.12/site-packages/airflow/example_dags/example_sensor_decorator.py for tasks to queue
[2026-05-07T22:40:54.391+0000] {logging_mixin.py:188} INFO - [2026-05-07T22:40:54.391+0000] {dagbag.py:545} INFO - Filling up the DagBag from /home/airflow/.local/lib/python3.12/site-packages/airflow/example_dags/example_sensor_decorator.py
[2026-05-07T22:40:54.398+0000] {processor.py:840} INFO - DAG(s) 'example_sensor_decorator' retrieved from /home/airflow/.local/lib/python3.12/site-packages/airflow/example_dags/example_sensor_decorator.py
[2026-05-07T22:40:54.417+0000] {logging_mixin.py:188} INFO - [2026-05-07T22:40:54.416+0000] {dag.py:3096} INFO - Sync 1 DAGs
[2026-05-07T22:40:54.429+0000] {logging_mixin.py:188} INFO - [2026-05-07T22:40:54.428+0000] {dag.py:3954} INFO - Setting next_dagrun for example_sensor_decorator to None, run_after=None
[2026-05-07T22:40:54.449+0000] {processor.py:183} INFO - Processing /home/airflow/.local/lib/python3.12/site-packages/airflow/example_dags/example_sensor_decorator.py took 0.066 seconds
[2026-05-07T22:41:24.647+0000] {processor.py:161} INFO - Started process (PID=3267) to work on /home/airflow/.local/lib/python3.12/site-packages/airflow/example_dags/example_sensor_decorator.py
[2026-05-07T22:41:24.648+0000] {processor.py:830} INFO - Processing file /home/airflow/.local/lib/python3.12/site-packages/airflow/example_dags/example_sensor_decorator.py for tasks to queue
[2026-05-07T22:41:24.651+0000] {logging_mixin.py:188} INFO - [2026-05-07T22:41:24.651+0000] {dagbag.py:545} INFO - Filling up the DagBag from /home/airflow/.local/lib/python3.12/site-packages/airflow/example_dags/example_sensor_decorator.py
[2026-05-07T22:41:24.659+0000] {processor.py:840} INFO - DAG(s) 'example_sensor_decorator' retrieved from /home/airflow/.local/lib/python3.12/site-packages/airflow/example_dags/example_sensor_decorator.py
[2026-05-07T22:41:24.677+0000] {logging_mixin.py:188} INFO - [2026-05-07T22:41:24.677+0000] {dag.py:3096} INFO - Sync 1 DAGs
[2026-05-07T22:41:24.688+0000] {logging_mixin.py:188} INFO - [2026-05-07T22:41:24.688+0000] {dag.py:3954} INFO - Setting next_dagrun for example_sensor_decorator to None, run_after=None
[2026-05-07T22:41:24.710+0000] {processor.py:183} INFO - Processing /home/airflow/.local/lib/python3.12/site-packages/airflow/example_dags/example_sensor_decorator.py took 0.068 seconds
[2026-05-07T22:41:55.074+0000] {processor.py:161} INFO - Started process (PID=3325) to work on /home/airflow/.local/lib/python3.12/site-packages/airflow/example_dags/example_sensor_decorator.py
[2026-05-07T22:41:55.076+0000] {processor.py:830} INFO - Processing file /home/airflow/.local/lib/python3.12/site-packages/airflow/example_dags/example_sensor_decorator.py for tasks to queue
[2026-05-07T22:41:55.078+0000] {logging_mixin.py:188} INFO - [2026-05-07T22:41:55.078+0000] {dagbag.py:545} INFO - Filling up the DagBag from /home/airflow/.local/lib/python3.12/site-packages/airflow/example_dags/example_sensor_decorator.py
[2026-05-07T22:41:55.085+0000] {processor.py:840} INFO - DAG(s) 'example_sensor_decorator' retrieved from /home/airflow/.local/lib/python3.12/site-packages/airflow/example_dags/example_sensor_decorator.py
[2026-05-07T22:41:55.106+0000] {logging_mixin.py:188} INFO - [2026-05-07T22:41:55.106+0000] {dag.py:3096} INFO - Sync 1 DAGs
[2026-05-07T22:41:55.119+0000] {logging_mixin.py:188} INFO - [2026-05-07T22:41:55.118+0000] {dag.py:3954} INFO - Setting next_dagrun for example_sensor_decorator to None, run_after=None
[2026-05-07T22:41:55.139+0000] {processor.py:183} INFO - Processing /home/airflow/.local/lib/python3.12/site-packages/airflow/example_dags/example_sensor_decorator.py took 0.070 seconds
[2026-05-07T22:42:25.952+0000] {processor.py:161} INFO - Started process (PID=3383) to work on /home/airflow/.local/lib/python3.12/site-packages/airflow/example_dags/example_sensor_decorator.py
[2026-05-07T22:42:25.953+0000] {processor.py:830} INFO - Processing file /home/airflow/.local/lib/python3.12/site-packages/airflow/example_dags/example_sensor_decorator.py for tasks to queue
[2026-05-07T22:42:25.955+0000] {logging_mixin.py:188} INFO - [2026-05-07T22:42:25.955+0000] {dagbag.py:545} INFO - Filling up the DagBag from /home/airflow/.local/lib/python3.12/site-packages/airflow/example_dags/example_sensor_decorator.py
[2026-05-07T22:42:25.962+0000] {processor.py:840} INFO - DAG(s) 'example_sensor_decorator' retrieved from /home/airflow/.local/lib/python3.12/site-packages/airflow/example_dags/example_sensor_decorator.py
[2026-05-07T22:42:25.982+0000] {logging_mixin.py:188} INFO - [2026-05-07T22:42:25.982+0000] {dag.py:3096} INFO - Sync 1 DAGs
[2026-05-07T22:42:25.993+0000] {logging_mixin.py:188} INFO - [2026-05-07T22:42:25.993+0000] {dag.py:3954} INFO - Setting next_dagrun for example_sensor_decorator to None, run_after=None
[2026-05-07T22:42:26.013+0000] {processor.py:183} INFO - Processing /home/airflow/.local/lib/python3.12/site-packages/airflow/example_dags/example_sensor_decorator.py took 0.067 seconds
[2026-05-07T22:42:56.394+0000] {processor.py:161} INFO - Started process (PID=3441) to work on /home/airflow/.local/lib/python3.12/site-packages/airflow/example_dags/example_sensor_decorator.py
[2026-05-07T22:42:56.395+0000] {processor.py:830} INFO - Processing file /home/airflow/.local/lib/python3.12/site-packages/airflow/example_dags/example_sensor_decorator.py for tasks to queue
[2026-05-07T22:42:56.398+0000] {logging_mixin.py:188} INFO - [2026-05-07T22:42:56.397+0000] {dagbag.py:545} INFO - Filling up the DagBag from /home/airflow/.local/lib/python3.12/site-packages/airflow/example_dags/example_sensor_decorator.py
[2026-05-07T22:42:56.405+0000] {processor.py:840} INFO - DAG(s) 'example_sensor_decorator' retrieved from /home/airflow/.local/lib/python3.12/site-packages/airflow/example_dags/example_sensor_decorator.py
[2026-05-07T22:42:56.452+0000] {logging_mixin.py:188} INFO - [2026-05-07T22:42:56.452+0000] {dag.py:3096} INFO - Sync 1 DAGs
[2026-05-07T22:42:56.470+0000] {logging_mixin.py:188} INFO - [2026-05-07T22:42:56.469+0000] {dag.py:3954} INFO - Setting next_dagrun for example_sensor_decorator to None, run_after=None
[2026-05-07T22:42:56.498+0000] {processor.py:183} INFO - Processing /home/airflow/.local/lib/python3.12/site-packages/airflow/example_dags/example_sensor_decorator.py took 0.109 seconds
[2026-05-07T22:43:26.804+0000] {processor.py:161} INFO - Started process (PID=3498) to work on /home/airflow/.local/lib/python3.12/site-packages/airflow/example_dags/example_sensor_decorator.py
[2026-05-07T22:43:26.806+0000] {processor.py:830} INFO - Processing file /home/airflow/.local/lib/python3.12/site-packages/airflow/example_dags/example_sensor_decorator.py for tasks to queue
[2026-05-07T22:43:26.810+0000] {logging_mixin.py:188} INFO - [2026-05-07T22:43:26.809+0000] {dagbag.py:545} INFO - Filling up the DagBag from /home/airflow/.local/lib/python3.12/site-packages/airflow/example_dags/example_sensor_decorator.py
[2026-05-07T22:43:26.816+0000] {processor.py:840} INFO - DAG(s) 'example_sensor_decorator' retrieved from /home/airflow/.local/lib/python3.12/site-packages/airflow/example_dags/example_sensor_decorator.py
[2026-05-07T22:43:26.838+0000] {logging_mixin.py:188} INFO - [2026-05-07T22:43:26.838+0000] {dag.py:3096} INFO - Sync 1 DAGs
[2026-05-07T22:43:26.851+0000] {logging_mixin.py:188} INFO - [2026-05-07T22:43:26.851+0000] {dag.py:3954} INFO - Setting next_dagrun for example_sensor_decorator to None, run_after=None
[2026-05-07T22:43:26.871+0000] {processor.py:183} INFO - Processing /home/airflow/.local/lib/python3.12/site-packages/airflow/example_dags/example_sensor_decorator.py took 0.073 seconds
[2026-05-07T22:43:57.159+0000] {processor.py:161} INFO - Started process (PID=3556) to work on /home/airflow/.local/lib/python3.12/site-packages/airflow/example_dags/example_sensor_decorator.py
[2026-05-07T22:43:57.161+0000] {processor.py:830} INFO - Processing file /home/airflow/.local/lib/python3.12/site-packages/airflow/example_dags/example_sensor_decorator.py for tasks to queue
[2026-05-07T22:43:57.163+0000] {logging_mixin.py:188} INFO - [2026-05-07T22:43:57.163+0000] {dagbag.py:545} INFO - Filling up the DagBag from /home/airflow/.local/lib/python3.12/site-packages/airflow/example_dags/example_sensor_decorator.py
[2026-05-07T22:43:57.169+0000] {processor.py:840} INFO - DAG(s) 'example_sensor_decorator' retrieved from /home/airflow/.local/lib/python3.12/site-packages/airflow/example_dags/example_sensor_decorator.py
[2026-05-07T22:43:57.190+0000] {logging_mixin.py:188} INFO - [2026-05-07T22:43:57.190+0000] {dag.py:3096} INFO - Sync 1 DAGs
[2026-05-07T22:43:57.202+0000] {logging_mixin.py:188} INFO - [2026-05-07T22:43:57.201+0000] {dag.py:3954} INFO - Setting next_dagrun for example_sensor_decorator to None, run_after=None
[2026-05-07T22:43:57.222+0000] {processor.py:183} INFO - Processing /home/airflow/.local/lib/python3.12/site-packages/airflow/example_dags/example_sensor_decorator.py took 0.068 seconds
[2026-05-07T22:44:27.368+0000] {processor.py:161} INFO - Started process (PID=3614) to work on /home/airflow/.local/lib/python3.12/site-packages/airflow/example_dags/example_sensor_decorator.py
[2026-05-07T22:44:27.369+0000] {processor.py:830} INFO - Processing file /home/airflow/.local/lib/python3.12/site-packages/airflow/example_dags/example_sensor_decorator.py for tasks to queue
[2026-05-07T22:44:27.371+0000] {logging_mixin.py:188} INFO - [2026-05-07T22:44:27.371+0000] {dagbag.py:545} INFO - Filling up the DagBag from /home/airflow/.local/lib/python3.12/site-packages/airflow/example_dags/example_sensor_decorator.py
[2026-05-07T22:44:27.377+0000] {processor.py:840} INFO - DAG(s) 'example_sensor_decorator' retrieved from /home/airflow/.local/lib/python3.12/site-packages/airflow/example_dags/example_sensor_decorator.py
[2026-05-07T22:44:27.401+0000] {logging_mixin.py:188} INFO - [2026-05-07T22:44:27.401+0000] {dag.py:3096} INFO - Sync 1 DAGs
[2026-05-07T22:44:27.413+0000] {logging_mixin.py:188} INFO - [2026-05-07T22:44:27.412+0000] {dag.py:3954} INFO - Setting next_dagrun for example_sensor_decorator to None, run_after=None
[2026-05-07T22:44:27.434+0000] {processor.py:183} INFO - Processing /home/airflow/.local/lib/python3.12/site-packages/airflow/example_dags/example_sensor_decorator.py took 0.072 seconds
[2026-05-07T22:44:57.758+0000] {processor.py:161} INFO - Started process (PID=3672) to work on /home/airflow/.local/lib/python3.12/site-packages/airflow/example_dags/example_sensor_decorator.py
[2026-05-07T22:44:57.759+0000] {processor.py:830} INFO - Processing file /home/airflow/.local/lib/python3.12/site-packages/airflow/example_dags/example_sensor_decorator.py for tasks to queue
[2026-05-07T22:44:57.761+0000] {logging_mixin.py:188} INFO - [2026-05-07T22:44:57.761+0000] {dagbag.py:545} INFO - Filling up the DagBag from /home/airflow/.local/lib/python3.12/site-packages/airflow/example_dags/example_sensor_decorator.py
[2026-05-07T22:44:57.767+0000] {processor.py:840} INFO - DAG(s) 'example_sensor_decorator' retrieved from /home/airflow/.local/lib/python3.12/site-packages/airflow/example_dags/example_sensor_decorator.py
[2026-05-07T22:44:57.786+0000] {logging_mixin.py:188} INFO - [2026-05-07T22:44:57.786+0000] {dag.py:3096} INFO - Sync 1 DAGs
[2026-05-07T22:44:57.798+0000] {logging_mixin.py:188} INFO - [2026-05-07T22:44:57.797+0000] {dag.py:3954} INFO - Setting next_dagrun for example_sensor_decorator to None, run_after=None
[2026-05-07T22:44:57.816+0000] {processor.py:183} INFO - Processing /home/airflow/.local/lib/python3.12/site-packages/airflow/example_dags/example_sensor_decorator.py took 0.064 seconds
[2026-05-07T22:45:28.194+0000] {processor.py:161} INFO - Started process (PID=3729) to work on /home/airflow/.local/lib/python3.12/site-packages/airflow/example_dags/example_sensor_decorator.py
[2026-05-07T22:45:28.195+0000] {processor.py:830} INFO - Processing file /home/airflow/.local/lib/python3.12/site-packages/airflow/example_dags/example_sensor_decorator.py for tasks to queue
[2026-05-07T22:45:28.197+0000] {logging_mixin.py:188} INFO - [2026-05-07T22:45:28.196+0000] {dagbag.py:545} INFO - Filling up the DagBag from /home/airflow/.local/lib/python3.12/site-packages/airflow/example_dags/example_sensor_decorator.py
[2026-05-07T22:45:28.203+0000] {processor.py:840} INFO - DAG(s) 'example_sensor_decorator' retrieved from /home/airflow/.local/lib/python3.12/site-packages/airflow/example_dags/example_sensor_decorator.py
[2026-05-07T22:45:28.222+0000] {logging_mixin.py:188} INFO - [2026-05-07T22:45:28.222+0000] {dag.py:3096} INFO - Sync 1 DAGs
[2026-05-07T22:45:28.235+0000] {logging_mixin.py:188} INFO - [2026-05-07T22:45:28.234+0000] {dag.py:3954} INFO - Setting next_dagrun for example_sensor_decorator to None, run_after=None
[2026-05-07T22:45:28.253+0000] {processor.py:183} INFO - Processing /home/airflow/.local/lib/python3.12/site-packages/airflow/example_dags/example_sensor_decorator.py took 0.066 seconds
[2026-05-07T22:45:58.344+0000] {processor.py:161} INFO - Started process (PID=3787) to work on /home/airflow/.local/lib/python3.12/site-packages/airflow/example_dags/example_sensor_decorator.py
[2026-05-07T22:45:58.345+0000] {processor.py:830} INFO - Processing file /home/airflow/.local/lib/python3.12/site-packages/airflow/example_dags/example_sensor_decorator.py for tasks to queue
[2026-05-07T22:45:58.347+0000] {logging_mixin.py:188} INFO - [2026-05-07T22:45:58.347+0000] {dagbag.py:545} INFO - Filling up the DagBag from /home/airflow/.local/lib/python3.12/site-packages/airflow/example_dags/example_sensor_decorator.py
[2026-05-07T22:45:58.353+0000] {processor.py:840} INFO - DAG(s) 'example_sensor_decorator' retrieved from /home/airflow/.local/lib/python3.12/site-packages/airflow/example_dags/example_sensor_decorator.py
[2026-05-07T22:45:58.372+0000] {logging_mixin.py:188} INFO - [2026-05-07T22:45:58.372+0000] {dag.py:3096} INFO - Sync 1 DAGs
[2026-05-07T22:45:58.384+0000] {logging_mixin.py:188} INFO - [2026-05-07T22:45:58.384+0000] {dag.py:3954} INFO - Setting next_dagrun for example_sensor_decorator to None, run_after=None
[2026-05-07T22:45:58.402+0000] {processor.py:183} INFO - Processing /home/airflow/.local/lib/python3.12/site-packages/airflow/example_dags/example_sensor_decorator.py took 0.064 seconds
[2026-05-07T22:46:28.518+0000] {processor.py:161} INFO - Started process (PID=3845) to work on /home/airflow/.local/lib/python3.12/site-packages/airflow/example_dags/example_sensor_decorator.py
[2026-05-07T22:46:28.520+0000] {processor.py:830} INFO - Processing file /home/airflow/.local/lib/python3.12/site-packages/airflow/example_dags/example_sensor_decorator.py for tasks to queue
[2026-05-07T22:46:28.522+0000] {logging_mixin.py:188} INFO - [2026-05-07T22:46:28.522+0000] {dagbag.py:545} INFO - Filling up the DagBag from /home/airflow/.local/lib/python3.12/site-packages/airflow/example_dags/example_sensor_decorator.py
[2026-05-07T22:46:28.529+0000] {processor.py:840} INFO - DAG(s) 'example_sensor_decorator' retrieved from /home/airflow/.local/lib/python3.12/site-packages/airflow/example_dags/example_sensor_decorator.py
[2026-05-07T22:46:28.549+0000] {logging_mixin.py:188} INFO - [2026-05-07T22:46:28.548+0000] {dag.py:3096} INFO - Sync 1 DAGs
[2026-05-07T22:46:28.560+0000] {logging_mixin.py:188} INFO - [2026-05-07T22:46:28.560+0000] {dag.py:3954} INFO - Setting next_dagrun for example_sensor_decorator to None, run_after=None
[2026-05-07T22:46:28.579+0000] {processor.py:183} INFO - Processing /home/airflow/.local/lib/python3.12/site-packages/airflow/example_dags/example_sensor_decorator.py took 0.066 seconds
[2026-05-07T22:46:58.774+0000] {processor.py:161} INFO - Started process (PID=3903) to work on /home/airflow/.local/lib/python3.12/site-packages/airflow/example_dags/example_sensor_decorator.py
[2026-05-07T22:46:58.775+0000] {processor.py:830} INFO - Processing file /home/airflow/.local/lib/python3.12/site-packages/airflow/example_dags/example_sensor_decorator.py for tasks to queue
[2026-05-07T22:46:58.777+0000] {logging_mixin.py:188} INFO - [2026-05-07T22:46:58.777+0000] {dagbag.py:545} INFO - Filling up the DagBag from /home/airflow/.local/lib/python3.12/site-packages/airflow/example_dags/example_sensor_decorator.py
[2026-05-07T22:46:58.784+0000] {processor.py:840} INFO - DAG(s) 'example_sensor_decorator' retrieved from /home/airflow/.local/lib/python3.12/site-packages/airflow/example_dags/example_sensor_decorator.py
[2026-05-07T22:46:58.803+0000] {logging_mixin.py:188} INFO - [2026-05-07T22:46:58.803+0000] {dag.py:3096} INFO - Sync 1 DAGs
[2026-05-07T22:46:58.814+0000] {logging_mixin.py:188} INFO - [2026-05-07T22:46:58.813+0000] {dag.py:3954} INFO - Setting next_dagrun for example_sensor_decorator to None, run_after=None
[2026-05-07T22:46:58.834+0000] {processor.py:183} INFO - Processing /home/airflow/.local/lib/python3.12/site-packages/airflow/example_dags/example_sensor_decorator.py took 0.065 seconds
[2026-05-07T22:47:29.226+0000] {processor.py:161} INFO - Started process (PID=3961) to work on /home/airflow/.local/lib/python3.12/site-packages/airflow/example_dags/example_sensor_decorator.py
[2026-05-07T22:47:29.227+0000] {processor.py:830} INFO - Processing file /home/airflow/.local/lib/python3.12/site-packages/airflow/example_dags/example_sensor_decorator.py for tasks to queue
[2026-05-07T22:47:29.229+0000] {logging_mixin.py:188} INFO - [2026-05-07T22:47:29.229+0000] {dagbag.py:545} INFO - Filling up the DagBag from /home/airflow/.local/lib/python3.12/site-packages/airflow/example_dags/example_sensor_decorator.py
[2026-05-07T22:47:29.235+0000] {processor.py:840} INFO - DAG(s) 'example_sensor_decorator' retrieved from /home/airflow/.local/lib/python3.12/site-packages/airflow/example_dags/example_sensor_decorator.py
[2026-05-07T22:47:29.255+0000] {logging_mixin.py:188} INFO - [2026-05-07T22:47:29.255+0000] {dag.py:3096} INFO - Sync 1 DAGs
[2026-05-07T22:47:29.268+0000] {logging_mixin.py:188} INFO - [2026-05-07T22:47:29.267+0000] {dag.py:3954} INFO - Setting next_dagrun for example_sensor_decorator to None, run_after=None
[2026-05-07T22:47:29.285+0000] {processor.py:183} INFO - Processing /home/airflow/.local/lib/python3.12/site-packages/airflow/example_dags/example_sensor_decorator.py took 0.066 seconds
[2026-05-07T22:47:59.403+0000] {processor.py:161} INFO - Started process (PID=4019) to work on /home/airflow/.local/lib/python3.12/site-packages/airflow/example_dags/example_sensor_decorator.py
[2026-05-07T22:47:59.404+0000] {processor.py:830} INFO - Processing file /home/airflow/.local/lib/python3.12/site-packages/airflow/example_dags/example_sensor_decorator.py for tasks to queue
[2026-05-07T22:47:59.406+0000] {logging_mixin.py:188} INFO - [2026-05-07T22:47:59.405+0000] {dagbag.py:545} INFO - Filling up the DagBag from /home/airflow/.local/lib/python3.12/site-packages/airflow/example_dags/example_sensor_decorator.py
[2026-05-07T22:47:59.412+0000] {processor.py:840} INFO - DAG(s) 'example_sensor_decorator' retrieved from /home/airflow/.local/lib/python3.12/site-packages/airflow/example_dags/example_sensor_decorator.py
[2026-05-07T22:47:59.431+0000] {logging_mixin.py:188} INFO - [2026-05-07T22:47:59.431+0000] {dag.py:3096} INFO - Sync 1 DAGs
[2026-05-07T22:47:59.442+0000] {logging_mixin.py:188} INFO - [2026-05-07T22:47:59.442+0000] {dag.py:3954} INFO - Setting next_dagrun for example_sensor_decorator to None, run_after=None
[2026-05-07T22:47:59.462+0000] {processor.py:183} INFO - Processing /home/airflow/.local/lib/python3.12/site-packages/airflow/example_dags/example_sensor_decorator.py took 0.065 seconds
[2026-05-07T22:48:29.612+0000] {processor.py:161} INFO - Started process (PID=4076) to work on /home/airflow/.local/lib/python3.12/site-packages/airflow/example_dags/example_sensor_decorator.py
[2026-05-07T22:48:29.613+0000] {processor.py:830} INFO - Processing file /home/airflow/.local/lib/python3.12/site-packages/airflow/example_dags/example_sensor_decorator.py for tasks to queue
[2026-05-07T22:48:29.615+0000] {logging_mixin.py:188} INFO - [2026-05-07T22:48:29.615+0000] {dagbag.py:545} INFO - Filling up the DagBag from /home/airflow/.local/lib/python3.12/site-packages/airflow/example_dags/example_sensor_decorator.py
[2026-05-07T22:48:29.621+0000] {processor.py:840} INFO - DAG(s) 'example_sensor_decorator' retrieved from /home/airflow/.local/lib/python3.12/site-packages/airflow/example_dags/example_sensor_decorator.py
[2026-05-07T22:48:29.640+0000] {logging_mixin.py:188} INFO - [2026-05-07T22:48:29.640+0000] {dag.py:3096} INFO - Sync 1 DAGs
[2026-05-07T22:48:29.653+0000] {logging_mixin.py:188} INFO - [2026-05-07T22:48:29.652+0000] {dag.py:3954} INFO - Setting next_dagrun for example_sensor_decorator to None, run_after=None
[2026-05-07T22:48:29.672+0000] {processor.py:183} INFO - Processing /home/airflow/.local/lib/python3.12/site-packages/airflow/example_dags/example_sensor_decorator.py took 0.066 seconds
[2026-05-07T22:48:59.801+0000] {processor.py:161} INFO - Started process (PID=4134) to work on /home/airflow/.local/lib/python3.12/site-packages/airflow/example_dags/example_sensor_decorator.py
[2026-05-07T22:48:59.802+0000] {processor.py:830} INFO - Processing file /home/airflow/.local/lib/python3.12/site-packages/airflow/example_dags/example_sensor_decorator.py for tasks to queue
[2026-05-07T22:48:59.805+0000] {logging_mixin.py:188} INFO - [2026-05-07T22:48:59.804+0000] {dagbag.py:545} INFO - Filling up the DagBag from /home/airflow/.local/lib/python3.12/site-packages/airflow/example_dags/example_sensor_decorator.py
[2026-05-07T22:48:59.811+0000] {processor.py:840} INFO - DAG(s) 'example_sensor_decorator' retrieved from /home/airflow/.local/lib/python3.12/site-packages/airflow/example_dags/example_sensor_decorator.py
[2026-05-07T22:48:59.831+0000] {logging_mixin.py:188} INFO - [2026-05-07T22:48:59.831+0000] {dag.py:3096} INFO - Sync 1 DAGs
[2026-05-07T22:48:59.843+0000] {logging_mixin.py:188} INFO - [2026-05-07T22:48:59.843+0000] {dag.py:3954} INFO - Setting next_dagrun for example_sensor_decorator to None, run_after=None
[2026-05-07T22:48:59.864+0000] {processor.py:183} INFO - Processing /home/airflow/.local/lib/python3.12/site-packages/airflow/example_dags/example_sensor_decorator.py took 0.069 seconds
[2026-05-07T22:49:30.243+0000] {processor.py:161} INFO - Started process (PID=4192) to work on /home/airflow/.local/lib/python3.12/site-packages/airflow/example_dags/example_sensor_decorator.py
[2026-05-07T22:49:30.244+0000] {processor.py:830} INFO - Processing file /home/airflow/.local/lib/python3.12/site-packages/airflow/example_dags/example_sensor_decorator.py for tasks to queue
[2026-05-07T22:49:30.247+0000] {logging_mixin.py:188} INFO - [2026-05-07T22:49:30.246+0000] {dagbag.py:545} INFO - Filling up the DagBag from /home/airflow/.local/lib/python3.12/site-packages/airflow/example_dags/example_sensor_decorator.py
[2026-05-07T22:49:30.252+0000] {processor.py:840} INFO - DAG(s) 'example_sensor_decorator' retrieved from /home/airflow/.local/lib/python3.12/site-packages/airflow/example_dags/example_sensor_decorator.py
[2026-05-07T22:49:30.272+0000] {logging_mixin.py:188} INFO - [2026-05-07T22:49:30.271+0000] {dag.py:3096} INFO - Sync 1 DAGs
[2026-05-07T22:49:30.284+0000] {logging_mixin.py:188} INFO - [2026-05-07T22:49:30.283+0000] {dag.py:3954} INFO - Setting next_dagrun for example_sensor_decorator to None, run_after=None
[2026-05-07T22:49:30.303+0000] {processor.py:183} INFO - Processing /home/airflow/.local/lib/python3.12/site-packages/airflow/example_dags/example_sensor_decorator.py took 0.066 seconds
[2026-05-07T22:50:00.563+0000] {processor.py:161} INFO - Started process (PID=4250) to work on /home/airflow/.local/lib/python3.12/site-packages/airflow/example_dags/example_sensor_decorator.py
[2026-05-07T22:50:00.564+0000] {processor.py:830} INFO - Processing file /home/airflow/.local/lib/python3.12/site-packages/airflow/example_dags/example_sensor_decorator.py for tasks to queue
[2026-05-07T22:50:00.566+0000] {logging_mixin.py:188} INFO - [2026-05-07T22:50:00.566+0000] {dagbag.py:545} INFO - Filling up the DagBag from /home/airflow/.local/lib/python3.12/site-packages/airflow/example_dags/example_sensor_decorator.py
[2026-05-07T22:50:00.573+0000] {processor.py:840} INFO - DAG(s) 'example_sensor_decorator' retrieved from /home/airflow/.local/lib/python3.12/site-packages/airflow/example_dags/example_sensor_decorator.py
[2026-05-07T22:50:00.594+0000] {logging_mixin.py:188} INFO - [2026-05-07T22:50:00.594+0000] {dag.py:3096} INFO - Sync 1 DAGs
[2026-05-07T22:50:00.605+0000] {logging_mixin.py:188} INFO - [2026-05-07T22:50:00.605+0000] {dag.py:3954} INFO - Setting next_dagrun for example_sensor_decorator to None, run_after=None
[2026-05-07T22:50:00.625+0000] {processor.py:183} INFO - Processing /home/airflow/.local/lib/python3.12/site-packages/airflow/example_dags/example_sensor_decorator.py took 0.068 seconds
[2026-05-07T22:50:30.866+0000] {processor.py:161} INFO - Started process (PID=4308) to work on /home/airflow/.local/lib/python3.12/site-packages/airflow/example_dags/example_sensor_decorator.py
[2026-05-07T22:50:30.868+0000] {processor.py:830} INFO - Processing file /home/airflow/.local/lib/python3.12/site-packages/airflow/example_dags/example_sensor_decorator.py for tasks to queue
[2026-05-07T22:50:30.870+0000] {logging_mixin.py:188} INFO - [2026-05-07T22:50:30.870+0000] {dagbag.py:545} INFO - Filling up the DagBag from /home/airflow/.local/lib/python3.12/site-packages/airflow/example_dags/example_sensor_decorator.py
[2026-05-07T22:50:30.878+0000] {processor.py:840} INFO - DAG(s) 'example_sensor_decorator' retrieved from /home/airflow/.local/lib/python3.12/site-packages/airflow/example_dags/example_sensor_decorator.py
[2026-05-07T22:50:30.901+0000] {logging_mixin.py:188} INFO - [2026-05-07T22:50:30.901+0000] {dag.py:3096} INFO - Sync 1 DAGs
[2026-05-07T22:50:30.913+0000] {logging_mixin.py:188} INFO - [2026-05-07T22:50:30.913+0000] {dag.py:3954} INFO - Setting next_dagrun for example_sensor_decorator to None, run_after=None
[2026-05-07T22:50:30.934+0000] {processor.py:183} INFO - Processing /home/airflow/.local/lib/python3.12/site-packages/airflow/example_dags/example_sensor_decorator.py took 0.076 seconds
[2026-05-07T22:51:01.140+0000] {processor.py:161} INFO - Started process (PID=4366) to work on /home/airflow/.local/lib/python3.12/site-packages/airflow/example_dags/example_sensor_decorator.py
[2026-05-07T22:51:01.142+0000] {processor.py:830} INFO - Processing file /home/airflow/.local/lib/python3.12/site-packages/airflow/example_dags/example_sensor_decorator.py for tasks to queue
[2026-05-07T22:51:01.144+0000] {logging_mixin.py:188} INFO - [2026-05-07T22:51:01.143+0000] {dagbag.py:545} INFO - Filling up the DagBag from /home/airflow/.local/lib/python3.12/site-packages/airflow/example_dags/example_sensor_decorator.py
[2026-05-07T22:51:01.150+0000] {processor.py:840} INFO - DAG(s) 'example_sensor_decorator' retrieved from /home/airflow/.local/lib/python3.12/site-packages/airflow/example_dags/example_sensor_decorator.py
[2026-05-07T22:51:01.172+0000] {logging_mixin.py:188} INFO - [2026-05-07T22:51:01.172+0000] {dag.py:3096} INFO - Sync 1 DAGs
[2026-05-07T22:51:01.185+0000] {logging_mixin.py:188} INFO - [2026-05-07T22:51:01.185+0000] {dag.py:3954} INFO - Setting next_dagrun for example_sensor_decorator to None, run_after=None
[2026-05-07T22:51:01.211+0000] {processor.py:183} INFO - Processing /home/airflow/.local/lib/python3.12/site-packages/airflow/example_dags/example_sensor_decorator.py took 0.076 seconds
[2026-05-07T22:51:31.328+0000] {processor.py:161} INFO - Started process (PID=4424) to work on /home/airflow/.local/lib/python3.12/site-packages/airflow/example_dags/example_sensor_decorator.py
[2026-05-07T22:51:31.329+0000] {processor.py:830} INFO - Processing file /home/airflow/.local/lib/python3.12/site-packages/airflow/example_dags/example_sensor_decorator.py for tasks to queue
[2026-05-07T22:51:31.332+0000] {logging_mixin.py:188} INFO - [2026-05-07T22:51:31.331+0000] {dagbag.py:545} INFO - Filling up the DagBag from /home/airflow/.local/lib/python3.12/site-packages/airflow/example_dags/example_sensor_decorator.py
[2026-05-07T22:51:31.339+0000] {processor.py:840} INFO - DAG(s) 'example_sensor_decorator' retrieved from /home/airflow/.local/lib/python3.12/site-packages/airflow/example_dags/example_sensor_decorator.py
[2026-05-07T22:51:31.359+0000] {logging_mixin.py:188} INFO - [2026-05-07T22:51:31.359+0000] {dag.py:3096} INFO - Sync 1 DAGs
[2026-05-07T22:51:31.371+0000] {logging_mixin.py:188} INFO - [2026-05-07T22:51:31.370+0000] {dag.py:3954} INFO - Setting next_dagrun for example_sensor_decorator to None, run_after=None
[2026-05-07T22:51:31.393+0000] {processor.py:183} INFO - Processing /home/airflow/.local/lib/python3.12/site-packages/airflow/example_dags/example_sensor_decorator.py took 0.070 seconds
[2026-05-07T22:52:01.736+0000] {processor.py:161} INFO - Started process (PID=4481) to work on /home/airflow/.local/lib/python3.12/site-packages/airflow/example_dags/example_sensor_decorator.py
[2026-05-07T22:52:01.737+0000] {processor.py:830} INFO - Processing file /home/airflow/.local/lib/python3.12/site-packages/airflow/example_dags/example_sensor_decorator.py for tasks to queue
[2026-05-07T22:52:01.739+0000] {logging_mixin.py:188} INFO - [2026-05-07T22:52:01.739+0000] {dagbag.py:545} INFO - Filling up the DagBag from /home/airflow/.local/lib/python3.12/site-packages/airflow/example_dags/example_sensor_decorator.py
[2026-05-07T22:52:01.745+0000] {processor.py:840} INFO - DAG(s) 'example_sensor_decorator' retrieved from /home/airflow/.local/lib/python3.12/site-packages/airflow/example_dags/example_sensor_decorator.py
[2026-05-07T22:52:01.764+0000] {logging_mixin.py:188} INFO - [2026-05-07T22:52:01.763+0000] {dag.py:3096} INFO - Sync 1 DAGs
[2026-05-07T22:52:01.776+0000] {logging_mixin.py:188} INFO - [2026-05-07T22:52:01.776+0000] {dag.py:3954} INFO - Setting next_dagrun for example_sensor_decorator to None, run_after=None
[2026-05-07T22:52:01.795+0000] {processor.py:183} INFO - Processing /home/airflow/.local/lib/python3.12/site-packages/airflow/example_dags/example_sensor_decorator.py took 0.064 seconds
[2026-05-07T22:52:32.177+0000] {processor.py:161} INFO - Started process (PID=4539) to work on /home/airflow/.local/lib/python3.12/site-packages/airflow/example_dags/example_sensor_decorator.py
[2026-05-07T22:52:32.178+0000] {processor.py:830} INFO - Processing file /home/airflow/.local/lib/python3.12/site-packages/airflow/example_dags/example_sensor_decorator.py for tasks to queue
[2026-05-07T22:52:32.180+0000] {logging_mixin.py:188} INFO - [2026-05-07T22:52:32.180+0000] {dagbag.py:545} INFO - Filling up the DagBag from /home/airflow/.local/lib/python3.12/site-packages/airflow/example_dags/example_sensor_decorator.py
[2026-05-07T22:52:32.187+0000] {processor.py:840} INFO - DAG(s) 'example_sensor_decorator' retrieved from /home/airflow/.local/lib/python3.12/site-packages/airflow/example_dags/example_sensor_decorator.py
[2026-05-07T22:52:32.206+0000] {logging_mixin.py:188} INFO - [2026-05-07T22:52:32.206+0000] {dag.py:3096} INFO - Sync 1 DAGs
[2026-05-07T22:52:32.220+0000] {logging_mixin.py:188} INFO - [2026-05-07T22:52:32.220+0000] {dag.py:3954} INFO - Setting next_dagrun for example_sensor_decorator to None, run_after=None
[2026-05-07T22:52:32.240+0000] {processor.py:183} INFO - Processing /home/airflow/.local/lib/python3.12/site-packages/airflow/example_dags/example_sensor_decorator.py took 0.068 seconds
[2026-05-07T22:53:02.710+0000] {processor.py:161} INFO - Started process (PID=4597) to work on /home/airflow/.local/lib/python3.12/site-packages/airflow/example_dags/example_sensor_decorator.py
[2026-05-07T22:53:02.711+0000] {processor.py:830} INFO - Processing file /home/airflow/.local/lib/python3.12/site-packages/airflow/example_dags/example_sensor_decorator.py for tasks to queue
[2026-05-07T22:53:02.713+0000] {logging_mixin.py:188} INFO - [2026-05-07T22:53:02.713+0000] {dagbag.py:545} INFO - Filling up the DagBag from /home/airflow/.local/lib/python3.12/site-packages/airflow/example_dags/example_sensor_decorator.py
[2026-05-07T22:53:02.719+0000] {processor.py:840} INFO - DAG(s) 'example_sensor_decorator' retrieved from /home/airflow/.local/lib/python3.12/site-packages/airflow/example_dags/example_sensor_decorator.py
[2026-05-07T22:53:02.740+0000] {logging_mixin.py:188} INFO - [2026-05-07T22:53:02.740+0000] {dag.py:3096} INFO - Sync 1 DAGs
[2026-05-07T22:53:02.753+0000] {logging_mixin.py:188} INFO - [2026-05-07T22:53:02.753+0000] {dag.py:3954} INFO - Setting next_dagrun for example_sensor_decorator to None, run_after=None
[2026-05-07T22:53:02.776+0000] {processor.py:183} INFO - Processing /home/airflow/.local/lib/python3.12/site-packages/airflow/example_dags/example_sensor_decorator.py took 0.073 seconds
[2026-05-07T22:53:33.140+0000] {processor.py:161} INFO - Started process (PID=4662) to work on /home/airflow/.local/lib/python3.12/site-packages/airflow/example_dags/example_sensor_decorator.py
[2026-05-07T22:53:33.142+0000] {processor.py:830} INFO - Processing file /home/airflow/.local/lib/python3.12/site-packages/airflow/example_dags/example_sensor_decorator.py for tasks to queue
[2026-05-07T22:53:33.144+0000] {logging_mixin.py:188} INFO - [2026-05-07T22:53:33.143+0000] {dagbag.py:545} INFO - Filling up the DagBag from /home/airflow/.local/lib/python3.12/site-packages/airflow/example_dags/example_sensor_decorator.py
[2026-05-07T22:53:33.150+0000] {processor.py:840} INFO - DAG(s) 'example_sensor_decorator' retrieved from /home/airflow/.local/lib/python3.12/site-packages/airflow/example_dags/example_sensor_decorator.py
[2026-05-07T22:53:33.170+0000] {logging_mixin.py:188} INFO - [2026-05-07T22:53:33.170+0000] {dag.py:3096} INFO - Sync 1 DAGs
[2026-05-07T22:53:33.183+0000] {logging_mixin.py:188} INFO - [2026-05-07T22:53:33.182+0000] {dag.py:3954} INFO - Setting next_dagrun for example_sensor_decorator to None, run_after=None
[2026-05-07T22:53:33.205+0000] {processor.py:183} INFO - Processing /home/airflow/.local/lib/python3.12/site-packages/airflow/example_dags/example_sensor_decorator.py took 0.071 seconds
[2026-05-07T22:54:03.336+0000] {processor.py:161} INFO - Started process (PID=4719) to work on /home/airflow/.local/lib/python3.12/site-packages/airflow/example_dags/example_sensor_decorator.py
[2026-05-07T22:54:03.338+0000] {processor.py:830} INFO - Processing file /home/airflow/.local/lib/python3.12/site-packages/airflow/example_dags/example_sensor_decorator.py for tasks to queue
[2026-05-07T22:54:03.340+0000] {logging_mixin.py:188} INFO - [2026-05-07T22:54:03.340+0000] {dagbag.py:545} INFO - Filling up the DagBag from /home/airflow/.local/lib/python3.12/site-packages/airflow/example_dags/example_sensor_decorator.py
[2026-05-07T22:54:03.347+0000] {processor.py:840} INFO - DAG(s) 'example_sensor_decorator' retrieved from /home/airflow/.local/lib/python3.12/site-packages/airflow/example_dags/example_sensor_decorator.py
[2026-05-07T22:54:03.367+0000] {logging_mixin.py:188} INFO - [2026-05-07T22:54:03.366+0000] {dag.py:3096} INFO - Sync 1 DAGs
[2026-05-07T22:54:03.378+0000] {logging_mixin.py:188} INFO - [2026-05-07T22:54:03.378+0000] {dag.py:3954} INFO - Setting next_dagrun for example_sensor_decorator to None, run_after=None
[2026-05-07T22:54:03.399+0000] {processor.py:183} INFO - Processing /home/airflow/.local/lib/python3.12/site-packages/airflow/example_dags/example_sensor_decorator.py took 0.068 seconds
[2026-05-07T22:54:33.681+0000] {processor.py:161} INFO - Started process (PID=4777) to work on /home/airflow/.local/lib/python3.12/site-packages/airflow/example_dags/example_sensor_decorator.py
[2026-05-07T22:54:33.683+0000] {processor.py:830} INFO - Processing file /home/airflow/.local/lib/python3.12/site-packages/airflow/example_dags/example_sensor_decorator.py for tasks to queue
[2026-05-07T22:54:33.685+0000] {logging_mixin.py:188} INFO - [2026-05-07T22:54:33.684+0000] {dagbag.py:545} INFO - Filling up the DagBag from /home/airflow/.local/lib/python3.12/site-packages/airflow/example_dags/example_sensor_decorator.py
[2026-05-07T22:54:33.691+0000] {processor.py:840} INFO - DAG(s) 'example_sensor_decorator' retrieved from /home/airflow/.local/lib/python3.12/site-packages/airflow/example_dags/example_sensor_decorator.py
[2026-05-07T22:54:33.711+0000] {logging_mixin.py:188} INFO - [2026-05-07T22:54:33.710+0000] {dag.py:3096} INFO - Sync 1 DAGs
[2026-05-07T22:54:33.722+0000] {logging_mixin.py:188} INFO - [2026-05-07T22:54:33.722+0000] {dag.py:3954} INFO - Setting next_dagrun for example_sensor_decorator to None, run_after=None
[2026-05-07T22:54:33.742+0000] {processor.py:183} INFO - Processing /home/airflow/.local/lib/python3.12/site-packages/airflow/example_dags/example_sensor_decorator.py took 0.066 seconds
[2026-05-07T22:55:03.868+0000] {processor.py:161} INFO - Started process (PID=4835) to work on /home/airflow/.local/lib/python3.12/site-packages/airflow/example_dags/example_sensor_decorator.py
[2026-05-07T22:55:03.869+0000] {processor.py:830} INFO - Processing file /home/airflow/.local/lib/python3.12/site-packages/airflow/example_dags/example_sensor_decorator.py for tasks to queue
[2026-05-07T22:55:03.871+0000] {logging_mixin.py:188} INFO - [2026-05-07T22:55:03.871+0000] {dagbag.py:545} INFO - Filling up the DagBag from /home/airflow/.local/lib/python3.12/site-packages/airflow/example_dags/example_sensor_decorator.py
[2026-05-07T22:55:03.877+0000] {processor.py:840} INFO - DAG(s) 'example_sensor_decorator' retrieved from /home/airflow/.local/lib/python3.12/site-packages/airflow/example_dags/example_sensor_decorator.py
[2026-05-07T22:55:03.896+0000] {logging_mixin.py:188} INFO - [2026-05-07T22:55:03.896+0000] {dag.py:3096} INFO - Sync 1 DAGs
[2026-05-07T22:55:03.909+0000] {logging_mixin.py:188} INFO - [2026-05-07T22:55:03.909+0000] {dag.py:3954} INFO - Setting next_dagrun for example_sensor_decorator to None, run_after=None
[2026-05-07T22:55:03.931+0000] {processor.py:183} INFO - Processing /home/airflow/.local/lib/python3.12/site-packages/airflow/example_dags/example_sensor_decorator.py took 0.068 seconds
[2026-05-07T22:55:34.142+0000] {processor.py:161} INFO - Started process (PID=4893) to work on /home/airflow/.local/lib/python3.12/site-packages/airflow/example_dags/example_sensor_decorator.py
[2026-05-07T22:55:34.143+0000] {processor.py:830} INFO - Processing file /home/airflow/.local/lib/python3.12/site-packages/airflow/example_dags/example_sensor_decorator.py for tasks to queue
[2026-05-07T22:55:34.145+0000] {logging_mixin.py:188} INFO - [2026-05-07T22:55:34.145+0000] {dagbag.py:545} INFO - Filling up the DagBag from /home/airflow/.local/lib/python3.12/site-packages/airflow/example_dags/example_sensor_decorator.py
[2026-05-07T22:55:34.152+0000] {processor.py:840} INFO - DAG(s) 'example_sensor_decorator' retrieved from /home/airflow/.local/lib/python3.12/site-packages/airflow/example_dags/example_sensor_decorator.py
[2026-05-07T22:55:34.172+0000] {logging_mixin.py:188} INFO - [2026-05-07T22:55:34.171+0000] {dag.py:3096} INFO - Sync 1 DAGs
[2026-05-07T22:55:34.182+0000] {logging_mixin.py:188} INFO - [2026-05-07T22:55:34.182+0000] {dag.py:3954} INFO - Setting next_dagrun for example_sensor_decorator to None, run_after=None
[2026-05-07T22:55:34.202+0000] {processor.py:183} INFO - Processing /home/airflow/.local/lib/python3.12/site-packages/airflow/example_dags/example_sensor_decorator.py took 0.066 seconds
[2026-05-07T22:56:04.516+0000] {processor.py:161} INFO - Started process (PID=4951) to work on /home/airflow/.local/lib/python3.12/site-packages/airflow/example_dags/example_sensor_decorator.py
[2026-05-07T22:56:04.517+0000] {processor.py:830} INFO - Processing file /home/airflow/.local/lib/python3.12/site-packages/airflow/example_dags/example_sensor_decorator.py for tasks to queue
[2026-05-07T22:56:04.520+0000] {logging_mixin.py:188} INFO - [2026-05-07T22:56:04.519+0000] {dagbag.py:545} INFO - Filling up the DagBag from /home/airflow/.local/lib/python3.12/site-packages/airflow/example_dags/example_sensor_decorator.py
[2026-05-07T22:56:04.526+0000] {processor.py:840} INFO - DAG(s) 'example_sensor_decorator' retrieved from /home/airflow/.local/lib/python3.12/site-packages/airflow/example_dags/example_sensor_decorator.py
[2026-05-07T22:56:04.547+0000] {logging_mixin.py:188} INFO - [2026-05-07T22:56:04.546+0000] {dag.py:3096} INFO - Sync 1 DAGs
[2026-05-07T22:56:04.559+0000] {logging_mixin.py:188} INFO - [2026-05-07T22:56:04.558+0000] {dag.py:3954} INFO - Setting next_dagrun for example_sensor_decorator to None, run_after=None
[2026-05-07T22:56:04.579+0000] {processor.py:183} INFO - Processing /home/airflow/.local/lib/python3.12/site-packages/airflow/example_dags/example_sensor_decorator.py took 0.068 seconds
[2026-05-07T22:56:35.282+0000] {processor.py:161} INFO - Started process (PID=5009) to work on /home/airflow/.local/lib/python3.12/site-packages/airflow/example_dags/example_sensor_decorator.py
[2026-05-07T22:56:35.283+0000] {processor.py:830} INFO - Processing file /home/airflow/.local/lib/python3.12/site-packages/airflow/example_dags/example_sensor_decorator.py for tasks to queue
[2026-05-07T22:56:35.286+0000] {logging_mixin.py:188} INFO - [2026-05-07T22:56:35.285+0000] {dagbag.py:545} INFO - Filling up the DagBag from /home/airflow/.local/lib/python3.12/site-packages/airflow/example_dags/example_sensor_decorator.py
[2026-05-07T22:56:35.291+0000] {processor.py:840} INFO - DAG(s) 'example_sensor_decorator' retrieved from /home/airflow/.local/lib/python3.12/site-packages/airflow/example_dags/example_sensor_decorator.py
[2026-05-07T22:56:35.311+0000] {logging_mixin.py:188} INFO - [2026-05-07T22:56:35.311+0000] {dag.py:3096} INFO - Sync 1 DAGs
[2026-05-07T22:56:35.323+0000] {logging_mixin.py:188} INFO - [2026-05-07T22:56:35.322+0000] {dag.py:3954} INFO - Setting next_dagrun for example_sensor_decorator to None, run_after=None
[2026-05-07T22:56:35.342+0000] {processor.py:183} INFO - Processing /home/airflow/.local/lib/python3.12/site-packages/airflow/example_dags/example_sensor_decorator.py took 0.066 seconds
[2026-05-07T22:57:05.622+0000] {processor.py:161} INFO - Started process (PID=5067) to work on /home/airflow/.local/lib/python3.12/site-packages/airflow/example_dags/example_sensor_decorator.py
[2026-05-07T22:57:05.623+0000] {processor.py:830} INFO - Processing file /home/airflow/.local/lib/python3.12/site-packages/airflow/example_dags/example_sensor_decorator.py for tasks to queue
[2026-05-07T22:57:05.626+0000] {logging_mixin.py:188} INFO - [2026-05-07T22:57:05.625+0000] {dagbag.py:545} INFO - Filling up the DagBag from /home/airflow/.local/lib/python3.12/site-packages/airflow/example_dags/example_sensor_decorator.py
[2026-05-07T22:57:05.632+0000] {processor.py:840} INFO - DAG(s) 'example_sensor_decorator' retrieved from /home/airflow/.local/lib/python3.12/site-packages/airflow/example_dags/example_sensor_decorator.py
[2026-05-07T22:57:05.652+0000] {logging_mixin.py:188} INFO - [2026-05-07T22:57:05.652+0000] {dag.py:3096} INFO - Sync 1 DAGs
[2026-05-07T22:57:05.663+0000] {logging_mixin.py:188} INFO - [2026-05-07T22:57:05.663+0000] {dag.py:3954} INFO - Setting next_dagrun for example_sensor_decorator to None, run_after=None
[2026-05-07T22:57:05.686+0000] {processor.py:183} INFO - Processing /home/airflow/.local/lib/python3.12/site-packages/airflow/example_dags/example_sensor_decorator.py took 0.069 seconds
[2026-05-07T22:57:35.858+0000] {processor.py:161} INFO - Started process (PID=5125) to work on /home/airflow/.local/lib/python3.12/site-packages/airflow/example_dags/example_sensor_decorator.py
[2026-05-07T22:57:35.859+0000] {processor.py:830} INFO - Processing file /home/airflow/.local/lib/python3.12/site-packages/airflow/example_dags/example_sensor_decorator.py for tasks to queue
[2026-05-07T22:57:35.862+0000] {logging_mixin.py:188} INFO - [2026-05-07T22:57:35.861+0000] {dagbag.py:545} INFO - Filling up the DagBag from /home/airflow/.local/lib/python3.12/site-packages/airflow/example_dags/example_sensor_decorator.py
[2026-05-07T22:57:35.868+0000] {processor.py:840} INFO - DAG(s) 'example_sensor_decorator' retrieved from /home/airflow/.local/lib/python3.12/site-packages/airflow/example_dags/example_sensor_decorator.py
[2026-05-07T22:57:35.887+0000] {logging_mixin.py:188} INFO - [2026-05-07T22:57:35.887+0000] {dag.py:3096} INFO - Sync 1 DAGs
[2026-05-07T22:57:35.898+0000] {logging_mixin.py:188} INFO - [2026-05-07T22:57:35.897+0000] {dag.py:3954} INFO - Setting next_dagrun for example_sensor_decorator to None, run_after=None
[2026-05-07T22:57:35.922+0000] {processor.py:183} INFO - Processing /home/airflow/.local/lib/python3.12/site-packages/airflow/example_dags/example_sensor_decorator.py took 0.069 seconds
[2026-05-07T22:58:06.165+0000] {processor.py:161} INFO - Started process (PID=5182) to work on /home/airflow/.local/lib/python3.12/site-packages/airflow/example_dags/example_sensor_decorator.py
[2026-05-07T22:58:06.167+0000] {processor.py:830} INFO - Processing file /home/airflow/.local/lib/python3.12/site-packages/airflow/example_dags/example_sensor_decorator.py for tasks to queue
[2026-05-07T22:58:06.169+0000] {logging_mixin.py:188} INFO - [2026-05-07T22:58:06.169+0000] {dagbag.py:545} INFO - Filling up the DagBag from /home/airflow/.local/lib/python3.12/site-packages/airflow/example_dags/example_sensor_decorator.py
[2026-05-07T22:58:06.176+0000] {processor.py:840} INFO - DAG(s) 'example_sensor_decorator' retrieved from /home/airflow/.local/lib/python3.12/site-packages/airflow/example_dags/example_sensor_decorator.py
[2026-05-07T22:58:06.204+0000] {logging_mixin.py:188} INFO - [2026-05-07T22:58:06.202+0000] {dag.py:3096} INFO - Sync 1 DAGs
[2026-05-07T22:58:06.225+0000] {logging_mixin.py:188} INFO - [2026-05-07T22:58:06.224+0000] {dag.py:3954} INFO - Setting next_dagrun for example_sensor_decorator to None, run_after=None
[2026-05-07T22:58:06.250+0000] {processor.py:183} INFO - Processing /home/airflow/.local/lib/python3.12/site-packages/airflow/example_dags/example_sensor_decorator.py took 0.095 seconds
[2026-05-07T22:58:36.436+0000] {processor.py:161} INFO - Started process (PID=5239) to work on /home/airflow/.local/lib/python3.12/site-packages/airflow/example_dags/example_sensor_decorator.py
[2026-05-07T22:58:36.437+0000] {processor.py:830} INFO - Processing file /home/airflow/.local/lib/python3.12/site-packages/airflow/example_dags/example_sensor_decorator.py for tasks to queue
[2026-05-07T22:58:36.439+0000] {logging_mixin.py:188} INFO - [2026-05-07T22:58:36.439+0000] {dagbag.py:545} INFO - Filling up the DagBag from /home/airflow/.local/lib/python3.12/site-packages/airflow/example_dags/example_sensor_decorator.py
[2026-05-07T22:58:36.445+0000] {processor.py:840} INFO - DAG(s) 'example_sensor_decorator' retrieved from /home/airflow/.local/lib/python3.12/site-packages/airflow/example_dags/example_sensor_decorator.py
[2026-05-07T22:58:36.467+0000] {logging_mixin.py:188} INFO - [2026-05-07T22:58:36.466+0000] {dag.py:3096} INFO - Sync 1 DAGs
[2026-05-07T22:58:36.482+0000] {logging_mixin.py:188} INFO - [2026-05-07T22:58:36.482+0000] {dag.py:3954} INFO - Setting next_dagrun for example_sensor_decorator to None, run_after=None
[2026-05-07T22:58:36.507+0000] {processor.py:183} INFO - Processing /home/airflow/.local/lib/python3.12/site-packages/airflow/example_dags/example_sensor_decorator.py took 0.077 seconds
[2026-05-07T22:59:06.849+0000] {processor.py:161} INFO - Started process (PID=5297) to work on /home/airflow/.local/lib/python3.12/site-packages/airflow/example_dags/example_sensor_decorator.py
[2026-05-07T22:59:06.850+0000] {processor.py:830} INFO - Processing file /home/airflow/.local/lib/python3.12/site-packages/airflow/example_dags/example_sensor_decorator.py for tasks to queue
[2026-05-07T22:59:06.852+0000] {logging_mixin.py:188} INFO - [2026-05-07T22:59:06.851+0000] {dagbag.py:545} INFO - Filling up the DagBag from /home/airflow/.local/lib/python3.12/site-packages/airflow/example_dags/example_sensor_decorator.py
[2026-05-07T22:59:06.858+0000] {processor.py:840} INFO - DAG(s) 'example_sensor_decorator' retrieved from /home/airflow/.local/lib/python3.12/site-packages/airflow/example_dags/example_sensor_decorator.py
[2026-05-07T22:59:06.877+0000] {logging_mixin.py:188} INFO - [2026-05-07T22:59:06.876+0000] {dag.py:3096} INFO - Sync 1 DAGs
[2026-05-07T22:59:06.888+0000] {logging_mixin.py:188} INFO - [2026-05-07T22:59:06.888+0000] {dag.py:3954} INFO - Setting next_dagrun for example_sensor_decorator to None, run_after=None
[2026-05-07T22:59:06.906+0000] {processor.py:183} INFO - Processing /home/airflow/.local/lib/python3.12/site-packages/airflow/example_dags/example_sensor_decorator.py took 0.063 seconds
[2026-05-07T22:59:37.458+0000] {processor.py:161} INFO - Started process (PID=5355) to work on /home/airflow/.local/lib/python3.12/site-packages/airflow/example_dags/example_sensor_decorator.py
[2026-05-07T22:59:37.460+0000] {processor.py:830} INFO - Processing file /home/airflow/.local/lib/python3.12/site-packages/airflow/example_dags/example_sensor_decorator.py for tasks to queue
[2026-05-07T22:59:37.463+0000] {logging_mixin.py:188} INFO - [2026-05-07T22:59:37.463+0000] {dagbag.py:545} INFO - Filling up the DagBag from /home/airflow/.local/lib/python3.12/site-packages/airflow/example_dags/example_sensor_decorator.py
[2026-05-07T22:59:37.470+0000] {processor.py:840} INFO - DAG(s) 'example_sensor_decorator' retrieved from /home/airflow/.local/lib/python3.12/site-packages/airflow/example_dags/example_sensor_decorator.py
[2026-05-07T22:59:37.492+0000] {logging_mixin.py:188} INFO - [2026-05-07T22:59:37.492+0000] {dag.py:3096} INFO - Sync 1 DAGs
[2026-05-07T22:59:37.508+0000] {logging_mixin.py:188} INFO - [2026-05-07T22:59:37.507+0000] {dag.py:3954} INFO - Setting next_dagrun for example_sensor_decorator to None, run_after=None
[2026-05-07T22:59:37.527+0000] {processor.py:183} INFO - Processing /home/airflow/.local/lib/python3.12/site-packages/airflow/example_dags/example_sensor_decorator.py took 0.076 seconds
[2026-05-07T23:00:07.924+0000] {processor.py:161} INFO - Started process (PID=5413) to work on /home/airflow/.local/lib/python3.12/site-packages/airflow/example_dags/example_sensor_decorator.py
[2026-05-07T23:00:07.926+0000] {processor.py:830} INFO - Processing file /home/airflow/.local/lib/python3.12/site-packages/airflow/example_dags/example_sensor_decorator.py for tasks to queue
[2026-05-07T23:00:07.928+0000] {logging_mixin.py:188} INFO - [2026-05-07T23:00:07.927+0000] {dagbag.py:545} INFO - Filling up the DagBag from /home/airflow/.local/lib/python3.12/site-packages/airflow/example_dags/example_sensor_decorator.py
[2026-05-07T23:00:07.934+0000] {processor.py:840} INFO - DAG(s) 'example_sensor_decorator' retrieved from /home/airflow/.local/lib/python3.12/site-packages/airflow/example_dags/example_sensor_decorator.py
[2026-05-07T23:00:07.955+0000] {logging_mixin.py:188} INFO - [2026-05-07T23:00:07.954+0000] {dag.py:3096} INFO - Sync 1 DAGs
[2026-05-07T23:00:07.966+0000] {logging_mixin.py:188} INFO - [2026-05-07T23:00:07.966+0000] {dag.py:3954} INFO - Setting next_dagrun for example_sensor_decorator to None, run_after=None
[2026-05-07T23:00:07.985+0000] {processor.py:183} INFO - Processing /home/airflow/.local/lib/python3.12/site-packages/airflow/example_dags/example_sensor_decorator.py took 0.066 seconds
[2026-05-07T23:00:38.420+0000] {processor.py:161} INFO - Started process (PID=5471) to work on /home/airflow/.local/lib/python3.12/site-packages/airflow/example_dags/example_sensor_decorator.py
[2026-05-07T23:00:38.422+0000] {processor.py:830} INFO - Processing file /home/airflow/.local/lib/python3.12/site-packages/airflow/example_dags/example_sensor_decorator.py for tasks to queue
[2026-05-07T23:00:38.424+0000] {logging_mixin.py:188} INFO - [2026-05-07T23:00:38.424+0000] {dagbag.py:545} INFO - Filling up the DagBag from /home/airflow/.local/lib/python3.12/site-packages/airflow/example_dags/example_sensor_decorator.py
[2026-05-07T23:00:38.431+0000] {processor.py:840} INFO - DAG(s) 'example_sensor_decorator' retrieved from /home/airflow/.local/lib/python3.12/site-packages/airflow/example_dags/example_sensor_decorator.py
[2026-05-07T23:00:38.451+0000] {logging_mixin.py:188} INFO - [2026-05-07T23:00:38.450+0000] {dag.py:3096} INFO - Sync 1 DAGs
[2026-05-07T23:00:38.462+0000] {logging_mixin.py:188} INFO - [2026-05-07T23:00:38.462+0000] {dag.py:3954} INFO - Setting next_dagrun for example_sensor_decorator to None, run_after=None
[2026-05-07T23:00:38.483+0000] {processor.py:183} INFO - Processing /home/airflow/.local/lib/python3.12/site-packages/airflow/example_dags/example_sensor_decorator.py took 0.068 seconds
[2026-05-07T23:01:08.936+0000] {processor.py:161} INFO - Started process (PID=5529) to work on /home/airflow/.local/lib/python3.12/site-packages/airflow/example_dags/example_sensor_decorator.py
[2026-05-07T23:01:08.938+0000] {processor.py:830} INFO - Processing file /home/airflow/.local/lib/python3.12/site-packages/airflow/example_dags/example_sensor_decorator.py for tasks to queue
[2026-05-07T23:01:08.940+0000] {logging_mixin.py:188} INFO - [2026-05-07T23:01:08.939+0000] {dagbag.py:545} INFO - Filling up the DagBag from /home/airflow/.local/lib/python3.12/site-packages/airflow/example_dags/example_sensor_decorator.py
[2026-05-07T23:01:08.946+0000] {processor.py:840} INFO - DAG(s) 'example_sensor_decorator' retrieved from /home/airflow/.local/lib/python3.12/site-packages/airflow/example_dags/example_sensor_decorator.py
[2026-05-07T23:01:08.966+0000] {logging_mixin.py:188} INFO - [2026-05-07T23:01:08.965+0000] {dag.py:3096} INFO - Sync 1 DAGs
[2026-05-07T23:01:08.978+0000] {logging_mixin.py:188} INFO - [2026-05-07T23:01:08.978+0000] {dag.py:3954} INFO - Setting next_dagrun for example_sensor_decorator to None, run_after=None
[2026-05-07T23:01:08.999+0000] {processor.py:183} INFO - Processing /home/airflow/.local/lib/python3.12/site-packages/airflow/example_dags/example_sensor_decorator.py took 0.069 seconds
[2026-05-07T23:01:39.246+0000] {processor.py:161} INFO - Started process (PID=5587) to work on /home/airflow/.local/lib/python3.12/site-packages/airflow/example_dags/example_sensor_decorator.py
[2026-05-07T23:01:39.247+0000] {processor.py:830} INFO - Processing file /home/airflow/.local/lib/python3.12/site-packages/airflow/example_dags/example_sensor_decorator.py for tasks to queue
[2026-05-07T23:01:39.249+0000] {logging_mixin.py:188} INFO - [2026-05-07T23:01:39.249+0000] {dagbag.py:545} INFO - Filling up the DagBag from /home/airflow/.local/lib/python3.12/site-packages/airflow/example_dags/example_sensor_decorator.py
[2026-05-07T23:01:39.255+0000] {processor.py:840} INFO - DAG(s) 'example_sensor_decorator' retrieved from /home/airflow/.local/lib/python3.12/site-packages/airflow/example_dags/example_sensor_decorator.py
[2026-05-07T23:01:39.275+0000] {logging_mixin.py:188} INFO - [2026-05-07T23:01:39.275+0000] {dag.py:3096} INFO - Sync 1 DAGs
[2026-05-07T23:01:39.287+0000] {logging_mixin.py:188} INFO - [2026-05-07T23:01:39.286+0000] {dag.py:3954} INFO - Setting next_dagrun for example_sensor_decorator to None, run_after=None
[2026-05-07T23:01:39.307+0000] {processor.py:183} INFO - Processing /home/airflow/.local/lib/python3.12/site-packages/airflow/example_dags/example_sensor_decorator.py took 0.066 seconds
[2026-05-07T23:02:09.636+0000] {processor.py:161} INFO - Started process (PID=5644) to work on /home/airflow/.local/lib/python3.12/site-packages/airflow/example_dags/example_sensor_decorator.py
[2026-05-07T23:02:09.638+0000] {processor.py:830} INFO - Processing file /home/airflow/.local/lib/python3.12/site-packages/airflow/example_dags/example_sensor_decorator.py for tasks to queue
[2026-05-07T23:02:09.640+0000] {logging_mixin.py:188} INFO - [2026-05-07T23:02:09.640+0000] {dagbag.py:545} INFO - Filling up the DagBag from /home/airflow/.local/lib/python3.12/site-packages/airflow/example_dags/example_sensor_decorator.py
[2026-05-07T23:02:09.647+0000] {processor.py:840} INFO - DAG(s) 'example_sensor_decorator' retrieved from /home/airflow/.local/lib/python3.12/site-packages/airflow/example_dags/example_sensor_decorator.py
[2026-05-07T23:02:09.669+0000] {logging_mixin.py:188} INFO - [2026-05-07T23:02:09.668+0000] {dag.py:3096} INFO - Sync 1 DAGs
[2026-05-07T23:02:09.681+0000] {logging_mixin.py:188} INFO - [2026-05-07T23:02:09.681+0000] {dag.py:3954} INFO - Setting next_dagrun for example_sensor_decorator to None, run_after=None
[2026-05-07T23:02:09.700+0000] {processor.py:183} INFO - Processing /home/airflow/.local/lib/python3.12/site-packages/airflow/example_dags/example_sensor_decorator.py took 0.069 seconds
[2026-05-07T23:02:40.225+0000] {processor.py:161} INFO - Started process (PID=5701) to work on /home/airflow/.local/lib/python3.12/site-packages/airflow/example_dags/example_sensor_decorator.py
[2026-05-07T23:02:40.226+0000] {processor.py:830} INFO - Processing file /home/airflow/.local/lib/python3.12/site-packages/airflow/example_dags/example_sensor_decorator.py for tasks to queue
[2026-05-07T23:02:40.228+0000] {logging_mixin.py:188} INFO - [2026-05-07T23:02:40.228+0000] {dagbag.py:545} INFO - Filling up the DagBag from /home/airflow/.local/lib/python3.12/site-packages/airflow/example_dags/example_sensor_decorator.py
[2026-05-07T23:02:40.234+0000] {processor.py:840} INFO - DAG(s) 'example_sensor_decorator' retrieved from /home/airflow/.local/lib/python3.12/site-packages/airflow/example_dags/example_sensor_decorator.py
[2026-05-07T23:02:40.253+0000] {logging_mixin.py:188} INFO - [2026-05-07T23:02:40.253+0000] {dag.py:3096} INFO - Sync 1 DAGs
[2026-05-07T23:02:40.264+0000] {logging_mixin.py:188} INFO - [2026-05-07T23:02:40.264+0000] {dag.py:3954} INFO - Setting next_dagrun for example_sensor_decorator to None, run_after=None
[2026-05-07T23:02:40.282+0000] {processor.py:183} INFO - Processing /home/airflow/.local/lib/python3.12/site-packages/airflow/example_dags/example_sensor_decorator.py took 0.062 seconds
[2026-05-07T23:03:10.738+0000] {processor.py:161} INFO - Started process (PID=5759) to work on /home/airflow/.local/lib/python3.12/site-packages/airflow/example_dags/example_sensor_decorator.py
[2026-05-07T23:03:10.739+0000] {processor.py:830} INFO - Processing file /home/airflow/.local/lib/python3.12/site-packages/airflow/example_dags/example_sensor_decorator.py for tasks to queue
[2026-05-07T23:03:10.741+0000] {logging_mixin.py:188} INFO - [2026-05-07T23:03:10.741+0000] {dagbag.py:545} INFO - Filling up the DagBag from /home/airflow/.local/lib/python3.12/site-packages/airflow/example_dags/example_sensor_decorator.py
[2026-05-07T23:03:10.748+0000] {processor.py:840} INFO - DAG(s) 'example_sensor_decorator' retrieved from /home/airflow/.local/lib/python3.12/site-packages/airflow/example_dags/example_sensor_decorator.py
[2026-05-07T23:03:10.767+0000] {logging_mixin.py:188} INFO - [2026-05-07T23:03:10.767+0000] {dag.py:3096} INFO - Sync 1 DAGs
[2026-05-07T23:03:10.778+0000] {logging_mixin.py:188} INFO - [2026-05-07T23:03:10.778+0000] {dag.py:3954} INFO - Setting next_dagrun for example_sensor_decorator to None, run_after=None
[2026-05-07T23:03:10.795+0000] {processor.py:183} INFO - Processing /home/airflow/.local/lib/python3.12/site-packages/airflow/example_dags/example_sensor_decorator.py took 0.064 seconds
[2026-05-07T23:03:41.475+0000] {processor.py:161} INFO - Started process (PID=5817) to work on /home/airflow/.local/lib/python3.12/site-packages/airflow/example_dags/example_sensor_decorator.py
[2026-05-07T23:03:41.476+0000] {processor.py:830} INFO - Processing file /home/airflow/.local/lib/python3.12/site-packages/airflow/example_dags/example_sensor_decorator.py for tasks to queue
[2026-05-07T23:03:41.478+0000] {logging_mixin.py:188} INFO - [2026-05-07T23:03:41.478+0000] {dagbag.py:545} INFO - Filling up the DagBag from /home/airflow/.local/lib/python3.12/site-packages/airflow/example_dags/example_sensor_decorator.py
[2026-05-07T23:03:41.485+0000] {processor.py:840} INFO - DAG(s) 'example_sensor_decorator' retrieved from /home/airflow/.local/lib/python3.12/site-packages/airflow/example_dags/example_sensor_decorator.py
[2026-05-07T23:03:41.506+0000] {logging_mixin.py:188} INFO - [2026-05-07T23:03:41.506+0000] {dag.py:3096} INFO - Sync 1 DAGs
[2026-05-07T23:03:41.519+0000] {logging_mixin.py:188} INFO - [2026-05-07T23:03:41.519+0000] {dag.py:3954} INFO - Setting next_dagrun for example_sensor_decorator to None, run_after=None
[2026-05-07T23:03:41.541+0000] {processor.py:183} INFO - Processing /home/airflow/.local/lib/python3.12/site-packages/airflow/example_dags/example_sensor_decorator.py took 0.072 seconds
[2026-05-07T23:04:11.751+0000] {processor.py:161} INFO - Started process (PID=5875) to work on /home/airflow/.local/lib/python3.12/site-packages/airflow/example_dags/example_sensor_decorator.py
[2026-05-07T23:04:11.752+0000] {processor.py:830} INFO - Processing file /home/airflow/.local/lib/python3.12/site-packages/airflow/example_dags/example_sensor_decorator.py for tasks to queue
[2026-05-07T23:04:11.755+0000] {logging_mixin.py:188} INFO - [2026-05-07T23:04:11.755+0000] {dagbag.py:545} INFO - Filling up the DagBag from /home/airflow/.local/lib/python3.12/site-packages/airflow/example_dags/example_sensor_decorator.py
[2026-05-07T23:04:11.762+0000] {processor.py:840} INFO - DAG(s) 'example_sensor_decorator' retrieved from /home/airflow/.local/lib/python3.12/site-packages/airflow/example_dags/example_sensor_decorator.py
[2026-05-07T23:04:11.788+0000] {logging_mixin.py:188} INFO - [2026-05-07T23:04:11.788+0000] {dag.py:3096} INFO - Sync 1 DAGs
[2026-05-07T23:04:11.804+0000] {logging_mixin.py:188} INFO - [2026-05-07T23:04:11.804+0000] {dag.py:3954} INFO - Setting next_dagrun for example_sensor_decorator to None, run_after=None
[2026-05-07T23:04:11.829+0000] {processor.py:183} INFO - Processing /home/airflow/.local/lib/python3.12/site-packages/airflow/example_dags/example_sensor_decorator.py took 0.085 seconds
[2026-05-07T23:04:41.913+0000] {processor.py:161} INFO - Started process (PID=5933) to work on /home/airflow/.local/lib/python3.12/site-packages/airflow/example_dags/example_sensor_decorator.py
[2026-05-07T23:04:41.915+0000] {processor.py:830} INFO - Processing file /home/airflow/.local/lib/python3.12/site-packages/airflow/example_dags/example_sensor_decorator.py for tasks to queue
[2026-05-07T23:04:41.917+0000] {logging_mixin.py:188} INFO - [2026-05-07T23:04:41.917+0000] {dagbag.py:545} INFO - Filling up the DagBag from /home/airflow/.local/lib/python3.12/site-packages/airflow/example_dags/example_sensor_decorator.py
[2026-05-07T23:04:41.924+0000] {processor.py:840} INFO - DAG(s) 'example_sensor_decorator' retrieved from /home/airflow/.local/lib/python3.12/site-packages/airflow/example_dags/example_sensor_decorator.py
[2026-05-07T23:04:41.943+0000] {logging_mixin.py:188} INFO - [2026-05-07T23:04:41.943+0000] {dag.py:3096} INFO - Sync 1 DAGs
[2026-05-07T23:04:41.955+0000] {logging_mixin.py:188} INFO - [2026-05-07T23:04:41.955+0000] {dag.py:3954} INFO - Setting next_dagrun for example_sensor_decorator to None, run_after=None
[2026-05-07T23:04:41.974+0000] {processor.py:183} INFO - Processing /home/airflow/.local/lib/python3.12/site-packages/airflow/example_dags/example_sensor_decorator.py took 0.066 seconds
[2026-05-07T23:05:12.169+0000] {processor.py:161} INFO - Started process (PID=5991) to work on /home/airflow/.local/lib/python3.12/site-packages/airflow/example_dags/example_sensor_decorator.py
[2026-05-07T23:05:12.170+0000] {processor.py:830} INFO - Processing file /home/airflow/.local/lib/python3.12/site-packages/airflow/example_dags/example_sensor_decorator.py for tasks to queue
[2026-05-07T23:05:12.172+0000] {logging_mixin.py:188} INFO - [2026-05-07T23:05:12.172+0000] {dagbag.py:545} INFO - Filling up the DagBag from /home/airflow/.local/lib/python3.12/site-packages/airflow/example_dags/example_sensor_decorator.py
[2026-05-07T23:05:12.178+0000] {processor.py:840} INFO - DAG(s) 'example_sensor_decorator' retrieved from /home/airflow/.local/lib/python3.12/site-packages/airflow/example_dags/example_sensor_decorator.py
[2026-05-07T23:05:12.198+0000] {logging_mixin.py:188} INFO - [2026-05-07T23:05:12.198+0000] {dag.py:3096} INFO - Sync 1 DAGs
[2026-05-07T23:05:12.209+0000] {logging_mixin.py:188} INFO - [2026-05-07T23:05:12.208+0000] {dag.py:3954} INFO - Setting next_dagrun for example_sensor_decorator to None, run_after=None
[2026-05-07T23:05:12.227+0000] {processor.py:183} INFO - Processing /home/airflow/.local/lib/python3.12/site-packages/airflow/example_dags/example_sensor_decorator.py took 0.064 seconds
[2026-05-07T23:05:42.900+0000] {processor.py:161} INFO - Started process (PID=6049) to work on /home/airflow/.local/lib/python3.12/site-packages/airflow/example_dags/example_sensor_decorator.py
[2026-05-07T23:05:42.901+0000] {processor.py:830} INFO - Processing file /home/airflow/.local/lib/python3.12/site-packages/airflow/example_dags/example_sensor_decorator.py for tasks to queue
[2026-05-07T23:05:42.903+0000] {logging_mixin.py:188} INFO - [2026-05-07T23:05:42.903+0000] {dagbag.py:545} INFO - Filling up the DagBag from /home/airflow/.local/lib/python3.12/site-packages/airflow/example_dags/example_sensor_decorator.py
[2026-05-07T23:05:42.909+0000] {processor.py:840} INFO - DAG(s) 'example_sensor_decorator' retrieved from /home/airflow/.local/lib/python3.12/site-packages/airflow/example_dags/example_sensor_decorator.py
[2026-05-07T23:05:42.927+0000] {logging_mixin.py:188} INFO - [2026-05-07T23:05:42.927+0000] {dag.py:3096} INFO - Sync 1 DAGs
[2026-05-07T23:05:42.939+0000] {logging_mixin.py:188} INFO - [2026-05-07T23:05:42.939+0000] {dag.py:3954} INFO - Setting next_dagrun for example_sensor_decorator to None, run_after=None
[2026-05-07T23:05:42.957+0000] {processor.py:183} INFO - Processing /home/airflow/.local/lib/python3.12/site-packages/airflow/example_dags/example_sensor_decorator.py took 0.063 seconds
[2026-05-07T23:06:13.233+0000] {processor.py:161} INFO - Started process (PID=6107) to work on /home/airflow/.local/lib/python3.12/site-packages/airflow/example_dags/example_sensor_decorator.py
[2026-05-07T23:06:13.234+0000] {processor.py:830} INFO - Processing file /home/airflow/.local/lib/python3.12/site-packages/airflow/example_dags/example_sensor_decorator.py for tasks to queue
[2026-05-07T23:06:13.237+0000] {logging_mixin.py:188} INFO - [2026-05-07T23:06:13.236+0000] {dagbag.py:545} INFO - Filling up the DagBag from /home/airflow/.local/lib/python3.12/site-packages/airflow/example_dags/example_sensor_decorator.py
[2026-05-07T23:06:13.244+0000] {processor.py:840} INFO - DAG(s) 'example_sensor_decorator' retrieved from /home/airflow/.local/lib/python3.12/site-packages/airflow/example_dags/example_sensor_decorator.py
[2026-05-07T23:06:13.264+0000] {logging_mixin.py:188} INFO - [2026-05-07T23:06:13.263+0000] {dag.py:3096} INFO - Sync 1 DAGs
[2026-05-07T23:06:13.275+0000] {logging_mixin.py:188} INFO - [2026-05-07T23:06:13.275+0000] {dag.py:3954} INFO - Setting next_dagrun for example_sensor_decorator to None, run_after=None
[2026-05-07T23:06:13.297+0000] {processor.py:183} INFO - Processing /home/airflow/.local/lib/python3.12/site-packages/airflow/example_dags/example_sensor_decorator.py took 0.070 seconds
[2026-05-07T23:06:43.395+0000] {processor.py:161} INFO - Started process (PID=6166) to work on /home/airflow/.local/lib/python3.12/site-packages/airflow/example_dags/example_sensor_decorator.py
[2026-05-07T23:06:43.397+0000] {processor.py:830} INFO - Processing file /home/airflow/.local/lib/python3.12/site-packages/airflow/example_dags/example_sensor_decorator.py for tasks to queue
[2026-05-07T23:06:43.399+0000] {logging_mixin.py:188} INFO - [2026-05-07T23:06:43.399+0000] {dagbag.py:545} INFO - Filling up the DagBag from /home/airflow/.local/lib/python3.12/site-packages/airflow/example_dags/example_sensor_decorator.py
[2026-05-07T23:06:43.406+0000] {processor.py:840} INFO - DAG(s) 'example_sensor_decorator' retrieved from /home/airflow/.local/lib/python3.12/site-packages/airflow/example_dags/example_sensor_decorator.py
[2026-05-07T23:06:43.426+0000] {logging_mixin.py:188} INFO - [2026-05-07T23:06:43.426+0000] {dag.py:3096} INFO - Sync 1 DAGs
[2026-05-07T23:06:43.438+0000] {logging_mixin.py:188} INFO - [2026-05-07T23:06:43.438+0000] {dag.py:3954} INFO - Setting next_dagrun for example_sensor_decorator to None, run_after=None
[2026-05-07T23:06:43.457+0000] {processor.py:183} INFO - Processing /home/airflow/.local/lib/python3.12/site-packages/airflow/example_dags/example_sensor_decorator.py took 0.067 seconds
[2026-05-07T23:07:13.619+0000] {processor.py:161} INFO - Started process (PID=6223) to work on /home/airflow/.local/lib/python3.12/site-packages/airflow/example_dags/example_sensor_decorator.py
[2026-05-07T23:07:13.620+0000] {processor.py:830} INFO - Processing file /home/airflow/.local/lib/python3.12/site-packages/airflow/example_dags/example_sensor_decorator.py for tasks to queue
[2026-05-07T23:07:13.622+0000] {logging_mixin.py:188} INFO - [2026-05-07T23:07:13.622+0000] {dagbag.py:545} INFO - Filling up the DagBag from /home/airflow/.local/lib/python3.12/site-packages/airflow/example_dags/example_sensor_decorator.py
[2026-05-07T23:07:13.628+0000] {processor.py:840} INFO - DAG(s) 'example_sensor_decorator' retrieved from /home/airflow/.local/lib/python3.12/site-packages/airflow/example_dags/example_sensor_decorator.py
[2026-05-07T23:07:13.649+0000] {logging_mixin.py:188} INFO - [2026-05-07T23:07:13.649+0000] {dag.py:3096} INFO - Sync 1 DAGs
[2026-05-07T23:07:13.661+0000] {logging_mixin.py:188} INFO - [2026-05-07T23:07:13.661+0000] {dag.py:3954} INFO - Setting next_dagrun for example_sensor_decorator to None, run_after=None
[2026-05-07T23:07:13.679+0000] {processor.py:183} INFO - Processing /home/airflow/.local/lib/python3.12/site-packages/airflow/example_dags/example_sensor_decorator.py took 0.066 seconds
[2026-05-07T23:07:43.987+0000] {processor.py:161} INFO - Started process (PID=6281) to work on /home/airflow/.local/lib/python3.12/site-packages/airflow/example_dags/example_sensor_decorator.py
[2026-05-07T23:07:43.988+0000] {processor.py:830} INFO - Processing file /home/airflow/.local/lib/python3.12/site-packages/airflow/example_dags/example_sensor_decorator.py for tasks to queue
[2026-05-07T23:07:43.991+0000] {logging_mixin.py:188} INFO - [2026-05-07T23:07:43.990+0000] {dagbag.py:545} INFO - Filling up the DagBag from /home/airflow/.local/lib/python3.12/site-packages/airflow/example_dags/example_sensor_decorator.py
[2026-05-07T23:07:43.997+0000] {processor.py:840} INFO - DAG(s) 'example_sensor_decorator' retrieved from /home/airflow/.local/lib/python3.12/site-packages/airflow/example_dags/example_sensor_decorator.py
[2026-05-07T23:07:44.017+0000] {logging_mixin.py:188} INFO - [2026-05-07T23:07:44.017+0000] {dag.py:3096} INFO - Sync 1 DAGs
[2026-05-07T23:07:44.029+0000] {logging_mixin.py:188} INFO - [2026-05-07T23:07:44.029+0000] {dag.py:3954} INFO - Setting next_dagrun for example_sensor_decorator to None, run_after=None
[2026-05-07T23:07:44.047+0000] {processor.py:183} INFO - Processing /home/airflow/.local/lib/python3.12/site-packages/airflow/example_dags/example_sensor_decorator.py took 0.066 seconds
[2026-05-07T23:08:14.404+0000] {processor.py:161} INFO - Started process (PID=6339) to work on /home/airflow/.local/lib/python3.12/site-packages/airflow/example_dags/example_sensor_decorator.py
[2026-05-07T23:08:14.405+0000] {processor.py:830} INFO - Processing file /home/airflow/.local/lib/python3.12/site-packages/airflow/example_dags/example_sensor_decorator.py for tasks to queue
[2026-05-07T23:08:14.407+0000] {logging_mixin.py:188} INFO - [2026-05-07T23:08:14.407+0000] {dagbag.py:545} INFO - Filling up the DagBag from /home/airflow/.local/lib/python3.12/site-packages/airflow/example_dags/example_sensor_decorator.py
[2026-05-07T23:08:14.414+0000] {processor.py:840} INFO - DAG(s) 'example_sensor_decorator' retrieved from /home/airflow/.local/lib/python3.12/site-packages/airflow/example_dags/example_sensor_decorator.py
[2026-05-07T23:08:14.435+0000] {logging_mixin.py:188} INFO - [2026-05-07T23:08:14.434+0000] {dag.py:3096} INFO - Sync 1 DAGs
[2026-05-07T23:08:14.446+0000] {logging_mixin.py:188} INFO - [2026-05-07T23:08:14.446+0000] {dag.py:3954} INFO - Setting next_dagrun for example_sensor_decorator to None, run_after=None
[2026-05-07T23:08:14.466+0000] {processor.py:183} INFO - Processing /home/airflow/.local/lib/python3.12/site-packages/airflow/example_dags/example_sensor_decorator.py took 0.067 seconds
[2026-05-07T23:08:44.930+0000] {processor.py:161} INFO - Started process (PID=6397) to work on /home/airflow/.local/lib/python3.12/site-packages/airflow/example_dags/example_sensor_decorator.py
[2026-05-07T23:08:44.931+0000] {processor.py:830} INFO - Processing file /home/airflow/.local/lib/python3.12/site-packages/airflow/example_dags/example_sensor_decorator.py for tasks to queue
[2026-05-07T23:08:44.933+0000] {logging_mixin.py:188} INFO - [2026-05-07T23:08:44.932+0000] {dagbag.py:545} INFO - Filling up the DagBag from /home/airflow/.local/lib/python3.12/site-packages/airflow/example_dags/example_sensor_decorator.py
[2026-05-07T23:08:44.939+0000] {processor.py:840} INFO - DAG(s) 'example_sensor_decorator' retrieved from /home/airflow/.local/lib/python3.12/site-packages/airflow/example_dags/example_sensor_decorator.py
[2026-05-07T23:08:44.959+0000] {logging_mixin.py:188} INFO - [2026-05-07T23:08:44.959+0000] {dag.py:3096} INFO - Sync 1 DAGs
[2026-05-07T23:08:44.971+0000] {logging_mixin.py:188} INFO - [2026-05-07T23:08:44.970+0000] {dag.py:3954} INFO - Setting next_dagrun for example_sensor_decorator to None, run_after=None
[2026-05-07T23:08:44.992+0000] {processor.py:183} INFO - Processing /home/airflow/.local/lib/python3.12/site-packages/airflow/example_dags/example_sensor_decorator.py took 0.068 seconds
[2026-05-07T23:09:15.638+0000] {processor.py:161} INFO - Started process (PID=6455) to work on /home/airflow/.local/lib/python3.12/site-packages/airflow/example_dags/example_sensor_decorator.py
[2026-05-07T23:09:15.641+0000] {processor.py:830} INFO - Processing file /home/airflow/.local/lib/python3.12/site-packages/airflow/example_dags/example_sensor_decorator.py for tasks to queue
[2026-05-07T23:09:15.646+0000] {logging_mixin.py:188} INFO - [2026-05-07T23:09:15.645+0000] {dagbag.py:545} INFO - Filling up the DagBag from /home/airflow/.local/lib/python3.12/site-packages/airflow/example_dags/example_sensor_decorator.py
[2026-05-07T23:09:15.660+0000] {processor.py:840} INFO - DAG(s) 'example_sensor_decorator' retrieved from /home/airflow/.local/lib/python3.12/site-packages/airflow/example_dags/example_sensor_decorator.py
[2026-05-07T23:09:15.704+0000] {logging_mixin.py:188} INFO - [2026-05-07T23:09:15.703+0000] {dag.py:3096} INFO - Sync 1 DAGs
[2026-05-07T23:09:15.726+0000] {logging_mixin.py:188} INFO - [2026-05-07T23:09:15.726+0000] {dag.py:3954} INFO - Setting next_dagrun for example_sensor_decorator to None, run_after=None
[2026-05-07T23:09:15.760+0000] {processor.py:183} INFO - Processing /home/airflow/.local/lib/python3.12/site-packages/airflow/example_dags/example_sensor_decorator.py took 0.134 seconds
[2026-05-07T23:09:45.898+0000] {processor.py:161} INFO - Started process (PID=6513) to work on /home/airflow/.local/lib/python3.12/site-packages/airflow/example_dags/example_sensor_decorator.py
[2026-05-07T23:09:45.900+0000] {processor.py:830} INFO - Processing file /home/airflow/.local/lib/python3.12/site-packages/airflow/example_dags/example_sensor_decorator.py for tasks to queue
[2026-05-07T23:09:45.903+0000] {logging_mixin.py:188} INFO - [2026-05-07T23:09:45.903+0000] {dagbag.py:545} INFO - Filling up the DagBag from /home/airflow/.local/lib/python3.12/site-packages/airflow/example_dags/example_sensor_decorator.py
[2026-05-07T23:09:45.910+0000] {processor.py:840} INFO - DAG(s) 'example_sensor_decorator' retrieved from /home/airflow/.local/lib/python3.12/site-packages/airflow/example_dags/example_sensor_decorator.py
[2026-05-07T23:09:45.931+0000] {logging_mixin.py:188} INFO - [2026-05-07T23:09:45.931+0000] {dag.py:3096} INFO - Sync 1 DAGs
[2026-05-07T23:09:45.942+0000] {logging_mixin.py:188} INFO - [2026-05-07T23:09:45.942+0000] {dag.py:3954} INFO - Setting next_dagrun for example_sensor_decorator to None, run_after=None
[2026-05-07T23:09:45.961+0000] {processor.py:183} INFO - Processing /home/airflow/.local/lib/python3.12/site-packages/airflow/example_dags/example_sensor_decorator.py took 0.069 seconds
[2026-05-07T23:10:16.156+0000] {processor.py:161} INFO - Started process (PID=6571) to work on /home/airflow/.local/lib/python3.12/site-packages/airflow/example_dags/example_sensor_decorator.py
[2026-05-07T23:10:16.158+0000] {processor.py:830} INFO - Processing file /home/airflow/.local/lib/python3.12/site-packages/airflow/example_dags/example_sensor_decorator.py for tasks to queue
[2026-05-07T23:10:16.160+0000] {logging_mixin.py:188} INFO - [2026-05-07T23:10:16.159+0000] {dagbag.py:545} INFO - Filling up the DagBag from /home/airflow/.local/lib/python3.12/site-packages/airflow/example_dags/example_sensor_decorator.py
[2026-05-07T23:10:16.167+0000] {processor.py:840} INFO - DAG(s) 'example_sensor_decorator' retrieved from /home/airflow/.local/lib/python3.12/site-packages/airflow/example_dags/example_sensor_decorator.py
[2026-05-07T23:10:16.185+0000] {logging_mixin.py:188} INFO - [2026-05-07T23:10:16.185+0000] {dag.py:3096} INFO - Sync 1 DAGs
[2026-05-07T23:10:16.197+0000] {logging_mixin.py:188} INFO - [2026-05-07T23:10:16.196+0000] {dag.py:3954} INFO - Setting next_dagrun for example_sensor_decorator to None, run_after=None
[2026-05-07T23:10:16.217+0000] {processor.py:183} INFO - Processing /home/airflow/.local/lib/python3.12/site-packages/airflow/example_dags/example_sensor_decorator.py took 0.066 seconds
[2026-05-07T23:10:46.331+0000] {processor.py:161} INFO - Started process (PID=6629) to work on /home/airflow/.local/lib/python3.12/site-packages/airflow/example_dags/example_sensor_decorator.py
[2026-05-07T23:10:46.332+0000] {processor.py:830} INFO - Processing file /home/airflow/.local/lib/python3.12/site-packages/airflow/example_dags/example_sensor_decorator.py for tasks to queue
[2026-05-07T23:10:46.334+0000] {logging_mixin.py:188} INFO - [2026-05-07T23:10:46.334+0000] {dagbag.py:545} INFO - Filling up the DagBag from /home/airflow/.local/lib/python3.12/site-packages/airflow/example_dags/example_sensor_decorator.py
[2026-05-07T23:10:46.341+0000] {processor.py:840} INFO - DAG(s) 'example_sensor_decorator' retrieved from /home/airflow/.local/lib/python3.12/site-packages/airflow/example_dags/example_sensor_decorator.py
[2026-05-07T23:10:46.359+0000] {logging_mixin.py:188} INFO - [2026-05-07T23:10:46.359+0000] {dag.py:3096} INFO - Sync 1 DAGs
[2026-05-07T23:10:46.370+0000] {logging_mixin.py:188} INFO - [2026-05-07T23:10:46.370+0000] {dag.py:3954} INFO - Setting next_dagrun for example_sensor_decorator to None, run_after=None
[2026-05-07T23:10:46.390+0000] {processor.py:183} INFO - Processing /home/airflow/.local/lib/python3.12/site-packages/airflow/example_dags/example_sensor_decorator.py took 0.065 seconds
[2026-05-07T23:11:16.879+0000] {processor.py:161} INFO - Started process (PID=6687) to work on /home/airflow/.local/lib/python3.12/site-packages/airflow/example_dags/example_sensor_decorator.py
[2026-05-07T23:11:16.881+0000] {processor.py:830} INFO - Processing file /home/airflow/.local/lib/python3.12/site-packages/airflow/example_dags/example_sensor_decorator.py for tasks to queue
[2026-05-07T23:11:16.884+0000] {logging_mixin.py:188} INFO - [2026-05-07T23:11:16.883+0000] {dagbag.py:545} INFO - Filling up the DagBag from /home/airflow/.local/lib/python3.12/site-packages/airflow/example_dags/example_sensor_decorator.py
[2026-05-07T23:11:16.904+0000] {processor.py:840} INFO - DAG(s) 'example_sensor_decorator' retrieved from /home/airflow/.local/lib/python3.12/site-packages/airflow/example_dags/example_sensor_decorator.py
[2026-05-07T23:11:16.929+0000] {logging_mixin.py:188} INFO - [2026-05-07T23:11:16.929+0000] {dag.py:3096} INFO - Sync 1 DAGs
[2026-05-07T23:11:16.942+0000] {logging_mixin.py:188} INFO - [2026-05-07T23:11:16.941+0000] {dag.py:3954} INFO - Setting next_dagrun for example_sensor_decorator to None, run_after=None
[2026-05-07T23:11:16.968+0000] {processor.py:183} INFO - Processing /home/airflow/.local/lib/python3.12/site-packages/airflow/example_dags/example_sensor_decorator.py took 0.094 seconds
[2026-05-07T23:11:47.162+0000] {processor.py:161} INFO - Started process (PID=6745) to work on /home/airflow/.local/lib/python3.12/site-packages/airflow/example_dags/example_sensor_decorator.py
[2026-05-07T23:11:47.163+0000] {processor.py:830} INFO - Processing file /home/airflow/.local/lib/python3.12/site-packages/airflow/example_dags/example_sensor_decorator.py for tasks to queue
[2026-05-07T23:11:47.165+0000] {logging_mixin.py:188} INFO - [2026-05-07T23:11:47.165+0000] {dagbag.py:545} INFO - Filling up the DagBag from /home/airflow/.local/lib/python3.12/site-packages/airflow/example_dags/example_sensor_decorator.py
[2026-05-07T23:11:47.171+0000] {processor.py:840} INFO - DAG(s) 'example_sensor_decorator' retrieved from /home/airflow/.local/lib/python3.12/site-packages/airflow/example_dags/example_sensor_decorator.py
[2026-05-07T23:11:47.192+0000] {logging_mixin.py:188} INFO - [2026-05-07T23:11:47.191+0000] {dag.py:3096} INFO - Sync 1 DAGs
[2026-05-07T23:11:47.204+0000] {logging_mixin.py:188} INFO - [2026-05-07T23:11:47.204+0000] {dag.py:3954} INFO - Setting next_dagrun for example_sensor_decorator to None, run_after=None
[2026-05-07T23:11:47.224+0000] {processor.py:183} INFO - Processing /home/airflow/.local/lib/python3.12/site-packages/airflow/example_dags/example_sensor_decorator.py took 0.068 seconds
[2026-05-07T23:12:17.528+0000] {processor.py:161} INFO - Started process (PID=6803) to work on /home/airflow/.local/lib/python3.12/site-packages/airflow/example_dags/example_sensor_decorator.py
[2026-05-07T23:12:17.529+0000] {processor.py:830} INFO - Processing file /home/airflow/.local/lib/python3.12/site-packages/airflow/example_dags/example_sensor_decorator.py for tasks to queue
[2026-05-07T23:12:17.531+0000] {logging_mixin.py:188} INFO - [2026-05-07T23:12:17.531+0000] {dagbag.py:545} INFO - Filling up the DagBag from /home/airflow/.local/lib/python3.12/site-packages/airflow/example_dags/example_sensor_decorator.py
[2026-05-07T23:12:17.539+0000] {processor.py:840} INFO - DAG(s) 'example_sensor_decorator' retrieved from /home/airflow/.local/lib/python3.12/site-packages/airflow/example_dags/example_sensor_decorator.py
[2026-05-07T23:12:17.559+0000] {logging_mixin.py:188} INFO - [2026-05-07T23:12:17.558+0000] {dag.py:3096} INFO - Sync 1 DAGs
[2026-05-07T23:12:17.570+0000] {logging_mixin.py:188} INFO - [2026-05-07T23:12:17.569+0000] {dag.py:3954} INFO - Setting next_dagrun for example_sensor_decorator to None, run_after=None
[2026-05-07T23:12:17.589+0000] {processor.py:183} INFO - Processing /home/airflow/.local/lib/python3.12/site-packages/airflow/example_dags/example_sensor_decorator.py took 0.067 seconds
[2026-05-07T23:12:47.883+0000] {processor.py:161} INFO - Started process (PID=6861) to work on /home/airflow/.local/lib/python3.12/site-packages/airflow/example_dags/example_sensor_decorator.py
[2026-05-07T23:12:47.884+0000] {processor.py:830} INFO - Processing file /home/airflow/.local/lib/python3.12/site-packages/airflow/example_dags/example_sensor_decorator.py for tasks to queue
[2026-05-07T23:12:47.886+0000] {logging_mixin.py:188} INFO - [2026-05-07T23:12:47.886+0000] {dagbag.py:545} INFO - Filling up the DagBag from /home/airflow/.local/lib/python3.12/site-packages/airflow/example_dags/example_sensor_decorator.py
[2026-05-07T23:12:47.893+0000] {processor.py:840} INFO - DAG(s) 'example_sensor_decorator' retrieved from /home/airflow/.local/lib/python3.12/site-packages/airflow/example_dags/example_sensor_decorator.py
[2026-05-07T23:12:47.912+0000] {logging_mixin.py:188} INFO - [2026-05-07T23:12:47.912+0000] {dag.py:3096} INFO - Sync 1 DAGs
[2026-05-07T23:12:47.924+0000] {logging_mixin.py:188} INFO - [2026-05-07T23:12:47.923+0000] {dag.py:3954} INFO - Setting next_dagrun for example_sensor_decorator to None, run_after=None
[2026-05-07T23:12:47.944+0000] {processor.py:183} INFO - Processing /home/airflow/.local/lib/python3.12/site-packages/airflow/example_dags/example_sensor_decorator.py took 0.066 seconds
[2026-05-07T23:13:18.819+0000] {processor.py:161} INFO - Started process (PID=6919) to work on /home/airflow/.local/lib/python3.12/site-packages/airflow/example_dags/example_sensor_decorator.py
[2026-05-07T23:13:18.820+0000] {processor.py:830} INFO - Processing file /home/airflow/.local/lib/python3.12/site-packages/airflow/example_dags/example_sensor_decorator.py for tasks to queue
[2026-05-07T23:13:18.822+0000] {logging_mixin.py:188} INFO - [2026-05-07T23:13:18.822+0000] {dagbag.py:545} INFO - Filling up the DagBag from /home/airflow/.local/lib/python3.12/site-packages/airflow/example_dags/example_sensor_decorator.py
[2026-05-07T23:13:18.829+0000] {processor.py:840} INFO - DAG(s) 'example_sensor_decorator' retrieved from /home/airflow/.local/lib/python3.12/site-packages/airflow/example_dags/example_sensor_decorator.py
[2026-05-07T23:13:18.847+0000] {logging_mixin.py:188} INFO - [2026-05-07T23:13:18.847+0000] {dag.py:3096} INFO - Sync 1 DAGs
[2026-05-07T23:13:18.859+0000] {logging_mixin.py:188} INFO - [2026-05-07T23:13:18.858+0000] {dag.py:3954} INFO - Setting next_dagrun for example_sensor_decorator to None, run_after=None
[2026-05-07T23:13:18.879+0000] {processor.py:183} INFO - Processing /home/airflow/.local/lib/python3.12/site-packages/airflow/example_dags/example_sensor_decorator.py took 0.066 seconds
[2026-05-07T23:13:49.844+0000] {processor.py:161} INFO - Started process (PID=6977) to work on /home/airflow/.local/lib/python3.12/site-packages/airflow/example_dags/example_sensor_decorator.py
[2026-05-07T23:13:49.846+0000] {processor.py:830} INFO - Processing file /home/airflow/.local/lib/python3.12/site-packages/airflow/example_dags/example_sensor_decorator.py for tasks to queue
[2026-05-07T23:13:49.848+0000] {logging_mixin.py:188} INFO - [2026-05-07T23:13:49.848+0000] {dagbag.py:545} INFO - Filling up the DagBag from /home/airflow/.local/lib/python3.12/site-packages/airflow/example_dags/example_sensor_decorator.py
[2026-05-07T23:13:49.855+0000] {processor.py:840} INFO - DAG(s) 'example_sensor_decorator' retrieved from /home/airflow/.local/lib/python3.12/site-packages/airflow/example_dags/example_sensor_decorator.py
[2026-05-07T23:13:49.877+0000] {logging_mixin.py:188} INFO - [2026-05-07T23:13:49.877+0000] {dag.py:3096} INFO - Sync 1 DAGs
[2026-05-07T23:13:49.890+0000] {logging_mixin.py:188} INFO - [2026-05-07T23:13:49.890+0000] {dag.py:3954} INFO - Setting next_dagrun for example_sensor_decorator to None, run_after=None
[2026-05-07T23:13:49.911+0000] {processor.py:183} INFO - Processing /home/airflow/.local/lib/python3.12/site-packages/airflow/example_dags/example_sensor_decorator.py took 0.073 seconds
[2026-05-07T23:14:20.644+0000] {processor.py:161} INFO - Started process (PID=7035) to work on /home/airflow/.local/lib/python3.12/site-packages/airflow/example_dags/example_sensor_decorator.py
[2026-05-07T23:14:20.645+0000] {processor.py:830} INFO - Processing file /home/airflow/.local/lib/python3.12/site-packages/airflow/example_dags/example_sensor_decorator.py for tasks to queue
[2026-05-07T23:14:20.648+0000] {logging_mixin.py:188} INFO - [2026-05-07T23:14:20.647+0000] {dagbag.py:545} INFO - Filling up the DagBag from /home/airflow/.local/lib/python3.12/site-packages/airflow/example_dags/example_sensor_decorator.py
[2026-05-07T23:14:20.654+0000] {processor.py:840} INFO - DAG(s) 'example_sensor_decorator' retrieved from /home/airflow/.local/lib/python3.12/site-packages/airflow/example_dags/example_sensor_decorator.py
[2026-05-07T23:14:20.674+0000] {logging_mixin.py:188} INFO - [2026-05-07T23:14:20.674+0000] {dag.py:3096} INFO - Sync 1 DAGs
[2026-05-07T23:14:20.688+0000] {logging_mixin.py:188} INFO - [2026-05-07T23:14:20.688+0000] {dag.py:3954} INFO - Setting next_dagrun for example_sensor_decorator to None, run_after=None
[2026-05-07T23:14:20.708+0000] {processor.py:183} INFO - Processing /home/airflow/.local/lib/python3.12/site-packages/airflow/example_dags/example_sensor_decorator.py took 0.070 seconds
[2026-05-07T23:14:51.027+0000] {processor.py:161} INFO - Started process (PID=7093) to work on /home/airflow/.local/lib/python3.12/site-packages/airflow/example_dags/example_sensor_decorator.py
[2026-05-07T23:14:51.029+0000] {processor.py:830} INFO - Processing file /home/airflow/.local/lib/python3.12/site-packages/airflow/example_dags/example_sensor_decorator.py for tasks to queue
[2026-05-07T23:14:51.031+0000] {logging_mixin.py:188} INFO - [2026-05-07T23:14:51.031+0000] {dagbag.py:545} INFO - Filling up the DagBag from /home/airflow/.local/lib/python3.12/site-packages/airflow/example_dags/example_sensor_decorator.py
[2026-05-07T23:14:51.040+0000] {processor.py:840} INFO - DAG(s) 'example_sensor_decorator' retrieved from /home/airflow/.local/lib/python3.12/site-packages/airflow/example_dags/example_sensor_decorator.py
[2026-05-07T23:14:51.065+0000] {logging_mixin.py:188} INFO - [2026-05-07T23:14:51.064+0000] {dag.py:3096} INFO - Sync 1 DAGs
[2026-05-07T23:14:51.079+0000] {logging_mixin.py:188} INFO - [2026-05-07T23:14:51.078+0000] {dag.py:3954} INFO - Setting next_dagrun for example_sensor_decorator to None, run_after=None
[2026-05-07T23:14:51.106+0000] {processor.py:183} INFO - Processing /home/airflow/.local/lib/python3.12/site-packages/airflow/example_dags/example_sensor_decorator.py took 0.086 seconds
[2026-05-07T23:15:21.311+0000] {processor.py:161} INFO - Started process (PID=7151) to work on /home/airflow/.local/lib/python3.12/site-packages/airflow/example_dags/example_sensor_decorator.py
[2026-05-07T23:15:21.312+0000] {processor.py:830} INFO - Processing file /home/airflow/.local/lib/python3.12/site-packages/airflow/example_dags/example_sensor_decorator.py for tasks to queue
[2026-05-07T23:15:21.315+0000] {logging_mixin.py:188} INFO - [2026-05-07T23:15:21.315+0000] {dagbag.py:545} INFO - Filling up the DagBag from /home/airflow/.local/lib/python3.12/site-packages/airflow/example_dags/example_sensor_decorator.py
[2026-05-07T23:15:21.321+0000] {processor.py:840} INFO - DAG(s) 'example_sensor_decorator' retrieved from /home/airflow/.local/lib/python3.12/site-packages/airflow/example_dags/example_sensor_decorator.py
[2026-05-07T23:15:21.341+0000] {logging_mixin.py:188} INFO - [2026-05-07T23:15:21.341+0000] {dag.py:3096} INFO - Sync 1 DAGs
[2026-05-07T23:15:21.353+0000] {logging_mixin.py:188} INFO - [2026-05-07T23:15:21.353+0000] {dag.py:3954} INFO - Setting next_dagrun for example_sensor_decorator to None, run_after=None
[2026-05-07T23:15:21.375+0000] {processor.py:183} INFO - Processing /home/airflow/.local/lib/python3.12/site-packages/airflow/example_dags/example_sensor_decorator.py took 0.069 seconds
[2026-05-07T23:15:51.527+0000] {processor.py:161} INFO - Started process (PID=7209) to work on /home/airflow/.local/lib/python3.12/site-packages/airflow/example_dags/example_sensor_decorator.py
[2026-05-07T23:15:51.529+0000] {processor.py:830} INFO - Processing file /home/airflow/.local/lib/python3.12/site-packages/airflow/example_dags/example_sensor_decorator.py for tasks to queue
[2026-05-07T23:15:51.531+0000] {logging_mixin.py:188} INFO - [2026-05-07T23:15:51.531+0000] {dagbag.py:545} INFO - Filling up the DagBag from /home/airflow/.local/lib/python3.12/site-packages/airflow/example_dags/example_sensor_decorator.py
[2026-05-07T23:15:51.537+0000] {processor.py:840} INFO - DAG(s) 'example_sensor_decorator' retrieved from /home/airflow/.local/lib/python3.12/site-packages/airflow/example_dags/example_sensor_decorator.py
[2026-05-07T23:15:51.558+0000] {logging_mixin.py:188} INFO - [2026-05-07T23:15:51.557+0000] {dag.py:3096} INFO - Sync 1 DAGs
[2026-05-07T23:15:51.569+0000] {logging_mixin.py:188} INFO - [2026-05-07T23:15:51.569+0000] {dag.py:3954} INFO - Setting next_dagrun for example_sensor_decorator to None, run_after=None
[2026-05-07T23:15:51.589+0000] {processor.py:183} INFO - Processing /home/airflow/.local/lib/python3.12/site-packages/airflow/example_dags/example_sensor_decorator.py took 0.068 seconds
[2026-05-07T23:16:22.095+0000] {processor.py:161} INFO - Started process (PID=7267) to work on /home/airflow/.local/lib/python3.12/site-packages/airflow/example_dags/example_sensor_decorator.py
[2026-05-07T23:16:22.096+0000] {processor.py:830} INFO - Processing file /home/airflow/.local/lib/python3.12/site-packages/airflow/example_dags/example_sensor_decorator.py for tasks to queue
[2026-05-07T23:16:22.098+0000] {logging_mixin.py:188} INFO - [2026-05-07T23:16:22.098+0000] {dagbag.py:545} INFO - Filling up the DagBag from /home/airflow/.local/lib/python3.12/site-packages/airflow/example_dags/example_sensor_decorator.py
[2026-05-07T23:16:22.105+0000] {processor.py:840} INFO - DAG(s) 'example_sensor_decorator' retrieved from /home/airflow/.local/lib/python3.12/site-packages/airflow/example_dags/example_sensor_decorator.py
[2026-05-07T23:16:22.125+0000] {logging_mixin.py:188} INFO - [2026-05-07T23:16:22.125+0000] {dag.py:3096} INFO - Sync 1 DAGs
[2026-05-07T23:16:22.139+0000] {logging_mixin.py:188} INFO - [2026-05-07T23:16:22.139+0000] {dag.py:3954} INFO - Setting next_dagrun for example_sensor_decorator to None, run_after=None
[2026-05-07T23:16:22.293+0000] {processor.py:183} INFO - Processing /home/airflow/.local/lib/python3.12/site-packages/airflow/example_dags/example_sensor_decorator.py took 0.203 seconds
[2026-05-07T23:16:53.276+0000] {processor.py:161} INFO - Started process (PID=7325) to work on /home/airflow/.local/lib/python3.12/site-packages/airflow/example_dags/example_sensor_decorator.py
[2026-05-07T23:16:53.278+0000] {processor.py:830} INFO - Processing file /home/airflow/.local/lib/python3.12/site-packages/airflow/example_dags/example_sensor_decorator.py for tasks to queue
[2026-05-07T23:16:53.279+0000] {logging_mixin.py:188} INFO - [2026-05-07T23:16:53.279+0000] {dagbag.py:545} INFO - Filling up the DagBag from /home/airflow/.local/lib/python3.12/site-packages/airflow/example_dags/example_sensor_decorator.py
[2026-05-07T23:16:53.285+0000] {processor.py:840} INFO - DAG(s) 'example_sensor_decorator' retrieved from /home/airflow/.local/lib/python3.12/site-packages/airflow/example_dags/example_sensor_decorator.py
[2026-05-07T23:16:53.305+0000] {logging_mixin.py:188} INFO - [2026-05-07T23:16:53.305+0000] {dag.py:3096} INFO - Sync 1 DAGs
[2026-05-07T23:16:53.318+0000] {logging_mixin.py:188} INFO - [2026-05-07T23:16:53.318+0000] {dag.py:3954} INFO - Setting next_dagrun for example_sensor_decorator to None, run_after=None
[2026-05-07T23:16:53.340+0000] {processor.py:183} INFO - Processing /home/airflow/.local/lib/python3.12/site-packages/airflow/example_dags/example_sensor_decorator.py took 0.069 seconds
[2026-05-07T23:17:23.845+0000] {processor.py:161} INFO - Started process (PID=7383) to work on /home/airflow/.local/lib/python3.12/site-packages/airflow/example_dags/example_sensor_decorator.py
[2026-05-07T23:17:23.846+0000] {processor.py:830} INFO - Processing file /home/airflow/.local/lib/python3.12/site-packages/airflow/example_dags/example_sensor_decorator.py for tasks to queue
[2026-05-07T23:17:23.848+0000] {logging_mixin.py:188} INFO - [2026-05-07T23:17:23.848+0000] {dagbag.py:545} INFO - Filling up the DagBag from /home/airflow/.local/lib/python3.12/site-packages/airflow/example_dags/example_sensor_decorator.py
[2026-05-07T23:17:23.855+0000] {processor.py:840} INFO - DAG(s) 'example_sensor_decorator' retrieved from /home/airflow/.local/lib/python3.12/site-packages/airflow/example_dags/example_sensor_decorator.py
[2026-05-07T23:17:23.876+0000] {logging_mixin.py:188} INFO - [2026-05-07T23:17:23.875+0000] {dag.py:3096} INFO - Sync 1 DAGs
[2026-05-07T23:17:23.888+0000] {logging_mixin.py:188} INFO - [2026-05-07T23:17:23.888+0000] {dag.py:3954} INFO - Setting next_dagrun for example_sensor_decorator to None, run_after=None
[2026-05-07T23:17:23.911+0000] {processor.py:183} INFO - Processing /home/airflow/.local/lib/python3.12/site-packages/airflow/example_dags/example_sensor_decorator.py took 0.072 seconds
[2026-05-07T23:17:54.262+0000] {processor.py:161} INFO - Started process (PID=7439) to work on /home/airflow/.local/lib/python3.12/site-packages/airflow/example_dags/example_sensor_decorator.py
[2026-05-07T23:17:54.263+0000] {processor.py:830} INFO - Processing file /home/airflow/.local/lib/python3.12/site-packages/airflow/example_dags/example_sensor_decorator.py for tasks to queue
[2026-05-07T23:17:54.265+0000] {logging_mixin.py:188} INFO - [2026-05-07T23:17:54.265+0000] {dagbag.py:545} INFO - Filling up the DagBag from /home/airflow/.local/lib/python3.12/site-packages/airflow/example_dags/example_sensor_decorator.py
[2026-05-07T23:17:54.272+0000] {processor.py:840} INFO - DAG(s) 'example_sensor_decorator' retrieved from /home/airflow/.local/lib/python3.12/site-packages/airflow/example_dags/example_sensor_decorator.py
[2026-05-07T23:17:54.294+0000] {logging_mixin.py:188} INFO - [2026-05-07T23:17:54.294+0000] {dag.py:3096} INFO - Sync 1 DAGs
[2026-05-07T23:17:54.434+0000] {logging_mixin.py:188} INFO - [2026-05-07T23:17:54.434+0000] {dag.py:3954} INFO - Setting next_dagrun for example_sensor_decorator to None, run_after=None
[2026-05-07T23:17:54.451+0000] {processor.py:183} INFO - Processing /home/airflow/.local/lib/python3.12/site-packages/airflow/example_dags/example_sensor_decorator.py took 0.195 seconds
[2026-05-07T23:18:24.564+0000] {processor.py:161} INFO - Started process (PID=7497) to work on /home/airflow/.local/lib/python3.12/site-packages/airflow/example_dags/example_sensor_decorator.py
[2026-05-07T23:18:24.565+0000] {processor.py:830} INFO - Processing file /home/airflow/.local/lib/python3.12/site-packages/airflow/example_dags/example_sensor_decorator.py for tasks to queue
[2026-05-07T23:18:24.567+0000] {logging_mixin.py:188} INFO - [2026-05-07T23:18:24.567+0000] {dagbag.py:545} INFO - Filling up the DagBag from /home/airflow/.local/lib/python3.12/site-packages/airflow/example_dags/example_sensor_decorator.py
[2026-05-07T23:18:24.574+0000] {processor.py:840} INFO - DAG(s) 'example_sensor_decorator' retrieved from /home/airflow/.local/lib/python3.12/site-packages/airflow/example_dags/example_sensor_decorator.py
[2026-05-07T23:18:24.594+0000] {logging_mixin.py:188} INFO - [2026-05-07T23:18:24.594+0000] {dag.py:3096} INFO - Sync 1 DAGs
[2026-05-07T23:18:24.605+0000] {logging_mixin.py:188} INFO - [2026-05-07T23:18:24.605+0000] {dag.py:3954} INFO - Setting next_dagrun for example_sensor_decorator to None, run_after=None
[2026-05-07T23:18:24.628+0000] {processor.py:183} INFO - Processing /home/airflow/.local/lib/python3.12/site-packages/airflow/example_dags/example_sensor_decorator.py took 0.068 seconds
[2026-05-07T23:18:54.666+0000] {processor.py:161} INFO - Started process (PID=7554) to work on /home/airflow/.local/lib/python3.12/site-packages/airflow/example_dags/example_sensor_decorator.py
[2026-05-07T23:18:54.667+0000] {processor.py:830} INFO - Processing file /home/airflow/.local/lib/python3.12/site-packages/airflow/example_dags/example_sensor_decorator.py for tasks to queue
[2026-05-07T23:18:54.670+0000] {logging_mixin.py:188} INFO - [2026-05-07T23:18:54.670+0000] {dagbag.py:545} INFO - Filling up the DagBag from /home/airflow/.local/lib/python3.12/site-packages/airflow/example_dags/example_sensor_decorator.py
[2026-05-07T23:18:54.677+0000] {processor.py:840} INFO - DAG(s) 'example_sensor_decorator' retrieved from /home/airflow/.local/lib/python3.12/site-packages/airflow/example_dags/example_sensor_decorator.py
[2026-05-07T23:18:54.695+0000] {logging_mixin.py:188} INFO - [2026-05-07T23:18:54.695+0000] {dag.py:3096} INFO - Sync 1 DAGs
[2026-05-07T23:18:54.705+0000] {logging_mixin.py:188} INFO - [2026-05-07T23:18:54.705+0000] {dag.py:3954} INFO - Setting next_dagrun for example_sensor_decorator to None, run_after=None
[2026-05-07T23:18:54.721+0000] {processor.py:183} INFO - Processing /home/airflow/.local/lib/python3.12/site-packages/airflow/example_dags/example_sensor_decorator.py took 0.062 seconds
[2026-05-07T23:19:25.003+0000] {processor.py:161} INFO - Started process (PID=7612) to work on /home/airflow/.local/lib/python3.12/site-packages/airflow/example_dags/example_sensor_decorator.py
[2026-05-07T23:19:25.004+0000] {processor.py:830} INFO - Processing file /home/airflow/.local/lib/python3.12/site-packages/airflow/example_dags/example_sensor_decorator.py for tasks to queue
[2026-05-07T23:19:25.006+0000] {logging_mixin.py:188} INFO - [2026-05-07T23:19:25.006+0000] {dagbag.py:545} INFO - Filling up the DagBag from /home/airflow/.local/lib/python3.12/site-packages/airflow/example_dags/example_sensor_decorator.py
[2026-05-07T23:19:25.014+0000] {processor.py:840} INFO - DAG(s) 'example_sensor_decorator' retrieved from /home/airflow/.local/lib/python3.12/site-packages/airflow/example_dags/example_sensor_decorator.py
[2026-05-07T23:19:25.031+0000] {logging_mixin.py:188} INFO - [2026-05-07T23:19:25.031+0000] {dag.py:3096} INFO - Sync 1 DAGs
[2026-05-07T23:19:25.042+0000] {logging_mixin.py:188} INFO - [2026-05-07T23:19:25.042+0000] {dag.py:3954} INFO - Setting next_dagrun for example_sensor_decorator to None, run_after=None
[2026-05-07T23:19:25.057+0000] {processor.py:183} INFO - Processing /home/airflow/.local/lib/python3.12/site-packages/airflow/example_dags/example_sensor_decorator.py took 0.060 seconds
[2026-05-07T23:19:56.082+0000] {processor.py:161} INFO - Started process (PID=7670) to work on /home/airflow/.local/lib/python3.12/site-packages/airflow/example_dags/example_sensor_decorator.py
[2026-05-07T23:19:56.084+0000] {processor.py:830} INFO - Processing file /home/airflow/.local/lib/python3.12/site-packages/airflow/example_dags/example_sensor_decorator.py for tasks to queue
[2026-05-07T23:19:56.086+0000] {logging_mixin.py:188} INFO - [2026-05-07T23:19:56.086+0000] {dagbag.py:545} INFO - Filling up the DagBag from /home/airflow/.local/lib/python3.12/site-packages/airflow/example_dags/example_sensor_decorator.py
[2026-05-07T23:19:56.093+0000] {processor.py:840} INFO - DAG(s) 'example_sensor_decorator' retrieved from /home/airflow/.local/lib/python3.12/site-packages/airflow/example_dags/example_sensor_decorator.py
[2026-05-07T23:19:56.110+0000] {logging_mixin.py:188} INFO - [2026-05-07T23:19:56.109+0000] {dag.py:3096} INFO - Sync 1 DAGs
[2026-05-07T23:19:56.120+0000] {logging_mixin.py:188} INFO - [2026-05-07T23:19:56.120+0000] {dag.py:3954} INFO - Setting next_dagrun for example_sensor_decorator to None, run_after=None
[2026-05-07T23:19:56.136+0000] {processor.py:183} INFO - Processing /home/airflow/.local/lib/python3.12/site-packages/airflow/example_dags/example_sensor_decorator.py took 0.059 seconds
[2026-05-07T23:20:26.389+0000] {processor.py:161} INFO - Started process (PID=7728) to work on /home/airflow/.local/lib/python3.12/site-packages/airflow/example_dags/example_sensor_decorator.py
[2026-05-07T23:20:26.391+0000] {processor.py:830} INFO - Processing file /home/airflow/.local/lib/python3.12/site-packages/airflow/example_dags/example_sensor_decorator.py for tasks to queue
[2026-05-07T23:20:26.396+0000] {logging_mixin.py:188} INFO - [2026-05-07T23:20:26.395+0000] {dagbag.py:545} INFO - Filling up the DagBag from /home/airflow/.local/lib/python3.12/site-packages/airflow/example_dags/example_sensor_decorator.py
[2026-05-07T23:20:26.414+0000] {processor.py:840} INFO - DAG(s) 'example_sensor_decorator' retrieved from /home/airflow/.local/lib/python3.12/site-packages/airflow/example_dags/example_sensor_decorator.py
[2026-05-07T23:20:26.453+0000] {logging_mixin.py:188} INFO - [2026-05-07T23:20:26.453+0000] {dag.py:3096} INFO - Sync 1 DAGs
[2026-05-07T23:20:26.485+0000] {logging_mixin.py:188} INFO - [2026-05-07T23:20:26.485+0000] {dag.py:3954} INFO - Setting next_dagrun for example_sensor_decorator to None, run_after=None
[2026-05-07T23:20:26.535+0000] {processor.py:183} INFO - Processing /home/airflow/.local/lib/python3.12/site-packages/airflow/example_dags/example_sensor_decorator.py took 0.157 seconds
[2026-05-07T23:20:56.575+0000] {processor.py:161} INFO - Started process (PID=7786) to work on /home/airflow/.local/lib/python3.12/site-packages/airflow/example_dags/example_sensor_decorator.py
[2026-05-07T23:20:56.576+0000] {processor.py:830} INFO - Processing file /home/airflow/.local/lib/python3.12/site-packages/airflow/example_dags/example_sensor_decorator.py for tasks to queue
[2026-05-07T23:20:56.578+0000] {logging_mixin.py:188} INFO - [2026-05-07T23:20:56.578+0000] {dagbag.py:545} INFO - Filling up the DagBag from /home/airflow/.local/lib/python3.12/site-packages/airflow/example_dags/example_sensor_decorator.py
[2026-05-07T23:20:56.584+0000] {processor.py:840} INFO - DAG(s) 'example_sensor_decorator' retrieved from /home/airflow/.local/lib/python3.12/site-packages/airflow/example_dags/example_sensor_decorator.py
[2026-05-07T23:20:56.603+0000] {logging_mixin.py:188} INFO - [2026-05-07T23:20:56.602+0000] {dag.py:3096} INFO - Sync 1 DAGs
[2026-05-07T23:20:56.614+0000] {logging_mixin.py:188} INFO - [2026-05-07T23:20:56.614+0000] {dag.py:3954} INFO - Setting next_dagrun for example_sensor_decorator to None, run_after=None
[2026-05-07T23:20:56.631+0000] {processor.py:183} INFO - Processing /home/airflow/.local/lib/python3.12/site-packages/airflow/example_dags/example_sensor_decorator.py took 0.061 seconds
[2026-05-07T23:21:26.704+0000] {processor.py:161} INFO - Started process (PID=7844) to work on /home/airflow/.local/lib/python3.12/site-packages/airflow/example_dags/example_sensor_decorator.py
[2026-05-07T23:21:26.705+0000] {processor.py:830} INFO - Processing file /home/airflow/.local/lib/python3.12/site-packages/airflow/example_dags/example_sensor_decorator.py for tasks to queue
[2026-05-07T23:21:26.707+0000] {logging_mixin.py:188} INFO - [2026-05-07T23:21:26.707+0000] {dagbag.py:545} INFO - Filling up the DagBag from /home/airflow/.local/lib/python3.12/site-packages/airflow/example_dags/example_sensor_decorator.py
[2026-05-07T23:21:26.713+0000] {processor.py:840} INFO - DAG(s) 'example_sensor_decorator' retrieved from /home/airflow/.local/lib/python3.12/site-packages/airflow/example_dags/example_sensor_decorator.py
[2026-05-07T23:21:26.730+0000] {logging_mixin.py:188} INFO - [2026-05-07T23:21:26.729+0000] {dag.py:3096} INFO - Sync 1 DAGs
[2026-05-07T23:21:26.740+0000] {logging_mixin.py:188} INFO - [2026-05-07T23:21:26.740+0000] {dag.py:3954} INFO - Setting next_dagrun for example_sensor_decorator to None, run_after=None
[2026-05-07T23:21:26.758+0000] {processor.py:183} INFO - Processing /home/airflow/.local/lib/python3.12/site-packages/airflow/example_dags/example_sensor_decorator.py took 0.059 seconds
[2026-05-07T23:21:57.326+0000] {processor.py:161} INFO - Started process (PID=7903) to work on /home/airflow/.local/lib/python3.12/site-packages/airflow/example_dags/example_sensor_decorator.py
[2026-05-07T23:21:57.327+0000] {processor.py:830} INFO - Processing file /home/airflow/.local/lib/python3.12/site-packages/airflow/example_dags/example_sensor_decorator.py for tasks to queue
[2026-05-07T23:21:57.329+0000] {logging_mixin.py:188} INFO - [2026-05-07T23:21:57.328+0000] {dagbag.py:545} INFO - Filling up the DagBag from /home/airflow/.local/lib/python3.12/site-packages/airflow/example_dags/example_sensor_decorator.py
[2026-05-07T23:21:57.335+0000] {processor.py:840} INFO - DAG(s) 'example_sensor_decorator' retrieved from /home/airflow/.local/lib/python3.12/site-packages/airflow/example_dags/example_sensor_decorator.py
[2026-05-07T23:21:57.355+0000] {logging_mixin.py:188} INFO - [2026-05-07T23:21:57.355+0000] {dag.py:3096} INFO - Sync 1 DAGs
[2026-05-07T23:21:57.368+0000] {logging_mixin.py:188} INFO - [2026-05-07T23:21:57.368+0000] {dag.py:3954} INFO - Setting next_dagrun for example_sensor_decorator to None, run_after=None
[2026-05-07T23:21:57.387+0000] {processor.py:183} INFO - Processing /home/airflow/.local/lib/python3.12/site-packages/airflow/example_dags/example_sensor_decorator.py took 0.067 seconds
[2026-05-07T23:22:27.782+0000] {processor.py:161} INFO - Started process (PID=7960) to work on /home/airflow/.local/lib/python3.12/site-packages/airflow/example_dags/example_sensor_decorator.py
[2026-05-07T23:22:27.783+0000] {processor.py:830} INFO - Processing file /home/airflow/.local/lib/python3.12/site-packages/airflow/example_dags/example_sensor_decorator.py for tasks to queue
[2026-05-07T23:22:27.786+0000] {logging_mixin.py:188} INFO - [2026-05-07T23:22:27.785+0000] {dagbag.py:545} INFO - Filling up the DagBag from /home/airflow/.local/lib/python3.12/site-packages/airflow/example_dags/example_sensor_decorator.py
[2026-05-07T23:22:27.792+0000] {processor.py:840} INFO - DAG(s) 'example_sensor_decorator' retrieved from /home/airflow/.local/lib/python3.12/site-packages/airflow/example_dags/example_sensor_decorator.py
[2026-05-07T23:22:27.811+0000] {logging_mixin.py:188} INFO - [2026-05-07T23:22:27.811+0000] {dag.py:3096} INFO - Sync 1 DAGs
[2026-05-07T23:22:27.823+0000] {logging_mixin.py:188} INFO - [2026-05-07T23:22:27.822+0000] {dag.py:3954} INFO - Setting next_dagrun for example_sensor_decorator to None, run_after=None
[2026-05-07T23:22:27.842+0000] {processor.py:183} INFO - Processing /home/airflow/.local/lib/python3.12/site-packages/airflow/example_dags/example_sensor_decorator.py took 0.065 seconds
[2026-05-07T23:22:58.064+0000] {processor.py:161} INFO - Started process (PID=8018) to work on /home/airflow/.local/lib/python3.12/site-packages/airflow/example_dags/example_sensor_decorator.py
[2026-05-07T23:22:58.065+0000] {processor.py:830} INFO - Processing file /home/airflow/.local/lib/python3.12/site-packages/airflow/example_dags/example_sensor_decorator.py for tasks to queue
[2026-05-07T23:22:58.068+0000] {logging_mixin.py:188} INFO - [2026-05-07T23:22:58.067+0000] {dagbag.py:545} INFO - Filling up the DagBag from /home/airflow/.local/lib/python3.12/site-packages/airflow/example_dags/example_sensor_decorator.py
[2026-05-07T23:22:58.074+0000] {processor.py:840} INFO - DAG(s) 'example_sensor_decorator' retrieved from /home/airflow/.local/lib/python3.12/site-packages/airflow/example_dags/example_sensor_decorator.py
[2026-05-07T23:22:58.095+0000] {logging_mixin.py:188} INFO - [2026-05-07T23:22:58.094+0000] {dag.py:3096} INFO - Sync 1 DAGs
[2026-05-07T23:22:58.106+0000] {logging_mixin.py:188} INFO - [2026-05-07T23:22:58.106+0000] {dag.py:3954} INFO - Setting next_dagrun for example_sensor_decorator to None, run_after=None
[2026-05-07T23:22:58.126+0000] {processor.py:183} INFO - Processing /home/airflow/.local/lib/python3.12/site-packages/airflow/example_dags/example_sensor_decorator.py took 0.068 seconds
[2026-05-07T23:23:28.254+0000] {processor.py:161} INFO - Started process (PID=8075) to work on /home/airflow/.local/lib/python3.12/site-packages/airflow/example_dags/example_sensor_decorator.py
[2026-05-07T23:23:28.255+0000] {processor.py:830} INFO - Processing file /home/airflow/.local/lib/python3.12/site-packages/airflow/example_dags/example_sensor_decorator.py for tasks to queue
[2026-05-07T23:23:28.257+0000] {logging_mixin.py:188} INFO - [2026-05-07T23:23:28.257+0000] {dagbag.py:545} INFO - Filling up the DagBag from /home/airflow/.local/lib/python3.12/site-packages/airflow/example_dags/example_sensor_decorator.py
[2026-05-07T23:23:28.263+0000] {processor.py:840} INFO - DAG(s) 'example_sensor_decorator' retrieved from /home/airflow/.local/lib/python3.12/site-packages/airflow/example_dags/example_sensor_decorator.py
[2026-05-07T23:23:28.284+0000] {logging_mixin.py:188} INFO - [2026-05-07T23:23:28.283+0000] {dag.py:3096} INFO - Sync 1 DAGs
[2026-05-07T23:23:28.296+0000] {logging_mixin.py:188} INFO - [2026-05-07T23:23:28.296+0000] {dag.py:3954} INFO - Setting next_dagrun for example_sensor_decorator to None, run_after=None
[2026-05-07T23:23:28.316+0000] {processor.py:183} INFO - Processing /home/airflow/.local/lib/python3.12/site-packages/airflow/example_dags/example_sensor_decorator.py took 0.068 seconds
[2026-05-07T23:23:58.486+0000] {processor.py:161} INFO - Started process (PID=8133) to work on /home/airflow/.local/lib/python3.12/site-packages/airflow/example_dags/example_sensor_decorator.py
[2026-05-07T23:23:58.487+0000] {processor.py:830} INFO - Processing file /home/airflow/.local/lib/python3.12/site-packages/airflow/example_dags/example_sensor_decorator.py for tasks to queue
[2026-05-07T23:23:58.489+0000] {logging_mixin.py:188} INFO - [2026-05-07T23:23:58.489+0000] {dagbag.py:545} INFO - Filling up the DagBag from /home/airflow/.local/lib/python3.12/site-packages/airflow/example_dags/example_sensor_decorator.py
[2026-05-07T23:23:58.495+0000] {processor.py:840} INFO - DAG(s) 'example_sensor_decorator' retrieved from /home/airflow/.local/lib/python3.12/site-packages/airflow/example_dags/example_sensor_decorator.py
[2026-05-07T23:23:58.513+0000] {logging_mixin.py:188} INFO - [2026-05-07T23:23:58.512+0000] {dag.py:3096} INFO - Sync 1 DAGs
[2026-05-07T23:23:58.524+0000] {logging_mixin.py:188} INFO - [2026-05-07T23:23:58.523+0000] {dag.py:3954} INFO - Setting next_dagrun for example_sensor_decorator to None, run_after=None
[2026-05-07T23:23:58.539+0000] {processor.py:183} INFO - Processing /home/airflow/.local/lib/python3.12/site-packages/airflow/example_dags/example_sensor_decorator.py took 0.058 seconds
[2026-05-07T23:24:28.628+0000] {processor.py:161} INFO - Started process (PID=8191) to work on /home/airflow/.local/lib/python3.12/site-packages/airflow/example_dags/example_sensor_decorator.py
[2026-05-07T23:24:28.629+0000] {processor.py:830} INFO - Processing file /home/airflow/.local/lib/python3.12/site-packages/airflow/example_dags/example_sensor_decorator.py for tasks to queue
[2026-05-07T23:24:28.631+0000] {logging_mixin.py:188} INFO - [2026-05-07T23:24:28.631+0000] {dagbag.py:545} INFO - Filling up the DagBag from /home/airflow/.local/lib/python3.12/site-packages/airflow/example_dags/example_sensor_decorator.py
[2026-05-07T23:24:28.637+0000] {processor.py:840} INFO - DAG(s) 'example_sensor_decorator' retrieved from /home/airflow/.local/lib/python3.12/site-packages/airflow/example_dags/example_sensor_decorator.py
[2026-05-07T23:24:28.654+0000] {logging_mixin.py:188} INFO - [2026-05-07T23:24:28.654+0000] {dag.py:3096} INFO - Sync 1 DAGs
[2026-05-07T23:24:28.664+0000] {logging_mixin.py:188} INFO - [2026-05-07T23:24:28.664+0000] {dag.py:3954} INFO - Setting next_dagrun for example_sensor_decorator to None, run_after=None
[2026-05-07T23:24:28.681+0000] {processor.py:183} INFO - Processing /home/airflow/.local/lib/python3.12/site-packages/airflow/example_dags/example_sensor_decorator.py took 0.059 seconds
[2026-05-07T23:24:59.080+0000] {processor.py:161} INFO - Started process (PID=8249) to work on /home/airflow/.local/lib/python3.12/site-packages/airflow/example_dags/example_sensor_decorator.py
[2026-05-07T23:24:59.082+0000] {processor.py:830} INFO - Processing file /home/airflow/.local/lib/python3.12/site-packages/airflow/example_dags/example_sensor_decorator.py for tasks to queue
[2026-05-07T23:24:59.084+0000] {logging_mixin.py:188} INFO - [2026-05-07T23:24:59.084+0000] {dagbag.py:545} INFO - Filling up the DagBag from /home/airflow/.local/lib/python3.12/site-packages/airflow/example_dags/example_sensor_decorator.py
[2026-05-07T23:24:59.090+0000] {processor.py:840} INFO - DAG(s) 'example_sensor_decorator' retrieved from /home/airflow/.local/lib/python3.12/site-packages/airflow/example_dags/example_sensor_decorator.py
[2026-05-07T23:24:59.110+0000] {logging_mixin.py:188} INFO - [2026-05-07T23:24:59.110+0000] {dag.py:3096} INFO - Sync 1 DAGs
[2026-05-07T23:24:59.121+0000] {logging_mixin.py:188} INFO - [2026-05-07T23:24:59.121+0000] {dag.py:3954} INFO - Setting next_dagrun for example_sensor_decorator to None, run_after=None
[2026-05-07T23:24:59.142+0000] {processor.py:183} INFO - Processing /home/airflow/.local/lib/python3.12/site-packages/airflow/example_dags/example_sensor_decorator.py took 0.068 seconds
[2026-05-07T23:25:29.282+0000] {processor.py:161} INFO - Started process (PID=8307) to work on /home/airflow/.local/lib/python3.12/site-packages/airflow/example_dags/example_sensor_decorator.py
[2026-05-07T23:25:29.284+0000] {processor.py:830} INFO - Processing file /home/airflow/.local/lib/python3.12/site-packages/airflow/example_dags/example_sensor_decorator.py for tasks to queue
[2026-05-07T23:25:29.286+0000] {logging_mixin.py:188} INFO - [2026-05-07T23:25:29.285+0000] {dagbag.py:545} INFO - Filling up the DagBag from /home/airflow/.local/lib/python3.12/site-packages/airflow/example_dags/example_sensor_decorator.py
[2026-05-07T23:25:29.292+0000] {processor.py:840} INFO - DAG(s) 'example_sensor_decorator' retrieved from /home/airflow/.local/lib/python3.12/site-packages/airflow/example_dags/example_sensor_decorator.py
[2026-05-07T23:25:29.312+0000] {logging_mixin.py:188} INFO - [2026-05-07T23:25:29.312+0000] {dag.py:3096} INFO - Sync 1 DAGs
[2026-05-07T23:25:29.324+0000] {logging_mixin.py:188} INFO - [2026-05-07T23:25:29.324+0000] {dag.py:3954} INFO - Setting next_dagrun for example_sensor_decorator to None, run_after=None
[2026-05-07T23:25:29.345+0000] {processor.py:183} INFO - Processing /home/airflow/.local/lib/python3.12/site-packages/airflow/example_dags/example_sensor_decorator.py took 0.069 seconds
[2026-05-07T23:25:59.457+0000] {processor.py:161} INFO - Started process (PID=8365) to work on /home/airflow/.local/lib/python3.12/site-packages/airflow/example_dags/example_sensor_decorator.py
[2026-05-07T23:25:59.458+0000] {processor.py:830} INFO - Processing file /home/airflow/.local/lib/python3.12/site-packages/airflow/example_dags/example_sensor_decorator.py for tasks to queue
[2026-05-07T23:25:59.462+0000] {logging_mixin.py:188} INFO - [2026-05-07T23:25:59.461+0000] {dagbag.py:545} INFO - Filling up the DagBag from /home/airflow/.local/lib/python3.12/site-packages/airflow/example_dags/example_sensor_decorator.py
[2026-05-07T23:25:59.471+0000] {processor.py:840} INFO - DAG(s) 'example_sensor_decorator' retrieved from /home/airflow/.local/lib/python3.12/site-packages/airflow/example_dags/example_sensor_decorator.py
[2026-05-07T23:25:59.501+0000] {logging_mixin.py:188} INFO - [2026-05-07T23:25:59.501+0000] {dag.py:3096} INFO - Sync 1 DAGs
[2026-05-07T23:25:59.522+0000] {logging_mixin.py:188} INFO - [2026-05-07T23:25:59.521+0000] {dag.py:3954} INFO - Setting next_dagrun for example_sensor_decorator to None, run_after=None
[2026-05-07T23:25:59.547+0000] {processor.py:183} INFO - Processing /home/airflow/.local/lib/python3.12/site-packages/airflow/example_dags/example_sensor_decorator.py took 0.096 seconds
[2026-05-07T23:26:29.739+0000] {processor.py:161} INFO - Started process (PID=8423) to work on /home/airflow/.local/lib/python3.12/site-packages/airflow/example_dags/example_sensor_decorator.py
[2026-05-07T23:26:29.741+0000] {processor.py:830} INFO - Processing file /home/airflow/.local/lib/python3.12/site-packages/airflow/example_dags/example_sensor_decorator.py for tasks to queue
[2026-05-07T23:26:29.743+0000] {logging_mixin.py:188} INFO - [2026-05-07T23:26:29.742+0000] {dagbag.py:545} INFO - Filling up the DagBag from /home/airflow/.local/lib/python3.12/site-packages/airflow/example_dags/example_sensor_decorator.py
[2026-05-07T23:26:29.749+0000] {processor.py:840} INFO - DAG(s) 'example_sensor_decorator' retrieved from /home/airflow/.local/lib/python3.12/site-packages/airflow/example_dags/example_sensor_decorator.py
[2026-05-07T23:26:29.769+0000] {logging_mixin.py:188} INFO - [2026-05-07T23:26:29.769+0000] {dag.py:3096} INFO - Sync 1 DAGs
[2026-05-07T23:26:29.781+0000] {logging_mixin.py:188} INFO - [2026-05-07T23:26:29.780+0000] {dag.py:3954} INFO - Setting next_dagrun for example_sensor_decorator to None, run_after=None
[2026-05-07T23:26:29.801+0000] {processor.py:183} INFO - Processing /home/airflow/.local/lib/python3.12/site-packages/airflow/example_dags/example_sensor_decorator.py took 0.067 seconds
[2026-05-07T23:27:00.153+0000] {processor.py:161} INFO - Started process (PID=8481) to work on /home/airflow/.local/lib/python3.12/site-packages/airflow/example_dags/example_sensor_decorator.py
[2026-05-07T23:27:00.155+0000] {processor.py:830} INFO - Processing file /home/airflow/.local/lib/python3.12/site-packages/airflow/example_dags/example_sensor_decorator.py for tasks to queue
[2026-05-07T23:27:00.157+0000] {logging_mixin.py:188} INFO - [2026-05-07T23:27:00.156+0000] {dagbag.py:545} INFO - Filling up the DagBag from /home/airflow/.local/lib/python3.12/site-packages/airflow/example_dags/example_sensor_decorator.py
[2026-05-07T23:27:00.163+0000] {processor.py:840} INFO - DAG(s) 'example_sensor_decorator' retrieved from /home/airflow/.local/lib/python3.12/site-packages/airflow/example_dags/example_sensor_decorator.py
[2026-05-07T23:27:00.183+0000] {logging_mixin.py:188} INFO - [2026-05-07T23:27:00.183+0000] {dag.py:3096} INFO - Sync 1 DAGs
[2026-05-07T23:27:00.194+0000] {logging_mixin.py:188} INFO - [2026-05-07T23:27:00.194+0000] {dag.py:3954} INFO - Setting next_dagrun for example_sensor_decorator to None, run_after=None
[2026-05-07T23:27:00.213+0000] {processor.py:183} INFO - Processing /home/airflow/.local/lib/python3.12/site-packages/airflow/example_dags/example_sensor_decorator.py took 0.065 seconds
[2026-05-07T23:27:30.693+0000] {processor.py:161} INFO - Started process (PID=8540) to work on /home/airflow/.local/lib/python3.12/site-packages/airflow/example_dags/example_sensor_decorator.py
[2026-05-07T23:27:30.695+0000] {processor.py:830} INFO - Processing file /home/airflow/.local/lib/python3.12/site-packages/airflow/example_dags/example_sensor_decorator.py for tasks to queue
[2026-05-07T23:27:30.697+0000] {logging_mixin.py:188} INFO - [2026-05-07T23:27:30.696+0000] {dagbag.py:545} INFO - Filling up the DagBag from /home/airflow/.local/lib/python3.12/site-packages/airflow/example_dags/example_sensor_decorator.py
[2026-05-07T23:27:30.703+0000] {processor.py:840} INFO - DAG(s) 'example_sensor_decorator' retrieved from /home/airflow/.local/lib/python3.12/site-packages/airflow/example_dags/example_sensor_decorator.py
[2026-05-07T23:27:30.723+0000] {logging_mixin.py:188} INFO - [2026-05-07T23:27:30.723+0000] {dag.py:3096} INFO - Sync 1 DAGs
[2026-05-07T23:27:30.736+0000] {logging_mixin.py:188} INFO - [2026-05-07T23:27:30.736+0000] {dag.py:3954} INFO - Setting next_dagrun for example_sensor_decorator to None, run_after=None
[2026-05-07T23:27:30.759+0000] {processor.py:183} INFO - Processing /home/airflow/.local/lib/python3.12/site-packages/airflow/example_dags/example_sensor_decorator.py took 0.071 seconds
[2026-05-07T23:28:00.921+0000] {processor.py:161} INFO - Started process (PID=8597) to work on /home/airflow/.local/lib/python3.12/site-packages/airflow/example_dags/example_sensor_decorator.py
[2026-05-07T23:28:00.925+0000] {processor.py:830} INFO - Processing file /home/airflow/.local/lib/python3.12/site-packages/airflow/example_dags/example_sensor_decorator.py for tasks to queue
[2026-05-07T23:28:00.928+0000] {logging_mixin.py:188} INFO - [2026-05-07T23:28:00.927+0000] {dagbag.py:545} INFO - Filling up the DagBag from /home/airflow/.local/lib/python3.12/site-packages/airflow/example_dags/example_sensor_decorator.py
[2026-05-07T23:28:00.934+0000] {processor.py:840} INFO - DAG(s) 'example_sensor_decorator' retrieved from /home/airflow/.local/lib/python3.12/site-packages/airflow/example_dags/example_sensor_decorator.py
[2026-05-07T23:28:00.953+0000] {logging_mixin.py:188} INFO - [2026-05-07T23:28:00.953+0000] {dag.py:3096} INFO - Sync 1 DAGs
[2026-05-07T23:28:00.965+0000] {logging_mixin.py:188} INFO - [2026-05-07T23:28:00.965+0000] {dag.py:3954} INFO - Setting next_dagrun for example_sensor_decorator to None, run_after=None
[2026-05-07T23:28:00.987+0000] {processor.py:183} INFO - Processing /home/airflow/.local/lib/python3.12/site-packages/airflow/example_dags/example_sensor_decorator.py took 0.072 seconds
[2026-05-07T23:28:31.249+0000] {processor.py:161} INFO - Started process (PID=8655) to work on /home/airflow/.local/lib/python3.12/site-packages/airflow/example_dags/example_sensor_decorator.py
[2026-05-07T23:28:31.250+0000] {processor.py:830} INFO - Processing file /home/airflow/.local/lib/python3.12/site-packages/airflow/example_dags/example_sensor_decorator.py for tasks to queue
[2026-05-07T23:28:31.252+0000] {logging_mixin.py:188} INFO - [2026-05-07T23:28:31.252+0000] {dagbag.py:545} INFO - Filling up the DagBag from /home/airflow/.local/lib/python3.12/site-packages/airflow/example_dags/example_sensor_decorator.py
[2026-05-07T23:28:31.258+0000] {processor.py:840} INFO - DAG(s) 'example_sensor_decorator' retrieved from /home/airflow/.local/lib/python3.12/site-packages/airflow/example_dags/example_sensor_decorator.py
[2026-05-07T23:28:31.278+0000] {logging_mixin.py:188} INFO - [2026-05-07T23:28:31.278+0000] {dag.py:3096} INFO - Sync 1 DAGs
[2026-05-07T23:28:31.290+0000] {logging_mixin.py:188} INFO - [2026-05-07T23:28:31.289+0000] {dag.py:3954} INFO - Setting next_dagrun for example_sensor_decorator to None, run_after=None
[2026-05-07T23:28:31.311+0000] {processor.py:183} INFO - Processing /home/airflow/.local/lib/python3.12/site-packages/airflow/example_dags/example_sensor_decorator.py took 0.068 seconds
[2026-05-07T23:29:01.642+0000] {processor.py:161} INFO - Started process (PID=8712) to work on /home/airflow/.local/lib/python3.12/site-packages/airflow/example_dags/example_sensor_decorator.py
[2026-05-07T23:29:01.643+0000] {processor.py:830} INFO - Processing file /home/airflow/.local/lib/python3.12/site-packages/airflow/example_dags/example_sensor_decorator.py for tasks to queue
[2026-05-07T23:29:01.645+0000] {logging_mixin.py:188} INFO - [2026-05-07T23:29:01.644+0000] {dagbag.py:545} INFO - Filling up the DagBag from /home/airflow/.local/lib/python3.12/site-packages/airflow/example_dags/example_sensor_decorator.py
[2026-05-07T23:29:01.651+0000] {processor.py:840} INFO - DAG(s) 'example_sensor_decorator' retrieved from /home/airflow/.local/lib/python3.12/site-packages/airflow/example_dags/example_sensor_decorator.py
[2026-05-07T23:29:01.671+0000] {logging_mixin.py:188} INFO - [2026-05-07T23:29:01.671+0000] {dag.py:3096} INFO - Sync 1 DAGs
[2026-05-07T23:29:01.683+0000] {logging_mixin.py:188} INFO - [2026-05-07T23:29:01.683+0000] {dag.py:3954} INFO - Setting next_dagrun for example_sensor_decorator to None, run_after=None
[2026-05-07T23:29:01.702+0000] {processor.py:183} INFO - Processing /home/airflow/.local/lib/python3.12/site-packages/airflow/example_dags/example_sensor_decorator.py took 0.066 seconds
[2026-05-07T23:29:32.011+0000] {processor.py:161} INFO - Started process (PID=8769) to work on /home/airflow/.local/lib/python3.12/site-packages/airflow/example_dags/example_sensor_decorator.py
[2026-05-07T23:29:32.013+0000] {processor.py:830} INFO - Processing file /home/airflow/.local/lib/python3.12/site-packages/airflow/example_dags/example_sensor_decorator.py for tasks to queue
[2026-05-07T23:29:32.015+0000] {logging_mixin.py:188} INFO - [2026-05-07T23:29:32.015+0000] {dagbag.py:545} INFO - Filling up the DagBag from /home/airflow/.local/lib/python3.12/site-packages/airflow/example_dags/example_sensor_decorator.py
[2026-05-07T23:29:32.022+0000] {processor.py:840} INFO - DAG(s) 'example_sensor_decorator' retrieved from /home/airflow/.local/lib/python3.12/site-packages/airflow/example_dags/example_sensor_decorator.py
[2026-05-07T23:29:32.042+0000] {logging_mixin.py:188} INFO - [2026-05-07T23:29:32.041+0000] {dag.py:3096} INFO - Sync 1 DAGs
[2026-05-07T23:29:32.054+0000] {logging_mixin.py:188} INFO - [2026-05-07T23:29:32.054+0000] {dag.py:3954} INFO - Setting next_dagrun for example_sensor_decorator to None, run_after=None
[2026-05-07T23:29:32.074+0000] {processor.py:183} INFO - Processing /home/airflow/.local/lib/python3.12/site-packages/airflow/example_dags/example_sensor_decorator.py took 0.068 seconds
[2026-05-07T23:30:02.782+0000] {processor.py:161} INFO - Started process (PID=8827) to work on /home/airflow/.local/lib/python3.12/site-packages/airflow/example_dags/example_sensor_decorator.py
[2026-05-07T23:30:02.783+0000] {processor.py:830} INFO - Processing file /home/airflow/.local/lib/python3.12/site-packages/airflow/example_dags/example_sensor_decorator.py for tasks to queue
[2026-05-07T23:30:02.785+0000] {logging_mixin.py:188} INFO - [2026-05-07T23:30:02.785+0000] {dagbag.py:545} INFO - Filling up the DagBag from /home/airflow/.local/lib/python3.12/site-packages/airflow/example_dags/example_sensor_decorator.py
[2026-05-07T23:30:02.792+0000] {processor.py:840} INFO - DAG(s) 'example_sensor_decorator' retrieved from /home/airflow/.local/lib/python3.12/site-packages/airflow/example_dags/example_sensor_decorator.py
[2026-05-07T23:30:02.812+0000] {logging_mixin.py:188} INFO - [2026-05-07T23:30:02.812+0000] {dag.py:3096} INFO - Sync 1 DAGs
[2026-05-07T23:30:02.824+0000] {logging_mixin.py:188} INFO - [2026-05-07T23:30:02.824+0000] {dag.py:3954} INFO - Setting next_dagrun for example_sensor_decorator to None, run_after=None
[2026-05-07T23:30:02.843+0000] {processor.py:183} INFO - Processing /home/airflow/.local/lib/python3.12/site-packages/airflow/example_dags/example_sensor_decorator.py took 0.067 seconds
[2026-05-07T23:30:32.962+0000] {processor.py:161} INFO - Started process (PID=8885) to work on /home/airflow/.local/lib/python3.12/site-packages/airflow/example_dags/example_sensor_decorator.py
[2026-05-07T23:30:32.963+0000] {processor.py:830} INFO - Processing file /home/airflow/.local/lib/python3.12/site-packages/airflow/example_dags/example_sensor_decorator.py for tasks to queue
[2026-05-07T23:30:32.966+0000] {logging_mixin.py:188} INFO - [2026-05-07T23:30:32.965+0000] {dagbag.py:545} INFO - Filling up the DagBag from /home/airflow/.local/lib/python3.12/site-packages/airflow/example_dags/example_sensor_decorator.py
[2026-05-07T23:30:32.973+0000] {processor.py:840} INFO - DAG(s) 'example_sensor_decorator' retrieved from /home/airflow/.local/lib/python3.12/site-packages/airflow/example_dags/example_sensor_decorator.py
[2026-05-07T23:30:32.993+0000] {logging_mixin.py:188} INFO - [2026-05-07T23:30:32.992+0000] {dag.py:3096} INFO - Sync 1 DAGs
[2026-05-07T23:30:33.005+0000] {logging_mixin.py:188} INFO - [2026-05-07T23:30:33.005+0000] {dag.py:3954} INFO - Setting next_dagrun for example_sensor_decorator to None, run_after=None
[2026-05-07T23:30:33.025+0000] {processor.py:183} INFO - Processing /home/airflow/.local/lib/python3.12/site-packages/airflow/example_dags/example_sensor_decorator.py took 0.070 seconds
[2026-05-07T23:31:03.436+0000] {processor.py:161} INFO - Started process (PID=8943) to work on /home/airflow/.local/lib/python3.12/site-packages/airflow/example_dags/example_sensor_decorator.py
[2026-05-07T23:31:03.437+0000] {processor.py:830} INFO - Processing file /home/airflow/.local/lib/python3.12/site-packages/airflow/example_dags/example_sensor_decorator.py for tasks to queue
[2026-05-07T23:31:03.441+0000] {logging_mixin.py:188} INFO - [2026-05-07T23:31:03.440+0000] {dagbag.py:545} INFO - Filling up the DagBag from /home/airflow/.local/lib/python3.12/site-packages/airflow/example_dags/example_sensor_decorator.py
[2026-05-07T23:31:03.452+0000] {processor.py:840} INFO - DAG(s) 'example_sensor_decorator' retrieved from /home/airflow/.local/lib/python3.12/site-packages/airflow/example_dags/example_sensor_decorator.py
[2026-05-07T23:31:03.486+0000] {logging_mixin.py:188} INFO - [2026-05-07T23:31:03.486+0000] {dag.py:3096} INFO - Sync 1 DAGs
[2026-05-07T23:31:03.501+0000] {logging_mixin.py:188} INFO - [2026-05-07T23:31:03.501+0000] {dag.py:3954} INFO - Setting next_dagrun for example_sensor_decorator to None, run_after=None
[2026-05-07T23:31:03.531+0000] {processor.py:183} INFO - Processing /home/airflow/.local/lib/python3.12/site-packages/airflow/example_dags/example_sensor_decorator.py took 0.104 seconds
[2026-05-07T23:31:34.506+0000] {processor.py:161} INFO - Started process (PID=9001) to work on /home/airflow/.local/lib/python3.12/site-packages/airflow/example_dags/example_sensor_decorator.py
[2026-05-07T23:31:34.508+0000] {processor.py:830} INFO - Processing file /home/airflow/.local/lib/python3.12/site-packages/airflow/example_dags/example_sensor_decorator.py for tasks to queue
[2026-05-07T23:31:34.510+0000] {logging_mixin.py:188} INFO - [2026-05-07T23:31:34.510+0000] {dagbag.py:545} INFO - Filling up the DagBag from /home/airflow/.local/lib/python3.12/site-packages/airflow/example_dags/example_sensor_decorator.py
[2026-05-07T23:31:34.517+0000] {processor.py:840} INFO - DAG(s) 'example_sensor_decorator' retrieved from /home/airflow/.local/lib/python3.12/site-packages/airflow/example_dags/example_sensor_decorator.py
[2026-05-07T23:31:34.542+0000] {logging_mixin.py:188} INFO - [2026-05-07T23:31:34.542+0000] {dag.py:3096} INFO - Sync 1 DAGs
[2026-05-07T23:31:34.558+0000] {logging_mixin.py:188} INFO - [2026-05-07T23:31:34.558+0000] {dag.py:3954} INFO - Setting next_dagrun for example_sensor_decorator to None, run_after=None
[2026-05-07T23:31:34.582+0000] {processor.py:183} INFO - Processing /home/airflow/.local/lib/python3.12/site-packages/airflow/example_dags/example_sensor_decorator.py took 0.083 seconds
[2026-05-07T23:32:04.800+0000] {processor.py:161} INFO - Started process (PID=9059) to work on /home/airflow/.local/lib/python3.12/site-packages/airflow/example_dags/example_sensor_decorator.py
[2026-05-07T23:32:04.801+0000] {processor.py:830} INFO - Processing file /home/airflow/.local/lib/python3.12/site-packages/airflow/example_dags/example_sensor_decorator.py for tasks to queue
[2026-05-07T23:32:04.804+0000] {logging_mixin.py:188} INFO - [2026-05-07T23:32:04.804+0000] {dagbag.py:545} INFO - Filling up the DagBag from /home/airflow/.local/lib/python3.12/site-packages/airflow/example_dags/example_sensor_decorator.py
[2026-05-07T23:32:04.811+0000] {processor.py:840} INFO - DAG(s) 'example_sensor_decorator' retrieved from /home/airflow/.local/lib/python3.12/site-packages/airflow/example_dags/example_sensor_decorator.py
[2026-05-07T23:32:04.831+0000] {logging_mixin.py:188} INFO - [2026-05-07T23:32:04.831+0000] {dag.py:3096} INFO - Sync 1 DAGs
[2026-05-07T23:32:04.843+0000] {logging_mixin.py:188} INFO - [2026-05-07T23:32:04.843+0000] {dag.py:3954} INFO - Setting next_dagrun for example_sensor_decorator to None, run_after=None
[2026-05-07T23:32:04.862+0000] {processor.py:183} INFO - Processing /home/airflow/.local/lib/python3.12/site-packages/airflow/example_dags/example_sensor_decorator.py took 0.068 seconds
[2026-05-07T23:32:35.102+0000] {processor.py:161} INFO - Started process (PID=9117) to work on /home/airflow/.local/lib/python3.12/site-packages/airflow/example_dags/example_sensor_decorator.py
[2026-05-07T23:32:35.103+0000] {processor.py:830} INFO - Processing file /home/airflow/.local/lib/python3.12/site-packages/airflow/example_dags/example_sensor_decorator.py for tasks to queue
[2026-05-07T23:32:35.105+0000] {logging_mixin.py:188} INFO - [2026-05-07T23:32:35.105+0000] {dagbag.py:545} INFO - Filling up the DagBag from /home/airflow/.local/lib/python3.12/site-packages/airflow/example_dags/example_sensor_decorator.py
[2026-05-07T23:32:35.111+0000] {processor.py:840} INFO - DAG(s) 'example_sensor_decorator' retrieved from /home/airflow/.local/lib/python3.12/site-packages/airflow/example_dags/example_sensor_decorator.py
[2026-05-07T23:32:35.130+0000] {logging_mixin.py:188} INFO - [2026-05-07T23:32:35.130+0000] {dag.py:3096} INFO - Sync 1 DAGs
[2026-05-07T23:32:35.142+0000] {logging_mixin.py:188} INFO - [2026-05-07T23:32:35.142+0000] {dag.py:3954} INFO - Setting next_dagrun for example_sensor_decorator to None, run_after=None
[2026-05-07T23:32:35.164+0000] {processor.py:183} INFO - Processing /home/airflow/.local/lib/python3.12/site-packages/airflow/example_dags/example_sensor_decorator.py took 0.068 seconds
[2026-05-07T23:33:05.369+0000] {processor.py:161} INFO - Started process (PID=9175) to work on /home/airflow/.local/lib/python3.12/site-packages/airflow/example_dags/example_sensor_decorator.py
[2026-05-07T23:33:05.370+0000] {processor.py:830} INFO - Processing file /home/airflow/.local/lib/python3.12/site-packages/airflow/example_dags/example_sensor_decorator.py for tasks to queue
[2026-05-07T23:33:05.373+0000] {logging_mixin.py:188} INFO - [2026-05-07T23:33:05.372+0000] {dagbag.py:545} INFO - Filling up the DagBag from /home/airflow/.local/lib/python3.12/site-packages/airflow/example_dags/example_sensor_decorator.py
[2026-05-07T23:33:05.379+0000] {processor.py:840} INFO - DAG(s) 'example_sensor_decorator' retrieved from /home/airflow/.local/lib/python3.12/site-packages/airflow/example_dags/example_sensor_decorator.py
[2026-05-07T23:33:05.398+0000] {logging_mixin.py:188} INFO - [2026-05-07T23:33:05.398+0000] {dag.py:3096} INFO - Sync 1 DAGs
[2026-05-07T23:33:05.409+0000] {logging_mixin.py:188} INFO - [2026-05-07T23:33:05.409+0000] {dag.py:3954} INFO - Setting next_dagrun for example_sensor_decorator to None, run_after=None
[2026-05-07T23:33:05.431+0000] {processor.py:183} INFO - Processing /home/airflow/.local/lib/python3.12/site-packages/airflow/example_dags/example_sensor_decorator.py took 0.067 seconds
[2026-05-07T23:33:35.885+0000] {processor.py:161} INFO - Started process (PID=9234) to work on /home/airflow/.local/lib/python3.12/site-packages/airflow/example_dags/example_sensor_decorator.py
[2026-05-07T23:33:35.886+0000] {processor.py:830} INFO - Processing file /home/airflow/.local/lib/python3.12/site-packages/airflow/example_dags/example_sensor_decorator.py for tasks to queue
[2026-05-07T23:33:35.888+0000] {logging_mixin.py:188} INFO - [2026-05-07T23:33:35.888+0000] {dagbag.py:545} INFO - Filling up the DagBag from /home/airflow/.local/lib/python3.12/site-packages/airflow/example_dags/example_sensor_decorator.py
[2026-05-07T23:33:35.894+0000] {processor.py:840} INFO - DAG(s) 'example_sensor_decorator' retrieved from /home/airflow/.local/lib/python3.12/site-packages/airflow/example_dags/example_sensor_decorator.py
[2026-05-07T23:33:35.910+0000] {logging_mixin.py:188} INFO - [2026-05-07T23:33:35.910+0000] {dag.py:3096} INFO - Sync 1 DAGs
[2026-05-07T23:33:35.921+0000] {logging_mixin.py:188} INFO - [2026-05-07T23:33:35.921+0000] {dag.py:3954} INFO - Setting next_dagrun for example_sensor_decorator to None, run_after=None
[2026-05-07T23:33:35.936+0000] {processor.py:183} INFO - Processing /home/airflow/.local/lib/python3.12/site-packages/airflow/example_dags/example_sensor_decorator.py took 0.057 seconds
[2026-05-07T23:34:06.088+0000] {processor.py:161} INFO - Started process (PID=9292) to work on /home/airflow/.local/lib/python3.12/site-packages/airflow/example_dags/example_sensor_decorator.py
[2026-05-07T23:34:06.089+0000] {processor.py:830} INFO - Processing file /home/airflow/.local/lib/python3.12/site-packages/airflow/example_dags/example_sensor_decorator.py for tasks to queue
[2026-05-07T23:34:06.091+0000] {logging_mixin.py:188} INFO - [2026-05-07T23:34:06.090+0000] {dagbag.py:545} INFO - Filling up the DagBag from /home/airflow/.local/lib/python3.12/site-packages/airflow/example_dags/example_sensor_decorator.py
[2026-05-07T23:34:06.097+0000] {processor.py:840} INFO - DAG(s) 'example_sensor_decorator' retrieved from /home/airflow/.local/lib/python3.12/site-packages/airflow/example_dags/example_sensor_decorator.py
[2026-05-07T23:34:06.114+0000] {logging_mixin.py:188} INFO - [2026-05-07T23:34:06.113+0000] {dag.py:3096} INFO - Sync 1 DAGs
[2026-05-07T23:34:06.124+0000] {logging_mixin.py:188} INFO - [2026-05-07T23:34:06.124+0000] {dag.py:3954} INFO - Setting next_dagrun for example_sensor_decorator to None, run_after=None
[2026-05-07T23:34:06.140+0000] {processor.py:183} INFO - Processing /home/airflow/.local/lib/python3.12/site-packages/airflow/example_dags/example_sensor_decorator.py took 0.058 seconds
[2026-05-07T23:34:36.454+0000] {processor.py:161} INFO - Started process (PID=9350) to work on /home/airflow/.local/lib/python3.12/site-packages/airflow/example_dags/example_sensor_decorator.py
[2026-05-07T23:34:36.456+0000] {processor.py:830} INFO - Processing file /home/airflow/.local/lib/python3.12/site-packages/airflow/example_dags/example_sensor_decorator.py for tasks to queue
[2026-05-07T23:34:36.458+0000] {logging_mixin.py:188} INFO - [2026-05-07T23:34:36.457+0000] {dagbag.py:545} INFO - Filling up the DagBag from /home/airflow/.local/lib/python3.12/site-packages/airflow/example_dags/example_sensor_decorator.py
[2026-05-07T23:34:36.464+0000] {processor.py:840} INFO - DAG(s) 'example_sensor_decorator' retrieved from /home/airflow/.local/lib/python3.12/site-packages/airflow/example_dags/example_sensor_decorator.py
[2026-05-07T23:34:36.490+0000] {logging_mixin.py:188} INFO - [2026-05-07T23:34:36.489+0000] {dag.py:3096} INFO - Sync 1 DAGs
[2026-05-07T23:34:36.508+0000] {logging_mixin.py:188} INFO - [2026-05-07T23:34:36.508+0000] {dag.py:3954} INFO - Setting next_dagrun for example_sensor_decorator to None, run_after=None
[2026-05-07T23:34:36.536+0000] {processor.py:183} INFO - Processing /home/airflow/.local/lib/python3.12/site-packages/airflow/example_dags/example_sensor_decorator.py took 0.087 seconds
[2026-05-07T23:35:06.758+0000] {processor.py:161} INFO - Started process (PID=9408) to work on /home/airflow/.local/lib/python3.12/site-packages/airflow/example_dags/example_sensor_decorator.py
[2026-05-07T23:35:06.759+0000] {processor.py:830} INFO - Processing file /home/airflow/.local/lib/python3.12/site-packages/airflow/example_dags/example_sensor_decorator.py for tasks to queue
[2026-05-07T23:35:06.761+0000] {logging_mixin.py:188} INFO - [2026-05-07T23:35:06.761+0000] {dagbag.py:545} INFO - Filling up the DagBag from /home/airflow/.local/lib/python3.12/site-packages/airflow/example_dags/example_sensor_decorator.py
[2026-05-07T23:35:06.768+0000] {processor.py:840} INFO - DAG(s) 'example_sensor_decorator' retrieved from /home/airflow/.local/lib/python3.12/site-packages/airflow/example_dags/example_sensor_decorator.py
[2026-05-07T23:35:06.785+0000] {logging_mixin.py:188} INFO - [2026-05-07T23:35:06.785+0000] {dag.py:3096} INFO - Sync 1 DAGs
[2026-05-07T23:35:06.798+0000] {logging_mixin.py:188} INFO - [2026-05-07T23:35:06.798+0000] {dag.py:3954} INFO - Setting next_dagrun for example_sensor_decorator to None, run_after=None
[2026-05-07T23:35:06.814+0000] {processor.py:183} INFO - Processing /home/airflow/.local/lib/python3.12/site-packages/airflow/example_dags/example_sensor_decorator.py took 0.063 seconds
[2026-05-07T23:35:37.068+0000] {processor.py:161} INFO - Started process (PID=9466) to work on /home/airflow/.local/lib/python3.12/site-packages/airflow/example_dags/example_sensor_decorator.py
[2026-05-07T23:35:37.071+0000] {processor.py:830} INFO - Processing file /home/airflow/.local/lib/python3.12/site-packages/airflow/example_dags/example_sensor_decorator.py for tasks to queue
[2026-05-07T23:35:37.075+0000] {logging_mixin.py:188} INFO - [2026-05-07T23:35:37.074+0000] {dagbag.py:545} INFO - Filling up the DagBag from /home/airflow/.local/lib/python3.12/site-packages/airflow/example_dags/example_sensor_decorator.py
[2026-05-07T23:35:37.087+0000] {processor.py:840} INFO - DAG(s) 'example_sensor_decorator' retrieved from /home/airflow/.local/lib/python3.12/site-packages/airflow/example_dags/example_sensor_decorator.py
[2026-05-07T23:35:37.124+0000] {logging_mixin.py:188} INFO - [2026-05-07T23:35:37.123+0000] {dag.py:3096} INFO - Sync 1 DAGs
[2026-05-07T23:35:37.146+0000] {logging_mixin.py:188} INFO - [2026-05-07T23:35:37.145+0000] {dag.py:3954} INFO - Setting next_dagrun for example_sensor_decorator to None, run_after=None
[2026-05-07T23:35:37.173+0000] {processor.py:183} INFO - Processing /home/airflow/.local/lib/python3.12/site-packages/airflow/example_dags/example_sensor_decorator.py took 0.117 seconds
[2026-05-07T23:36:07.742+0000] {processor.py:161} INFO - Started process (PID=9521) to work on /home/airflow/.local/lib/python3.12/site-packages/airflow/example_dags/example_sensor_decorator.py
[2026-05-07T23:36:07.743+0000] {processor.py:830} INFO - Processing file /home/airflow/.local/lib/python3.12/site-packages/airflow/example_dags/example_sensor_decorator.py for tasks to queue
[2026-05-07T23:36:07.745+0000] {logging_mixin.py:188} INFO - [2026-05-07T23:36:07.745+0000] {dagbag.py:545} INFO - Filling up the DagBag from /home/airflow/.local/lib/python3.12/site-packages/airflow/example_dags/example_sensor_decorator.py
[2026-05-07T23:36:07.752+0000] {processor.py:840} INFO - DAG(s) 'example_sensor_decorator' retrieved from /home/airflow/.local/lib/python3.12/site-packages/airflow/example_dags/example_sensor_decorator.py
[2026-05-07T23:36:07.770+0000] {logging_mixin.py:188} INFO - [2026-05-07T23:36:07.770+0000] {dag.py:3096} INFO - Sync 1 DAGs
[2026-05-07T23:36:07.782+0000] {logging_mixin.py:188} INFO - [2026-05-07T23:36:07.782+0000] {dag.py:3954} INFO - Setting next_dagrun for example_sensor_decorator to None, run_after=None
[2026-05-07T23:36:07.807+0000] {processor.py:183} INFO - Processing /home/airflow/.local/lib/python3.12/site-packages/airflow/example_dags/example_sensor_decorator.py took 0.072 seconds
[2026-05-07T23:36:38.001+0000] {processor.py:161} INFO - Started process (PID=9579) to work on /home/airflow/.local/lib/python3.12/site-packages/airflow/example_dags/example_sensor_decorator.py
[2026-05-07T23:36:38.002+0000] {processor.py:830} INFO - Processing file /home/airflow/.local/lib/python3.12/site-packages/airflow/example_dags/example_sensor_decorator.py for tasks to queue
[2026-05-07T23:36:38.004+0000] {logging_mixin.py:188} INFO - [2026-05-07T23:36:38.004+0000] {dagbag.py:545} INFO - Filling up the DagBag from /home/airflow/.local/lib/python3.12/site-packages/airflow/example_dags/example_sensor_decorator.py
[2026-05-07T23:36:38.011+0000] {processor.py:840} INFO - DAG(s) 'example_sensor_decorator' retrieved from /home/airflow/.local/lib/python3.12/site-packages/airflow/example_dags/example_sensor_decorator.py
[2026-05-07T23:36:38.032+0000] {logging_mixin.py:188} INFO - [2026-05-07T23:36:38.032+0000] {dag.py:3096} INFO - Sync 1 DAGs
[2026-05-07T23:36:38.045+0000] {logging_mixin.py:188} INFO - [2026-05-07T23:36:38.045+0000] {dag.py:3954} INFO - Setting next_dagrun for example_sensor_decorator to None, run_after=None
[2026-05-07T23:36:38.070+0000] {processor.py:183} INFO - Processing /home/airflow/.local/lib/python3.12/site-packages/airflow/example_dags/example_sensor_decorator.py took 0.079 seconds
[2026-05-07T23:37:08.764+0000] {processor.py:161} INFO - Started process (PID=9637) to work on /home/airflow/.local/lib/python3.12/site-packages/airflow/example_dags/example_sensor_decorator.py
[2026-05-07T23:37:08.766+0000] {processor.py:830} INFO - Processing file /home/airflow/.local/lib/python3.12/site-packages/airflow/example_dags/example_sensor_decorator.py for tasks to queue
[2026-05-07T23:37:08.769+0000] {logging_mixin.py:188} INFO - [2026-05-07T23:37:08.769+0000] {dagbag.py:545} INFO - Filling up the DagBag from /home/airflow/.local/lib/python3.12/site-packages/airflow/example_dags/example_sensor_decorator.py
[2026-05-07T23:37:08.779+0000] {processor.py:840} INFO - DAG(s) 'example_sensor_decorator' retrieved from /home/airflow/.local/lib/python3.12/site-packages/airflow/example_dags/example_sensor_decorator.py
[2026-05-07T23:37:08.804+0000] {logging_mixin.py:188} INFO - [2026-05-07T23:37:08.803+0000] {dag.py:3096} INFO - Sync 1 DAGs
[2026-05-07T23:37:08.819+0000] {logging_mixin.py:188} INFO - [2026-05-07T23:37:08.819+0000] {dag.py:3954} INFO - Setting next_dagrun for example_sensor_decorator to None, run_after=None
[2026-05-07T23:37:08.846+0000] {processor.py:183} INFO - Processing /home/airflow/.local/lib/python3.12/site-packages/airflow/example_dags/example_sensor_decorator.py took 0.088 seconds
[2026-05-07T23:37:38.931+0000] {processor.py:161} INFO - Started process (PID=9695) to work on /home/airflow/.local/lib/python3.12/site-packages/airflow/example_dags/example_sensor_decorator.py
[2026-05-07T23:37:38.932+0000] {processor.py:830} INFO - Processing file /home/airflow/.local/lib/python3.12/site-packages/airflow/example_dags/example_sensor_decorator.py for tasks to queue
[2026-05-07T23:37:38.934+0000] {logging_mixin.py:188} INFO - [2026-05-07T23:37:38.934+0000] {dagbag.py:545} INFO - Filling up the DagBag from /home/airflow/.local/lib/python3.12/site-packages/airflow/example_dags/example_sensor_decorator.py
[2026-05-07T23:37:38.941+0000] {processor.py:840} INFO - DAG(s) 'example_sensor_decorator' retrieved from /home/airflow/.local/lib/python3.12/site-packages/airflow/example_dags/example_sensor_decorator.py
[2026-05-07T23:37:38.962+0000] {logging_mixin.py:188} INFO - [2026-05-07T23:37:38.962+0000] {dag.py:3096} INFO - Sync 1 DAGs
[2026-05-07T23:37:38.973+0000] {logging_mixin.py:188} INFO - [2026-05-07T23:37:38.973+0000] {dag.py:3954} INFO - Setting next_dagrun for example_sensor_decorator to None, run_after=None
[2026-05-07T23:37:38.995+0000] {processor.py:183} INFO - Processing /home/airflow/.local/lib/python3.12/site-packages/airflow/example_dags/example_sensor_decorator.py took 0.068 seconds
[2026-05-07T23:38:09.275+0000] {processor.py:161} INFO - Started process (PID=9753) to work on /home/airflow/.local/lib/python3.12/site-packages/airflow/example_dags/example_sensor_decorator.py
[2026-05-07T23:38:09.277+0000] {processor.py:830} INFO - Processing file /home/airflow/.local/lib/python3.12/site-packages/airflow/example_dags/example_sensor_decorator.py for tasks to queue
[2026-05-07T23:38:09.280+0000] {logging_mixin.py:188} INFO - [2026-05-07T23:38:09.279+0000] {dagbag.py:545} INFO - Filling up the DagBag from /home/airflow/.local/lib/python3.12/site-packages/airflow/example_dags/example_sensor_decorator.py
[2026-05-07T23:38:09.287+0000] {processor.py:840} INFO - DAG(s) 'example_sensor_decorator' retrieved from /home/airflow/.local/lib/python3.12/site-packages/airflow/example_dags/example_sensor_decorator.py
[2026-05-07T23:38:09.309+0000] {logging_mixin.py:188} INFO - [2026-05-07T23:38:09.308+0000] {dag.py:3096} INFO - Sync 1 DAGs
[2026-05-07T23:38:09.321+0000] {logging_mixin.py:188} INFO - [2026-05-07T23:38:09.321+0000] {dag.py:3954} INFO - Setting next_dagrun for example_sensor_decorator to None, run_after=None
[2026-05-07T23:38:09.343+0000] {processor.py:183} INFO - Processing /home/airflow/.local/lib/python3.12/site-packages/airflow/example_dags/example_sensor_decorator.py took 0.074 seconds
[2026-05-07T23:38:39.667+0000] {processor.py:161} INFO - Started process (PID=9811) to work on /home/airflow/.local/lib/python3.12/site-packages/airflow/example_dags/example_sensor_decorator.py
[2026-05-07T23:38:39.668+0000] {processor.py:830} INFO - Processing file /home/airflow/.local/lib/python3.12/site-packages/airflow/example_dags/example_sensor_decorator.py for tasks to queue
[2026-05-07T23:38:39.671+0000] {logging_mixin.py:188} INFO - [2026-05-07T23:38:39.670+0000] {dagbag.py:545} INFO - Filling up the DagBag from /home/airflow/.local/lib/python3.12/site-packages/airflow/example_dags/example_sensor_decorator.py
[2026-05-07T23:38:39.677+0000] {processor.py:840} INFO - DAG(s) 'example_sensor_decorator' retrieved from /home/airflow/.local/lib/python3.12/site-packages/airflow/example_dags/example_sensor_decorator.py
[2026-05-07T23:38:39.694+0000] {logging_mixin.py:188} INFO - [2026-05-07T23:38:39.694+0000] {dag.py:3096} INFO - Sync 1 DAGs
[2026-05-07T23:38:39.705+0000] {logging_mixin.py:188} INFO - [2026-05-07T23:38:39.704+0000] {dag.py:3954} INFO - Setting next_dagrun for example_sensor_decorator to None, run_after=None
[2026-05-07T23:38:39.721+0000] {processor.py:183} INFO - Processing /home/airflow/.local/lib/python3.12/site-packages/airflow/example_dags/example_sensor_decorator.py took 0.060 seconds
[2026-05-07T23:39:09.841+0000] {processor.py:161} INFO - Started process (PID=9868) to work on /home/airflow/.local/lib/python3.12/site-packages/airflow/example_dags/example_sensor_decorator.py
[2026-05-07T23:39:09.843+0000] {processor.py:830} INFO - Processing file /home/airflow/.local/lib/python3.12/site-packages/airflow/example_dags/example_sensor_decorator.py for tasks to queue
[2026-05-07T23:39:09.847+0000] {logging_mixin.py:188} INFO - [2026-05-07T23:39:09.846+0000] {dagbag.py:545} INFO - Filling up the DagBag from /home/airflow/.local/lib/python3.12/site-packages/airflow/example_dags/example_sensor_decorator.py
[2026-05-07T23:39:09.853+0000] {processor.py:840} INFO - DAG(s) 'example_sensor_decorator' retrieved from /home/airflow/.local/lib/python3.12/site-packages/airflow/example_dags/example_sensor_decorator.py
[2026-05-07T23:39:09.872+0000] {logging_mixin.py:188} INFO - [2026-05-07T23:39:09.872+0000] {dag.py:3096} INFO - Sync 1 DAGs
[2026-05-07T23:39:09.883+0000] {logging_mixin.py:188} INFO - [2026-05-07T23:39:09.883+0000] {dag.py:3954} INFO - Setting next_dagrun for example_sensor_decorator to None, run_after=None
[2026-05-07T23:39:09.901+0000] {processor.py:183} INFO - Processing /home/airflow/.local/lib/python3.12/site-packages/airflow/example_dags/example_sensor_decorator.py took 0.065 seconds
[2026-05-07T23:39:40.035+0000] {processor.py:161} INFO - Started process (PID=9926) to work on /home/airflow/.local/lib/python3.12/site-packages/airflow/example_dags/example_sensor_decorator.py
[2026-05-07T23:39:40.036+0000] {processor.py:830} INFO - Processing file /home/airflow/.local/lib/python3.12/site-packages/airflow/example_dags/example_sensor_decorator.py for tasks to queue
[2026-05-07T23:39:40.039+0000] {logging_mixin.py:188} INFO - [2026-05-07T23:39:40.039+0000] {dagbag.py:545} INFO - Filling up the DagBag from /home/airflow/.local/lib/python3.12/site-packages/airflow/example_dags/example_sensor_decorator.py
[2026-05-07T23:39:40.046+0000] {processor.py:840} INFO - DAG(s) 'example_sensor_decorator' retrieved from /home/airflow/.local/lib/python3.12/site-packages/airflow/example_dags/example_sensor_decorator.py
[2026-05-07T23:39:40.069+0000] {logging_mixin.py:188} INFO - [2026-05-07T23:39:40.068+0000] {dag.py:3096} INFO - Sync 1 DAGs
[2026-05-07T23:39:40.080+0000] {logging_mixin.py:188} INFO - [2026-05-07T23:39:40.080+0000] {dag.py:3954} INFO - Setting next_dagrun for example_sensor_decorator to None, run_after=None
[2026-05-07T23:39:40.098+0000] {processor.py:183} INFO - Processing /home/airflow/.local/lib/python3.12/site-packages/airflow/example_dags/example_sensor_decorator.py took 0.070 seconds
[2026-05-07T23:40:10.411+0000] {processor.py:161} INFO - Started process (PID=9984) to work on /home/airflow/.local/lib/python3.12/site-packages/airflow/example_dags/example_sensor_decorator.py
[2026-05-07T23:40:10.412+0000] {processor.py:830} INFO - Processing file /home/airflow/.local/lib/python3.12/site-packages/airflow/example_dags/example_sensor_decorator.py for tasks to queue
[2026-05-07T23:40:10.415+0000] {logging_mixin.py:188} INFO - [2026-05-07T23:40:10.414+0000] {dagbag.py:545} INFO - Filling up the DagBag from /home/airflow/.local/lib/python3.12/site-packages/airflow/example_dags/example_sensor_decorator.py
[2026-05-07T23:40:10.421+0000] {processor.py:840} INFO - DAG(s) 'example_sensor_decorator' retrieved from /home/airflow/.local/lib/python3.12/site-packages/airflow/example_dags/example_sensor_decorator.py
[2026-05-07T23:40:10.438+0000] {logging_mixin.py:188} INFO - [2026-05-07T23:40:10.437+0000] {dag.py:3096} INFO - Sync 1 DAGs
[2026-05-07T23:40:10.448+0000] {logging_mixin.py:188} INFO - [2026-05-07T23:40:10.448+0000] {dag.py:3954} INFO - Setting next_dagrun for example_sensor_decorator to None, run_after=None
[2026-05-07T23:40:10.467+0000] {processor.py:183} INFO - Processing /home/airflow/.local/lib/python3.12/site-packages/airflow/example_dags/example_sensor_decorator.py took 0.061 seconds
[2026-05-07T23:40:40.829+0000] {processor.py:161} INFO - Started process (PID=10042) to work on /home/airflow/.local/lib/python3.12/site-packages/airflow/example_dags/example_sensor_decorator.py
[2026-05-07T23:40:40.830+0000] {processor.py:830} INFO - Processing file /home/airflow/.local/lib/python3.12/site-packages/airflow/example_dags/example_sensor_decorator.py for tasks to queue
[2026-05-07T23:40:40.832+0000] {logging_mixin.py:188} INFO - [2026-05-07T23:40:40.832+0000] {dagbag.py:545} INFO - Filling up the DagBag from /home/airflow/.local/lib/python3.12/site-packages/airflow/example_dags/example_sensor_decorator.py
[2026-05-07T23:40:40.840+0000] {processor.py:840} INFO - DAG(s) 'example_sensor_decorator' retrieved from /home/airflow/.local/lib/python3.12/site-packages/airflow/example_dags/example_sensor_decorator.py
[2026-05-07T23:40:40.860+0000] {logging_mixin.py:188} INFO - [2026-05-07T23:40:40.859+0000] {dag.py:3096} INFO - Sync 1 DAGs
[2026-05-07T23:40:40.872+0000] {logging_mixin.py:188} INFO - [2026-05-07T23:40:40.872+0000] {dag.py:3954} INFO - Setting next_dagrun for example_sensor_decorator to None, run_after=None
[2026-05-07T23:40:40.891+0000] {processor.py:183} INFO - Processing /home/airflow/.local/lib/python3.12/site-packages/airflow/example_dags/example_sensor_decorator.py took 0.068 seconds
[2026-05-07T23:41:11.291+0000] {processor.py:161} INFO - Started process (PID=10100) to work on /home/airflow/.local/lib/python3.12/site-packages/airflow/example_dags/example_sensor_decorator.py
[2026-05-07T23:41:11.292+0000] {processor.py:830} INFO - Processing file /home/airflow/.local/lib/python3.12/site-packages/airflow/example_dags/example_sensor_decorator.py for tasks to queue
[2026-05-07T23:41:11.295+0000] {logging_mixin.py:188} INFO - [2026-05-07T23:41:11.295+0000] {dagbag.py:545} INFO - Filling up the DagBag from /home/airflow/.local/lib/python3.12/site-packages/airflow/example_dags/example_sensor_decorator.py
[2026-05-07T23:41:11.303+0000] {processor.py:840} INFO - DAG(s) 'example_sensor_decorator' retrieved from /home/airflow/.local/lib/python3.12/site-packages/airflow/example_dags/example_sensor_decorator.py
[2026-05-07T23:41:11.322+0000] {logging_mixin.py:188} INFO - [2026-05-07T23:41:11.322+0000] {dag.py:3096} INFO - Sync 1 DAGs
[2026-05-07T23:41:11.332+0000] {logging_mixin.py:188} INFO - [2026-05-07T23:41:11.332+0000] {dag.py:3954} INFO - Setting next_dagrun for example_sensor_decorator to None, run_after=None
[2026-05-07T23:41:11.348+0000] {processor.py:183} INFO - Processing /home/airflow/.local/lib/python3.12/site-packages/airflow/example_dags/example_sensor_decorator.py took 0.063 seconds
[2026-05-07T23:41:41.616+0000] {processor.py:161} INFO - Started process (PID=10158) to work on /home/airflow/.local/lib/python3.12/site-packages/airflow/example_dags/example_sensor_decorator.py
[2026-05-07T23:41:41.617+0000] {processor.py:830} INFO - Processing file /home/airflow/.local/lib/python3.12/site-packages/airflow/example_dags/example_sensor_decorator.py for tasks to queue
[2026-05-07T23:41:41.619+0000] {logging_mixin.py:188} INFO - [2026-05-07T23:41:41.619+0000] {dagbag.py:545} INFO - Filling up the DagBag from /home/airflow/.local/lib/python3.12/site-packages/airflow/example_dags/example_sensor_decorator.py
[2026-05-07T23:41:41.626+0000] {processor.py:840} INFO - DAG(s) 'example_sensor_decorator' retrieved from /home/airflow/.local/lib/python3.12/site-packages/airflow/example_dags/example_sensor_decorator.py
[2026-05-07T23:41:41.643+0000] {logging_mixin.py:188} INFO - [2026-05-07T23:41:41.643+0000] {dag.py:3096} INFO - Sync 1 DAGs
[2026-05-07T23:41:41.654+0000] {logging_mixin.py:188} INFO - [2026-05-07T23:41:41.654+0000] {dag.py:3954} INFO - Setting next_dagrun for example_sensor_decorator to None, run_after=None
[2026-05-07T23:41:41.669+0000] {processor.py:183} INFO - Processing /home/airflow/.local/lib/python3.12/site-packages/airflow/example_dags/example_sensor_decorator.py took 0.060 seconds
[2026-05-07T23:42:12.014+0000] {processor.py:161} INFO - Started process (PID=10215) to work on /home/airflow/.local/lib/python3.12/site-packages/airflow/example_dags/example_sensor_decorator.py
[2026-05-07T23:42:12.015+0000] {processor.py:830} INFO - Processing file /home/airflow/.local/lib/python3.12/site-packages/airflow/example_dags/example_sensor_decorator.py for tasks to queue
[2026-05-07T23:42:12.017+0000] {logging_mixin.py:188} INFO - [2026-05-07T23:42:12.016+0000] {dagbag.py:545} INFO - Filling up the DagBag from /home/airflow/.local/lib/python3.12/site-packages/airflow/example_dags/example_sensor_decorator.py
[2026-05-07T23:42:12.023+0000] {processor.py:840} INFO - DAG(s) 'example_sensor_decorator' retrieved from /home/airflow/.local/lib/python3.12/site-packages/airflow/example_dags/example_sensor_decorator.py
[2026-05-07T23:42:12.040+0000] {logging_mixin.py:188} INFO - [2026-05-07T23:42:12.040+0000] {dag.py:3096} INFO - Sync 1 DAGs
[2026-05-07T23:42:12.050+0000] {logging_mixin.py:188} INFO - [2026-05-07T23:42:12.050+0000] {dag.py:3954} INFO - Setting next_dagrun for example_sensor_decorator to None, run_after=None
[2026-05-07T23:42:12.066+0000] {processor.py:183} INFO - Processing /home/airflow/.local/lib/python3.12/site-packages/airflow/example_dags/example_sensor_decorator.py took 0.058 seconds
[2026-05-07T23:42:42.238+0000] {processor.py:161} INFO - Started process (PID=10273) to work on /home/airflow/.local/lib/python3.12/site-packages/airflow/example_dags/example_sensor_decorator.py
[2026-05-07T23:42:42.240+0000] {processor.py:830} INFO - Processing file /home/airflow/.local/lib/python3.12/site-packages/airflow/example_dags/example_sensor_decorator.py for tasks to queue
[2026-05-07T23:42:42.243+0000] {logging_mixin.py:188} INFO - [2026-05-07T23:42:42.242+0000] {dagbag.py:545} INFO - Filling up the DagBag from /home/airflow/.local/lib/python3.12/site-packages/airflow/example_dags/example_sensor_decorator.py
[2026-05-07T23:42:42.250+0000] {processor.py:840} INFO - DAG(s) 'example_sensor_decorator' retrieved from /home/airflow/.local/lib/python3.12/site-packages/airflow/example_dags/example_sensor_decorator.py
[2026-05-07T23:42:42.273+0000] {logging_mixin.py:188} INFO - [2026-05-07T23:42:42.272+0000] {dag.py:3096} INFO - Sync 1 DAGs
[2026-05-07T23:42:42.285+0000] {logging_mixin.py:188} INFO - [2026-05-07T23:42:42.285+0000] {dag.py:3954} INFO - Setting next_dagrun for example_sensor_decorator to None, run_after=None
[2026-05-07T23:42:42.305+0000] {processor.py:183} INFO - Processing /home/airflow/.local/lib/python3.12/site-packages/airflow/example_dags/example_sensor_decorator.py took 0.075 seconds
[2026-05-07T23:43:12.789+0000] {processor.py:161} INFO - Started process (PID=10332) to work on /home/airflow/.local/lib/python3.12/site-packages/airflow/example_dags/example_sensor_decorator.py
[2026-05-07T23:43:12.790+0000] {processor.py:830} INFO - Processing file /home/airflow/.local/lib/python3.12/site-packages/airflow/example_dags/example_sensor_decorator.py for tasks to queue
[2026-05-07T23:43:12.792+0000] {logging_mixin.py:188} INFO - [2026-05-07T23:43:12.792+0000] {dagbag.py:545} INFO - Filling up the DagBag from /home/airflow/.local/lib/python3.12/site-packages/airflow/example_dags/example_sensor_decorator.py
[2026-05-07T23:43:12.799+0000] {processor.py:840} INFO - DAG(s) 'example_sensor_decorator' retrieved from /home/airflow/.local/lib/python3.12/site-packages/airflow/example_dags/example_sensor_decorator.py
[2026-05-07T23:43:12.819+0000] {logging_mixin.py:188} INFO - [2026-05-07T23:43:12.819+0000] {dag.py:3096} INFO - Sync 1 DAGs
[2026-05-07T23:43:12.830+0000] {logging_mixin.py:188} INFO - [2026-05-07T23:43:12.830+0000] {dag.py:3954} INFO - Setting next_dagrun for example_sensor_decorator to None, run_after=None
[2026-05-07T23:43:12.851+0000] {processor.py:183} INFO - Processing /home/airflow/.local/lib/python3.12/site-packages/airflow/example_dags/example_sensor_decorator.py took 0.067 seconds
[2026-05-07T23:43:43.256+0000] {processor.py:161} INFO - Started process (PID=10390) to work on /home/airflow/.local/lib/python3.12/site-packages/airflow/example_dags/example_sensor_decorator.py
[2026-05-07T23:43:43.258+0000] {processor.py:830} INFO - Processing file /home/airflow/.local/lib/python3.12/site-packages/airflow/example_dags/example_sensor_decorator.py for tasks to queue
[2026-05-07T23:43:43.260+0000] {logging_mixin.py:188} INFO - [2026-05-07T23:43:43.260+0000] {dagbag.py:545} INFO - Filling up the DagBag from /home/airflow/.local/lib/python3.12/site-packages/airflow/example_dags/example_sensor_decorator.py
[2026-05-07T23:43:43.266+0000] {processor.py:840} INFO - DAG(s) 'example_sensor_decorator' retrieved from /home/airflow/.local/lib/python3.12/site-packages/airflow/example_dags/example_sensor_decorator.py
[2026-05-07T23:43:43.283+0000] {logging_mixin.py:188} INFO - [2026-05-07T23:43:43.283+0000] {dag.py:3096} INFO - Sync 1 DAGs
[2026-05-07T23:43:43.294+0000] {logging_mixin.py:188} INFO - [2026-05-07T23:43:43.293+0000] {dag.py:3954} INFO - Setting next_dagrun for example_sensor_decorator to None, run_after=None
[2026-05-07T23:43:43.311+0000] {processor.py:183} INFO - Processing /home/airflow/.local/lib/python3.12/site-packages/airflow/example_dags/example_sensor_decorator.py took 0.060 seconds
[2026-05-07T23:44:13.498+0000] {processor.py:161} INFO - Started process (PID=10448) to work on /home/airflow/.local/lib/python3.12/site-packages/airflow/example_dags/example_sensor_decorator.py
[2026-05-07T23:44:13.499+0000] {processor.py:830} INFO - Processing file /home/airflow/.local/lib/python3.12/site-packages/airflow/example_dags/example_sensor_decorator.py for tasks to queue
[2026-05-07T23:44:13.501+0000] {logging_mixin.py:188} INFO - [2026-05-07T23:44:13.501+0000] {dagbag.py:545} INFO - Filling up the DagBag from /home/airflow/.local/lib/python3.12/site-packages/airflow/example_dags/example_sensor_decorator.py
[2026-05-07T23:44:13.508+0000] {processor.py:840} INFO - DAG(s) 'example_sensor_decorator' retrieved from /home/airflow/.local/lib/python3.12/site-packages/airflow/example_dags/example_sensor_decorator.py
[2026-05-07T23:44:13.525+0000] {logging_mixin.py:188} INFO - [2026-05-07T23:44:13.525+0000] {dag.py:3096} INFO - Sync 1 DAGs
[2026-05-07T23:44:13.535+0000] {logging_mixin.py:188} INFO - [2026-05-07T23:44:13.535+0000] {dag.py:3954} INFO - Setting next_dagrun for example_sensor_decorator to None, run_after=None
[2026-05-07T23:44:13.550+0000] {processor.py:183} INFO - Processing /home/airflow/.local/lib/python3.12/site-packages/airflow/example_dags/example_sensor_decorator.py took 0.058 seconds
[2026-05-07T23:44:43.928+0000] {processor.py:161} INFO - Started process (PID=10506) to work on /home/airflow/.local/lib/python3.12/site-packages/airflow/example_dags/example_sensor_decorator.py
[2026-05-07T23:44:43.929+0000] {processor.py:830} INFO - Processing file /home/airflow/.local/lib/python3.12/site-packages/airflow/example_dags/example_sensor_decorator.py for tasks to queue
[2026-05-07T23:44:43.932+0000] {logging_mixin.py:188} INFO - [2026-05-07T23:44:43.931+0000] {dagbag.py:545} INFO - Filling up the DagBag from /home/airflow/.local/lib/python3.12/site-packages/airflow/example_dags/example_sensor_decorator.py
[2026-05-07T23:44:43.938+0000] {processor.py:840} INFO - DAG(s) 'example_sensor_decorator' retrieved from /home/airflow/.local/lib/python3.12/site-packages/airflow/example_dags/example_sensor_decorator.py
[2026-05-07T23:44:43.954+0000] {logging_mixin.py:188} INFO - [2026-05-07T23:44:43.954+0000] {dag.py:3096} INFO - Sync 1 DAGs
[2026-05-07T23:44:43.965+0000] {logging_mixin.py:188} INFO - [2026-05-07T23:44:43.964+0000] {dag.py:3954} INFO - Setting next_dagrun for example_sensor_decorator to None, run_after=None
[2026-05-07T23:44:43.980+0000] {processor.py:183} INFO - Processing /home/airflow/.local/lib/python3.12/site-packages/airflow/example_dags/example_sensor_decorator.py took 0.059 seconds
[2026-05-07T23:45:14.779+0000] {processor.py:161} INFO - Started process (PID=10564) to work on /home/airflow/.local/lib/python3.12/site-packages/airflow/example_dags/example_sensor_decorator.py
[2026-05-07T23:45:14.781+0000] {processor.py:830} INFO - Processing file /home/airflow/.local/lib/python3.12/site-packages/airflow/example_dags/example_sensor_decorator.py for tasks to queue
[2026-05-07T23:45:14.784+0000] {logging_mixin.py:188} INFO - [2026-05-07T23:45:14.784+0000] {dagbag.py:545} INFO - Filling up the DagBag from /home/airflow/.local/lib/python3.12/site-packages/airflow/example_dags/example_sensor_decorator.py
[2026-05-07T23:45:14.792+0000] {processor.py:840} INFO - DAG(s) 'example_sensor_decorator' retrieved from /home/airflow/.local/lib/python3.12/site-packages/airflow/example_dags/example_sensor_decorator.py
[2026-05-07T23:45:14.810+0000] {logging_mixin.py:188} INFO - [2026-05-07T23:45:14.810+0000] {dag.py:3096} INFO - Sync 1 DAGs
[2026-05-07T23:45:14.821+0000] {logging_mixin.py:188} INFO - [2026-05-07T23:45:14.821+0000] {dag.py:3954} INFO - Setting next_dagrun for example_sensor_decorator to None, run_after=None
[2026-05-07T23:45:14.836+0000] {processor.py:183} INFO - Processing /home/airflow/.local/lib/python3.12/site-packages/airflow/example_dags/example_sensor_decorator.py took 0.062 seconds
[2026-05-07T23:45:45.382+0000] {processor.py:161} INFO - Started process (PID=10622) to work on /home/airflow/.local/lib/python3.12/site-packages/airflow/example_dags/example_sensor_decorator.py
[2026-05-07T23:45:45.384+0000] {processor.py:830} INFO - Processing file /home/airflow/.local/lib/python3.12/site-packages/airflow/example_dags/example_sensor_decorator.py for tasks to queue
[2026-05-07T23:45:45.387+0000] {logging_mixin.py:188} INFO - [2026-05-07T23:45:45.386+0000] {dagbag.py:545} INFO - Filling up the DagBag from /home/airflow/.local/lib/python3.12/site-packages/airflow/example_dags/example_sensor_decorator.py
[2026-05-07T23:45:45.394+0000] {processor.py:840} INFO - DAG(s) 'example_sensor_decorator' retrieved from /home/airflow/.local/lib/python3.12/site-packages/airflow/example_dags/example_sensor_decorator.py
[2026-05-07T23:45:45.412+0000] {logging_mixin.py:188} INFO - [2026-05-07T23:45:45.412+0000] {dag.py:3096} INFO - Sync 1 DAGs
[2026-05-07T23:45:45.422+0000] {logging_mixin.py:188} INFO - [2026-05-07T23:45:45.422+0000] {dag.py:3954} INFO - Setting next_dagrun for example_sensor_decorator to None, run_after=None
[2026-05-07T23:45:45.438+0000] {processor.py:183} INFO - Processing /home/airflow/.local/lib/python3.12/site-packages/airflow/example_dags/example_sensor_decorator.py took 0.062 seconds
[2026-05-07T23:46:15.920+0000] {processor.py:161} INFO - Started process (PID=10679) to work on /home/airflow/.local/lib/python3.12/site-packages/airflow/example_dags/example_sensor_decorator.py
[2026-05-07T23:46:15.921+0000] {processor.py:830} INFO - Processing file /home/airflow/.local/lib/python3.12/site-packages/airflow/example_dags/example_sensor_decorator.py for tasks to queue
[2026-05-07T23:46:15.923+0000] {logging_mixin.py:188} INFO - [2026-05-07T23:46:15.923+0000] {dagbag.py:545} INFO - Filling up the DagBag from /home/airflow/.local/lib/python3.12/site-packages/airflow/example_dags/example_sensor_decorator.py
[2026-05-07T23:46:15.930+0000] {processor.py:840} INFO - DAG(s) 'example_sensor_decorator' retrieved from /home/airflow/.local/lib/python3.12/site-packages/airflow/example_dags/example_sensor_decorator.py
[2026-05-07T23:46:15.947+0000] {logging_mixin.py:188} INFO - [2026-05-07T23:46:15.947+0000] {dag.py:3096} INFO - Sync 1 DAGs
[2026-05-07T23:46:15.957+0000] {logging_mixin.py:188} INFO - [2026-05-07T23:46:15.957+0000] {dag.py:3954} INFO - Setting next_dagrun for example_sensor_decorator to None, run_after=None
[2026-05-07T23:46:15.972+0000] {processor.py:183} INFO - Processing /home/airflow/.local/lib/python3.12/site-packages/airflow/example_dags/example_sensor_decorator.py took 0.058 seconds
[2026-05-07T23:46:46.255+0000] {processor.py:161} INFO - Started process (PID=10737) to work on /home/airflow/.local/lib/python3.12/site-packages/airflow/example_dags/example_sensor_decorator.py
[2026-05-07T23:46:46.257+0000] {processor.py:830} INFO - Processing file /home/airflow/.local/lib/python3.12/site-packages/airflow/example_dags/example_sensor_decorator.py for tasks to queue
[2026-05-07T23:46:46.259+0000] {logging_mixin.py:188} INFO - [2026-05-07T23:46:46.259+0000] {dagbag.py:545} INFO - Filling up the DagBag from /home/airflow/.local/lib/python3.12/site-packages/airflow/example_dags/example_sensor_decorator.py
[2026-05-07T23:46:46.265+0000] {processor.py:840} INFO - DAG(s) 'example_sensor_decorator' retrieved from /home/airflow/.local/lib/python3.12/site-packages/airflow/example_dags/example_sensor_decorator.py
[2026-05-07T23:46:46.282+0000] {logging_mixin.py:188} INFO - [2026-05-07T23:46:46.282+0000] {dag.py:3096} INFO - Sync 1 DAGs
[2026-05-07T23:46:46.292+0000] {logging_mixin.py:188} INFO - [2026-05-07T23:46:46.292+0000] {dag.py:3954} INFO - Setting next_dagrun for example_sensor_decorator to None, run_after=None
[2026-05-07T23:46:46.308+0000] {processor.py:183} INFO - Processing /home/airflow/.local/lib/python3.12/site-packages/airflow/example_dags/example_sensor_decorator.py took 0.058 seconds
[2026-05-07T23:47:16.788+0000] {processor.py:161} INFO - Started process (PID=10794) to work on /home/airflow/.local/lib/python3.12/site-packages/airflow/example_dags/example_sensor_decorator.py
[2026-05-07T23:47:16.789+0000] {processor.py:830} INFO - Processing file /home/airflow/.local/lib/python3.12/site-packages/airflow/example_dags/example_sensor_decorator.py for tasks to queue
[2026-05-07T23:47:16.792+0000] {logging_mixin.py:188} INFO - [2026-05-07T23:47:16.792+0000] {dagbag.py:545} INFO - Filling up the DagBag from /home/airflow/.local/lib/python3.12/site-packages/airflow/example_dags/example_sensor_decorator.py
[2026-05-07T23:47:16.799+0000] {processor.py:840} INFO - DAG(s) 'example_sensor_decorator' retrieved from /home/airflow/.local/lib/python3.12/site-packages/airflow/example_dags/example_sensor_decorator.py
[2026-05-07T23:47:16.816+0000] {logging_mixin.py:188} INFO - [2026-05-07T23:47:16.816+0000] {dag.py:3096} INFO - Sync 1 DAGs
[2026-05-07T23:47:16.827+0000] {logging_mixin.py:188} INFO - [2026-05-07T23:47:16.826+0000] {dag.py:3954} INFO - Setting next_dagrun for example_sensor_decorator to None, run_after=None
[2026-05-07T23:47:16.842+0000] {processor.py:183} INFO - Processing /home/airflow/.local/lib/python3.12/site-packages/airflow/example_dags/example_sensor_decorator.py took 0.060 seconds
[2026-05-07T23:47:47.507+0000] {processor.py:161} INFO - Started process (PID=10858) to work on /home/airflow/.local/lib/python3.12/site-packages/airflow/example_dags/example_sensor_decorator.py
[2026-05-07T23:47:47.510+0000] {processor.py:830} INFO - Processing file /home/airflow/.local/lib/python3.12/site-packages/airflow/example_dags/example_sensor_decorator.py for tasks to queue
[2026-05-07T23:47:47.516+0000] {logging_mixin.py:188} INFO - [2026-05-07T23:47:47.515+0000] {dagbag.py:545} INFO - Filling up the DagBag from /home/airflow/.local/lib/python3.12/site-packages/airflow/example_dags/example_sensor_decorator.py
[2026-05-07T23:47:47.528+0000] {processor.py:840} INFO - DAG(s) 'example_sensor_decorator' retrieved from /home/airflow/.local/lib/python3.12/site-packages/airflow/example_dags/example_sensor_decorator.py
[2026-05-07T23:47:47.557+0000] {logging_mixin.py:188} INFO - [2026-05-07T23:47:47.557+0000] {dag.py:3096} INFO - Sync 1 DAGs
[2026-05-07T23:47:47.569+0000] {logging_mixin.py:188} INFO - [2026-05-07T23:47:47.569+0000] {dag.py:3954} INFO - Setting next_dagrun for example_sensor_decorator to None, run_after=None
[2026-05-07T23:47:47.594+0000] {processor.py:183} INFO - Processing /home/airflow/.local/lib/python3.12/site-packages/airflow/example_dags/example_sensor_decorator.py took 0.098 seconds
[2026-05-07T23:48:18.111+0000] {processor.py:161} INFO - Started process (PID=10916) to work on /home/airflow/.local/lib/python3.12/site-packages/airflow/example_dags/example_sensor_decorator.py
[2026-05-07T23:48:18.112+0000] {processor.py:830} INFO - Processing file /home/airflow/.local/lib/python3.12/site-packages/airflow/example_dags/example_sensor_decorator.py for tasks to queue
[2026-05-07T23:48:18.116+0000] {logging_mixin.py:188} INFO - [2026-05-07T23:48:18.115+0000] {dagbag.py:545} INFO - Filling up the DagBag from /home/airflow/.local/lib/python3.12/site-packages/airflow/example_dags/example_sensor_decorator.py
[2026-05-07T23:48:18.126+0000] {processor.py:840} INFO - DAG(s) 'example_sensor_decorator' retrieved from /home/airflow/.local/lib/python3.12/site-packages/airflow/example_dags/example_sensor_decorator.py
[2026-05-07T23:48:18.150+0000] {logging_mixin.py:188} INFO - [2026-05-07T23:48:18.150+0000] {dag.py:3096} INFO - Sync 1 DAGs
[2026-05-07T23:48:18.163+0000] {logging_mixin.py:188} INFO - [2026-05-07T23:48:18.163+0000] {dag.py:3954} INFO - Setting next_dagrun for example_sensor_decorator to None, run_after=None
[2026-05-07T23:48:18.184+0000] {processor.py:183} INFO - Processing /home/airflow/.local/lib/python3.12/site-packages/airflow/example_dags/example_sensor_decorator.py took 0.081 seconds
[2026-05-07T23:48:48.326+0000] {processor.py:161} INFO - Started process (PID=10974) to work on /home/airflow/.local/lib/python3.12/site-packages/airflow/example_dags/example_sensor_decorator.py
[2026-05-07T23:48:48.327+0000] {processor.py:830} INFO - Processing file /home/airflow/.local/lib/python3.12/site-packages/airflow/example_dags/example_sensor_decorator.py for tasks to queue
[2026-05-07T23:48:48.329+0000] {logging_mixin.py:188} INFO - [2026-05-07T23:48:48.329+0000] {dagbag.py:545} INFO - Filling up the DagBag from /home/airflow/.local/lib/python3.12/site-packages/airflow/example_dags/example_sensor_decorator.py
[2026-05-07T23:48:48.336+0000] {processor.py:840} INFO - DAG(s) 'example_sensor_decorator' retrieved from /home/airflow/.local/lib/python3.12/site-packages/airflow/example_dags/example_sensor_decorator.py
[2026-05-07T23:48:48.356+0000] {logging_mixin.py:188} INFO - [2026-05-07T23:48:48.355+0000] {dag.py:3096} INFO - Sync 1 DAGs
[2026-05-07T23:48:48.366+0000] {logging_mixin.py:188} INFO - [2026-05-07T23:48:48.366+0000] {dag.py:3954} INFO - Setting next_dagrun for example_sensor_decorator to None, run_after=None
[2026-05-07T23:48:48.383+0000] {processor.py:183} INFO - Processing /home/airflow/.local/lib/python3.12/site-packages/airflow/example_dags/example_sensor_decorator.py took 0.063 seconds
[2026-05-07T23:49:18.757+0000] {processor.py:161} INFO - Started process (PID=11032) to work on /home/airflow/.local/lib/python3.12/site-packages/airflow/example_dags/example_sensor_decorator.py
[2026-05-07T23:49:18.758+0000] {processor.py:830} INFO - Processing file /home/airflow/.local/lib/python3.12/site-packages/airflow/example_dags/example_sensor_decorator.py for tasks to queue
[2026-05-07T23:49:18.761+0000] {logging_mixin.py:188} INFO - [2026-05-07T23:49:18.760+0000] {dagbag.py:545} INFO - Filling up the DagBag from /home/airflow/.local/lib/python3.12/site-packages/airflow/example_dags/example_sensor_decorator.py
[2026-05-07T23:49:18.767+0000] {processor.py:840} INFO - DAG(s) 'example_sensor_decorator' retrieved from /home/airflow/.local/lib/python3.12/site-packages/airflow/example_dags/example_sensor_decorator.py
[2026-05-07T23:49:18.784+0000] {logging_mixin.py:188} INFO - [2026-05-07T23:49:18.784+0000] {dag.py:3096} INFO - Sync 1 DAGs
[2026-05-07T23:49:18.795+0000] {logging_mixin.py:188} INFO - [2026-05-07T23:49:18.795+0000] {dag.py:3954} INFO - Setting next_dagrun for example_sensor_decorator to None, run_after=None
[2026-05-07T23:49:18.811+0000] {processor.py:183} INFO - Processing /home/airflow/.local/lib/python3.12/site-packages/airflow/example_dags/example_sensor_decorator.py took 0.060 seconds
[2026-05-07T23:49:49.358+0000] {processor.py:161} INFO - Started process (PID=11090) to work on /home/airflow/.local/lib/python3.12/site-packages/airflow/example_dags/example_sensor_decorator.py
[2026-05-07T23:49:49.360+0000] {processor.py:830} INFO - Processing file /home/airflow/.local/lib/python3.12/site-packages/airflow/example_dags/example_sensor_decorator.py for tasks to queue
[2026-05-07T23:49:49.362+0000] {logging_mixin.py:188} INFO - [2026-05-07T23:49:49.362+0000] {dagbag.py:545} INFO - Filling up the DagBag from /home/airflow/.local/lib/python3.12/site-packages/airflow/example_dags/example_sensor_decorator.py
[2026-05-07T23:49:49.369+0000] {processor.py:840} INFO - DAG(s) 'example_sensor_decorator' retrieved from /home/airflow/.local/lib/python3.12/site-packages/airflow/example_dags/example_sensor_decorator.py
[2026-05-07T23:49:49.386+0000] {logging_mixin.py:188} INFO - [2026-05-07T23:49:49.386+0000] {dag.py:3096} INFO - Sync 1 DAGs
[2026-05-07T23:49:49.397+0000] {logging_mixin.py:188} INFO - [2026-05-07T23:49:49.396+0000] {dag.py:3954} INFO - Setting next_dagrun for example_sensor_decorator to None, run_after=None
[2026-05-07T23:49:49.411+0000] {processor.py:183} INFO - Processing /home/airflow/.local/lib/python3.12/site-packages/airflow/example_dags/example_sensor_decorator.py took 0.060 seconds
[2026-05-07T23:50:19.691+0000] {processor.py:161} INFO - Started process (PID=11148) to work on /home/airflow/.local/lib/python3.12/site-packages/airflow/example_dags/example_sensor_decorator.py
[2026-05-07T23:50:19.693+0000] {processor.py:830} INFO - Processing file /home/airflow/.local/lib/python3.12/site-packages/airflow/example_dags/example_sensor_decorator.py for tasks to queue
[2026-05-07T23:50:19.695+0000] {logging_mixin.py:188} INFO - [2026-05-07T23:50:19.694+0000] {dagbag.py:545} INFO - Filling up the DagBag from /home/airflow/.local/lib/python3.12/site-packages/airflow/example_dags/example_sensor_decorator.py
[2026-05-07T23:50:19.701+0000] {processor.py:840} INFO - DAG(s) 'example_sensor_decorator' retrieved from /home/airflow/.local/lib/python3.12/site-packages/airflow/example_dags/example_sensor_decorator.py
[2026-05-07T23:50:19.718+0000] {logging_mixin.py:188} INFO - [2026-05-07T23:50:19.718+0000] {dag.py:3096} INFO - Sync 1 DAGs
[2026-05-07T23:50:19.728+0000] {logging_mixin.py:188} INFO - [2026-05-07T23:50:19.728+0000] {dag.py:3954} INFO - Setting next_dagrun for example_sensor_decorator to None, run_after=None
[2026-05-07T23:50:19.743+0000] {processor.py:183} INFO - Processing /home/airflow/.local/lib/python3.12/site-packages/airflow/example_dags/example_sensor_decorator.py took 0.057 seconds
[2026-05-07T23:50:50.168+0000] {processor.py:161} INFO - Started process (PID=11206) to work on /home/airflow/.local/lib/python3.12/site-packages/airflow/example_dags/example_sensor_decorator.py
[2026-05-07T23:50:50.169+0000] {processor.py:830} INFO - Processing file /home/airflow/.local/lib/python3.12/site-packages/airflow/example_dags/example_sensor_decorator.py for tasks to queue
[2026-05-07T23:50:50.171+0000] {logging_mixin.py:188} INFO - [2026-05-07T23:50:50.171+0000] {dagbag.py:545} INFO - Filling up the DagBag from /home/airflow/.local/lib/python3.12/site-packages/airflow/example_dags/example_sensor_decorator.py
[2026-05-07T23:50:50.177+0000] {processor.py:840} INFO - DAG(s) 'example_sensor_decorator' retrieved from /home/airflow/.local/lib/python3.12/site-packages/airflow/example_dags/example_sensor_decorator.py
[2026-05-07T23:50:50.194+0000] {logging_mixin.py:188} INFO - [2026-05-07T23:50:50.194+0000] {dag.py:3096} INFO - Sync 1 DAGs
[2026-05-07T23:50:50.205+0000] {logging_mixin.py:188} INFO - [2026-05-07T23:50:50.205+0000] {dag.py:3954} INFO - Setting next_dagrun for example_sensor_decorator to None, run_after=None
[2026-05-07T23:50:50.222+0000] {processor.py:183} INFO - Processing /home/airflow/.local/lib/python3.12/site-packages/airflow/example_dags/example_sensor_decorator.py took 0.060 seconds
[2026-05-07T23:51:20.298+0000] {processor.py:161} INFO - Started process (PID=11264) to work on /home/airflow/.local/lib/python3.12/site-packages/airflow/example_dags/example_sensor_decorator.py
[2026-05-07T23:51:20.299+0000] {processor.py:830} INFO - Processing file /home/airflow/.local/lib/python3.12/site-packages/airflow/example_dags/example_sensor_decorator.py for tasks to queue
[2026-05-07T23:51:20.301+0000] {logging_mixin.py:188} INFO - [2026-05-07T23:51:20.301+0000] {dagbag.py:545} INFO - Filling up the DagBag from /home/airflow/.local/lib/python3.12/site-packages/airflow/example_dags/example_sensor_decorator.py
[2026-05-07T23:51:20.308+0000] {processor.py:840} INFO - DAG(s) 'example_sensor_decorator' retrieved from /home/airflow/.local/lib/python3.12/site-packages/airflow/example_dags/example_sensor_decorator.py
[2026-05-07T23:51:20.326+0000] {logging_mixin.py:188} INFO - [2026-05-07T23:51:20.326+0000] {dag.py:3096} INFO - Sync 1 DAGs
[2026-05-07T23:51:20.337+0000] {logging_mixin.py:188} INFO - [2026-05-07T23:51:20.337+0000] {dag.py:3954} INFO - Setting next_dagrun for example_sensor_decorator to None, run_after=None
[2026-05-07T23:51:20.352+0000] {processor.py:183} INFO - Processing /home/airflow/.local/lib/python3.12/site-packages/airflow/example_dags/example_sensor_decorator.py took 0.060 seconds
[2026-05-07T23:51:50.445+0000] {processor.py:161} INFO - Started process (PID=11322) to work on /home/airflow/.local/lib/python3.12/site-packages/airflow/example_dags/example_sensor_decorator.py
[2026-05-07T23:51:50.446+0000] {processor.py:830} INFO - Processing file /home/airflow/.local/lib/python3.12/site-packages/airflow/example_dags/example_sensor_decorator.py for tasks to queue
[2026-05-07T23:51:50.448+0000] {logging_mixin.py:188} INFO - [2026-05-07T23:51:50.448+0000] {dagbag.py:545} INFO - Filling up the DagBag from /home/airflow/.local/lib/python3.12/site-packages/airflow/example_dags/example_sensor_decorator.py
[2026-05-07T23:51:50.455+0000] {processor.py:840} INFO - DAG(s) 'example_sensor_decorator' retrieved from /home/airflow/.local/lib/python3.12/site-packages/airflow/example_dags/example_sensor_decorator.py
[2026-05-07T23:51:50.474+0000] {logging_mixin.py:188} INFO - [2026-05-07T23:51:50.474+0000] {dag.py:3096} INFO - Sync 1 DAGs
[2026-05-07T23:51:50.484+0000] {logging_mixin.py:188} INFO - [2026-05-07T23:51:50.484+0000] {dag.py:3954} INFO - Setting next_dagrun for example_sensor_decorator to None, run_after=None
[2026-05-07T23:51:50.499+0000] {processor.py:183} INFO - Processing /home/airflow/.local/lib/python3.12/site-packages/airflow/example_dags/example_sensor_decorator.py took 0.060 seconds
[2026-05-07T23:52:20.968+0000] {processor.py:161} INFO - Started process (PID=11380) to work on /home/airflow/.local/lib/python3.12/site-packages/airflow/example_dags/example_sensor_decorator.py
[2026-05-07T23:52:20.969+0000] {processor.py:830} INFO - Processing file /home/airflow/.local/lib/python3.12/site-packages/airflow/example_dags/example_sensor_decorator.py for tasks to queue
[2026-05-07T23:52:20.971+0000] {logging_mixin.py:188} INFO - [2026-05-07T23:52:20.971+0000] {dagbag.py:545} INFO - Filling up the DagBag from /home/airflow/.local/lib/python3.12/site-packages/airflow/example_dags/example_sensor_decorator.py
[2026-05-07T23:52:20.977+0000] {processor.py:840} INFO - DAG(s) 'example_sensor_decorator' retrieved from /home/airflow/.local/lib/python3.12/site-packages/airflow/example_dags/example_sensor_decorator.py
[2026-05-07T23:52:20.994+0000] {logging_mixin.py:188} INFO - [2026-05-07T23:52:20.994+0000] {dag.py:3096} INFO - Sync 1 DAGs
[2026-05-07T23:52:21.005+0000] {logging_mixin.py:188} INFO - [2026-05-07T23:52:21.004+0000] {dag.py:3954} INFO - Setting next_dagrun for example_sensor_decorator to None, run_after=None
[2026-05-07T23:52:21.019+0000] {processor.py:183} INFO - Processing /home/airflow/.local/lib/python3.12/site-packages/airflow/example_dags/example_sensor_decorator.py took 0.058 seconds
[2026-05-07T23:52:51.658+0000] {processor.py:161} INFO - Started process (PID=11438) to work on /home/airflow/.local/lib/python3.12/site-packages/airflow/example_dags/example_sensor_decorator.py
[2026-05-07T23:52:51.659+0000] {processor.py:830} INFO - Processing file /home/airflow/.local/lib/python3.12/site-packages/airflow/example_dags/example_sensor_decorator.py for tasks to queue
[2026-05-07T23:52:51.666+0000] {logging_mixin.py:188} INFO - [2026-05-07T23:52:51.665+0000] {dagbag.py:545} INFO - Filling up the DagBag from /home/airflow/.local/lib/python3.12/site-packages/airflow/example_dags/example_sensor_decorator.py
[2026-05-07T23:52:51.674+0000] {processor.py:840} INFO - DAG(s) 'example_sensor_decorator' retrieved from /home/airflow/.local/lib/python3.12/site-packages/airflow/example_dags/example_sensor_decorator.py
[2026-05-07T23:52:51.694+0000] {logging_mixin.py:188} INFO - [2026-05-07T23:52:51.693+0000] {dag.py:3096} INFO - Sync 1 DAGs
[2026-05-07T23:52:51.704+0000] {logging_mixin.py:188} INFO - [2026-05-07T23:52:51.704+0000] {dag.py:3954} INFO - Setting next_dagrun for example_sensor_decorator to None, run_after=None
[2026-05-07T23:52:51.720+0000] {processor.py:183} INFO - Processing /home/airflow/.local/lib/python3.12/site-packages/airflow/example_dags/example_sensor_decorator.py took 0.069 seconds
[2026-05-07T23:53:22.523+0000] {processor.py:161} INFO - Started process (PID=11496) to work on /home/airflow/.local/lib/python3.12/site-packages/airflow/example_dags/example_sensor_decorator.py
[2026-05-07T23:53:22.525+0000] {processor.py:830} INFO - Processing file /home/airflow/.local/lib/python3.12/site-packages/airflow/example_dags/example_sensor_decorator.py for tasks to queue
[2026-05-07T23:53:22.527+0000] {logging_mixin.py:188} INFO - [2026-05-07T23:53:22.527+0000] {dagbag.py:545} INFO - Filling up the DagBag from /home/airflow/.local/lib/python3.12/site-packages/airflow/example_dags/example_sensor_decorator.py
[2026-05-07T23:53:22.534+0000] {processor.py:840} INFO - DAG(s) 'example_sensor_decorator' retrieved from /home/airflow/.local/lib/python3.12/site-packages/airflow/example_dags/example_sensor_decorator.py
[2026-05-07T23:53:22.552+0000] {logging_mixin.py:188} INFO - [2026-05-07T23:53:22.552+0000] {dag.py:3096} INFO - Sync 1 DAGs
[2026-05-07T23:53:22.562+0000] {logging_mixin.py:188} INFO - [2026-05-07T23:53:22.562+0000] {dag.py:3954} INFO - Setting next_dagrun for example_sensor_decorator to None, run_after=None
[2026-05-07T23:53:22.578+0000] {processor.py:183} INFO - Processing /home/airflow/.local/lib/python3.12/site-packages/airflow/example_dags/example_sensor_decorator.py took 0.061 seconds
[2026-05-07T23:53:52.767+0000] {processor.py:161} INFO - Started process (PID=11554) to work on /home/airflow/.local/lib/python3.12/site-packages/airflow/example_dags/example_sensor_decorator.py
[2026-05-07T23:53:52.768+0000] {processor.py:830} INFO - Processing file /home/airflow/.local/lib/python3.12/site-packages/airflow/example_dags/example_sensor_decorator.py for tasks to queue
[2026-05-07T23:53:52.771+0000] {logging_mixin.py:188} INFO - [2026-05-07T23:53:52.770+0000] {dagbag.py:545} INFO - Filling up the DagBag from /home/airflow/.local/lib/python3.12/site-packages/airflow/example_dags/example_sensor_decorator.py
[2026-05-07T23:53:52.782+0000] {processor.py:840} INFO - DAG(s) 'example_sensor_decorator' retrieved from /home/airflow/.local/lib/python3.12/site-packages/airflow/example_dags/example_sensor_decorator.py
[2026-05-07T23:53:52.805+0000] {logging_mixin.py:188} INFO - [2026-05-07T23:53:52.804+0000] {dag.py:3096} INFO - Sync 1 DAGs
[2026-05-07T23:53:52.821+0000] {logging_mixin.py:188} INFO - [2026-05-07T23:53:52.820+0000] {dag.py:3954} INFO - Setting next_dagrun for example_sensor_decorator to None, run_after=None
[2026-05-07T23:53:52.845+0000] {processor.py:183} INFO - Processing /home/airflow/.local/lib/python3.12/site-packages/airflow/example_dags/example_sensor_decorator.py took 0.087 seconds
[2026-05-07T23:54:22.979+0000] {processor.py:161} INFO - Started process (PID=11612) to work on /home/airflow/.local/lib/python3.12/site-packages/airflow/example_dags/example_sensor_decorator.py
[2026-05-07T23:54:22.980+0000] {processor.py:830} INFO - Processing file /home/airflow/.local/lib/python3.12/site-packages/airflow/example_dags/example_sensor_decorator.py for tasks to queue
[2026-05-07T23:54:22.982+0000] {logging_mixin.py:188} INFO - [2026-05-07T23:54:22.982+0000] {dagbag.py:545} INFO - Filling up the DagBag from /home/airflow/.local/lib/python3.12/site-packages/airflow/example_dags/example_sensor_decorator.py
[2026-05-07T23:54:22.989+0000] {processor.py:840} INFO - DAG(s) 'example_sensor_decorator' retrieved from /home/airflow/.local/lib/python3.12/site-packages/airflow/example_dags/example_sensor_decorator.py
[2026-05-07T23:54:23.006+0000] {logging_mixin.py:188} INFO - [2026-05-07T23:54:23.006+0000] {dag.py:3096} INFO - Sync 1 DAGs
[2026-05-07T23:54:23.016+0000] {logging_mixin.py:188} INFO - [2026-05-07T23:54:23.016+0000] {dag.py:3954} INFO - Setting next_dagrun for example_sensor_decorator to None, run_after=None
[2026-05-07T23:54:23.034+0000] {processor.py:183} INFO - Processing /home/airflow/.local/lib/python3.12/site-packages/airflow/example_dags/example_sensor_decorator.py took 0.062 seconds
[2026-05-07T23:54:53.278+0000] {processor.py:161} INFO - Started process (PID=11670) to work on /home/airflow/.local/lib/python3.12/site-packages/airflow/example_dags/example_sensor_decorator.py
[2026-05-07T23:54:53.280+0000] {processor.py:830} INFO - Processing file /home/airflow/.local/lib/python3.12/site-packages/airflow/example_dags/example_sensor_decorator.py for tasks to queue
[2026-05-07T23:54:53.282+0000] {logging_mixin.py:188} INFO - [2026-05-07T23:54:53.282+0000] {dagbag.py:545} INFO - Filling up the DagBag from /home/airflow/.local/lib/python3.12/site-packages/airflow/example_dags/example_sensor_decorator.py
[2026-05-07T23:54:53.288+0000] {processor.py:840} INFO - DAG(s) 'example_sensor_decorator' retrieved from /home/airflow/.local/lib/python3.12/site-packages/airflow/example_dags/example_sensor_decorator.py
[2026-05-07T23:54:53.305+0000] {logging_mixin.py:188} INFO - [2026-05-07T23:54:53.305+0000] {dag.py:3096} INFO - Sync 1 DAGs
[2026-05-07T23:54:53.317+0000] {logging_mixin.py:188} INFO - [2026-05-07T23:54:53.317+0000] {dag.py:3954} INFO - Setting next_dagrun for example_sensor_decorator to None, run_after=None
[2026-05-07T23:54:53.332+0000] {processor.py:183} INFO - Processing /home/airflow/.local/lib/python3.12/site-packages/airflow/example_dags/example_sensor_decorator.py took 0.059 seconds
[2026-05-07T23:55:23.626+0000] {processor.py:161} INFO - Started process (PID=11725) to work on /home/airflow/.local/lib/python3.12/site-packages/airflow/example_dags/example_sensor_decorator.py
[2026-05-07T23:55:23.627+0000] {processor.py:830} INFO - Processing file /home/airflow/.local/lib/python3.12/site-packages/airflow/example_dags/example_sensor_decorator.py for tasks to queue
[2026-05-07T23:55:23.630+0000] {logging_mixin.py:188} INFO - [2026-05-07T23:55:23.630+0000] {dagbag.py:545} INFO - Filling up the DagBag from /home/airflow/.local/lib/python3.12/site-packages/airflow/example_dags/example_sensor_decorator.py
[2026-05-07T23:55:23.638+0000] {processor.py:840} INFO - DAG(s) 'example_sensor_decorator' retrieved from /home/airflow/.local/lib/python3.12/site-packages/airflow/example_dags/example_sensor_decorator.py
[2026-05-07T23:55:23.657+0000] {logging_mixin.py:188} INFO - [2026-05-07T23:55:23.657+0000] {dag.py:3096} INFO - Sync 1 DAGs
[2026-05-07T23:55:23.668+0000] {logging_mixin.py:188} INFO - [2026-05-07T23:55:23.668+0000] {dag.py:3954} INFO - Setting next_dagrun for example_sensor_decorator to None, run_after=None
[2026-05-07T23:55:23.689+0000] {processor.py:183} INFO - Processing /home/airflow/.local/lib/python3.12/site-packages/airflow/example_dags/example_sensor_decorator.py took 0.069 seconds
[2026-05-07T23:55:53.782+0000] {processor.py:161} INFO - Started process (PID=11783) to work on /home/airflow/.local/lib/python3.12/site-packages/airflow/example_dags/example_sensor_decorator.py
[2026-05-07T23:55:53.783+0000] {processor.py:830} INFO - Processing file /home/airflow/.local/lib/python3.12/site-packages/airflow/example_dags/example_sensor_decorator.py for tasks to queue
[2026-05-07T23:55:53.785+0000] {logging_mixin.py:188} INFO - [2026-05-07T23:55:53.785+0000] {dagbag.py:545} INFO - Filling up the DagBag from /home/airflow/.local/lib/python3.12/site-packages/airflow/example_dags/example_sensor_decorator.py
[2026-05-07T23:55:53.791+0000] {processor.py:840} INFO - DAG(s) 'example_sensor_decorator' retrieved from /home/airflow/.local/lib/python3.12/site-packages/airflow/example_dags/example_sensor_decorator.py
[2026-05-07T23:55:53.808+0000] {logging_mixin.py:188} INFO - [2026-05-07T23:55:53.808+0000] {dag.py:3096} INFO - Sync 1 DAGs
[2026-05-07T23:55:53.819+0000] {logging_mixin.py:188} INFO - [2026-05-07T23:55:53.818+0000] {dag.py:3954} INFO - Setting next_dagrun for example_sensor_decorator to None, run_after=None
[2026-05-07T23:55:53.836+0000] {processor.py:183} INFO - Processing /home/airflow/.local/lib/python3.12/site-packages/airflow/example_dags/example_sensor_decorator.py took 0.059 seconds
[2026-05-07T23:56:23.989+0000] {processor.py:161} INFO - Started process (PID=11841) to work on /home/airflow/.local/lib/python3.12/site-packages/airflow/example_dags/example_sensor_decorator.py
[2026-05-07T23:56:23.990+0000] {processor.py:830} INFO - Processing file /home/airflow/.local/lib/python3.12/site-packages/airflow/example_dags/example_sensor_decorator.py for tasks to queue
[2026-05-07T23:56:23.992+0000] {logging_mixin.py:188} INFO - [2026-05-07T23:56:23.992+0000] {dagbag.py:545} INFO - Filling up the DagBag from /home/airflow/.local/lib/python3.12/site-packages/airflow/example_dags/example_sensor_decorator.py
[2026-05-07T23:56:23.999+0000] {processor.py:840} INFO - DAG(s) 'example_sensor_decorator' retrieved from /home/airflow/.local/lib/python3.12/site-packages/airflow/example_dags/example_sensor_decorator.py
[2026-05-07T23:56:24.018+0000] {logging_mixin.py:188} INFO - [2026-05-07T23:56:24.018+0000] {dag.py:3096} INFO - Sync 1 DAGs
[2026-05-07T23:56:24.030+0000] {logging_mixin.py:188} INFO - [2026-05-07T23:56:24.029+0000] {dag.py:3954} INFO - Setting next_dagrun for example_sensor_decorator to None, run_after=None
[2026-05-07T23:56:24.046+0000] {processor.py:183} INFO - Processing /home/airflow/.local/lib/python3.12/site-packages/airflow/example_dags/example_sensor_decorator.py took 0.063 seconds
[2026-05-07T23:56:54.228+0000] {processor.py:161} INFO - Started process (PID=11899) to work on /home/airflow/.local/lib/python3.12/site-packages/airflow/example_dags/example_sensor_decorator.py
[2026-05-07T23:56:54.229+0000] {processor.py:830} INFO - Processing file /home/airflow/.local/lib/python3.12/site-packages/airflow/example_dags/example_sensor_decorator.py for tasks to queue
[2026-05-07T23:56:54.232+0000] {logging_mixin.py:188} INFO - [2026-05-07T23:56:54.231+0000] {dagbag.py:545} INFO - Filling up the DagBag from /home/airflow/.local/lib/python3.12/site-packages/airflow/example_dags/example_sensor_decorator.py
[2026-05-07T23:56:54.238+0000] {processor.py:840} INFO - DAG(s) 'example_sensor_decorator' retrieved from /home/airflow/.local/lib/python3.12/site-packages/airflow/example_dags/example_sensor_decorator.py
[2026-05-07T23:56:54.256+0000] {logging_mixin.py:188} INFO - [2026-05-07T23:56:54.255+0000] {dag.py:3096} INFO - Sync 1 DAGs
[2026-05-07T23:56:54.266+0000] {logging_mixin.py:188} INFO - [2026-05-07T23:56:54.266+0000] {dag.py:3954} INFO - Setting next_dagrun for example_sensor_decorator to None, run_after=None
[2026-05-07T23:56:54.282+0000] {processor.py:183} INFO - Processing /home/airflow/.local/lib/python3.12/site-packages/airflow/example_dags/example_sensor_decorator.py took 0.061 seconds
[2026-05-07T23:57:24.623+0000] {processor.py:161} INFO - Started process (PID=11957) to work on /home/airflow/.local/lib/python3.12/site-packages/airflow/example_dags/example_sensor_decorator.py
[2026-05-07T23:57:24.624+0000] {processor.py:830} INFO - Processing file /home/airflow/.local/lib/python3.12/site-packages/airflow/example_dags/example_sensor_decorator.py for tasks to queue
[2026-05-07T23:57:24.626+0000] {logging_mixin.py:188} INFO - [2026-05-07T23:57:24.626+0000] {dagbag.py:545} INFO - Filling up the DagBag from /home/airflow/.local/lib/python3.12/site-packages/airflow/example_dags/example_sensor_decorator.py
[2026-05-07T23:57:24.632+0000] {processor.py:840} INFO - DAG(s) 'example_sensor_decorator' retrieved from /home/airflow/.local/lib/python3.12/site-packages/airflow/example_dags/example_sensor_decorator.py
[2026-05-07T23:57:24.650+0000] {logging_mixin.py:188} INFO - [2026-05-07T23:57:24.649+0000] {dag.py:3096} INFO - Sync 1 DAGs
[2026-05-07T23:57:24.660+0000] {logging_mixin.py:188} INFO - [2026-05-07T23:57:24.660+0000] {dag.py:3954} INFO - Setting next_dagrun for example_sensor_decorator to None, run_after=None
[2026-05-07T23:57:24.676+0000] {processor.py:183} INFO - Processing /home/airflow/.local/lib/python3.12/site-packages/airflow/example_dags/example_sensor_decorator.py took 0.060 seconds
[2026-05-07T23:57:54.745+0000] {processor.py:161} INFO - Started process (PID=12015) to work on /home/airflow/.local/lib/python3.12/site-packages/airflow/example_dags/example_sensor_decorator.py
[2026-05-07T23:57:54.746+0000] {processor.py:830} INFO - Processing file /home/airflow/.local/lib/python3.12/site-packages/airflow/example_dags/example_sensor_decorator.py for tasks to queue
[2026-05-07T23:57:54.748+0000] {logging_mixin.py:188} INFO - [2026-05-07T23:57:54.748+0000] {dagbag.py:545} INFO - Filling up the DagBag from /home/airflow/.local/lib/python3.12/site-packages/airflow/example_dags/example_sensor_decorator.py
[2026-05-07T23:57:54.754+0000] {processor.py:840} INFO - DAG(s) 'example_sensor_decorator' retrieved from /home/airflow/.local/lib/python3.12/site-packages/airflow/example_dags/example_sensor_decorator.py
[2026-05-07T23:57:54.772+0000] {logging_mixin.py:188} INFO - [2026-05-07T23:57:54.772+0000] {dag.py:3096} INFO - Sync 1 DAGs
[2026-05-07T23:57:54.782+0000] {logging_mixin.py:188} INFO - [2026-05-07T23:57:54.782+0000] {dag.py:3954} INFO - Setting next_dagrun for example_sensor_decorator to None, run_after=None
[2026-05-07T23:57:54.798+0000] {processor.py:183} INFO - Processing /home/airflow/.local/lib/python3.12/site-packages/airflow/example_dags/example_sensor_decorator.py took 0.059 seconds
[2026-05-07T23:58:25.167+0000] {processor.py:161} INFO - Started process (PID=12073) to work on /home/airflow/.local/lib/python3.12/site-packages/airflow/example_dags/example_sensor_decorator.py
[2026-05-07T23:58:25.168+0000] {processor.py:830} INFO - Processing file /home/airflow/.local/lib/python3.12/site-packages/airflow/example_dags/example_sensor_decorator.py for tasks to queue
[2026-05-07T23:58:25.170+0000] {logging_mixin.py:188} INFO - [2026-05-07T23:58:25.170+0000] {dagbag.py:545} INFO - Filling up the DagBag from /home/airflow/.local/lib/python3.12/site-packages/airflow/example_dags/example_sensor_decorator.py
[2026-05-07T23:58:25.176+0000] {processor.py:840} INFO - DAG(s) 'example_sensor_decorator' retrieved from /home/airflow/.local/lib/python3.12/site-packages/airflow/example_dags/example_sensor_decorator.py
[2026-05-07T23:58:25.192+0000] {logging_mixin.py:188} INFO - [2026-05-07T23:58:25.192+0000] {dag.py:3096} INFO - Sync 1 DAGs
[2026-05-07T23:58:25.203+0000] {logging_mixin.py:188} INFO - [2026-05-07T23:58:25.203+0000] {dag.py:3954} INFO - Setting next_dagrun for example_sensor_decorator to None, run_after=None
[2026-05-07T23:58:25.218+0000] {processor.py:183} INFO - Processing /home/airflow/.local/lib/python3.12/site-packages/airflow/example_dags/example_sensor_decorator.py took 0.057 seconds
[2026-05-07T23:58:55.422+0000] {processor.py:161} INFO - Started process (PID=12131) to work on /home/airflow/.local/lib/python3.12/site-packages/airflow/example_dags/example_sensor_decorator.py
[2026-05-07T23:58:55.423+0000] {processor.py:830} INFO - Processing file /home/airflow/.local/lib/python3.12/site-packages/airflow/example_dags/example_sensor_decorator.py for tasks to queue
[2026-05-07T23:58:55.426+0000] {logging_mixin.py:188} INFO - [2026-05-07T23:58:55.426+0000] {dagbag.py:545} INFO - Filling up the DagBag from /home/airflow/.local/lib/python3.12/site-packages/airflow/example_dags/example_sensor_decorator.py
[2026-05-07T23:58:55.434+0000] {processor.py:840} INFO - DAG(s) 'example_sensor_decorator' retrieved from /home/airflow/.local/lib/python3.12/site-packages/airflow/example_dags/example_sensor_decorator.py
[2026-05-07T23:58:55.451+0000] {logging_mixin.py:188} INFO - [2026-05-07T23:58:55.451+0000] {dag.py:3096} INFO - Sync 1 DAGs
[2026-05-07T23:58:55.462+0000] {logging_mixin.py:188} INFO - [2026-05-07T23:58:55.461+0000] {dag.py:3954} INFO - Setting next_dagrun for example_sensor_decorator to None, run_after=None
[2026-05-07T23:58:55.478+0000] {processor.py:183} INFO - Processing /home/airflow/.local/lib/python3.12/site-packages/airflow/example_dags/example_sensor_decorator.py took 0.063 seconds
[2026-05-07T23:59:25.575+0000] {processor.py:161} INFO - Started process (PID=12189) to work on /home/airflow/.local/lib/python3.12/site-packages/airflow/example_dags/example_sensor_decorator.py
[2026-05-07T23:59:25.576+0000] {processor.py:830} INFO - Processing file /home/airflow/.local/lib/python3.12/site-packages/airflow/example_dags/example_sensor_decorator.py for tasks to queue
[2026-05-07T23:59:25.579+0000] {logging_mixin.py:188} INFO - [2026-05-07T23:59:25.578+0000] {dagbag.py:545} INFO - Filling up the DagBag from /home/airflow/.local/lib/python3.12/site-packages/airflow/example_dags/example_sensor_decorator.py
[2026-05-07T23:59:25.584+0000] {processor.py:840} INFO - DAG(s) 'example_sensor_decorator' retrieved from /home/airflow/.local/lib/python3.12/site-packages/airflow/example_dags/example_sensor_decorator.py
[2026-05-07T23:59:25.602+0000] {logging_mixin.py:188} INFO - [2026-05-07T23:59:25.602+0000] {dag.py:3096} INFO - Sync 1 DAGs
[2026-05-07T23:59:25.613+0000] {logging_mixin.py:188} INFO - [2026-05-07T23:59:25.613+0000] {dag.py:3954} INFO - Setting next_dagrun for example_sensor_decorator to None, run_after=None
[2026-05-07T23:59:25.630+0000] {processor.py:183} INFO - Processing /home/airflow/.local/lib/python3.12/site-packages/airflow/example_dags/example_sensor_decorator.py took 0.061 seconds
[2026-05-07T23:59:55.835+0000] {processor.py:161} INFO - Started process (PID=12247) to work on /home/airflow/.local/lib/python3.12/site-packages/airflow/example_dags/example_sensor_decorator.py
[2026-05-07T23:59:55.837+0000] {processor.py:830} INFO - Processing file /home/airflow/.local/lib/python3.12/site-packages/airflow/example_dags/example_sensor_decorator.py for tasks to queue
[2026-05-07T23:59:55.839+0000] {logging_mixin.py:188} INFO - [2026-05-07T23:59:55.839+0000] {dagbag.py:545} INFO - Filling up the DagBag from /home/airflow/.local/lib/python3.12/site-packages/airflow/example_dags/example_sensor_decorator.py
[2026-05-07T23:59:55.845+0000] {processor.py:840} INFO - DAG(s) 'example_sensor_decorator' retrieved from /home/airflow/.local/lib/python3.12/site-packages/airflow/example_dags/example_sensor_decorator.py
[2026-05-07T23:59:55.863+0000] {logging_mixin.py:188} INFO - [2026-05-07T23:59:55.863+0000] {dag.py:3096} INFO - Sync 1 DAGs
[2026-05-07T23:59:55.873+0000] {logging_mixin.py:188} INFO - [2026-05-07T23:59:55.873+0000] {dag.py:3954} INFO - Setting next_dagrun for example_sensor_decorator to None, run_after=None
[2026-05-07T23:59:55.889+0000] {processor.py:183} INFO - Processing /home/airflow/.local/lib/python3.12/site-packages/airflow/example_dags/example_sensor_decorator.py took 0.060 seconds
