[2026-05-07T20:16:56.974+0000] {processor.py:161} INFO - Started process (PID=75) to work on /home/airflow/.local/lib/python3.12/site-packages/airflow/example_dags/example_trigger_controller_dag.py
[2026-05-07T20:16:56.981+0000] {processor.py:830} INFO - Processing file /home/airflow/.local/lib/python3.12/site-packages/airflow/example_dags/example_trigger_controller_dag.py for tasks to queue
[2026-05-07T20:16:56.995+0000] {logging_mixin.py:188} INFO - [2026-05-07T20:16:56.993+0000] {dagbag.py:545} INFO - Filling up the DagBag from /home/airflow/.local/lib/python3.12/site-packages/airflow/example_dags/example_trigger_controller_dag.py
[2026-05-07T20:16:57.048+0000] {processor.py:840} INFO - DAG(s) 'example_trigger_controller_dag' retrieved from /home/airflow/.local/lib/python3.12/site-packages/airflow/example_dags/example_trigger_controller_dag.py
[2026-05-07T20:16:57.494+0000] {logging_mixin.py:188} INFO - [2026-05-07T20:16:57.493+0000] {dag.py:3096} INFO - Sync 1 DAGs
[2026-05-07T20:16:57.573+0000] {logging_mixin.py:188} INFO - [2026-05-07T20:16:57.573+0000] {dag.py:3954} INFO - Setting next_dagrun for example_trigger_controller_dag to 2021-01-01 00:00:00+00:00, run_after=2021-01-01 00:00:00+00:00
[2026-05-07T20:16:57.630+0000] {processor.py:183} INFO - Processing /home/airflow/.local/lib/python3.12/site-packages/airflow/example_dags/example_trigger_controller_dag.py took 0.704 seconds
[2026-05-07T20:17:28.584+0000] {processor.py:161} INFO - Started process (PID=133) to work on /home/airflow/.local/lib/python3.12/site-packages/airflow/example_dags/example_trigger_controller_dag.py
[2026-05-07T20:17:28.586+0000] {processor.py:830} INFO - Processing file /home/airflow/.local/lib/python3.12/site-packages/airflow/example_dags/example_trigger_controller_dag.py for tasks to queue
[2026-05-07T20:17:28.590+0000] {logging_mixin.py:188} INFO - [2026-05-07T20:17:28.589+0000] {dagbag.py:545} INFO - Filling up the DagBag from /home/airflow/.local/lib/python3.12/site-packages/airflow/example_dags/example_trigger_controller_dag.py
[2026-05-07T20:17:28.596+0000] {processor.py:840} INFO - DAG(s) 'example_trigger_controller_dag' retrieved from /home/airflow/.local/lib/python3.12/site-packages/airflow/example_dags/example_trigger_controller_dag.py
[2026-05-07T20:17:28.622+0000] {logging_mixin.py:188} INFO - [2026-05-07T20:17:28.622+0000] {dag.py:3096} INFO - Sync 1 DAGs
[2026-05-07T20:17:28.647+0000] {logging_mixin.py:188} INFO - [2026-05-07T20:17:28.647+0000] {dag.py:3954} INFO - Setting next_dagrun for example_trigger_controller_dag to 2021-01-01 00:00:00+00:00, run_after=2021-01-01 00:00:00+00:00
[2026-05-07T20:17:28.670+0000] {processor.py:183} INFO - Processing /home/airflow/.local/lib/python3.12/site-packages/airflow/example_dags/example_trigger_controller_dag.py took 0.097 seconds
[2026-05-07T20:17:59.001+0000] {processor.py:161} INFO - Started process (PID=191) to work on /home/airflow/.local/lib/python3.12/site-packages/airflow/example_dags/example_trigger_controller_dag.py
[2026-05-07T20:17:59.004+0000] {processor.py:830} INFO - Processing file /home/airflow/.local/lib/python3.12/site-packages/airflow/example_dags/example_trigger_controller_dag.py for tasks to queue
[2026-05-07T20:17:59.009+0000] {logging_mixin.py:188} INFO - [2026-05-07T20:17:59.008+0000] {dagbag.py:545} INFO - Filling up the DagBag from /home/airflow/.local/lib/python3.12/site-packages/airflow/example_dags/example_trigger_controller_dag.py
[2026-05-07T20:17:59.018+0000] {processor.py:840} INFO - DAG(s) 'example_trigger_controller_dag' retrieved from /home/airflow/.local/lib/python3.12/site-packages/airflow/example_dags/example_trigger_controller_dag.py
[2026-05-07T20:17:59.064+0000] {logging_mixin.py:188} INFO - [2026-05-07T20:17:59.064+0000] {dag.py:3096} INFO - Sync 1 DAGs
[2026-05-07T20:17:59.103+0000] {logging_mixin.py:188} INFO - [2026-05-07T20:17:59.103+0000] {dag.py:3954} INFO - Setting next_dagrun for example_trigger_controller_dag to 2021-01-01 00:00:00+00:00, run_after=2021-01-01 00:00:00+00:00
[2026-05-07T20:17:59.146+0000] {processor.py:183} INFO - Processing /home/airflow/.local/lib/python3.12/site-packages/airflow/example_dags/example_trigger_controller_dag.py took 0.157 seconds
[2026-05-07T20:18:29.750+0000] {processor.py:161} INFO - Started process (PID=249) to work on /home/airflow/.local/lib/python3.12/site-packages/airflow/example_dags/example_trigger_controller_dag.py
[2026-05-07T20:18:29.751+0000] {processor.py:830} INFO - Processing file /home/airflow/.local/lib/python3.12/site-packages/airflow/example_dags/example_trigger_controller_dag.py for tasks to queue
[2026-05-07T20:18:29.755+0000] {logging_mixin.py:188} INFO - [2026-05-07T20:18:29.754+0000] {dagbag.py:545} INFO - Filling up the DagBag from /home/airflow/.local/lib/python3.12/site-packages/airflow/example_dags/example_trigger_controller_dag.py
[2026-05-07T20:18:29.762+0000] {processor.py:840} INFO - DAG(s) 'example_trigger_controller_dag' retrieved from /home/airflow/.local/lib/python3.12/site-packages/airflow/example_dags/example_trigger_controller_dag.py
[2026-05-07T20:18:29.792+0000] {logging_mixin.py:188} INFO - [2026-05-07T20:18:29.791+0000] {dag.py:3096} INFO - Sync 1 DAGs
[2026-05-07T20:18:29.822+0000] {logging_mixin.py:188} INFO - [2026-05-07T20:18:29.821+0000] {dag.py:3954} INFO - Setting next_dagrun for example_trigger_controller_dag to 2021-01-01 00:00:00+00:00, run_after=2021-01-01 00:00:00+00:00
[2026-05-07T20:18:29.846+0000] {processor.py:183} INFO - Processing /home/airflow/.local/lib/python3.12/site-packages/airflow/example_dags/example_trigger_controller_dag.py took 0.105 seconds
[2026-05-07T20:18:59.914+0000] {processor.py:161} INFO - Started process (PID=307) to work on /home/airflow/.local/lib/python3.12/site-packages/airflow/example_dags/example_trigger_controller_dag.py
[2026-05-07T20:18:59.915+0000] {processor.py:830} INFO - Processing file /home/airflow/.local/lib/python3.12/site-packages/airflow/example_dags/example_trigger_controller_dag.py for tasks to queue
[2026-05-07T20:18:59.918+0000] {logging_mixin.py:188} INFO - [2026-05-07T20:18:59.917+0000] {dagbag.py:545} INFO - Filling up the DagBag from /home/airflow/.local/lib/python3.12/site-packages/airflow/example_dags/example_trigger_controller_dag.py
[2026-05-07T20:18:59.923+0000] {processor.py:840} INFO - DAG(s) 'example_trigger_controller_dag' retrieved from /home/airflow/.local/lib/python3.12/site-packages/airflow/example_dags/example_trigger_controller_dag.py
[2026-05-07T20:18:59.945+0000] {logging_mixin.py:188} INFO - [2026-05-07T20:18:59.945+0000] {dag.py:3096} INFO - Sync 1 DAGs
[2026-05-07T20:18:59.966+0000] {logging_mixin.py:188} INFO - [2026-05-07T20:18:59.966+0000] {dag.py:3954} INFO - Setting next_dagrun for example_trigger_controller_dag to 2021-01-01 00:00:00+00:00, run_after=2021-01-01 00:00:00+00:00
[2026-05-07T20:18:59.991+0000] {processor.py:183} INFO - Processing /home/airflow/.local/lib/python3.12/site-packages/airflow/example_dags/example_trigger_controller_dag.py took 0.083 seconds
[2026-05-07T20:19:30.669+0000] {processor.py:161} INFO - Started process (PID=365) to work on /home/airflow/.local/lib/python3.12/site-packages/airflow/example_dags/example_trigger_controller_dag.py
[2026-05-07T20:19:30.672+0000] {processor.py:830} INFO - Processing file /home/airflow/.local/lib/python3.12/site-packages/airflow/example_dags/example_trigger_controller_dag.py for tasks to queue
[2026-05-07T20:19:30.677+0000] {logging_mixin.py:188} INFO - [2026-05-07T20:19:30.676+0000] {dagbag.py:545} INFO - Filling up the DagBag from /home/airflow/.local/lib/python3.12/site-packages/airflow/example_dags/example_trigger_controller_dag.py
[2026-05-07T20:19:30.687+0000] {processor.py:840} INFO - DAG(s) 'example_trigger_controller_dag' retrieved from /home/airflow/.local/lib/python3.12/site-packages/airflow/example_dags/example_trigger_controller_dag.py
[2026-05-07T20:19:30.738+0000] {logging_mixin.py:188} INFO - [2026-05-07T20:19:30.738+0000] {dag.py:3096} INFO - Sync 1 DAGs
[2026-05-07T20:19:30.761+0000] {logging_mixin.py:188} INFO - [2026-05-07T20:19:30.761+0000] {dag.py:3954} INFO - Setting next_dagrun for example_trigger_controller_dag to 2021-01-01 00:00:00+00:00, run_after=2021-01-01 00:00:00+00:00
[2026-05-07T20:19:30.782+0000] {processor.py:183} INFO - Processing /home/airflow/.local/lib/python3.12/site-packages/airflow/example_dags/example_trigger_controller_dag.py took 0.122 seconds
[2026-05-07T20:20:00.982+0000] {processor.py:161} INFO - Started process (PID=423) to work on /home/airflow/.local/lib/python3.12/site-packages/airflow/example_dags/example_trigger_controller_dag.py
[2026-05-07T20:20:00.984+0000] {processor.py:830} INFO - Processing file /home/airflow/.local/lib/python3.12/site-packages/airflow/example_dags/example_trigger_controller_dag.py for tasks to queue
[2026-05-07T20:20:00.987+0000] {logging_mixin.py:188} INFO - [2026-05-07T20:20:00.986+0000] {dagbag.py:545} INFO - Filling up the DagBag from /home/airflow/.local/lib/python3.12/site-packages/airflow/example_dags/example_trigger_controller_dag.py
[2026-05-07T20:20:00.993+0000] {processor.py:840} INFO - DAG(s) 'example_trigger_controller_dag' retrieved from /home/airflow/.local/lib/python3.12/site-packages/airflow/example_dags/example_trigger_controller_dag.py
[2026-05-07T20:20:01.020+0000] {logging_mixin.py:188} INFO - [2026-05-07T20:20:01.019+0000] {dag.py:3096} INFO - Sync 1 DAGs
[2026-05-07T20:20:01.045+0000] {logging_mixin.py:188} INFO - [2026-05-07T20:20:01.044+0000] {dag.py:3954} INFO - Setting next_dagrun for example_trigger_controller_dag to 2021-01-01 00:00:00+00:00, run_after=2021-01-01 00:00:00+00:00
[2026-05-07T20:20:01.144+0000] {processor.py:183} INFO - Processing /home/airflow/.local/lib/python3.12/site-packages/airflow/example_dags/example_trigger_controller_dag.py took 0.168 seconds
[2026-05-07T20:20:31.275+0000] {processor.py:161} INFO - Started process (PID=481) to work on /home/airflow/.local/lib/python3.12/site-packages/airflow/example_dags/example_trigger_controller_dag.py
[2026-05-07T20:20:31.276+0000] {processor.py:830} INFO - Processing file /home/airflow/.local/lib/python3.12/site-packages/airflow/example_dags/example_trigger_controller_dag.py for tasks to queue
[2026-05-07T20:20:31.279+0000] {logging_mixin.py:188} INFO - [2026-05-07T20:20:31.278+0000] {dagbag.py:545} INFO - Filling up the DagBag from /home/airflow/.local/lib/python3.12/site-packages/airflow/example_dags/example_trigger_controller_dag.py
[2026-05-07T20:20:31.286+0000] {processor.py:840} INFO - DAG(s) 'example_trigger_controller_dag' retrieved from /home/airflow/.local/lib/python3.12/site-packages/airflow/example_dags/example_trigger_controller_dag.py
[2026-05-07T20:20:31.324+0000] {logging_mixin.py:188} INFO - [2026-05-07T20:20:31.323+0000] {dag.py:3096} INFO - Sync 1 DAGs
[2026-05-07T20:20:31.360+0000] {logging_mixin.py:188} INFO - [2026-05-07T20:20:31.360+0000] {dag.py:3954} INFO - Setting next_dagrun for example_trigger_controller_dag to 2021-01-01 00:00:00+00:00, run_after=2021-01-01 00:00:00+00:00
[2026-05-07T20:20:31.392+0000] {processor.py:183} INFO - Processing /home/airflow/.local/lib/python3.12/site-packages/airflow/example_dags/example_trigger_controller_dag.py took 0.124 seconds
[2026-05-07T20:21:01.570+0000] {processor.py:161} INFO - Started process (PID=539) to work on /home/airflow/.local/lib/python3.12/site-packages/airflow/example_dags/example_trigger_controller_dag.py
[2026-05-07T20:21:01.571+0000] {processor.py:830} INFO - Processing file /home/airflow/.local/lib/python3.12/site-packages/airflow/example_dags/example_trigger_controller_dag.py for tasks to queue
[2026-05-07T20:21:01.574+0000] {logging_mixin.py:188} INFO - [2026-05-07T20:21:01.574+0000] {dagbag.py:545} INFO - Filling up the DagBag from /home/airflow/.local/lib/python3.12/site-packages/airflow/example_dags/example_trigger_controller_dag.py
[2026-05-07T20:21:01.580+0000] {processor.py:840} INFO - DAG(s) 'example_trigger_controller_dag' retrieved from /home/airflow/.local/lib/python3.12/site-packages/airflow/example_dags/example_trigger_controller_dag.py
[2026-05-07T20:21:01.603+0000] {logging_mixin.py:188} INFO - [2026-05-07T20:21:01.603+0000] {dag.py:3096} INFO - Sync 1 DAGs
[2026-05-07T20:21:01.626+0000] {logging_mixin.py:188} INFO - [2026-05-07T20:21:01.626+0000] {dag.py:3954} INFO - Setting next_dagrun for example_trigger_controller_dag to 2021-01-01 00:00:00+00:00, run_after=2021-01-01 00:00:00+00:00
[2026-05-07T20:21:01.657+0000] {processor.py:183} INFO - Processing /home/airflow/.local/lib/python3.12/site-packages/airflow/example_dags/example_trigger_controller_dag.py took 0.093 seconds
[2026-05-07T20:21:32.074+0000] {processor.py:161} INFO - Started process (PID=597) to work on /home/airflow/.local/lib/python3.12/site-packages/airflow/example_dags/example_trigger_controller_dag.py
[2026-05-07T20:21:32.076+0000] {processor.py:830} INFO - Processing file /home/airflow/.local/lib/python3.12/site-packages/airflow/example_dags/example_trigger_controller_dag.py for tasks to queue
[2026-05-07T20:21:32.079+0000] {logging_mixin.py:188} INFO - [2026-05-07T20:21:32.079+0000] {dagbag.py:545} INFO - Filling up the DagBag from /home/airflow/.local/lib/python3.12/site-packages/airflow/example_dags/example_trigger_controller_dag.py
[2026-05-07T20:21:32.084+0000] {processor.py:840} INFO - DAG(s) 'example_trigger_controller_dag' retrieved from /home/airflow/.local/lib/python3.12/site-packages/airflow/example_dags/example_trigger_controller_dag.py
[2026-05-07T20:21:32.109+0000] {logging_mixin.py:188} INFO - [2026-05-07T20:21:32.108+0000] {dag.py:3096} INFO - Sync 1 DAGs
[2026-05-07T20:21:32.131+0000] {logging_mixin.py:188} INFO - [2026-05-07T20:21:32.130+0000] {dag.py:3954} INFO - Setting next_dagrun for example_trigger_controller_dag to 2021-01-01 00:00:00+00:00, run_after=2021-01-01 00:00:00+00:00
[2026-05-07T20:21:32.229+0000] {processor.py:183} INFO - Processing /home/airflow/.local/lib/python3.12/site-packages/airflow/example_dags/example_trigger_controller_dag.py took 0.161 seconds
[2026-05-07T20:22:03.201+0000] {processor.py:161} INFO - Started process (PID=655) to work on /home/airflow/.local/lib/python3.12/site-packages/airflow/example_dags/example_trigger_controller_dag.py
[2026-05-07T20:22:03.202+0000] {processor.py:830} INFO - Processing file /home/airflow/.local/lib/python3.12/site-packages/airflow/example_dags/example_trigger_controller_dag.py for tasks to queue
[2026-05-07T20:22:03.204+0000] {logging_mixin.py:188} INFO - [2026-05-07T20:22:03.204+0000] {dagbag.py:545} INFO - Filling up the DagBag from /home/airflow/.local/lib/python3.12/site-packages/airflow/example_dags/example_trigger_controller_dag.py
[2026-05-07T20:22:03.209+0000] {processor.py:840} INFO - DAG(s) 'example_trigger_controller_dag' retrieved from /home/airflow/.local/lib/python3.12/site-packages/airflow/example_dags/example_trigger_controller_dag.py
[2026-05-07T20:22:03.232+0000] {logging_mixin.py:188} INFO - [2026-05-07T20:22:03.231+0000] {dag.py:3096} INFO - Sync 1 DAGs
[2026-05-07T20:22:03.255+0000] {logging_mixin.py:188} INFO - [2026-05-07T20:22:03.254+0000] {dag.py:3954} INFO - Setting next_dagrun for example_trigger_controller_dag to 2021-01-01 00:00:00+00:00, run_after=2021-01-01 00:00:00+00:00
[2026-05-07T20:22:03.360+0000] {processor.py:183} INFO - Processing /home/airflow/.local/lib/python3.12/site-packages/airflow/example_dags/example_trigger_controller_dag.py took 0.164 seconds
[2026-05-07T20:22:33.528+0000] {processor.py:161} INFO - Started process (PID=714) to work on /home/airflow/.local/lib/python3.12/site-packages/airflow/example_dags/example_trigger_controller_dag.py
[2026-05-07T20:22:33.530+0000] {processor.py:830} INFO - Processing file /home/airflow/.local/lib/python3.12/site-packages/airflow/example_dags/example_trigger_controller_dag.py for tasks to queue
[2026-05-07T20:22:33.532+0000] {logging_mixin.py:188} INFO - [2026-05-07T20:22:33.532+0000] {dagbag.py:545} INFO - Filling up the DagBag from /home/airflow/.local/lib/python3.12/site-packages/airflow/example_dags/example_trigger_controller_dag.py
[2026-05-07T20:22:33.539+0000] {processor.py:840} INFO - DAG(s) 'example_trigger_controller_dag' retrieved from /home/airflow/.local/lib/python3.12/site-packages/airflow/example_dags/example_trigger_controller_dag.py
[2026-05-07T20:22:33.562+0000] {logging_mixin.py:188} INFO - [2026-05-07T20:22:33.562+0000] {dag.py:3096} INFO - Sync 1 DAGs
[2026-05-07T20:22:33.585+0000] {logging_mixin.py:188} INFO - [2026-05-07T20:22:33.584+0000] {dag.py:3954} INFO - Setting next_dagrun for example_trigger_controller_dag to 2021-01-01 00:00:00+00:00, run_after=2021-01-01 00:00:00+00:00
[2026-05-07T20:22:33.610+0000] {processor.py:183} INFO - Processing /home/airflow/.local/lib/python3.12/site-packages/airflow/example_dags/example_trigger_controller_dag.py took 0.086 seconds
[2026-05-07T20:23:04.056+0000] {processor.py:161} INFO - Started process (PID=772) to work on /home/airflow/.local/lib/python3.12/site-packages/airflow/example_dags/example_trigger_controller_dag.py
[2026-05-07T20:23:04.057+0000] {processor.py:830} INFO - Processing file /home/airflow/.local/lib/python3.12/site-packages/airflow/example_dags/example_trigger_controller_dag.py for tasks to queue
[2026-05-07T20:23:04.062+0000] {logging_mixin.py:188} INFO - [2026-05-07T20:23:04.062+0000] {dagbag.py:545} INFO - Filling up the DagBag from /home/airflow/.local/lib/python3.12/site-packages/airflow/example_dags/example_trigger_controller_dag.py
[2026-05-07T20:23:04.067+0000] {processor.py:840} INFO - DAG(s) 'example_trigger_controller_dag' retrieved from /home/airflow/.local/lib/python3.12/site-packages/airflow/example_dags/example_trigger_controller_dag.py
[2026-05-07T20:23:04.090+0000] {logging_mixin.py:188} INFO - [2026-05-07T20:23:04.090+0000] {dag.py:3096} INFO - Sync 1 DAGs
[2026-05-07T20:23:04.111+0000] {logging_mixin.py:188} INFO - [2026-05-07T20:23:04.110+0000] {dag.py:3954} INFO - Setting next_dagrun for example_trigger_controller_dag to 2021-01-01 00:00:00+00:00, run_after=2021-01-01 00:00:00+00:00
[2026-05-07T20:23:04.201+0000] {processor.py:183} INFO - Processing /home/airflow/.local/lib/python3.12/site-packages/airflow/example_dags/example_trigger_controller_dag.py took 0.150 seconds
[2026-05-07T20:23:34.524+0000] {processor.py:161} INFO - Started process (PID=831) to work on /home/airflow/.local/lib/python3.12/site-packages/airflow/example_dags/example_trigger_controller_dag.py
[2026-05-07T20:23:34.525+0000] {processor.py:830} INFO - Processing file /home/airflow/.local/lib/python3.12/site-packages/airflow/example_dags/example_trigger_controller_dag.py for tasks to queue
[2026-05-07T20:23:34.528+0000] {logging_mixin.py:188} INFO - [2026-05-07T20:23:34.528+0000] {dagbag.py:545} INFO - Filling up the DagBag from /home/airflow/.local/lib/python3.12/site-packages/airflow/example_dags/example_trigger_controller_dag.py
[2026-05-07T20:23:34.533+0000] {processor.py:840} INFO - DAG(s) 'example_trigger_controller_dag' retrieved from /home/airflow/.local/lib/python3.12/site-packages/airflow/example_dags/example_trigger_controller_dag.py
[2026-05-07T20:23:34.557+0000] {logging_mixin.py:188} INFO - [2026-05-07T20:23:34.557+0000] {dag.py:3096} INFO - Sync 1 DAGs
[2026-05-07T20:23:34.576+0000] {logging_mixin.py:188} INFO - [2026-05-07T20:23:34.576+0000] {dag.py:3954} INFO - Setting next_dagrun for example_trigger_controller_dag to 2021-01-01 00:00:00+00:00, run_after=2021-01-01 00:00:00+00:00
[2026-05-07T20:23:34.669+0000] {processor.py:183} INFO - Processing /home/airflow/.local/lib/python3.12/site-packages/airflow/example_dags/example_trigger_controller_dag.py took 0.151 seconds
[2026-05-07T20:24:04.929+0000] {processor.py:161} INFO - Started process (PID=889) to work on /home/airflow/.local/lib/python3.12/site-packages/airflow/example_dags/example_trigger_controller_dag.py
[2026-05-07T20:24:04.931+0000] {processor.py:830} INFO - Processing file /home/airflow/.local/lib/python3.12/site-packages/airflow/example_dags/example_trigger_controller_dag.py for tasks to queue
[2026-05-07T20:24:04.933+0000] {logging_mixin.py:188} INFO - [2026-05-07T20:24:04.933+0000] {dagbag.py:545} INFO - Filling up the DagBag from /home/airflow/.local/lib/python3.12/site-packages/airflow/example_dags/example_trigger_controller_dag.py
[2026-05-07T20:24:04.939+0000] {processor.py:840} INFO - DAG(s) 'example_trigger_controller_dag' retrieved from /home/airflow/.local/lib/python3.12/site-packages/airflow/example_dags/example_trigger_controller_dag.py
[2026-05-07T20:24:04.962+0000] {logging_mixin.py:188} INFO - [2026-05-07T20:24:04.962+0000] {dag.py:3096} INFO - Sync 1 DAGs
[2026-05-07T20:24:04.983+0000] {logging_mixin.py:188} INFO - [2026-05-07T20:24:04.983+0000] {dag.py:3954} INFO - Setting next_dagrun for example_trigger_controller_dag to 2021-01-01 00:00:00+00:00, run_after=2021-01-01 00:00:00+00:00
[2026-05-07T20:24:05.090+0000] {processor.py:183} INFO - Processing /home/airflow/.local/lib/python3.12/site-packages/airflow/example_dags/example_trigger_controller_dag.py took 0.166 seconds
[2026-05-07T20:24:35.264+0000] {processor.py:161} INFO - Started process (PID=947) to work on /home/airflow/.local/lib/python3.12/site-packages/airflow/example_dags/example_trigger_controller_dag.py
[2026-05-07T20:24:35.265+0000] {processor.py:830} INFO - Processing file /home/airflow/.local/lib/python3.12/site-packages/airflow/example_dags/example_trigger_controller_dag.py for tasks to queue
[2026-05-07T20:24:35.267+0000] {logging_mixin.py:188} INFO - [2026-05-07T20:24:35.267+0000] {dagbag.py:545} INFO - Filling up the DagBag from /home/airflow/.local/lib/python3.12/site-packages/airflow/example_dags/example_trigger_controller_dag.py
[2026-05-07T20:24:35.272+0000] {processor.py:840} INFO - DAG(s) 'example_trigger_controller_dag' retrieved from /home/airflow/.local/lib/python3.12/site-packages/airflow/example_dags/example_trigger_controller_dag.py
[2026-05-07T20:24:35.295+0000] {logging_mixin.py:188} INFO - [2026-05-07T20:24:35.294+0000] {dag.py:3096} INFO - Sync 1 DAGs
[2026-05-07T20:24:35.314+0000] {logging_mixin.py:188} INFO - [2026-05-07T20:24:35.314+0000] {dag.py:3954} INFO - Setting next_dagrun for example_trigger_controller_dag to 2021-01-01 00:00:00+00:00, run_after=2021-01-01 00:00:00+00:00
[2026-05-07T20:24:35.409+0000] {processor.py:183} INFO - Processing /home/airflow/.local/lib/python3.12/site-packages/airflow/example_dags/example_trigger_controller_dag.py took 0.150 seconds
[2026-05-07T20:25:05.538+0000] {processor.py:161} INFO - Started process (PID=1005) to work on /home/airflow/.local/lib/python3.12/site-packages/airflow/example_dags/example_trigger_controller_dag.py
[2026-05-07T20:25:05.539+0000] {processor.py:830} INFO - Processing file /home/airflow/.local/lib/python3.12/site-packages/airflow/example_dags/example_trigger_controller_dag.py for tasks to queue
[2026-05-07T20:25:05.542+0000] {logging_mixin.py:188} INFO - [2026-05-07T20:25:05.542+0000] {dagbag.py:545} INFO - Filling up the DagBag from /home/airflow/.local/lib/python3.12/site-packages/airflow/example_dags/example_trigger_controller_dag.py
[2026-05-07T20:25:05.547+0000] {processor.py:840} INFO - DAG(s) 'example_trigger_controller_dag' retrieved from /home/airflow/.local/lib/python3.12/site-packages/airflow/example_dags/example_trigger_controller_dag.py
[2026-05-07T20:25:05.569+0000] {logging_mixin.py:188} INFO - [2026-05-07T20:25:05.569+0000] {dag.py:3096} INFO - Sync 1 DAGs
[2026-05-07T20:25:05.590+0000] {logging_mixin.py:188} INFO - [2026-05-07T20:25:05.590+0000] {dag.py:3954} INFO - Setting next_dagrun for example_trigger_controller_dag to 2021-01-01 00:00:00+00:00, run_after=2021-01-01 00:00:00+00:00
[2026-05-07T20:25:05.614+0000] {processor.py:183} INFO - Processing /home/airflow/.local/lib/python3.12/site-packages/airflow/example_dags/example_trigger_controller_dag.py took 0.081 seconds
[2026-05-07T20:25:35.755+0000] {processor.py:161} INFO - Started process (PID=1063) to work on /home/airflow/.local/lib/python3.12/site-packages/airflow/example_dags/example_trigger_controller_dag.py
[2026-05-07T20:25:35.757+0000] {processor.py:830} INFO - Processing file /home/airflow/.local/lib/python3.12/site-packages/airflow/example_dags/example_trigger_controller_dag.py for tasks to queue
[2026-05-07T20:25:35.760+0000] {logging_mixin.py:188} INFO - [2026-05-07T20:25:35.759+0000] {dagbag.py:545} INFO - Filling up the DagBag from /home/airflow/.local/lib/python3.12/site-packages/airflow/example_dags/example_trigger_controller_dag.py
[2026-05-07T20:25:35.769+0000] {processor.py:840} INFO - DAG(s) 'example_trigger_controller_dag' retrieved from /home/airflow/.local/lib/python3.12/site-packages/airflow/example_dags/example_trigger_controller_dag.py
[2026-05-07T20:25:35.803+0000] {logging_mixin.py:188} INFO - [2026-05-07T20:25:35.802+0000] {dag.py:3096} INFO - Sync 1 DAGs
[2026-05-07T20:25:35.848+0000] {logging_mixin.py:188} INFO - [2026-05-07T20:25:35.848+0000] {dag.py:3954} INFO - Setting next_dagrun for example_trigger_controller_dag to 2021-01-01 00:00:00+00:00, run_after=2021-01-01 00:00:00+00:00
[2026-05-07T20:25:35.886+0000] {processor.py:183} INFO - Processing /home/airflow/.local/lib/python3.12/site-packages/airflow/example_dags/example_trigger_controller_dag.py took 0.141 seconds
[2026-05-07T20:26:06.429+0000] {processor.py:161} INFO - Started process (PID=1121) to work on /home/airflow/.local/lib/python3.12/site-packages/airflow/example_dags/example_trigger_controller_dag.py
[2026-05-07T20:26:06.430+0000] {processor.py:830} INFO - Processing file /home/airflow/.local/lib/python3.12/site-packages/airflow/example_dags/example_trigger_controller_dag.py for tasks to queue
[2026-05-07T20:26:06.437+0000] {logging_mixin.py:188} INFO - [2026-05-07T20:26:06.436+0000] {dagbag.py:545} INFO - Filling up the DagBag from /home/airflow/.local/lib/python3.12/site-packages/airflow/example_dags/example_trigger_controller_dag.py
[2026-05-07T20:26:06.446+0000] {processor.py:840} INFO - DAG(s) 'example_trigger_controller_dag' retrieved from /home/airflow/.local/lib/python3.12/site-packages/airflow/example_dags/example_trigger_controller_dag.py
[2026-05-07T20:26:06.486+0000] {logging_mixin.py:188} INFO - [2026-05-07T20:26:06.485+0000] {dag.py:3096} INFO - Sync 1 DAGs
[2026-05-07T20:26:06.519+0000] {logging_mixin.py:188} INFO - [2026-05-07T20:26:06.518+0000] {dag.py:3954} INFO - Setting next_dagrun for example_trigger_controller_dag to 2021-01-01 00:00:00+00:00, run_after=2021-01-01 00:00:00+00:00
[2026-05-07T20:26:06.557+0000] {processor.py:183} INFO - Processing /home/airflow/.local/lib/python3.12/site-packages/airflow/example_dags/example_trigger_controller_dag.py took 0.137 seconds
[2026-05-07T20:26:37.016+0000] {processor.py:161} INFO - Started process (PID=1180) to work on /home/airflow/.local/lib/python3.12/site-packages/airflow/example_dags/example_trigger_controller_dag.py
[2026-05-07T20:26:37.017+0000] {processor.py:830} INFO - Processing file /home/airflow/.local/lib/python3.12/site-packages/airflow/example_dags/example_trigger_controller_dag.py for tasks to queue
[2026-05-07T20:26:37.019+0000] {logging_mixin.py:188} INFO - [2026-05-07T20:26:37.019+0000] {dagbag.py:545} INFO - Filling up the DagBag from /home/airflow/.local/lib/python3.12/site-packages/airflow/example_dags/example_trigger_controller_dag.py
[2026-05-07T20:26:37.025+0000] {processor.py:840} INFO - DAG(s) 'example_trigger_controller_dag' retrieved from /home/airflow/.local/lib/python3.12/site-packages/airflow/example_dags/example_trigger_controller_dag.py
[2026-05-07T20:26:37.048+0000] {logging_mixin.py:188} INFO - [2026-05-07T20:26:37.048+0000] {dag.py:3096} INFO - Sync 1 DAGs
[2026-05-07T20:26:37.070+0000] {logging_mixin.py:188} INFO - [2026-05-07T20:26:37.069+0000] {dag.py:3954} INFO - Setting next_dagrun for example_trigger_controller_dag to 2021-01-01 00:00:00+00:00, run_after=2021-01-01 00:00:00+00:00
[2026-05-07T20:26:37.173+0000] {processor.py:183} INFO - Processing /home/airflow/.local/lib/python3.12/site-packages/airflow/example_dags/example_trigger_controller_dag.py took 0.163 seconds
[2026-05-07T20:27:07.340+0000] {processor.py:161} INFO - Started process (PID=1237) to work on /home/airflow/.local/lib/python3.12/site-packages/airflow/example_dags/example_trigger_controller_dag.py
[2026-05-07T20:27:07.341+0000] {processor.py:830} INFO - Processing file /home/airflow/.local/lib/python3.12/site-packages/airflow/example_dags/example_trigger_controller_dag.py for tasks to queue
[2026-05-07T20:27:07.344+0000] {logging_mixin.py:188} INFO - [2026-05-07T20:27:07.343+0000] {dagbag.py:545} INFO - Filling up the DagBag from /home/airflow/.local/lib/python3.12/site-packages/airflow/example_dags/example_trigger_controller_dag.py
[2026-05-07T20:27:07.349+0000] {processor.py:840} INFO - DAG(s) 'example_trigger_controller_dag' retrieved from /home/airflow/.local/lib/python3.12/site-packages/airflow/example_dags/example_trigger_controller_dag.py
[2026-05-07T20:27:07.379+0000] {logging_mixin.py:188} INFO - [2026-05-07T20:27:07.379+0000] {dag.py:3096} INFO - Sync 1 DAGs
[2026-05-07T20:27:07.407+0000] {logging_mixin.py:188} INFO - [2026-05-07T20:27:07.407+0000] {dag.py:3954} INFO - Setting next_dagrun for example_trigger_controller_dag to 2021-01-01 00:00:00+00:00, run_after=2021-01-01 00:00:00+00:00
[2026-05-07T20:27:07.436+0000] {processor.py:183} INFO - Processing /home/airflow/.local/lib/python3.12/site-packages/airflow/example_dags/example_trigger_controller_dag.py took 0.102 seconds
[2026-05-07T20:27:37.793+0000] {processor.py:161} INFO - Started process (PID=1294) to work on /home/airflow/.local/lib/python3.12/site-packages/airflow/example_dags/example_trigger_controller_dag.py
[2026-05-07T20:27:37.795+0000] {processor.py:830} INFO - Processing file /home/airflow/.local/lib/python3.12/site-packages/airflow/example_dags/example_trigger_controller_dag.py for tasks to queue
[2026-05-07T20:27:37.798+0000] {logging_mixin.py:188} INFO - [2026-05-07T20:27:37.798+0000] {dagbag.py:545} INFO - Filling up the DagBag from /home/airflow/.local/lib/python3.12/site-packages/airflow/example_dags/example_trigger_controller_dag.py
[2026-05-07T20:27:37.806+0000] {processor.py:840} INFO - DAG(s) 'example_trigger_controller_dag' retrieved from /home/airflow/.local/lib/python3.12/site-packages/airflow/example_dags/example_trigger_controller_dag.py
[2026-05-07T20:27:37.834+0000] {logging_mixin.py:188} INFO - [2026-05-07T20:27:37.833+0000] {dag.py:3096} INFO - Sync 1 DAGs
[2026-05-07T20:27:37.866+0000] {logging_mixin.py:188} INFO - [2026-05-07T20:27:37.866+0000] {dag.py:3954} INFO - Setting next_dagrun for example_trigger_controller_dag to 2021-01-01 00:00:00+00:00, run_after=2021-01-01 00:00:00+00:00
[2026-05-07T20:27:37.959+0000] {processor.py:183} INFO - Processing /home/airflow/.local/lib/python3.12/site-packages/airflow/example_dags/example_trigger_controller_dag.py took 0.173 seconds
[2026-05-07T20:28:08.046+0000] {processor.py:161} INFO - Started process (PID=1352) to work on /home/airflow/.local/lib/python3.12/site-packages/airflow/example_dags/example_trigger_controller_dag.py
[2026-05-07T20:28:08.048+0000] {processor.py:830} INFO - Processing file /home/airflow/.local/lib/python3.12/site-packages/airflow/example_dags/example_trigger_controller_dag.py for tasks to queue
[2026-05-07T20:28:08.050+0000] {logging_mixin.py:188} INFO - [2026-05-07T20:28:08.050+0000] {dagbag.py:545} INFO - Filling up the DagBag from /home/airflow/.local/lib/python3.12/site-packages/airflow/example_dags/example_trigger_controller_dag.py
[2026-05-07T20:28:08.055+0000] {processor.py:840} INFO - DAG(s) 'example_trigger_controller_dag' retrieved from /home/airflow/.local/lib/python3.12/site-packages/airflow/example_dags/example_trigger_controller_dag.py
[2026-05-07T20:28:08.076+0000] {logging_mixin.py:188} INFO - [2026-05-07T20:28:08.076+0000] {dag.py:3096} INFO - Sync 1 DAGs
[2026-05-07T20:28:08.097+0000] {logging_mixin.py:188} INFO - [2026-05-07T20:28:08.096+0000] {dag.py:3954} INFO - Setting next_dagrun for example_trigger_controller_dag to 2021-01-01 00:00:00+00:00, run_after=2021-01-01 00:00:00+00:00
[2026-05-07T20:28:08.191+0000] {processor.py:183} INFO - Processing /home/airflow/.local/lib/python3.12/site-packages/airflow/example_dags/example_trigger_controller_dag.py took 0.151 seconds
[2026-05-07T20:28:38.668+0000] {processor.py:161} INFO - Started process (PID=1410) to work on /home/airflow/.local/lib/python3.12/site-packages/airflow/example_dags/example_trigger_controller_dag.py
[2026-05-07T20:28:38.670+0000] {processor.py:830} INFO - Processing file /home/airflow/.local/lib/python3.12/site-packages/airflow/example_dags/example_trigger_controller_dag.py for tasks to queue
[2026-05-07T20:28:38.673+0000] {logging_mixin.py:188} INFO - [2026-05-07T20:28:38.672+0000] {dagbag.py:545} INFO - Filling up the DagBag from /home/airflow/.local/lib/python3.12/site-packages/airflow/example_dags/example_trigger_controller_dag.py
[2026-05-07T20:28:38.678+0000] {processor.py:840} INFO - DAG(s) 'example_trigger_controller_dag' retrieved from /home/airflow/.local/lib/python3.12/site-packages/airflow/example_dags/example_trigger_controller_dag.py
[2026-05-07T20:28:38.701+0000] {logging_mixin.py:188} INFO - [2026-05-07T20:28:38.700+0000] {dag.py:3096} INFO - Sync 1 DAGs
[2026-05-07T20:28:38.721+0000] {logging_mixin.py:188} INFO - [2026-05-07T20:28:38.721+0000] {dag.py:3954} INFO - Setting next_dagrun for example_trigger_controller_dag to 2021-01-01 00:00:00+00:00, run_after=2021-01-01 00:00:00+00:00
[2026-05-07T20:28:38.772+0000] {processor.py:183} INFO - Processing /home/airflow/.local/lib/python3.12/site-packages/airflow/example_dags/example_trigger_controller_dag.py took 0.109 seconds
[2026-05-07T20:29:09.064+0000] {processor.py:161} INFO - Started process (PID=1468) to work on /home/airflow/.local/lib/python3.12/site-packages/airflow/example_dags/example_trigger_controller_dag.py
[2026-05-07T20:29:09.066+0000] {processor.py:830} INFO - Processing file /home/airflow/.local/lib/python3.12/site-packages/airflow/example_dags/example_trigger_controller_dag.py for tasks to queue
[2026-05-07T20:29:09.068+0000] {logging_mixin.py:188} INFO - [2026-05-07T20:29:09.068+0000] {dagbag.py:545} INFO - Filling up the DagBag from /home/airflow/.local/lib/python3.12/site-packages/airflow/example_dags/example_trigger_controller_dag.py
[2026-05-07T20:29:09.073+0000] {processor.py:840} INFO - DAG(s) 'example_trigger_controller_dag' retrieved from /home/airflow/.local/lib/python3.12/site-packages/airflow/example_dags/example_trigger_controller_dag.py
[2026-05-07T20:29:09.098+0000] {logging_mixin.py:188} INFO - [2026-05-07T20:29:09.098+0000] {dag.py:3096} INFO - Sync 1 DAGs
[2026-05-07T20:29:09.119+0000] {logging_mixin.py:188} INFO - [2026-05-07T20:29:09.119+0000] {dag.py:3954} INFO - Setting next_dagrun for example_trigger_controller_dag to 2021-01-01 00:00:00+00:00, run_after=2021-01-01 00:00:00+00:00
[2026-05-07T20:29:09.144+0000] {processor.py:183} INFO - Processing /home/airflow/.local/lib/python3.12/site-packages/airflow/example_dags/example_trigger_controller_dag.py took 0.085 seconds
[2026-05-07T20:29:39.449+0000] {processor.py:161} INFO - Started process (PID=1526) to work on /home/airflow/.local/lib/python3.12/site-packages/airflow/example_dags/example_trigger_controller_dag.py
[2026-05-07T20:29:39.451+0000] {processor.py:830} INFO - Processing file /home/airflow/.local/lib/python3.12/site-packages/airflow/example_dags/example_trigger_controller_dag.py for tasks to queue
[2026-05-07T20:29:39.453+0000] {logging_mixin.py:188} INFO - [2026-05-07T20:29:39.453+0000] {dagbag.py:545} INFO - Filling up the DagBag from /home/airflow/.local/lib/python3.12/site-packages/airflow/example_dags/example_trigger_controller_dag.py
[2026-05-07T20:29:39.459+0000] {processor.py:840} INFO - DAG(s) 'example_trigger_controller_dag' retrieved from /home/airflow/.local/lib/python3.12/site-packages/airflow/example_dags/example_trigger_controller_dag.py
[2026-05-07T20:29:39.484+0000] {logging_mixin.py:188} INFO - [2026-05-07T20:29:39.483+0000] {dag.py:3096} INFO - Sync 1 DAGs
[2026-05-07T20:29:39.514+0000] {logging_mixin.py:188} INFO - [2026-05-07T20:29:39.513+0000] {dag.py:3954} INFO - Setting next_dagrun for example_trigger_controller_dag to 2021-01-01 00:00:00+00:00, run_after=2021-01-01 00:00:00+00:00
[2026-05-07T20:29:39.829+0000] {processor.py:183} INFO - Processing /home/airflow/.local/lib/python3.12/site-packages/airflow/example_dags/example_trigger_controller_dag.py took 0.385 seconds
[2026-05-07T20:30:09.904+0000] {processor.py:161} INFO - Started process (PID=1584) to work on /home/airflow/.local/lib/python3.12/site-packages/airflow/example_dags/example_trigger_controller_dag.py
[2026-05-07T20:30:09.906+0000] {processor.py:830} INFO - Processing file /home/airflow/.local/lib/python3.12/site-packages/airflow/example_dags/example_trigger_controller_dag.py for tasks to queue
[2026-05-07T20:30:09.908+0000] {logging_mixin.py:188} INFO - [2026-05-07T20:30:09.908+0000] {dagbag.py:545} INFO - Filling up the DagBag from /home/airflow/.local/lib/python3.12/site-packages/airflow/example_dags/example_trigger_controller_dag.py
[2026-05-07T20:30:09.913+0000] {processor.py:840} INFO - DAG(s) 'example_trigger_controller_dag' retrieved from /home/airflow/.local/lib/python3.12/site-packages/airflow/example_dags/example_trigger_controller_dag.py
[2026-05-07T20:30:09.932+0000] {logging_mixin.py:188} INFO - [2026-05-07T20:30:09.932+0000] {dag.py:3096} INFO - Sync 1 DAGs
[2026-05-07T20:30:09.949+0000] {logging_mixin.py:188} INFO - [2026-05-07T20:30:09.949+0000] {dag.py:3954} INFO - Setting next_dagrun for example_trigger_controller_dag to 2021-01-01 00:00:00+00:00, run_after=2021-01-01 00:00:00+00:00
[2026-05-07T20:30:09.968+0000] {processor.py:183} INFO - Processing /home/airflow/.local/lib/python3.12/site-packages/airflow/example_dags/example_trigger_controller_dag.py took 0.072 seconds
[2026-05-07T20:30:40.188+0000] {processor.py:161} INFO - Started process (PID=1642) to work on /home/airflow/.local/lib/python3.12/site-packages/airflow/example_dags/example_trigger_controller_dag.py
[2026-05-07T20:30:40.190+0000] {processor.py:830} INFO - Processing file /home/airflow/.local/lib/python3.12/site-packages/airflow/example_dags/example_trigger_controller_dag.py for tasks to queue
[2026-05-07T20:30:40.193+0000] {logging_mixin.py:188} INFO - [2026-05-07T20:30:40.193+0000] {dagbag.py:545} INFO - Filling up the DagBag from /home/airflow/.local/lib/python3.12/site-packages/airflow/example_dags/example_trigger_controller_dag.py
[2026-05-07T20:30:40.201+0000] {processor.py:840} INFO - DAG(s) 'example_trigger_controller_dag' retrieved from /home/airflow/.local/lib/python3.12/site-packages/airflow/example_dags/example_trigger_controller_dag.py
[2026-05-07T20:30:40.221+0000] {logging_mixin.py:188} INFO - [2026-05-07T20:30:40.221+0000] {dag.py:3096} INFO - Sync 1 DAGs
[2026-05-07T20:30:40.244+0000] {logging_mixin.py:188} INFO - [2026-05-07T20:30:40.244+0000] {dag.py:3954} INFO - Setting next_dagrun for example_trigger_controller_dag to 2021-01-01 00:00:00+00:00, run_after=2021-01-01 00:00:00+00:00
[2026-05-07T20:30:40.264+0000] {processor.py:183} INFO - Processing /home/airflow/.local/lib/python3.12/site-packages/airflow/example_dags/example_trigger_controller_dag.py took 0.084 seconds
[2026-05-07T20:31:10.358+0000] {processor.py:161} INFO - Started process (PID=1700) to work on /home/airflow/.local/lib/python3.12/site-packages/airflow/example_dags/example_trigger_controller_dag.py
[2026-05-07T20:31:10.359+0000] {processor.py:830} INFO - Processing file /home/airflow/.local/lib/python3.12/site-packages/airflow/example_dags/example_trigger_controller_dag.py for tasks to queue
[2026-05-07T20:31:10.362+0000] {logging_mixin.py:188} INFO - [2026-05-07T20:31:10.361+0000] {dagbag.py:545} INFO - Filling up the DagBag from /home/airflow/.local/lib/python3.12/site-packages/airflow/example_dags/example_trigger_controller_dag.py
[2026-05-07T20:31:10.368+0000] {processor.py:840} INFO - DAG(s) 'example_trigger_controller_dag' retrieved from /home/airflow/.local/lib/python3.12/site-packages/airflow/example_dags/example_trigger_controller_dag.py
[2026-05-07T20:31:10.390+0000] {logging_mixin.py:188} INFO - [2026-05-07T20:31:10.389+0000] {dag.py:3096} INFO - Sync 1 DAGs
[2026-05-07T20:31:10.410+0000] {logging_mixin.py:188} INFO - [2026-05-07T20:31:10.409+0000] {dag.py:3954} INFO - Setting next_dagrun for example_trigger_controller_dag to 2021-01-01 00:00:00+00:00, run_after=2021-01-01 00:00:00+00:00
[2026-05-07T20:31:10.504+0000] {processor.py:183} INFO - Processing /home/airflow/.local/lib/python3.12/site-packages/airflow/example_dags/example_trigger_controller_dag.py took 0.151 seconds
[2026-05-07T20:31:41.233+0000] {processor.py:161} INFO - Started process (PID=1759) to work on /home/airflow/.local/lib/python3.12/site-packages/airflow/example_dags/example_trigger_controller_dag.py
[2026-05-07T20:31:41.234+0000] {processor.py:830} INFO - Processing file /home/airflow/.local/lib/python3.12/site-packages/airflow/example_dags/example_trigger_controller_dag.py for tasks to queue
[2026-05-07T20:31:41.236+0000] {logging_mixin.py:188} INFO - [2026-05-07T20:31:41.236+0000] {dagbag.py:545} INFO - Filling up the DagBag from /home/airflow/.local/lib/python3.12/site-packages/airflow/example_dags/example_trigger_controller_dag.py
[2026-05-07T20:31:41.241+0000] {processor.py:840} INFO - DAG(s) 'example_trigger_controller_dag' retrieved from /home/airflow/.local/lib/python3.12/site-packages/airflow/example_dags/example_trigger_controller_dag.py
[2026-05-07T20:31:41.263+0000] {logging_mixin.py:188} INFO - [2026-05-07T20:31:41.262+0000] {dag.py:3096} INFO - Sync 1 DAGs
[2026-05-07T20:31:41.423+0000] {logging_mixin.py:188} INFO - [2026-05-07T20:31:41.423+0000] {dag.py:3954} INFO - Setting next_dagrun for example_trigger_controller_dag to 2021-01-01 00:00:00+00:00, run_after=2021-01-01 00:00:00+00:00
[2026-05-07T20:31:41.507+0000] {processor.py:183} INFO - Processing /home/airflow/.local/lib/python3.12/site-packages/airflow/example_dags/example_trigger_controller_dag.py took 0.281 seconds
[2026-05-07T20:32:12.188+0000] {processor.py:161} INFO - Started process (PID=1817) to work on /home/airflow/.local/lib/python3.12/site-packages/airflow/example_dags/example_trigger_controller_dag.py
[2026-05-07T20:32:12.190+0000] {processor.py:830} INFO - Processing file /home/airflow/.local/lib/python3.12/site-packages/airflow/example_dags/example_trigger_controller_dag.py for tasks to queue
[2026-05-07T20:32:12.193+0000] {logging_mixin.py:188} INFO - [2026-05-07T20:32:12.193+0000] {dagbag.py:545} INFO - Filling up the DagBag from /home/airflow/.local/lib/python3.12/site-packages/airflow/example_dags/example_trigger_controller_dag.py
[2026-05-07T20:32:12.201+0000] {processor.py:840} INFO - DAG(s) 'example_trigger_controller_dag' retrieved from /home/airflow/.local/lib/python3.12/site-packages/airflow/example_dags/example_trigger_controller_dag.py
[2026-05-07T20:32:12.226+0000] {logging_mixin.py:188} INFO - [2026-05-07T20:32:12.226+0000] {dag.py:3096} INFO - Sync 1 DAGs
[2026-05-07T20:32:12.250+0000] {logging_mixin.py:188} INFO - [2026-05-07T20:32:12.250+0000] {dag.py:3954} INFO - Setting next_dagrun for example_trigger_controller_dag to 2021-01-01 00:00:00+00:00, run_after=2021-01-01 00:00:00+00:00
[2026-05-07T20:32:12.437+0000] {processor.py:183} INFO - Processing /home/airflow/.local/lib/python3.12/site-packages/airflow/example_dags/example_trigger_controller_dag.py took 0.259 seconds
[2026-05-07T20:32:43.238+0000] {processor.py:161} INFO - Started process (PID=1875) to work on /home/airflow/.local/lib/python3.12/site-packages/airflow/example_dags/example_trigger_controller_dag.py
[2026-05-07T20:32:43.239+0000] {processor.py:830} INFO - Processing file /home/airflow/.local/lib/python3.12/site-packages/airflow/example_dags/example_trigger_controller_dag.py for tasks to queue
[2026-05-07T20:32:43.241+0000] {logging_mixin.py:188} INFO - [2026-05-07T20:32:43.241+0000] {dagbag.py:545} INFO - Filling up the DagBag from /home/airflow/.local/lib/python3.12/site-packages/airflow/example_dags/example_trigger_controller_dag.py
[2026-05-07T20:32:43.246+0000] {processor.py:840} INFO - DAG(s) 'example_trigger_controller_dag' retrieved from /home/airflow/.local/lib/python3.12/site-packages/airflow/example_dags/example_trigger_controller_dag.py
[2026-05-07T20:32:43.269+0000] {logging_mixin.py:188} INFO - [2026-05-07T20:32:43.268+0000] {dag.py:3096} INFO - Sync 1 DAGs
[2026-05-07T20:32:43.288+0000] {logging_mixin.py:188} INFO - [2026-05-07T20:32:43.287+0000] {dag.py:3954} INFO - Setting next_dagrun for example_trigger_controller_dag to 2021-01-01 00:00:00+00:00, run_after=2021-01-01 00:00:00+00:00
[2026-05-07T20:32:43.389+0000] {processor.py:183} INFO - Processing /home/airflow/.local/lib/python3.12/site-packages/airflow/example_dags/example_trigger_controller_dag.py took 0.157 seconds
[2026-05-07T20:33:13.747+0000] {processor.py:161} INFO - Started process (PID=1933) to work on /home/airflow/.local/lib/python3.12/site-packages/airflow/example_dags/example_trigger_controller_dag.py
[2026-05-07T20:33:13.748+0000] {processor.py:830} INFO - Processing file /home/airflow/.local/lib/python3.12/site-packages/airflow/example_dags/example_trigger_controller_dag.py for tasks to queue
[2026-05-07T20:33:13.750+0000] {logging_mixin.py:188} INFO - [2026-05-07T20:33:13.750+0000] {dagbag.py:545} INFO - Filling up the DagBag from /home/airflow/.local/lib/python3.12/site-packages/airflow/example_dags/example_trigger_controller_dag.py
[2026-05-07T20:33:13.754+0000] {processor.py:840} INFO - DAG(s) 'example_trigger_controller_dag' retrieved from /home/airflow/.local/lib/python3.12/site-packages/airflow/example_dags/example_trigger_controller_dag.py
[2026-05-07T20:33:13.774+0000] {logging_mixin.py:188} INFO - [2026-05-07T20:33:13.773+0000] {dag.py:3096} INFO - Sync 1 DAGs
[2026-05-07T20:33:13.797+0000] {logging_mixin.py:188} INFO - [2026-05-07T20:33:13.797+0000] {dag.py:3954} INFO - Setting next_dagrun for example_trigger_controller_dag to 2021-01-01 00:00:00+00:00, run_after=2021-01-01 00:00:00+00:00
[2026-05-07T20:33:13.818+0000] {processor.py:183} INFO - Processing /home/airflow/.local/lib/python3.12/site-packages/airflow/example_dags/example_trigger_controller_dag.py took 0.077 seconds
[2026-05-07T20:33:43.891+0000] {processor.py:161} INFO - Started process (PID=1991) to work on /home/airflow/.local/lib/python3.12/site-packages/airflow/example_dags/example_trigger_controller_dag.py
[2026-05-07T20:33:43.892+0000] {processor.py:830} INFO - Processing file /home/airflow/.local/lib/python3.12/site-packages/airflow/example_dags/example_trigger_controller_dag.py for tasks to queue
[2026-05-07T20:33:43.894+0000] {logging_mixin.py:188} INFO - [2026-05-07T20:33:43.894+0000] {dagbag.py:545} INFO - Filling up the DagBag from /home/airflow/.local/lib/python3.12/site-packages/airflow/example_dags/example_trigger_controller_dag.py
[2026-05-07T20:33:43.900+0000] {processor.py:840} INFO - DAG(s) 'example_trigger_controller_dag' retrieved from /home/airflow/.local/lib/python3.12/site-packages/airflow/example_dags/example_trigger_controller_dag.py
[2026-05-07T20:33:43.923+0000] {logging_mixin.py:188} INFO - [2026-05-07T20:33:43.923+0000] {dag.py:3096} INFO - Sync 1 DAGs
[2026-05-07T20:33:43.946+0000] {logging_mixin.py:188} INFO - [2026-05-07T20:33:43.946+0000] {dag.py:3954} INFO - Setting next_dagrun for example_trigger_controller_dag to 2021-01-01 00:00:00+00:00, run_after=2021-01-01 00:00:00+00:00
[2026-05-07T20:33:44.046+0000] {processor.py:183} INFO - Processing /home/airflow/.local/lib/python3.12/site-packages/airflow/example_dags/example_trigger_controller_dag.py took 0.162 seconds
[2026-05-07T20:34:14.662+0000] {processor.py:161} INFO - Started process (PID=2050) to work on /home/airflow/.local/lib/python3.12/site-packages/airflow/example_dags/example_trigger_controller_dag.py
[2026-05-07T20:34:14.664+0000] {processor.py:830} INFO - Processing file /home/airflow/.local/lib/python3.12/site-packages/airflow/example_dags/example_trigger_controller_dag.py for tasks to queue
[2026-05-07T20:34:14.666+0000] {logging_mixin.py:188} INFO - [2026-05-07T20:34:14.665+0000] {dagbag.py:545} INFO - Filling up the DagBag from /home/airflow/.local/lib/python3.12/site-packages/airflow/example_dags/example_trigger_controller_dag.py
[2026-05-07T20:34:14.671+0000] {processor.py:840} INFO - DAG(s) 'example_trigger_controller_dag' retrieved from /home/airflow/.local/lib/python3.12/site-packages/airflow/example_dags/example_trigger_controller_dag.py
[2026-05-07T20:34:14.691+0000] {logging_mixin.py:188} INFO - [2026-05-07T20:34:14.691+0000] {dag.py:3096} INFO - Sync 1 DAGs
[2026-05-07T20:34:14.713+0000] {logging_mixin.py:188} INFO - [2026-05-07T20:34:14.713+0000] {dag.py:3954} INFO - Setting next_dagrun for example_trigger_controller_dag to 2021-01-01 00:00:00+00:00, run_after=2021-01-01 00:00:00+00:00
[2026-05-07T20:34:14.809+0000] {processor.py:183} INFO - Processing /home/airflow/.local/lib/python3.12/site-packages/airflow/example_dags/example_trigger_controller_dag.py took 0.153 seconds
[2026-05-07T20:34:45.105+0000] {processor.py:161} INFO - Started process (PID=2108) to work on /home/airflow/.local/lib/python3.12/site-packages/airflow/example_dags/example_trigger_controller_dag.py
[2026-05-07T20:34:45.107+0000] {processor.py:830} INFO - Processing file /home/airflow/.local/lib/python3.12/site-packages/airflow/example_dags/example_trigger_controller_dag.py for tasks to queue
[2026-05-07T20:34:45.110+0000] {logging_mixin.py:188} INFO - [2026-05-07T20:34:45.110+0000] {dagbag.py:545} INFO - Filling up the DagBag from /home/airflow/.local/lib/python3.12/site-packages/airflow/example_dags/example_trigger_controller_dag.py
[2026-05-07T20:34:45.118+0000] {processor.py:840} INFO - DAG(s) 'example_trigger_controller_dag' retrieved from /home/airflow/.local/lib/python3.12/site-packages/airflow/example_dags/example_trigger_controller_dag.py
[2026-05-07T20:34:45.151+0000] {logging_mixin.py:188} INFO - [2026-05-07T20:34:45.150+0000] {dag.py:3096} INFO - Sync 1 DAGs
[2026-05-07T20:34:45.180+0000] {logging_mixin.py:188} INFO - [2026-05-07T20:34:45.179+0000] {dag.py:3954} INFO - Setting next_dagrun for example_trigger_controller_dag to 2021-01-01 00:00:00+00:00, run_after=2021-01-01 00:00:00+00:00
[2026-05-07T20:34:45.207+0000] {processor.py:183} INFO - Processing /home/airflow/.local/lib/python3.12/site-packages/airflow/example_dags/example_trigger_controller_dag.py took 0.110 seconds
[2026-05-07T20:35:15.525+0000] {processor.py:161} INFO - Started process (PID=2166) to work on /home/airflow/.local/lib/python3.12/site-packages/airflow/example_dags/example_trigger_controller_dag.py
[2026-05-07T20:35:15.527+0000] {processor.py:830} INFO - Processing file /home/airflow/.local/lib/python3.12/site-packages/airflow/example_dags/example_trigger_controller_dag.py for tasks to queue
[2026-05-07T20:35:15.532+0000] {logging_mixin.py:188} INFO - [2026-05-07T20:35:15.532+0000] {dagbag.py:545} INFO - Filling up the DagBag from /home/airflow/.local/lib/python3.12/site-packages/airflow/example_dags/example_trigger_controller_dag.py
[2026-05-07T20:35:15.543+0000] {processor.py:840} INFO - DAG(s) 'example_trigger_controller_dag' retrieved from /home/airflow/.local/lib/python3.12/site-packages/airflow/example_dags/example_trigger_controller_dag.py
[2026-05-07T20:35:15.571+0000] {logging_mixin.py:188} INFO - [2026-05-07T20:35:15.571+0000] {dag.py:3096} INFO - Sync 1 DAGs
[2026-05-07T20:35:15.595+0000] {logging_mixin.py:188} INFO - [2026-05-07T20:35:15.595+0000] {dag.py:3954} INFO - Setting next_dagrun for example_trigger_controller_dag to 2021-01-01 00:00:00+00:00, run_after=2021-01-01 00:00:00+00:00
[2026-05-07T20:35:15.639+0000] {processor.py:183} INFO - Processing /home/airflow/.local/lib/python3.12/site-packages/airflow/example_dags/example_trigger_controller_dag.py took 0.120 seconds
[2026-05-07T20:35:46.219+0000] {processor.py:161} INFO - Started process (PID=2224) to work on /home/airflow/.local/lib/python3.12/site-packages/airflow/example_dags/example_trigger_controller_dag.py
[2026-05-07T20:35:46.221+0000] {processor.py:830} INFO - Processing file /home/airflow/.local/lib/python3.12/site-packages/airflow/example_dags/example_trigger_controller_dag.py for tasks to queue
[2026-05-07T20:35:46.225+0000] {logging_mixin.py:188} INFO - [2026-05-07T20:35:46.224+0000] {dagbag.py:545} INFO - Filling up the DagBag from /home/airflow/.local/lib/python3.12/site-packages/airflow/example_dags/example_trigger_controller_dag.py
[2026-05-07T20:35:46.231+0000] {processor.py:840} INFO - DAG(s) 'example_trigger_controller_dag' retrieved from /home/airflow/.local/lib/python3.12/site-packages/airflow/example_dags/example_trigger_controller_dag.py
[2026-05-07T20:35:46.255+0000] {logging_mixin.py:188} INFO - [2026-05-07T20:35:46.254+0000] {dag.py:3096} INFO - Sync 1 DAGs
[2026-05-07T20:35:46.275+0000] {logging_mixin.py:188} INFO - [2026-05-07T20:35:46.275+0000] {dag.py:3954} INFO - Setting next_dagrun for example_trigger_controller_dag to 2021-01-01 00:00:00+00:00, run_after=2021-01-01 00:00:00+00:00
[2026-05-07T20:35:46.299+0000] {processor.py:183} INFO - Processing /home/airflow/.local/lib/python3.12/site-packages/airflow/example_dags/example_trigger_controller_dag.py took 0.092 seconds
[2026-05-07T20:36:16.749+0000] {processor.py:161} INFO - Started process (PID=2283) to work on /home/airflow/.local/lib/python3.12/site-packages/airflow/example_dags/example_trigger_controller_dag.py
[2026-05-07T20:36:16.750+0000] {processor.py:830} INFO - Processing file /home/airflow/.local/lib/python3.12/site-packages/airflow/example_dags/example_trigger_controller_dag.py for tasks to queue
[2026-05-07T20:36:16.752+0000] {logging_mixin.py:188} INFO - [2026-05-07T20:36:16.752+0000] {dagbag.py:545} INFO - Filling up the DagBag from /home/airflow/.local/lib/python3.12/site-packages/airflow/example_dags/example_trigger_controller_dag.py
[2026-05-07T20:36:16.758+0000] {processor.py:840} INFO - DAG(s) 'example_trigger_controller_dag' retrieved from /home/airflow/.local/lib/python3.12/site-packages/airflow/example_dags/example_trigger_controller_dag.py
[2026-05-07T20:36:16.779+0000] {logging_mixin.py:188} INFO - [2026-05-07T20:36:16.779+0000] {dag.py:3096} INFO - Sync 1 DAGs
[2026-05-07T20:36:16.807+0000] {logging_mixin.py:188} INFO - [2026-05-07T20:36:16.806+0000] {dag.py:3954} INFO - Setting next_dagrun for example_trigger_controller_dag to 2021-01-01 00:00:00+00:00, run_after=2021-01-01 00:00:00+00:00
[2026-05-07T20:36:16.830+0000] {processor.py:183} INFO - Processing /home/airflow/.local/lib/python3.12/site-packages/airflow/example_dags/example_trigger_controller_dag.py took 0.085 seconds
[2026-05-07T20:36:47.621+0000] {processor.py:161} INFO - Started process (PID=2341) to work on /home/airflow/.local/lib/python3.12/site-packages/airflow/example_dags/example_trigger_controller_dag.py
[2026-05-07T20:36:47.623+0000] {processor.py:830} INFO - Processing file /home/airflow/.local/lib/python3.12/site-packages/airflow/example_dags/example_trigger_controller_dag.py for tasks to queue
[2026-05-07T20:36:47.627+0000] {logging_mixin.py:188} INFO - [2026-05-07T20:36:47.626+0000] {dagbag.py:545} INFO - Filling up the DagBag from /home/airflow/.local/lib/python3.12/site-packages/airflow/example_dags/example_trigger_controller_dag.py
[2026-05-07T20:36:47.633+0000] {processor.py:840} INFO - DAG(s) 'example_trigger_controller_dag' retrieved from /home/airflow/.local/lib/python3.12/site-packages/airflow/example_dags/example_trigger_controller_dag.py
[2026-05-07T20:36:47.656+0000] {logging_mixin.py:188} INFO - [2026-05-07T20:36:47.656+0000] {dag.py:3096} INFO - Sync 1 DAGs
[2026-05-07T20:36:47.682+0000] {logging_mixin.py:188} INFO - [2026-05-07T20:36:47.682+0000] {dag.py:3954} INFO - Setting next_dagrun for example_trigger_controller_dag to 2021-01-01 00:00:00+00:00, run_after=2021-01-01 00:00:00+00:00
[2026-05-07T20:36:47.710+0000] {processor.py:183} INFO - Processing /home/airflow/.local/lib/python3.12/site-packages/airflow/example_dags/example_trigger_controller_dag.py took 0.093 seconds
[2026-05-07T20:37:18.138+0000] {processor.py:161} INFO - Started process (PID=2399) to work on /home/airflow/.local/lib/python3.12/site-packages/airflow/example_dags/example_trigger_controller_dag.py
[2026-05-07T20:37:18.139+0000] {processor.py:830} INFO - Processing file /home/airflow/.local/lib/python3.12/site-packages/airflow/example_dags/example_trigger_controller_dag.py for tasks to queue
[2026-05-07T20:37:18.141+0000] {logging_mixin.py:188} INFO - [2026-05-07T20:37:18.141+0000] {dagbag.py:545} INFO - Filling up the DagBag from /home/airflow/.local/lib/python3.12/site-packages/airflow/example_dags/example_trigger_controller_dag.py
[2026-05-07T20:37:18.146+0000] {processor.py:840} INFO - DAG(s) 'example_trigger_controller_dag' retrieved from /home/airflow/.local/lib/python3.12/site-packages/airflow/example_dags/example_trigger_controller_dag.py
[2026-05-07T20:37:18.168+0000] {logging_mixin.py:188} INFO - [2026-05-07T20:37:18.168+0000] {dag.py:3096} INFO - Sync 1 DAGs
[2026-05-07T20:37:18.188+0000] {logging_mixin.py:188} INFO - [2026-05-07T20:37:18.188+0000] {dag.py:3954} INFO - Setting next_dagrun for example_trigger_controller_dag to 2021-01-01 00:00:00+00:00, run_after=2021-01-01 00:00:00+00:00
[2026-05-07T20:37:18.285+0000] {processor.py:183} INFO - Processing /home/airflow/.local/lib/python3.12/site-packages/airflow/example_dags/example_trigger_controller_dag.py took 0.152 seconds
[2026-05-07T20:37:48.375+0000] {processor.py:161} INFO - Started process (PID=2457) to work on /home/airflow/.local/lib/python3.12/site-packages/airflow/example_dags/example_trigger_controller_dag.py
[2026-05-07T20:37:48.376+0000] {processor.py:830} INFO - Processing file /home/airflow/.local/lib/python3.12/site-packages/airflow/example_dags/example_trigger_controller_dag.py for tasks to queue
[2026-05-07T20:37:48.378+0000] {logging_mixin.py:188} INFO - [2026-05-07T20:37:48.377+0000] {dagbag.py:545} INFO - Filling up the DagBag from /home/airflow/.local/lib/python3.12/site-packages/airflow/example_dags/example_trigger_controller_dag.py
[2026-05-07T20:37:48.382+0000] {processor.py:840} INFO - DAG(s) 'example_trigger_controller_dag' retrieved from /home/airflow/.local/lib/python3.12/site-packages/airflow/example_dags/example_trigger_controller_dag.py
[2026-05-07T20:37:48.403+0000] {logging_mixin.py:188} INFO - [2026-05-07T20:37:48.402+0000] {dag.py:3096} INFO - Sync 1 DAGs
[2026-05-07T20:37:48.425+0000] {logging_mixin.py:188} INFO - [2026-05-07T20:37:48.425+0000] {dag.py:3954} INFO - Setting next_dagrun for example_trigger_controller_dag to 2021-01-01 00:00:00+00:00, run_after=2021-01-01 00:00:00+00:00
[2026-05-07T20:37:48.520+0000] {processor.py:183} INFO - Processing /home/airflow/.local/lib/python3.12/site-packages/airflow/example_dags/example_trigger_controller_dag.py took 0.150 seconds
[2026-05-07T20:38:18.762+0000] {processor.py:161} INFO - Started process (PID=2515) to work on /home/airflow/.local/lib/python3.12/site-packages/airflow/example_dags/example_trigger_controller_dag.py
[2026-05-07T20:38:18.763+0000] {processor.py:830} INFO - Processing file /home/airflow/.local/lib/python3.12/site-packages/airflow/example_dags/example_trigger_controller_dag.py for tasks to queue
[2026-05-07T20:38:18.766+0000] {logging_mixin.py:188} INFO - [2026-05-07T20:38:18.766+0000] {dagbag.py:545} INFO - Filling up the DagBag from /home/airflow/.local/lib/python3.12/site-packages/airflow/example_dags/example_trigger_controller_dag.py
[2026-05-07T20:38:18.772+0000] {processor.py:840} INFO - DAG(s) 'example_trigger_controller_dag' retrieved from /home/airflow/.local/lib/python3.12/site-packages/airflow/example_dags/example_trigger_controller_dag.py
[2026-05-07T20:38:18.794+0000] {logging_mixin.py:188} INFO - [2026-05-07T20:38:18.794+0000] {dag.py:3096} INFO - Sync 1 DAGs
[2026-05-07T20:38:18.814+0000] {logging_mixin.py:188} INFO - [2026-05-07T20:38:18.814+0000] {dag.py:3954} INFO - Setting next_dagrun for example_trigger_controller_dag to 2021-01-01 00:00:00+00:00, run_after=2021-01-01 00:00:00+00:00
[2026-05-07T20:38:18.836+0000] {processor.py:183} INFO - Processing /home/airflow/.local/lib/python3.12/site-packages/airflow/example_dags/example_trigger_controller_dag.py took 0.081 seconds
[2026-05-07T20:38:49.109+0000] {processor.py:161} INFO - Started process (PID=2573) to work on /home/airflow/.local/lib/python3.12/site-packages/airflow/example_dags/example_trigger_controller_dag.py
[2026-05-07T20:38:49.111+0000] {processor.py:830} INFO - Processing file /home/airflow/.local/lib/python3.12/site-packages/airflow/example_dags/example_trigger_controller_dag.py for tasks to queue
[2026-05-07T20:38:49.113+0000] {logging_mixin.py:188} INFO - [2026-05-07T20:38:49.113+0000] {dagbag.py:545} INFO - Filling up the DagBag from /home/airflow/.local/lib/python3.12/site-packages/airflow/example_dags/example_trigger_controller_dag.py
[2026-05-07T20:38:49.118+0000] {processor.py:840} INFO - DAG(s) 'example_trigger_controller_dag' retrieved from /home/airflow/.local/lib/python3.12/site-packages/airflow/example_dags/example_trigger_controller_dag.py
[2026-05-07T20:38:49.139+0000] {logging_mixin.py:188} INFO - [2026-05-07T20:38:49.138+0000] {dag.py:3096} INFO - Sync 1 DAGs
[2026-05-07T20:38:49.161+0000] {logging_mixin.py:188} INFO - [2026-05-07T20:38:49.161+0000] {dag.py:3954} INFO - Setting next_dagrun for example_trigger_controller_dag to 2021-01-01 00:00:00+00:00, run_after=2021-01-01 00:00:00+00:00
[2026-05-07T20:38:49.256+0000] {processor.py:183} INFO - Processing /home/airflow/.local/lib/python3.12/site-packages/airflow/example_dags/example_trigger_controller_dag.py took 0.154 seconds
[2026-05-07T20:39:19.652+0000] {processor.py:161} INFO - Started process (PID=2631) to work on /home/airflow/.local/lib/python3.12/site-packages/airflow/example_dags/example_trigger_controller_dag.py
[2026-05-07T20:39:19.654+0000] {processor.py:830} INFO - Processing file /home/airflow/.local/lib/python3.12/site-packages/airflow/example_dags/example_trigger_controller_dag.py for tasks to queue
[2026-05-07T20:39:19.656+0000] {logging_mixin.py:188} INFO - [2026-05-07T20:39:19.655+0000] {dagbag.py:545} INFO - Filling up the DagBag from /home/airflow/.local/lib/python3.12/site-packages/airflow/example_dags/example_trigger_controller_dag.py
[2026-05-07T20:39:19.660+0000] {processor.py:840} INFO - DAG(s) 'example_trigger_controller_dag' retrieved from /home/airflow/.local/lib/python3.12/site-packages/airflow/example_dags/example_trigger_controller_dag.py
[2026-05-07T20:39:19.682+0000] {logging_mixin.py:188} INFO - [2026-05-07T20:39:19.681+0000] {dag.py:3096} INFO - Sync 1 DAGs
[2026-05-07T20:39:19.702+0000] {logging_mixin.py:188} INFO - [2026-05-07T20:39:19.702+0000] {dag.py:3954} INFO - Setting next_dagrun for example_trigger_controller_dag to 2021-01-01 00:00:00+00:00, run_after=2021-01-01 00:00:00+00:00
[2026-05-07T20:39:19.792+0000] {processor.py:183} INFO - Processing /home/airflow/.local/lib/python3.12/site-packages/airflow/example_dags/example_trigger_controller_dag.py took 0.146 seconds
[2026-05-07T20:39:49.900+0000] {processor.py:161} INFO - Started process (PID=2689) to work on /home/airflow/.local/lib/python3.12/site-packages/airflow/example_dags/example_trigger_controller_dag.py
[2026-05-07T20:39:49.902+0000] {processor.py:830} INFO - Processing file /home/airflow/.local/lib/python3.12/site-packages/airflow/example_dags/example_trigger_controller_dag.py for tasks to queue
[2026-05-07T20:39:49.904+0000] {logging_mixin.py:188} INFO - [2026-05-07T20:39:49.904+0000] {dagbag.py:545} INFO - Filling up the DagBag from /home/airflow/.local/lib/python3.12/site-packages/airflow/example_dags/example_trigger_controller_dag.py
[2026-05-07T20:39:49.910+0000] {processor.py:840} INFO - DAG(s) 'example_trigger_controller_dag' retrieved from /home/airflow/.local/lib/python3.12/site-packages/airflow/example_dags/example_trigger_controller_dag.py
[2026-05-07T20:39:49.933+0000] {logging_mixin.py:188} INFO - [2026-05-07T20:39:49.933+0000] {dag.py:3096} INFO - Sync 1 DAGs
[2026-05-07T20:39:49.964+0000] {logging_mixin.py:188} INFO - [2026-05-07T20:39:49.964+0000] {dag.py:3954} INFO - Setting next_dagrun for example_trigger_controller_dag to 2021-01-01 00:00:00+00:00, run_after=2021-01-01 00:00:00+00:00
[2026-05-07T20:39:50.002+0000] {processor.py:183} INFO - Processing /home/airflow/.local/lib/python3.12/site-packages/airflow/example_dags/example_trigger_controller_dag.py took 0.107 seconds
[2026-05-07T20:40:20.213+0000] {processor.py:161} INFO - Started process (PID=2745) to work on /home/airflow/.local/lib/python3.12/site-packages/airflow/example_dags/example_trigger_controller_dag.py
[2026-05-07T20:40:20.216+0000] {processor.py:830} INFO - Processing file /home/airflow/.local/lib/python3.12/site-packages/airflow/example_dags/example_trigger_controller_dag.py for tasks to queue
[2026-05-07T20:40:20.220+0000] {logging_mixin.py:188} INFO - [2026-05-07T20:40:20.219+0000] {dagbag.py:545} INFO - Filling up the DagBag from /home/airflow/.local/lib/python3.12/site-packages/airflow/example_dags/example_trigger_controller_dag.py
[2026-05-07T20:40:20.230+0000] {processor.py:840} INFO - DAG(s) 'example_trigger_controller_dag' retrieved from /home/airflow/.local/lib/python3.12/site-packages/airflow/example_dags/example_trigger_controller_dag.py
[2026-05-07T20:40:20.260+0000] {logging_mixin.py:188} INFO - [2026-05-07T20:40:20.259+0000] {dag.py:3096} INFO - Sync 1 DAGs
[2026-05-07T20:40:20.291+0000] {logging_mixin.py:188} INFO - [2026-05-07T20:40:20.291+0000] {dag.py:3954} INFO - Setting next_dagrun for example_trigger_controller_dag to 2021-01-01 00:00:00+00:00, run_after=2021-01-01 00:00:00+00:00
[2026-05-07T20:40:20.392+0000] {processor.py:183} INFO - Processing /home/airflow/.local/lib/python3.12/site-packages/airflow/example_dags/example_trigger_controller_dag.py took 0.194 seconds
[2026-05-07T20:40:50.719+0000] {processor.py:161} INFO - Started process (PID=2803) to work on /home/airflow/.local/lib/python3.12/site-packages/airflow/example_dags/example_trigger_controller_dag.py
[2026-05-07T20:40:50.720+0000] {processor.py:830} INFO - Processing file /home/airflow/.local/lib/python3.12/site-packages/airflow/example_dags/example_trigger_controller_dag.py for tasks to queue
[2026-05-07T20:40:50.723+0000] {logging_mixin.py:188} INFO - [2026-05-07T20:40:50.722+0000] {dagbag.py:545} INFO - Filling up the DagBag from /home/airflow/.local/lib/python3.12/site-packages/airflow/example_dags/example_trigger_controller_dag.py
[2026-05-07T20:40:50.729+0000] {processor.py:840} INFO - DAG(s) 'example_trigger_controller_dag' retrieved from /home/airflow/.local/lib/python3.12/site-packages/airflow/example_dags/example_trigger_controller_dag.py
[2026-05-07T20:40:50.752+0000] {logging_mixin.py:188} INFO - [2026-05-07T20:40:50.752+0000] {dag.py:3096} INFO - Sync 1 DAGs
[2026-05-07T20:40:50.776+0000] {logging_mixin.py:188} INFO - [2026-05-07T20:40:50.776+0000] {dag.py:3954} INFO - Setting next_dagrun for example_trigger_controller_dag to 2021-01-01 00:00:00+00:00, run_after=2021-01-01 00:00:00+00:00
[2026-05-07T20:40:50.798+0000] {processor.py:183} INFO - Processing /home/airflow/.local/lib/python3.12/site-packages/airflow/example_dags/example_trigger_controller_dag.py took 0.086 seconds
[2026-05-07T20:41:21.498+0000] {processor.py:161} INFO - Started process (PID=2861) to work on /home/airflow/.local/lib/python3.12/site-packages/airflow/example_dags/example_trigger_controller_dag.py
[2026-05-07T20:41:21.500+0000] {processor.py:830} INFO - Processing file /home/airflow/.local/lib/python3.12/site-packages/airflow/example_dags/example_trigger_controller_dag.py for tasks to queue
[2026-05-07T20:41:21.503+0000] {logging_mixin.py:188} INFO - [2026-05-07T20:41:21.502+0000] {dagbag.py:545} INFO - Filling up the DagBag from /home/airflow/.local/lib/python3.12/site-packages/airflow/example_dags/example_trigger_controller_dag.py
[2026-05-07T20:41:21.510+0000] {processor.py:840} INFO - DAG(s) 'example_trigger_controller_dag' retrieved from /home/airflow/.local/lib/python3.12/site-packages/airflow/example_dags/example_trigger_controller_dag.py
[2026-05-07T20:41:21.534+0000] {logging_mixin.py:188} INFO - [2026-05-07T20:41:21.534+0000] {dag.py:3096} INFO - Sync 1 DAGs
[2026-05-07T20:41:21.558+0000] {logging_mixin.py:188} INFO - [2026-05-07T20:41:21.558+0000] {dag.py:3954} INFO - Setting next_dagrun for example_trigger_controller_dag to 2021-01-01 00:00:00+00:00, run_after=2021-01-01 00:00:00+00:00
[2026-05-07T20:41:21.586+0000] {processor.py:183} INFO - Processing /home/airflow/.local/lib/python3.12/site-packages/airflow/example_dags/example_trigger_controller_dag.py took 0.094 seconds
[2026-05-07T20:41:51.745+0000] {processor.py:161} INFO - Started process (PID=2919) to work on /home/airflow/.local/lib/python3.12/site-packages/airflow/example_dags/example_trigger_controller_dag.py
[2026-05-07T20:41:51.747+0000] {processor.py:830} INFO - Processing file /home/airflow/.local/lib/python3.12/site-packages/airflow/example_dags/example_trigger_controller_dag.py for tasks to queue
[2026-05-07T20:41:51.750+0000] {logging_mixin.py:188} INFO - [2026-05-07T20:41:51.750+0000] {dagbag.py:545} INFO - Filling up the DagBag from /home/airflow/.local/lib/python3.12/site-packages/airflow/example_dags/example_trigger_controller_dag.py
[2026-05-07T20:41:51.758+0000] {processor.py:840} INFO - DAG(s) 'example_trigger_controller_dag' retrieved from /home/airflow/.local/lib/python3.12/site-packages/airflow/example_dags/example_trigger_controller_dag.py
[2026-05-07T20:41:51.786+0000] {logging_mixin.py:188} INFO - [2026-05-07T20:41:51.786+0000] {dag.py:3096} INFO - Sync 1 DAGs
[2026-05-07T20:41:51.816+0000] {logging_mixin.py:188} INFO - [2026-05-07T20:41:51.816+0000] {dag.py:3954} INFO - Setting next_dagrun for example_trigger_controller_dag to 2021-01-01 00:00:00+00:00, run_after=2021-01-01 00:00:00+00:00
[2026-05-07T20:41:51.845+0000] {processor.py:183} INFO - Processing /home/airflow/.local/lib/python3.12/site-packages/airflow/example_dags/example_trigger_controller_dag.py took 0.107 seconds
[2026-05-07T20:42:22.396+0000] {processor.py:161} INFO - Started process (PID=2977) to work on /home/airflow/.local/lib/python3.12/site-packages/airflow/example_dags/example_trigger_controller_dag.py
[2026-05-07T20:42:22.398+0000] {processor.py:830} INFO - Processing file /home/airflow/.local/lib/python3.12/site-packages/airflow/example_dags/example_trigger_controller_dag.py for tasks to queue
[2026-05-07T20:42:22.401+0000] {logging_mixin.py:188} INFO - [2026-05-07T20:42:22.401+0000] {dagbag.py:545} INFO - Filling up the DagBag from /home/airflow/.local/lib/python3.12/site-packages/airflow/example_dags/example_trigger_controller_dag.py
[2026-05-07T20:42:22.408+0000] {processor.py:840} INFO - DAG(s) 'example_trigger_controller_dag' retrieved from /home/airflow/.local/lib/python3.12/site-packages/airflow/example_dags/example_trigger_controller_dag.py
[2026-05-07T20:42:22.434+0000] {logging_mixin.py:188} INFO - [2026-05-07T20:42:22.434+0000] {dag.py:3096} INFO - Sync 1 DAGs
[2026-05-07T20:42:22.456+0000] {logging_mixin.py:188} INFO - [2026-05-07T20:42:22.456+0000] {dag.py:3954} INFO - Setting next_dagrun for example_trigger_controller_dag to 2021-01-01 00:00:00+00:00, run_after=2021-01-01 00:00:00+00:00
[2026-05-07T20:42:22.552+0000] {processor.py:183} INFO - Processing /home/airflow/.local/lib/python3.12/site-packages/airflow/example_dags/example_trigger_controller_dag.py took 0.164 seconds
[2026-05-07T20:42:52.942+0000] {processor.py:161} INFO - Started process (PID=3035) to work on /home/airflow/.local/lib/python3.12/site-packages/airflow/example_dags/example_trigger_controller_dag.py
[2026-05-07T20:42:52.943+0000] {processor.py:830} INFO - Processing file /home/airflow/.local/lib/python3.12/site-packages/airflow/example_dags/example_trigger_controller_dag.py for tasks to queue
[2026-05-07T20:42:52.947+0000] {logging_mixin.py:188} INFO - [2026-05-07T20:42:52.947+0000] {dagbag.py:545} INFO - Filling up the DagBag from /home/airflow/.local/lib/python3.12/site-packages/airflow/example_dags/example_trigger_controller_dag.py
[2026-05-07T20:42:52.962+0000] {processor.py:840} INFO - DAG(s) 'example_trigger_controller_dag' retrieved from /home/airflow/.local/lib/python3.12/site-packages/airflow/example_dags/example_trigger_controller_dag.py
[2026-05-07T20:42:52.999+0000] {logging_mixin.py:188} INFO - [2026-05-07T20:42:52.999+0000] {dag.py:3096} INFO - Sync 1 DAGs
[2026-05-07T20:42:53.046+0000] {logging_mixin.py:188} INFO - [2026-05-07T20:42:53.045+0000] {dag.py:3954} INFO - Setting next_dagrun for example_trigger_controller_dag to 2021-01-01 00:00:00+00:00, run_after=2021-01-01 00:00:00+00:00
[2026-05-07T20:42:53.154+0000] {processor.py:183} INFO - Processing /home/airflow/.local/lib/python3.12/site-packages/airflow/example_dags/example_trigger_controller_dag.py took 0.221 seconds
[2026-05-07T20:43:23.675+0000] {processor.py:161} INFO - Started process (PID=3093) to work on /home/airflow/.local/lib/python3.12/site-packages/airflow/example_dags/example_trigger_controller_dag.py
[2026-05-07T20:43:23.677+0000] {processor.py:830} INFO - Processing file /home/airflow/.local/lib/python3.12/site-packages/airflow/example_dags/example_trigger_controller_dag.py for tasks to queue
[2026-05-07T20:43:23.681+0000] {logging_mixin.py:188} INFO - [2026-05-07T20:43:23.680+0000] {dagbag.py:545} INFO - Filling up the DagBag from /home/airflow/.local/lib/python3.12/site-packages/airflow/example_dags/example_trigger_controller_dag.py
[2026-05-07T20:43:23.688+0000] {processor.py:840} INFO - DAG(s) 'example_trigger_controller_dag' retrieved from /home/airflow/.local/lib/python3.12/site-packages/airflow/example_dags/example_trigger_controller_dag.py
[2026-05-07T20:43:23.711+0000] {logging_mixin.py:188} INFO - [2026-05-07T20:43:23.711+0000] {dag.py:3096} INFO - Sync 1 DAGs
[2026-05-07T20:43:23.732+0000] {logging_mixin.py:188} INFO - [2026-05-07T20:43:23.732+0000] {dag.py:3954} INFO - Setting next_dagrun for example_trigger_controller_dag to 2021-01-01 00:00:00+00:00, run_after=2021-01-01 00:00:00+00:00
[2026-05-07T20:43:23.753+0000] {processor.py:183} INFO - Processing /home/airflow/.local/lib/python3.12/site-packages/airflow/example_dags/example_trigger_controller_dag.py took 0.085 seconds
[2026-05-07T20:43:54.050+0000] {processor.py:161} INFO - Started process (PID=3151) to work on /home/airflow/.local/lib/python3.12/site-packages/airflow/example_dags/example_trigger_controller_dag.py
[2026-05-07T20:43:54.051+0000] {processor.py:830} INFO - Processing file /home/airflow/.local/lib/python3.12/site-packages/airflow/example_dags/example_trigger_controller_dag.py for tasks to queue
[2026-05-07T20:43:54.054+0000] {logging_mixin.py:188} INFO - [2026-05-07T20:43:54.053+0000] {dagbag.py:545} INFO - Filling up the DagBag from /home/airflow/.local/lib/python3.12/site-packages/airflow/example_dags/example_trigger_controller_dag.py
[2026-05-07T20:43:54.060+0000] {processor.py:840} INFO - DAG(s) 'example_trigger_controller_dag' retrieved from /home/airflow/.local/lib/python3.12/site-packages/airflow/example_dags/example_trigger_controller_dag.py
[2026-05-07T20:43:54.080+0000] {logging_mixin.py:188} INFO - [2026-05-07T20:43:54.080+0000] {dag.py:3096} INFO - Sync 1 DAGs
[2026-05-07T20:43:54.098+0000] {logging_mixin.py:188} INFO - [2026-05-07T20:43:54.097+0000] {dag.py:3954} INFO - Setting next_dagrun for example_trigger_controller_dag to 2021-01-01 00:00:00+00:00, run_after=2021-01-01 00:00:00+00:00
[2026-05-07T20:43:54.115+0000] {processor.py:183} INFO - Processing /home/airflow/.local/lib/python3.12/site-packages/airflow/example_dags/example_trigger_controller_dag.py took 0.071 seconds
[2026-05-07T20:44:24.358+0000] {processor.py:161} INFO - Started process (PID=3209) to work on /home/airflow/.local/lib/python3.12/site-packages/airflow/example_dags/example_trigger_controller_dag.py
[2026-05-07T20:44:24.360+0000] {processor.py:830} INFO - Processing file /home/airflow/.local/lib/python3.12/site-packages/airflow/example_dags/example_trigger_controller_dag.py for tasks to queue
[2026-05-07T20:44:24.362+0000] {logging_mixin.py:188} INFO - [2026-05-07T20:44:24.362+0000] {dagbag.py:545} INFO - Filling up the DagBag from /home/airflow/.local/lib/python3.12/site-packages/airflow/example_dags/example_trigger_controller_dag.py
[2026-05-07T20:44:24.368+0000] {processor.py:840} INFO - DAG(s) 'example_trigger_controller_dag' retrieved from /home/airflow/.local/lib/python3.12/site-packages/airflow/example_dags/example_trigger_controller_dag.py
[2026-05-07T20:44:24.389+0000] {logging_mixin.py:188} INFO - [2026-05-07T20:44:24.389+0000] {dag.py:3096} INFO - Sync 1 DAGs
[2026-05-07T20:44:24.410+0000] {logging_mixin.py:188} INFO - [2026-05-07T20:44:24.410+0000] {dag.py:3954} INFO - Setting next_dagrun for example_trigger_controller_dag to 2021-01-01 00:00:00+00:00, run_after=2021-01-01 00:00:00+00:00
[2026-05-07T20:44:24.434+0000] {processor.py:183} INFO - Processing /home/airflow/.local/lib/python3.12/site-packages/airflow/example_dags/example_trigger_controller_dag.py took 0.082 seconds
[2026-05-07T20:44:54.632+0000] {processor.py:161} INFO - Started process (PID=3267) to work on /home/airflow/.local/lib/python3.12/site-packages/airflow/example_dags/example_trigger_controller_dag.py
[2026-05-07T20:44:54.634+0000] {processor.py:830} INFO - Processing file /home/airflow/.local/lib/python3.12/site-packages/airflow/example_dags/example_trigger_controller_dag.py for tasks to queue
[2026-05-07T20:44:54.636+0000] {logging_mixin.py:188} INFO - [2026-05-07T20:44:54.636+0000] {dagbag.py:545} INFO - Filling up the DagBag from /home/airflow/.local/lib/python3.12/site-packages/airflow/example_dags/example_trigger_controller_dag.py
[2026-05-07T20:44:54.642+0000] {processor.py:840} INFO - DAG(s) 'example_trigger_controller_dag' retrieved from /home/airflow/.local/lib/python3.12/site-packages/airflow/example_dags/example_trigger_controller_dag.py
[2026-05-07T20:44:54.661+0000] {logging_mixin.py:188} INFO - [2026-05-07T20:44:54.661+0000] {dag.py:3096} INFO - Sync 1 DAGs
[2026-05-07T20:44:54.678+0000] {logging_mixin.py:188} INFO - [2026-05-07T20:44:54.677+0000] {dag.py:3954} INFO - Setting next_dagrun for example_trigger_controller_dag to 2021-01-01 00:00:00+00:00, run_after=2021-01-01 00:00:00+00:00
[2026-05-07T20:44:54.698+0000] {processor.py:183} INFO - Processing /home/airflow/.local/lib/python3.12/site-packages/airflow/example_dags/example_trigger_controller_dag.py took 0.071 seconds
[2026-05-07T20:45:25.398+0000] {processor.py:161} INFO - Started process (PID=3325) to work on /home/airflow/.local/lib/python3.12/site-packages/airflow/example_dags/example_trigger_controller_dag.py
[2026-05-07T20:45:25.399+0000] {processor.py:830} INFO - Processing file /home/airflow/.local/lib/python3.12/site-packages/airflow/example_dags/example_trigger_controller_dag.py for tasks to queue
[2026-05-07T20:45:25.401+0000] {logging_mixin.py:188} INFO - [2026-05-07T20:45:25.401+0000] {dagbag.py:545} INFO - Filling up the DagBag from /home/airflow/.local/lib/python3.12/site-packages/airflow/example_dags/example_trigger_controller_dag.py
[2026-05-07T20:45:25.407+0000] {processor.py:840} INFO - DAG(s) 'example_trigger_controller_dag' retrieved from /home/airflow/.local/lib/python3.12/site-packages/airflow/example_dags/example_trigger_controller_dag.py
[2026-05-07T20:45:25.425+0000] {logging_mixin.py:188} INFO - [2026-05-07T20:45:25.425+0000] {dag.py:3096} INFO - Sync 1 DAGs
[2026-05-07T20:45:25.442+0000] {logging_mixin.py:188} INFO - [2026-05-07T20:45:25.442+0000] {dag.py:3954} INFO - Setting next_dagrun for example_trigger_controller_dag to 2021-01-01 00:00:00+00:00, run_after=2021-01-01 00:00:00+00:00
[2026-05-07T20:45:25.459+0000] {processor.py:183} INFO - Processing /home/airflow/.local/lib/python3.12/site-packages/airflow/example_dags/example_trigger_controller_dag.py took 0.066 seconds
[2026-05-07T20:45:55.675+0000] {processor.py:161} INFO - Started process (PID=3383) to work on /home/airflow/.local/lib/python3.12/site-packages/airflow/example_dags/example_trigger_controller_dag.py
[2026-05-07T20:45:55.676+0000] {processor.py:830} INFO - Processing file /home/airflow/.local/lib/python3.12/site-packages/airflow/example_dags/example_trigger_controller_dag.py for tasks to queue
[2026-05-07T20:45:55.679+0000] {logging_mixin.py:188} INFO - [2026-05-07T20:45:55.678+0000] {dagbag.py:545} INFO - Filling up the DagBag from /home/airflow/.local/lib/python3.12/site-packages/airflow/example_dags/example_trigger_controller_dag.py
[2026-05-07T20:45:55.688+0000] {processor.py:840} INFO - DAG(s) 'example_trigger_controller_dag' retrieved from /home/airflow/.local/lib/python3.12/site-packages/airflow/example_dags/example_trigger_controller_dag.py
[2026-05-07T20:45:55.711+0000] {logging_mixin.py:188} INFO - [2026-05-07T20:45:55.711+0000] {dag.py:3096} INFO - Sync 1 DAGs
[2026-05-07T20:45:55.730+0000] {logging_mixin.py:188} INFO - [2026-05-07T20:45:55.730+0000] {dag.py:3954} INFO - Setting next_dagrun for example_trigger_controller_dag to 2021-01-01 00:00:00+00:00, run_after=2021-01-01 00:00:00+00:00
[2026-05-07T20:45:55.748+0000] {processor.py:183} INFO - Processing /home/airflow/.local/lib/python3.12/site-packages/airflow/example_dags/example_trigger_controller_dag.py took 0.079 seconds
[2026-05-07T20:46:26.244+0000] {processor.py:161} INFO - Started process (PID=3441) to work on /home/airflow/.local/lib/python3.12/site-packages/airflow/example_dags/example_trigger_controller_dag.py
[2026-05-07T20:46:26.246+0000] {processor.py:830} INFO - Processing file /home/airflow/.local/lib/python3.12/site-packages/airflow/example_dags/example_trigger_controller_dag.py for tasks to queue
[2026-05-07T20:46:26.249+0000] {logging_mixin.py:188} INFO - [2026-05-07T20:46:26.248+0000] {dagbag.py:545} INFO - Filling up the DagBag from /home/airflow/.local/lib/python3.12/site-packages/airflow/example_dags/example_trigger_controller_dag.py
[2026-05-07T20:46:26.256+0000] {processor.py:840} INFO - DAG(s) 'example_trigger_controller_dag' retrieved from /home/airflow/.local/lib/python3.12/site-packages/airflow/example_dags/example_trigger_controller_dag.py
[2026-05-07T20:46:26.276+0000] {logging_mixin.py:188} INFO - [2026-05-07T20:46:26.276+0000] {dag.py:3096} INFO - Sync 1 DAGs
[2026-05-07T20:46:26.294+0000] {logging_mixin.py:188} INFO - [2026-05-07T20:46:26.294+0000] {dag.py:3954} INFO - Setting next_dagrun for example_trigger_controller_dag to 2021-01-01 00:00:00+00:00, run_after=2021-01-01 00:00:00+00:00
[2026-05-07T20:46:26.313+0000] {processor.py:183} INFO - Processing /home/airflow/.local/lib/python3.12/site-packages/airflow/example_dags/example_trigger_controller_dag.py took 0.074 seconds
[2026-05-07T20:46:57.463+0000] {processor.py:161} INFO - Started process (PID=3499) to work on /home/airflow/.local/lib/python3.12/site-packages/airflow/example_dags/example_trigger_controller_dag.py
[2026-05-07T20:46:57.464+0000] {processor.py:830} INFO - Processing file /home/airflow/.local/lib/python3.12/site-packages/airflow/example_dags/example_trigger_controller_dag.py for tasks to queue
[2026-05-07T20:46:57.466+0000] {logging_mixin.py:188} INFO - [2026-05-07T20:46:57.466+0000] {dagbag.py:545} INFO - Filling up the DagBag from /home/airflow/.local/lib/python3.12/site-packages/airflow/example_dags/example_trigger_controller_dag.py
[2026-05-07T20:46:57.472+0000] {processor.py:840} INFO - DAG(s) 'example_trigger_controller_dag' retrieved from /home/airflow/.local/lib/python3.12/site-packages/airflow/example_dags/example_trigger_controller_dag.py
[2026-05-07T20:46:57.493+0000] {logging_mixin.py:188} INFO - [2026-05-07T20:46:57.493+0000] {dag.py:3096} INFO - Sync 1 DAGs
[2026-05-07T20:46:57.516+0000] {logging_mixin.py:188} INFO - [2026-05-07T20:46:57.516+0000] {dag.py:3954} INFO - Setting next_dagrun for example_trigger_controller_dag to 2021-01-01 00:00:00+00:00, run_after=2021-01-01 00:00:00+00:00
[2026-05-07T20:46:57.547+0000] {processor.py:183} INFO - Processing /home/airflow/.local/lib/python3.12/site-packages/airflow/example_dags/example_trigger_controller_dag.py took 0.090 seconds
[2026-05-07T20:47:28.552+0000] {processor.py:161} INFO - Started process (PID=3558) to work on /home/airflow/.local/lib/python3.12/site-packages/airflow/example_dags/example_trigger_controller_dag.py
[2026-05-07T20:47:28.554+0000] {processor.py:830} INFO - Processing file /home/airflow/.local/lib/python3.12/site-packages/airflow/example_dags/example_trigger_controller_dag.py for tasks to queue
[2026-05-07T20:47:28.557+0000] {logging_mixin.py:188} INFO - [2026-05-07T20:47:28.556+0000] {dagbag.py:545} INFO - Filling up the DagBag from /home/airflow/.local/lib/python3.12/site-packages/airflow/example_dags/example_trigger_controller_dag.py
[2026-05-07T20:47:28.564+0000] {processor.py:840} INFO - DAG(s) 'example_trigger_controller_dag' retrieved from /home/airflow/.local/lib/python3.12/site-packages/airflow/example_dags/example_trigger_controller_dag.py
[2026-05-07T20:47:28.599+0000] {logging_mixin.py:188} INFO - [2026-05-07T20:47:28.599+0000] {dag.py:3096} INFO - Sync 1 DAGs
[2026-05-07T20:47:28.624+0000] {logging_mixin.py:188} INFO - [2026-05-07T20:47:28.624+0000] {dag.py:3954} INFO - Setting next_dagrun for example_trigger_controller_dag to 2021-01-01 00:00:00+00:00, run_after=2021-01-01 00:00:00+00:00
[2026-05-07T20:47:28.659+0000] {processor.py:183} INFO - Processing /home/airflow/.local/lib/python3.12/site-packages/airflow/example_dags/example_trigger_controller_dag.py took 0.113 seconds
[2026-05-07T20:47:58.884+0000] {processor.py:161} INFO - Started process (PID=3616) to work on /home/airflow/.local/lib/python3.12/site-packages/airflow/example_dags/example_trigger_controller_dag.py
[2026-05-07T20:47:58.885+0000] {processor.py:830} INFO - Processing file /home/airflow/.local/lib/python3.12/site-packages/airflow/example_dags/example_trigger_controller_dag.py for tasks to queue
[2026-05-07T20:47:58.887+0000] {logging_mixin.py:188} INFO - [2026-05-07T20:47:58.887+0000] {dagbag.py:545} INFO - Filling up the DagBag from /home/airflow/.local/lib/python3.12/site-packages/airflow/example_dags/example_trigger_controller_dag.py
[2026-05-07T20:47:58.893+0000] {processor.py:840} INFO - DAG(s) 'example_trigger_controller_dag' retrieved from /home/airflow/.local/lib/python3.12/site-packages/airflow/example_dags/example_trigger_controller_dag.py
[2026-05-07T20:47:58.923+0000] {logging_mixin.py:188} INFO - [2026-05-07T20:47:58.923+0000] {dag.py:3096} INFO - Sync 1 DAGs
[2026-05-07T20:47:58.946+0000] {logging_mixin.py:188} INFO - [2026-05-07T20:47:58.946+0000] {dag.py:3954} INFO - Setting next_dagrun for example_trigger_controller_dag to 2021-01-01 00:00:00+00:00, run_after=2021-01-01 00:00:00+00:00
[2026-05-07T20:47:58.971+0000] {processor.py:183} INFO - Processing /home/airflow/.local/lib/python3.12/site-packages/airflow/example_dags/example_trigger_controller_dag.py took 0.095 seconds
[2026-05-07T20:48:29.227+0000] {processor.py:161} INFO - Started process (PID=3674) to work on /home/airflow/.local/lib/python3.12/site-packages/airflow/example_dags/example_trigger_controller_dag.py
[2026-05-07T20:48:29.228+0000] {processor.py:830} INFO - Processing file /home/airflow/.local/lib/python3.12/site-packages/airflow/example_dags/example_trigger_controller_dag.py for tasks to queue
[2026-05-07T20:48:29.231+0000] {logging_mixin.py:188} INFO - [2026-05-07T20:48:29.231+0000] {dagbag.py:545} INFO - Filling up the DagBag from /home/airflow/.local/lib/python3.12/site-packages/airflow/example_dags/example_trigger_controller_dag.py
[2026-05-07T20:48:29.239+0000] {processor.py:840} INFO - DAG(s) 'example_trigger_controller_dag' retrieved from /home/airflow/.local/lib/python3.12/site-packages/airflow/example_dags/example_trigger_controller_dag.py
[2026-05-07T20:48:29.265+0000] {logging_mixin.py:188} INFO - [2026-05-07T20:48:29.264+0000] {dag.py:3096} INFO - Sync 1 DAGs
[2026-05-07T20:48:29.288+0000] {logging_mixin.py:188} INFO - [2026-05-07T20:48:29.288+0000] {dag.py:3954} INFO - Setting next_dagrun for example_trigger_controller_dag to 2021-01-01 00:00:00+00:00, run_after=2021-01-01 00:00:00+00:00
[2026-05-07T20:48:29.319+0000] {processor.py:183} INFO - Processing /home/airflow/.local/lib/python3.12/site-packages/airflow/example_dags/example_trigger_controller_dag.py took 0.099 seconds
[2026-05-07T20:48:59.818+0000] {processor.py:161} INFO - Started process (PID=3732) to work on /home/airflow/.local/lib/python3.12/site-packages/airflow/example_dags/example_trigger_controller_dag.py
[2026-05-07T20:48:59.820+0000] {processor.py:830} INFO - Processing file /home/airflow/.local/lib/python3.12/site-packages/airflow/example_dags/example_trigger_controller_dag.py for tasks to queue
[2026-05-07T20:48:59.824+0000] {logging_mixin.py:188} INFO - [2026-05-07T20:48:59.823+0000] {dagbag.py:545} INFO - Filling up the DagBag from /home/airflow/.local/lib/python3.12/site-packages/airflow/example_dags/example_trigger_controller_dag.py
[2026-05-07T20:48:59.833+0000] {processor.py:840} INFO - DAG(s) 'example_trigger_controller_dag' retrieved from /home/airflow/.local/lib/python3.12/site-packages/airflow/example_dags/example_trigger_controller_dag.py
[2026-05-07T20:48:59.880+0000] {logging_mixin.py:188} INFO - [2026-05-07T20:48:59.879+0000] {dag.py:3096} INFO - Sync 1 DAGs
[2026-05-07T20:48:59.927+0000] {logging_mixin.py:188} INFO - [2026-05-07T20:48:59.926+0000] {dag.py:3954} INFO - Setting next_dagrun for example_trigger_controller_dag to 2021-01-01 00:00:00+00:00, run_after=2021-01-01 00:00:00+00:00
[2026-05-07T20:48:59.966+0000] {processor.py:183} INFO - Processing /home/airflow/.local/lib/python3.12/site-packages/airflow/example_dags/example_trigger_controller_dag.py took 0.157 seconds
[2026-05-07T20:49:30.045+0000] {processor.py:161} INFO - Started process (PID=3790) to work on /home/airflow/.local/lib/python3.12/site-packages/airflow/example_dags/example_trigger_controller_dag.py
[2026-05-07T20:49:30.047+0000] {processor.py:830} INFO - Processing file /home/airflow/.local/lib/python3.12/site-packages/airflow/example_dags/example_trigger_controller_dag.py for tasks to queue
[2026-05-07T20:49:30.049+0000] {logging_mixin.py:188} INFO - [2026-05-07T20:49:30.049+0000] {dagbag.py:545} INFO - Filling up the DagBag from /home/airflow/.local/lib/python3.12/site-packages/airflow/example_dags/example_trigger_controller_dag.py
[2026-05-07T20:49:30.055+0000] {processor.py:840} INFO - DAG(s) 'example_trigger_controller_dag' retrieved from /home/airflow/.local/lib/python3.12/site-packages/airflow/example_dags/example_trigger_controller_dag.py
[2026-05-07T20:49:30.081+0000] {logging_mixin.py:188} INFO - [2026-05-07T20:49:30.081+0000] {dag.py:3096} INFO - Sync 1 DAGs
[2026-05-07T20:49:30.111+0000] {logging_mixin.py:188} INFO - [2026-05-07T20:49:30.110+0000] {dag.py:3954} INFO - Setting next_dagrun for example_trigger_controller_dag to 2021-01-01 00:00:00+00:00, run_after=2021-01-01 00:00:00+00:00
[2026-05-07T20:49:30.133+0000] {processor.py:183} INFO - Processing /home/airflow/.local/lib/python3.12/site-packages/airflow/example_dags/example_trigger_controller_dag.py took 0.095 seconds
[2026-05-07T20:50:00.757+0000] {processor.py:161} INFO - Started process (PID=3848) to work on /home/airflow/.local/lib/python3.12/site-packages/airflow/example_dags/example_trigger_controller_dag.py
[2026-05-07T20:50:00.760+0000] {processor.py:830} INFO - Processing file /home/airflow/.local/lib/python3.12/site-packages/airflow/example_dags/example_trigger_controller_dag.py for tasks to queue
[2026-05-07T20:50:00.765+0000] {logging_mixin.py:188} INFO - [2026-05-07T20:50:00.765+0000] {dagbag.py:545} INFO - Filling up the DagBag from /home/airflow/.local/lib/python3.12/site-packages/airflow/example_dags/example_trigger_controller_dag.py
[2026-05-07T20:50:00.777+0000] {processor.py:840} INFO - DAG(s) 'example_trigger_controller_dag' retrieved from /home/airflow/.local/lib/python3.12/site-packages/airflow/example_dags/example_trigger_controller_dag.py
[2026-05-07T20:50:00.814+0000] {logging_mixin.py:188} INFO - [2026-05-07T20:50:00.813+0000] {dag.py:3096} INFO - Sync 1 DAGs
[2026-05-07T20:50:00.860+0000] {logging_mixin.py:188} INFO - [2026-05-07T20:50:00.859+0000] {dag.py:3954} INFO - Setting next_dagrun for example_trigger_controller_dag to 2021-01-01 00:00:00+00:00, run_after=2021-01-01 00:00:00+00:00
[2026-05-07T20:50:00.897+0000] {processor.py:183} INFO - Processing /home/airflow/.local/lib/python3.12/site-packages/airflow/example_dags/example_trigger_controller_dag.py took 0.157 seconds
[2026-05-07T20:50:31.448+0000] {processor.py:161} INFO - Started process (PID=3906) to work on /home/airflow/.local/lib/python3.12/site-packages/airflow/example_dags/example_trigger_controller_dag.py
[2026-05-07T20:50:31.450+0000] {processor.py:830} INFO - Processing file /home/airflow/.local/lib/python3.12/site-packages/airflow/example_dags/example_trigger_controller_dag.py for tasks to queue
[2026-05-07T20:50:31.454+0000] {logging_mixin.py:188} INFO - [2026-05-07T20:50:31.453+0000] {dagbag.py:545} INFO - Filling up the DagBag from /home/airflow/.local/lib/python3.12/site-packages/airflow/example_dags/example_trigger_controller_dag.py
[2026-05-07T20:50:31.464+0000] {processor.py:840} INFO - DAG(s) 'example_trigger_controller_dag' retrieved from /home/airflow/.local/lib/python3.12/site-packages/airflow/example_dags/example_trigger_controller_dag.py
[2026-05-07T20:50:31.501+0000] {logging_mixin.py:188} INFO - [2026-05-07T20:50:31.500+0000] {dag.py:3096} INFO - Sync 1 DAGs
[2026-05-07T20:50:31.549+0000] {logging_mixin.py:188} INFO - [2026-05-07T20:50:31.549+0000] {dag.py:3954} INFO - Setting next_dagrun for example_trigger_controller_dag to 2021-01-01 00:00:00+00:00, run_after=2021-01-01 00:00:00+00:00
[2026-05-07T20:50:31.585+0000] {processor.py:183} INFO - Processing /home/airflow/.local/lib/python3.12/site-packages/airflow/example_dags/example_trigger_controller_dag.py took 0.149 seconds
[2026-05-07T20:51:02.163+0000] {processor.py:161} INFO - Started process (PID=3964) to work on /home/airflow/.local/lib/python3.12/site-packages/airflow/example_dags/example_trigger_controller_dag.py
[2026-05-07T20:51:02.164+0000] {processor.py:830} INFO - Processing file /home/airflow/.local/lib/python3.12/site-packages/airflow/example_dags/example_trigger_controller_dag.py for tasks to queue
[2026-05-07T20:51:02.167+0000] {logging_mixin.py:188} INFO - [2026-05-07T20:51:02.166+0000] {dagbag.py:545} INFO - Filling up the DagBag from /home/airflow/.local/lib/python3.12/site-packages/airflow/example_dags/example_trigger_controller_dag.py
[2026-05-07T20:51:02.172+0000] {processor.py:840} INFO - DAG(s) 'example_trigger_controller_dag' retrieved from /home/airflow/.local/lib/python3.12/site-packages/airflow/example_dags/example_trigger_controller_dag.py
[2026-05-07T20:51:02.197+0000] {logging_mixin.py:188} INFO - [2026-05-07T20:51:02.197+0000] {dag.py:3096} INFO - Sync 1 DAGs
[2026-05-07T20:51:02.223+0000] {logging_mixin.py:188} INFO - [2026-05-07T20:51:02.222+0000] {dag.py:3954} INFO - Setting next_dagrun for example_trigger_controller_dag to 2021-01-01 00:00:00+00:00, run_after=2021-01-01 00:00:00+00:00
[2026-05-07T20:51:02.323+0000] {processor.py:183} INFO - Processing /home/airflow/.local/lib/python3.12/site-packages/airflow/example_dags/example_trigger_controller_dag.py took 0.166 seconds
[2026-05-07T20:51:33.438+0000] {processor.py:161} INFO - Started process (PID=4022) to work on /home/airflow/.local/lib/python3.12/site-packages/airflow/example_dags/example_trigger_controller_dag.py
[2026-05-07T20:51:33.440+0000] {processor.py:830} INFO - Processing file /home/airflow/.local/lib/python3.12/site-packages/airflow/example_dags/example_trigger_controller_dag.py for tasks to queue
[2026-05-07T20:51:33.445+0000] {logging_mixin.py:188} INFO - [2026-05-07T20:51:33.444+0000] {dagbag.py:545} INFO - Filling up the DagBag from /home/airflow/.local/lib/python3.12/site-packages/airflow/example_dags/example_trigger_controller_dag.py
[2026-05-07T20:51:33.452+0000] {processor.py:840} INFO - DAG(s) 'example_trigger_controller_dag' retrieved from /home/airflow/.local/lib/python3.12/site-packages/airflow/example_dags/example_trigger_controller_dag.py
[2026-05-07T20:51:33.473+0000] {logging_mixin.py:188} INFO - [2026-05-07T20:51:33.473+0000] {dag.py:3096} INFO - Sync 1 DAGs
[2026-05-07T20:51:33.498+0000] {logging_mixin.py:188} INFO - [2026-05-07T20:51:33.498+0000] {dag.py:3954} INFO - Setting next_dagrun for example_trigger_controller_dag to 2021-01-01 00:00:00+00:00, run_after=2021-01-01 00:00:00+00:00
[2026-05-07T20:51:33.525+0000] {processor.py:183} INFO - Processing /home/airflow/.local/lib/python3.12/site-packages/airflow/example_dags/example_trigger_controller_dag.py took 0.100 seconds
[2026-05-07T20:52:04.251+0000] {processor.py:161} INFO - Started process (PID=4081) to work on /home/airflow/.local/lib/python3.12/site-packages/airflow/example_dags/example_trigger_controller_dag.py
[2026-05-07T20:52:04.252+0000] {processor.py:830} INFO - Processing file /home/airflow/.local/lib/python3.12/site-packages/airflow/example_dags/example_trigger_controller_dag.py for tasks to queue
[2026-05-07T20:52:04.255+0000] {logging_mixin.py:188} INFO - [2026-05-07T20:52:04.254+0000] {dagbag.py:545} INFO - Filling up the DagBag from /home/airflow/.local/lib/python3.12/site-packages/airflow/example_dags/example_trigger_controller_dag.py
[2026-05-07T20:52:04.260+0000] {processor.py:840} INFO - DAG(s) 'example_trigger_controller_dag' retrieved from /home/airflow/.local/lib/python3.12/site-packages/airflow/example_dags/example_trigger_controller_dag.py
[2026-05-07T20:52:04.283+0000] {logging_mixin.py:188} INFO - [2026-05-07T20:52:04.282+0000] {dag.py:3096} INFO - Sync 1 DAGs
[2026-05-07T20:52:04.304+0000] {logging_mixin.py:188} INFO - [2026-05-07T20:52:04.304+0000] {dag.py:3954} INFO - Setting next_dagrun for example_trigger_controller_dag to 2021-01-01 00:00:00+00:00, run_after=2021-01-01 00:00:00+00:00
[2026-05-07T20:52:04.403+0000] {processor.py:183} INFO - Processing /home/airflow/.local/lib/python3.12/site-packages/airflow/example_dags/example_trigger_controller_dag.py took 0.160 seconds
[2026-05-07T20:52:34.928+0000] {processor.py:161} INFO - Started process (PID=4139) to work on /home/airflow/.local/lib/python3.12/site-packages/airflow/example_dags/example_trigger_controller_dag.py
[2026-05-07T20:52:34.929+0000] {processor.py:830} INFO - Processing file /home/airflow/.local/lib/python3.12/site-packages/airflow/example_dags/example_trigger_controller_dag.py for tasks to queue
[2026-05-07T20:52:34.932+0000] {logging_mixin.py:188} INFO - [2026-05-07T20:52:34.931+0000] {dagbag.py:545} INFO - Filling up the DagBag from /home/airflow/.local/lib/python3.12/site-packages/airflow/example_dags/example_trigger_controller_dag.py
[2026-05-07T20:52:34.939+0000] {processor.py:840} INFO - DAG(s) 'example_trigger_controller_dag' retrieved from /home/airflow/.local/lib/python3.12/site-packages/airflow/example_dags/example_trigger_controller_dag.py
[2026-05-07T20:52:34.965+0000] {logging_mixin.py:188} INFO - [2026-05-07T20:52:34.965+0000] {dag.py:3096} INFO - Sync 1 DAGs
[2026-05-07T20:52:34.992+0000] {logging_mixin.py:188} INFO - [2026-05-07T20:52:34.992+0000] {dag.py:3954} INFO - Setting next_dagrun for example_trigger_controller_dag to 2021-01-01 00:00:00+00:00, run_after=2021-01-01 00:00:00+00:00
[2026-05-07T20:52:35.093+0000] {processor.py:183} INFO - Processing /home/airflow/.local/lib/python3.12/site-packages/airflow/example_dags/example_trigger_controller_dag.py took 0.172 seconds
[2026-05-07T20:53:05.318+0000] {processor.py:161} INFO - Started process (PID=4197) to work on /home/airflow/.local/lib/python3.12/site-packages/airflow/example_dags/example_trigger_controller_dag.py
[2026-05-07T20:53:05.320+0000] {processor.py:830} INFO - Processing file /home/airflow/.local/lib/python3.12/site-packages/airflow/example_dags/example_trigger_controller_dag.py for tasks to queue
[2026-05-07T20:53:05.323+0000] {logging_mixin.py:188} INFO - [2026-05-07T20:53:05.323+0000] {dagbag.py:545} INFO - Filling up the DagBag from /home/airflow/.local/lib/python3.12/site-packages/airflow/example_dags/example_trigger_controller_dag.py
[2026-05-07T20:53:05.331+0000] {processor.py:840} INFO - DAG(s) 'example_trigger_controller_dag' retrieved from /home/airflow/.local/lib/python3.12/site-packages/airflow/example_dags/example_trigger_controller_dag.py
[2026-05-07T20:53:05.355+0000] {logging_mixin.py:188} INFO - [2026-05-07T20:53:05.355+0000] {dag.py:3096} INFO - Sync 1 DAGs
[2026-05-07T20:53:05.375+0000] {logging_mixin.py:188} INFO - [2026-05-07T20:53:05.375+0000] {dag.py:3954} INFO - Setting next_dagrun for example_trigger_controller_dag to 2021-01-01 00:00:00+00:00, run_after=2021-01-01 00:00:00+00:00
[2026-05-07T20:53:05.473+0000] {processor.py:183} INFO - Processing /home/airflow/.local/lib/python3.12/site-packages/airflow/example_dags/example_trigger_controller_dag.py took 0.161 seconds
[2026-05-07T20:53:36.598+0000] {processor.py:161} INFO - Started process (PID=4255) to work on /home/airflow/.local/lib/python3.12/site-packages/airflow/example_dags/example_trigger_controller_dag.py
[2026-05-07T20:53:36.599+0000] {processor.py:830} INFO - Processing file /home/airflow/.local/lib/python3.12/site-packages/airflow/example_dags/example_trigger_controller_dag.py for tasks to queue
[2026-05-07T20:53:36.602+0000] {logging_mixin.py:188} INFO - [2026-05-07T20:53:36.601+0000] {dagbag.py:545} INFO - Filling up the DagBag from /home/airflow/.local/lib/python3.12/site-packages/airflow/example_dags/example_trigger_controller_dag.py
[2026-05-07T20:53:36.607+0000] {processor.py:840} INFO - DAG(s) 'example_trigger_controller_dag' retrieved from /home/airflow/.local/lib/python3.12/site-packages/airflow/example_dags/example_trigger_controller_dag.py
[2026-05-07T20:53:36.627+0000] {logging_mixin.py:188} INFO - [2026-05-07T20:53:36.627+0000] {dag.py:3096} INFO - Sync 1 DAGs
[2026-05-07T20:53:36.650+0000] {logging_mixin.py:188} INFO - [2026-05-07T20:53:36.650+0000] {dag.py:3954} INFO - Setting next_dagrun for example_trigger_controller_dag to 2021-01-01 00:00:00+00:00, run_after=2021-01-01 00:00:00+00:00
[2026-05-07T20:53:36.672+0000] {processor.py:183} INFO - Processing /home/airflow/.local/lib/python3.12/site-packages/airflow/example_dags/example_trigger_controller_dag.py took 0.081 seconds
[2026-05-07T20:54:07.628+0000] {processor.py:161} INFO - Started process (PID=4319) to work on /home/airflow/.local/lib/python3.12/site-packages/airflow/example_dags/example_trigger_controller_dag.py
[2026-05-07T20:54:07.632+0000] {processor.py:830} INFO - Processing file /home/airflow/.local/lib/python3.12/site-packages/airflow/example_dags/example_trigger_controller_dag.py for tasks to queue
[2026-05-07T20:54:07.637+0000] {logging_mixin.py:188} INFO - [2026-05-07T20:54:07.636+0000] {dagbag.py:545} INFO - Filling up the DagBag from /home/airflow/.local/lib/python3.12/site-packages/airflow/example_dags/example_trigger_controller_dag.py
[2026-05-07T20:54:07.656+0000] {processor.py:840} INFO - DAG(s) 'example_trigger_controller_dag' retrieved from /home/airflow/.local/lib/python3.12/site-packages/airflow/example_dags/example_trigger_controller_dag.py
[2026-05-07T20:54:07.684+0000] {logging_mixin.py:188} INFO - [2026-05-07T20:54:07.683+0000] {dag.py:3096} INFO - Sync 1 DAGs
[2026-05-07T20:54:07.709+0000] {logging_mixin.py:188} INFO - [2026-05-07T20:54:07.708+0000] {dag.py:3954} INFO - Setting next_dagrun for example_trigger_controller_dag to 2021-01-01 00:00:00+00:00, run_after=2021-01-01 00:00:00+00:00
[2026-05-07T20:54:07.747+0000] {processor.py:183} INFO - Processing /home/airflow/.local/lib/python3.12/site-packages/airflow/example_dags/example_trigger_controller_dag.py took 0.132 seconds
[2026-05-07T20:54:38.560+0000] {processor.py:161} INFO - Started process (PID=4377) to work on /home/airflow/.local/lib/python3.12/site-packages/airflow/example_dags/example_trigger_controller_dag.py
[2026-05-07T20:54:38.561+0000] {processor.py:830} INFO - Processing file /home/airflow/.local/lib/python3.12/site-packages/airflow/example_dags/example_trigger_controller_dag.py for tasks to queue
[2026-05-07T20:54:38.565+0000] {logging_mixin.py:188} INFO - [2026-05-07T20:54:38.564+0000] {dagbag.py:545} INFO - Filling up the DagBag from /home/airflow/.local/lib/python3.12/site-packages/airflow/example_dags/example_trigger_controller_dag.py
[2026-05-07T20:54:38.572+0000] {processor.py:840} INFO - DAG(s) 'example_trigger_controller_dag' retrieved from /home/airflow/.local/lib/python3.12/site-packages/airflow/example_dags/example_trigger_controller_dag.py
[2026-05-07T20:54:38.597+0000] {logging_mixin.py:188} INFO - [2026-05-07T20:54:38.597+0000] {dag.py:3096} INFO - Sync 1 DAGs
[2026-05-07T20:54:38.619+0000] {logging_mixin.py:188} INFO - [2026-05-07T20:54:38.619+0000] {dag.py:3954} INFO - Setting next_dagrun for example_trigger_controller_dag to 2021-01-01 00:00:00+00:00, run_after=2021-01-01 00:00:00+00:00
[2026-05-07T20:54:38.639+0000] {processor.py:183} INFO - Processing /home/airflow/.local/lib/python3.12/site-packages/airflow/example_dags/example_trigger_controller_dag.py took 0.087 seconds
[2026-05-07T20:55:09.404+0000] {processor.py:161} INFO - Started process (PID=4435) to work on /home/airflow/.local/lib/python3.12/site-packages/airflow/example_dags/example_trigger_controller_dag.py
[2026-05-07T20:55:09.406+0000] {processor.py:830} INFO - Processing file /home/airflow/.local/lib/python3.12/site-packages/airflow/example_dags/example_trigger_controller_dag.py for tasks to queue
[2026-05-07T20:55:09.408+0000] {logging_mixin.py:188} INFO - [2026-05-07T20:55:09.407+0000] {dagbag.py:545} INFO - Filling up the DagBag from /home/airflow/.local/lib/python3.12/site-packages/airflow/example_dags/example_trigger_controller_dag.py
[2026-05-07T20:55:09.414+0000] {processor.py:840} INFO - DAG(s) 'example_trigger_controller_dag' retrieved from /home/airflow/.local/lib/python3.12/site-packages/airflow/example_dags/example_trigger_controller_dag.py
[2026-05-07T20:55:09.439+0000] {logging_mixin.py:188} INFO - [2026-05-07T20:55:09.439+0000] {dag.py:3096} INFO - Sync 1 DAGs
[2026-05-07T20:55:09.462+0000] {logging_mixin.py:188} INFO - [2026-05-07T20:55:09.461+0000] {dag.py:3954} INFO - Setting next_dagrun for example_trigger_controller_dag to 2021-01-01 00:00:00+00:00, run_after=2021-01-01 00:00:00+00:00
[2026-05-07T20:55:09.485+0000] {processor.py:183} INFO - Processing /home/airflow/.local/lib/python3.12/site-packages/airflow/example_dags/example_trigger_controller_dag.py took 0.087 seconds
[2026-05-07T20:55:40.194+0000] {processor.py:161} INFO - Started process (PID=4493) to work on /home/airflow/.local/lib/python3.12/site-packages/airflow/example_dags/example_trigger_controller_dag.py
[2026-05-07T20:55:40.195+0000] {processor.py:830} INFO - Processing file /home/airflow/.local/lib/python3.12/site-packages/airflow/example_dags/example_trigger_controller_dag.py for tasks to queue
[2026-05-07T20:55:40.197+0000] {logging_mixin.py:188} INFO - [2026-05-07T20:55:40.197+0000] {dagbag.py:545} INFO - Filling up the DagBag from /home/airflow/.local/lib/python3.12/site-packages/airflow/example_dags/example_trigger_controller_dag.py
[2026-05-07T20:55:40.204+0000] {processor.py:840} INFO - DAG(s) 'example_trigger_controller_dag' retrieved from /home/airflow/.local/lib/python3.12/site-packages/airflow/example_dags/example_trigger_controller_dag.py
[2026-05-07T20:55:40.235+0000] {logging_mixin.py:188} INFO - [2026-05-07T20:55:40.234+0000] {dag.py:3096} INFO - Sync 1 DAGs
[2026-05-07T20:55:40.256+0000] {logging_mixin.py:188} INFO - [2026-05-07T20:55:40.256+0000] {dag.py:3954} INFO - Setting next_dagrun for example_trigger_controller_dag to 2021-01-01 00:00:00+00:00, run_after=2021-01-01 00:00:00+00:00
[2026-05-07T20:55:40.281+0000] {processor.py:183} INFO - Processing /home/airflow/.local/lib/python3.12/site-packages/airflow/example_dags/example_trigger_controller_dag.py took 0.094 seconds
[2026-05-07T20:56:11.057+0000] {processor.py:161} INFO - Started process (PID=4551) to work on /home/airflow/.local/lib/python3.12/site-packages/airflow/example_dags/example_trigger_controller_dag.py
[2026-05-07T20:56:11.059+0000] {processor.py:830} INFO - Processing file /home/airflow/.local/lib/python3.12/site-packages/airflow/example_dags/example_trigger_controller_dag.py for tasks to queue
[2026-05-07T20:56:11.063+0000] {logging_mixin.py:188} INFO - [2026-05-07T20:56:11.062+0000] {dagbag.py:545} INFO - Filling up the DagBag from /home/airflow/.local/lib/python3.12/site-packages/airflow/example_dags/example_trigger_controller_dag.py
[2026-05-07T20:56:11.073+0000] {processor.py:840} INFO - DAG(s) 'example_trigger_controller_dag' retrieved from /home/airflow/.local/lib/python3.12/site-packages/airflow/example_dags/example_trigger_controller_dag.py
[2026-05-07T20:56:11.111+0000] {logging_mixin.py:188} INFO - [2026-05-07T20:56:11.110+0000] {dag.py:3096} INFO - Sync 1 DAGs
[2026-05-07T20:56:11.142+0000] {logging_mixin.py:188} INFO - [2026-05-07T20:56:11.141+0000] {dag.py:3954} INFO - Setting next_dagrun for example_trigger_controller_dag to 2021-01-01 00:00:00+00:00, run_after=2021-01-01 00:00:00+00:00
[2026-05-07T20:56:11.165+0000] {processor.py:183} INFO - Processing /home/airflow/.local/lib/python3.12/site-packages/airflow/example_dags/example_trigger_controller_dag.py took 0.121 seconds
[2026-05-07T20:56:41.549+0000] {processor.py:161} INFO - Started process (PID=4609) to work on /home/airflow/.local/lib/python3.12/site-packages/airflow/example_dags/example_trigger_controller_dag.py
[2026-05-07T20:56:41.550+0000] {processor.py:830} INFO - Processing file /home/airflow/.local/lib/python3.12/site-packages/airflow/example_dags/example_trigger_controller_dag.py for tasks to queue
[2026-05-07T20:56:41.553+0000] {logging_mixin.py:188} INFO - [2026-05-07T20:56:41.552+0000] {dagbag.py:545} INFO - Filling up the DagBag from /home/airflow/.local/lib/python3.12/site-packages/airflow/example_dags/example_trigger_controller_dag.py
[2026-05-07T20:56:41.560+0000] {processor.py:840} INFO - DAG(s) 'example_trigger_controller_dag' retrieved from /home/airflow/.local/lib/python3.12/site-packages/airflow/example_dags/example_trigger_controller_dag.py
[2026-05-07T20:56:41.582+0000] {logging_mixin.py:188} INFO - [2026-05-07T20:56:41.582+0000] {dag.py:3096} INFO - Sync 1 DAGs
[2026-05-07T20:56:41.606+0000] {logging_mixin.py:188} INFO - [2026-05-07T20:56:41.606+0000] {dag.py:3954} INFO - Setting next_dagrun for example_trigger_controller_dag to 2021-01-01 00:00:00+00:00, run_after=2021-01-01 00:00:00+00:00
[2026-05-07T20:56:41.630+0000] {processor.py:183} INFO - Processing /home/airflow/.local/lib/python3.12/site-packages/airflow/example_dags/example_trigger_controller_dag.py took 0.088 seconds
[2026-05-07T20:57:12.219+0000] {processor.py:161} INFO - Started process (PID=4667) to work on /home/airflow/.local/lib/python3.12/site-packages/airflow/example_dags/example_trigger_controller_dag.py
[2026-05-07T20:57:12.221+0000] {processor.py:830} INFO - Processing file /home/airflow/.local/lib/python3.12/site-packages/airflow/example_dags/example_trigger_controller_dag.py for tasks to queue
[2026-05-07T20:57:12.223+0000] {logging_mixin.py:188} INFO - [2026-05-07T20:57:12.223+0000] {dagbag.py:545} INFO - Filling up the DagBag from /home/airflow/.local/lib/python3.12/site-packages/airflow/example_dags/example_trigger_controller_dag.py
[2026-05-07T20:57:12.228+0000] {processor.py:840} INFO - DAG(s) 'example_trigger_controller_dag' retrieved from /home/airflow/.local/lib/python3.12/site-packages/airflow/example_dags/example_trigger_controller_dag.py
[2026-05-07T20:57:12.252+0000] {logging_mixin.py:188} INFO - [2026-05-07T20:57:12.252+0000] {dag.py:3096} INFO - Sync 1 DAGs
[2026-05-07T20:57:12.283+0000] {logging_mixin.py:188} INFO - [2026-05-07T20:57:12.282+0000] {dag.py:3954} INFO - Setting next_dagrun for example_trigger_controller_dag to 2021-01-01 00:00:00+00:00, run_after=2021-01-01 00:00:00+00:00
[2026-05-07T20:57:12.304+0000] {processor.py:183} INFO - Processing /home/airflow/.local/lib/python3.12/site-packages/airflow/example_dags/example_trigger_controller_dag.py took 0.093 seconds
[2026-05-07T20:57:43.204+0000] {processor.py:161} INFO - Started process (PID=4725) to work on /home/airflow/.local/lib/python3.12/site-packages/airflow/example_dags/example_trigger_controller_dag.py
[2026-05-07T20:57:43.206+0000] {processor.py:830} INFO - Processing file /home/airflow/.local/lib/python3.12/site-packages/airflow/example_dags/example_trigger_controller_dag.py for tasks to queue
[2026-05-07T20:57:43.211+0000] {logging_mixin.py:188} INFO - [2026-05-07T20:57:43.210+0000] {dagbag.py:545} INFO - Filling up the DagBag from /home/airflow/.local/lib/python3.12/site-packages/airflow/example_dags/example_trigger_controller_dag.py
[2026-05-07T20:57:43.216+0000] {processor.py:840} INFO - DAG(s) 'example_trigger_controller_dag' retrieved from /home/airflow/.local/lib/python3.12/site-packages/airflow/example_dags/example_trigger_controller_dag.py
[2026-05-07T20:57:43.243+0000] {logging_mixin.py:188} INFO - [2026-05-07T20:57:43.243+0000] {dag.py:3096} INFO - Sync 1 DAGs
[2026-05-07T20:57:43.269+0000] {logging_mixin.py:188} INFO - [2026-05-07T20:57:43.269+0000] {dag.py:3954} INFO - Setting next_dagrun for example_trigger_controller_dag to 2021-01-01 00:00:00+00:00, run_after=2021-01-01 00:00:00+00:00
[2026-05-07T20:57:43.295+0000] {processor.py:183} INFO - Processing /home/airflow/.local/lib/python3.12/site-packages/airflow/example_dags/example_trigger_controller_dag.py took 0.099 seconds
[2026-05-07T20:58:14.137+0000] {processor.py:161} INFO - Started process (PID=4783) to work on /home/airflow/.local/lib/python3.12/site-packages/airflow/example_dags/example_trigger_controller_dag.py
[2026-05-07T20:58:14.139+0000] {processor.py:830} INFO - Processing file /home/airflow/.local/lib/python3.12/site-packages/airflow/example_dags/example_trigger_controller_dag.py for tasks to queue
[2026-05-07T20:58:14.144+0000] {logging_mixin.py:188} INFO - [2026-05-07T20:58:14.143+0000] {dagbag.py:545} INFO - Filling up the DagBag from /home/airflow/.local/lib/python3.12/site-packages/airflow/example_dags/example_trigger_controller_dag.py
[2026-05-07T20:58:14.154+0000] {processor.py:840} INFO - DAG(s) 'example_trigger_controller_dag' retrieved from /home/airflow/.local/lib/python3.12/site-packages/airflow/example_dags/example_trigger_controller_dag.py
[2026-05-07T20:58:14.184+0000] {logging_mixin.py:188} INFO - [2026-05-07T20:58:14.183+0000] {dag.py:3096} INFO - Sync 1 DAGs
[2026-05-07T20:58:14.220+0000] {logging_mixin.py:188} INFO - [2026-05-07T20:58:14.219+0000] {dag.py:3954} INFO - Setting next_dagrun for example_trigger_controller_dag to 2021-01-01 00:00:00+00:00, run_after=2021-01-01 00:00:00+00:00
[2026-05-07T20:58:14.259+0000] {processor.py:183} INFO - Processing /home/airflow/.local/lib/python3.12/site-packages/airflow/example_dags/example_trigger_controller_dag.py took 0.131 seconds
[2026-05-07T20:58:44.451+0000] {processor.py:161} INFO - Started process (PID=4841) to work on /home/airflow/.local/lib/python3.12/site-packages/airflow/example_dags/example_trigger_controller_dag.py
[2026-05-07T20:58:44.454+0000] {processor.py:830} INFO - Processing file /home/airflow/.local/lib/python3.12/site-packages/airflow/example_dags/example_trigger_controller_dag.py for tasks to queue
[2026-05-07T20:58:44.458+0000] {logging_mixin.py:188} INFO - [2026-05-07T20:58:44.457+0000] {dagbag.py:545} INFO - Filling up the DagBag from /home/airflow/.local/lib/python3.12/site-packages/airflow/example_dags/example_trigger_controller_dag.py
[2026-05-07T20:58:44.467+0000] {processor.py:840} INFO - DAG(s) 'example_trigger_controller_dag' retrieved from /home/airflow/.local/lib/python3.12/site-packages/airflow/example_dags/example_trigger_controller_dag.py
[2026-05-07T20:58:44.504+0000] {logging_mixin.py:188} INFO - [2026-05-07T20:58:44.504+0000] {dag.py:3096} INFO - Sync 1 DAGs
[2026-05-07T20:58:44.540+0000] {logging_mixin.py:188} INFO - [2026-05-07T20:58:44.539+0000] {dag.py:3954} INFO - Setting next_dagrun for example_trigger_controller_dag to 2021-01-01 00:00:00+00:00, run_after=2021-01-01 00:00:00+00:00
[2026-05-07T20:58:44.575+0000] {processor.py:183} INFO - Processing /home/airflow/.local/lib/python3.12/site-packages/airflow/example_dags/example_trigger_controller_dag.py took 0.134 seconds
[2026-05-07T20:59:15.171+0000] {processor.py:161} INFO - Started process (PID=4900) to work on /home/airflow/.local/lib/python3.12/site-packages/airflow/example_dags/example_trigger_controller_dag.py
[2026-05-07T20:59:15.174+0000] {processor.py:830} INFO - Processing file /home/airflow/.local/lib/python3.12/site-packages/airflow/example_dags/example_trigger_controller_dag.py for tasks to queue
[2026-05-07T20:59:15.176+0000] {logging_mixin.py:188} INFO - [2026-05-07T20:59:15.176+0000] {dagbag.py:545} INFO - Filling up the DagBag from /home/airflow/.local/lib/python3.12/site-packages/airflow/example_dags/example_trigger_controller_dag.py
[2026-05-07T20:59:15.184+0000] {processor.py:840} INFO - DAG(s) 'example_trigger_controller_dag' retrieved from /home/airflow/.local/lib/python3.12/site-packages/airflow/example_dags/example_trigger_controller_dag.py
[2026-05-07T20:59:15.216+0000] {logging_mixin.py:188} INFO - [2026-05-07T20:59:15.215+0000] {dag.py:3096} INFO - Sync 1 DAGs
[2026-05-07T20:59:15.247+0000] {logging_mixin.py:188} INFO - [2026-05-07T20:59:15.247+0000] {dag.py:3954} INFO - Setting next_dagrun for example_trigger_controller_dag to 2021-01-01 00:00:00+00:00, run_after=2021-01-01 00:00:00+00:00
[2026-05-07T20:59:15.276+0000] {processor.py:183} INFO - Processing /home/airflow/.local/lib/python3.12/site-packages/airflow/example_dags/example_trigger_controller_dag.py took 0.112 seconds
[2026-05-07T20:59:45.855+0000] {processor.py:161} INFO - Started process (PID=4958) to work on /home/airflow/.local/lib/python3.12/site-packages/airflow/example_dags/example_trigger_controller_dag.py
[2026-05-07T20:59:45.857+0000] {processor.py:830} INFO - Processing file /home/airflow/.local/lib/python3.12/site-packages/airflow/example_dags/example_trigger_controller_dag.py for tasks to queue
[2026-05-07T20:59:45.859+0000] {logging_mixin.py:188} INFO - [2026-05-07T20:59:45.858+0000] {dagbag.py:545} INFO - Filling up the DagBag from /home/airflow/.local/lib/python3.12/site-packages/airflow/example_dags/example_trigger_controller_dag.py
[2026-05-07T20:59:45.864+0000] {processor.py:840} INFO - DAG(s) 'example_trigger_controller_dag' retrieved from /home/airflow/.local/lib/python3.12/site-packages/airflow/example_dags/example_trigger_controller_dag.py
[2026-05-07T20:59:45.883+0000] {logging_mixin.py:188} INFO - [2026-05-07T20:59:45.883+0000] {dag.py:3096} INFO - Sync 1 DAGs
[2026-05-07T20:59:45.906+0000] {logging_mixin.py:188} INFO - [2026-05-07T20:59:45.906+0000] {dag.py:3954} INFO - Setting next_dagrun for example_trigger_controller_dag to 2021-01-01 00:00:00+00:00, run_after=2021-01-01 00:00:00+00:00
[2026-05-07T20:59:45.928+0000] {processor.py:183} INFO - Processing /home/airflow/.local/lib/python3.12/site-packages/airflow/example_dags/example_trigger_controller_dag.py took 0.079 seconds
[2026-05-07T21:00:16.021+0000] {processor.py:161} INFO - Started process (PID=5016) to work on /home/airflow/.local/lib/python3.12/site-packages/airflow/example_dags/example_trigger_controller_dag.py
[2026-05-07T21:00:16.023+0000] {processor.py:830} INFO - Processing file /home/airflow/.local/lib/python3.12/site-packages/airflow/example_dags/example_trigger_controller_dag.py for tasks to queue
[2026-05-07T21:00:16.025+0000] {logging_mixin.py:188} INFO - [2026-05-07T21:00:16.025+0000] {dagbag.py:545} INFO - Filling up the DagBag from /home/airflow/.local/lib/python3.12/site-packages/airflow/example_dags/example_trigger_controller_dag.py
[2026-05-07T21:00:16.031+0000] {processor.py:840} INFO - DAG(s) 'example_trigger_controller_dag' retrieved from /home/airflow/.local/lib/python3.12/site-packages/airflow/example_dags/example_trigger_controller_dag.py
[2026-05-07T21:00:16.050+0000] {logging_mixin.py:188} INFO - [2026-05-07T21:00:16.050+0000] {dag.py:3096} INFO - Sync 1 DAGs
[2026-05-07T21:00:16.069+0000] {logging_mixin.py:188} INFO - [2026-05-07T21:00:16.069+0000] {dag.py:3954} INFO - Setting next_dagrun for example_trigger_controller_dag to 2021-01-01 00:00:00+00:00, run_after=2021-01-01 00:00:00+00:00
[2026-05-07T21:00:16.092+0000] {processor.py:183} INFO - Processing /home/airflow/.local/lib/python3.12/site-packages/airflow/example_dags/example_trigger_controller_dag.py took 0.077 seconds
[2026-05-07T21:00:46.209+0000] {processor.py:161} INFO - Started process (PID=5074) to work on /home/airflow/.local/lib/python3.12/site-packages/airflow/example_dags/example_trigger_controller_dag.py
[2026-05-07T21:00:46.214+0000] {processor.py:830} INFO - Processing file /home/airflow/.local/lib/python3.12/site-packages/airflow/example_dags/example_trigger_controller_dag.py for tasks to queue
[2026-05-07T21:00:46.217+0000] {logging_mixin.py:188} INFO - [2026-05-07T21:00:46.217+0000] {dagbag.py:545} INFO - Filling up the DagBag from /home/airflow/.local/lib/python3.12/site-packages/airflow/example_dags/example_trigger_controller_dag.py
[2026-05-07T21:00:46.224+0000] {processor.py:840} INFO - DAG(s) 'example_trigger_controller_dag' retrieved from /home/airflow/.local/lib/python3.12/site-packages/airflow/example_dags/example_trigger_controller_dag.py
[2026-05-07T21:00:46.244+0000] {logging_mixin.py:188} INFO - [2026-05-07T21:00:46.244+0000] {dag.py:3096} INFO - Sync 1 DAGs
[2026-05-07T21:00:46.266+0000] {logging_mixin.py:188} INFO - [2026-05-07T21:00:46.265+0000] {dag.py:3954} INFO - Setting next_dagrun for example_trigger_controller_dag to 2021-01-01 00:00:00+00:00, run_after=2021-01-01 00:00:00+00:00
[2026-05-07T21:00:46.283+0000] {processor.py:183} INFO - Processing /home/airflow/.local/lib/python3.12/site-packages/airflow/example_dags/example_trigger_controller_dag.py took 0.081 seconds
[2026-05-07T21:01:16.872+0000] {processor.py:161} INFO - Started process (PID=5132) to work on /home/airflow/.local/lib/python3.12/site-packages/airflow/example_dags/example_trigger_controller_dag.py
[2026-05-07T21:01:16.874+0000] {processor.py:830} INFO - Processing file /home/airflow/.local/lib/python3.12/site-packages/airflow/example_dags/example_trigger_controller_dag.py for tasks to queue
[2026-05-07T21:01:16.876+0000] {logging_mixin.py:188} INFO - [2026-05-07T21:01:16.876+0000] {dagbag.py:545} INFO - Filling up the DagBag from /home/airflow/.local/lib/python3.12/site-packages/airflow/example_dags/example_trigger_controller_dag.py
[2026-05-07T21:01:16.882+0000] {processor.py:840} INFO - DAG(s) 'example_trigger_controller_dag' retrieved from /home/airflow/.local/lib/python3.12/site-packages/airflow/example_dags/example_trigger_controller_dag.py
[2026-05-07T21:01:16.914+0000] {logging_mixin.py:188} INFO - [2026-05-07T21:01:16.914+0000] {dag.py:3096} INFO - Sync 1 DAGs
[2026-05-07T21:01:16.938+0000] {logging_mixin.py:188} INFO - [2026-05-07T21:01:16.937+0000] {dag.py:3954} INFO - Setting next_dagrun for example_trigger_controller_dag to 2021-01-01 00:00:00+00:00, run_after=2021-01-01 00:00:00+00:00
[2026-05-07T21:01:16.964+0000] {processor.py:183} INFO - Processing /home/airflow/.local/lib/python3.12/site-packages/airflow/example_dags/example_trigger_controller_dag.py took 0.099 seconds
[2026-05-07T21:01:47.387+0000] {processor.py:161} INFO - Started process (PID=5189) to work on /home/airflow/.local/lib/python3.12/site-packages/airflow/example_dags/example_trigger_controller_dag.py
[2026-05-07T21:01:47.390+0000] {processor.py:830} INFO - Processing file /home/airflow/.local/lib/python3.12/site-packages/airflow/example_dags/example_trigger_controller_dag.py for tasks to queue
[2026-05-07T21:01:47.396+0000] {logging_mixin.py:188} INFO - [2026-05-07T21:01:47.395+0000] {dagbag.py:545} INFO - Filling up the DagBag from /home/airflow/.local/lib/python3.12/site-packages/airflow/example_dags/example_trigger_controller_dag.py
[2026-05-07T21:01:47.404+0000] {processor.py:840} INFO - DAG(s) 'example_trigger_controller_dag' retrieved from /home/airflow/.local/lib/python3.12/site-packages/airflow/example_dags/example_trigger_controller_dag.py
[2026-05-07T21:01:47.483+0000] {logging_mixin.py:188} INFO - [2026-05-07T21:01:47.483+0000] {dag.py:3096} INFO - Sync 1 DAGs
[2026-05-07T21:01:47.519+0000] {logging_mixin.py:188} INFO - [2026-05-07T21:01:47.519+0000] {dag.py:3954} INFO - Setting next_dagrun for example_trigger_controller_dag to 2021-01-01 00:00:00+00:00, run_after=2021-01-01 00:00:00+00:00
[2026-05-07T21:01:47.672+0000] {processor.py:183} INFO - Processing /home/airflow/.local/lib/python3.12/site-packages/airflow/example_dags/example_trigger_controller_dag.py took 0.295 seconds
[2026-05-07T21:02:18.605+0000] {processor.py:161} INFO - Started process (PID=5248) to work on /home/airflow/.local/lib/python3.12/site-packages/airflow/example_dags/example_trigger_controller_dag.py
[2026-05-07T21:02:18.607+0000] {processor.py:830} INFO - Processing file /home/airflow/.local/lib/python3.12/site-packages/airflow/example_dags/example_trigger_controller_dag.py for tasks to queue
[2026-05-07T21:02:18.609+0000] {logging_mixin.py:188} INFO - [2026-05-07T21:02:18.609+0000] {dagbag.py:545} INFO - Filling up the DagBag from /home/airflow/.local/lib/python3.12/site-packages/airflow/example_dags/example_trigger_controller_dag.py
[2026-05-07T21:02:18.618+0000] {processor.py:840} INFO - DAG(s) 'example_trigger_controller_dag' retrieved from /home/airflow/.local/lib/python3.12/site-packages/airflow/example_dags/example_trigger_controller_dag.py
[2026-05-07T21:02:18.642+0000] {logging_mixin.py:188} INFO - [2026-05-07T21:02:18.641+0000] {dag.py:3096} INFO - Sync 1 DAGs
[2026-05-07T21:02:18.670+0000] {logging_mixin.py:188} INFO - [2026-05-07T21:02:18.669+0000] {dag.py:3954} INFO - Setting next_dagrun for example_trigger_controller_dag to 2021-01-01 00:00:00+00:00, run_after=2021-01-01 00:00:00+00:00
[2026-05-07T21:02:18.695+0000] {processor.py:183} INFO - Processing /home/airflow/.local/lib/python3.12/site-packages/airflow/example_dags/example_trigger_controller_dag.py took 0.097 seconds
[2026-05-07T21:02:48.894+0000] {processor.py:161} INFO - Started process (PID=5306) to work on /home/airflow/.local/lib/python3.12/site-packages/airflow/example_dags/example_trigger_controller_dag.py
[2026-05-07T21:02:48.895+0000] {processor.py:830} INFO - Processing file /home/airflow/.local/lib/python3.12/site-packages/airflow/example_dags/example_trigger_controller_dag.py for tasks to queue
[2026-05-07T21:02:48.898+0000] {logging_mixin.py:188} INFO - [2026-05-07T21:02:48.898+0000] {dagbag.py:545} INFO - Filling up the DagBag from /home/airflow/.local/lib/python3.12/site-packages/airflow/example_dags/example_trigger_controller_dag.py
[2026-05-07T21:02:48.907+0000] {processor.py:840} INFO - DAG(s) 'example_trigger_controller_dag' retrieved from /home/airflow/.local/lib/python3.12/site-packages/airflow/example_dags/example_trigger_controller_dag.py
[2026-05-07T21:02:48.929+0000] {logging_mixin.py:188} INFO - [2026-05-07T21:02:48.929+0000] {dag.py:3096} INFO - Sync 1 DAGs
[2026-05-07T21:02:48.953+0000] {logging_mixin.py:188} INFO - [2026-05-07T21:02:48.953+0000] {dag.py:3954} INFO - Setting next_dagrun for example_trigger_controller_dag to 2021-01-01 00:00:00+00:00, run_after=2021-01-01 00:00:00+00:00
[2026-05-07T21:02:49.040+0000] {processor.py:183} INFO - Processing /home/airflow/.local/lib/python3.12/site-packages/airflow/example_dags/example_trigger_controller_dag.py took 0.155 seconds
[2026-05-07T21:03:19.788+0000] {processor.py:161} INFO - Started process (PID=5364) to work on /home/airflow/.local/lib/python3.12/site-packages/airflow/example_dags/example_trigger_controller_dag.py
[2026-05-07T21:03:19.790+0000] {processor.py:830} INFO - Processing file /home/airflow/.local/lib/python3.12/site-packages/airflow/example_dags/example_trigger_controller_dag.py for tasks to queue
[2026-05-07T21:03:19.793+0000] {logging_mixin.py:188} INFO - [2026-05-07T21:03:19.793+0000] {dagbag.py:545} INFO - Filling up the DagBag from /home/airflow/.local/lib/python3.12/site-packages/airflow/example_dags/example_trigger_controller_dag.py
[2026-05-07T21:03:19.800+0000] {processor.py:840} INFO - DAG(s) 'example_trigger_controller_dag' retrieved from /home/airflow/.local/lib/python3.12/site-packages/airflow/example_dags/example_trigger_controller_dag.py
[2026-05-07T21:03:19.832+0000] {logging_mixin.py:188} INFO - [2026-05-07T21:03:19.832+0000] {dag.py:3096} INFO - Sync 1 DAGs
[2026-05-07T21:03:19.864+0000] {logging_mixin.py:188} INFO - [2026-05-07T21:03:19.864+0000] {dag.py:3954} INFO - Setting next_dagrun for example_trigger_controller_dag to 2021-01-01 00:00:00+00:00, run_after=2021-01-01 00:00:00+00:00
[2026-05-07T21:03:19.892+0000] {processor.py:183} INFO - Processing /home/airflow/.local/lib/python3.12/site-packages/airflow/example_dags/example_trigger_controller_dag.py took 0.114 seconds
[2026-05-07T21:03:50.206+0000] {processor.py:161} INFO - Started process (PID=5422) to work on /home/airflow/.local/lib/python3.12/site-packages/airflow/example_dags/example_trigger_controller_dag.py
[2026-05-07T21:03:50.209+0000] {processor.py:830} INFO - Processing file /home/airflow/.local/lib/python3.12/site-packages/airflow/example_dags/example_trigger_controller_dag.py for tasks to queue
[2026-05-07T21:03:50.215+0000] {logging_mixin.py:188} INFO - [2026-05-07T21:03:50.214+0000] {dagbag.py:545} INFO - Filling up the DagBag from /home/airflow/.local/lib/python3.12/site-packages/airflow/example_dags/example_trigger_controller_dag.py
[2026-05-07T21:03:50.225+0000] {processor.py:840} INFO - DAG(s) 'example_trigger_controller_dag' retrieved from /home/airflow/.local/lib/python3.12/site-packages/airflow/example_dags/example_trigger_controller_dag.py
[2026-05-07T21:03:50.267+0000] {logging_mixin.py:188} INFO - [2026-05-07T21:03:50.266+0000] {dag.py:3096} INFO - Sync 1 DAGs
[2026-05-07T21:03:50.290+0000] {logging_mixin.py:188} INFO - [2026-05-07T21:03:50.290+0000] {dag.py:3954} INFO - Setting next_dagrun for example_trigger_controller_dag to 2021-01-01 00:00:00+00:00, run_after=2021-01-01 00:00:00+00:00
[2026-05-07T21:03:50.403+0000] {processor.py:183} INFO - Processing /home/airflow/.local/lib/python3.12/site-packages/airflow/example_dags/example_trigger_controller_dag.py took 0.211 seconds
[2026-05-07T21:04:21.207+0000] {processor.py:161} INFO - Started process (PID=5480) to work on /home/airflow/.local/lib/python3.12/site-packages/airflow/example_dags/example_trigger_controller_dag.py
[2026-05-07T21:04:21.214+0000] {processor.py:830} INFO - Processing file /home/airflow/.local/lib/python3.12/site-packages/airflow/example_dags/example_trigger_controller_dag.py for tasks to queue
[2026-05-07T21:04:21.224+0000] {logging_mixin.py:188} INFO - [2026-05-07T21:04:21.223+0000] {dagbag.py:545} INFO - Filling up the DagBag from /home/airflow/.local/lib/python3.12/site-packages/airflow/example_dags/example_trigger_controller_dag.py
[2026-05-07T21:04:21.246+0000] {processor.py:840} INFO - DAG(s) 'example_trigger_controller_dag' retrieved from /home/airflow/.local/lib/python3.12/site-packages/airflow/example_dags/example_trigger_controller_dag.py
[2026-05-07T21:04:21.355+0000] {logging_mixin.py:188} INFO - [2026-05-07T21:04:21.354+0000] {dag.py:3096} INFO - Sync 1 DAGs
[2026-05-07T21:04:21.449+0000] {logging_mixin.py:188} INFO - [2026-05-07T21:04:21.447+0000] {dag.py:3954} INFO - Setting next_dagrun for example_trigger_controller_dag to 2021-01-01 00:00:00+00:00, run_after=2021-01-01 00:00:00+00:00
[2026-05-07T21:04:21.537+0000] {processor.py:183} INFO - Processing /home/airflow/.local/lib/python3.12/site-packages/airflow/example_dags/example_trigger_controller_dag.py took 0.357 seconds
[2026-05-07T21:04:52.504+0000] {processor.py:161} INFO - Started process (PID=5538) to work on /home/airflow/.local/lib/python3.12/site-packages/airflow/example_dags/example_trigger_controller_dag.py
[2026-05-07T21:04:52.506+0000] {processor.py:830} INFO - Processing file /home/airflow/.local/lib/python3.12/site-packages/airflow/example_dags/example_trigger_controller_dag.py for tasks to queue
[2026-05-07T21:04:52.509+0000] {logging_mixin.py:188} INFO - [2026-05-07T21:04:52.508+0000] {dagbag.py:545} INFO - Filling up the DagBag from /home/airflow/.local/lib/python3.12/site-packages/airflow/example_dags/example_trigger_controller_dag.py
[2026-05-07T21:04:52.514+0000] {processor.py:840} INFO - DAG(s) 'example_trigger_controller_dag' retrieved from /home/airflow/.local/lib/python3.12/site-packages/airflow/example_dags/example_trigger_controller_dag.py
[2026-05-07T21:04:52.541+0000] {logging_mixin.py:188} INFO - [2026-05-07T21:04:52.541+0000] {dag.py:3096} INFO - Sync 1 DAGs
[2026-05-07T21:04:52.563+0000] {logging_mixin.py:188} INFO - [2026-05-07T21:04:52.563+0000] {dag.py:3954} INFO - Setting next_dagrun for example_trigger_controller_dag to 2021-01-01 00:00:00+00:00, run_after=2021-01-01 00:00:00+00:00
[2026-05-07T21:04:52.591+0000] {processor.py:183} INFO - Processing /home/airflow/.local/lib/python3.12/site-packages/airflow/example_dags/example_trigger_controller_dag.py took 0.093 seconds
[2026-05-07T21:05:23.522+0000] {processor.py:161} INFO - Started process (PID=5596) to work on /home/airflow/.local/lib/python3.12/site-packages/airflow/example_dags/example_trigger_controller_dag.py
[2026-05-07T21:05:23.525+0000] {processor.py:830} INFO - Processing file /home/airflow/.local/lib/python3.12/site-packages/airflow/example_dags/example_trigger_controller_dag.py for tasks to queue
[2026-05-07T21:05:23.528+0000] {logging_mixin.py:188} INFO - [2026-05-07T21:05:23.528+0000] {dagbag.py:545} INFO - Filling up the DagBag from /home/airflow/.local/lib/python3.12/site-packages/airflow/example_dags/example_trigger_controller_dag.py
[2026-05-07T21:05:23.537+0000] {processor.py:840} INFO - DAG(s) 'example_trigger_controller_dag' retrieved from /home/airflow/.local/lib/python3.12/site-packages/airflow/example_dags/example_trigger_controller_dag.py
[2026-05-07T21:05:23.560+0000] {logging_mixin.py:188} INFO - [2026-05-07T21:05:23.559+0000] {dag.py:3096} INFO - Sync 1 DAGs
[2026-05-07T21:05:23.585+0000] {logging_mixin.py:188} INFO - [2026-05-07T21:05:23.584+0000] {dag.py:3954} INFO - Setting next_dagrun for example_trigger_controller_dag to 2021-01-01 00:00:00+00:00, run_after=2021-01-01 00:00:00+00:00
[2026-05-07T21:05:23.610+0000] {processor.py:183} INFO - Processing /home/airflow/.local/lib/python3.12/site-packages/airflow/example_dags/example_trigger_controller_dag.py took 0.098 seconds
[2026-05-07T21:05:53.916+0000] {processor.py:161} INFO - Started process (PID=5654) to work on /home/airflow/.local/lib/python3.12/site-packages/airflow/example_dags/example_trigger_controller_dag.py
[2026-05-07T21:05:53.917+0000] {processor.py:830} INFO - Processing file /home/airflow/.local/lib/python3.12/site-packages/airflow/example_dags/example_trigger_controller_dag.py for tasks to queue
[2026-05-07T21:05:53.919+0000] {logging_mixin.py:188} INFO - [2026-05-07T21:05:53.919+0000] {dagbag.py:545} INFO - Filling up the DagBag from /home/airflow/.local/lib/python3.12/site-packages/airflow/example_dags/example_trigger_controller_dag.py
[2026-05-07T21:05:53.925+0000] {processor.py:840} INFO - DAG(s) 'example_trigger_controller_dag' retrieved from /home/airflow/.local/lib/python3.12/site-packages/airflow/example_dags/example_trigger_controller_dag.py
[2026-05-07T21:05:53.949+0000] {logging_mixin.py:188} INFO - [2026-05-07T21:05:53.949+0000] {dag.py:3096} INFO - Sync 1 DAGs
[2026-05-07T21:05:53.972+0000] {logging_mixin.py:188} INFO - [2026-05-07T21:05:53.972+0000] {dag.py:3954} INFO - Setting next_dagrun for example_trigger_controller_dag to 2021-01-01 00:00:00+00:00, run_after=2021-01-01 00:00:00+00:00
[2026-05-07T21:05:53.999+0000] {processor.py:183} INFO - Processing /home/airflow/.local/lib/python3.12/site-packages/airflow/example_dags/example_trigger_controller_dag.py took 0.088 seconds
[2026-05-07T21:06:24.258+0000] {processor.py:161} INFO - Started process (PID=5712) to work on /home/airflow/.local/lib/python3.12/site-packages/airflow/example_dags/example_trigger_controller_dag.py
[2026-05-07T21:06:24.263+0000] {processor.py:830} INFO - Processing file /home/airflow/.local/lib/python3.12/site-packages/airflow/example_dags/example_trigger_controller_dag.py for tasks to queue
[2026-05-07T21:06:24.267+0000] {logging_mixin.py:188} INFO - [2026-05-07T21:06:24.267+0000] {dagbag.py:545} INFO - Filling up the DagBag from /home/airflow/.local/lib/python3.12/site-packages/airflow/example_dags/example_trigger_controller_dag.py
[2026-05-07T21:06:24.282+0000] {processor.py:840} INFO - DAG(s) 'example_trigger_controller_dag' retrieved from /home/airflow/.local/lib/python3.12/site-packages/airflow/example_dags/example_trigger_controller_dag.py
[2026-05-07T21:06:24.317+0000] {logging_mixin.py:188} INFO - [2026-05-07T21:06:24.317+0000] {dag.py:3096} INFO - Sync 1 DAGs
[2026-05-07T21:06:24.340+0000] {logging_mixin.py:188} INFO - [2026-05-07T21:06:24.340+0000] {dag.py:3954} INFO - Setting next_dagrun for example_trigger_controller_dag to 2021-01-01 00:00:00+00:00, run_after=2021-01-01 00:00:00+00:00
[2026-05-07T21:06:24.376+0000] {processor.py:183} INFO - Processing /home/airflow/.local/lib/python3.12/site-packages/airflow/example_dags/example_trigger_controller_dag.py took 0.144 seconds
[2026-05-07T21:06:54.617+0000] {processor.py:161} INFO - Started process (PID=5770) to work on /home/airflow/.local/lib/python3.12/site-packages/airflow/example_dags/example_trigger_controller_dag.py
[2026-05-07T21:06:54.619+0000] {processor.py:830} INFO - Processing file /home/airflow/.local/lib/python3.12/site-packages/airflow/example_dags/example_trigger_controller_dag.py for tasks to queue
[2026-05-07T21:06:54.621+0000] {logging_mixin.py:188} INFO - [2026-05-07T21:06:54.621+0000] {dagbag.py:545} INFO - Filling up the DagBag from /home/airflow/.local/lib/python3.12/site-packages/airflow/example_dags/example_trigger_controller_dag.py
[2026-05-07T21:06:54.627+0000] {processor.py:840} INFO - DAG(s) 'example_trigger_controller_dag' retrieved from /home/airflow/.local/lib/python3.12/site-packages/airflow/example_dags/example_trigger_controller_dag.py
[2026-05-07T21:06:54.648+0000] {logging_mixin.py:188} INFO - [2026-05-07T21:06:54.648+0000] {dag.py:3096} INFO - Sync 1 DAGs
[2026-05-07T21:06:54.669+0000] {logging_mixin.py:188} INFO - [2026-05-07T21:06:54.669+0000] {dag.py:3954} INFO - Setting next_dagrun for example_trigger_controller_dag to 2021-01-01 00:00:00+00:00, run_after=2021-01-01 00:00:00+00:00
[2026-05-07T21:06:54.692+0000] {processor.py:183} INFO - Processing /home/airflow/.local/lib/python3.12/site-packages/airflow/example_dags/example_trigger_controller_dag.py took 0.081 seconds
[2026-05-07T21:07:27.109+0000] {processor.py:161} INFO - Started process (PID=5828) to work on /home/airflow/.local/lib/python3.12/site-packages/airflow/example_dags/example_trigger_controller_dag.py
[2026-05-07T21:07:27.112+0000] {processor.py:830} INFO - Processing file /home/airflow/.local/lib/python3.12/site-packages/airflow/example_dags/example_trigger_controller_dag.py for tasks to queue
[2026-05-07T21:07:27.118+0000] {logging_mixin.py:188} INFO - [2026-05-07T21:07:27.118+0000] {dagbag.py:545} INFO - Filling up the DagBag from /home/airflow/.local/lib/python3.12/site-packages/airflow/example_dags/example_trigger_controller_dag.py
[2026-05-07T21:07:27.342+0000] {processor.py:840} INFO - DAG(s) 'example_trigger_controller_dag' retrieved from /home/airflow/.local/lib/python3.12/site-packages/airflow/example_dags/example_trigger_controller_dag.py
[2026-05-07T21:07:27.676+0000] {logging_mixin.py:188} INFO - [2026-05-07T21:07:27.673+0000] {dag.py:3096} INFO - Sync 1 DAGs
[2026-05-07T21:07:27.809+0000] {logging_mixin.py:188} INFO - [2026-05-07T21:07:27.800+0000] {dag.py:3954} INFO - Setting next_dagrun for example_trigger_controller_dag to 2021-01-01 00:00:00+00:00, run_after=2021-01-01 00:00:00+00:00
[2026-05-07T21:07:27.984+0000] {processor.py:183} INFO - Processing /home/airflow/.local/lib/python3.12/site-packages/airflow/example_dags/example_trigger_controller_dag.py took 0.901 seconds
[2026-05-07T21:07:58.852+0000] {processor.py:161} INFO - Started process (PID=5887) to work on /home/airflow/.local/lib/python3.12/site-packages/airflow/example_dags/example_trigger_controller_dag.py
[2026-05-07T21:07:58.854+0000] {processor.py:830} INFO - Processing file /home/airflow/.local/lib/python3.12/site-packages/airflow/example_dags/example_trigger_controller_dag.py for tasks to queue
[2026-05-07T21:07:58.858+0000] {logging_mixin.py:188} INFO - [2026-05-07T21:07:58.858+0000] {dagbag.py:545} INFO - Filling up the DagBag from /home/airflow/.local/lib/python3.12/site-packages/airflow/example_dags/example_trigger_controller_dag.py
[2026-05-07T21:07:58.863+0000] {processor.py:840} INFO - DAG(s) 'example_trigger_controller_dag' retrieved from /home/airflow/.local/lib/python3.12/site-packages/airflow/example_dags/example_trigger_controller_dag.py
[2026-05-07T21:07:58.887+0000] {logging_mixin.py:188} INFO - [2026-05-07T21:07:58.886+0000] {dag.py:3096} INFO - Sync 1 DAGs
[2026-05-07T21:07:58.909+0000] {logging_mixin.py:188} INFO - [2026-05-07T21:07:58.909+0000] {dag.py:3954} INFO - Setting next_dagrun for example_trigger_controller_dag to 2021-01-01 00:00:00+00:00, run_after=2021-01-01 00:00:00+00:00
[2026-05-07T21:07:58.931+0000] {processor.py:183} INFO - Processing /home/airflow/.local/lib/python3.12/site-packages/airflow/example_dags/example_trigger_controller_dag.py took 0.086 seconds
[2026-05-07T21:08:29.262+0000] {processor.py:161} INFO - Started process (PID=5945) to work on /home/airflow/.local/lib/python3.12/site-packages/airflow/example_dags/example_trigger_controller_dag.py
[2026-05-07T21:08:29.264+0000] {processor.py:830} INFO - Processing file /home/airflow/.local/lib/python3.12/site-packages/airflow/example_dags/example_trigger_controller_dag.py for tasks to queue
[2026-05-07T21:08:29.267+0000] {logging_mixin.py:188} INFO - [2026-05-07T21:08:29.267+0000] {dagbag.py:545} INFO - Filling up the DagBag from /home/airflow/.local/lib/python3.12/site-packages/airflow/example_dags/example_trigger_controller_dag.py
[2026-05-07T21:08:29.274+0000] {processor.py:840} INFO - DAG(s) 'example_trigger_controller_dag' retrieved from /home/airflow/.local/lib/python3.12/site-packages/airflow/example_dags/example_trigger_controller_dag.py
[2026-05-07T21:08:29.308+0000] {logging_mixin.py:188} INFO - [2026-05-07T21:08:29.307+0000] {dag.py:3096} INFO - Sync 1 DAGs
[2026-05-07T21:08:29.345+0000] {logging_mixin.py:188} INFO - [2026-05-07T21:08:29.345+0000] {dag.py:3954} INFO - Setting next_dagrun for example_trigger_controller_dag to 2021-01-01 00:00:00+00:00, run_after=2021-01-01 00:00:00+00:00
[2026-05-07T21:08:29.384+0000] {processor.py:183} INFO - Processing /home/airflow/.local/lib/python3.12/site-packages/airflow/example_dags/example_trigger_controller_dag.py took 0.129 seconds
[2026-05-07T21:08:59.444+0000] {processor.py:161} INFO - Started process (PID=6003) to work on /home/airflow/.local/lib/python3.12/site-packages/airflow/example_dags/example_trigger_controller_dag.py
[2026-05-07T21:08:59.445+0000] {processor.py:830} INFO - Processing file /home/airflow/.local/lib/python3.12/site-packages/airflow/example_dags/example_trigger_controller_dag.py for tasks to queue
[2026-05-07T21:08:59.451+0000] {logging_mixin.py:188} INFO - [2026-05-07T21:08:59.451+0000] {dagbag.py:545} INFO - Filling up the DagBag from /home/airflow/.local/lib/python3.12/site-packages/airflow/example_dags/example_trigger_controller_dag.py
[2026-05-07T21:08:59.458+0000] {processor.py:840} INFO - DAG(s) 'example_trigger_controller_dag' retrieved from /home/airflow/.local/lib/python3.12/site-packages/airflow/example_dags/example_trigger_controller_dag.py
[2026-05-07T21:08:59.478+0000] {logging_mixin.py:188} INFO - [2026-05-07T21:08:59.478+0000] {dag.py:3096} INFO - Sync 1 DAGs
[2026-05-07T21:08:59.499+0000] {logging_mixin.py:188} INFO - [2026-05-07T21:08:59.499+0000] {dag.py:3954} INFO - Setting next_dagrun for example_trigger_controller_dag to 2021-01-01 00:00:00+00:00, run_after=2021-01-01 00:00:00+00:00
[2026-05-07T21:08:59.522+0000] {processor.py:183} INFO - Processing /home/airflow/.local/lib/python3.12/site-packages/airflow/example_dags/example_trigger_controller_dag.py took 0.085 seconds
