[2026-05-07T20:17:04.084+0000] {processor.py:161} INFO - Started process (PID=104) to work on /home/airflow/.local/lib/python3.12/site-packages/airflow/example_dags/example_xcom.py
[2026-05-07T20:17:04.085+0000] {processor.py:830} INFO - Processing file /home/airflow/.local/lib/python3.12/site-packages/airflow/example_dags/example_xcom.py for tasks to queue
[2026-05-07T20:17:04.088+0000] {logging_mixin.py:188} INFO - [2026-05-07T20:17:04.087+0000] {dagbag.py:545} INFO - Filling up the DagBag from /home/airflow/.local/lib/python3.12/site-packages/airflow/example_dags/example_xcom.py
[2026-05-07T20:17:04.102+0000] {processor.py:840} INFO - DAG(s) 'example_xcom' retrieved from /home/airflow/.local/lib/python3.12/site-packages/airflow/example_dags/example_xcom.py
[2026-05-07T20:17:04.354+0000] {logging_mixin.py:188} INFO - [2026-05-07T20:17:04.354+0000] {dag.py:3096} INFO - Sync 1 DAGs
[2026-05-07T20:17:04.399+0000] {logging_mixin.py:188} INFO - [2026-05-07T20:17:04.399+0000] {dag.py:3954} INFO - Setting next_dagrun for example_xcom to 2021-01-01 00:00:00+00:00, run_after=2021-01-01 00:00:00+00:00
[2026-05-07T20:17:04.442+0000] {processor.py:183} INFO - Processing /home/airflow/.local/lib/python3.12/site-packages/airflow/example_dags/example_xcom.py took 0.366 seconds
[2026-05-07T20:17:34.822+0000] {processor.py:161} INFO - Started process (PID=162) to work on /home/airflow/.local/lib/python3.12/site-packages/airflow/example_dags/example_xcom.py
[2026-05-07T20:17:34.823+0000] {processor.py:830} INFO - Processing file /home/airflow/.local/lib/python3.12/site-packages/airflow/example_dags/example_xcom.py for tasks to queue
[2026-05-07T20:17:34.826+0000] {logging_mixin.py:188} INFO - [2026-05-07T20:17:34.825+0000] {dagbag.py:545} INFO - Filling up the DagBag from /home/airflow/.local/lib/python3.12/site-packages/airflow/example_dags/example_xcom.py
[2026-05-07T20:17:34.835+0000] {processor.py:840} INFO - DAG(s) 'example_xcom' retrieved from /home/airflow/.local/lib/python3.12/site-packages/airflow/example_dags/example_xcom.py
[2026-05-07T20:17:34.864+0000] {logging_mixin.py:188} INFO - [2026-05-07T20:17:34.864+0000] {dag.py:3096} INFO - Sync 1 DAGs
[2026-05-07T20:17:34.889+0000] {logging_mixin.py:188} INFO - [2026-05-07T20:17:34.888+0000] {dag.py:3954} INFO - Setting next_dagrun for example_xcom to 2021-01-01 00:00:00+00:00, run_after=2021-01-01 00:00:00+00:00
[2026-05-07T20:17:34.919+0000] {processor.py:183} INFO - Processing /home/airflow/.local/lib/python3.12/site-packages/airflow/example_dags/example_xcom.py took 0.103 seconds
[2026-05-07T20:18:05.203+0000] {processor.py:161} INFO - Started process (PID=220) to work on /home/airflow/.local/lib/python3.12/site-packages/airflow/example_dags/example_xcom.py
[2026-05-07T20:18:05.205+0000] {processor.py:830} INFO - Processing file /home/airflow/.local/lib/python3.12/site-packages/airflow/example_dags/example_xcom.py for tasks to queue
[2026-05-07T20:18:05.208+0000] {logging_mixin.py:188} INFO - [2026-05-07T20:18:05.207+0000] {dagbag.py:545} INFO - Filling up the DagBag from /home/airflow/.local/lib/python3.12/site-packages/airflow/example_dags/example_xcom.py
[2026-05-07T20:18:05.216+0000] {processor.py:840} INFO - DAG(s) 'example_xcom' retrieved from /home/airflow/.local/lib/python3.12/site-packages/airflow/example_dags/example_xcom.py
[2026-05-07T20:18:05.239+0000] {logging_mixin.py:188} INFO - [2026-05-07T20:18:05.239+0000] {dag.py:3096} INFO - Sync 1 DAGs
[2026-05-07T20:18:05.259+0000] {logging_mixin.py:188} INFO - [2026-05-07T20:18:05.258+0000] {dag.py:3954} INFO - Setting next_dagrun for example_xcom to 2021-01-01 00:00:00+00:00, run_after=2021-01-01 00:00:00+00:00
[2026-05-07T20:18:05.280+0000] {processor.py:183} INFO - Processing /home/airflow/.local/lib/python3.12/site-packages/airflow/example_dags/example_xcom.py took 0.082 seconds
[2026-05-07T20:18:36.032+0000] {processor.py:161} INFO - Started process (PID=278) to work on /home/airflow/.local/lib/python3.12/site-packages/airflow/example_dags/example_xcom.py
[2026-05-07T20:18:36.034+0000] {processor.py:830} INFO - Processing file /home/airflow/.local/lib/python3.12/site-packages/airflow/example_dags/example_xcom.py for tasks to queue
[2026-05-07T20:18:36.036+0000] {logging_mixin.py:188} INFO - [2026-05-07T20:18:36.036+0000] {dagbag.py:545} INFO - Filling up the DagBag from /home/airflow/.local/lib/python3.12/site-packages/airflow/example_dags/example_xcom.py
[2026-05-07T20:18:36.044+0000] {processor.py:840} INFO - DAG(s) 'example_xcom' retrieved from /home/airflow/.local/lib/python3.12/site-packages/airflow/example_dags/example_xcom.py
[2026-05-07T20:18:36.068+0000] {logging_mixin.py:188} INFO - [2026-05-07T20:18:36.068+0000] {dag.py:3096} INFO - Sync 1 DAGs
[2026-05-07T20:18:36.096+0000] {logging_mixin.py:188} INFO - [2026-05-07T20:18:36.096+0000] {dag.py:3954} INFO - Setting next_dagrun for example_xcom to 2021-01-01 00:00:00+00:00, run_after=2021-01-01 00:00:00+00:00
[2026-05-07T20:18:36.123+0000] {processor.py:183} INFO - Processing /home/airflow/.local/lib/python3.12/site-packages/airflow/example_dags/example_xcom.py took 0.100 seconds
[2026-05-07T20:19:06.906+0000] {processor.py:161} INFO - Started process (PID=336) to work on /home/airflow/.local/lib/python3.12/site-packages/airflow/example_dags/example_xcom.py
[2026-05-07T20:19:06.908+0000] {processor.py:830} INFO - Processing file /home/airflow/.local/lib/python3.12/site-packages/airflow/example_dags/example_xcom.py for tasks to queue
[2026-05-07T20:19:06.911+0000] {logging_mixin.py:188} INFO - [2026-05-07T20:19:06.910+0000] {dagbag.py:545} INFO - Filling up the DagBag from /home/airflow/.local/lib/python3.12/site-packages/airflow/example_dags/example_xcom.py
[2026-05-07T20:19:06.922+0000] {processor.py:840} INFO - DAG(s) 'example_xcom' retrieved from /home/airflow/.local/lib/python3.12/site-packages/airflow/example_dags/example_xcom.py
[2026-05-07T20:19:06.953+0000] {logging_mixin.py:188} INFO - [2026-05-07T20:19:06.953+0000] {dag.py:3096} INFO - Sync 1 DAGs
[2026-05-07T20:19:06.993+0000] {logging_mixin.py:188} INFO - [2026-05-07T20:19:06.993+0000] {dag.py:3954} INFO - Setting next_dagrun for example_xcom to 2021-01-01 00:00:00+00:00, run_after=2021-01-01 00:00:00+00:00
[2026-05-07T20:19:07.032+0000] {processor.py:183} INFO - Processing /home/airflow/.local/lib/python3.12/site-packages/airflow/example_dags/example_xcom.py took 0.137 seconds
[2026-05-07T20:19:37.106+0000] {processor.py:161} INFO - Started process (PID=394) to work on /home/airflow/.local/lib/python3.12/site-packages/airflow/example_dags/example_xcom.py
[2026-05-07T20:19:37.108+0000] {processor.py:830} INFO - Processing file /home/airflow/.local/lib/python3.12/site-packages/airflow/example_dags/example_xcom.py for tasks to queue
[2026-05-07T20:19:37.111+0000] {logging_mixin.py:188} INFO - [2026-05-07T20:19:37.110+0000] {dagbag.py:545} INFO - Filling up the DagBag from /home/airflow/.local/lib/python3.12/site-packages/airflow/example_dags/example_xcom.py
[2026-05-07T20:19:37.122+0000] {processor.py:840} INFO - DAG(s) 'example_xcom' retrieved from /home/airflow/.local/lib/python3.12/site-packages/airflow/example_dags/example_xcom.py
[2026-05-07T20:19:37.150+0000] {logging_mixin.py:188} INFO - [2026-05-07T20:19:37.150+0000] {dag.py:3096} INFO - Sync 1 DAGs
[2026-05-07T20:19:37.175+0000] {logging_mixin.py:188} INFO - [2026-05-07T20:19:37.175+0000] {dag.py:3954} INFO - Setting next_dagrun for example_xcom to 2021-01-01 00:00:00+00:00, run_after=2021-01-01 00:00:00+00:00
[2026-05-07T20:19:37.195+0000] {processor.py:183} INFO - Processing /home/airflow/.local/lib/python3.12/site-packages/airflow/example_dags/example_xcom.py took 0.098 seconds
[2026-05-07T20:20:07.703+0000] {processor.py:161} INFO - Started process (PID=452) to work on /home/airflow/.local/lib/python3.12/site-packages/airflow/example_dags/example_xcom.py
[2026-05-07T20:20:07.705+0000] {processor.py:830} INFO - Processing file /home/airflow/.local/lib/python3.12/site-packages/airflow/example_dags/example_xcom.py for tasks to queue
[2026-05-07T20:20:07.709+0000] {logging_mixin.py:188} INFO - [2026-05-07T20:20:07.708+0000] {dagbag.py:545} INFO - Filling up the DagBag from /home/airflow/.local/lib/python3.12/site-packages/airflow/example_dags/example_xcom.py
[2026-05-07T20:20:07.718+0000] {processor.py:840} INFO - DAG(s) 'example_xcom' retrieved from /home/airflow/.local/lib/python3.12/site-packages/airflow/example_dags/example_xcom.py
[2026-05-07T20:20:07.746+0000] {logging_mixin.py:188} INFO - [2026-05-07T20:20:07.745+0000] {dag.py:3096} INFO - Sync 1 DAGs
[2026-05-07T20:20:07.770+0000] {logging_mixin.py:188} INFO - [2026-05-07T20:20:07.769+0000] {dag.py:3954} INFO - Setting next_dagrun for example_xcom to 2021-01-01 00:00:00+00:00, run_after=2021-01-01 00:00:00+00:00
[2026-05-07T20:20:07.795+0000] {processor.py:183} INFO - Processing /home/airflow/.local/lib/python3.12/site-packages/airflow/example_dags/example_xcom.py took 0.098 seconds
[2026-05-07T20:20:37.987+0000] {processor.py:161} INFO - Started process (PID=510) to work on /home/airflow/.local/lib/python3.12/site-packages/airflow/example_dags/example_xcom.py
[2026-05-07T20:20:37.988+0000] {processor.py:830} INFO - Processing file /home/airflow/.local/lib/python3.12/site-packages/airflow/example_dags/example_xcom.py for tasks to queue
[2026-05-07T20:20:37.990+0000] {logging_mixin.py:188} INFO - [2026-05-07T20:20:37.990+0000] {dagbag.py:545} INFO - Filling up the DagBag from /home/airflow/.local/lib/python3.12/site-packages/airflow/example_dags/example_xcom.py
[2026-05-07T20:20:37.997+0000] {processor.py:840} INFO - DAG(s) 'example_xcom' retrieved from /home/airflow/.local/lib/python3.12/site-packages/airflow/example_dags/example_xcom.py
[2026-05-07T20:20:38.017+0000] {logging_mixin.py:188} INFO - [2026-05-07T20:20:38.017+0000] {dag.py:3096} INFO - Sync 1 DAGs
[2026-05-07T20:20:38.034+0000] {logging_mixin.py:188} INFO - [2026-05-07T20:20:38.034+0000] {dag.py:3954} INFO - Setting next_dagrun for example_xcom to 2021-01-01 00:00:00+00:00, run_after=2021-01-01 00:00:00+00:00
[2026-05-07T20:20:38.052+0000] {processor.py:183} INFO - Processing /home/airflow/.local/lib/python3.12/site-packages/airflow/example_dags/example_xcom.py took 0.071 seconds
[2026-05-07T20:21:08.370+0000] {processor.py:161} INFO - Started process (PID=568) to work on /home/airflow/.local/lib/python3.12/site-packages/airflow/example_dags/example_xcom.py
[2026-05-07T20:21:08.372+0000] {processor.py:830} INFO - Processing file /home/airflow/.local/lib/python3.12/site-packages/airflow/example_dags/example_xcom.py for tasks to queue
[2026-05-07T20:21:08.374+0000] {logging_mixin.py:188} INFO - [2026-05-07T20:21:08.374+0000] {dagbag.py:545} INFO - Filling up the DagBag from /home/airflow/.local/lib/python3.12/site-packages/airflow/example_dags/example_xcom.py
[2026-05-07T20:21:08.382+0000] {processor.py:840} INFO - DAG(s) 'example_xcom' retrieved from /home/airflow/.local/lib/python3.12/site-packages/airflow/example_dags/example_xcom.py
[2026-05-07T20:21:08.409+0000] {logging_mixin.py:188} INFO - [2026-05-07T20:21:08.409+0000] {dag.py:3096} INFO - Sync 1 DAGs
[2026-05-07T20:21:08.432+0000] {logging_mixin.py:188} INFO - [2026-05-07T20:21:08.432+0000] {dag.py:3954} INFO - Setting next_dagrun for example_xcom to 2021-01-01 00:00:00+00:00, run_after=2021-01-01 00:00:00+00:00
[2026-05-07T20:21:08.456+0000] {processor.py:183} INFO - Processing /home/airflow/.local/lib/python3.12/site-packages/airflow/example_dags/example_xcom.py took 0.092 seconds
[2026-05-07T20:21:38.869+0000] {processor.py:161} INFO - Started process (PID=626) to work on /home/airflow/.local/lib/python3.12/site-packages/airflow/example_dags/example_xcom.py
[2026-05-07T20:21:38.878+0000] {processor.py:830} INFO - Processing file /home/airflow/.local/lib/python3.12/site-packages/airflow/example_dags/example_xcom.py for tasks to queue
[2026-05-07T20:21:38.887+0000] {logging_mixin.py:188} INFO - [2026-05-07T20:21:38.886+0000] {dagbag.py:545} INFO - Filling up the DagBag from /home/airflow/.local/lib/python3.12/site-packages/airflow/example_dags/example_xcom.py
[2026-05-07T20:21:38.921+0000] {processor.py:840} INFO - DAG(s) 'example_xcom' retrieved from /home/airflow/.local/lib/python3.12/site-packages/airflow/example_dags/example_xcom.py
[2026-05-07T20:21:38.997+0000] {logging_mixin.py:188} INFO - [2026-05-07T20:21:38.996+0000] {dag.py:3096} INFO - Sync 1 DAGs
[2026-05-07T20:21:39.118+0000] {logging_mixin.py:188} INFO - [2026-05-07T20:21:39.117+0000] {dag.py:3954} INFO - Setting next_dagrun for example_xcom to 2021-01-01 00:00:00+00:00, run_after=2021-01-01 00:00:00+00:00
[2026-05-07T20:21:39.251+0000] {processor.py:183} INFO - Processing /home/airflow/.local/lib/python3.12/site-packages/airflow/example_dags/example_xcom.py took 0.405 seconds
[2026-05-07T20:22:09.796+0000] {processor.py:161} INFO - Started process (PID=684) to work on /home/airflow/.local/lib/python3.12/site-packages/airflow/example_dags/example_xcom.py
[2026-05-07T20:22:09.797+0000] {processor.py:830} INFO - Processing file /home/airflow/.local/lib/python3.12/site-packages/airflow/example_dags/example_xcom.py for tasks to queue
[2026-05-07T20:22:09.799+0000] {logging_mixin.py:188} INFO - [2026-05-07T20:22:09.799+0000] {dagbag.py:545} INFO - Filling up the DagBag from /home/airflow/.local/lib/python3.12/site-packages/airflow/example_dags/example_xcom.py
[2026-05-07T20:22:09.805+0000] {processor.py:840} INFO - DAG(s) 'example_xcom' retrieved from /home/airflow/.local/lib/python3.12/site-packages/airflow/example_dags/example_xcom.py
[2026-05-07T20:22:09.825+0000] {logging_mixin.py:188} INFO - [2026-05-07T20:22:09.825+0000] {dag.py:3096} INFO - Sync 1 DAGs
[2026-05-07T20:22:09.845+0000] {logging_mixin.py:188} INFO - [2026-05-07T20:22:09.845+0000] {dag.py:3954} INFO - Setting next_dagrun for example_xcom to 2021-01-01 00:00:00+00:00, run_after=2021-01-01 00:00:00+00:00
[2026-05-07T20:22:09.865+0000] {processor.py:183} INFO - Processing /home/airflow/.local/lib/python3.12/site-packages/airflow/example_dags/example_xcom.py took 0.076 seconds
[2026-05-07T20:22:40.133+0000] {processor.py:161} INFO - Started process (PID=743) to work on /home/airflow/.local/lib/python3.12/site-packages/airflow/example_dags/example_xcom.py
[2026-05-07T20:22:40.135+0000] {processor.py:830} INFO - Processing file /home/airflow/.local/lib/python3.12/site-packages/airflow/example_dags/example_xcom.py for tasks to queue
[2026-05-07T20:22:40.138+0000] {logging_mixin.py:188} INFO - [2026-05-07T20:22:40.137+0000] {dagbag.py:545} INFO - Filling up the DagBag from /home/airflow/.local/lib/python3.12/site-packages/airflow/example_dags/example_xcom.py
[2026-05-07T20:22:40.149+0000] {processor.py:840} INFO - DAG(s) 'example_xcom' retrieved from /home/airflow/.local/lib/python3.12/site-packages/airflow/example_dags/example_xcom.py
[2026-05-07T20:22:40.185+0000] {logging_mixin.py:188} INFO - [2026-05-07T20:22:40.184+0000] {dag.py:3096} INFO - Sync 1 DAGs
[2026-05-07T20:22:40.208+0000] {logging_mixin.py:188} INFO - [2026-05-07T20:22:40.208+0000] {dag.py:3954} INFO - Setting next_dagrun for example_xcom to 2021-01-01 00:00:00+00:00, run_after=2021-01-01 00:00:00+00:00
[2026-05-07T20:22:40.236+0000] {processor.py:183} INFO - Processing /home/airflow/.local/lib/python3.12/site-packages/airflow/example_dags/example_xcom.py took 0.111 seconds
[2026-05-07T20:23:10.741+0000] {processor.py:161} INFO - Started process (PID=801) to work on /home/airflow/.local/lib/python3.12/site-packages/airflow/example_dags/example_xcom.py
[2026-05-07T20:23:10.742+0000] {processor.py:830} INFO - Processing file /home/airflow/.local/lib/python3.12/site-packages/airflow/example_dags/example_xcom.py for tasks to queue
[2026-05-07T20:23:10.745+0000] {logging_mixin.py:188} INFO - [2026-05-07T20:23:10.744+0000] {dagbag.py:545} INFO - Filling up the DagBag from /home/airflow/.local/lib/python3.12/site-packages/airflow/example_dags/example_xcom.py
[2026-05-07T20:23:10.753+0000] {processor.py:840} INFO - DAG(s) 'example_xcom' retrieved from /home/airflow/.local/lib/python3.12/site-packages/airflow/example_dags/example_xcom.py
[2026-05-07T20:23:10.778+0000] {logging_mixin.py:188} INFO - [2026-05-07T20:23:10.777+0000] {dag.py:3096} INFO - Sync 1 DAGs
[2026-05-07T20:23:10.800+0000] {logging_mixin.py:188} INFO - [2026-05-07T20:23:10.799+0000] {dag.py:3954} INFO - Setting next_dagrun for example_xcom to 2021-01-01 00:00:00+00:00, run_after=2021-01-01 00:00:00+00:00
[2026-05-07T20:23:10.824+0000] {processor.py:183} INFO - Processing /home/airflow/.local/lib/python3.12/site-packages/airflow/example_dags/example_xcom.py took 0.089 seconds
[2026-05-07T20:23:41.055+0000] {processor.py:161} INFO - Started process (PID=860) to work on /home/airflow/.local/lib/python3.12/site-packages/airflow/example_dags/example_xcom.py
[2026-05-07T20:23:41.057+0000] {processor.py:830} INFO - Processing file /home/airflow/.local/lib/python3.12/site-packages/airflow/example_dags/example_xcom.py for tasks to queue
[2026-05-07T20:23:41.060+0000] {logging_mixin.py:188} INFO - [2026-05-07T20:23:41.060+0000] {dagbag.py:545} INFO - Filling up the DagBag from /home/airflow/.local/lib/python3.12/site-packages/airflow/example_dags/example_xcom.py
[2026-05-07T20:23:41.067+0000] {processor.py:840} INFO - DAG(s) 'example_xcom' retrieved from /home/airflow/.local/lib/python3.12/site-packages/airflow/example_dags/example_xcom.py
[2026-05-07T20:23:41.092+0000] {logging_mixin.py:188} INFO - [2026-05-07T20:23:41.091+0000] {dag.py:3096} INFO - Sync 1 DAGs
[2026-05-07T20:23:41.111+0000] {logging_mixin.py:188} INFO - [2026-05-07T20:23:41.111+0000] {dag.py:3954} INFO - Setting next_dagrun for example_xcom to 2021-01-01 00:00:00+00:00, run_after=2021-01-01 00:00:00+00:00
[2026-05-07T20:23:41.134+0000] {processor.py:183} INFO - Processing /home/airflow/.local/lib/python3.12/site-packages/airflow/example_dags/example_xcom.py took 0.084 seconds
[2026-05-07T20:24:11.511+0000] {processor.py:161} INFO - Started process (PID=918) to work on /home/airflow/.local/lib/python3.12/site-packages/airflow/example_dags/example_xcom.py
[2026-05-07T20:24:11.512+0000] {processor.py:830} INFO - Processing file /home/airflow/.local/lib/python3.12/site-packages/airflow/example_dags/example_xcom.py for tasks to queue
[2026-05-07T20:24:11.515+0000] {logging_mixin.py:188} INFO - [2026-05-07T20:24:11.515+0000] {dagbag.py:545} INFO - Filling up the DagBag from /home/airflow/.local/lib/python3.12/site-packages/airflow/example_dags/example_xcom.py
[2026-05-07T20:24:11.524+0000] {processor.py:840} INFO - DAG(s) 'example_xcom' retrieved from /home/airflow/.local/lib/python3.12/site-packages/airflow/example_dags/example_xcom.py
[2026-05-07T20:24:11.550+0000] {logging_mixin.py:188} INFO - [2026-05-07T20:24:11.550+0000] {dag.py:3096} INFO - Sync 1 DAGs
[2026-05-07T20:24:11.572+0000] {logging_mixin.py:188} INFO - [2026-05-07T20:24:11.572+0000] {dag.py:3954} INFO - Setting next_dagrun for example_xcom to 2021-01-01 00:00:00+00:00, run_after=2021-01-01 00:00:00+00:00
[2026-05-07T20:24:11.599+0000] {processor.py:183} INFO - Processing /home/airflow/.local/lib/python3.12/site-packages/airflow/example_dags/example_xcom.py took 0.093 seconds
[2026-05-07T20:24:41.945+0000] {processor.py:161} INFO - Started process (PID=976) to work on /home/airflow/.local/lib/python3.12/site-packages/airflow/example_dags/example_xcom.py
[2026-05-07T20:24:41.947+0000] {processor.py:830} INFO - Processing file /home/airflow/.local/lib/python3.12/site-packages/airflow/example_dags/example_xcom.py for tasks to queue
[2026-05-07T20:24:41.949+0000] {logging_mixin.py:188} INFO - [2026-05-07T20:24:41.949+0000] {dagbag.py:545} INFO - Filling up the DagBag from /home/airflow/.local/lib/python3.12/site-packages/airflow/example_dags/example_xcom.py
[2026-05-07T20:24:41.957+0000] {processor.py:840} INFO - DAG(s) 'example_xcom' retrieved from /home/airflow/.local/lib/python3.12/site-packages/airflow/example_dags/example_xcom.py
[2026-05-07T20:24:41.981+0000] {logging_mixin.py:188} INFO - [2026-05-07T20:24:41.981+0000] {dag.py:3096} INFO - Sync 1 DAGs
[2026-05-07T20:24:42.002+0000] {logging_mixin.py:188} INFO - [2026-05-07T20:24:42.001+0000] {dag.py:3954} INFO - Setting next_dagrun for example_xcom to 2021-01-01 00:00:00+00:00, run_after=2021-01-01 00:00:00+00:00
[2026-05-07T20:24:42.023+0000] {processor.py:183} INFO - Processing /home/airflow/.local/lib/python3.12/site-packages/airflow/example_dags/example_xcom.py took 0.083 seconds
[2026-05-07T20:25:12.421+0000] {processor.py:161} INFO - Started process (PID=1034) to work on /home/airflow/.local/lib/python3.12/site-packages/airflow/example_dags/example_xcom.py
[2026-05-07T20:25:12.422+0000] {processor.py:830} INFO - Processing file /home/airflow/.local/lib/python3.12/site-packages/airflow/example_dags/example_xcom.py for tasks to queue
[2026-05-07T20:25:12.425+0000] {logging_mixin.py:188} INFO - [2026-05-07T20:25:12.425+0000] {dagbag.py:545} INFO - Filling up the DagBag from /home/airflow/.local/lib/python3.12/site-packages/airflow/example_dags/example_xcom.py
[2026-05-07T20:25:12.432+0000] {processor.py:840} INFO - DAG(s) 'example_xcom' retrieved from /home/airflow/.local/lib/python3.12/site-packages/airflow/example_dags/example_xcom.py
[2026-05-07T20:25:12.455+0000] {logging_mixin.py:188} INFO - [2026-05-07T20:25:12.454+0000] {dag.py:3096} INFO - Sync 1 DAGs
[2026-05-07T20:25:12.475+0000] {logging_mixin.py:188} INFO - [2026-05-07T20:25:12.474+0000] {dag.py:3954} INFO - Setting next_dagrun for example_xcom to 2021-01-01 00:00:00+00:00, run_after=2021-01-01 00:00:00+00:00
[2026-05-07T20:25:12.497+0000] {processor.py:183} INFO - Processing /home/airflow/.local/lib/python3.12/site-packages/airflow/example_dags/example_xcom.py took 0.081 seconds
[2026-05-07T20:25:42.934+0000] {processor.py:161} INFO - Started process (PID=1092) to work on /home/airflow/.local/lib/python3.12/site-packages/airflow/example_dags/example_xcom.py
[2026-05-07T20:25:42.935+0000] {processor.py:830} INFO - Processing file /home/airflow/.local/lib/python3.12/site-packages/airflow/example_dags/example_xcom.py for tasks to queue
[2026-05-07T20:25:42.938+0000] {logging_mixin.py:188} INFO - [2026-05-07T20:25:42.937+0000] {dagbag.py:545} INFO - Filling up the DagBag from /home/airflow/.local/lib/python3.12/site-packages/airflow/example_dags/example_xcom.py
[2026-05-07T20:25:42.948+0000] {processor.py:840} INFO - DAG(s) 'example_xcom' retrieved from /home/airflow/.local/lib/python3.12/site-packages/airflow/example_dags/example_xcom.py
[2026-05-07T20:25:42.975+0000] {logging_mixin.py:188} INFO - [2026-05-07T20:25:42.974+0000] {dag.py:3096} INFO - Sync 1 DAGs
[2026-05-07T20:25:42.999+0000] {logging_mixin.py:188} INFO - [2026-05-07T20:25:42.999+0000] {dag.py:3954} INFO - Setting next_dagrun for example_xcom to 2021-01-01 00:00:00+00:00, run_after=2021-01-01 00:00:00+00:00
[2026-05-07T20:25:43.027+0000] {processor.py:183} INFO - Processing /home/airflow/.local/lib/python3.12/site-packages/airflow/example_dags/example_xcom.py took 0.102 seconds
[2026-05-07T20:26:13.923+0000] {processor.py:161} INFO - Started process (PID=1150) to work on /home/airflow/.local/lib/python3.12/site-packages/airflow/example_dags/example_xcom.py
[2026-05-07T20:26:13.943+0000] {processor.py:830} INFO - Processing file /home/airflow/.local/lib/python3.12/site-packages/airflow/example_dags/example_xcom.py for tasks to queue
[2026-05-07T20:26:13.963+0000] {logging_mixin.py:188} INFO - [2026-05-07T20:26:13.963+0000] {dagbag.py:545} INFO - Filling up the DagBag from /home/airflow/.local/lib/python3.12/site-packages/airflow/example_dags/example_xcom.py
[2026-05-07T20:26:13.987+0000] {processor.py:840} INFO - DAG(s) 'example_xcom' retrieved from /home/airflow/.local/lib/python3.12/site-packages/airflow/example_dags/example_xcom.py
[2026-05-07T20:26:14.048+0000] {logging_mixin.py:188} INFO - [2026-05-07T20:26:14.043+0000] {dag.py:3096} INFO - Sync 1 DAGs
[2026-05-07T20:26:14.106+0000] {logging_mixin.py:188} INFO - [2026-05-07T20:26:14.106+0000] {dag.py:3954} INFO - Setting next_dagrun for example_xcom to 2021-01-01 00:00:00+00:00, run_after=2021-01-01 00:00:00+00:00
[2026-05-07T20:26:14.154+0000] {processor.py:183} INFO - Processing /home/airflow/.local/lib/python3.12/site-packages/airflow/example_dags/example_xcom.py took 0.242 seconds
[2026-05-07T20:26:44.908+0000] {processor.py:161} INFO - Started process (PID=1209) to work on /home/airflow/.local/lib/python3.12/site-packages/airflow/example_dags/example_xcom.py
[2026-05-07T20:26:44.910+0000] {processor.py:830} INFO - Processing file /home/airflow/.local/lib/python3.12/site-packages/airflow/example_dags/example_xcom.py for tasks to queue
[2026-05-07T20:26:44.912+0000] {logging_mixin.py:188} INFO - [2026-05-07T20:26:44.912+0000] {dagbag.py:545} INFO - Filling up the DagBag from /home/airflow/.local/lib/python3.12/site-packages/airflow/example_dags/example_xcom.py
[2026-05-07T20:26:44.920+0000] {processor.py:840} INFO - DAG(s) 'example_xcom' retrieved from /home/airflow/.local/lib/python3.12/site-packages/airflow/example_dags/example_xcom.py
[2026-05-07T20:26:44.944+0000] {logging_mixin.py:188} INFO - [2026-05-07T20:26:44.944+0000] {dag.py:3096} INFO - Sync 1 DAGs
[2026-05-07T20:26:44.964+0000] {logging_mixin.py:188} INFO - [2026-05-07T20:26:44.964+0000] {dag.py:3954} INFO - Setting next_dagrun for example_xcom to 2021-01-01 00:00:00+00:00, run_after=2021-01-01 00:00:00+00:00
[2026-05-07T20:26:44.983+0000] {processor.py:183} INFO - Processing /home/airflow/.local/lib/python3.12/site-packages/airflow/example_dags/example_xcom.py took 0.081 seconds
[2026-05-07T20:27:15.291+0000] {processor.py:161} INFO - Started process (PID=1266) to work on /home/airflow/.local/lib/python3.12/site-packages/airflow/example_dags/example_xcom.py
[2026-05-07T20:27:15.293+0000] {processor.py:830} INFO - Processing file /home/airflow/.local/lib/python3.12/site-packages/airflow/example_dags/example_xcom.py for tasks to queue
[2026-05-07T20:27:15.295+0000] {logging_mixin.py:188} INFO - [2026-05-07T20:27:15.295+0000] {dagbag.py:545} INFO - Filling up the DagBag from /home/airflow/.local/lib/python3.12/site-packages/airflow/example_dags/example_xcom.py
[2026-05-07T20:27:15.305+0000] {processor.py:840} INFO - DAG(s) 'example_xcom' retrieved from /home/airflow/.local/lib/python3.12/site-packages/airflow/example_dags/example_xcom.py
[2026-05-07T20:27:15.326+0000] {logging_mixin.py:188} INFO - [2026-05-07T20:27:15.325+0000] {dag.py:3096} INFO - Sync 1 DAGs
[2026-05-07T20:27:15.347+0000] {logging_mixin.py:188} INFO - [2026-05-07T20:27:15.346+0000] {dag.py:3954} INFO - Setting next_dagrun for example_xcom to 2021-01-01 00:00:00+00:00, run_after=2021-01-01 00:00:00+00:00
[2026-05-07T20:27:15.418+0000] {processor.py:183} INFO - Processing /home/airflow/.local/lib/python3.12/site-packages/airflow/example_dags/example_xcom.py took 0.132 seconds
[2026-05-07T20:27:45.495+0000] {processor.py:161} INFO - Started process (PID=1323) to work on /home/airflow/.local/lib/python3.12/site-packages/airflow/example_dags/example_xcom.py
[2026-05-07T20:27:45.496+0000] {processor.py:830} INFO - Processing file /home/airflow/.local/lib/python3.12/site-packages/airflow/example_dags/example_xcom.py for tasks to queue
[2026-05-07T20:27:45.499+0000] {logging_mixin.py:188} INFO - [2026-05-07T20:27:45.499+0000] {dagbag.py:545} INFO - Filling up the DagBag from /home/airflow/.local/lib/python3.12/site-packages/airflow/example_dags/example_xcom.py
[2026-05-07T20:27:45.508+0000] {processor.py:840} INFO - DAG(s) 'example_xcom' retrieved from /home/airflow/.local/lib/python3.12/site-packages/airflow/example_dags/example_xcom.py
[2026-05-07T20:27:45.535+0000] {logging_mixin.py:188} INFO - [2026-05-07T20:27:45.535+0000] {dag.py:3096} INFO - Sync 1 DAGs
[2026-05-07T20:27:45.557+0000] {logging_mixin.py:188} INFO - [2026-05-07T20:27:45.557+0000] {dag.py:3954} INFO - Setting next_dagrun for example_xcom to 2021-01-01 00:00:00+00:00, run_after=2021-01-01 00:00:00+00:00
[2026-05-07T20:27:45.645+0000] {processor.py:183} INFO - Processing /home/airflow/.local/lib/python3.12/site-packages/airflow/example_dags/example_xcom.py took 0.157 seconds
[2026-05-07T20:28:16.641+0000] {processor.py:161} INFO - Started process (PID=1381) to work on /home/airflow/.local/lib/python3.12/site-packages/airflow/example_dags/example_xcom.py
[2026-05-07T20:28:16.642+0000] {processor.py:830} INFO - Processing file /home/airflow/.local/lib/python3.12/site-packages/airflow/example_dags/example_xcom.py for tasks to queue
[2026-05-07T20:28:16.645+0000] {logging_mixin.py:188} INFO - [2026-05-07T20:28:16.645+0000] {dagbag.py:545} INFO - Filling up the DagBag from /home/airflow/.local/lib/python3.12/site-packages/airflow/example_dags/example_xcom.py
[2026-05-07T20:28:16.652+0000] {processor.py:840} INFO - DAG(s) 'example_xcom' retrieved from /home/airflow/.local/lib/python3.12/site-packages/airflow/example_dags/example_xcom.py
[2026-05-07T20:28:16.673+0000] {logging_mixin.py:188} INFO - [2026-05-07T20:28:16.673+0000] {dag.py:3096} INFO - Sync 1 DAGs
[2026-05-07T20:28:16.691+0000] {logging_mixin.py:188} INFO - [2026-05-07T20:28:16.690+0000] {dag.py:3954} INFO - Setting next_dagrun for example_xcom to 2021-01-01 00:00:00+00:00, run_after=2021-01-01 00:00:00+00:00
[2026-05-07T20:28:16.711+0000] {processor.py:183} INFO - Processing /home/airflow/.local/lib/python3.12/site-packages/airflow/example_dags/example_xcom.py took 0.075 seconds
[2026-05-07T20:28:46.948+0000] {processor.py:161} INFO - Started process (PID=1439) to work on /home/airflow/.local/lib/python3.12/site-packages/airflow/example_dags/example_xcom.py
[2026-05-07T20:28:46.950+0000] {processor.py:830} INFO - Processing file /home/airflow/.local/lib/python3.12/site-packages/airflow/example_dags/example_xcom.py for tasks to queue
[2026-05-07T20:28:46.953+0000] {logging_mixin.py:188} INFO - [2026-05-07T20:28:46.952+0000] {dagbag.py:545} INFO - Filling up the DagBag from /home/airflow/.local/lib/python3.12/site-packages/airflow/example_dags/example_xcom.py
[2026-05-07T20:28:46.960+0000] {processor.py:840} INFO - DAG(s) 'example_xcom' retrieved from /home/airflow/.local/lib/python3.12/site-packages/airflow/example_dags/example_xcom.py
[2026-05-07T20:28:46.981+0000] {logging_mixin.py:188} INFO - [2026-05-07T20:28:46.980+0000] {dag.py:3096} INFO - Sync 1 DAGs
[2026-05-07T20:28:46.998+0000] {logging_mixin.py:188} INFO - [2026-05-07T20:28:46.998+0000] {dag.py:3954} INFO - Setting next_dagrun for example_xcom to 2021-01-01 00:00:00+00:00, run_after=2021-01-01 00:00:00+00:00
[2026-05-07T20:28:47.091+0000] {processor.py:183} INFO - Processing /home/airflow/.local/lib/python3.12/site-packages/airflow/example_dags/example_xcom.py took 0.150 seconds
[2026-05-07T20:29:17.558+0000] {processor.py:161} INFO - Started process (PID=1497) to work on /home/airflow/.local/lib/python3.12/site-packages/airflow/example_dags/example_xcom.py
[2026-05-07T20:29:17.559+0000] {processor.py:830} INFO - Processing file /home/airflow/.local/lib/python3.12/site-packages/airflow/example_dags/example_xcom.py for tasks to queue
[2026-05-07T20:29:17.561+0000] {logging_mixin.py:188} INFO - [2026-05-07T20:29:17.561+0000] {dagbag.py:545} INFO - Filling up the DagBag from /home/airflow/.local/lib/python3.12/site-packages/airflow/example_dags/example_xcom.py
[2026-05-07T20:29:17.568+0000] {processor.py:840} INFO - DAG(s) 'example_xcom' retrieved from /home/airflow/.local/lib/python3.12/site-packages/airflow/example_dags/example_xcom.py
[2026-05-07T20:29:17.588+0000] {logging_mixin.py:188} INFO - [2026-05-07T20:29:17.588+0000] {dag.py:3096} INFO - Sync 1 DAGs
[2026-05-07T20:29:17.605+0000] {logging_mixin.py:188} INFO - [2026-05-07T20:29:17.605+0000] {dag.py:3954} INFO - Setting next_dagrun for example_xcom to 2021-01-01 00:00:00+00:00, run_after=2021-01-01 00:00:00+00:00
[2026-05-07T20:29:17.621+0000] {processor.py:183} INFO - Processing /home/airflow/.local/lib/python3.12/site-packages/airflow/example_dags/example_xcom.py took 0.069 seconds
[2026-05-07T20:29:48.292+0000] {processor.py:161} INFO - Started process (PID=1555) to work on /home/airflow/.local/lib/python3.12/site-packages/airflow/example_dags/example_xcom.py
[2026-05-07T20:29:48.294+0000] {processor.py:830} INFO - Processing file /home/airflow/.local/lib/python3.12/site-packages/airflow/example_dags/example_xcom.py for tasks to queue
[2026-05-07T20:29:48.297+0000] {logging_mixin.py:188} INFO - [2026-05-07T20:29:48.296+0000] {dagbag.py:545} INFO - Filling up the DagBag from /home/airflow/.local/lib/python3.12/site-packages/airflow/example_dags/example_xcom.py
[2026-05-07T20:29:48.305+0000] {processor.py:840} INFO - DAG(s) 'example_xcom' retrieved from /home/airflow/.local/lib/python3.12/site-packages/airflow/example_dags/example_xcom.py
[2026-05-07T20:29:48.329+0000] {logging_mixin.py:188} INFO - [2026-05-07T20:29:48.329+0000] {dag.py:3096} INFO - Sync 1 DAGs
[2026-05-07T20:29:48.352+0000] {logging_mixin.py:188} INFO - [2026-05-07T20:29:48.352+0000] {dag.py:3954} INFO - Setting next_dagrun for example_xcom to 2021-01-01 00:00:00+00:00, run_after=2021-01-01 00:00:00+00:00
[2026-05-07T20:29:48.379+0000] {processor.py:183} INFO - Processing /home/airflow/.local/lib/python3.12/site-packages/airflow/example_dags/example_xcom.py took 0.093 seconds
[2026-05-07T20:30:19.203+0000] {processor.py:161} INFO - Started process (PID=1613) to work on /home/airflow/.local/lib/python3.12/site-packages/airflow/example_dags/example_xcom.py
[2026-05-07T20:30:19.205+0000] {processor.py:830} INFO - Processing file /home/airflow/.local/lib/python3.12/site-packages/airflow/example_dags/example_xcom.py for tasks to queue
[2026-05-07T20:30:19.209+0000] {logging_mixin.py:188} INFO - [2026-05-07T20:30:19.208+0000] {dagbag.py:545} INFO - Filling up the DagBag from /home/airflow/.local/lib/python3.12/site-packages/airflow/example_dags/example_xcom.py
[2026-05-07T20:30:19.218+0000] {processor.py:840} INFO - DAG(s) 'example_xcom' retrieved from /home/airflow/.local/lib/python3.12/site-packages/airflow/example_dags/example_xcom.py
[2026-05-07T20:30:19.246+0000] {logging_mixin.py:188} INFO - [2026-05-07T20:30:19.246+0000] {dag.py:3096} INFO - Sync 1 DAGs
[2026-05-07T20:30:19.275+0000] {logging_mixin.py:188} INFO - [2026-05-07T20:30:19.275+0000] {dag.py:3954} INFO - Setting next_dagrun for example_xcom to 2021-01-01 00:00:00+00:00, run_after=2021-01-01 00:00:00+00:00
[2026-05-07T20:30:19.517+0000] {processor.py:183} INFO - Processing /home/airflow/.local/lib/python3.12/site-packages/airflow/example_dags/example_xcom.py took 0.321 seconds
[2026-05-07T20:30:50.040+0000] {processor.py:161} INFO - Started process (PID=1671) to work on /home/airflow/.local/lib/python3.12/site-packages/airflow/example_dags/example_xcom.py
[2026-05-07T20:30:50.042+0000] {processor.py:830} INFO - Processing file /home/airflow/.local/lib/python3.12/site-packages/airflow/example_dags/example_xcom.py for tasks to queue
[2026-05-07T20:30:50.044+0000] {logging_mixin.py:188} INFO - [2026-05-07T20:30:50.044+0000] {dagbag.py:545} INFO - Filling up the DagBag from /home/airflow/.local/lib/python3.12/site-packages/airflow/example_dags/example_xcom.py
[2026-05-07T20:30:50.053+0000] {processor.py:840} INFO - DAG(s) 'example_xcom' retrieved from /home/airflow/.local/lib/python3.12/site-packages/airflow/example_dags/example_xcom.py
[2026-05-07T20:30:50.073+0000] {logging_mixin.py:188} INFO - [2026-05-07T20:30:50.073+0000] {dag.py:3096} INFO - Sync 1 DAGs
[2026-05-07T20:30:50.094+0000] {logging_mixin.py:188} INFO - [2026-05-07T20:30:50.093+0000] {dag.py:3954} INFO - Setting next_dagrun for example_xcom to 2021-01-01 00:00:00+00:00, run_after=2021-01-01 00:00:00+00:00
[2026-05-07T20:30:50.336+0000] {processor.py:183} INFO - Processing /home/airflow/.local/lib/python3.12/site-packages/airflow/example_dags/example_xcom.py took 0.302 seconds
[2026-05-07T20:31:21.001+0000] {processor.py:161} INFO - Started process (PID=1729) to work on /home/airflow/.local/lib/python3.12/site-packages/airflow/example_dags/example_xcom.py
[2026-05-07T20:31:21.002+0000] {processor.py:830} INFO - Processing file /home/airflow/.local/lib/python3.12/site-packages/airflow/example_dags/example_xcom.py for tasks to queue
[2026-05-07T20:31:21.006+0000] {logging_mixin.py:188} INFO - [2026-05-07T20:31:21.005+0000] {dagbag.py:545} INFO - Filling up the DagBag from /home/airflow/.local/lib/python3.12/site-packages/airflow/example_dags/example_xcom.py
[2026-05-07T20:31:21.017+0000] {processor.py:840} INFO - DAG(s) 'example_xcom' retrieved from /home/airflow/.local/lib/python3.12/site-packages/airflow/example_dags/example_xcom.py
[2026-05-07T20:31:21.039+0000] {logging_mixin.py:188} INFO - [2026-05-07T20:31:21.039+0000] {dag.py:3096} INFO - Sync 1 DAGs
[2026-05-07T20:31:21.061+0000] {logging_mixin.py:188} INFO - [2026-05-07T20:31:21.060+0000] {dag.py:3954} INFO - Setting next_dagrun for example_xcom to 2021-01-01 00:00:00+00:00, run_after=2021-01-01 00:00:00+00:00
[2026-05-07T20:31:21.085+0000] {processor.py:183} INFO - Processing /home/airflow/.local/lib/python3.12/site-packages/airflow/example_dags/example_xcom.py took 0.094 seconds
[2026-05-07T20:31:51.146+0000] {processor.py:161} INFO - Started process (PID=1788) to work on /home/airflow/.local/lib/python3.12/site-packages/airflow/example_dags/example_xcom.py
[2026-05-07T20:31:51.147+0000] {processor.py:830} INFO - Processing file /home/airflow/.local/lib/python3.12/site-packages/airflow/example_dags/example_xcom.py for tasks to queue
[2026-05-07T20:31:51.150+0000] {logging_mixin.py:188} INFO - [2026-05-07T20:31:51.150+0000] {dagbag.py:545} INFO - Filling up the DagBag from /home/airflow/.local/lib/python3.12/site-packages/airflow/example_dags/example_xcom.py
[2026-05-07T20:31:51.159+0000] {processor.py:840} INFO - DAG(s) 'example_xcom' retrieved from /home/airflow/.local/lib/python3.12/site-packages/airflow/example_dags/example_xcom.py
[2026-05-07T20:31:51.179+0000] {logging_mixin.py:188} INFO - [2026-05-07T20:31:51.179+0000] {dag.py:3096} INFO - Sync 1 DAGs
[2026-05-07T20:31:51.200+0000] {logging_mixin.py:188} INFO - [2026-05-07T20:31:51.199+0000] {dag.py:3954} INFO - Setting next_dagrun for example_xcom to 2021-01-01 00:00:00+00:00, run_after=2021-01-01 00:00:00+00:00
[2026-05-07T20:31:51.219+0000] {processor.py:183} INFO - Processing /home/airflow/.local/lib/python3.12/site-packages/airflow/example_dags/example_xcom.py took 0.080 seconds
[2026-05-07T20:32:22.782+0000] {processor.py:161} INFO - Started process (PID=1846) to work on /home/airflow/.local/lib/python3.12/site-packages/airflow/example_dags/example_xcom.py
[2026-05-07T20:32:22.783+0000] {processor.py:830} INFO - Processing file /home/airflow/.local/lib/python3.12/site-packages/airflow/example_dags/example_xcom.py for tasks to queue
[2026-05-07T20:32:22.786+0000] {logging_mixin.py:188} INFO - [2026-05-07T20:32:22.785+0000] {dagbag.py:545} INFO - Filling up the DagBag from /home/airflow/.local/lib/python3.12/site-packages/airflow/example_dags/example_xcom.py
[2026-05-07T20:32:22.796+0000] {processor.py:840} INFO - DAG(s) 'example_xcom' retrieved from /home/airflow/.local/lib/python3.12/site-packages/airflow/example_dags/example_xcom.py
[2026-05-07T20:32:22.818+0000] {logging_mixin.py:188} INFO - [2026-05-07T20:32:22.818+0000] {dag.py:3096} INFO - Sync 1 DAGs
[2026-05-07T20:32:22.840+0000] {logging_mixin.py:188} INFO - [2026-05-07T20:32:22.840+0000] {dag.py:3954} INFO - Setting next_dagrun for example_xcom to 2021-01-01 00:00:00+00:00, run_after=2021-01-01 00:00:00+00:00
[2026-05-07T20:32:22.860+0000] {processor.py:183} INFO - Processing /home/airflow/.local/lib/python3.12/site-packages/airflow/example_dags/example_xcom.py took 0.085 seconds
[2026-05-07T20:32:53.382+0000] {processor.py:161} INFO - Started process (PID=1904) to work on /home/airflow/.local/lib/python3.12/site-packages/airflow/example_dags/example_xcom.py
[2026-05-07T20:32:53.383+0000] {processor.py:830} INFO - Processing file /home/airflow/.local/lib/python3.12/site-packages/airflow/example_dags/example_xcom.py for tasks to queue
[2026-05-07T20:32:53.385+0000] {logging_mixin.py:188} INFO - [2026-05-07T20:32:53.385+0000] {dagbag.py:545} INFO - Filling up the DagBag from /home/airflow/.local/lib/python3.12/site-packages/airflow/example_dags/example_xcom.py
[2026-05-07T20:32:53.392+0000] {processor.py:840} INFO - DAG(s) 'example_xcom' retrieved from /home/airflow/.local/lib/python3.12/site-packages/airflow/example_dags/example_xcom.py
[2026-05-07T20:32:53.414+0000] {logging_mixin.py:188} INFO - [2026-05-07T20:32:53.413+0000] {dag.py:3096} INFO - Sync 1 DAGs
[2026-05-07T20:32:53.435+0000] {logging_mixin.py:188} INFO - [2026-05-07T20:32:53.435+0000] {dag.py:3954} INFO - Setting next_dagrun for example_xcom to 2021-01-01 00:00:00+00:00, run_after=2021-01-01 00:00:00+00:00
[2026-05-07T20:32:53.457+0000] {processor.py:183} INFO - Processing /home/airflow/.local/lib/python3.12/site-packages/airflow/example_dags/example_xcom.py took 0.083 seconds
[2026-05-07T20:33:24.356+0000] {processor.py:161} INFO - Started process (PID=1962) to work on /home/airflow/.local/lib/python3.12/site-packages/airflow/example_dags/example_xcom.py
[2026-05-07T20:33:24.358+0000] {processor.py:830} INFO - Processing file /home/airflow/.local/lib/python3.12/site-packages/airflow/example_dags/example_xcom.py for tasks to queue
[2026-05-07T20:33:24.360+0000] {logging_mixin.py:188} INFO - [2026-05-07T20:33:24.359+0000] {dagbag.py:545} INFO - Filling up the DagBag from /home/airflow/.local/lib/python3.12/site-packages/airflow/example_dags/example_xcom.py
[2026-05-07T20:33:24.366+0000] {processor.py:840} INFO - DAG(s) 'example_xcom' retrieved from /home/airflow/.local/lib/python3.12/site-packages/airflow/example_dags/example_xcom.py
[2026-05-07T20:33:24.386+0000] {logging_mixin.py:188} INFO - [2026-05-07T20:33:24.386+0000] {dag.py:3096} INFO - Sync 1 DAGs
[2026-05-07T20:33:24.407+0000] {logging_mixin.py:188} INFO - [2026-05-07T20:33:24.407+0000] {dag.py:3954} INFO - Setting next_dagrun for example_xcom to 2021-01-01 00:00:00+00:00, run_after=2021-01-01 00:00:00+00:00
[2026-05-07T20:33:24.425+0000] {processor.py:183} INFO - Processing /home/airflow/.local/lib/python3.12/site-packages/airflow/example_dags/example_xcom.py took 0.076 seconds
[2026-05-07T20:33:55.251+0000] {processor.py:161} INFO - Started process (PID=2020) to work on /home/airflow/.local/lib/python3.12/site-packages/airflow/example_dags/example_xcom.py
[2026-05-07T20:33:55.252+0000] {processor.py:830} INFO - Processing file /home/airflow/.local/lib/python3.12/site-packages/airflow/example_dags/example_xcom.py for tasks to queue
[2026-05-07T20:33:55.255+0000] {logging_mixin.py:188} INFO - [2026-05-07T20:33:55.255+0000] {dagbag.py:545} INFO - Filling up the DagBag from /home/airflow/.local/lib/python3.12/site-packages/airflow/example_dags/example_xcom.py
[2026-05-07T20:33:55.269+0000] {processor.py:840} INFO - DAG(s) 'example_xcom' retrieved from /home/airflow/.local/lib/python3.12/site-packages/airflow/example_dags/example_xcom.py
[2026-05-07T20:33:55.291+0000] {logging_mixin.py:188} INFO - [2026-05-07T20:33:55.291+0000] {dag.py:3096} INFO - Sync 1 DAGs
[2026-05-07T20:33:55.317+0000] {logging_mixin.py:188} INFO - [2026-05-07T20:33:55.317+0000] {dag.py:3954} INFO - Setting next_dagrun for example_xcom to 2021-01-01 00:00:00+00:00, run_after=2021-01-01 00:00:00+00:00
[2026-05-07T20:33:55.350+0000] {processor.py:183} INFO - Processing /home/airflow/.local/lib/python3.12/site-packages/airflow/example_dags/example_xcom.py took 0.105 seconds
[2026-05-07T20:34:25.720+0000] {processor.py:161} INFO - Started process (PID=2079) to work on /home/airflow/.local/lib/python3.12/site-packages/airflow/example_dags/example_xcom.py
[2026-05-07T20:34:25.722+0000] {processor.py:830} INFO - Processing file /home/airflow/.local/lib/python3.12/site-packages/airflow/example_dags/example_xcom.py for tasks to queue
[2026-05-07T20:34:25.724+0000] {logging_mixin.py:188} INFO - [2026-05-07T20:34:25.723+0000] {dagbag.py:545} INFO - Filling up the DagBag from /home/airflow/.local/lib/python3.12/site-packages/airflow/example_dags/example_xcom.py
[2026-05-07T20:34:25.731+0000] {processor.py:840} INFO - DAG(s) 'example_xcom' retrieved from /home/airflow/.local/lib/python3.12/site-packages/airflow/example_dags/example_xcom.py
[2026-05-07T20:34:25.750+0000] {logging_mixin.py:188} INFO - [2026-05-07T20:34:25.750+0000] {dag.py:3096} INFO - Sync 1 DAGs
[2026-05-07T20:34:25.770+0000] {logging_mixin.py:188} INFO - [2026-05-07T20:34:25.770+0000] {dag.py:3954} INFO - Setting next_dagrun for example_xcom to 2021-01-01 00:00:00+00:00, run_after=2021-01-01 00:00:00+00:00
[2026-05-07T20:34:25.788+0000] {processor.py:183} INFO - Processing /home/airflow/.local/lib/python3.12/site-packages/airflow/example_dags/example_xcom.py took 0.074 seconds
[2026-05-07T20:34:56.224+0000] {processor.py:161} INFO - Started process (PID=2137) to work on /home/airflow/.local/lib/python3.12/site-packages/airflow/example_dags/example_xcom.py
[2026-05-07T20:34:56.225+0000] {processor.py:830} INFO - Processing file /home/airflow/.local/lib/python3.12/site-packages/airflow/example_dags/example_xcom.py for tasks to queue
[2026-05-07T20:34:56.227+0000] {logging_mixin.py:188} INFO - [2026-05-07T20:34:56.227+0000] {dagbag.py:545} INFO - Filling up the DagBag from /home/airflow/.local/lib/python3.12/site-packages/airflow/example_dags/example_xcom.py
[2026-05-07T20:34:56.234+0000] {processor.py:840} INFO - DAG(s) 'example_xcom' retrieved from /home/airflow/.local/lib/python3.12/site-packages/airflow/example_dags/example_xcom.py
[2026-05-07T20:34:56.256+0000] {logging_mixin.py:188} INFO - [2026-05-07T20:34:56.256+0000] {dag.py:3096} INFO - Sync 1 DAGs
[2026-05-07T20:34:56.276+0000] {logging_mixin.py:188} INFO - [2026-05-07T20:34:56.276+0000] {dag.py:3954} INFO - Setting next_dagrun for example_xcom to 2021-01-01 00:00:00+00:00, run_after=2021-01-01 00:00:00+00:00
[2026-05-07T20:34:56.295+0000] {processor.py:183} INFO - Processing /home/airflow/.local/lib/python3.12/site-packages/airflow/example_dags/example_xcom.py took 0.076 seconds
[2026-05-07T20:35:26.548+0000] {processor.py:161} INFO - Started process (PID=2195) to work on /home/airflow/.local/lib/python3.12/site-packages/airflow/example_dags/example_xcom.py
[2026-05-07T20:35:26.550+0000] {processor.py:830} INFO - Processing file /home/airflow/.local/lib/python3.12/site-packages/airflow/example_dags/example_xcom.py for tasks to queue
[2026-05-07T20:35:26.552+0000] {logging_mixin.py:188} INFO - [2026-05-07T20:35:26.552+0000] {dagbag.py:545} INFO - Filling up the DagBag from /home/airflow/.local/lib/python3.12/site-packages/airflow/example_dags/example_xcom.py
[2026-05-07T20:35:26.559+0000] {processor.py:840} INFO - DAG(s) 'example_xcom' retrieved from /home/airflow/.local/lib/python3.12/site-packages/airflow/example_dags/example_xcom.py
[2026-05-07T20:35:26.581+0000] {logging_mixin.py:188} INFO - [2026-05-07T20:35:26.580+0000] {dag.py:3096} INFO - Sync 1 DAGs
[2026-05-07T20:35:26.602+0000] {logging_mixin.py:188} INFO - [2026-05-07T20:35:26.602+0000] {dag.py:3954} INFO - Setting next_dagrun for example_xcom to 2021-01-01 00:00:00+00:00, run_after=2021-01-01 00:00:00+00:00
[2026-05-07T20:35:26.628+0000] {processor.py:183} INFO - Processing /home/airflow/.local/lib/python3.12/site-packages/airflow/example_dags/example_xcom.py took 0.085 seconds
[2026-05-07T20:35:57.407+0000] {processor.py:161} INFO - Started process (PID=2253) to work on /home/airflow/.local/lib/python3.12/site-packages/airflow/example_dags/example_xcom.py
[2026-05-07T20:35:57.409+0000] {processor.py:830} INFO - Processing file /home/airflow/.local/lib/python3.12/site-packages/airflow/example_dags/example_xcom.py for tasks to queue
[2026-05-07T20:35:57.411+0000] {logging_mixin.py:188} INFO - [2026-05-07T20:35:57.411+0000] {dagbag.py:545} INFO - Filling up the DagBag from /home/airflow/.local/lib/python3.12/site-packages/airflow/example_dags/example_xcom.py
[2026-05-07T20:35:57.418+0000] {processor.py:840} INFO - DAG(s) 'example_xcom' retrieved from /home/airflow/.local/lib/python3.12/site-packages/airflow/example_dags/example_xcom.py
[2026-05-07T20:35:57.440+0000] {logging_mixin.py:188} INFO - [2026-05-07T20:35:57.439+0000] {dag.py:3096} INFO - Sync 1 DAGs
[2026-05-07T20:35:57.458+0000] {logging_mixin.py:188} INFO - [2026-05-07T20:35:57.458+0000] {dag.py:3954} INFO - Setting next_dagrun for example_xcom to 2021-01-01 00:00:00+00:00, run_after=2021-01-01 00:00:00+00:00
[2026-05-07T20:35:57.479+0000] {processor.py:183} INFO - Processing /home/airflow/.local/lib/python3.12/site-packages/airflow/example_dags/example_xcom.py took 0.078 seconds
[2026-05-07T20:36:28.046+0000] {processor.py:161} INFO - Started process (PID=2312) to work on /home/airflow/.local/lib/python3.12/site-packages/airflow/example_dags/example_xcom.py
[2026-05-07T20:36:28.047+0000] {processor.py:830} INFO - Processing file /home/airflow/.local/lib/python3.12/site-packages/airflow/example_dags/example_xcom.py for tasks to queue
[2026-05-07T20:36:28.050+0000] {logging_mixin.py:188} INFO - [2026-05-07T20:36:28.049+0000] {dagbag.py:545} INFO - Filling up the DagBag from /home/airflow/.local/lib/python3.12/site-packages/airflow/example_dags/example_xcom.py
[2026-05-07T20:36:28.056+0000] {processor.py:840} INFO - DAG(s) 'example_xcom' retrieved from /home/airflow/.local/lib/python3.12/site-packages/airflow/example_dags/example_xcom.py
[2026-05-07T20:36:28.077+0000] {logging_mixin.py:188} INFO - [2026-05-07T20:36:28.077+0000] {dag.py:3096} INFO - Sync 1 DAGs
[2026-05-07T20:36:28.097+0000] {logging_mixin.py:188} INFO - [2026-05-07T20:36:28.097+0000] {dag.py:3954} INFO - Setting next_dagrun for example_xcom to 2021-01-01 00:00:00+00:00, run_after=2021-01-01 00:00:00+00:00
[2026-05-07T20:36:28.116+0000] {processor.py:183} INFO - Processing /home/airflow/.local/lib/python3.12/site-packages/airflow/example_dags/example_xcom.py took 0.078 seconds
[2026-05-07T20:36:58.633+0000] {processor.py:161} INFO - Started process (PID=2370) to work on /home/airflow/.local/lib/python3.12/site-packages/airflow/example_dags/example_xcom.py
[2026-05-07T20:36:58.634+0000] {processor.py:830} INFO - Processing file /home/airflow/.local/lib/python3.12/site-packages/airflow/example_dags/example_xcom.py for tasks to queue
[2026-05-07T20:36:58.636+0000] {logging_mixin.py:188} INFO - [2026-05-07T20:36:58.636+0000] {dagbag.py:545} INFO - Filling up the DagBag from /home/airflow/.local/lib/python3.12/site-packages/airflow/example_dags/example_xcom.py
[2026-05-07T20:36:58.643+0000] {processor.py:840} INFO - DAG(s) 'example_xcom' retrieved from /home/airflow/.local/lib/python3.12/site-packages/airflow/example_dags/example_xcom.py
[2026-05-07T20:36:58.661+0000] {logging_mixin.py:188} INFO - [2026-05-07T20:36:58.661+0000] {dag.py:3096} INFO - Sync 1 DAGs
[2026-05-07T20:36:58.680+0000] {logging_mixin.py:188} INFO - [2026-05-07T20:36:58.680+0000] {dag.py:3954} INFO - Setting next_dagrun for example_xcom to 2021-01-01 00:00:00+00:00, run_after=2021-01-01 00:00:00+00:00
[2026-05-07T20:36:58.698+0000] {processor.py:183} INFO - Processing /home/airflow/.local/lib/python3.12/site-packages/airflow/example_dags/example_xcom.py took 0.070 seconds
[2026-05-07T20:37:29.593+0000] {processor.py:161} INFO - Started process (PID=2428) to work on /home/airflow/.local/lib/python3.12/site-packages/airflow/example_dags/example_xcom.py
[2026-05-07T20:37:29.594+0000] {processor.py:830} INFO - Processing file /home/airflow/.local/lib/python3.12/site-packages/airflow/example_dags/example_xcom.py for tasks to queue
[2026-05-07T20:37:29.596+0000] {logging_mixin.py:188} INFO - [2026-05-07T20:37:29.596+0000] {dagbag.py:545} INFO - Filling up the DagBag from /home/airflow/.local/lib/python3.12/site-packages/airflow/example_dags/example_xcom.py
[2026-05-07T20:37:29.604+0000] {processor.py:840} INFO - DAG(s) 'example_xcom' retrieved from /home/airflow/.local/lib/python3.12/site-packages/airflow/example_dags/example_xcom.py
[2026-05-07T20:37:29.623+0000] {logging_mixin.py:188} INFO - [2026-05-07T20:37:29.623+0000] {dag.py:3096} INFO - Sync 1 DAGs
[2026-05-07T20:37:29.642+0000] {logging_mixin.py:188} INFO - [2026-05-07T20:37:29.642+0000] {dag.py:3954} INFO - Setting next_dagrun for example_xcom to 2021-01-01 00:00:00+00:00, run_after=2021-01-01 00:00:00+00:00
[2026-05-07T20:37:29.658+0000] {processor.py:183} INFO - Processing /home/airflow/.local/lib/python3.12/site-packages/airflow/example_dags/example_xcom.py took 0.071 seconds
[2026-05-07T20:37:59.819+0000] {processor.py:161} INFO - Started process (PID=2486) to work on /home/airflow/.local/lib/python3.12/site-packages/airflow/example_dags/example_xcom.py
[2026-05-07T20:37:59.820+0000] {processor.py:830} INFO - Processing file /home/airflow/.local/lib/python3.12/site-packages/airflow/example_dags/example_xcom.py for tasks to queue
[2026-05-07T20:37:59.822+0000] {logging_mixin.py:188} INFO - [2026-05-07T20:37:59.822+0000] {dagbag.py:545} INFO - Filling up the DagBag from /home/airflow/.local/lib/python3.12/site-packages/airflow/example_dags/example_xcom.py
[2026-05-07T20:37:59.830+0000] {processor.py:840} INFO - DAG(s) 'example_xcom' retrieved from /home/airflow/.local/lib/python3.12/site-packages/airflow/example_dags/example_xcom.py
[2026-05-07T20:37:59.851+0000] {logging_mixin.py:188} INFO - [2026-05-07T20:37:59.851+0000] {dag.py:3096} INFO - Sync 1 DAGs
[2026-05-07T20:37:59.873+0000] {logging_mixin.py:188} INFO - [2026-05-07T20:37:59.872+0000] {dag.py:3954} INFO - Setting next_dagrun for example_xcom to 2021-01-01 00:00:00+00:00, run_after=2021-01-01 00:00:00+00:00
[2026-05-07T20:37:59.909+0000] {processor.py:183} INFO - Processing /home/airflow/.local/lib/python3.12/site-packages/airflow/example_dags/example_xcom.py took 0.095 seconds
[2026-05-07T20:38:30.341+0000] {processor.py:161} INFO - Started process (PID=2544) to work on /home/airflow/.local/lib/python3.12/site-packages/airflow/example_dags/example_xcom.py
[2026-05-07T20:38:30.342+0000] {processor.py:830} INFO - Processing file /home/airflow/.local/lib/python3.12/site-packages/airflow/example_dags/example_xcom.py for tasks to queue
[2026-05-07T20:38:30.345+0000] {logging_mixin.py:188} INFO - [2026-05-07T20:38:30.344+0000] {dagbag.py:545} INFO - Filling up the DagBag from /home/airflow/.local/lib/python3.12/site-packages/airflow/example_dags/example_xcom.py
[2026-05-07T20:38:30.356+0000] {processor.py:840} INFO - DAG(s) 'example_xcom' retrieved from /home/airflow/.local/lib/python3.12/site-packages/airflow/example_dags/example_xcom.py
[2026-05-07T20:38:30.387+0000] {logging_mixin.py:188} INFO - [2026-05-07T20:38:30.387+0000] {dag.py:3096} INFO - Sync 1 DAGs
[2026-05-07T20:38:30.415+0000] {logging_mixin.py:188} INFO - [2026-05-07T20:38:30.415+0000] {dag.py:3954} INFO - Setting next_dagrun for example_xcom to 2021-01-01 00:00:00+00:00, run_after=2021-01-01 00:00:00+00:00
[2026-05-07T20:38:30.439+0000] {processor.py:183} INFO - Processing /home/airflow/.local/lib/python3.12/site-packages/airflow/example_dags/example_xcom.py took 0.105 seconds
[2026-05-07T20:39:00.587+0000] {processor.py:161} INFO - Started process (PID=2602) to work on /home/airflow/.local/lib/python3.12/site-packages/airflow/example_dags/example_xcom.py
[2026-05-07T20:39:00.591+0000] {processor.py:830} INFO - Processing file /home/airflow/.local/lib/python3.12/site-packages/airflow/example_dags/example_xcom.py for tasks to queue
[2026-05-07T20:39:00.593+0000] {logging_mixin.py:188} INFO - [2026-05-07T20:39:00.593+0000] {dagbag.py:545} INFO - Filling up the DagBag from /home/airflow/.local/lib/python3.12/site-packages/airflow/example_dags/example_xcom.py
[2026-05-07T20:39:00.600+0000] {processor.py:840} INFO - DAG(s) 'example_xcom' retrieved from /home/airflow/.local/lib/python3.12/site-packages/airflow/example_dags/example_xcom.py
[2026-05-07T20:39:00.622+0000] {logging_mixin.py:188} INFO - [2026-05-07T20:39:00.622+0000] {dag.py:3096} INFO - Sync 1 DAGs
[2026-05-07T20:39:00.642+0000] {logging_mixin.py:188} INFO - [2026-05-07T20:39:00.641+0000] {dag.py:3954} INFO - Setting next_dagrun for example_xcom to 2021-01-01 00:00:00+00:00, run_after=2021-01-01 00:00:00+00:00
[2026-05-07T20:39:00.730+0000] {processor.py:183} INFO - Processing /home/airflow/.local/lib/python3.12/site-packages/airflow/example_dags/example_xcom.py took 0.157 seconds
[2026-05-07T20:39:31.508+0000] {processor.py:161} INFO - Started process (PID=2660) to work on /home/airflow/.local/lib/python3.12/site-packages/airflow/example_dags/example_xcom.py
[2026-05-07T20:39:31.510+0000] {processor.py:830} INFO - Processing file /home/airflow/.local/lib/python3.12/site-packages/airflow/example_dags/example_xcom.py for tasks to queue
[2026-05-07T20:39:31.512+0000] {logging_mixin.py:188} INFO - [2026-05-07T20:39:31.512+0000] {dagbag.py:545} INFO - Filling up the DagBag from /home/airflow/.local/lib/python3.12/site-packages/airflow/example_dags/example_xcom.py
[2026-05-07T20:39:31.521+0000] {processor.py:840} INFO - DAG(s) 'example_xcom' retrieved from /home/airflow/.local/lib/python3.12/site-packages/airflow/example_dags/example_xcom.py
[2026-05-07T20:39:31.545+0000] {logging_mixin.py:188} INFO - [2026-05-07T20:39:31.545+0000] {dag.py:3096} INFO - Sync 1 DAGs
[2026-05-07T20:39:31.568+0000] {logging_mixin.py:188} INFO - [2026-05-07T20:39:31.568+0000] {dag.py:3954} INFO - Setting next_dagrun for example_xcom to 2021-01-01 00:00:00+00:00, run_after=2021-01-01 00:00:00+00:00
[2026-05-07T20:39:31.657+0000] {processor.py:183} INFO - Processing /home/airflow/.local/lib/python3.12/site-packages/airflow/example_dags/example_xcom.py took 0.158 seconds
[2026-05-07T20:40:02.099+0000] {processor.py:161} INFO - Started process (PID=2718) to work on /home/airflow/.local/lib/python3.12/site-packages/airflow/example_dags/example_xcom.py
[2026-05-07T20:40:02.101+0000] {processor.py:830} INFO - Processing file /home/airflow/.local/lib/python3.12/site-packages/airflow/example_dags/example_xcom.py for tasks to queue
[2026-05-07T20:40:02.104+0000] {logging_mixin.py:188} INFO - [2026-05-07T20:40:02.103+0000] {dagbag.py:545} INFO - Filling up the DagBag from /home/airflow/.local/lib/python3.12/site-packages/airflow/example_dags/example_xcom.py
[2026-05-07T20:40:02.115+0000] {processor.py:840} INFO - DAG(s) 'example_xcom' retrieved from /home/airflow/.local/lib/python3.12/site-packages/airflow/example_dags/example_xcom.py
[2026-05-07T20:40:02.145+0000] {logging_mixin.py:188} INFO - [2026-05-07T20:40:02.145+0000] {dag.py:3096} INFO - Sync 1 DAGs
[2026-05-07T20:40:02.172+0000] {logging_mixin.py:188} INFO - [2026-05-07T20:40:02.171+0000] {dag.py:3954} INFO - Setting next_dagrun for example_xcom to 2021-01-01 00:00:00+00:00, run_after=2021-01-01 00:00:00+00:00
[2026-05-07T20:40:02.205+0000] {processor.py:183} INFO - Processing /home/airflow/.local/lib/python3.12/site-packages/airflow/example_dags/example_xcom.py took 0.116 seconds
[2026-05-07T20:40:33.064+0000] {processor.py:161} INFO - Started process (PID=2782) to work on /home/airflow/.local/lib/python3.12/site-packages/airflow/example_dags/example_xcom.py
[2026-05-07T20:40:33.066+0000] {processor.py:830} INFO - Processing file /home/airflow/.local/lib/python3.12/site-packages/airflow/example_dags/example_xcom.py for tasks to queue
[2026-05-07T20:40:33.068+0000] {logging_mixin.py:188} INFO - [2026-05-07T20:40:33.068+0000] {dagbag.py:545} INFO - Filling up the DagBag from /home/airflow/.local/lib/python3.12/site-packages/airflow/example_dags/example_xcom.py
[2026-05-07T20:40:33.077+0000] {processor.py:840} INFO - DAG(s) 'example_xcom' retrieved from /home/airflow/.local/lib/python3.12/site-packages/airflow/example_dags/example_xcom.py
[2026-05-07T20:40:33.102+0000] {logging_mixin.py:188} INFO - [2026-05-07T20:40:33.102+0000] {dag.py:3096} INFO - Sync 1 DAGs
[2026-05-07T20:40:33.127+0000] {logging_mixin.py:188} INFO - [2026-05-07T20:40:33.126+0000] {dag.py:3954} INFO - Setting next_dagrun for example_xcom to 2021-01-01 00:00:00+00:00, run_after=2021-01-01 00:00:00+00:00
[2026-05-07T20:40:33.154+0000] {processor.py:183} INFO - Processing /home/airflow/.local/lib/python3.12/site-packages/airflow/example_dags/example_xcom.py took 0.097 seconds
[2026-05-07T20:41:03.662+0000] {processor.py:161} INFO - Started process (PID=2840) to work on /home/airflow/.local/lib/python3.12/site-packages/airflow/example_dags/example_xcom.py
[2026-05-07T20:41:03.663+0000] {processor.py:830} INFO - Processing file /home/airflow/.local/lib/python3.12/site-packages/airflow/example_dags/example_xcom.py for tasks to queue
[2026-05-07T20:41:03.665+0000] {logging_mixin.py:188} INFO - [2026-05-07T20:41:03.665+0000] {dagbag.py:545} INFO - Filling up the DagBag from /home/airflow/.local/lib/python3.12/site-packages/airflow/example_dags/example_xcom.py
[2026-05-07T20:41:03.672+0000] {processor.py:840} INFO - DAG(s) 'example_xcom' retrieved from /home/airflow/.local/lib/python3.12/site-packages/airflow/example_dags/example_xcom.py
[2026-05-07T20:41:03.691+0000] {logging_mixin.py:188} INFO - [2026-05-07T20:41:03.691+0000] {dag.py:3096} INFO - Sync 1 DAGs
[2026-05-07T20:41:03.710+0000] {logging_mixin.py:188} INFO - [2026-05-07T20:41:03.709+0000] {dag.py:3954} INFO - Setting next_dagrun for example_xcom to 2021-01-01 00:00:00+00:00, run_after=2021-01-01 00:00:00+00:00
[2026-05-07T20:41:03.729+0000] {processor.py:183} INFO - Processing /home/airflow/.local/lib/python3.12/site-packages/airflow/example_dags/example_xcom.py took 0.073 seconds
[2026-05-07T20:41:34.048+0000] {processor.py:161} INFO - Started process (PID=2898) to work on /home/airflow/.local/lib/python3.12/site-packages/airflow/example_dags/example_xcom.py
[2026-05-07T20:41:34.052+0000] {processor.py:830} INFO - Processing file /home/airflow/.local/lib/python3.12/site-packages/airflow/example_dags/example_xcom.py for tasks to queue
[2026-05-07T20:41:34.059+0000] {logging_mixin.py:188} INFO - [2026-05-07T20:41:34.058+0000] {dagbag.py:545} INFO - Filling up the DagBag from /home/airflow/.local/lib/python3.12/site-packages/airflow/example_dags/example_xcom.py
[2026-05-07T20:41:34.069+0000] {processor.py:840} INFO - DAG(s) 'example_xcom' retrieved from /home/airflow/.local/lib/python3.12/site-packages/airflow/example_dags/example_xcom.py
[2026-05-07T20:41:34.109+0000] {logging_mixin.py:188} INFO - [2026-05-07T20:41:34.109+0000] {dag.py:3096} INFO - Sync 1 DAGs
[2026-05-07T20:41:34.128+0000] {logging_mixin.py:188} INFO - [2026-05-07T20:41:34.128+0000] {dag.py:3954} INFO - Setting next_dagrun for example_xcom to 2021-01-01 00:00:00+00:00, run_after=2021-01-01 00:00:00+00:00
[2026-05-07T20:41:34.157+0000] {processor.py:183} INFO - Processing /home/airflow/.local/lib/python3.12/site-packages/airflow/example_dags/example_xcom.py took 0.120 seconds
[2026-05-07T20:42:04.425+0000] {processor.py:161} INFO - Started process (PID=2956) to work on /home/airflow/.local/lib/python3.12/site-packages/airflow/example_dags/example_xcom.py
[2026-05-07T20:42:04.426+0000] {processor.py:830} INFO - Processing file /home/airflow/.local/lib/python3.12/site-packages/airflow/example_dags/example_xcom.py for tasks to queue
[2026-05-07T20:42:04.428+0000] {logging_mixin.py:188} INFO - [2026-05-07T20:42:04.428+0000] {dagbag.py:545} INFO - Filling up the DagBag from /home/airflow/.local/lib/python3.12/site-packages/airflow/example_dags/example_xcom.py
[2026-05-07T20:42:04.436+0000] {processor.py:840} INFO - DAG(s) 'example_xcom' retrieved from /home/airflow/.local/lib/python3.12/site-packages/airflow/example_dags/example_xcom.py
[2026-05-07T20:42:04.455+0000] {logging_mixin.py:188} INFO - [2026-05-07T20:42:04.454+0000] {dag.py:3096} INFO - Sync 1 DAGs
[2026-05-07T20:42:04.475+0000] {logging_mixin.py:188} INFO - [2026-05-07T20:42:04.475+0000] {dag.py:3954} INFO - Setting next_dagrun for example_xcom to 2021-01-01 00:00:00+00:00, run_after=2021-01-01 00:00:00+00:00
[2026-05-07T20:42:04.494+0000] {processor.py:183} INFO - Processing /home/airflow/.local/lib/python3.12/site-packages/airflow/example_dags/example_xcom.py took 0.075 seconds
[2026-05-07T20:42:34.847+0000] {processor.py:161} INFO - Started process (PID=3014) to work on /home/airflow/.local/lib/python3.12/site-packages/airflow/example_dags/example_xcom.py
[2026-05-07T20:42:34.848+0000] {processor.py:830} INFO - Processing file /home/airflow/.local/lib/python3.12/site-packages/airflow/example_dags/example_xcom.py for tasks to queue
[2026-05-07T20:42:34.850+0000] {logging_mixin.py:188} INFO - [2026-05-07T20:42:34.850+0000] {dagbag.py:545} INFO - Filling up the DagBag from /home/airflow/.local/lib/python3.12/site-packages/airflow/example_dags/example_xcom.py
[2026-05-07T20:42:34.858+0000] {processor.py:840} INFO - DAG(s) 'example_xcom' retrieved from /home/airflow/.local/lib/python3.12/site-packages/airflow/example_dags/example_xcom.py
[2026-05-07T20:42:34.878+0000] {logging_mixin.py:188} INFO - [2026-05-07T20:42:34.878+0000] {dag.py:3096} INFO - Sync 1 DAGs
[2026-05-07T20:42:34.900+0000] {logging_mixin.py:188} INFO - [2026-05-07T20:42:34.899+0000] {dag.py:3954} INFO - Setting next_dagrun for example_xcom to 2021-01-01 00:00:00+00:00, run_after=2021-01-01 00:00:00+00:00
[2026-05-07T20:42:34.922+0000] {processor.py:183} INFO - Processing /home/airflow/.local/lib/python3.12/site-packages/airflow/example_dags/example_xcom.py took 0.082 seconds
[2026-05-07T20:43:05.681+0000] {processor.py:161} INFO - Started process (PID=3072) to work on /home/airflow/.local/lib/python3.12/site-packages/airflow/example_dags/example_xcom.py
[2026-05-07T20:43:05.683+0000] {processor.py:830} INFO - Processing file /home/airflow/.local/lib/python3.12/site-packages/airflow/example_dags/example_xcom.py for tasks to queue
[2026-05-07T20:43:05.685+0000] {logging_mixin.py:188} INFO - [2026-05-07T20:43:05.685+0000] {dagbag.py:545} INFO - Filling up the DagBag from /home/airflow/.local/lib/python3.12/site-packages/airflow/example_dags/example_xcom.py
[2026-05-07T20:43:05.693+0000] {processor.py:840} INFO - DAG(s) 'example_xcom' retrieved from /home/airflow/.local/lib/python3.12/site-packages/airflow/example_dags/example_xcom.py
[2026-05-07T20:43:05.713+0000] {logging_mixin.py:188} INFO - [2026-05-07T20:43:05.713+0000] {dag.py:3096} INFO - Sync 1 DAGs
[2026-05-07T20:43:05.731+0000] {logging_mixin.py:188} INFO - [2026-05-07T20:43:05.731+0000] {dag.py:3954} INFO - Setting next_dagrun for example_xcom to 2021-01-01 00:00:00+00:00, run_after=2021-01-01 00:00:00+00:00
[2026-05-07T20:43:05.749+0000] {processor.py:183} INFO - Processing /home/airflow/.local/lib/python3.12/site-packages/airflow/example_dags/example_xcom.py took 0.075 seconds
[2026-05-07T20:43:36.177+0000] {processor.py:161} INFO - Started process (PID=3130) to work on /home/airflow/.local/lib/python3.12/site-packages/airflow/example_dags/example_xcom.py
[2026-05-07T20:43:36.178+0000] {processor.py:830} INFO - Processing file /home/airflow/.local/lib/python3.12/site-packages/airflow/example_dags/example_xcom.py for tasks to queue
[2026-05-07T20:43:36.180+0000] {logging_mixin.py:188} INFO - [2026-05-07T20:43:36.180+0000] {dagbag.py:545} INFO - Filling up the DagBag from /home/airflow/.local/lib/python3.12/site-packages/airflow/example_dags/example_xcom.py
[2026-05-07T20:43:36.187+0000] {processor.py:840} INFO - DAG(s) 'example_xcom' retrieved from /home/airflow/.local/lib/python3.12/site-packages/airflow/example_dags/example_xcom.py
[2026-05-07T20:43:36.207+0000] {logging_mixin.py:188} INFO - [2026-05-07T20:43:36.207+0000] {dag.py:3096} INFO - Sync 1 DAGs
[2026-05-07T20:43:36.230+0000] {logging_mixin.py:188} INFO - [2026-05-07T20:43:36.230+0000] {dag.py:3954} INFO - Setting next_dagrun for example_xcom to 2021-01-01 00:00:00+00:00, run_after=2021-01-01 00:00:00+00:00
[2026-05-07T20:43:36.249+0000] {processor.py:183} INFO - Processing /home/airflow/.local/lib/python3.12/site-packages/airflow/example_dags/example_xcom.py took 0.079 seconds
[2026-05-07T20:44:06.806+0000] {processor.py:161} INFO - Started process (PID=3188) to work on /home/airflow/.local/lib/python3.12/site-packages/airflow/example_dags/example_xcom.py
[2026-05-07T20:44:06.807+0000] {processor.py:830} INFO - Processing file /home/airflow/.local/lib/python3.12/site-packages/airflow/example_dags/example_xcom.py for tasks to queue
[2026-05-07T20:44:06.809+0000] {logging_mixin.py:188} INFO - [2026-05-07T20:44:06.809+0000] {dagbag.py:545} INFO - Filling up the DagBag from /home/airflow/.local/lib/python3.12/site-packages/airflow/example_dags/example_xcom.py
[2026-05-07T20:44:06.817+0000] {processor.py:840} INFO - DAG(s) 'example_xcom' retrieved from /home/airflow/.local/lib/python3.12/site-packages/airflow/example_dags/example_xcom.py
[2026-05-07T20:44:06.838+0000] {logging_mixin.py:188} INFO - [2026-05-07T20:44:06.838+0000] {dag.py:3096} INFO - Sync 1 DAGs
[2026-05-07T20:44:06.858+0000] {logging_mixin.py:188} INFO - [2026-05-07T20:44:06.857+0000] {dag.py:3954} INFO - Setting next_dagrun for example_xcom to 2021-01-01 00:00:00+00:00, run_after=2021-01-01 00:00:00+00:00
[2026-05-07T20:44:06.878+0000] {processor.py:183} INFO - Processing /home/airflow/.local/lib/python3.12/site-packages/airflow/example_dags/example_xcom.py took 0.079 seconds
[2026-05-07T20:44:37.875+0000] {processor.py:161} INFO - Started process (PID=3246) to work on /home/airflow/.local/lib/python3.12/site-packages/airflow/example_dags/example_xcom.py
[2026-05-07T20:44:37.877+0000] {processor.py:830} INFO - Processing file /home/airflow/.local/lib/python3.12/site-packages/airflow/example_dags/example_xcom.py for tasks to queue
[2026-05-07T20:44:37.879+0000] {logging_mixin.py:188} INFO - [2026-05-07T20:44:37.879+0000] {dagbag.py:545} INFO - Filling up the DagBag from /home/airflow/.local/lib/python3.12/site-packages/airflow/example_dags/example_xcom.py
[2026-05-07T20:44:37.888+0000] {processor.py:840} INFO - DAG(s) 'example_xcom' retrieved from /home/airflow/.local/lib/python3.12/site-packages/airflow/example_dags/example_xcom.py
[2026-05-07T20:44:37.910+0000] {logging_mixin.py:188} INFO - [2026-05-07T20:44:37.910+0000] {dag.py:3096} INFO - Sync 1 DAGs
[2026-05-07T20:44:37.931+0000] {logging_mixin.py:188} INFO - [2026-05-07T20:44:37.931+0000] {dag.py:3954} INFO - Setting next_dagrun for example_xcom to 2021-01-01 00:00:00+00:00, run_after=2021-01-01 00:00:00+00:00
[2026-05-07T20:44:37.955+0000] {processor.py:183} INFO - Processing /home/airflow/.local/lib/python3.12/site-packages/airflow/example_dags/example_xcom.py took 0.085 seconds
[2026-05-07T20:45:08.430+0000] {processor.py:161} INFO - Started process (PID=3304) to work on /home/airflow/.local/lib/python3.12/site-packages/airflow/example_dags/example_xcom.py
[2026-05-07T20:45:08.432+0000] {processor.py:830} INFO - Processing file /home/airflow/.local/lib/python3.12/site-packages/airflow/example_dags/example_xcom.py for tasks to queue
[2026-05-07T20:45:08.434+0000] {logging_mixin.py:188} INFO - [2026-05-07T20:45:08.434+0000] {dagbag.py:545} INFO - Filling up the DagBag from /home/airflow/.local/lib/python3.12/site-packages/airflow/example_dags/example_xcom.py
[2026-05-07T20:45:08.442+0000] {processor.py:840} INFO - DAG(s) 'example_xcom' retrieved from /home/airflow/.local/lib/python3.12/site-packages/airflow/example_dags/example_xcom.py
[2026-05-07T20:45:08.463+0000] {logging_mixin.py:188} INFO - [2026-05-07T20:45:08.463+0000] {dag.py:3096} INFO - Sync 1 DAGs
[2026-05-07T20:45:08.481+0000] {logging_mixin.py:188} INFO - [2026-05-07T20:45:08.481+0000] {dag.py:3954} INFO - Setting next_dagrun for example_xcom to 2021-01-01 00:00:00+00:00, run_after=2021-01-01 00:00:00+00:00
[2026-05-07T20:45:08.578+0000] {processor.py:183} INFO - Processing /home/airflow/.local/lib/python3.12/site-packages/airflow/example_dags/example_xcom.py took 0.154 seconds
[2026-05-07T20:45:38.889+0000] {processor.py:161} INFO - Started process (PID=3362) to work on /home/airflow/.local/lib/python3.12/site-packages/airflow/example_dags/example_xcom.py
[2026-05-07T20:45:38.891+0000] {processor.py:830} INFO - Processing file /home/airflow/.local/lib/python3.12/site-packages/airflow/example_dags/example_xcom.py for tasks to queue
[2026-05-07T20:45:38.893+0000] {logging_mixin.py:188} INFO - [2026-05-07T20:45:38.892+0000] {dagbag.py:545} INFO - Filling up the DagBag from /home/airflow/.local/lib/python3.12/site-packages/airflow/example_dags/example_xcom.py
[2026-05-07T20:45:38.899+0000] {processor.py:840} INFO - DAG(s) 'example_xcom' retrieved from /home/airflow/.local/lib/python3.12/site-packages/airflow/example_dags/example_xcom.py
[2026-05-07T20:45:38.924+0000] {logging_mixin.py:188} INFO - [2026-05-07T20:45:38.924+0000] {dag.py:3096} INFO - Sync 1 DAGs
[2026-05-07T20:45:38.944+0000] {logging_mixin.py:188} INFO - [2026-05-07T20:45:38.943+0000] {dag.py:3954} INFO - Setting next_dagrun for example_xcom to 2021-01-01 00:00:00+00:00, run_after=2021-01-01 00:00:00+00:00
[2026-05-07T20:45:38.967+0000] {processor.py:183} INFO - Processing /home/airflow/.local/lib/python3.12/site-packages/airflow/example_dags/example_xcom.py took 0.084 seconds
[2026-05-07T20:46:09.351+0000] {processor.py:161} INFO - Started process (PID=3420) to work on /home/airflow/.local/lib/python3.12/site-packages/airflow/example_dags/example_xcom.py
[2026-05-07T20:46:09.354+0000] {processor.py:830} INFO - Processing file /home/airflow/.local/lib/python3.12/site-packages/airflow/example_dags/example_xcom.py for tasks to queue
[2026-05-07T20:46:09.357+0000] {logging_mixin.py:188} INFO - [2026-05-07T20:46:09.357+0000] {dagbag.py:545} INFO - Filling up the DagBag from /home/airflow/.local/lib/python3.12/site-packages/airflow/example_dags/example_xcom.py
[2026-05-07T20:46:09.367+0000] {processor.py:840} INFO - DAG(s) 'example_xcom' retrieved from /home/airflow/.local/lib/python3.12/site-packages/airflow/example_dags/example_xcom.py
[2026-05-07T20:46:09.394+0000] {logging_mixin.py:188} INFO - [2026-05-07T20:46:09.394+0000] {dag.py:3096} INFO - Sync 1 DAGs
[2026-05-07T20:46:09.426+0000] {logging_mixin.py:188} INFO - [2026-05-07T20:46:09.425+0000] {dag.py:3954} INFO - Setting next_dagrun for example_xcom to 2021-01-01 00:00:00+00:00, run_after=2021-01-01 00:00:00+00:00
[2026-05-07T20:46:09.524+0000] {processor.py:183} INFO - Processing /home/airflow/.local/lib/python3.12/site-packages/airflow/example_dags/example_xcom.py took 0.182 seconds
[2026-05-07T20:46:40.174+0000] {processor.py:161} INFO - Started process (PID=3478) to work on /home/airflow/.local/lib/python3.12/site-packages/airflow/example_dags/example_xcom.py
[2026-05-07T20:46:40.177+0000] {processor.py:830} INFO - Processing file /home/airflow/.local/lib/python3.12/site-packages/airflow/example_dags/example_xcom.py for tasks to queue
[2026-05-07T20:46:40.181+0000] {logging_mixin.py:188} INFO - [2026-05-07T20:46:40.180+0000] {dagbag.py:545} INFO - Filling up the DagBag from /home/airflow/.local/lib/python3.12/site-packages/airflow/example_dags/example_xcom.py
[2026-05-07T20:46:40.196+0000] {processor.py:840} INFO - DAG(s) 'example_xcom' retrieved from /home/airflow/.local/lib/python3.12/site-packages/airflow/example_dags/example_xcom.py
[2026-05-07T20:46:40.296+0000] {logging_mixin.py:188} INFO - [2026-05-07T20:46:40.295+0000] {dag.py:3096} INFO - Sync 1 DAGs
[2026-05-07T20:46:40.399+0000] {logging_mixin.py:188} INFO - [2026-05-07T20:46:40.398+0000] {dag.py:3954} INFO - Setting next_dagrun for example_xcom to 2021-01-01 00:00:00+00:00, run_after=2021-01-01 00:00:00+00:00
[2026-05-07T20:46:41.642+0000] {processor.py:183} INFO - Processing /home/airflow/.local/lib/python3.12/site-packages/airflow/example_dags/example_xcom.py took 1.478 seconds
[2026-05-07T20:47:11.907+0000] {processor.py:161} INFO - Started process (PID=3537) to work on /home/airflow/.local/lib/python3.12/site-packages/airflow/example_dags/example_xcom.py
[2026-05-07T20:47:11.912+0000] {processor.py:830} INFO - Processing file /home/airflow/.local/lib/python3.12/site-packages/airflow/example_dags/example_xcom.py for tasks to queue
[2026-05-07T20:47:11.916+0000] {logging_mixin.py:188} INFO - [2026-05-07T20:47:11.915+0000] {dagbag.py:545} INFO - Filling up the DagBag from /home/airflow/.local/lib/python3.12/site-packages/airflow/example_dags/example_xcom.py
[2026-05-07T20:47:11.928+0000] {processor.py:840} INFO - DAG(s) 'example_xcom' retrieved from /home/airflow/.local/lib/python3.12/site-packages/airflow/example_dags/example_xcom.py
[2026-05-07T20:47:11.965+0000] {logging_mixin.py:188} INFO - [2026-05-07T20:47:11.964+0000] {dag.py:3096} INFO - Sync 1 DAGs
[2026-05-07T20:47:11.998+0000] {logging_mixin.py:188} INFO - [2026-05-07T20:47:11.998+0000] {dag.py:3954} INFO - Setting next_dagrun for example_xcom to 2021-01-01 00:00:00+00:00, run_after=2021-01-01 00:00:00+00:00
[2026-05-07T20:47:12.032+0000] {processor.py:183} INFO - Processing /home/airflow/.local/lib/python3.12/site-packages/airflow/example_dags/example_xcom.py took 0.133 seconds
[2026-05-07T20:47:42.216+0000] {processor.py:161} INFO - Started process (PID=3595) to work on /home/airflow/.local/lib/python3.12/site-packages/airflow/example_dags/example_xcom.py
[2026-05-07T20:47:42.217+0000] {processor.py:830} INFO - Processing file /home/airflow/.local/lib/python3.12/site-packages/airflow/example_dags/example_xcom.py for tasks to queue
[2026-05-07T20:47:42.220+0000] {logging_mixin.py:188} INFO - [2026-05-07T20:47:42.220+0000] {dagbag.py:545} INFO - Filling up the DagBag from /home/airflow/.local/lib/python3.12/site-packages/airflow/example_dags/example_xcom.py
[2026-05-07T20:47:42.231+0000] {processor.py:840} INFO - DAG(s) 'example_xcom' retrieved from /home/airflow/.local/lib/python3.12/site-packages/airflow/example_dags/example_xcom.py
[2026-05-07T20:47:42.256+0000] {logging_mixin.py:188} INFO - [2026-05-07T20:47:42.255+0000] {dag.py:3096} INFO - Sync 1 DAGs
[2026-05-07T20:47:42.280+0000] {logging_mixin.py:188} INFO - [2026-05-07T20:47:42.279+0000] {dag.py:3954} INFO - Setting next_dagrun for example_xcom to 2021-01-01 00:00:00+00:00, run_after=2021-01-01 00:00:00+00:00
[2026-05-07T20:47:42.381+0000] {processor.py:183} INFO - Processing /home/airflow/.local/lib/python3.12/site-packages/airflow/example_dags/example_xcom.py took 0.175 seconds
[2026-05-07T20:48:12.825+0000] {processor.py:161} INFO - Started process (PID=3653) to work on /home/airflow/.local/lib/python3.12/site-packages/airflow/example_dags/example_xcom.py
[2026-05-07T20:48:12.828+0000] {processor.py:830} INFO - Processing file /home/airflow/.local/lib/python3.12/site-packages/airflow/example_dags/example_xcom.py for tasks to queue
[2026-05-07T20:48:12.832+0000] {logging_mixin.py:188} INFO - [2026-05-07T20:48:12.831+0000] {dagbag.py:545} INFO - Filling up the DagBag from /home/airflow/.local/lib/python3.12/site-packages/airflow/example_dags/example_xcom.py
[2026-05-07T20:48:12.842+0000] {processor.py:840} INFO - DAG(s) 'example_xcom' retrieved from /home/airflow/.local/lib/python3.12/site-packages/airflow/example_dags/example_xcom.py
[2026-05-07T20:48:12.869+0000] {logging_mixin.py:188} INFO - [2026-05-07T20:48:12.868+0000] {dag.py:3096} INFO - Sync 1 DAGs
[2026-05-07T20:48:12.894+0000] {logging_mixin.py:188} INFO - [2026-05-07T20:48:12.894+0000] {dag.py:3954} INFO - Setting next_dagrun for example_xcom to 2021-01-01 00:00:00+00:00, run_after=2021-01-01 00:00:00+00:00
[2026-05-07T20:48:12.989+0000] {processor.py:183} INFO - Processing /home/airflow/.local/lib/python3.12/site-packages/airflow/example_dags/example_xcom.py took 0.176 seconds
[2026-05-07T20:48:43.144+0000] {processor.py:161} INFO - Started process (PID=3711) to work on /home/airflow/.local/lib/python3.12/site-packages/airflow/example_dags/example_xcom.py
[2026-05-07T20:48:43.146+0000] {processor.py:830} INFO - Processing file /home/airflow/.local/lib/python3.12/site-packages/airflow/example_dags/example_xcom.py for tasks to queue
[2026-05-07T20:48:43.149+0000] {logging_mixin.py:188} INFO - [2026-05-07T20:48:43.148+0000] {dagbag.py:545} INFO - Filling up the DagBag from /home/airflow/.local/lib/python3.12/site-packages/airflow/example_dags/example_xcom.py
[2026-05-07T20:48:43.159+0000] {processor.py:840} INFO - DAG(s) 'example_xcom' retrieved from /home/airflow/.local/lib/python3.12/site-packages/airflow/example_dags/example_xcom.py
[2026-05-07T20:48:43.192+0000] {logging_mixin.py:188} INFO - [2026-05-07T20:48:43.191+0000] {dag.py:3096} INFO - Sync 1 DAGs
[2026-05-07T20:48:43.215+0000] {logging_mixin.py:188} INFO - [2026-05-07T20:48:43.214+0000] {dag.py:3954} INFO - Setting next_dagrun for example_xcom to 2021-01-01 00:00:00+00:00, run_after=2021-01-01 00:00:00+00:00
[2026-05-07T20:48:43.322+0000] {processor.py:183} INFO - Processing /home/airflow/.local/lib/python3.12/site-packages/airflow/example_dags/example_xcom.py took 0.189 seconds
[2026-05-07T20:49:13.912+0000] {processor.py:161} INFO - Started process (PID=3769) to work on /home/airflow/.local/lib/python3.12/site-packages/airflow/example_dags/example_xcom.py
[2026-05-07T20:49:13.914+0000] {processor.py:830} INFO - Processing file /home/airflow/.local/lib/python3.12/site-packages/airflow/example_dags/example_xcom.py for tasks to queue
[2026-05-07T20:49:13.917+0000] {logging_mixin.py:188} INFO - [2026-05-07T20:49:13.917+0000] {dagbag.py:545} INFO - Filling up the DagBag from /home/airflow/.local/lib/python3.12/site-packages/airflow/example_dags/example_xcom.py
[2026-05-07T20:49:13.936+0000] {processor.py:840} INFO - DAG(s) 'example_xcom' retrieved from /home/airflow/.local/lib/python3.12/site-packages/airflow/example_dags/example_xcom.py
[2026-05-07T20:49:13.980+0000] {logging_mixin.py:188} INFO - [2026-05-07T20:49:13.980+0000] {dag.py:3096} INFO - Sync 1 DAGs
[2026-05-07T20:49:14.016+0000] {logging_mixin.py:188} INFO - [2026-05-07T20:49:14.016+0000] {dag.py:3954} INFO - Setting next_dagrun for example_xcom to 2021-01-01 00:00:00+00:00, run_after=2021-01-01 00:00:00+00:00
[2026-05-07T20:49:14.127+0000] {processor.py:183} INFO - Processing /home/airflow/.local/lib/python3.12/site-packages/airflow/example_dags/example_xcom.py took 0.225 seconds
[2026-05-07T20:49:44.217+0000] {processor.py:161} INFO - Started process (PID=3827) to work on /home/airflow/.local/lib/python3.12/site-packages/airflow/example_dags/example_xcom.py
[2026-05-07T20:49:44.219+0000] {processor.py:830} INFO - Processing file /home/airflow/.local/lib/python3.12/site-packages/airflow/example_dags/example_xcom.py for tasks to queue
[2026-05-07T20:49:44.221+0000] {logging_mixin.py:188} INFO - [2026-05-07T20:49:44.221+0000] {dagbag.py:545} INFO - Filling up the DagBag from /home/airflow/.local/lib/python3.12/site-packages/airflow/example_dags/example_xcom.py
[2026-05-07T20:49:44.228+0000] {processor.py:840} INFO - DAG(s) 'example_xcom' retrieved from /home/airflow/.local/lib/python3.12/site-packages/airflow/example_dags/example_xcom.py
[2026-05-07T20:49:44.254+0000] {logging_mixin.py:188} INFO - [2026-05-07T20:49:44.254+0000] {dag.py:3096} INFO - Sync 1 DAGs
[2026-05-07T20:49:44.280+0000] {logging_mixin.py:188} INFO - [2026-05-07T20:49:44.280+0000] {dag.py:3954} INFO - Setting next_dagrun for example_xcom to 2021-01-01 00:00:00+00:00, run_after=2021-01-01 00:00:00+00:00
[2026-05-07T20:49:44.377+0000] {processor.py:183} INFO - Processing /home/airflow/.local/lib/python3.12/site-packages/airflow/example_dags/example_xcom.py took 0.168 seconds
[2026-05-07T20:50:15.089+0000] {processor.py:161} INFO - Started process (PID=3885) to work on /home/airflow/.local/lib/python3.12/site-packages/airflow/example_dags/example_xcom.py
[2026-05-07T20:50:15.091+0000] {processor.py:830} INFO - Processing file /home/airflow/.local/lib/python3.12/site-packages/airflow/example_dags/example_xcom.py for tasks to queue
[2026-05-07T20:50:15.093+0000] {logging_mixin.py:188} INFO - [2026-05-07T20:50:15.093+0000] {dagbag.py:545} INFO - Filling up the DagBag from /home/airflow/.local/lib/python3.12/site-packages/airflow/example_dags/example_xcom.py
[2026-05-07T20:50:15.102+0000] {processor.py:840} INFO - DAG(s) 'example_xcom' retrieved from /home/airflow/.local/lib/python3.12/site-packages/airflow/example_dags/example_xcom.py
[2026-05-07T20:50:15.127+0000] {logging_mixin.py:188} INFO - [2026-05-07T20:50:15.126+0000] {dag.py:3096} INFO - Sync 1 DAGs
[2026-05-07T20:50:15.148+0000] {logging_mixin.py:188} INFO - [2026-05-07T20:50:15.148+0000] {dag.py:3954} INFO - Setting next_dagrun for example_xcom to 2021-01-01 00:00:00+00:00, run_after=2021-01-01 00:00:00+00:00
[2026-05-07T20:50:15.253+0000] {processor.py:183} INFO - Processing /home/airflow/.local/lib/python3.12/site-packages/airflow/example_dags/example_xcom.py took 0.171 seconds
[2026-05-07T20:50:45.535+0000] {processor.py:161} INFO - Started process (PID=3943) to work on /home/airflow/.local/lib/python3.12/site-packages/airflow/example_dags/example_xcom.py
[2026-05-07T20:50:45.556+0000] {processor.py:830} INFO - Processing file /home/airflow/.local/lib/python3.12/site-packages/airflow/example_dags/example_xcom.py for tasks to queue
[2026-05-07T20:50:45.563+0000] {logging_mixin.py:188} INFO - [2026-05-07T20:50:45.562+0000] {dagbag.py:545} INFO - Filling up the DagBag from /home/airflow/.local/lib/python3.12/site-packages/airflow/example_dags/example_xcom.py
[2026-05-07T20:50:45.577+0000] {processor.py:840} INFO - DAG(s) 'example_xcom' retrieved from /home/airflow/.local/lib/python3.12/site-packages/airflow/example_dags/example_xcom.py
[2026-05-07T20:50:45.604+0000] {logging_mixin.py:188} INFO - [2026-05-07T20:50:45.604+0000] {dag.py:3096} INFO - Sync 1 DAGs
[2026-05-07T20:50:45.627+0000] {logging_mixin.py:188} INFO - [2026-05-07T20:50:45.627+0000] {dag.py:3954} INFO - Setting next_dagrun for example_xcom to 2021-01-01 00:00:00+00:00, run_after=2021-01-01 00:00:00+00:00
[2026-05-07T20:50:45.652+0000] {processor.py:183} INFO - Processing /home/airflow/.local/lib/python3.12/site-packages/airflow/example_dags/example_xcom.py took 0.124 seconds
[2026-05-07T20:51:16.040+0000] {processor.py:161} INFO - Started process (PID=4001) to work on /home/airflow/.local/lib/python3.12/site-packages/airflow/example_dags/example_xcom.py
[2026-05-07T20:51:16.044+0000] {processor.py:830} INFO - Processing file /home/airflow/.local/lib/python3.12/site-packages/airflow/example_dags/example_xcom.py for tasks to queue
[2026-05-07T20:51:16.052+0000] {logging_mixin.py:188} INFO - [2026-05-07T20:51:16.051+0000] {dagbag.py:545} INFO - Filling up the DagBag from /home/airflow/.local/lib/python3.12/site-packages/airflow/example_dags/example_xcom.py
[2026-05-07T20:51:16.068+0000] {processor.py:840} INFO - DAG(s) 'example_xcom' retrieved from /home/airflow/.local/lib/python3.12/site-packages/airflow/example_dags/example_xcom.py
[2026-05-07T20:51:16.118+0000] {logging_mixin.py:188} INFO - [2026-05-07T20:51:16.117+0000] {dag.py:3096} INFO - Sync 1 DAGs
[2026-05-07T20:51:16.151+0000] {logging_mixin.py:188} INFO - [2026-05-07T20:51:16.151+0000] {dag.py:3954} INFO - Setting next_dagrun for example_xcom to 2021-01-01 00:00:00+00:00, run_after=2021-01-01 00:00:00+00:00
[2026-05-07T20:51:16.272+0000] {processor.py:183} INFO - Processing /home/airflow/.local/lib/python3.12/site-packages/airflow/example_dags/example_xcom.py took 0.248 seconds
[2026-05-07T20:51:46.640+0000] {processor.py:161} INFO - Started process (PID=4060) to work on /home/airflow/.local/lib/python3.12/site-packages/airflow/example_dags/example_xcom.py
[2026-05-07T20:51:46.642+0000] {processor.py:830} INFO - Processing file /home/airflow/.local/lib/python3.12/site-packages/airflow/example_dags/example_xcom.py for tasks to queue
[2026-05-07T20:51:46.644+0000] {logging_mixin.py:188} INFO - [2026-05-07T20:51:46.644+0000] {dagbag.py:545} INFO - Filling up the DagBag from /home/airflow/.local/lib/python3.12/site-packages/airflow/example_dags/example_xcom.py
[2026-05-07T20:51:46.653+0000] {processor.py:840} INFO - DAG(s) 'example_xcom' retrieved from /home/airflow/.local/lib/python3.12/site-packages/airflow/example_dags/example_xcom.py
[2026-05-07T20:51:46.679+0000] {logging_mixin.py:188} INFO - [2026-05-07T20:51:46.679+0000] {dag.py:3096} INFO - Sync 1 DAGs
[2026-05-07T20:51:46.702+0000] {logging_mixin.py:188} INFO - [2026-05-07T20:51:46.702+0000] {dag.py:3954} INFO - Setting next_dagrun for example_xcom to 2021-01-01 00:00:00+00:00, run_after=2021-01-01 00:00:00+00:00
[2026-05-07T20:51:46.804+0000] {processor.py:183} INFO - Processing /home/airflow/.local/lib/python3.12/site-packages/airflow/example_dags/example_xcom.py took 0.171 seconds
[2026-05-07T20:52:16.968+0000] {processor.py:161} INFO - Started process (PID=4118) to work on /home/airflow/.local/lib/python3.12/site-packages/airflow/example_dags/example_xcom.py
[2026-05-07T20:52:16.970+0000] {processor.py:830} INFO - Processing file /home/airflow/.local/lib/python3.12/site-packages/airflow/example_dags/example_xcom.py for tasks to queue
[2026-05-07T20:52:16.974+0000] {logging_mixin.py:188} INFO - [2026-05-07T20:52:16.973+0000] {dagbag.py:545} INFO - Filling up the DagBag from /home/airflow/.local/lib/python3.12/site-packages/airflow/example_dags/example_xcom.py
[2026-05-07T20:52:16.985+0000] {processor.py:840} INFO - DAG(s) 'example_xcom' retrieved from /home/airflow/.local/lib/python3.12/site-packages/airflow/example_dags/example_xcom.py
[2026-05-07T20:52:17.017+0000] {logging_mixin.py:188} INFO - [2026-05-07T20:52:17.017+0000] {dag.py:3096} INFO - Sync 1 DAGs
[2026-05-07T20:52:17.046+0000] {logging_mixin.py:188} INFO - [2026-05-07T20:52:17.045+0000] {dag.py:3954} INFO - Setting next_dagrun for example_xcom to 2021-01-01 00:00:00+00:00, run_after=2021-01-01 00:00:00+00:00
[2026-05-07T20:52:17.082+0000] {processor.py:183} INFO - Processing /home/airflow/.local/lib/python3.12/site-packages/airflow/example_dags/example_xcom.py took 0.121 seconds
[2026-05-07T20:52:47.567+0000] {processor.py:161} INFO - Started process (PID=4176) to work on /home/airflow/.local/lib/python3.12/site-packages/airflow/example_dags/example_xcom.py
[2026-05-07T20:52:47.569+0000] {processor.py:830} INFO - Processing file /home/airflow/.local/lib/python3.12/site-packages/airflow/example_dags/example_xcom.py for tasks to queue
[2026-05-07T20:52:47.572+0000] {logging_mixin.py:188} INFO - [2026-05-07T20:52:47.571+0000] {dagbag.py:545} INFO - Filling up the DagBag from /home/airflow/.local/lib/python3.12/site-packages/airflow/example_dags/example_xcom.py
[2026-05-07T20:52:47.585+0000] {processor.py:840} INFO - DAG(s) 'example_xcom' retrieved from /home/airflow/.local/lib/python3.12/site-packages/airflow/example_dags/example_xcom.py
[2026-05-07T20:52:47.626+0000] {logging_mixin.py:188} INFO - [2026-05-07T20:52:47.625+0000] {dag.py:3096} INFO - Sync 1 DAGs
[2026-05-07T20:52:47.662+0000] {logging_mixin.py:188} INFO - [2026-05-07T20:52:47.661+0000] {dag.py:3954} INFO - Setting next_dagrun for example_xcom to 2021-01-01 00:00:00+00:00, run_after=2021-01-01 00:00:00+00:00
[2026-05-07T20:52:47.758+0000] {processor.py:183} INFO - Processing /home/airflow/.local/lib/python3.12/site-packages/airflow/example_dags/example_xcom.py took 0.200 seconds
[2026-05-07T20:53:18.452+0000] {processor.py:161} INFO - Started process (PID=4234) to work on /home/airflow/.local/lib/python3.12/site-packages/airflow/example_dags/example_xcom.py
[2026-05-07T20:53:18.454+0000] {processor.py:830} INFO - Processing file /home/airflow/.local/lib/python3.12/site-packages/airflow/example_dags/example_xcom.py for tasks to queue
[2026-05-07T20:53:18.457+0000] {logging_mixin.py:188} INFO - [2026-05-07T20:53:18.456+0000] {dagbag.py:545} INFO - Filling up the DagBag from /home/airflow/.local/lib/python3.12/site-packages/airflow/example_dags/example_xcom.py
[2026-05-07T20:53:18.471+0000] {processor.py:840} INFO - DAG(s) 'example_xcom' retrieved from /home/airflow/.local/lib/python3.12/site-packages/airflow/example_dags/example_xcom.py
[2026-05-07T20:53:18.537+0000] {logging_mixin.py:188} INFO - [2026-05-07T20:53:18.536+0000] {dag.py:3096} INFO - Sync 1 DAGs
[2026-05-07T20:53:18.580+0000] {logging_mixin.py:188} INFO - [2026-05-07T20:53:18.580+0000] {dag.py:3954} INFO - Setting next_dagrun for example_xcom to 2021-01-01 00:00:00+00:00, run_after=2021-01-01 00:00:00+00:00
[2026-05-07T20:53:18.620+0000] {processor.py:183} INFO - Processing /home/airflow/.local/lib/python3.12/site-packages/airflow/example_dags/example_xcom.py took 0.174 seconds
[2026-05-07T20:53:48.761+0000] {processor.py:161} INFO - Started process (PID=4292) to work on /home/airflow/.local/lib/python3.12/site-packages/airflow/example_dags/example_xcom.py
[2026-05-07T20:53:48.763+0000] {processor.py:830} INFO - Processing file /home/airflow/.local/lib/python3.12/site-packages/airflow/example_dags/example_xcom.py for tasks to queue
[2026-05-07T20:53:48.768+0000] {logging_mixin.py:188} INFO - [2026-05-07T20:53:48.767+0000] {dagbag.py:545} INFO - Filling up the DagBag from /home/airflow/.local/lib/python3.12/site-packages/airflow/example_dags/example_xcom.py
[2026-05-07T20:53:48.778+0000] {processor.py:840} INFO - DAG(s) 'example_xcom' retrieved from /home/airflow/.local/lib/python3.12/site-packages/airflow/example_dags/example_xcom.py
[2026-05-07T20:53:48.802+0000] {logging_mixin.py:188} INFO - [2026-05-07T20:53:48.802+0000] {dag.py:3096} INFO - Sync 1 DAGs
[2026-05-07T20:53:48.832+0000] {logging_mixin.py:188} INFO - [2026-05-07T20:53:48.832+0000] {dag.py:3954} INFO - Setting next_dagrun for example_xcom to 2021-01-01 00:00:00+00:00, run_after=2021-01-01 00:00:00+00:00
[2026-05-07T20:53:48.935+0000] {processor.py:183} INFO - Processing /home/airflow/.local/lib/python3.12/site-packages/airflow/example_dags/example_xcom.py took 0.180 seconds
[2026-05-07T20:54:19.786+0000] {processor.py:161} INFO - Started process (PID=4350) to work on /home/airflow/.local/lib/python3.12/site-packages/airflow/example_dags/example_xcom.py
[2026-05-07T20:54:19.789+0000] {processor.py:830} INFO - Processing file /home/airflow/.local/lib/python3.12/site-packages/airflow/example_dags/example_xcom.py for tasks to queue
[2026-05-07T20:54:19.792+0000] {logging_mixin.py:188} INFO - [2026-05-07T20:54:19.792+0000] {dagbag.py:545} INFO - Filling up the DagBag from /home/airflow/.local/lib/python3.12/site-packages/airflow/example_dags/example_xcom.py
[2026-05-07T20:54:19.802+0000] {processor.py:840} INFO - DAG(s) 'example_xcom' retrieved from /home/airflow/.local/lib/python3.12/site-packages/airflow/example_dags/example_xcom.py
[2026-05-07T20:54:19.837+0000] {logging_mixin.py:188} INFO - [2026-05-07T20:54:19.836+0000] {dag.py:3096} INFO - Sync 1 DAGs
[2026-05-07T20:54:19.868+0000] {logging_mixin.py:188} INFO - [2026-05-07T20:54:19.867+0000] {dag.py:3954} INFO - Setting next_dagrun for example_xcom to 2021-01-01 00:00:00+00:00, run_after=2021-01-01 00:00:00+00:00
[2026-05-07T20:54:19.901+0000] {processor.py:183} INFO - Processing /home/airflow/.local/lib/python3.12/site-packages/airflow/example_dags/example_xcom.py took 0.122 seconds
[2026-05-07T20:54:50.016+0000] {processor.py:161} INFO - Started process (PID=4408) to work on /home/airflow/.local/lib/python3.12/site-packages/airflow/example_dags/example_xcom.py
[2026-05-07T20:54:50.018+0000] {processor.py:830} INFO - Processing file /home/airflow/.local/lib/python3.12/site-packages/airflow/example_dags/example_xcom.py for tasks to queue
[2026-05-07T20:54:50.022+0000] {logging_mixin.py:188} INFO - [2026-05-07T20:54:50.021+0000] {dagbag.py:545} INFO - Filling up the DagBag from /home/airflow/.local/lib/python3.12/site-packages/airflow/example_dags/example_xcom.py
[2026-05-07T20:54:50.032+0000] {processor.py:840} INFO - DAG(s) 'example_xcom' retrieved from /home/airflow/.local/lib/python3.12/site-packages/airflow/example_dags/example_xcom.py
[2026-05-07T20:54:50.052+0000] {logging_mixin.py:188} INFO - [2026-05-07T20:54:50.052+0000] {dag.py:3096} INFO - Sync 1 DAGs
[2026-05-07T20:54:50.077+0000] {logging_mixin.py:188} INFO - [2026-05-07T20:54:50.076+0000] {dag.py:3954} INFO - Setting next_dagrun for example_xcom to 2021-01-01 00:00:00+00:00, run_after=2021-01-01 00:00:00+00:00
[2026-05-07T20:54:50.173+0000] {processor.py:183} INFO - Processing /home/airflow/.local/lib/python3.12/site-packages/airflow/example_dags/example_xcom.py took 0.171 seconds
[2026-05-07T20:55:20.415+0000] {processor.py:161} INFO - Started process (PID=4466) to work on /home/airflow/.local/lib/python3.12/site-packages/airflow/example_dags/example_xcom.py
[2026-05-07T20:55:20.416+0000] {processor.py:830} INFO - Processing file /home/airflow/.local/lib/python3.12/site-packages/airflow/example_dags/example_xcom.py for tasks to queue
[2026-05-07T20:55:20.419+0000] {logging_mixin.py:188} INFO - [2026-05-07T20:55:20.418+0000] {dagbag.py:545} INFO - Filling up the DagBag from /home/airflow/.local/lib/python3.12/site-packages/airflow/example_dags/example_xcom.py
[2026-05-07T20:55:20.429+0000] {processor.py:840} INFO - DAG(s) 'example_xcom' retrieved from /home/airflow/.local/lib/python3.12/site-packages/airflow/example_dags/example_xcom.py
[2026-05-07T20:55:20.467+0000] {logging_mixin.py:188} INFO - [2026-05-07T20:55:20.466+0000] {dag.py:3096} INFO - Sync 1 DAGs
[2026-05-07T20:55:20.499+0000] {logging_mixin.py:188} INFO - [2026-05-07T20:55:20.499+0000] {dag.py:3954} INFO - Setting next_dagrun for example_xcom to 2021-01-01 00:00:00+00:00, run_after=2021-01-01 00:00:00+00:00
[2026-05-07T20:55:20.532+0000] {processor.py:183} INFO - Processing /home/airflow/.local/lib/python3.12/site-packages/airflow/example_dags/example_xcom.py took 0.123 seconds
[2026-05-07T20:55:51.018+0000] {processor.py:161} INFO - Started process (PID=4524) to work on /home/airflow/.local/lib/python3.12/site-packages/airflow/example_dags/example_xcom.py
[2026-05-07T20:55:51.020+0000] {processor.py:830} INFO - Processing file /home/airflow/.local/lib/python3.12/site-packages/airflow/example_dags/example_xcom.py for tasks to queue
[2026-05-07T20:55:51.025+0000] {logging_mixin.py:188} INFO - [2026-05-07T20:55:51.024+0000] {dagbag.py:545} INFO - Filling up the DagBag from /home/airflow/.local/lib/python3.12/site-packages/airflow/example_dags/example_xcom.py
[2026-05-07T20:55:51.036+0000] {processor.py:840} INFO - DAG(s) 'example_xcom' retrieved from /home/airflow/.local/lib/python3.12/site-packages/airflow/example_dags/example_xcom.py
[2026-05-07T20:55:51.068+0000] {logging_mixin.py:188} INFO - [2026-05-07T20:55:51.067+0000] {dag.py:3096} INFO - Sync 1 DAGs
[2026-05-07T20:55:51.092+0000] {logging_mixin.py:188} INFO - [2026-05-07T20:55:51.092+0000] {dag.py:3954} INFO - Setting next_dagrun for example_xcom to 2021-01-01 00:00:00+00:00, run_after=2021-01-01 00:00:00+00:00
[2026-05-07T20:55:51.120+0000] {processor.py:183} INFO - Processing /home/airflow/.local/lib/python3.12/site-packages/airflow/example_dags/example_xcom.py took 0.117 seconds
[2026-05-07T20:56:21.218+0000] {processor.py:161} INFO - Started process (PID=4582) to work on /home/airflow/.local/lib/python3.12/site-packages/airflow/example_dags/example_xcom.py
[2026-05-07T20:56:21.219+0000] {processor.py:830} INFO - Processing file /home/airflow/.local/lib/python3.12/site-packages/airflow/example_dags/example_xcom.py for tasks to queue
[2026-05-07T20:56:21.222+0000] {logging_mixin.py:188} INFO - [2026-05-07T20:56:21.222+0000] {dagbag.py:545} INFO - Filling up the DagBag from /home/airflow/.local/lib/python3.12/site-packages/airflow/example_dags/example_xcom.py
[2026-05-07T20:56:21.229+0000] {processor.py:840} INFO - DAG(s) 'example_xcom' retrieved from /home/airflow/.local/lib/python3.12/site-packages/airflow/example_dags/example_xcom.py
[2026-05-07T20:56:21.254+0000] {logging_mixin.py:188} INFO - [2026-05-07T20:56:21.254+0000] {dag.py:3096} INFO - Sync 1 DAGs
[2026-05-07T20:56:21.274+0000] {logging_mixin.py:188} INFO - [2026-05-07T20:56:21.274+0000] {dag.py:3954} INFO - Setting next_dagrun for example_xcom to 2021-01-01 00:00:00+00:00, run_after=2021-01-01 00:00:00+00:00
[2026-05-07T20:56:21.298+0000] {processor.py:183} INFO - Processing /home/airflow/.local/lib/python3.12/site-packages/airflow/example_dags/example_xcom.py took 0.086 seconds
[2026-05-07T20:56:51.577+0000] {processor.py:161} INFO - Started process (PID=4640) to work on /home/airflow/.local/lib/python3.12/site-packages/airflow/example_dags/example_xcom.py
[2026-05-07T20:56:51.579+0000] {processor.py:830} INFO - Processing file /home/airflow/.local/lib/python3.12/site-packages/airflow/example_dags/example_xcom.py for tasks to queue
[2026-05-07T20:56:51.581+0000] {logging_mixin.py:188} INFO - [2026-05-07T20:56:51.581+0000] {dagbag.py:545} INFO - Filling up the DagBag from /home/airflow/.local/lib/python3.12/site-packages/airflow/example_dags/example_xcom.py
[2026-05-07T20:56:51.591+0000] {processor.py:840} INFO - DAG(s) 'example_xcom' retrieved from /home/airflow/.local/lib/python3.12/site-packages/airflow/example_dags/example_xcom.py
[2026-05-07T20:56:51.613+0000] {logging_mixin.py:188} INFO - [2026-05-07T20:56:51.613+0000] {dag.py:3096} INFO - Sync 1 DAGs
[2026-05-07T20:56:51.634+0000] {logging_mixin.py:188} INFO - [2026-05-07T20:56:51.634+0000] {dag.py:3954} INFO - Setting next_dagrun for example_xcom to 2021-01-01 00:00:00+00:00, run_after=2021-01-01 00:00:00+00:00
[2026-05-07T20:56:51.656+0000] {processor.py:183} INFO - Processing /home/airflow/.local/lib/python3.12/site-packages/airflow/example_dags/example_xcom.py took 0.086 seconds
[2026-05-07T20:57:22.328+0000] {processor.py:161} INFO - Started process (PID=4698) to work on /home/airflow/.local/lib/python3.12/site-packages/airflow/example_dags/example_xcom.py
[2026-05-07T20:57:22.330+0000] {processor.py:830} INFO - Processing file /home/airflow/.local/lib/python3.12/site-packages/airflow/example_dags/example_xcom.py for tasks to queue
[2026-05-07T20:57:22.332+0000] {logging_mixin.py:188} INFO - [2026-05-07T20:57:22.332+0000] {dagbag.py:545} INFO - Filling up the DagBag from /home/airflow/.local/lib/python3.12/site-packages/airflow/example_dags/example_xcom.py
[2026-05-07T20:57:22.341+0000] {processor.py:840} INFO - DAG(s) 'example_xcom' retrieved from /home/airflow/.local/lib/python3.12/site-packages/airflow/example_dags/example_xcom.py
[2026-05-07T20:57:22.364+0000] {logging_mixin.py:188} INFO - [2026-05-07T20:57:22.364+0000] {dag.py:3096} INFO - Sync 1 DAGs
[2026-05-07T20:57:22.385+0000] {logging_mixin.py:188} INFO - [2026-05-07T20:57:22.385+0000] {dag.py:3954} INFO - Setting next_dagrun for example_xcom to 2021-01-01 00:00:00+00:00, run_after=2021-01-01 00:00:00+00:00
[2026-05-07T20:57:22.408+0000] {processor.py:183} INFO - Processing /home/airflow/.local/lib/python3.12/site-packages/airflow/example_dags/example_xcom.py took 0.086 seconds
[2026-05-07T20:57:53.179+0000] {processor.py:161} INFO - Started process (PID=4756) to work on /home/airflow/.local/lib/python3.12/site-packages/airflow/example_dags/example_xcom.py
[2026-05-07T20:57:53.181+0000] {processor.py:830} INFO - Processing file /home/airflow/.local/lib/python3.12/site-packages/airflow/example_dags/example_xcom.py for tasks to queue
[2026-05-07T20:57:53.185+0000] {logging_mixin.py:188} INFO - [2026-05-07T20:57:53.184+0000] {dagbag.py:545} INFO - Filling up the DagBag from /home/airflow/.local/lib/python3.12/site-packages/airflow/example_dags/example_xcom.py
[2026-05-07T20:57:53.197+0000] {processor.py:840} INFO - DAG(s) 'example_xcom' retrieved from /home/airflow/.local/lib/python3.12/site-packages/airflow/example_dags/example_xcom.py
[2026-05-07T20:57:53.224+0000] {logging_mixin.py:188} INFO - [2026-05-07T20:57:53.223+0000] {dag.py:3096} INFO - Sync 1 DAGs
[2026-05-07T20:57:53.248+0000] {logging_mixin.py:188} INFO - [2026-05-07T20:57:53.248+0000] {dag.py:3954} INFO - Setting next_dagrun for example_xcom to 2021-01-01 00:00:00+00:00, run_after=2021-01-01 00:00:00+00:00
[2026-05-07T20:57:53.347+0000] {processor.py:183} INFO - Processing /home/airflow/.local/lib/python3.12/site-packages/airflow/example_dags/example_xcom.py took 0.177 seconds
[2026-05-07T20:58:23.464+0000] {processor.py:161} INFO - Started process (PID=4814) to work on /home/airflow/.local/lib/python3.12/site-packages/airflow/example_dags/example_xcom.py
[2026-05-07T20:58:23.466+0000] {processor.py:830} INFO - Processing file /home/airflow/.local/lib/python3.12/site-packages/airflow/example_dags/example_xcom.py for tasks to queue
[2026-05-07T20:58:23.470+0000] {logging_mixin.py:188} INFO - [2026-05-07T20:58:23.469+0000] {dagbag.py:545} INFO - Filling up the DagBag from /home/airflow/.local/lib/python3.12/site-packages/airflow/example_dags/example_xcom.py
[2026-05-07T20:58:23.479+0000] {processor.py:840} INFO - DAG(s) 'example_xcom' retrieved from /home/airflow/.local/lib/python3.12/site-packages/airflow/example_dags/example_xcom.py
[2026-05-07T20:58:23.507+0000] {logging_mixin.py:188} INFO - [2026-05-07T20:58:23.506+0000] {dag.py:3096} INFO - Sync 1 DAGs
[2026-05-07T20:58:23.535+0000] {logging_mixin.py:188} INFO - [2026-05-07T20:58:23.534+0000] {dag.py:3954} INFO - Setting next_dagrun for example_xcom to 2021-01-01 00:00:00+00:00, run_after=2021-01-01 00:00:00+00:00
[2026-05-07T20:58:23.567+0000] {processor.py:183} INFO - Processing /home/airflow/.local/lib/python3.12/site-packages/airflow/example_dags/example_xcom.py took 0.114 seconds
[2026-05-07T20:58:54.168+0000] {processor.py:161} INFO - Started process (PID=4872) to work on /home/airflow/.local/lib/python3.12/site-packages/airflow/example_dags/example_xcom.py
[2026-05-07T20:58:54.172+0000] {processor.py:830} INFO - Processing file /home/airflow/.local/lib/python3.12/site-packages/airflow/example_dags/example_xcom.py for tasks to queue
[2026-05-07T20:58:54.176+0000] {logging_mixin.py:188} INFO - [2026-05-07T20:58:54.175+0000] {dagbag.py:545} INFO - Filling up the DagBag from /home/airflow/.local/lib/python3.12/site-packages/airflow/example_dags/example_xcom.py
[2026-05-07T20:58:54.196+0000] {processor.py:840} INFO - DAG(s) 'example_xcom' retrieved from /home/airflow/.local/lib/python3.12/site-packages/airflow/example_dags/example_xcom.py
[2026-05-07T20:58:54.243+0000] {logging_mixin.py:188} INFO - [2026-05-07T20:58:54.242+0000] {dag.py:3096} INFO - Sync 1 DAGs
[2026-05-07T20:58:54.300+0000] {logging_mixin.py:188} INFO - [2026-05-07T20:58:54.300+0000] {dag.py:3954} INFO - Setting next_dagrun for example_xcom to 2021-01-01 00:00:00+00:00, run_after=2021-01-01 00:00:00+00:00
[2026-05-07T20:58:54.346+0000] {processor.py:183} INFO - Processing /home/airflow/.local/lib/python3.12/site-packages/airflow/example_dags/example_xcom.py took 0.186 seconds
[2026-05-07T20:59:24.746+0000] {processor.py:161} INFO - Started process (PID=4931) to work on /home/airflow/.local/lib/python3.12/site-packages/airflow/example_dags/example_xcom.py
[2026-05-07T20:59:24.749+0000] {processor.py:830} INFO - Processing file /home/airflow/.local/lib/python3.12/site-packages/airflow/example_dags/example_xcom.py for tasks to queue
[2026-05-07T20:59:24.753+0000] {logging_mixin.py:188} INFO - [2026-05-07T20:59:24.752+0000] {dagbag.py:545} INFO - Filling up the DagBag from /home/airflow/.local/lib/python3.12/site-packages/airflow/example_dags/example_xcom.py
[2026-05-07T20:59:24.794+0000] {processor.py:840} INFO - DAG(s) 'example_xcom' retrieved from /home/airflow/.local/lib/python3.12/site-packages/airflow/example_dags/example_xcom.py
[2026-05-07T20:59:24.846+0000] {logging_mixin.py:188} INFO - [2026-05-07T20:59:24.845+0000] {dag.py:3096} INFO - Sync 1 DAGs
[2026-05-07T20:59:24.889+0000] {logging_mixin.py:188} INFO - [2026-05-07T20:59:24.888+0000] {dag.py:3954} INFO - Setting next_dagrun for example_xcom to 2021-01-01 00:00:00+00:00, run_after=2021-01-01 00:00:00+00:00
[2026-05-07T20:59:24.931+0000] {processor.py:183} INFO - Processing /home/airflow/.local/lib/python3.12/site-packages/airflow/example_dags/example_xcom.py took 0.196 seconds
[2026-05-07T20:59:55.653+0000] {processor.py:161} INFO - Started process (PID=4987) to work on /home/airflow/.local/lib/python3.12/site-packages/airflow/example_dags/example_xcom.py
[2026-05-07T20:59:55.655+0000] {processor.py:830} INFO - Processing file /home/airflow/.local/lib/python3.12/site-packages/airflow/example_dags/example_xcom.py for tasks to queue
[2026-05-07T20:59:55.659+0000] {logging_mixin.py:188} INFO - [2026-05-07T20:59:55.658+0000] {dagbag.py:545} INFO - Filling up the DagBag from /home/airflow/.local/lib/python3.12/site-packages/airflow/example_dags/example_xcom.py
[2026-05-07T20:59:55.670+0000] {processor.py:840} INFO - DAG(s) 'example_xcom' retrieved from /home/airflow/.local/lib/python3.12/site-packages/airflow/example_dags/example_xcom.py
[2026-05-07T20:59:55.697+0000] {logging_mixin.py:188} INFO - [2026-05-07T20:59:55.696+0000] {dag.py:3096} INFO - Sync 1 DAGs
[2026-05-07T20:59:55.724+0000] {logging_mixin.py:188} INFO - [2026-05-07T20:59:55.723+0000] {dag.py:3954} INFO - Setting next_dagrun for example_xcom to 2021-01-01 00:00:00+00:00, run_after=2021-01-01 00:00:00+00:00
[2026-05-07T20:59:55.749+0000] {processor.py:183} INFO - Processing /home/airflow/.local/lib/python3.12/site-packages/airflow/example_dags/example_xcom.py took 0.103 seconds
[2026-05-07T21:00:25.902+0000] {processor.py:161} INFO - Started process (PID=5045) to work on /home/airflow/.local/lib/python3.12/site-packages/airflow/example_dags/example_xcom.py
[2026-05-07T21:00:25.905+0000] {processor.py:830} INFO - Processing file /home/airflow/.local/lib/python3.12/site-packages/airflow/example_dags/example_xcom.py for tasks to queue
[2026-05-07T21:00:25.909+0000] {logging_mixin.py:188} INFO - [2026-05-07T21:00:25.908+0000] {dagbag.py:545} INFO - Filling up the DagBag from /home/airflow/.local/lib/python3.12/site-packages/airflow/example_dags/example_xcom.py
[2026-05-07T21:00:25.925+0000] {processor.py:840} INFO - DAG(s) 'example_xcom' retrieved from /home/airflow/.local/lib/python3.12/site-packages/airflow/example_dags/example_xcom.py
[2026-05-07T21:00:25.966+0000] {logging_mixin.py:188} INFO - [2026-05-07T21:00:25.966+0000] {dag.py:3096} INFO - Sync 1 DAGs
[2026-05-07T21:00:25.992+0000] {logging_mixin.py:188} INFO - [2026-05-07T21:00:25.991+0000] {dag.py:3954} INFO - Setting next_dagrun for example_xcom to 2021-01-01 00:00:00+00:00, run_after=2021-01-01 00:00:00+00:00
[2026-05-07T21:00:26.015+0000] {processor.py:183} INFO - Processing /home/airflow/.local/lib/python3.12/site-packages/airflow/example_dags/example_xcom.py took 0.126 seconds
[2026-05-07T21:00:56.480+0000] {processor.py:161} INFO - Started process (PID=5103) to work on /home/airflow/.local/lib/python3.12/site-packages/airflow/example_dags/example_xcom.py
[2026-05-07T21:00:56.481+0000] {processor.py:830} INFO - Processing file /home/airflow/.local/lib/python3.12/site-packages/airflow/example_dags/example_xcom.py for tasks to queue
[2026-05-07T21:00:56.484+0000] {logging_mixin.py:188} INFO - [2026-05-07T21:00:56.484+0000] {dagbag.py:545} INFO - Filling up the DagBag from /home/airflow/.local/lib/python3.12/site-packages/airflow/example_dags/example_xcom.py
[2026-05-07T21:00:56.495+0000] {processor.py:840} INFO - DAG(s) 'example_xcom' retrieved from /home/airflow/.local/lib/python3.12/site-packages/airflow/example_dags/example_xcom.py
[2026-05-07T21:00:56.522+0000] {logging_mixin.py:188} INFO - [2026-05-07T21:00:56.521+0000] {dag.py:3096} INFO - Sync 1 DAGs
[2026-05-07T21:00:56.545+0000] {logging_mixin.py:188} INFO - [2026-05-07T21:00:56.545+0000] {dag.py:3954} INFO - Setting next_dagrun for example_xcom to 2021-01-01 00:00:00+00:00, run_after=2021-01-01 00:00:00+00:00
[2026-05-07T21:00:56.594+0000] {processor.py:183} INFO - Processing /home/airflow/.local/lib/python3.12/site-packages/airflow/example_dags/example_xcom.py took 0.123 seconds
[2026-05-07T21:01:27.102+0000] {processor.py:161} INFO - Started process (PID=5161) to work on /home/airflow/.local/lib/python3.12/site-packages/airflow/example_dags/example_xcom.py
[2026-05-07T21:01:27.104+0000] {processor.py:830} INFO - Processing file /home/airflow/.local/lib/python3.12/site-packages/airflow/example_dags/example_xcom.py for tasks to queue
[2026-05-07T21:01:27.107+0000] {logging_mixin.py:188} INFO - [2026-05-07T21:01:27.106+0000] {dagbag.py:545} INFO - Filling up the DagBag from /home/airflow/.local/lib/python3.12/site-packages/airflow/example_dags/example_xcom.py
[2026-05-07T21:01:27.115+0000] {processor.py:840} INFO - DAG(s) 'example_xcom' retrieved from /home/airflow/.local/lib/python3.12/site-packages/airflow/example_dags/example_xcom.py
[2026-05-07T21:01:27.140+0000] {logging_mixin.py:188} INFO - [2026-05-07T21:01:27.139+0000] {dag.py:3096} INFO - Sync 1 DAGs
[2026-05-07T21:01:27.161+0000] {logging_mixin.py:188} INFO - [2026-05-07T21:01:27.161+0000] {dag.py:3954} INFO - Setting next_dagrun for example_xcom to 2021-01-01 00:00:00+00:00, run_after=2021-01-01 00:00:00+00:00
[2026-05-07T21:01:27.259+0000] {processor.py:183} INFO - Processing /home/airflow/.local/lib/python3.12/site-packages/airflow/example_dags/example_xcom.py took 0.164 seconds
[2026-05-07T21:01:57.711+0000] {processor.py:161} INFO - Started process (PID=5219) to work on /home/airflow/.local/lib/python3.12/site-packages/airflow/example_dags/example_xcom.py
[2026-05-07T21:01:57.714+0000] {processor.py:830} INFO - Processing file /home/airflow/.local/lib/python3.12/site-packages/airflow/example_dags/example_xcom.py for tasks to queue
[2026-05-07T21:01:57.719+0000] {logging_mixin.py:188} INFO - [2026-05-07T21:01:57.718+0000] {dagbag.py:545} INFO - Filling up the DagBag from /home/airflow/.local/lib/python3.12/site-packages/airflow/example_dags/example_xcom.py
[2026-05-07T21:01:57.729+0000] {processor.py:840} INFO - DAG(s) 'example_xcom' retrieved from /home/airflow/.local/lib/python3.12/site-packages/airflow/example_dags/example_xcom.py
[2026-05-07T21:01:57.753+0000] {logging_mixin.py:188} INFO - [2026-05-07T21:01:57.753+0000] {dag.py:3096} INFO - Sync 1 DAGs
[2026-05-07T21:01:57.776+0000] {logging_mixin.py:188} INFO - [2026-05-07T21:01:57.775+0000] {dag.py:3954} INFO - Setting next_dagrun for example_xcom to 2021-01-01 00:00:00+00:00, run_after=2021-01-01 00:00:00+00:00
[2026-05-07T21:01:57.869+0000] {processor.py:183} INFO - Processing /home/airflow/.local/lib/python3.12/site-packages/airflow/example_dags/example_xcom.py took 0.167 seconds
[2026-05-07T21:02:28.363+0000] {processor.py:161} INFO - Started process (PID=5277) to work on /home/airflow/.local/lib/python3.12/site-packages/airflow/example_dags/example_xcom.py
[2026-05-07T21:02:28.365+0000] {processor.py:830} INFO - Processing file /home/airflow/.local/lib/python3.12/site-packages/airflow/example_dags/example_xcom.py for tasks to queue
[2026-05-07T21:02:28.368+0000] {logging_mixin.py:188} INFO - [2026-05-07T21:02:28.368+0000] {dagbag.py:545} INFO - Filling up the DagBag from /home/airflow/.local/lib/python3.12/site-packages/airflow/example_dags/example_xcom.py
[2026-05-07T21:02:28.378+0000] {processor.py:840} INFO - DAG(s) 'example_xcom' retrieved from /home/airflow/.local/lib/python3.12/site-packages/airflow/example_dags/example_xcom.py
[2026-05-07T21:02:28.404+0000] {logging_mixin.py:188} INFO - [2026-05-07T21:02:28.403+0000] {dag.py:3096} INFO - Sync 1 DAGs
[2026-05-07T21:02:28.426+0000] {logging_mixin.py:188} INFO - [2026-05-07T21:02:28.426+0000] {dag.py:3954} INFO - Setting next_dagrun for example_xcom to 2021-01-01 00:00:00+00:00, run_after=2021-01-01 00:00:00+00:00
[2026-05-07T21:02:28.450+0000] {processor.py:183} INFO - Processing /home/airflow/.local/lib/python3.12/site-packages/airflow/example_dags/example_xcom.py took 0.094 seconds
[2026-05-07T21:02:59.151+0000] {processor.py:161} INFO - Started process (PID=5335) to work on /home/airflow/.local/lib/python3.12/site-packages/airflow/example_dags/example_xcom.py
[2026-05-07T21:02:59.156+0000] {processor.py:830} INFO - Processing file /home/airflow/.local/lib/python3.12/site-packages/airflow/example_dags/example_xcom.py for tasks to queue
[2026-05-07T21:02:59.161+0000] {logging_mixin.py:188} INFO - [2026-05-07T21:02:59.160+0000] {dagbag.py:545} INFO - Filling up the DagBag from /home/airflow/.local/lib/python3.12/site-packages/airflow/example_dags/example_xcom.py
[2026-05-07T21:02:59.176+0000] {processor.py:840} INFO - DAG(s) 'example_xcom' retrieved from /home/airflow/.local/lib/python3.12/site-packages/airflow/example_dags/example_xcom.py
[2026-05-07T21:02:59.208+0000] {logging_mixin.py:188} INFO - [2026-05-07T21:02:59.207+0000] {dag.py:3096} INFO - Sync 1 DAGs
[2026-05-07T21:02:59.230+0000] {logging_mixin.py:188} INFO - [2026-05-07T21:02:59.230+0000] {dag.py:3954} INFO - Setting next_dagrun for example_xcom to 2021-01-01 00:00:00+00:00, run_after=2021-01-01 00:00:00+00:00
[2026-05-07T21:02:59.255+0000] {processor.py:183} INFO - Processing /home/airflow/.local/lib/python3.12/site-packages/airflow/example_dags/example_xcom.py took 0.118 seconds
[2026-05-07T21:03:29.304+0000] {processor.py:161} INFO - Started process (PID=5393) to work on /home/airflow/.local/lib/python3.12/site-packages/airflow/example_dags/example_xcom.py
[2026-05-07T21:03:29.305+0000] {processor.py:830} INFO - Processing file /home/airflow/.local/lib/python3.12/site-packages/airflow/example_dags/example_xcom.py for tasks to queue
[2026-05-07T21:03:29.308+0000] {logging_mixin.py:188} INFO - [2026-05-07T21:03:29.308+0000] {dagbag.py:545} INFO - Filling up the DagBag from /home/airflow/.local/lib/python3.12/site-packages/airflow/example_dags/example_xcom.py
[2026-05-07T21:03:29.320+0000] {processor.py:840} INFO - DAG(s) 'example_xcom' retrieved from /home/airflow/.local/lib/python3.12/site-packages/airflow/example_dags/example_xcom.py
[2026-05-07T21:03:29.342+0000] {logging_mixin.py:188} INFO - [2026-05-07T21:03:29.341+0000] {dag.py:3096} INFO - Sync 1 DAGs
[2026-05-07T21:03:29.365+0000] {logging_mixin.py:188} INFO - [2026-05-07T21:03:29.365+0000] {dag.py:3954} INFO - Setting next_dagrun for example_xcom to 2021-01-01 00:00:00+00:00, run_after=2021-01-01 00:00:00+00:00
[2026-05-07T21:03:29.386+0000] {processor.py:183} INFO - Processing /home/airflow/.local/lib/python3.12/site-packages/airflow/example_dags/example_xcom.py took 0.089 seconds
[2026-05-07T21:03:59.863+0000] {processor.py:161} INFO - Started process (PID=5451) to work on /home/airflow/.local/lib/python3.12/site-packages/airflow/example_dags/example_xcom.py
[2026-05-07T21:03:59.866+0000] {processor.py:830} INFO - Processing file /home/airflow/.local/lib/python3.12/site-packages/airflow/example_dags/example_xcom.py for tasks to queue
[2026-05-07T21:03:59.874+0000] {logging_mixin.py:188} INFO - [2026-05-07T21:03:59.873+0000] {dagbag.py:545} INFO - Filling up the DagBag from /home/airflow/.local/lib/python3.12/site-packages/airflow/example_dags/example_xcom.py
[2026-05-07T21:03:59.893+0000] {processor.py:840} INFO - DAG(s) 'example_xcom' retrieved from /home/airflow/.local/lib/python3.12/site-packages/airflow/example_dags/example_xcom.py
[2026-05-07T21:03:59.961+0000] {logging_mixin.py:188} INFO - [2026-05-07T21:03:59.960+0000] {dag.py:3096} INFO - Sync 1 DAGs
[2026-05-07T21:04:00.008+0000] {logging_mixin.py:188} INFO - [2026-05-07T21:04:00.006+0000] {dag.py:3954} INFO - Setting next_dagrun for example_xcom to 2021-01-01 00:00:00+00:00, run_after=2021-01-01 00:00:00+00:00
[2026-05-07T21:04:00.077+0000] {processor.py:183} INFO - Processing /home/airflow/.local/lib/python3.12/site-packages/airflow/example_dags/example_xcom.py took 0.229 seconds
[2026-05-07T21:04:30.413+0000] {processor.py:161} INFO - Started process (PID=5509) to work on /home/airflow/.local/lib/python3.12/site-packages/airflow/example_dags/example_xcom.py
[2026-05-07T21:04:30.416+0000] {processor.py:830} INFO - Processing file /home/airflow/.local/lib/python3.12/site-packages/airflow/example_dags/example_xcom.py for tasks to queue
[2026-05-07T21:04:30.420+0000] {logging_mixin.py:188} INFO - [2026-05-07T21:04:30.419+0000] {dagbag.py:545} INFO - Filling up the DagBag from /home/airflow/.local/lib/python3.12/site-packages/airflow/example_dags/example_xcom.py
[2026-05-07T21:04:30.444+0000] {processor.py:840} INFO - DAG(s) 'example_xcom' retrieved from /home/airflow/.local/lib/python3.12/site-packages/airflow/example_dags/example_xcom.py
[2026-05-07T21:04:30.494+0000] {logging_mixin.py:188} INFO - [2026-05-07T21:04:30.494+0000] {dag.py:3096} INFO - Sync 1 DAGs
[2026-05-07T21:04:30.546+0000] {logging_mixin.py:188} INFO - [2026-05-07T21:04:30.545+0000] {dag.py:3954} INFO - Setting next_dagrun for example_xcom to 2021-01-01 00:00:00+00:00, run_after=2021-01-01 00:00:00+00:00
[2026-05-07T21:04:30.598+0000] {processor.py:183} INFO - Processing /home/airflow/.local/lib/python3.12/site-packages/airflow/example_dags/example_xcom.py took 0.203 seconds
[2026-05-07T21:05:00.826+0000] {processor.py:161} INFO - Started process (PID=5567) to work on /home/airflow/.local/lib/python3.12/site-packages/airflow/example_dags/example_xcom.py
[2026-05-07T21:05:00.833+0000] {processor.py:830} INFO - Processing file /home/airflow/.local/lib/python3.12/site-packages/airflow/example_dags/example_xcom.py for tasks to queue
[2026-05-07T21:05:00.834+0000] {logging_mixin.py:188} INFO - [2026-05-07T21:05:00.834+0000] {dagbag.py:545} INFO - Filling up the DagBag from /home/airflow/.local/lib/python3.12/site-packages/airflow/example_dags/example_xcom.py
[2026-05-07T21:05:00.850+0000] {processor.py:840} INFO - DAG(s) 'example_xcom' retrieved from /home/airflow/.local/lib/python3.12/site-packages/airflow/example_dags/example_xcom.py
[2026-05-07T21:05:00.912+0000] {logging_mixin.py:188} INFO - [2026-05-07T21:05:00.911+0000] {dag.py:3096} INFO - Sync 1 DAGs
[2026-05-07T21:05:00.992+0000] {logging_mixin.py:188} INFO - [2026-05-07T21:05:00.991+0000] {dag.py:3954} INFO - Setting next_dagrun for example_xcom to 2021-01-01 00:00:00+00:00, run_after=2021-01-01 00:00:00+00:00
[2026-05-07T21:05:01.052+0000] {processor.py:183} INFO - Processing /home/airflow/.local/lib/python3.12/site-packages/airflow/example_dags/example_xcom.py took 0.239 seconds
[2026-05-07T21:05:31.940+0000] {processor.py:161} INFO - Started process (PID=5625) to work on /home/airflow/.local/lib/python3.12/site-packages/airflow/example_dags/example_xcom.py
[2026-05-07T21:05:31.941+0000] {processor.py:830} INFO - Processing file /home/airflow/.local/lib/python3.12/site-packages/airflow/example_dags/example_xcom.py for tasks to queue
[2026-05-07T21:05:31.944+0000] {logging_mixin.py:188} INFO - [2026-05-07T21:05:31.944+0000] {dagbag.py:545} INFO - Filling up the DagBag from /home/airflow/.local/lib/python3.12/site-packages/airflow/example_dags/example_xcom.py
[2026-05-07T21:05:31.953+0000] {processor.py:840} INFO - DAG(s) 'example_xcom' retrieved from /home/airflow/.local/lib/python3.12/site-packages/airflow/example_dags/example_xcom.py
[2026-05-07T21:05:31.986+0000] {logging_mixin.py:188} INFO - [2026-05-07T21:05:31.986+0000] {dag.py:3096} INFO - Sync 1 DAGs
[2026-05-07T21:05:32.015+0000] {logging_mixin.py:188} INFO - [2026-05-07T21:05:32.015+0000] {dag.py:3954} INFO - Setting next_dagrun for example_xcom to 2021-01-01 00:00:00+00:00, run_after=2021-01-01 00:00:00+00:00
[2026-05-07T21:05:32.042+0000] {processor.py:183} INFO - Processing /home/airflow/.local/lib/python3.12/site-packages/airflow/example_dags/example_xcom.py took 0.108 seconds
[2026-05-07T21:06:02.707+0000] {processor.py:161} INFO - Started process (PID=5683) to work on /home/airflow/.local/lib/python3.12/site-packages/airflow/example_dags/example_xcom.py
[2026-05-07T21:06:02.708+0000] {processor.py:830} INFO - Processing file /home/airflow/.local/lib/python3.12/site-packages/airflow/example_dags/example_xcom.py for tasks to queue
[2026-05-07T21:06:02.711+0000] {logging_mixin.py:188} INFO - [2026-05-07T21:06:02.711+0000] {dagbag.py:545} INFO - Filling up the DagBag from /home/airflow/.local/lib/python3.12/site-packages/airflow/example_dags/example_xcom.py
[2026-05-07T21:06:02.718+0000] {processor.py:840} INFO - DAG(s) 'example_xcom' retrieved from /home/airflow/.local/lib/python3.12/site-packages/airflow/example_dags/example_xcom.py
[2026-05-07T21:06:02.741+0000] {logging_mixin.py:188} INFO - [2026-05-07T21:06:02.741+0000] {dag.py:3096} INFO - Sync 1 DAGs
[2026-05-07T21:06:02.763+0000] {logging_mixin.py:188} INFO - [2026-05-07T21:06:02.763+0000] {dag.py:3954} INFO - Setting next_dagrun for example_xcom to 2021-01-01 00:00:00+00:00, run_after=2021-01-01 00:00:00+00:00
[2026-05-07T21:06:02.788+0000] {processor.py:183} INFO - Processing /home/airflow/.local/lib/python3.12/site-packages/airflow/example_dags/example_xcom.py took 0.087 seconds
[2026-05-07T21:06:33.220+0000] {processor.py:161} INFO - Started process (PID=5741) to work on /home/airflow/.local/lib/python3.12/site-packages/airflow/example_dags/example_xcom.py
[2026-05-07T21:06:33.221+0000] {processor.py:830} INFO - Processing file /home/airflow/.local/lib/python3.12/site-packages/airflow/example_dags/example_xcom.py for tasks to queue
[2026-05-07T21:06:33.226+0000] {logging_mixin.py:188} INFO - [2026-05-07T21:06:33.225+0000] {dagbag.py:545} INFO - Filling up the DagBag from /home/airflow/.local/lib/python3.12/site-packages/airflow/example_dags/example_xcom.py
[2026-05-07T21:06:33.237+0000] {processor.py:840} INFO - DAG(s) 'example_xcom' retrieved from /home/airflow/.local/lib/python3.12/site-packages/airflow/example_dags/example_xcom.py
[2026-05-07T21:06:33.269+0000] {logging_mixin.py:188} INFO - [2026-05-07T21:06:33.268+0000] {dag.py:3096} INFO - Sync 1 DAGs
[2026-05-07T21:06:33.297+0000] {logging_mixin.py:188} INFO - [2026-05-07T21:06:33.296+0000] {dag.py:3954} INFO - Setting next_dagrun for example_xcom to 2021-01-01 00:00:00+00:00, run_after=2021-01-01 00:00:00+00:00
[2026-05-07T21:06:33.325+0000] {processor.py:183} INFO - Processing /home/airflow/.local/lib/python3.12/site-packages/airflow/example_dags/example_xcom.py took 0.111 seconds
[2026-05-07T21:07:03.790+0000] {processor.py:161} INFO - Started process (PID=5799) to work on /home/airflow/.local/lib/python3.12/site-packages/airflow/example_dags/example_xcom.py
[2026-05-07T21:07:03.794+0000] {processor.py:830} INFO - Processing file /home/airflow/.local/lib/python3.12/site-packages/airflow/example_dags/example_xcom.py for tasks to queue
[2026-05-07T21:07:03.807+0000] {logging_mixin.py:188} INFO - [2026-05-07T21:07:03.800+0000] {dagbag.py:545} INFO - Filling up the DagBag from /home/airflow/.local/lib/python3.12/site-packages/airflow/example_dags/example_xcom.py
[2026-05-07T21:07:03.832+0000] {processor.py:840} INFO - DAG(s) 'example_xcom' retrieved from /home/airflow/.local/lib/python3.12/site-packages/airflow/example_dags/example_xcom.py
[2026-05-07T21:07:03.888+0000] {logging_mixin.py:188} INFO - [2026-05-07T21:07:03.887+0000] {dag.py:3096} INFO - Sync 1 DAGs
[2026-05-07T21:07:03.970+0000] {logging_mixin.py:188} INFO - [2026-05-07T21:07:03.969+0000] {dag.py:3954} INFO - Setting next_dagrun for example_xcom to 2021-01-01 00:00:00+00:00, run_after=2021-01-01 00:00:00+00:00
[2026-05-07T21:07:04.042+0000] {processor.py:183} INFO - Processing /home/airflow/.local/lib/python3.12/site-packages/airflow/example_dags/example_xcom.py took 0.268 seconds
[2026-05-07T21:07:39.211+0000] {processor.py:161} INFO - Started process (PID=5857) to work on /home/airflow/.local/lib/python3.12/site-packages/airflow/example_dags/example_xcom.py
[2026-05-07T21:07:39.213+0000] {processor.py:830} INFO - Processing file /home/airflow/.local/lib/python3.12/site-packages/airflow/example_dags/example_xcom.py for tasks to queue
[2026-05-07T21:07:39.218+0000] {logging_mixin.py:188} INFO - [2026-05-07T21:07:39.218+0000] {dagbag.py:545} INFO - Filling up the DagBag from /home/airflow/.local/lib/python3.12/site-packages/airflow/example_dags/example_xcom.py
[2026-05-07T21:07:39.237+0000] {processor.py:840} INFO - DAG(s) 'example_xcom' retrieved from /home/airflow/.local/lib/python3.12/site-packages/airflow/example_dags/example_xcom.py
[2026-05-07T21:07:39.281+0000] {logging_mixin.py:188} INFO - [2026-05-07T21:07:39.280+0000] {dag.py:3096} INFO - Sync 1 DAGs
[2026-05-07T21:07:39.320+0000] {logging_mixin.py:188} INFO - [2026-05-07T21:07:39.319+0000] {dag.py:3954} INFO - Setting next_dagrun for example_xcom to 2021-01-01 00:00:00+00:00, run_after=2021-01-01 00:00:00+00:00
[2026-05-07T21:07:39.355+0000] {processor.py:183} INFO - Processing /home/airflow/.local/lib/python3.12/site-packages/airflow/example_dags/example_xcom.py took 0.156 seconds
[2026-05-07T21:08:10.043+0000] {processor.py:161} INFO - Started process (PID=5916) to work on /home/airflow/.local/lib/python3.12/site-packages/airflow/example_dags/example_xcom.py
[2026-05-07T21:08:10.044+0000] {processor.py:830} INFO - Processing file /home/airflow/.local/lib/python3.12/site-packages/airflow/example_dags/example_xcom.py for tasks to queue
[2026-05-07T21:08:10.047+0000] {logging_mixin.py:188} INFO - [2026-05-07T21:08:10.046+0000] {dagbag.py:545} INFO - Filling up the DagBag from /home/airflow/.local/lib/python3.12/site-packages/airflow/example_dags/example_xcom.py
[2026-05-07T21:08:10.060+0000] {processor.py:840} INFO - DAG(s) 'example_xcom' retrieved from /home/airflow/.local/lib/python3.12/site-packages/airflow/example_dags/example_xcom.py
[2026-05-07T21:08:10.082+0000] {logging_mixin.py:188} INFO - [2026-05-07T21:08:10.081+0000] {dag.py:3096} INFO - Sync 1 DAGs
[2026-05-07T21:08:10.101+0000] {logging_mixin.py:188} INFO - [2026-05-07T21:08:10.100+0000] {dag.py:3954} INFO - Setting next_dagrun for example_xcom to 2021-01-01 00:00:00+00:00, run_after=2021-01-01 00:00:00+00:00
[2026-05-07T21:08:10.122+0000] {processor.py:183} INFO - Processing /home/airflow/.local/lib/python3.12/site-packages/airflow/example_dags/example_xcom.py took 0.085 seconds
[2026-05-07T21:08:40.244+0000] {processor.py:161} INFO - Started process (PID=5974) to work on /home/airflow/.local/lib/python3.12/site-packages/airflow/example_dags/example_xcom.py
[2026-05-07T21:08:40.246+0000] {processor.py:830} INFO - Processing file /home/airflow/.local/lib/python3.12/site-packages/airflow/example_dags/example_xcom.py for tasks to queue
[2026-05-07T21:08:40.248+0000] {logging_mixin.py:188} INFO - [2026-05-07T21:08:40.248+0000] {dagbag.py:545} INFO - Filling up the DagBag from /home/airflow/.local/lib/python3.12/site-packages/airflow/example_dags/example_xcom.py
[2026-05-07T21:08:40.255+0000] {processor.py:840} INFO - DAG(s) 'example_xcom' retrieved from /home/airflow/.local/lib/python3.12/site-packages/airflow/example_dags/example_xcom.py
[2026-05-07T21:08:40.277+0000] {logging_mixin.py:188} INFO - [2026-05-07T21:08:40.277+0000] {dag.py:3096} INFO - Sync 1 DAGs
[2026-05-07T21:08:40.296+0000] {logging_mixin.py:188} INFO - [2026-05-07T21:08:40.296+0000] {dag.py:3954} INFO - Setting next_dagrun for example_xcom to 2021-01-01 00:00:00+00:00, run_after=2021-01-01 00:00:00+00:00
[2026-05-07T21:08:40.321+0000] {processor.py:183} INFO - Processing /home/airflow/.local/lib/python3.12/site-packages/airflow/example_dags/example_xcom.py took 0.082 seconds
[2026-05-07T21:09:10.559+0000] {processor.py:161} INFO - Started process (PID=6032) to work on /home/airflow/.local/lib/python3.12/site-packages/airflow/example_dags/example_xcom.py
[2026-05-07T21:09:10.560+0000] {processor.py:830} INFO - Processing file /home/airflow/.local/lib/python3.12/site-packages/airflow/example_dags/example_xcom.py for tasks to queue
[2026-05-07T21:09:10.562+0000] {logging_mixin.py:188} INFO - [2026-05-07T21:09:10.562+0000] {dagbag.py:545} INFO - Filling up the DagBag from /home/airflow/.local/lib/python3.12/site-packages/airflow/example_dags/example_xcom.py
[2026-05-07T21:09:10.569+0000] {processor.py:840} INFO - DAG(s) 'example_xcom' retrieved from /home/airflow/.local/lib/python3.12/site-packages/airflow/example_dags/example_xcom.py
[2026-05-07T21:09:10.588+0000] {logging_mixin.py:188} INFO - [2026-05-07T21:09:10.587+0000] {dag.py:3096} INFO - Sync 1 DAGs
[2026-05-07T21:09:10.606+0000] {logging_mixin.py:188} INFO - [2026-05-07T21:09:10.605+0000] {dag.py:3954} INFO - Setting next_dagrun for example_xcom to 2021-01-01 00:00:00+00:00, run_after=2021-01-01 00:00:00+00:00
[2026-05-07T21:09:10.622+0000] {processor.py:183} INFO - Processing /home/airflow/.local/lib/python3.12/site-packages/airflow/example_dags/example_xcom.py took 0.069 seconds
[2026-05-07T21:09:40.943+0000] {processor.py:161} INFO - Started process (PID=6090) to work on /home/airflow/.local/lib/python3.12/site-packages/airflow/example_dags/example_xcom.py
[2026-05-07T21:09:40.944+0000] {processor.py:830} INFO - Processing file /home/airflow/.local/lib/python3.12/site-packages/airflow/example_dags/example_xcom.py for tasks to queue
[2026-05-07T21:09:40.947+0000] {logging_mixin.py:188} INFO - [2026-05-07T21:09:40.946+0000] {dagbag.py:545} INFO - Filling up the DagBag from /home/airflow/.local/lib/python3.12/site-packages/airflow/example_dags/example_xcom.py
[2026-05-07T21:09:40.953+0000] {processor.py:840} INFO - DAG(s) 'example_xcom' retrieved from /home/airflow/.local/lib/python3.12/site-packages/airflow/example_dags/example_xcom.py
[2026-05-07T21:09:40.971+0000] {logging_mixin.py:188} INFO - [2026-05-07T21:09:40.971+0000] {dag.py:3096} INFO - Sync 1 DAGs
[2026-05-07T21:09:40.988+0000] {logging_mixin.py:188} INFO - [2026-05-07T21:09:40.988+0000] {dag.py:3954} INFO - Setting next_dagrun for example_xcom to 2021-01-01 00:00:00+00:00, run_after=2021-01-01 00:00:00+00:00
[2026-05-07T21:09:41.006+0000] {processor.py:183} INFO - Processing /home/airflow/.local/lib/python3.12/site-packages/airflow/example_dags/example_xcom.py took 0.070 seconds
[2026-05-07T21:10:11.802+0000] {processor.py:161} INFO - Started process (PID=6154) to work on /home/airflow/.local/lib/python3.12/site-packages/airflow/example_dags/example_xcom.py
[2026-05-07T21:10:11.805+0000] {processor.py:830} INFO - Processing file /home/airflow/.local/lib/python3.12/site-packages/airflow/example_dags/example_xcom.py for tasks to queue
[2026-05-07T21:10:11.808+0000] {logging_mixin.py:188} INFO - [2026-05-07T21:10:11.808+0000] {dagbag.py:545} INFO - Filling up the DagBag from /home/airflow/.local/lib/python3.12/site-packages/airflow/example_dags/example_xcom.py
[2026-05-07T21:10:11.823+0000] {processor.py:840} INFO - DAG(s) 'example_xcom' retrieved from /home/airflow/.local/lib/python3.12/site-packages/airflow/example_dags/example_xcom.py
[2026-05-07T21:10:11.861+0000] {logging_mixin.py:188} INFO - [2026-05-07T21:10:11.860+0000] {dag.py:3096} INFO - Sync 1 DAGs
[2026-05-07T21:10:11.888+0000] {logging_mixin.py:188} INFO - [2026-05-07T21:10:11.887+0000] {dag.py:3954} INFO - Setting next_dagrun for example_xcom to 2021-01-01 00:00:00+00:00, run_after=2021-01-01 00:00:00+00:00
[2026-05-07T21:10:11.915+0000] {processor.py:183} INFO - Processing /home/airflow/.local/lib/python3.12/site-packages/airflow/example_dags/example_xcom.py took 0.126 seconds
[2026-05-07T21:10:42.356+0000] {processor.py:161} INFO - Started process (PID=6212) to work on /home/airflow/.local/lib/python3.12/site-packages/airflow/example_dags/example_xcom.py
[2026-05-07T21:10:42.358+0000] {processor.py:830} INFO - Processing file /home/airflow/.local/lib/python3.12/site-packages/airflow/example_dags/example_xcom.py for tasks to queue
[2026-05-07T21:10:42.360+0000] {logging_mixin.py:188} INFO - [2026-05-07T21:10:42.360+0000] {dagbag.py:545} INFO - Filling up the DagBag from /home/airflow/.local/lib/python3.12/site-packages/airflow/example_dags/example_xcom.py
[2026-05-07T21:10:42.367+0000] {processor.py:840} INFO - DAG(s) 'example_xcom' retrieved from /home/airflow/.local/lib/python3.12/site-packages/airflow/example_dags/example_xcom.py
[2026-05-07T21:10:42.387+0000] {logging_mixin.py:188} INFO - [2026-05-07T21:10:42.387+0000] {dag.py:3096} INFO - Sync 1 DAGs
[2026-05-07T21:10:42.405+0000] {logging_mixin.py:188} INFO - [2026-05-07T21:10:42.405+0000] {dag.py:3954} INFO - Setting next_dagrun for example_xcom to 2021-01-01 00:00:00+00:00, run_after=2021-01-01 00:00:00+00:00
[2026-05-07T21:10:42.426+0000] {processor.py:183} INFO - Processing /home/airflow/.local/lib/python3.12/site-packages/airflow/example_dags/example_xcom.py took 0.075 seconds
[2026-05-07T21:11:13.048+0000] {processor.py:161} INFO - Started process (PID=6271) to work on /home/airflow/.local/lib/python3.12/site-packages/airflow/example_dags/example_xcom.py
[2026-05-07T21:11:13.050+0000] {processor.py:830} INFO - Processing file /home/airflow/.local/lib/python3.12/site-packages/airflow/example_dags/example_xcom.py for tasks to queue
[2026-05-07T21:11:13.052+0000] {logging_mixin.py:188} INFO - [2026-05-07T21:11:13.052+0000] {dagbag.py:545} INFO - Filling up the DagBag from /home/airflow/.local/lib/python3.12/site-packages/airflow/example_dags/example_xcom.py
[2026-05-07T21:11:13.059+0000] {processor.py:840} INFO - DAG(s) 'example_xcom' retrieved from /home/airflow/.local/lib/python3.12/site-packages/airflow/example_dags/example_xcom.py
[2026-05-07T21:11:13.077+0000] {logging_mixin.py:188} INFO - [2026-05-07T21:11:13.077+0000] {dag.py:3096} INFO - Sync 1 DAGs
[2026-05-07T21:11:13.097+0000] {logging_mixin.py:188} INFO - [2026-05-07T21:11:13.096+0000] {dag.py:3954} INFO - Setting next_dagrun for example_xcom to 2021-01-01 00:00:00+00:00, run_after=2021-01-01 00:00:00+00:00
[2026-05-07T21:11:13.117+0000] {processor.py:183} INFO - Processing /home/airflow/.local/lib/python3.12/site-packages/airflow/example_dags/example_xcom.py took 0.075 seconds
[2026-05-07T21:11:43.389+0000] {processor.py:161} INFO - Started process (PID=6329) to work on /home/airflow/.local/lib/python3.12/site-packages/airflow/example_dags/example_xcom.py
[2026-05-07T21:11:43.391+0000] {processor.py:830} INFO - Processing file /home/airflow/.local/lib/python3.12/site-packages/airflow/example_dags/example_xcom.py for tasks to queue
[2026-05-07T21:11:43.393+0000] {logging_mixin.py:188} INFO - [2026-05-07T21:11:43.393+0000] {dagbag.py:545} INFO - Filling up the DagBag from /home/airflow/.local/lib/python3.12/site-packages/airflow/example_dags/example_xcom.py
[2026-05-07T21:11:43.400+0000] {processor.py:840} INFO - DAG(s) 'example_xcom' retrieved from /home/airflow/.local/lib/python3.12/site-packages/airflow/example_dags/example_xcom.py
[2026-05-07T21:11:43.420+0000] {logging_mixin.py:188} INFO - [2026-05-07T21:11:43.420+0000] {dag.py:3096} INFO - Sync 1 DAGs
[2026-05-07T21:11:43.437+0000] {logging_mixin.py:188} INFO - [2026-05-07T21:11:43.437+0000] {dag.py:3954} INFO - Setting next_dagrun for example_xcom to 2021-01-01 00:00:00+00:00, run_after=2021-01-01 00:00:00+00:00
[2026-05-07T21:11:43.457+0000] {processor.py:183} INFO - Processing /home/airflow/.local/lib/python3.12/site-packages/airflow/example_dags/example_xcom.py took 0.074 seconds
[2026-05-07T21:12:14.149+0000] {processor.py:161} INFO - Started process (PID=6387) to work on /home/airflow/.local/lib/python3.12/site-packages/airflow/example_dags/example_xcom.py
[2026-05-07T21:12:14.150+0000] {processor.py:830} INFO - Processing file /home/airflow/.local/lib/python3.12/site-packages/airflow/example_dags/example_xcom.py for tasks to queue
[2026-05-07T21:12:14.152+0000] {logging_mixin.py:188} INFO - [2026-05-07T21:12:14.152+0000] {dagbag.py:545} INFO - Filling up the DagBag from /home/airflow/.local/lib/python3.12/site-packages/airflow/example_dags/example_xcom.py
[2026-05-07T21:12:14.160+0000] {processor.py:840} INFO - DAG(s) 'example_xcom' retrieved from /home/airflow/.local/lib/python3.12/site-packages/airflow/example_dags/example_xcom.py
[2026-05-07T21:12:14.182+0000] {logging_mixin.py:188} INFO - [2026-05-07T21:12:14.182+0000] {dag.py:3096} INFO - Sync 1 DAGs
[2026-05-07T21:12:14.201+0000] {logging_mixin.py:188} INFO - [2026-05-07T21:12:14.201+0000] {dag.py:3954} INFO - Setting next_dagrun for example_xcom to 2021-01-01 00:00:00+00:00, run_after=2021-01-01 00:00:00+00:00
[2026-05-07T21:12:14.226+0000] {processor.py:183} INFO - Processing /home/airflow/.local/lib/python3.12/site-packages/airflow/example_dags/example_xcom.py took 0.084 seconds
[2026-05-07T21:12:44.725+0000] {processor.py:161} INFO - Started process (PID=6445) to work on /home/airflow/.local/lib/python3.12/site-packages/airflow/example_dags/example_xcom.py
[2026-05-07T21:12:44.727+0000] {processor.py:830} INFO - Processing file /home/airflow/.local/lib/python3.12/site-packages/airflow/example_dags/example_xcom.py for tasks to queue
[2026-05-07T21:12:44.730+0000] {logging_mixin.py:188} INFO - [2026-05-07T21:12:44.730+0000] {dagbag.py:545} INFO - Filling up the DagBag from /home/airflow/.local/lib/python3.12/site-packages/airflow/example_dags/example_xcom.py
[2026-05-07T21:12:44.737+0000] {processor.py:840} INFO - DAG(s) 'example_xcom' retrieved from /home/airflow/.local/lib/python3.12/site-packages/airflow/example_dags/example_xcom.py
[2026-05-07T21:12:44.756+0000] {logging_mixin.py:188} INFO - [2026-05-07T21:12:44.755+0000] {dag.py:3096} INFO - Sync 1 DAGs
[2026-05-07T21:12:44.773+0000] {logging_mixin.py:188} INFO - [2026-05-07T21:12:44.773+0000] {dag.py:3954} INFO - Setting next_dagrun for example_xcom to 2021-01-01 00:00:00+00:00, run_after=2021-01-01 00:00:00+00:00
[2026-05-07T21:12:44.790+0000] {processor.py:183} INFO - Processing /home/airflow/.local/lib/python3.12/site-packages/airflow/example_dags/example_xcom.py took 0.070 seconds
[2026-05-07T21:13:15.040+0000] {processor.py:161} INFO - Started process (PID=6503) to work on /home/airflow/.local/lib/python3.12/site-packages/airflow/example_dags/example_xcom.py
[2026-05-07T21:13:15.041+0000] {processor.py:830} INFO - Processing file /home/airflow/.local/lib/python3.12/site-packages/airflow/example_dags/example_xcom.py for tasks to queue
[2026-05-07T21:13:15.043+0000] {logging_mixin.py:188} INFO - [2026-05-07T21:13:15.042+0000] {dagbag.py:545} INFO - Filling up the DagBag from /home/airflow/.local/lib/python3.12/site-packages/airflow/example_dags/example_xcom.py
[2026-05-07T21:13:15.053+0000] {processor.py:840} INFO - DAG(s) 'example_xcom' retrieved from /home/airflow/.local/lib/python3.12/site-packages/airflow/example_dags/example_xcom.py
[2026-05-07T21:13:15.076+0000] {logging_mixin.py:188} INFO - [2026-05-07T21:13:15.076+0000] {dag.py:3096} INFO - Sync 1 DAGs
[2026-05-07T21:13:15.100+0000] {logging_mixin.py:188} INFO - [2026-05-07T21:13:15.100+0000] {dag.py:3954} INFO - Setting next_dagrun for example_xcom to 2021-01-01 00:00:00+00:00, run_after=2021-01-01 00:00:00+00:00
[2026-05-07T21:13:15.126+0000] {processor.py:183} INFO - Processing /home/airflow/.local/lib/python3.12/site-packages/airflow/example_dags/example_xcom.py took 0.094 seconds
[2026-05-07T21:13:46.129+0000] {processor.py:161} INFO - Started process (PID=6561) to work on /home/airflow/.local/lib/python3.12/site-packages/airflow/example_dags/example_xcom.py
[2026-05-07T21:13:46.130+0000] {processor.py:830} INFO - Processing file /home/airflow/.local/lib/python3.12/site-packages/airflow/example_dags/example_xcom.py for tasks to queue
[2026-05-07T21:13:46.133+0000] {logging_mixin.py:188} INFO - [2026-05-07T21:13:46.132+0000] {dagbag.py:545} INFO - Filling up the DagBag from /home/airflow/.local/lib/python3.12/site-packages/airflow/example_dags/example_xcom.py
[2026-05-07T21:13:46.142+0000] {processor.py:840} INFO - DAG(s) 'example_xcom' retrieved from /home/airflow/.local/lib/python3.12/site-packages/airflow/example_dags/example_xcom.py
[2026-05-07T21:13:46.164+0000] {logging_mixin.py:188} INFO - [2026-05-07T21:13:46.164+0000] {dag.py:3096} INFO - Sync 1 DAGs
[2026-05-07T21:13:46.185+0000] {logging_mixin.py:188} INFO - [2026-05-07T21:13:46.184+0000] {dag.py:3954} INFO - Setting next_dagrun for example_xcom to 2021-01-01 00:00:00+00:00, run_after=2021-01-01 00:00:00+00:00
[2026-05-07T21:13:46.207+0000] {processor.py:183} INFO - Processing /home/airflow/.local/lib/python3.12/site-packages/airflow/example_dags/example_xcom.py took 0.084 seconds
[2026-05-07T21:14:16.898+0000] {processor.py:161} INFO - Started process (PID=6619) to work on /home/airflow/.local/lib/python3.12/site-packages/airflow/example_dags/example_xcom.py
[2026-05-07T21:14:16.900+0000] {processor.py:830} INFO - Processing file /home/airflow/.local/lib/python3.12/site-packages/airflow/example_dags/example_xcom.py for tasks to queue
[2026-05-07T21:14:16.903+0000] {logging_mixin.py:188} INFO - [2026-05-07T21:14:16.902+0000] {dagbag.py:545} INFO - Filling up the DagBag from /home/airflow/.local/lib/python3.12/site-packages/airflow/example_dags/example_xcom.py
[2026-05-07T21:14:16.910+0000] {processor.py:840} INFO - DAG(s) 'example_xcom' retrieved from /home/airflow/.local/lib/python3.12/site-packages/airflow/example_dags/example_xcom.py
[2026-05-07T21:14:16.936+0000] {logging_mixin.py:188} INFO - [2026-05-07T21:14:16.936+0000] {dag.py:3096} INFO - Sync 1 DAGs
[2026-05-07T21:14:16.962+0000] {logging_mixin.py:188} INFO - [2026-05-07T21:14:16.962+0000] {dag.py:3954} INFO - Setting next_dagrun for example_xcom to 2021-01-01 00:00:00+00:00, run_after=2021-01-01 00:00:00+00:00
[2026-05-07T21:14:16.987+0000] {processor.py:183} INFO - Processing /home/airflow/.local/lib/python3.12/site-packages/airflow/example_dags/example_xcom.py took 0.095 seconds
[2026-05-07T21:14:47.624+0000] {processor.py:161} INFO - Started process (PID=6677) to work on /home/airflow/.local/lib/python3.12/site-packages/airflow/example_dags/example_xcom.py
[2026-05-07T21:14:47.626+0000] {processor.py:830} INFO - Processing file /home/airflow/.local/lib/python3.12/site-packages/airflow/example_dags/example_xcom.py for tasks to queue
[2026-05-07T21:14:47.628+0000] {logging_mixin.py:188} INFO - [2026-05-07T21:14:47.627+0000] {dagbag.py:545} INFO - Filling up the DagBag from /home/airflow/.local/lib/python3.12/site-packages/airflow/example_dags/example_xcom.py
[2026-05-07T21:14:47.635+0000] {processor.py:840} INFO - DAG(s) 'example_xcom' retrieved from /home/airflow/.local/lib/python3.12/site-packages/airflow/example_dags/example_xcom.py
[2026-05-07T21:14:47.654+0000] {logging_mixin.py:188} INFO - [2026-05-07T21:14:47.654+0000] {dag.py:3096} INFO - Sync 1 DAGs
[2026-05-07T21:14:47.672+0000] {logging_mixin.py:188} INFO - [2026-05-07T21:14:47.672+0000] {dag.py:3954} INFO - Setting next_dagrun for example_xcom to 2021-01-01 00:00:00+00:00, run_after=2021-01-01 00:00:00+00:00
[2026-05-07T21:14:47.691+0000] {processor.py:183} INFO - Processing /home/airflow/.local/lib/python3.12/site-packages/airflow/example_dags/example_xcom.py took 0.072 seconds
[2026-05-07T21:15:18.785+0000] {processor.py:161} INFO - Started process (PID=6735) to work on /home/airflow/.local/lib/python3.12/site-packages/airflow/example_dags/example_xcom.py
[2026-05-07T21:15:18.787+0000] {processor.py:830} INFO - Processing file /home/airflow/.local/lib/python3.12/site-packages/airflow/example_dags/example_xcom.py for tasks to queue
[2026-05-07T21:15:18.789+0000] {logging_mixin.py:188} INFO - [2026-05-07T21:15:18.788+0000] {dagbag.py:545} INFO - Filling up the DagBag from /home/airflow/.local/lib/python3.12/site-packages/airflow/example_dags/example_xcom.py
[2026-05-07T21:15:18.796+0000] {processor.py:840} INFO - DAG(s) 'example_xcom' retrieved from /home/airflow/.local/lib/python3.12/site-packages/airflow/example_dags/example_xcom.py
[2026-05-07T21:15:18.819+0000] {logging_mixin.py:188} INFO - [2026-05-07T21:15:18.819+0000] {dag.py:3096} INFO - Sync 1 DAGs
[2026-05-07T21:15:18.975+0000] {logging_mixin.py:188} INFO - [2026-05-07T21:15:18.975+0000] {dag.py:3954} INFO - Setting next_dagrun for example_xcom to 2021-01-01 00:00:00+00:00, run_after=2021-01-01 00:00:00+00:00
[2026-05-07T21:15:18.996+0000] {processor.py:183} INFO - Processing /home/airflow/.local/lib/python3.12/site-packages/airflow/example_dags/example_xcom.py took 0.216 seconds
[2026-05-07T21:15:49.176+0000] {processor.py:161} INFO - Started process (PID=6793) to work on /home/airflow/.local/lib/python3.12/site-packages/airflow/example_dags/example_xcom.py
[2026-05-07T21:15:49.178+0000] {processor.py:830} INFO - Processing file /home/airflow/.local/lib/python3.12/site-packages/airflow/example_dags/example_xcom.py for tasks to queue
[2026-05-07T21:15:49.181+0000] {logging_mixin.py:188} INFO - [2026-05-07T21:15:49.180+0000] {dagbag.py:545} INFO - Filling up the DagBag from /home/airflow/.local/lib/python3.12/site-packages/airflow/example_dags/example_xcom.py
[2026-05-07T21:15:49.191+0000] {processor.py:840} INFO - DAG(s) 'example_xcom' retrieved from /home/airflow/.local/lib/python3.12/site-packages/airflow/example_dags/example_xcom.py
[2026-05-07T21:15:49.218+0000] {logging_mixin.py:188} INFO - [2026-05-07T21:15:49.218+0000] {dag.py:3096} INFO - Sync 1 DAGs
[2026-05-07T21:15:49.425+0000] {logging_mixin.py:188} INFO - [2026-05-07T21:15:49.425+0000] {dag.py:3954} INFO - Setting next_dagrun for example_xcom to 2021-01-01 00:00:00+00:00, run_after=2021-01-01 00:00:00+00:00
[2026-05-07T21:15:49.448+0000] {processor.py:183} INFO - Processing /home/airflow/.local/lib/python3.12/site-packages/airflow/example_dags/example_xcom.py took 0.279 seconds
[2026-05-07T21:16:20.003+0000] {processor.py:161} INFO - Started process (PID=6851) to work on /home/airflow/.local/lib/python3.12/site-packages/airflow/example_dags/example_xcom.py
[2026-05-07T21:16:20.004+0000] {processor.py:830} INFO - Processing file /home/airflow/.local/lib/python3.12/site-packages/airflow/example_dags/example_xcom.py for tasks to queue
[2026-05-07T21:16:20.007+0000] {logging_mixin.py:188} INFO - [2026-05-07T21:16:20.007+0000] {dagbag.py:545} INFO - Filling up the DagBag from /home/airflow/.local/lib/python3.12/site-packages/airflow/example_dags/example_xcom.py
[2026-05-07T21:16:20.017+0000] {processor.py:840} INFO - DAG(s) 'example_xcom' retrieved from /home/airflow/.local/lib/python3.12/site-packages/airflow/example_dags/example_xcom.py
[2026-05-07T21:16:20.039+0000] {logging_mixin.py:188} INFO - [2026-05-07T21:16:20.038+0000] {dag.py:3096} INFO - Sync 1 DAGs
[2026-05-07T21:16:20.059+0000] {logging_mixin.py:188} INFO - [2026-05-07T21:16:20.059+0000] {dag.py:3954} INFO - Setting next_dagrun for example_xcom to 2021-01-01 00:00:00+00:00, run_after=2021-01-01 00:00:00+00:00
[2026-05-07T21:16:20.282+0000] {processor.py:183} INFO - Processing /home/airflow/.local/lib/python3.12/site-packages/airflow/example_dags/example_xcom.py took 0.289 seconds
[2026-05-07T21:16:50.642+0000] {processor.py:161} INFO - Started process (PID=6909) to work on /home/airflow/.local/lib/python3.12/site-packages/airflow/example_dags/example_xcom.py
[2026-05-07T21:16:50.643+0000] {processor.py:830} INFO - Processing file /home/airflow/.local/lib/python3.12/site-packages/airflow/example_dags/example_xcom.py for tasks to queue
[2026-05-07T21:16:50.645+0000] {logging_mixin.py:188} INFO - [2026-05-07T21:16:50.645+0000] {dagbag.py:545} INFO - Filling up the DagBag from /home/airflow/.local/lib/python3.12/site-packages/airflow/example_dags/example_xcom.py
[2026-05-07T21:16:50.653+0000] {processor.py:840} INFO - DAG(s) 'example_xcom' retrieved from /home/airflow/.local/lib/python3.12/site-packages/airflow/example_dags/example_xcom.py
[2026-05-07T21:16:50.673+0000] {logging_mixin.py:188} INFO - [2026-05-07T21:16:50.673+0000] {dag.py:3096} INFO - Sync 1 DAGs
[2026-05-07T21:16:50.691+0000] {logging_mixin.py:188} INFO - [2026-05-07T21:16:50.691+0000] {dag.py:3954} INFO - Setting next_dagrun for example_xcom to 2021-01-01 00:00:00+00:00, run_after=2021-01-01 00:00:00+00:00
[2026-05-07T21:16:50.707+0000] {processor.py:183} INFO - Processing /home/airflow/.local/lib/python3.12/site-packages/airflow/example_dags/example_xcom.py took 0.070 seconds
[2026-05-07T21:17:20.802+0000] {processor.py:161} INFO - Started process (PID=6967) to work on /home/airflow/.local/lib/python3.12/site-packages/airflow/example_dags/example_xcom.py
[2026-05-07T21:17:20.804+0000] {processor.py:830} INFO - Processing file /home/airflow/.local/lib/python3.12/site-packages/airflow/example_dags/example_xcom.py for tasks to queue
[2026-05-07T21:17:20.806+0000] {logging_mixin.py:188} INFO - [2026-05-07T21:17:20.806+0000] {dagbag.py:545} INFO - Filling up the DagBag from /home/airflow/.local/lib/python3.12/site-packages/airflow/example_dags/example_xcom.py
[2026-05-07T21:17:20.813+0000] {processor.py:840} INFO - DAG(s) 'example_xcom' retrieved from /home/airflow/.local/lib/python3.12/site-packages/airflow/example_dags/example_xcom.py
[2026-05-07T21:17:20.832+0000] {logging_mixin.py:188} INFO - [2026-05-07T21:17:20.832+0000] {dag.py:3096} INFO - Sync 1 DAGs
[2026-05-07T21:17:20.849+0000] {logging_mixin.py:188} INFO - [2026-05-07T21:17:20.848+0000] {dag.py:3954} INFO - Setting next_dagrun for example_xcom to 2021-01-01 00:00:00+00:00, run_after=2021-01-01 00:00:00+00:00
[2026-05-07T21:17:20.864+0000] {processor.py:183} INFO - Processing /home/airflow/.local/lib/python3.12/site-packages/airflow/example_dags/example_xcom.py took 0.068 seconds
[2026-05-07T21:17:51.084+0000] {processor.py:161} INFO - Started process (PID=7025) to work on /home/airflow/.local/lib/python3.12/site-packages/airflow/example_dags/example_xcom.py
[2026-05-07T21:17:51.085+0000] {processor.py:830} INFO - Processing file /home/airflow/.local/lib/python3.12/site-packages/airflow/example_dags/example_xcom.py for tasks to queue
[2026-05-07T21:17:51.087+0000] {logging_mixin.py:188} INFO - [2026-05-07T21:17:51.087+0000] {dagbag.py:545} INFO - Filling up the DagBag from /home/airflow/.local/lib/python3.12/site-packages/airflow/example_dags/example_xcom.py
[2026-05-07T21:17:51.096+0000] {processor.py:840} INFO - DAG(s) 'example_xcom' retrieved from /home/airflow/.local/lib/python3.12/site-packages/airflow/example_dags/example_xcom.py
[2026-05-07T21:17:51.117+0000] {logging_mixin.py:188} INFO - [2026-05-07T21:17:51.116+0000] {dag.py:3096} INFO - Sync 1 DAGs
[2026-05-07T21:17:51.139+0000] {logging_mixin.py:188} INFO - [2026-05-07T21:17:51.138+0000] {dag.py:3954} INFO - Setting next_dagrun for example_xcom to 2021-01-01 00:00:00+00:00, run_after=2021-01-01 00:00:00+00:00
[2026-05-07T21:17:51.162+0000] {processor.py:183} INFO - Processing /home/airflow/.local/lib/python3.12/site-packages/airflow/example_dags/example_xcom.py took 0.083 seconds
[2026-05-07T21:18:21.435+0000] {processor.py:161} INFO - Started process (PID=7083) to work on /home/airflow/.local/lib/python3.12/site-packages/airflow/example_dags/example_xcom.py
[2026-05-07T21:18:21.436+0000] {processor.py:830} INFO - Processing file /home/airflow/.local/lib/python3.12/site-packages/airflow/example_dags/example_xcom.py for tasks to queue
[2026-05-07T21:18:21.439+0000] {logging_mixin.py:188} INFO - [2026-05-07T21:18:21.438+0000] {dagbag.py:545} INFO - Filling up the DagBag from /home/airflow/.local/lib/python3.12/site-packages/airflow/example_dags/example_xcom.py
[2026-05-07T21:18:21.446+0000] {processor.py:840} INFO - DAG(s) 'example_xcom' retrieved from /home/airflow/.local/lib/python3.12/site-packages/airflow/example_dags/example_xcom.py
[2026-05-07T21:18:21.469+0000] {logging_mixin.py:188} INFO - [2026-05-07T21:18:21.469+0000] {dag.py:3096} INFO - Sync 1 DAGs
[2026-05-07T21:18:21.491+0000] {logging_mixin.py:188} INFO - [2026-05-07T21:18:21.491+0000] {dag.py:3954} INFO - Setting next_dagrun for example_xcom to 2021-01-01 00:00:00+00:00, run_after=2021-01-01 00:00:00+00:00
[2026-05-07T21:18:21.519+0000] {processor.py:183} INFO - Processing /home/airflow/.local/lib/python3.12/site-packages/airflow/example_dags/example_xcom.py took 0.090 seconds
[2026-05-07T21:18:51.677+0000] {processor.py:161} INFO - Started process (PID=7141) to work on /home/airflow/.local/lib/python3.12/site-packages/airflow/example_dags/example_xcom.py
[2026-05-07T21:18:51.678+0000] {processor.py:830} INFO - Processing file /home/airflow/.local/lib/python3.12/site-packages/airflow/example_dags/example_xcom.py for tasks to queue
[2026-05-07T21:18:51.681+0000] {logging_mixin.py:188} INFO - [2026-05-07T21:18:51.680+0000] {dagbag.py:545} INFO - Filling up the DagBag from /home/airflow/.local/lib/python3.12/site-packages/airflow/example_dags/example_xcom.py
[2026-05-07T21:18:51.691+0000] {processor.py:840} INFO - DAG(s) 'example_xcom' retrieved from /home/airflow/.local/lib/python3.12/site-packages/airflow/example_dags/example_xcom.py
[2026-05-07T21:18:51.719+0000] {logging_mixin.py:188} INFO - [2026-05-07T21:18:51.718+0000] {dag.py:3096} INFO - Sync 1 DAGs
[2026-05-07T21:18:51.746+0000] {logging_mixin.py:188} INFO - [2026-05-07T21:18:51.746+0000] {dag.py:3954} INFO - Setting next_dagrun for example_xcom to 2021-01-01 00:00:00+00:00, run_after=2021-01-01 00:00:00+00:00
[2026-05-07T21:18:51.780+0000] {processor.py:183} INFO - Processing /home/airflow/.local/lib/python3.12/site-packages/airflow/example_dags/example_xcom.py took 0.111 seconds
[2026-05-07T21:19:22.297+0000] {processor.py:161} INFO - Started process (PID=7199) to work on /home/airflow/.local/lib/python3.12/site-packages/airflow/example_dags/example_xcom.py
[2026-05-07T21:19:22.299+0000] {processor.py:830} INFO - Processing file /home/airflow/.local/lib/python3.12/site-packages/airflow/example_dags/example_xcom.py for tasks to queue
[2026-05-07T21:19:22.302+0000] {logging_mixin.py:188} INFO - [2026-05-07T21:19:22.301+0000] {dagbag.py:545} INFO - Filling up the DagBag from /home/airflow/.local/lib/python3.12/site-packages/airflow/example_dags/example_xcom.py
[2026-05-07T21:19:22.311+0000] {processor.py:840} INFO - DAG(s) 'example_xcom' retrieved from /home/airflow/.local/lib/python3.12/site-packages/airflow/example_dags/example_xcom.py
[2026-05-07T21:19:22.333+0000] {logging_mixin.py:188} INFO - [2026-05-07T21:19:22.333+0000] {dag.py:3096} INFO - Sync 1 DAGs
[2026-05-07T21:19:22.352+0000] {logging_mixin.py:188} INFO - [2026-05-07T21:19:22.352+0000] {dag.py:3954} INFO - Setting next_dagrun for example_xcom to 2021-01-01 00:00:00+00:00, run_after=2021-01-01 00:00:00+00:00
[2026-05-07T21:19:22.370+0000] {processor.py:183} INFO - Processing /home/airflow/.local/lib/python3.12/site-packages/airflow/example_dags/example_xcom.py took 0.080 seconds
[2026-05-07T21:19:52.435+0000] {processor.py:161} INFO - Started process (PID=7257) to work on /home/airflow/.local/lib/python3.12/site-packages/airflow/example_dags/example_xcom.py
[2026-05-07T21:19:52.436+0000] {processor.py:830} INFO - Processing file /home/airflow/.local/lib/python3.12/site-packages/airflow/example_dags/example_xcom.py for tasks to queue
[2026-05-07T21:19:52.438+0000] {logging_mixin.py:188} INFO - [2026-05-07T21:19:52.438+0000] {dagbag.py:545} INFO - Filling up the DagBag from /home/airflow/.local/lib/python3.12/site-packages/airflow/example_dags/example_xcom.py
[2026-05-07T21:19:52.446+0000] {processor.py:840} INFO - DAG(s) 'example_xcom' retrieved from /home/airflow/.local/lib/python3.12/site-packages/airflow/example_dags/example_xcom.py
[2026-05-07T21:19:52.466+0000] {logging_mixin.py:188} INFO - [2026-05-07T21:19:52.466+0000] {dag.py:3096} INFO - Sync 1 DAGs
[2026-05-07T21:19:52.485+0000] {logging_mixin.py:188} INFO - [2026-05-07T21:19:52.485+0000] {dag.py:3954} INFO - Setting next_dagrun for example_xcom to 2021-01-01 00:00:00+00:00, run_after=2021-01-01 00:00:00+00:00
[2026-05-07T21:19:52.507+0000] {processor.py:183} INFO - Processing /home/airflow/.local/lib/python3.12/site-packages/airflow/example_dags/example_xcom.py took 0.078 seconds
[2026-05-07T21:20:22.750+0000] {processor.py:161} INFO - Started process (PID=7315) to work on /home/airflow/.local/lib/python3.12/site-packages/airflow/example_dags/example_xcom.py
[2026-05-07T21:20:22.752+0000] {processor.py:830} INFO - Processing file /home/airflow/.local/lib/python3.12/site-packages/airflow/example_dags/example_xcom.py for tasks to queue
[2026-05-07T21:20:22.754+0000] {logging_mixin.py:188} INFO - [2026-05-07T21:20:22.754+0000] {dagbag.py:545} INFO - Filling up the DagBag from /home/airflow/.local/lib/python3.12/site-packages/airflow/example_dags/example_xcom.py
[2026-05-07T21:20:22.760+0000] {processor.py:840} INFO - DAG(s) 'example_xcom' retrieved from /home/airflow/.local/lib/python3.12/site-packages/airflow/example_dags/example_xcom.py
[2026-05-07T21:20:22.780+0000] {logging_mixin.py:188} INFO - [2026-05-07T21:20:22.780+0000] {dag.py:3096} INFO - Sync 1 DAGs
[2026-05-07T21:20:22.797+0000] {logging_mixin.py:188} INFO - [2026-05-07T21:20:22.796+0000] {dag.py:3954} INFO - Setting next_dagrun for example_xcom to 2021-01-01 00:00:00+00:00, run_after=2021-01-01 00:00:00+00:00
[2026-05-07T21:20:22.814+0000] {processor.py:183} INFO - Processing /home/airflow/.local/lib/python3.12/site-packages/airflow/example_dags/example_xcom.py took 0.070 seconds
[2026-05-07T21:20:53.036+0000] {processor.py:161} INFO - Started process (PID=7373) to work on /home/airflow/.local/lib/python3.12/site-packages/airflow/example_dags/example_xcom.py
[2026-05-07T21:20:53.038+0000] {processor.py:830} INFO - Processing file /home/airflow/.local/lib/python3.12/site-packages/airflow/example_dags/example_xcom.py for tasks to queue
[2026-05-07T21:20:53.040+0000] {logging_mixin.py:188} INFO - [2026-05-07T21:20:53.040+0000] {dagbag.py:545} INFO - Filling up the DagBag from /home/airflow/.local/lib/python3.12/site-packages/airflow/example_dags/example_xcom.py
[2026-05-07T21:20:53.047+0000] {processor.py:840} INFO - DAG(s) 'example_xcom' retrieved from /home/airflow/.local/lib/python3.12/site-packages/airflow/example_dags/example_xcom.py
[2026-05-07T21:20:53.067+0000] {logging_mixin.py:188} INFO - [2026-05-07T21:20:53.067+0000] {dag.py:3096} INFO - Sync 1 DAGs
[2026-05-07T21:20:53.086+0000] {logging_mixin.py:188} INFO - [2026-05-07T21:20:53.086+0000] {dag.py:3954} INFO - Setting next_dagrun for example_xcom to 2021-01-01 00:00:00+00:00, run_after=2021-01-01 00:00:00+00:00
[2026-05-07T21:20:53.105+0000] {processor.py:183} INFO - Processing /home/airflow/.local/lib/python3.12/site-packages/airflow/example_dags/example_xcom.py took 0.074 seconds
[2026-05-07T21:21:23.325+0000] {processor.py:161} INFO - Started process (PID=7431) to work on /home/airflow/.local/lib/python3.12/site-packages/airflow/example_dags/example_xcom.py
[2026-05-07T21:21:23.326+0000] {processor.py:830} INFO - Processing file /home/airflow/.local/lib/python3.12/site-packages/airflow/example_dags/example_xcom.py for tasks to queue
[2026-05-07T21:21:23.330+0000] {logging_mixin.py:188} INFO - [2026-05-07T21:21:23.329+0000] {dagbag.py:545} INFO - Filling up the DagBag from /home/airflow/.local/lib/python3.12/site-packages/airflow/example_dags/example_xcom.py
[2026-05-07T21:21:23.337+0000] {processor.py:840} INFO - DAG(s) 'example_xcom' retrieved from /home/airflow/.local/lib/python3.12/site-packages/airflow/example_dags/example_xcom.py
[2026-05-07T21:21:23.356+0000] {logging_mixin.py:188} INFO - [2026-05-07T21:21:23.356+0000] {dag.py:3096} INFO - Sync 1 DAGs
[2026-05-07T21:21:23.374+0000] {logging_mixin.py:188} INFO - [2026-05-07T21:21:23.373+0000] {dag.py:3954} INFO - Setting next_dagrun for example_xcom to 2021-01-01 00:00:00+00:00, run_after=2021-01-01 00:00:00+00:00
[2026-05-07T21:21:23.395+0000] {processor.py:183} INFO - Processing /home/airflow/.local/lib/python3.12/site-packages/airflow/example_dags/example_xcom.py took 0.075 seconds
[2026-05-07T21:21:53.913+0000] {processor.py:161} INFO - Started process (PID=7489) to work on /home/airflow/.local/lib/python3.12/site-packages/airflow/example_dags/example_xcom.py
[2026-05-07T21:21:53.915+0000] {processor.py:830} INFO - Processing file /home/airflow/.local/lib/python3.12/site-packages/airflow/example_dags/example_xcom.py for tasks to queue
[2026-05-07T21:21:53.917+0000] {logging_mixin.py:188} INFO - [2026-05-07T21:21:53.917+0000] {dagbag.py:545} INFO - Filling up the DagBag from /home/airflow/.local/lib/python3.12/site-packages/airflow/example_dags/example_xcom.py
[2026-05-07T21:21:53.924+0000] {processor.py:840} INFO - DAG(s) 'example_xcom' retrieved from /home/airflow/.local/lib/python3.12/site-packages/airflow/example_dags/example_xcom.py
[2026-05-07T21:21:53.945+0000] {logging_mixin.py:188} INFO - [2026-05-07T21:21:53.944+0000] {dag.py:3096} INFO - Sync 1 DAGs
[2026-05-07T21:21:53.975+0000] {logging_mixin.py:188} INFO - [2026-05-07T21:21:53.974+0000] {dag.py:3954} INFO - Setting next_dagrun for example_xcom to 2021-01-01 00:00:00+00:00, run_after=2021-01-01 00:00:00+00:00
[2026-05-07T21:21:54.006+0000] {processor.py:183} INFO - Processing /home/airflow/.local/lib/python3.12/site-packages/airflow/example_dags/example_xcom.py took 0.098 seconds
[2026-05-07T21:22:24.135+0000] {processor.py:161} INFO - Started process (PID=7547) to work on /home/airflow/.local/lib/python3.12/site-packages/airflow/example_dags/example_xcom.py
[2026-05-07T21:22:24.137+0000] {processor.py:830} INFO - Processing file /home/airflow/.local/lib/python3.12/site-packages/airflow/example_dags/example_xcom.py for tasks to queue
[2026-05-07T21:22:24.140+0000] {logging_mixin.py:188} INFO - [2026-05-07T21:22:24.140+0000] {dagbag.py:545} INFO - Filling up the DagBag from /home/airflow/.local/lib/python3.12/site-packages/airflow/example_dags/example_xcom.py
[2026-05-07T21:22:24.147+0000] {processor.py:840} INFO - DAG(s) 'example_xcom' retrieved from /home/airflow/.local/lib/python3.12/site-packages/airflow/example_dags/example_xcom.py
[2026-05-07T21:22:24.173+0000] {logging_mixin.py:188} INFO - [2026-05-07T21:22:24.172+0000] {dag.py:3096} INFO - Sync 1 DAGs
[2026-05-07T21:22:24.195+0000] {logging_mixin.py:188} INFO - [2026-05-07T21:22:24.194+0000] {dag.py:3954} INFO - Setting next_dagrun for example_xcom to 2021-01-01 00:00:00+00:00, run_after=2021-01-01 00:00:00+00:00
[2026-05-07T21:22:24.224+0000] {processor.py:183} INFO - Processing /home/airflow/.local/lib/python3.12/site-packages/airflow/example_dags/example_xcom.py took 0.095 seconds
[2026-05-07T21:22:54.313+0000] {processor.py:161} INFO - Started process (PID=7605) to work on /home/airflow/.local/lib/python3.12/site-packages/airflow/example_dags/example_xcom.py
[2026-05-07T21:22:54.314+0000] {processor.py:830} INFO - Processing file /home/airflow/.local/lib/python3.12/site-packages/airflow/example_dags/example_xcom.py for tasks to queue
[2026-05-07T21:22:54.316+0000] {logging_mixin.py:188} INFO - [2026-05-07T21:22:54.316+0000] {dagbag.py:545} INFO - Filling up the DagBag from /home/airflow/.local/lib/python3.12/site-packages/airflow/example_dags/example_xcom.py
[2026-05-07T21:22:54.322+0000] {processor.py:840} INFO - DAG(s) 'example_xcom' retrieved from /home/airflow/.local/lib/python3.12/site-packages/airflow/example_dags/example_xcom.py
[2026-05-07T21:22:54.343+0000] {logging_mixin.py:188} INFO - [2026-05-07T21:22:54.343+0000] {dag.py:3096} INFO - Sync 1 DAGs
[2026-05-07T21:22:54.364+0000] {logging_mixin.py:188} INFO - [2026-05-07T21:22:54.363+0000] {dag.py:3954} INFO - Setting next_dagrun for example_xcom to 2021-01-01 00:00:00+00:00, run_after=2021-01-01 00:00:00+00:00
[2026-05-07T21:22:54.387+0000] {processor.py:183} INFO - Processing /home/airflow/.local/lib/python3.12/site-packages/airflow/example_dags/example_xcom.py took 0.080 seconds
[2026-05-07T21:23:24.744+0000] {processor.py:161} INFO - Started process (PID=7663) to work on /home/airflow/.local/lib/python3.12/site-packages/airflow/example_dags/example_xcom.py
[2026-05-07T21:23:24.746+0000] {processor.py:830} INFO - Processing file /home/airflow/.local/lib/python3.12/site-packages/airflow/example_dags/example_xcom.py for tasks to queue
[2026-05-07T21:23:24.748+0000] {logging_mixin.py:188} INFO - [2026-05-07T21:23:24.748+0000] {dagbag.py:545} INFO - Filling up the DagBag from /home/airflow/.local/lib/python3.12/site-packages/airflow/example_dags/example_xcom.py
[2026-05-07T21:23:24.755+0000] {processor.py:840} INFO - DAG(s) 'example_xcom' retrieved from /home/airflow/.local/lib/python3.12/site-packages/airflow/example_dags/example_xcom.py
[2026-05-07T21:23:24.776+0000] {logging_mixin.py:188} INFO - [2026-05-07T21:23:24.776+0000] {dag.py:3096} INFO - Sync 1 DAGs
[2026-05-07T21:23:24.794+0000] {logging_mixin.py:188} INFO - [2026-05-07T21:23:24.794+0000] {dag.py:3954} INFO - Setting next_dagrun for example_xcom to 2021-01-01 00:00:00+00:00, run_after=2021-01-01 00:00:00+00:00
[2026-05-07T21:23:24.815+0000] {processor.py:183} INFO - Processing /home/airflow/.local/lib/python3.12/site-packages/airflow/example_dags/example_xcom.py took 0.076 seconds
[2026-05-07T21:23:54.903+0000] {processor.py:161} INFO - Started process (PID=7721) to work on /home/airflow/.local/lib/python3.12/site-packages/airflow/example_dags/example_xcom.py
[2026-05-07T21:23:54.905+0000] {processor.py:830} INFO - Processing file /home/airflow/.local/lib/python3.12/site-packages/airflow/example_dags/example_xcom.py for tasks to queue
[2026-05-07T21:23:54.907+0000] {logging_mixin.py:188} INFO - [2026-05-07T21:23:54.906+0000] {dagbag.py:545} INFO - Filling up the DagBag from /home/airflow/.local/lib/python3.12/site-packages/airflow/example_dags/example_xcom.py
[2026-05-07T21:23:54.913+0000] {processor.py:840} INFO - DAG(s) 'example_xcom' retrieved from /home/airflow/.local/lib/python3.12/site-packages/airflow/example_dags/example_xcom.py
[2026-05-07T21:23:54.935+0000] {logging_mixin.py:188} INFO - [2026-05-07T21:23:54.935+0000] {dag.py:3096} INFO - Sync 1 DAGs
[2026-05-07T21:23:54.960+0000] {logging_mixin.py:188} INFO - [2026-05-07T21:23:54.959+0000] {dag.py:3954} INFO - Setting next_dagrun for example_xcom to 2021-01-01 00:00:00+00:00, run_after=2021-01-01 00:00:00+00:00
[2026-05-07T21:23:54.978+0000] {processor.py:183} INFO - Processing /home/airflow/.local/lib/python3.12/site-packages/airflow/example_dags/example_xcom.py took 0.081 seconds
[2026-05-07T21:24:25.224+0000] {processor.py:161} INFO - Started process (PID=7779) to work on /home/airflow/.local/lib/python3.12/site-packages/airflow/example_dags/example_xcom.py
[2026-05-07T21:24:25.225+0000] {processor.py:830} INFO - Processing file /home/airflow/.local/lib/python3.12/site-packages/airflow/example_dags/example_xcom.py for tasks to queue
[2026-05-07T21:24:25.228+0000] {logging_mixin.py:188} INFO - [2026-05-07T21:24:25.228+0000] {dagbag.py:545} INFO - Filling up the DagBag from /home/airflow/.local/lib/python3.12/site-packages/airflow/example_dags/example_xcom.py
[2026-05-07T21:24:25.235+0000] {processor.py:840} INFO - DAG(s) 'example_xcom' retrieved from /home/airflow/.local/lib/python3.12/site-packages/airflow/example_dags/example_xcom.py
[2026-05-07T21:24:25.256+0000] {logging_mixin.py:188} INFO - [2026-05-07T21:24:25.256+0000] {dag.py:3096} INFO - Sync 1 DAGs
[2026-05-07T21:24:25.285+0000] {logging_mixin.py:188} INFO - [2026-05-07T21:24:25.285+0000] {dag.py:3954} INFO - Setting next_dagrun for example_xcom to 2021-01-01 00:00:00+00:00, run_after=2021-01-01 00:00:00+00:00
[2026-05-07T21:24:25.341+0000] {processor.py:183} INFO - Processing /home/airflow/.local/lib/python3.12/site-packages/airflow/example_dags/example_xcom.py took 0.122 seconds
[2026-05-07T21:24:55.567+0000] {processor.py:161} INFO - Started process (PID=7837) to work on /home/airflow/.local/lib/python3.12/site-packages/airflow/example_dags/example_xcom.py
[2026-05-07T21:24:55.568+0000] {processor.py:830} INFO - Processing file /home/airflow/.local/lib/python3.12/site-packages/airflow/example_dags/example_xcom.py for tasks to queue
[2026-05-07T21:24:55.571+0000] {logging_mixin.py:188} INFO - [2026-05-07T21:24:55.570+0000] {dagbag.py:545} INFO - Filling up the DagBag from /home/airflow/.local/lib/python3.12/site-packages/airflow/example_dags/example_xcom.py
[2026-05-07T21:24:55.579+0000] {processor.py:840} INFO - DAG(s) 'example_xcom' retrieved from /home/airflow/.local/lib/python3.12/site-packages/airflow/example_dags/example_xcom.py
[2026-05-07T21:24:55.604+0000] {logging_mixin.py:188} INFO - [2026-05-07T21:24:55.604+0000] {dag.py:3096} INFO - Sync 1 DAGs
[2026-05-07T21:24:55.628+0000] {logging_mixin.py:188} INFO - [2026-05-07T21:24:55.627+0000] {dag.py:3954} INFO - Setting next_dagrun for example_xcom to 2021-01-01 00:00:00+00:00, run_after=2021-01-01 00:00:00+00:00
[2026-05-07T21:24:55.655+0000] {processor.py:183} INFO - Processing /home/airflow/.local/lib/python3.12/site-packages/airflow/example_dags/example_xcom.py took 0.095 seconds
[2026-05-07T21:25:25.736+0000] {processor.py:161} INFO - Started process (PID=7895) to work on /home/airflow/.local/lib/python3.12/site-packages/airflow/example_dags/example_xcom.py
[2026-05-07T21:25:25.738+0000] {processor.py:830} INFO - Processing file /home/airflow/.local/lib/python3.12/site-packages/airflow/example_dags/example_xcom.py for tasks to queue
[2026-05-07T21:25:25.739+0000] {logging_mixin.py:188} INFO - [2026-05-07T21:25:25.739+0000] {dagbag.py:545} INFO - Filling up the DagBag from /home/airflow/.local/lib/python3.12/site-packages/airflow/example_dags/example_xcom.py
[2026-05-07T21:25:25.746+0000] {processor.py:840} INFO - DAG(s) 'example_xcom' retrieved from /home/airflow/.local/lib/python3.12/site-packages/airflow/example_dags/example_xcom.py
[2026-05-07T21:25:25.767+0000] {logging_mixin.py:188} INFO - [2026-05-07T21:25:25.767+0000] {dag.py:3096} INFO - Sync 1 DAGs
[2026-05-07T21:25:25.785+0000] {logging_mixin.py:188} INFO - [2026-05-07T21:25:25.785+0000] {dag.py:3954} INFO - Setting next_dagrun for example_xcom to 2021-01-01 00:00:00+00:00, run_after=2021-01-01 00:00:00+00:00
[2026-05-07T21:25:25.805+0000] {processor.py:183} INFO - Processing /home/airflow/.local/lib/python3.12/site-packages/airflow/example_dags/example_xcom.py took 0.075 seconds
[2026-05-07T21:25:56.134+0000] {processor.py:161} INFO - Started process (PID=7952) to work on /home/airflow/.local/lib/python3.12/site-packages/airflow/example_dags/example_xcom.py
[2026-05-07T21:25:56.135+0000] {processor.py:830} INFO - Processing file /home/airflow/.local/lib/python3.12/site-packages/airflow/example_dags/example_xcom.py for tasks to queue
[2026-05-07T21:25:56.137+0000] {logging_mixin.py:188} INFO - [2026-05-07T21:25:56.137+0000] {dagbag.py:545} INFO - Filling up the DagBag from /home/airflow/.local/lib/python3.12/site-packages/airflow/example_dags/example_xcom.py
[2026-05-07T21:25:56.145+0000] {processor.py:840} INFO - DAG(s) 'example_xcom' retrieved from /home/airflow/.local/lib/python3.12/site-packages/airflow/example_dags/example_xcom.py
[2026-05-07T21:25:56.164+0000] {logging_mixin.py:188} INFO - [2026-05-07T21:25:56.164+0000] {dag.py:3096} INFO - Sync 1 DAGs
[2026-05-07T21:25:56.184+0000] {logging_mixin.py:188} INFO - [2026-05-07T21:25:56.184+0000] {dag.py:3954} INFO - Setting next_dagrun for example_xcom to 2021-01-01 00:00:00+00:00, run_after=2021-01-01 00:00:00+00:00
[2026-05-07T21:25:56.205+0000] {processor.py:183} INFO - Processing /home/airflow/.local/lib/python3.12/site-packages/airflow/example_dags/example_xcom.py took 0.077 seconds
[2026-05-07T21:26:26.407+0000] {processor.py:161} INFO - Started process (PID=8010) to work on /home/airflow/.local/lib/python3.12/site-packages/airflow/example_dags/example_xcom.py
[2026-05-07T21:26:26.409+0000] {processor.py:830} INFO - Processing file /home/airflow/.local/lib/python3.12/site-packages/airflow/example_dags/example_xcom.py for tasks to queue
[2026-05-07T21:26:26.411+0000] {logging_mixin.py:188} INFO - [2026-05-07T21:26:26.411+0000] {dagbag.py:545} INFO - Filling up the DagBag from /home/airflow/.local/lib/python3.12/site-packages/airflow/example_dags/example_xcom.py
[2026-05-07T21:26:26.418+0000] {processor.py:840} INFO - DAG(s) 'example_xcom' retrieved from /home/airflow/.local/lib/python3.12/site-packages/airflow/example_dags/example_xcom.py
[2026-05-07T21:26:26.439+0000] {logging_mixin.py:188} INFO - [2026-05-07T21:26:26.438+0000] {dag.py:3096} INFO - Sync 1 DAGs
[2026-05-07T21:26:26.457+0000] {logging_mixin.py:188} INFO - [2026-05-07T21:26:26.456+0000] {dag.py:3954} INFO - Setting next_dagrun for example_xcom to 2021-01-01 00:00:00+00:00, run_after=2021-01-01 00:00:00+00:00
[2026-05-07T21:26:26.475+0000] {processor.py:183} INFO - Processing /home/airflow/.local/lib/python3.12/site-packages/airflow/example_dags/example_xcom.py took 0.073 seconds
[2026-05-07T21:26:56.654+0000] {processor.py:161} INFO - Started process (PID=8068) to work on /home/airflow/.local/lib/python3.12/site-packages/airflow/example_dags/example_xcom.py
[2026-05-07T21:26:56.655+0000] {processor.py:830} INFO - Processing file /home/airflow/.local/lib/python3.12/site-packages/airflow/example_dags/example_xcom.py for tasks to queue
[2026-05-07T21:26:56.657+0000] {logging_mixin.py:188} INFO - [2026-05-07T21:26:56.657+0000] {dagbag.py:545} INFO - Filling up the DagBag from /home/airflow/.local/lib/python3.12/site-packages/airflow/example_dags/example_xcom.py
[2026-05-07T21:26:56.663+0000] {processor.py:840} INFO - DAG(s) 'example_xcom' retrieved from /home/airflow/.local/lib/python3.12/site-packages/airflow/example_dags/example_xcom.py
[2026-05-07T21:26:56.683+0000] {logging_mixin.py:188} INFO - [2026-05-07T21:26:56.683+0000] {dag.py:3096} INFO - Sync 1 DAGs
[2026-05-07T21:26:56.700+0000] {logging_mixin.py:188} INFO - [2026-05-07T21:26:56.699+0000] {dag.py:3954} INFO - Setting next_dagrun for example_xcom to 2021-01-01 00:00:00+00:00, run_after=2021-01-01 00:00:00+00:00
[2026-05-07T21:26:56.715+0000] {processor.py:183} INFO - Processing /home/airflow/.local/lib/python3.12/site-packages/airflow/example_dags/example_xcom.py took 0.067 seconds
[2026-05-07T21:27:27.575+0000] {processor.py:161} INFO - Started process (PID=8126) to work on /home/airflow/.local/lib/python3.12/site-packages/airflow/example_dags/example_xcom.py
[2026-05-07T21:27:27.576+0000] {processor.py:830} INFO - Processing file /home/airflow/.local/lib/python3.12/site-packages/airflow/example_dags/example_xcom.py for tasks to queue
[2026-05-07T21:27:27.578+0000] {logging_mixin.py:188} INFO - [2026-05-07T21:27:27.578+0000] {dagbag.py:545} INFO - Filling up the DagBag from /home/airflow/.local/lib/python3.12/site-packages/airflow/example_dags/example_xcom.py
[2026-05-07T21:27:27.585+0000] {processor.py:840} INFO - DAG(s) 'example_xcom' retrieved from /home/airflow/.local/lib/python3.12/site-packages/airflow/example_dags/example_xcom.py
[2026-05-07T21:27:27.607+0000] {logging_mixin.py:188} INFO - [2026-05-07T21:27:27.607+0000] {dag.py:3096} INFO - Sync 1 DAGs
[2026-05-07T21:27:27.626+0000] {logging_mixin.py:188} INFO - [2026-05-07T21:27:27.626+0000] {dag.py:3954} INFO - Setting next_dagrun for example_xcom to 2021-01-01 00:00:00+00:00, run_after=2021-01-01 00:00:00+00:00
[2026-05-07T21:27:27.647+0000] {processor.py:183} INFO - Processing /home/airflow/.local/lib/python3.12/site-packages/airflow/example_dags/example_xcom.py took 0.078 seconds
[2026-05-07T21:27:58.445+0000] {processor.py:161} INFO - Started process (PID=8185) to work on /home/airflow/.local/lib/python3.12/site-packages/airflow/example_dags/example_xcom.py
[2026-05-07T21:27:58.446+0000] {processor.py:830} INFO - Processing file /home/airflow/.local/lib/python3.12/site-packages/airflow/example_dags/example_xcom.py for tasks to queue
[2026-05-07T21:27:58.449+0000] {logging_mixin.py:188} INFO - [2026-05-07T21:27:58.448+0000] {dagbag.py:545} INFO - Filling up the DagBag from /home/airflow/.local/lib/python3.12/site-packages/airflow/example_dags/example_xcom.py
[2026-05-07T21:27:58.457+0000] {processor.py:840} INFO - DAG(s) 'example_xcom' retrieved from /home/airflow/.local/lib/python3.12/site-packages/airflow/example_dags/example_xcom.py
[2026-05-07T21:27:58.480+0000] {logging_mixin.py:188} INFO - [2026-05-07T21:27:58.479+0000] {dag.py:3096} INFO - Sync 1 DAGs
[2026-05-07T21:27:58.499+0000] {logging_mixin.py:188} INFO - [2026-05-07T21:27:58.499+0000] {dag.py:3954} INFO - Setting next_dagrun for example_xcom to 2021-01-01 00:00:00+00:00, run_after=2021-01-01 00:00:00+00:00
[2026-05-07T21:27:58.519+0000] {processor.py:183} INFO - Processing /home/airflow/.local/lib/python3.12/site-packages/airflow/example_dags/example_xcom.py took 0.080 seconds
[2026-05-07T21:28:28.620+0000] {processor.py:161} INFO - Started process (PID=8243) to work on /home/airflow/.local/lib/python3.12/site-packages/airflow/example_dags/example_xcom.py
[2026-05-07T21:28:28.621+0000] {processor.py:830} INFO - Processing file /home/airflow/.local/lib/python3.12/site-packages/airflow/example_dags/example_xcom.py for tasks to queue
[2026-05-07T21:28:28.624+0000] {logging_mixin.py:188} INFO - [2026-05-07T21:28:28.623+0000] {dagbag.py:545} INFO - Filling up the DagBag from /home/airflow/.local/lib/python3.12/site-packages/airflow/example_dags/example_xcom.py
[2026-05-07T21:28:28.631+0000] {processor.py:840} INFO - DAG(s) 'example_xcom' retrieved from /home/airflow/.local/lib/python3.12/site-packages/airflow/example_dags/example_xcom.py
[2026-05-07T21:28:28.655+0000] {logging_mixin.py:188} INFO - [2026-05-07T21:28:28.654+0000] {dag.py:3096} INFO - Sync 1 DAGs
[2026-05-07T21:28:28.677+0000] {logging_mixin.py:188} INFO - [2026-05-07T21:28:28.677+0000] {dag.py:3954} INFO - Setting next_dagrun for example_xcom to 2021-01-01 00:00:00+00:00, run_after=2021-01-01 00:00:00+00:00
[2026-05-07T21:28:28.697+0000] {processor.py:183} INFO - Processing /home/airflow/.local/lib/python3.12/site-packages/airflow/example_dags/example_xcom.py took 0.083 seconds
[2026-05-07T21:28:58.820+0000] {processor.py:161} INFO - Started process (PID=8301) to work on /home/airflow/.local/lib/python3.12/site-packages/airflow/example_dags/example_xcom.py
[2026-05-07T21:28:58.822+0000] {processor.py:830} INFO - Processing file /home/airflow/.local/lib/python3.12/site-packages/airflow/example_dags/example_xcom.py for tasks to queue
[2026-05-07T21:28:58.823+0000] {logging_mixin.py:188} INFO - [2026-05-07T21:28:58.823+0000] {dagbag.py:545} INFO - Filling up the DagBag from /home/airflow/.local/lib/python3.12/site-packages/airflow/example_dags/example_xcom.py
[2026-05-07T21:28:58.830+0000] {processor.py:840} INFO - DAG(s) 'example_xcom' retrieved from /home/airflow/.local/lib/python3.12/site-packages/airflow/example_dags/example_xcom.py
[2026-05-07T21:28:58.850+0000] {logging_mixin.py:188} INFO - [2026-05-07T21:28:58.849+0000] {dag.py:3096} INFO - Sync 1 DAGs
[2026-05-07T21:28:58.867+0000] {logging_mixin.py:188} INFO - [2026-05-07T21:28:58.867+0000] {dag.py:3954} INFO - Setting next_dagrun for example_xcom to 2021-01-01 00:00:00+00:00, run_after=2021-01-01 00:00:00+00:00
[2026-05-07T21:28:58.887+0000] {processor.py:183} INFO - Processing /home/airflow/.local/lib/python3.12/site-packages/airflow/example_dags/example_xcom.py took 0.072 seconds
[2026-05-07T21:29:29.088+0000] {processor.py:161} INFO - Started process (PID=8359) to work on /home/airflow/.local/lib/python3.12/site-packages/airflow/example_dags/example_xcom.py
[2026-05-07T21:29:29.090+0000] {processor.py:830} INFO - Processing file /home/airflow/.local/lib/python3.12/site-packages/airflow/example_dags/example_xcom.py for tasks to queue
[2026-05-07T21:29:29.093+0000] {logging_mixin.py:188} INFO - [2026-05-07T21:29:29.092+0000] {dagbag.py:545} INFO - Filling up the DagBag from /home/airflow/.local/lib/python3.12/site-packages/airflow/example_dags/example_xcom.py
[2026-05-07T21:29:29.100+0000] {processor.py:840} INFO - DAG(s) 'example_xcom' retrieved from /home/airflow/.local/lib/python3.12/site-packages/airflow/example_dags/example_xcom.py
[2026-05-07T21:29:29.121+0000] {logging_mixin.py:188} INFO - [2026-05-07T21:29:29.121+0000] {dag.py:3096} INFO - Sync 1 DAGs
[2026-05-07T21:29:29.145+0000] {logging_mixin.py:188} INFO - [2026-05-07T21:29:29.144+0000] {dag.py:3954} INFO - Setting next_dagrun for example_xcom to 2021-01-01 00:00:00+00:00, run_after=2021-01-01 00:00:00+00:00
[2026-05-07T21:29:29.165+0000] {processor.py:183} INFO - Processing /home/airflow/.local/lib/python3.12/site-packages/airflow/example_dags/example_xcom.py took 0.083 seconds
[2026-05-07T21:29:59.364+0000] {processor.py:161} INFO - Started process (PID=8417) to work on /home/airflow/.local/lib/python3.12/site-packages/airflow/example_dags/example_xcom.py
[2026-05-07T21:29:59.365+0000] {processor.py:830} INFO - Processing file /home/airflow/.local/lib/python3.12/site-packages/airflow/example_dags/example_xcom.py for tasks to queue
[2026-05-07T21:29:59.367+0000] {logging_mixin.py:188} INFO - [2026-05-07T21:29:59.367+0000] {dagbag.py:545} INFO - Filling up the DagBag from /home/airflow/.local/lib/python3.12/site-packages/airflow/example_dags/example_xcom.py
[2026-05-07T21:29:59.374+0000] {processor.py:840} INFO - DAG(s) 'example_xcom' retrieved from /home/airflow/.local/lib/python3.12/site-packages/airflow/example_dags/example_xcom.py
[2026-05-07T21:29:59.396+0000] {logging_mixin.py:188} INFO - [2026-05-07T21:29:59.396+0000] {dag.py:3096} INFO - Sync 1 DAGs
[2026-05-07T21:29:59.419+0000] {logging_mixin.py:188} INFO - [2026-05-07T21:29:59.419+0000] {dag.py:3954} INFO - Setting next_dagrun for example_xcom to 2021-01-01 00:00:00+00:00, run_after=2021-01-01 00:00:00+00:00
[2026-05-07T21:29:59.439+0000] {processor.py:183} INFO - Processing /home/airflow/.local/lib/python3.12/site-packages/airflow/example_dags/example_xcom.py took 0.081 seconds
[2026-05-07T21:30:29.782+0000] {processor.py:161} INFO - Started process (PID=8475) to work on /home/airflow/.local/lib/python3.12/site-packages/airflow/example_dags/example_xcom.py
[2026-05-07T21:30:29.783+0000] {processor.py:830} INFO - Processing file /home/airflow/.local/lib/python3.12/site-packages/airflow/example_dags/example_xcom.py for tasks to queue
[2026-05-07T21:30:29.785+0000] {logging_mixin.py:188} INFO - [2026-05-07T21:30:29.785+0000] {dagbag.py:545} INFO - Filling up the DagBag from /home/airflow/.local/lib/python3.12/site-packages/airflow/example_dags/example_xcom.py
[2026-05-07T21:30:29.792+0000] {processor.py:840} INFO - DAG(s) 'example_xcom' retrieved from /home/airflow/.local/lib/python3.12/site-packages/airflow/example_dags/example_xcom.py
[2026-05-07T21:30:29.812+0000] {logging_mixin.py:188} INFO - [2026-05-07T21:30:29.812+0000] {dag.py:3096} INFO - Sync 1 DAGs
[2026-05-07T21:30:29.832+0000] {logging_mixin.py:188} INFO - [2026-05-07T21:30:29.831+0000] {dag.py:3954} INFO - Setting next_dagrun for example_xcom to 2021-01-01 00:00:00+00:00, run_after=2021-01-01 00:00:00+00:00
[2026-05-07T21:30:29.853+0000] {processor.py:183} INFO - Processing /home/airflow/.local/lib/python3.12/site-packages/airflow/example_dags/example_xcom.py took 0.076 seconds
[2026-05-07T21:31:00.747+0000] {processor.py:161} INFO - Started process (PID=8533) to work on /home/airflow/.local/lib/python3.12/site-packages/airflow/example_dags/example_xcom.py
[2026-05-07T21:31:00.748+0000] {processor.py:830} INFO - Processing file /home/airflow/.local/lib/python3.12/site-packages/airflow/example_dags/example_xcom.py for tasks to queue
[2026-05-07T21:31:00.750+0000] {logging_mixin.py:188} INFO - [2026-05-07T21:31:00.750+0000] {dagbag.py:545} INFO - Filling up the DagBag from /home/airflow/.local/lib/python3.12/site-packages/airflow/example_dags/example_xcom.py
[2026-05-07T21:31:00.757+0000] {processor.py:840} INFO - DAG(s) 'example_xcom' retrieved from /home/airflow/.local/lib/python3.12/site-packages/airflow/example_dags/example_xcom.py
[2026-05-07T21:31:00.778+0000] {logging_mixin.py:188} INFO - [2026-05-07T21:31:00.778+0000] {dag.py:3096} INFO - Sync 1 DAGs
[2026-05-07T21:31:00.799+0000] {logging_mixin.py:188} INFO - [2026-05-07T21:31:00.799+0000] {dag.py:3954} INFO - Setting next_dagrun for example_xcom to 2021-01-01 00:00:00+00:00, run_after=2021-01-01 00:00:00+00:00
[2026-05-07T21:31:00.822+0000] {processor.py:183} INFO - Processing /home/airflow/.local/lib/python3.12/site-packages/airflow/example_dags/example_xcom.py took 0.080 seconds
[2026-05-07T21:31:30.889+0000] {processor.py:161} INFO - Started process (PID=8591) to work on /home/airflow/.local/lib/python3.12/site-packages/airflow/example_dags/example_xcom.py
[2026-05-07T21:31:30.890+0000] {processor.py:830} INFO - Processing file /home/airflow/.local/lib/python3.12/site-packages/airflow/example_dags/example_xcom.py for tasks to queue
[2026-05-07T21:31:30.892+0000] {logging_mixin.py:188} INFO - [2026-05-07T21:31:30.892+0000] {dagbag.py:545} INFO - Filling up the DagBag from /home/airflow/.local/lib/python3.12/site-packages/airflow/example_dags/example_xcom.py
[2026-05-07T21:31:30.900+0000] {processor.py:840} INFO - DAG(s) 'example_xcom' retrieved from /home/airflow/.local/lib/python3.12/site-packages/airflow/example_dags/example_xcom.py
[2026-05-07T21:31:30.919+0000] {logging_mixin.py:188} INFO - [2026-05-07T21:31:30.919+0000] {dag.py:3096} INFO - Sync 1 DAGs
[2026-05-07T21:31:30.937+0000] {logging_mixin.py:188} INFO - [2026-05-07T21:31:30.937+0000] {dag.py:3954} INFO - Setting next_dagrun for example_xcom to 2021-01-01 00:00:00+00:00, run_after=2021-01-01 00:00:00+00:00
[2026-05-07T21:31:30.955+0000] {processor.py:183} INFO - Processing /home/airflow/.local/lib/python3.12/site-packages/airflow/example_dags/example_xcom.py took 0.073 seconds
[2026-05-07T21:32:01.336+0000] {processor.py:161} INFO - Started process (PID=8649) to work on /home/airflow/.local/lib/python3.12/site-packages/airflow/example_dags/example_xcom.py
[2026-05-07T21:32:01.337+0000] {processor.py:830} INFO - Processing file /home/airflow/.local/lib/python3.12/site-packages/airflow/example_dags/example_xcom.py for tasks to queue
[2026-05-07T21:32:01.339+0000] {logging_mixin.py:188} INFO - [2026-05-07T21:32:01.339+0000] {dagbag.py:545} INFO - Filling up the DagBag from /home/airflow/.local/lib/python3.12/site-packages/airflow/example_dags/example_xcom.py
[2026-05-07T21:32:01.346+0000] {processor.py:840} INFO - DAG(s) 'example_xcom' retrieved from /home/airflow/.local/lib/python3.12/site-packages/airflow/example_dags/example_xcom.py
[2026-05-07T21:32:01.369+0000] {logging_mixin.py:188} INFO - [2026-05-07T21:32:01.369+0000] {dag.py:3096} INFO - Sync 1 DAGs
[2026-05-07T21:32:01.391+0000] {logging_mixin.py:188} INFO - [2026-05-07T21:32:01.391+0000] {dag.py:3954} INFO - Setting next_dagrun for example_xcom to 2021-01-01 00:00:00+00:00, run_after=2021-01-01 00:00:00+00:00
[2026-05-07T21:32:01.417+0000] {processor.py:183} INFO - Processing /home/airflow/.local/lib/python3.12/site-packages/airflow/example_dags/example_xcom.py took 0.087 seconds
[2026-05-07T21:32:31.517+0000] {processor.py:161} INFO - Started process (PID=8707) to work on /home/airflow/.local/lib/python3.12/site-packages/airflow/example_dags/example_xcom.py
[2026-05-07T21:32:31.519+0000] {processor.py:830} INFO - Processing file /home/airflow/.local/lib/python3.12/site-packages/airflow/example_dags/example_xcom.py for tasks to queue
[2026-05-07T21:32:31.521+0000] {logging_mixin.py:188} INFO - [2026-05-07T21:32:31.521+0000] {dagbag.py:545} INFO - Filling up the DagBag from /home/airflow/.local/lib/python3.12/site-packages/airflow/example_dags/example_xcom.py
[2026-05-07T21:32:31.529+0000] {processor.py:840} INFO - DAG(s) 'example_xcom' retrieved from /home/airflow/.local/lib/python3.12/site-packages/airflow/example_dags/example_xcom.py
[2026-05-07T21:32:31.555+0000] {logging_mixin.py:188} INFO - [2026-05-07T21:32:31.555+0000] {dag.py:3096} INFO - Sync 1 DAGs
[2026-05-07T21:32:31.575+0000] {logging_mixin.py:188} INFO - [2026-05-07T21:32:31.575+0000] {dag.py:3954} INFO - Setting next_dagrun for example_xcom to 2021-01-01 00:00:00+00:00, run_after=2021-01-01 00:00:00+00:00
[2026-05-07T21:32:31.596+0000] {processor.py:183} INFO - Processing /home/airflow/.local/lib/python3.12/site-packages/airflow/example_dags/example_xcom.py took 0.086 seconds
[2026-05-07T21:33:01.755+0000] {processor.py:161} INFO - Started process (PID=8765) to work on /home/airflow/.local/lib/python3.12/site-packages/airflow/example_dags/example_xcom.py
[2026-05-07T21:33:01.756+0000] {processor.py:830} INFO - Processing file /home/airflow/.local/lib/python3.12/site-packages/airflow/example_dags/example_xcom.py for tasks to queue
[2026-05-07T21:33:01.758+0000] {logging_mixin.py:188} INFO - [2026-05-07T21:33:01.758+0000] {dagbag.py:545} INFO - Filling up the DagBag from /home/airflow/.local/lib/python3.12/site-packages/airflow/example_dags/example_xcom.py
[2026-05-07T21:33:01.766+0000] {processor.py:840} INFO - DAG(s) 'example_xcom' retrieved from /home/airflow/.local/lib/python3.12/site-packages/airflow/example_dags/example_xcom.py
[2026-05-07T21:33:01.785+0000] {logging_mixin.py:188} INFO - [2026-05-07T21:33:01.785+0000] {dag.py:3096} INFO - Sync 1 DAGs
[2026-05-07T21:33:01.804+0000] {logging_mixin.py:188} INFO - [2026-05-07T21:33:01.803+0000] {dag.py:3954} INFO - Setting next_dagrun for example_xcom to 2021-01-01 00:00:00+00:00, run_after=2021-01-01 00:00:00+00:00
[2026-05-07T21:33:01.825+0000] {processor.py:183} INFO - Processing /home/airflow/.local/lib/python3.12/site-packages/airflow/example_dags/example_xcom.py took 0.077 seconds
[2026-05-07T21:33:32.035+0000] {processor.py:161} INFO - Started process (PID=8823) to work on /home/airflow/.local/lib/python3.12/site-packages/airflow/example_dags/example_xcom.py
[2026-05-07T21:33:32.036+0000] {processor.py:830} INFO - Processing file /home/airflow/.local/lib/python3.12/site-packages/airflow/example_dags/example_xcom.py for tasks to queue
[2026-05-07T21:33:32.038+0000] {logging_mixin.py:188} INFO - [2026-05-07T21:33:32.037+0000] {dagbag.py:545} INFO - Filling up the DagBag from /home/airflow/.local/lib/python3.12/site-packages/airflow/example_dags/example_xcom.py
[2026-05-07T21:33:32.044+0000] {processor.py:840} INFO - DAG(s) 'example_xcom' retrieved from /home/airflow/.local/lib/python3.12/site-packages/airflow/example_dags/example_xcom.py
[2026-05-07T21:33:32.066+0000] {logging_mixin.py:188} INFO - [2026-05-07T21:33:32.066+0000] {dag.py:3096} INFO - Sync 1 DAGs
[2026-05-07T21:33:32.086+0000] {logging_mixin.py:188} INFO - [2026-05-07T21:33:32.086+0000] {dag.py:3954} INFO - Setting next_dagrun for example_xcom to 2021-01-01 00:00:00+00:00, run_after=2021-01-01 00:00:00+00:00
[2026-05-07T21:33:32.106+0000] {processor.py:183} INFO - Processing /home/airflow/.local/lib/python3.12/site-packages/airflow/example_dags/example_xcom.py took 0.076 seconds
[2026-05-07T21:34:02.361+0000] {processor.py:161} INFO - Started process (PID=8881) to work on /home/airflow/.local/lib/python3.12/site-packages/airflow/example_dags/example_xcom.py
[2026-05-07T21:34:02.363+0000] {processor.py:830} INFO - Processing file /home/airflow/.local/lib/python3.12/site-packages/airflow/example_dags/example_xcom.py for tasks to queue
[2026-05-07T21:34:02.366+0000] {logging_mixin.py:188} INFO - [2026-05-07T21:34:02.365+0000] {dagbag.py:545} INFO - Filling up the DagBag from /home/airflow/.local/lib/python3.12/site-packages/airflow/example_dags/example_xcom.py
[2026-05-07T21:34:02.377+0000] {processor.py:840} INFO - DAG(s) 'example_xcom' retrieved from /home/airflow/.local/lib/python3.12/site-packages/airflow/example_dags/example_xcom.py
[2026-05-07T21:34:02.406+0000] {logging_mixin.py:188} INFO - [2026-05-07T21:34:02.406+0000] {dag.py:3096} INFO - Sync 1 DAGs
[2026-05-07T21:34:02.440+0000] {logging_mixin.py:188} INFO - [2026-05-07T21:34:02.440+0000] {dag.py:3954} INFO - Setting next_dagrun for example_xcom to 2021-01-01 00:00:00+00:00, run_after=2021-01-01 00:00:00+00:00
[2026-05-07T21:34:02.485+0000] {processor.py:183} INFO - Processing /home/airflow/.local/lib/python3.12/site-packages/airflow/example_dags/example_xcom.py took 0.131 seconds
[2026-05-07T21:34:32.864+0000] {processor.py:161} INFO - Started process (PID=8939) to work on /home/airflow/.local/lib/python3.12/site-packages/airflow/example_dags/example_xcom.py
[2026-05-07T21:34:32.865+0000] {processor.py:830} INFO - Processing file /home/airflow/.local/lib/python3.12/site-packages/airflow/example_dags/example_xcom.py for tasks to queue
[2026-05-07T21:34:32.868+0000] {logging_mixin.py:188} INFO - [2026-05-07T21:34:32.867+0000] {dagbag.py:545} INFO - Filling up the DagBag from /home/airflow/.local/lib/python3.12/site-packages/airflow/example_dags/example_xcom.py
[2026-05-07T21:34:32.875+0000] {processor.py:840} INFO - DAG(s) 'example_xcom' retrieved from /home/airflow/.local/lib/python3.12/site-packages/airflow/example_dags/example_xcom.py
[2026-05-07T21:34:32.895+0000] {logging_mixin.py:188} INFO - [2026-05-07T21:34:32.895+0000] {dag.py:3096} INFO - Sync 1 DAGs
[2026-05-07T21:34:32.917+0000] {logging_mixin.py:188} INFO - [2026-05-07T21:34:32.916+0000] {dag.py:3954} INFO - Setting next_dagrun for example_xcom to 2021-01-01 00:00:00+00:00, run_after=2021-01-01 00:00:00+00:00
[2026-05-07T21:34:32.937+0000] {processor.py:183} INFO - Processing /home/airflow/.local/lib/python3.12/site-packages/airflow/example_dags/example_xcom.py took 0.079 seconds
[2026-05-07T21:35:03.179+0000] {processor.py:161} INFO - Started process (PID=8997) to work on /home/airflow/.local/lib/python3.12/site-packages/airflow/example_dags/example_xcom.py
[2026-05-07T21:35:03.180+0000] {processor.py:830} INFO - Processing file /home/airflow/.local/lib/python3.12/site-packages/airflow/example_dags/example_xcom.py for tasks to queue
[2026-05-07T21:35:03.183+0000] {logging_mixin.py:188} INFO - [2026-05-07T21:35:03.182+0000] {dagbag.py:545} INFO - Filling up the DagBag from /home/airflow/.local/lib/python3.12/site-packages/airflow/example_dags/example_xcom.py
[2026-05-07T21:35:03.190+0000] {processor.py:840} INFO - DAG(s) 'example_xcom' retrieved from /home/airflow/.local/lib/python3.12/site-packages/airflow/example_dags/example_xcom.py
[2026-05-07T21:35:03.211+0000] {logging_mixin.py:188} INFO - [2026-05-07T21:35:03.211+0000] {dag.py:3096} INFO - Sync 1 DAGs
[2026-05-07T21:35:03.234+0000] {logging_mixin.py:188} INFO - [2026-05-07T21:35:03.234+0000] {dag.py:3954} INFO - Setting next_dagrun for example_xcom to 2021-01-01 00:00:00+00:00, run_after=2021-01-01 00:00:00+00:00
[2026-05-07T21:35:03.254+0000] {processor.py:183} INFO - Processing /home/airflow/.local/lib/python3.12/site-packages/airflow/example_dags/example_xcom.py took 0.081 seconds
[2026-05-07T21:35:33.960+0000] {processor.py:161} INFO - Started process (PID=9053) to work on /home/airflow/.local/lib/python3.12/site-packages/airflow/example_dags/example_xcom.py
[2026-05-07T21:35:33.962+0000] {processor.py:830} INFO - Processing file /home/airflow/.local/lib/python3.12/site-packages/airflow/example_dags/example_xcom.py for tasks to queue
[2026-05-07T21:35:33.964+0000] {logging_mixin.py:188} INFO - [2026-05-07T21:35:33.964+0000] {dagbag.py:545} INFO - Filling up the DagBag from /home/airflow/.local/lib/python3.12/site-packages/airflow/example_dags/example_xcom.py
[2026-05-07T21:35:33.971+0000] {processor.py:840} INFO - DAG(s) 'example_xcom' retrieved from /home/airflow/.local/lib/python3.12/site-packages/airflow/example_dags/example_xcom.py
[2026-05-07T21:35:33.994+0000] {logging_mixin.py:188} INFO - [2026-05-07T21:35:33.994+0000] {dag.py:3096} INFO - Sync 1 DAGs
[2026-05-07T21:35:34.018+0000] {logging_mixin.py:188} INFO - [2026-05-07T21:35:34.018+0000] {dag.py:3954} INFO - Setting next_dagrun for example_xcom to 2021-01-01 00:00:00+00:00, run_after=2021-01-01 00:00:00+00:00
[2026-05-07T21:35:34.037+0000] {processor.py:183} INFO - Processing /home/airflow/.local/lib/python3.12/site-packages/airflow/example_dags/example_xcom.py took 0.082 seconds
[2026-05-07T21:36:04.581+0000] {processor.py:161} INFO - Started process (PID=9111) to work on /home/airflow/.local/lib/python3.12/site-packages/airflow/example_dags/example_xcom.py
[2026-05-07T21:36:04.582+0000] {processor.py:830} INFO - Processing file /home/airflow/.local/lib/python3.12/site-packages/airflow/example_dags/example_xcom.py for tasks to queue
[2026-05-07T21:36:04.585+0000] {logging_mixin.py:188} INFO - [2026-05-07T21:36:04.584+0000] {dagbag.py:545} INFO - Filling up the DagBag from /home/airflow/.local/lib/python3.12/site-packages/airflow/example_dags/example_xcom.py
[2026-05-07T21:36:04.600+0000] {processor.py:840} INFO - DAG(s) 'example_xcom' retrieved from /home/airflow/.local/lib/python3.12/site-packages/airflow/example_dags/example_xcom.py
[2026-05-07T21:36:04.642+0000] {logging_mixin.py:188} INFO - [2026-05-07T21:36:04.642+0000] {dag.py:3096} INFO - Sync 1 DAGs
[2026-05-07T21:36:04.664+0000] {logging_mixin.py:188} INFO - [2026-05-07T21:36:04.664+0000] {dag.py:3954} INFO - Setting next_dagrun for example_xcom to 2021-01-01 00:00:00+00:00, run_after=2021-01-01 00:00:00+00:00
[2026-05-07T21:36:04.689+0000] {processor.py:183} INFO - Processing /home/airflow/.local/lib/python3.12/site-packages/airflow/example_dags/example_xcom.py took 0.113 seconds
[2026-05-07T21:36:35.426+0000] {processor.py:161} INFO - Started process (PID=9169) to work on /home/airflow/.local/lib/python3.12/site-packages/airflow/example_dags/example_xcom.py
[2026-05-07T21:36:35.428+0000] {processor.py:830} INFO - Processing file /home/airflow/.local/lib/python3.12/site-packages/airflow/example_dags/example_xcom.py for tasks to queue
[2026-05-07T21:36:35.430+0000] {logging_mixin.py:188} INFO - [2026-05-07T21:36:35.429+0000] {dagbag.py:545} INFO - Filling up the DagBag from /home/airflow/.local/lib/python3.12/site-packages/airflow/example_dags/example_xcom.py
[2026-05-07T21:36:35.437+0000] {processor.py:840} INFO - DAG(s) 'example_xcom' retrieved from /home/airflow/.local/lib/python3.12/site-packages/airflow/example_dags/example_xcom.py
[2026-05-07T21:36:35.461+0000] {logging_mixin.py:188} INFO - [2026-05-07T21:36:35.461+0000] {dag.py:3096} INFO - Sync 1 DAGs
[2026-05-07T21:36:35.483+0000] {logging_mixin.py:188} INFO - [2026-05-07T21:36:35.483+0000] {dag.py:3954} INFO - Setting next_dagrun for example_xcom to 2021-01-01 00:00:00+00:00, run_after=2021-01-01 00:00:00+00:00
[2026-05-07T21:36:35.504+0000] {processor.py:183} INFO - Processing /home/airflow/.local/lib/python3.12/site-packages/airflow/example_dags/example_xcom.py took 0.084 seconds
[2026-05-07T21:37:06.298+0000] {processor.py:161} INFO - Started process (PID=9227) to work on /home/airflow/.local/lib/python3.12/site-packages/airflow/example_dags/example_xcom.py
[2026-05-07T21:37:06.299+0000] {processor.py:830} INFO - Processing file /home/airflow/.local/lib/python3.12/site-packages/airflow/example_dags/example_xcom.py for tasks to queue
[2026-05-07T21:37:06.302+0000] {logging_mixin.py:188} INFO - [2026-05-07T21:37:06.302+0000] {dagbag.py:545} INFO - Filling up the DagBag from /home/airflow/.local/lib/python3.12/site-packages/airflow/example_dags/example_xcom.py
[2026-05-07T21:37:06.310+0000] {processor.py:840} INFO - DAG(s) 'example_xcom' retrieved from /home/airflow/.local/lib/python3.12/site-packages/airflow/example_dags/example_xcom.py
[2026-05-07T21:37:06.335+0000] {logging_mixin.py:188} INFO - [2026-05-07T21:37:06.335+0000] {dag.py:3096} INFO - Sync 1 DAGs
[2026-05-07T21:37:06.363+0000] {logging_mixin.py:188} INFO - [2026-05-07T21:37:06.362+0000] {dag.py:3954} INFO - Setting next_dagrun for example_xcom to 2021-01-01 00:00:00+00:00, run_after=2021-01-01 00:00:00+00:00
[2026-05-07T21:37:06.387+0000] {processor.py:183} INFO - Processing /home/airflow/.local/lib/python3.12/site-packages/airflow/example_dags/example_xcom.py took 0.097 seconds
[2026-05-07T21:37:37.086+0000] {processor.py:161} INFO - Started process (PID=9285) to work on /home/airflow/.local/lib/python3.12/site-packages/airflow/example_dags/example_xcom.py
[2026-05-07T21:37:37.087+0000] {processor.py:830} INFO - Processing file /home/airflow/.local/lib/python3.12/site-packages/airflow/example_dags/example_xcom.py for tasks to queue
[2026-05-07T21:37:37.089+0000] {logging_mixin.py:188} INFO - [2026-05-07T21:37:37.089+0000] {dagbag.py:545} INFO - Filling up the DagBag from /home/airflow/.local/lib/python3.12/site-packages/airflow/example_dags/example_xcom.py
[2026-05-07T21:37:37.097+0000] {processor.py:840} INFO - DAG(s) 'example_xcom' retrieved from /home/airflow/.local/lib/python3.12/site-packages/airflow/example_dags/example_xcom.py
[2026-05-07T21:37:37.117+0000] {logging_mixin.py:188} INFO - [2026-05-07T21:37:37.117+0000] {dag.py:3096} INFO - Sync 1 DAGs
[2026-05-07T21:37:37.135+0000] {logging_mixin.py:188} INFO - [2026-05-07T21:37:37.135+0000] {dag.py:3954} INFO - Setting next_dagrun for example_xcom to 2021-01-01 00:00:00+00:00, run_after=2021-01-01 00:00:00+00:00
[2026-05-07T21:37:37.158+0000] {processor.py:183} INFO - Processing /home/airflow/.local/lib/python3.12/site-packages/airflow/example_dags/example_xcom.py took 0.078 seconds
[2026-05-07T21:38:07.909+0000] {processor.py:161} INFO - Started process (PID=9343) to work on /home/airflow/.local/lib/python3.12/site-packages/airflow/example_dags/example_xcom.py
[2026-05-07T21:38:07.910+0000] {processor.py:830} INFO - Processing file /home/airflow/.local/lib/python3.12/site-packages/airflow/example_dags/example_xcom.py for tasks to queue
[2026-05-07T21:38:07.913+0000] {logging_mixin.py:188} INFO - [2026-05-07T21:38:07.913+0000] {dagbag.py:545} INFO - Filling up the DagBag from /home/airflow/.local/lib/python3.12/site-packages/airflow/example_dags/example_xcom.py
[2026-05-07T21:38:07.921+0000] {processor.py:840} INFO - DAG(s) 'example_xcom' retrieved from /home/airflow/.local/lib/python3.12/site-packages/airflow/example_dags/example_xcom.py
[2026-05-07T21:38:07.944+0000] {logging_mixin.py:188} INFO - [2026-05-07T21:38:07.943+0000] {dag.py:3096} INFO - Sync 1 DAGs
[2026-05-07T21:38:07.967+0000] {logging_mixin.py:188} INFO - [2026-05-07T21:38:07.966+0000] {dag.py:3954} INFO - Setting next_dagrun for example_xcom to 2021-01-01 00:00:00+00:00, run_after=2021-01-01 00:00:00+00:00
[2026-05-07T21:38:07.987+0000] {processor.py:183} INFO - Processing /home/airflow/.local/lib/python3.12/site-packages/airflow/example_dags/example_xcom.py took 0.083 seconds
[2026-05-07T21:38:38.715+0000] {processor.py:161} INFO - Started process (PID=9401) to work on /home/airflow/.local/lib/python3.12/site-packages/airflow/example_dags/example_xcom.py
[2026-05-07T21:38:38.716+0000] {processor.py:830} INFO - Processing file /home/airflow/.local/lib/python3.12/site-packages/airflow/example_dags/example_xcom.py for tasks to queue
[2026-05-07T21:38:38.718+0000] {logging_mixin.py:188} INFO - [2026-05-07T21:38:38.717+0000] {dagbag.py:545} INFO - Filling up the DagBag from /home/airflow/.local/lib/python3.12/site-packages/airflow/example_dags/example_xcom.py
[2026-05-07T21:38:38.725+0000] {processor.py:840} INFO - DAG(s) 'example_xcom' retrieved from /home/airflow/.local/lib/python3.12/site-packages/airflow/example_dags/example_xcom.py
[2026-05-07T21:38:38.745+0000] {logging_mixin.py:188} INFO - [2026-05-07T21:38:38.745+0000] {dag.py:3096} INFO - Sync 1 DAGs
[2026-05-07T21:38:38.767+0000] {logging_mixin.py:188} INFO - [2026-05-07T21:38:38.766+0000] {dag.py:3954} INFO - Setting next_dagrun for example_xcom to 2021-01-01 00:00:00+00:00, run_after=2021-01-01 00:00:00+00:00
[2026-05-07T21:38:38.784+0000] {processor.py:183} INFO - Processing /home/airflow/.local/lib/python3.12/site-packages/airflow/example_dags/example_xcom.py took 0.075 seconds
[2026-05-07T21:39:09.731+0000] {processor.py:161} INFO - Started process (PID=9459) to work on /home/airflow/.local/lib/python3.12/site-packages/airflow/example_dags/example_xcom.py
[2026-05-07T21:39:09.732+0000] {processor.py:830} INFO - Processing file /home/airflow/.local/lib/python3.12/site-packages/airflow/example_dags/example_xcom.py for tasks to queue
[2026-05-07T21:39:09.734+0000] {logging_mixin.py:188} INFO - [2026-05-07T21:39:09.734+0000] {dagbag.py:545} INFO - Filling up the DagBag from /home/airflow/.local/lib/python3.12/site-packages/airflow/example_dags/example_xcom.py
[2026-05-07T21:39:09.741+0000] {processor.py:840} INFO - DAG(s) 'example_xcom' retrieved from /home/airflow/.local/lib/python3.12/site-packages/airflow/example_dags/example_xcom.py
[2026-05-07T21:39:09.761+0000] {logging_mixin.py:188} INFO - [2026-05-07T21:39:09.761+0000] {dag.py:3096} INFO - Sync 1 DAGs
[2026-05-07T21:39:09.782+0000] {logging_mixin.py:188} INFO - [2026-05-07T21:39:09.781+0000] {dag.py:3954} INFO - Setting next_dagrun for example_xcom to 2021-01-01 00:00:00+00:00, run_after=2021-01-01 00:00:00+00:00
[2026-05-07T21:39:09.803+0000] {processor.py:183} INFO - Processing /home/airflow/.local/lib/python3.12/site-packages/airflow/example_dags/example_xcom.py took 0.077 seconds
[2026-05-07T21:39:40.157+0000] {processor.py:161} INFO - Started process (PID=9517) to work on /home/airflow/.local/lib/python3.12/site-packages/airflow/example_dags/example_xcom.py
[2026-05-07T21:39:40.158+0000] {processor.py:830} INFO - Processing file /home/airflow/.local/lib/python3.12/site-packages/airflow/example_dags/example_xcom.py for tasks to queue
[2026-05-07T21:39:40.161+0000] {logging_mixin.py:188} INFO - [2026-05-07T21:39:40.160+0000] {dagbag.py:545} INFO - Filling up the DagBag from /home/airflow/.local/lib/python3.12/site-packages/airflow/example_dags/example_xcom.py
[2026-05-07T21:39:40.169+0000] {processor.py:840} INFO - DAG(s) 'example_xcom' retrieved from /home/airflow/.local/lib/python3.12/site-packages/airflow/example_dags/example_xcom.py
[2026-05-07T21:39:40.190+0000] {logging_mixin.py:188} INFO - [2026-05-07T21:39:40.190+0000] {dag.py:3096} INFO - Sync 1 DAGs
[2026-05-07T21:39:40.209+0000] {logging_mixin.py:188} INFO - [2026-05-07T21:39:40.209+0000] {dag.py:3954} INFO - Setting next_dagrun for example_xcom to 2021-01-01 00:00:00+00:00, run_after=2021-01-01 00:00:00+00:00
[2026-05-07T21:39:40.229+0000] {processor.py:183} INFO - Processing /home/airflow/.local/lib/python3.12/site-packages/airflow/example_dags/example_xcom.py took 0.078 seconds
[2026-05-07T21:40:10.283+0000] {processor.py:161} INFO - Started process (PID=9575) to work on /home/airflow/.local/lib/python3.12/site-packages/airflow/example_dags/example_xcom.py
[2026-05-07T21:40:10.284+0000] {processor.py:830} INFO - Processing file /home/airflow/.local/lib/python3.12/site-packages/airflow/example_dags/example_xcom.py for tasks to queue
[2026-05-07T21:40:10.286+0000] {logging_mixin.py:188} INFO - [2026-05-07T21:40:10.286+0000] {dagbag.py:545} INFO - Filling up the DagBag from /home/airflow/.local/lib/python3.12/site-packages/airflow/example_dags/example_xcom.py
[2026-05-07T21:40:10.294+0000] {processor.py:840} INFO - DAG(s) 'example_xcom' retrieved from /home/airflow/.local/lib/python3.12/site-packages/airflow/example_dags/example_xcom.py
[2026-05-07T21:40:10.315+0000] {logging_mixin.py:188} INFO - [2026-05-07T21:40:10.315+0000] {dag.py:3096} INFO - Sync 1 DAGs
[2026-05-07T21:40:10.338+0000] {logging_mixin.py:188} INFO - [2026-05-07T21:40:10.338+0000] {dag.py:3954} INFO - Setting next_dagrun for example_xcom to 2021-01-01 00:00:00+00:00, run_after=2021-01-01 00:00:00+00:00
[2026-05-07T21:40:10.359+0000] {processor.py:183} INFO - Processing /home/airflow/.local/lib/python3.12/site-packages/airflow/example_dags/example_xcom.py took 0.082 seconds
[2026-05-07T21:40:40.667+0000] {processor.py:161} INFO - Started process (PID=9633) to work on /home/airflow/.local/lib/python3.12/site-packages/airflow/example_dags/example_xcom.py
[2026-05-07T21:40:40.673+0000] {processor.py:830} INFO - Processing file /home/airflow/.local/lib/python3.12/site-packages/airflow/example_dags/example_xcom.py for tasks to queue
[2026-05-07T21:40:40.676+0000] {logging_mixin.py:188} INFO - [2026-05-07T21:40:40.675+0000] {dagbag.py:545} INFO - Filling up the DagBag from /home/airflow/.local/lib/python3.12/site-packages/airflow/example_dags/example_xcom.py
[2026-05-07T21:40:40.688+0000] {processor.py:840} INFO - DAG(s) 'example_xcom' retrieved from /home/airflow/.local/lib/python3.12/site-packages/airflow/example_dags/example_xcom.py
[2026-05-07T21:40:40.711+0000] {logging_mixin.py:188} INFO - [2026-05-07T21:40:40.711+0000] {dag.py:3096} INFO - Sync 1 DAGs
[2026-05-07T21:40:40.737+0000] {logging_mixin.py:188} INFO - [2026-05-07T21:40:40.737+0000] {dag.py:3954} INFO - Setting next_dagrun for example_xcom to 2021-01-01 00:00:00+00:00, run_after=2021-01-01 00:00:00+00:00
[2026-05-07T21:40:40.765+0000] {processor.py:183} INFO - Processing /home/airflow/.local/lib/python3.12/site-packages/airflow/example_dags/example_xcom.py took 0.103 seconds
[2026-05-07T21:41:10.956+0000] {processor.py:161} INFO - Started process (PID=9691) to work on /home/airflow/.local/lib/python3.12/site-packages/airflow/example_dags/example_xcom.py
[2026-05-07T21:41:10.957+0000] {processor.py:830} INFO - Processing file /home/airflow/.local/lib/python3.12/site-packages/airflow/example_dags/example_xcom.py for tasks to queue
[2026-05-07T21:41:10.959+0000] {logging_mixin.py:188} INFO - [2026-05-07T21:41:10.959+0000] {dagbag.py:545} INFO - Filling up the DagBag from /home/airflow/.local/lib/python3.12/site-packages/airflow/example_dags/example_xcom.py
[2026-05-07T21:41:10.968+0000] {processor.py:840} INFO - DAG(s) 'example_xcom' retrieved from /home/airflow/.local/lib/python3.12/site-packages/airflow/example_dags/example_xcom.py
[2026-05-07T21:41:10.988+0000] {logging_mixin.py:188} INFO - [2026-05-07T21:41:10.988+0000] {dag.py:3096} INFO - Sync 1 DAGs
[2026-05-07T21:41:11.008+0000] {logging_mixin.py:188} INFO - [2026-05-07T21:41:11.008+0000] {dag.py:3954} INFO - Setting next_dagrun for example_xcom to 2021-01-01 00:00:00+00:00, run_after=2021-01-01 00:00:00+00:00
[2026-05-07T21:41:11.029+0000] {processor.py:183} INFO - Processing /home/airflow/.local/lib/python3.12/site-packages/airflow/example_dags/example_xcom.py took 0.078 seconds
[2026-05-07T21:41:41.276+0000] {processor.py:161} INFO - Started process (PID=9749) to work on /home/airflow/.local/lib/python3.12/site-packages/airflow/example_dags/example_xcom.py
[2026-05-07T21:41:41.277+0000] {processor.py:830} INFO - Processing file /home/airflow/.local/lib/python3.12/site-packages/airflow/example_dags/example_xcom.py for tasks to queue
[2026-05-07T21:41:41.280+0000] {logging_mixin.py:188} INFO - [2026-05-07T21:41:41.279+0000] {dagbag.py:545} INFO - Filling up the DagBag from /home/airflow/.local/lib/python3.12/site-packages/airflow/example_dags/example_xcom.py
[2026-05-07T21:41:41.287+0000] {processor.py:840} INFO - DAG(s) 'example_xcom' retrieved from /home/airflow/.local/lib/python3.12/site-packages/airflow/example_dags/example_xcom.py
[2026-05-07T21:41:41.308+0000] {logging_mixin.py:188} INFO - [2026-05-07T21:41:41.308+0000] {dag.py:3096} INFO - Sync 1 DAGs
[2026-05-07T21:41:41.329+0000] {logging_mixin.py:188} INFO - [2026-05-07T21:41:41.329+0000] {dag.py:3954} INFO - Setting next_dagrun for example_xcom to 2021-01-01 00:00:00+00:00, run_after=2021-01-01 00:00:00+00:00
[2026-05-07T21:41:41.350+0000] {processor.py:183} INFO - Processing /home/airflow/.local/lib/python3.12/site-packages/airflow/example_dags/example_xcom.py took 0.080 seconds
[2026-05-07T21:42:11.705+0000] {processor.py:161} INFO - Started process (PID=9807) to work on /home/airflow/.local/lib/python3.12/site-packages/airflow/example_dags/example_xcom.py
[2026-05-07T21:42:11.706+0000] {processor.py:830} INFO - Processing file /home/airflow/.local/lib/python3.12/site-packages/airflow/example_dags/example_xcom.py for tasks to queue
[2026-05-07T21:42:11.708+0000] {logging_mixin.py:188} INFO - [2026-05-07T21:42:11.708+0000] {dagbag.py:545} INFO - Filling up the DagBag from /home/airflow/.local/lib/python3.12/site-packages/airflow/example_dags/example_xcom.py
[2026-05-07T21:42:11.716+0000] {processor.py:840} INFO - DAG(s) 'example_xcom' retrieved from /home/airflow/.local/lib/python3.12/site-packages/airflow/example_dags/example_xcom.py
[2026-05-07T21:42:11.737+0000] {logging_mixin.py:188} INFO - [2026-05-07T21:42:11.737+0000] {dag.py:3096} INFO - Sync 1 DAGs
[2026-05-07T21:42:11.760+0000] {logging_mixin.py:188} INFO - [2026-05-07T21:42:11.760+0000] {dag.py:3954} INFO - Setting next_dagrun for example_xcom to 2021-01-01 00:00:00+00:00, run_after=2021-01-01 00:00:00+00:00
[2026-05-07T21:42:11.784+0000] {processor.py:183} INFO - Processing /home/airflow/.local/lib/python3.12/site-packages/airflow/example_dags/example_xcom.py took 0.084 seconds
[2026-05-07T21:42:42.495+0000] {processor.py:161} INFO - Started process (PID=9865) to work on /home/airflow/.local/lib/python3.12/site-packages/airflow/example_dags/example_xcom.py
[2026-05-07T21:42:42.498+0000] {processor.py:830} INFO - Processing file /home/airflow/.local/lib/python3.12/site-packages/airflow/example_dags/example_xcom.py for tasks to queue
[2026-05-07T21:42:42.502+0000] {logging_mixin.py:188} INFO - [2026-05-07T21:42:42.501+0000] {dagbag.py:545} INFO - Filling up the DagBag from /home/airflow/.local/lib/python3.12/site-packages/airflow/example_dags/example_xcom.py
[2026-05-07T21:42:42.518+0000] {processor.py:840} INFO - DAG(s) 'example_xcom' retrieved from /home/airflow/.local/lib/python3.12/site-packages/airflow/example_dags/example_xcom.py
[2026-05-07T21:42:42.552+0000] {logging_mixin.py:188} INFO - [2026-05-07T21:42:42.552+0000] {dag.py:3096} INFO - Sync 1 DAGs
[2026-05-07T21:42:42.592+0000] {logging_mixin.py:188} INFO - [2026-05-07T21:42:42.592+0000] {dag.py:3954} INFO - Setting next_dagrun for example_xcom to 2021-01-01 00:00:00+00:00, run_after=2021-01-01 00:00:00+00:00
[2026-05-07T21:42:42.630+0000] {processor.py:183} INFO - Processing /home/airflow/.local/lib/python3.12/site-packages/airflow/example_dags/example_xcom.py took 0.143 seconds
[2026-05-07T21:43:13.518+0000] {processor.py:161} INFO - Started process (PID=9923) to work on /home/airflow/.local/lib/python3.12/site-packages/airflow/example_dags/example_xcom.py
[2026-05-07T21:43:13.520+0000] {processor.py:830} INFO - Processing file /home/airflow/.local/lib/python3.12/site-packages/airflow/example_dags/example_xcom.py for tasks to queue
[2026-05-07T21:43:13.523+0000] {logging_mixin.py:188} INFO - [2026-05-07T21:43:13.522+0000] {dagbag.py:545} INFO - Filling up the DagBag from /home/airflow/.local/lib/python3.12/site-packages/airflow/example_dags/example_xcom.py
[2026-05-07T21:43:13.531+0000] {processor.py:840} INFO - DAG(s) 'example_xcom' retrieved from /home/airflow/.local/lib/python3.12/site-packages/airflow/example_dags/example_xcom.py
[2026-05-07T21:43:13.554+0000] {logging_mixin.py:188} INFO - [2026-05-07T21:43:13.554+0000] {dag.py:3096} INFO - Sync 1 DAGs
[2026-05-07T21:43:13.575+0000] {logging_mixin.py:188} INFO - [2026-05-07T21:43:13.575+0000] {dag.py:3954} INFO - Setting next_dagrun for example_xcom to 2021-01-01 00:00:00+00:00, run_after=2021-01-01 00:00:00+00:00
[2026-05-07T21:43:13.594+0000] {processor.py:183} INFO - Processing /home/airflow/.local/lib/python3.12/site-packages/airflow/example_dags/example_xcom.py took 0.081 seconds
[2026-05-07T21:43:44.211+0000] {processor.py:161} INFO - Started process (PID=9981) to work on /home/airflow/.local/lib/python3.12/site-packages/airflow/example_dags/example_xcom.py
[2026-05-07T21:43:44.212+0000] {processor.py:830} INFO - Processing file /home/airflow/.local/lib/python3.12/site-packages/airflow/example_dags/example_xcom.py for tasks to queue
[2026-05-07T21:43:44.214+0000] {logging_mixin.py:188} INFO - [2026-05-07T21:43:44.214+0000] {dagbag.py:545} INFO - Filling up the DagBag from /home/airflow/.local/lib/python3.12/site-packages/airflow/example_dags/example_xcom.py
[2026-05-07T21:43:44.221+0000] {processor.py:840} INFO - DAG(s) 'example_xcom' retrieved from /home/airflow/.local/lib/python3.12/site-packages/airflow/example_dags/example_xcom.py
[2026-05-07T21:43:44.245+0000] {logging_mixin.py:188} INFO - [2026-05-07T21:43:44.244+0000] {dag.py:3096} INFO - Sync 1 DAGs
[2026-05-07T21:43:44.264+0000] {logging_mixin.py:188} INFO - [2026-05-07T21:43:44.264+0000] {dag.py:3954} INFO - Setting next_dagrun for example_xcom to 2021-01-01 00:00:00+00:00, run_after=2021-01-01 00:00:00+00:00
[2026-05-07T21:43:44.285+0000] {processor.py:183} INFO - Processing /home/airflow/.local/lib/python3.12/site-packages/airflow/example_dags/example_xcom.py took 0.080 seconds
[2026-05-07T21:44:14.866+0000] {processor.py:161} INFO - Started process (PID=10039) to work on /home/airflow/.local/lib/python3.12/site-packages/airflow/example_dags/example_xcom.py
[2026-05-07T21:44:14.867+0000] {processor.py:830} INFO - Processing file /home/airflow/.local/lib/python3.12/site-packages/airflow/example_dags/example_xcom.py for tasks to queue
[2026-05-07T21:44:14.869+0000] {logging_mixin.py:188} INFO - [2026-05-07T21:44:14.868+0000] {dagbag.py:545} INFO - Filling up the DagBag from /home/airflow/.local/lib/python3.12/site-packages/airflow/example_dags/example_xcom.py
[2026-05-07T21:44:14.875+0000] {processor.py:840} INFO - DAG(s) 'example_xcom' retrieved from /home/airflow/.local/lib/python3.12/site-packages/airflow/example_dags/example_xcom.py
[2026-05-07T21:44:14.895+0000] {logging_mixin.py:188} INFO - [2026-05-07T21:44:14.895+0000] {dag.py:3096} INFO - Sync 1 DAGs
[2026-05-07T21:44:14.914+0000] {logging_mixin.py:188} INFO - [2026-05-07T21:44:14.914+0000] {dag.py:3954} INFO - Setting next_dagrun for example_xcom to 2021-01-01 00:00:00+00:00, run_after=2021-01-01 00:00:00+00:00
[2026-05-07T21:44:14.934+0000] {processor.py:183} INFO - Processing /home/airflow/.local/lib/python3.12/site-packages/airflow/example_dags/example_xcom.py took 0.073 seconds
[2026-05-07T21:44:45.851+0000] {processor.py:161} INFO - Started process (PID=10097) to work on /home/airflow/.local/lib/python3.12/site-packages/airflow/example_dags/example_xcom.py
[2026-05-07T21:44:45.852+0000] {processor.py:830} INFO - Processing file /home/airflow/.local/lib/python3.12/site-packages/airflow/example_dags/example_xcom.py for tasks to queue
[2026-05-07T21:44:45.855+0000] {logging_mixin.py:188} INFO - [2026-05-07T21:44:45.855+0000] {dagbag.py:545} INFO - Filling up the DagBag from /home/airflow/.local/lib/python3.12/site-packages/airflow/example_dags/example_xcom.py
[2026-05-07T21:44:45.865+0000] {processor.py:840} INFO - DAG(s) 'example_xcom' retrieved from /home/airflow/.local/lib/python3.12/site-packages/airflow/example_dags/example_xcom.py
[2026-05-07T21:44:45.893+0000] {logging_mixin.py:188} INFO - [2026-05-07T21:44:45.893+0000] {dag.py:3096} INFO - Sync 1 DAGs
[2026-05-07T21:44:45.920+0000] {logging_mixin.py:188} INFO - [2026-05-07T21:44:45.920+0000] {dag.py:3954} INFO - Setting next_dagrun for example_xcom to 2021-01-01 00:00:00+00:00, run_after=2021-01-01 00:00:00+00:00
[2026-05-07T21:44:45.945+0000] {processor.py:183} INFO - Processing /home/airflow/.local/lib/python3.12/site-packages/airflow/example_dags/example_xcom.py took 0.100 seconds
[2026-05-07T21:45:16.270+0000] {processor.py:161} INFO - Started process (PID=10155) to work on /home/airflow/.local/lib/python3.12/site-packages/airflow/example_dags/example_xcom.py
[2026-05-07T21:45:16.271+0000] {processor.py:830} INFO - Processing file /home/airflow/.local/lib/python3.12/site-packages/airflow/example_dags/example_xcom.py for tasks to queue
[2026-05-07T21:45:16.274+0000] {logging_mixin.py:188} INFO - [2026-05-07T21:45:16.273+0000] {dagbag.py:545} INFO - Filling up the DagBag from /home/airflow/.local/lib/python3.12/site-packages/airflow/example_dags/example_xcom.py
[2026-05-07T21:45:16.284+0000] {processor.py:840} INFO - DAG(s) 'example_xcom' retrieved from /home/airflow/.local/lib/python3.12/site-packages/airflow/example_dags/example_xcom.py
[2026-05-07T21:45:16.310+0000] {logging_mixin.py:188} INFO - [2026-05-07T21:45:16.309+0000] {dag.py:3096} INFO - Sync 1 DAGs
[2026-05-07T21:45:16.338+0000] {logging_mixin.py:188} INFO - [2026-05-07T21:45:16.338+0000] {dag.py:3954} INFO - Setting next_dagrun for example_xcom to 2021-01-01 00:00:00+00:00, run_after=2021-01-01 00:00:00+00:00
[2026-05-07T21:45:16.371+0000] {processor.py:183} INFO - Processing /home/airflow/.local/lib/python3.12/site-packages/airflow/example_dags/example_xcom.py took 0.109 seconds
[2026-05-07T21:45:47.199+0000] {processor.py:161} INFO - Started process (PID=10219) to work on /home/airflow/.local/lib/python3.12/site-packages/airflow/example_dags/example_xcom.py
[2026-05-07T21:45:47.201+0000] {processor.py:830} INFO - Processing file /home/airflow/.local/lib/python3.12/site-packages/airflow/example_dags/example_xcom.py for tasks to queue
[2026-05-07T21:45:47.203+0000] {logging_mixin.py:188} INFO - [2026-05-07T21:45:47.202+0000] {dagbag.py:545} INFO - Filling up the DagBag from /home/airflow/.local/lib/python3.12/site-packages/airflow/example_dags/example_xcom.py
[2026-05-07T21:45:47.210+0000] {processor.py:840} INFO - DAG(s) 'example_xcom' retrieved from /home/airflow/.local/lib/python3.12/site-packages/airflow/example_dags/example_xcom.py
[2026-05-07T21:45:47.232+0000] {logging_mixin.py:188} INFO - [2026-05-07T21:45:47.231+0000] {dag.py:3096} INFO - Sync 1 DAGs
[2026-05-07T21:45:47.252+0000] {logging_mixin.py:188} INFO - [2026-05-07T21:45:47.252+0000] {dag.py:3954} INFO - Setting next_dagrun for example_xcom to 2021-01-01 00:00:00+00:00, run_after=2021-01-01 00:00:00+00:00
[2026-05-07T21:45:47.275+0000] {processor.py:183} INFO - Processing /home/airflow/.local/lib/python3.12/site-packages/airflow/example_dags/example_xcom.py took 0.081 seconds
[2026-05-07T21:46:17.722+0000] {processor.py:161} INFO - Started process (PID=10277) to work on /home/airflow/.local/lib/python3.12/site-packages/airflow/example_dags/example_xcom.py
[2026-05-07T21:46:17.723+0000] {processor.py:830} INFO - Processing file /home/airflow/.local/lib/python3.12/site-packages/airflow/example_dags/example_xcom.py for tasks to queue
[2026-05-07T21:46:17.725+0000] {logging_mixin.py:188} INFO - [2026-05-07T21:46:17.724+0000] {dagbag.py:545} INFO - Filling up the DagBag from /home/airflow/.local/lib/python3.12/site-packages/airflow/example_dags/example_xcom.py
[2026-05-07T21:46:17.734+0000] {processor.py:840} INFO - DAG(s) 'example_xcom' retrieved from /home/airflow/.local/lib/python3.12/site-packages/airflow/example_dags/example_xcom.py
[2026-05-07T21:46:17.757+0000] {logging_mixin.py:188} INFO - [2026-05-07T21:46:17.756+0000] {dag.py:3096} INFO - Sync 1 DAGs
[2026-05-07T21:46:17.780+0000] {logging_mixin.py:188} INFO - [2026-05-07T21:46:17.779+0000] {dag.py:3954} INFO - Setting next_dagrun for example_xcom to 2021-01-01 00:00:00+00:00, run_after=2021-01-01 00:00:00+00:00
[2026-05-07T21:46:17.804+0000] {processor.py:183} INFO - Processing /home/airflow/.local/lib/python3.12/site-packages/airflow/example_dags/example_xcom.py took 0.087 seconds
[2026-05-07T21:46:48.254+0000] {processor.py:161} INFO - Started process (PID=10335) to work on /home/airflow/.local/lib/python3.12/site-packages/airflow/example_dags/example_xcom.py
[2026-05-07T21:46:48.256+0000] {processor.py:830} INFO - Processing file /home/airflow/.local/lib/python3.12/site-packages/airflow/example_dags/example_xcom.py for tasks to queue
[2026-05-07T21:46:48.259+0000] {logging_mixin.py:188} INFO - [2026-05-07T21:46:48.259+0000] {dagbag.py:545} INFO - Filling up the DagBag from /home/airflow/.local/lib/python3.12/site-packages/airflow/example_dags/example_xcom.py
[2026-05-07T21:46:48.267+0000] {processor.py:840} INFO - DAG(s) 'example_xcom' retrieved from /home/airflow/.local/lib/python3.12/site-packages/airflow/example_dags/example_xcom.py
[2026-05-07T21:46:48.292+0000] {logging_mixin.py:188} INFO - [2026-05-07T21:46:48.292+0000] {dag.py:3096} INFO - Sync 1 DAGs
[2026-05-07T21:46:48.313+0000] {logging_mixin.py:188} INFO - [2026-05-07T21:46:48.313+0000] {dag.py:3954} INFO - Setting next_dagrun for example_xcom to 2021-01-01 00:00:00+00:00, run_after=2021-01-01 00:00:00+00:00
[2026-05-07T21:46:48.333+0000] {processor.py:183} INFO - Processing /home/airflow/.local/lib/python3.12/site-packages/airflow/example_dags/example_xcom.py took 0.086 seconds
[2026-05-07T21:47:18.766+0000] {processor.py:161} INFO - Started process (PID=10393) to work on /home/airflow/.local/lib/python3.12/site-packages/airflow/example_dags/example_xcom.py
[2026-05-07T21:47:18.767+0000] {processor.py:830} INFO - Processing file /home/airflow/.local/lib/python3.12/site-packages/airflow/example_dags/example_xcom.py for tasks to queue
[2026-05-07T21:47:18.770+0000] {logging_mixin.py:188} INFO - [2026-05-07T21:47:18.769+0000] {dagbag.py:545} INFO - Filling up the DagBag from /home/airflow/.local/lib/python3.12/site-packages/airflow/example_dags/example_xcom.py
[2026-05-07T21:47:18.778+0000] {processor.py:840} INFO - DAG(s) 'example_xcom' retrieved from /home/airflow/.local/lib/python3.12/site-packages/airflow/example_dags/example_xcom.py
[2026-05-07T21:47:18.806+0000] {logging_mixin.py:188} INFO - [2026-05-07T21:47:18.805+0000] {dag.py:3096} INFO - Sync 1 DAGs
[2026-05-07T21:47:18.828+0000] {logging_mixin.py:188} INFO - [2026-05-07T21:47:18.828+0000] {dag.py:3954} INFO - Setting next_dagrun for example_xcom to 2021-01-01 00:00:00+00:00, run_after=2021-01-01 00:00:00+00:00
[2026-05-07T21:47:18.852+0000] {processor.py:183} INFO - Processing /home/airflow/.local/lib/python3.12/site-packages/airflow/example_dags/example_xcom.py took 0.092 seconds
[2026-05-07T21:47:48.962+0000] {processor.py:161} INFO - Started process (PID=10450) to work on /home/airflow/.local/lib/python3.12/site-packages/airflow/example_dags/example_xcom.py
[2026-05-07T21:47:48.964+0000] {processor.py:830} INFO - Processing file /home/airflow/.local/lib/python3.12/site-packages/airflow/example_dags/example_xcom.py for tasks to queue
[2026-05-07T21:47:48.966+0000] {logging_mixin.py:188} INFO - [2026-05-07T21:47:48.966+0000] {dagbag.py:545} INFO - Filling up the DagBag from /home/airflow/.local/lib/python3.12/site-packages/airflow/example_dags/example_xcom.py
[2026-05-07T21:47:48.973+0000] {processor.py:840} INFO - DAG(s) 'example_xcom' retrieved from /home/airflow/.local/lib/python3.12/site-packages/airflow/example_dags/example_xcom.py
[2026-05-07T21:47:48.993+0000] {logging_mixin.py:188} INFO - [2026-05-07T21:47:48.992+0000] {dag.py:3096} INFO - Sync 1 DAGs
[2026-05-07T21:47:49.011+0000] {logging_mixin.py:188} INFO - [2026-05-07T21:47:49.011+0000] {dag.py:3954} INFO - Setting next_dagrun for example_xcom to 2021-01-01 00:00:00+00:00, run_after=2021-01-01 00:00:00+00:00
[2026-05-07T21:47:49.037+0000] {processor.py:183} INFO - Processing /home/airflow/.local/lib/python3.12/site-packages/airflow/example_dags/example_xcom.py took 0.080 seconds
[2026-05-07T21:48:19.143+0000] {processor.py:161} INFO - Started process (PID=10508) to work on /home/airflow/.local/lib/python3.12/site-packages/airflow/example_dags/example_xcom.py
[2026-05-07T21:48:19.144+0000] {processor.py:830} INFO - Processing file /home/airflow/.local/lib/python3.12/site-packages/airflow/example_dags/example_xcom.py for tasks to queue
[2026-05-07T21:48:19.146+0000] {logging_mixin.py:188} INFO - [2026-05-07T21:48:19.146+0000] {dagbag.py:545} INFO - Filling up the DagBag from /home/airflow/.local/lib/python3.12/site-packages/airflow/example_dags/example_xcom.py
[2026-05-07T21:48:19.153+0000] {processor.py:840} INFO - DAG(s) 'example_xcom' retrieved from /home/airflow/.local/lib/python3.12/site-packages/airflow/example_dags/example_xcom.py
[2026-05-07T21:48:19.175+0000] {logging_mixin.py:188} INFO - [2026-05-07T21:48:19.174+0000] {dag.py:3096} INFO - Sync 1 DAGs
[2026-05-07T21:48:19.193+0000] {logging_mixin.py:188} INFO - [2026-05-07T21:48:19.193+0000] {dag.py:3954} INFO - Setting next_dagrun for example_xcom to 2021-01-01 00:00:00+00:00, run_after=2021-01-01 00:00:00+00:00
[2026-05-07T21:48:19.213+0000] {processor.py:183} INFO - Processing /home/airflow/.local/lib/python3.12/site-packages/airflow/example_dags/example_xcom.py took 0.076 seconds
[2026-05-07T21:48:49.327+0000] {processor.py:161} INFO - Started process (PID=10566) to work on /home/airflow/.local/lib/python3.12/site-packages/airflow/example_dags/example_xcom.py
[2026-05-07T21:48:49.329+0000] {processor.py:830} INFO - Processing file /home/airflow/.local/lib/python3.12/site-packages/airflow/example_dags/example_xcom.py for tasks to queue
[2026-05-07T21:48:49.331+0000] {logging_mixin.py:188} INFO - [2026-05-07T21:48:49.331+0000] {dagbag.py:545} INFO - Filling up the DagBag from /home/airflow/.local/lib/python3.12/site-packages/airflow/example_dags/example_xcom.py
[2026-05-07T21:48:49.338+0000] {processor.py:840} INFO - DAG(s) 'example_xcom' retrieved from /home/airflow/.local/lib/python3.12/site-packages/airflow/example_dags/example_xcom.py
[2026-05-07T21:48:49.360+0000] {logging_mixin.py:188} INFO - [2026-05-07T21:48:49.359+0000] {dag.py:3096} INFO - Sync 1 DAGs
[2026-05-07T21:48:49.380+0000] {logging_mixin.py:188} INFO - [2026-05-07T21:48:49.379+0000] {dag.py:3954} INFO - Setting next_dagrun for example_xcom to 2021-01-01 00:00:00+00:00, run_after=2021-01-01 00:00:00+00:00
[2026-05-07T21:48:49.398+0000] {processor.py:183} INFO - Processing /home/airflow/.local/lib/python3.12/site-packages/airflow/example_dags/example_xcom.py took 0.077 seconds
[2026-05-07T21:49:19.551+0000] {processor.py:161} INFO - Started process (PID=10624) to work on /home/airflow/.local/lib/python3.12/site-packages/airflow/example_dags/example_xcom.py
[2026-05-07T21:49:19.553+0000] {processor.py:830} INFO - Processing file /home/airflow/.local/lib/python3.12/site-packages/airflow/example_dags/example_xcom.py for tasks to queue
[2026-05-07T21:49:19.555+0000] {logging_mixin.py:188} INFO - [2026-05-07T21:49:19.555+0000] {dagbag.py:545} INFO - Filling up the DagBag from /home/airflow/.local/lib/python3.12/site-packages/airflow/example_dags/example_xcom.py
[2026-05-07T21:49:19.564+0000] {processor.py:840} INFO - DAG(s) 'example_xcom' retrieved from /home/airflow/.local/lib/python3.12/site-packages/airflow/example_dags/example_xcom.py
[2026-05-07T21:49:19.587+0000] {logging_mixin.py:188} INFO - [2026-05-07T21:49:19.587+0000] {dag.py:3096} INFO - Sync 1 DAGs
[2026-05-07T21:49:19.609+0000] {logging_mixin.py:188} INFO - [2026-05-07T21:49:19.609+0000] {dag.py:3954} INFO - Setting next_dagrun for example_xcom to 2021-01-01 00:00:00+00:00, run_after=2021-01-01 00:00:00+00:00
[2026-05-07T21:49:19.633+0000] {processor.py:183} INFO - Processing /home/airflow/.local/lib/python3.12/site-packages/airflow/example_dags/example_xcom.py took 0.087 seconds
[2026-05-07T21:49:49.733+0000] {processor.py:161} INFO - Started process (PID=10682) to work on /home/airflow/.local/lib/python3.12/site-packages/airflow/example_dags/example_xcom.py
[2026-05-07T21:49:49.735+0000] {processor.py:830} INFO - Processing file /home/airflow/.local/lib/python3.12/site-packages/airflow/example_dags/example_xcom.py for tasks to queue
[2026-05-07T21:49:49.738+0000] {logging_mixin.py:188} INFO - [2026-05-07T21:49:49.738+0000] {dagbag.py:545} INFO - Filling up the DagBag from /home/airflow/.local/lib/python3.12/site-packages/airflow/example_dags/example_xcom.py
[2026-05-07T21:49:49.749+0000] {processor.py:840} INFO - DAG(s) 'example_xcom' retrieved from /home/airflow/.local/lib/python3.12/site-packages/airflow/example_dags/example_xcom.py
[2026-05-07T21:49:49.775+0000] {logging_mixin.py:188} INFO - [2026-05-07T21:49:49.775+0000] {dag.py:3096} INFO - Sync 1 DAGs
[2026-05-07T21:49:49.802+0000] {logging_mixin.py:188} INFO - [2026-05-07T21:49:49.801+0000] {dag.py:3954} INFO - Setting next_dagrun for example_xcom to 2021-01-01 00:00:00+00:00, run_after=2021-01-01 00:00:00+00:00
[2026-05-07T21:49:49.828+0000] {processor.py:183} INFO - Processing /home/airflow/.local/lib/python3.12/site-packages/airflow/example_dags/example_xcom.py took 0.102 seconds
[2026-05-07T21:50:19.971+0000] {processor.py:161} INFO - Started process (PID=10740) to work on /home/airflow/.local/lib/python3.12/site-packages/airflow/example_dags/example_xcom.py
[2026-05-07T21:50:19.972+0000] {processor.py:830} INFO - Processing file /home/airflow/.local/lib/python3.12/site-packages/airflow/example_dags/example_xcom.py for tasks to queue
[2026-05-07T21:50:19.975+0000] {logging_mixin.py:188} INFO - [2026-05-07T21:50:19.974+0000] {dagbag.py:545} INFO - Filling up the DagBag from /home/airflow/.local/lib/python3.12/site-packages/airflow/example_dags/example_xcom.py
[2026-05-07T21:50:19.982+0000] {processor.py:840} INFO - DAG(s) 'example_xcom' retrieved from /home/airflow/.local/lib/python3.12/site-packages/airflow/example_dags/example_xcom.py
[2026-05-07T21:50:20.003+0000] {logging_mixin.py:188} INFO - [2026-05-07T21:50:20.003+0000] {dag.py:3096} INFO - Sync 1 DAGs
[2026-05-07T21:50:20.025+0000] {logging_mixin.py:188} INFO - [2026-05-07T21:50:20.025+0000] {dag.py:3954} INFO - Setting next_dagrun for example_xcom to 2021-01-01 00:00:00+00:00, run_after=2021-01-01 00:00:00+00:00
[2026-05-07T21:50:20.047+0000] {processor.py:183} INFO - Processing /home/airflow/.local/lib/python3.12/site-packages/airflow/example_dags/example_xcom.py took 0.081 seconds
[2026-05-07T21:50:50.262+0000] {processor.py:161} INFO - Started process (PID=10798) to work on /home/airflow/.local/lib/python3.12/site-packages/airflow/example_dags/example_xcom.py
[2026-05-07T21:50:50.264+0000] {processor.py:830} INFO - Processing file /home/airflow/.local/lib/python3.12/site-packages/airflow/example_dags/example_xcom.py for tasks to queue
[2026-05-07T21:50:50.267+0000] {logging_mixin.py:188} INFO - [2026-05-07T21:50:50.266+0000] {dagbag.py:545} INFO - Filling up the DagBag from /home/airflow/.local/lib/python3.12/site-packages/airflow/example_dags/example_xcom.py
[2026-05-07T21:50:50.274+0000] {processor.py:840} INFO - DAG(s) 'example_xcom' retrieved from /home/airflow/.local/lib/python3.12/site-packages/airflow/example_dags/example_xcom.py
[2026-05-07T21:50:50.296+0000] {logging_mixin.py:188} INFO - [2026-05-07T21:50:50.296+0000] {dag.py:3096} INFO - Sync 1 DAGs
[2026-05-07T21:50:50.318+0000] {logging_mixin.py:188} INFO - [2026-05-07T21:50:50.318+0000] {dag.py:3954} INFO - Setting next_dagrun for example_xcom to 2021-01-01 00:00:00+00:00, run_after=2021-01-01 00:00:00+00:00
[2026-05-07T21:50:50.339+0000] {processor.py:183} INFO - Processing /home/airflow/.local/lib/python3.12/site-packages/airflow/example_dags/example_xcom.py took 0.082 seconds
[2026-05-07T21:51:21.059+0000] {processor.py:161} INFO - Started process (PID=10856) to work on /home/airflow/.local/lib/python3.12/site-packages/airflow/example_dags/example_xcom.py
[2026-05-07T21:51:21.062+0000] {processor.py:830} INFO - Processing file /home/airflow/.local/lib/python3.12/site-packages/airflow/example_dags/example_xcom.py for tasks to queue
[2026-05-07T21:51:21.064+0000] {logging_mixin.py:188} INFO - [2026-05-07T21:51:21.064+0000] {dagbag.py:545} INFO - Filling up the DagBag from /home/airflow/.local/lib/python3.12/site-packages/airflow/example_dags/example_xcom.py
[2026-05-07T21:51:21.073+0000] {processor.py:840} INFO - DAG(s) 'example_xcom' retrieved from /home/airflow/.local/lib/python3.12/site-packages/airflow/example_dags/example_xcom.py
[2026-05-07T21:51:21.095+0000] {logging_mixin.py:188} INFO - [2026-05-07T21:51:21.095+0000] {dag.py:3096} INFO - Sync 1 DAGs
[2026-05-07T21:51:21.117+0000] {logging_mixin.py:188} INFO - [2026-05-07T21:51:21.117+0000] {dag.py:3954} INFO - Setting next_dagrun for example_xcom to 2021-01-01 00:00:00+00:00, run_after=2021-01-01 00:00:00+00:00
[2026-05-07T21:51:21.139+0000] {processor.py:183} INFO - Processing /home/airflow/.local/lib/python3.12/site-packages/airflow/example_dags/example_xcom.py took 0.091 seconds
[2026-05-07T21:51:51.456+0000] {processor.py:161} INFO - Started process (PID=10914) to work on /home/airflow/.local/lib/python3.12/site-packages/airflow/example_dags/example_xcom.py
[2026-05-07T21:51:51.457+0000] {processor.py:830} INFO - Processing file /home/airflow/.local/lib/python3.12/site-packages/airflow/example_dags/example_xcom.py for tasks to queue
[2026-05-07T21:51:51.459+0000] {logging_mixin.py:188} INFO - [2026-05-07T21:51:51.459+0000] {dagbag.py:545} INFO - Filling up the DagBag from /home/airflow/.local/lib/python3.12/site-packages/airflow/example_dags/example_xcom.py
[2026-05-07T21:51:51.466+0000] {processor.py:840} INFO - DAG(s) 'example_xcom' retrieved from /home/airflow/.local/lib/python3.12/site-packages/airflow/example_dags/example_xcom.py
[2026-05-07T21:51:51.494+0000] {logging_mixin.py:188} INFO - [2026-05-07T21:51:51.494+0000] {dag.py:3096} INFO - Sync 1 DAGs
[2026-05-07T21:51:51.517+0000] {logging_mixin.py:188} INFO - [2026-05-07T21:51:51.517+0000] {dag.py:3954} INFO - Setting next_dagrun for example_xcom to 2021-01-01 00:00:00+00:00, run_after=2021-01-01 00:00:00+00:00
[2026-05-07T21:51:51.539+0000] {processor.py:183} INFO - Processing /home/airflow/.local/lib/python3.12/site-packages/airflow/example_dags/example_xcom.py took 0.092 seconds
[2026-05-07T21:52:21.741+0000] {processor.py:161} INFO - Started process (PID=10972) to work on /home/airflow/.local/lib/python3.12/site-packages/airflow/example_dags/example_xcom.py
[2026-05-07T21:52:21.743+0000] {processor.py:830} INFO - Processing file /home/airflow/.local/lib/python3.12/site-packages/airflow/example_dags/example_xcom.py for tasks to queue
[2026-05-07T21:52:21.745+0000] {logging_mixin.py:188} INFO - [2026-05-07T21:52:21.745+0000] {dagbag.py:545} INFO - Filling up the DagBag from /home/airflow/.local/lib/python3.12/site-packages/airflow/example_dags/example_xcom.py
[2026-05-07T21:52:21.752+0000] {processor.py:840} INFO - DAG(s) 'example_xcom' retrieved from /home/airflow/.local/lib/python3.12/site-packages/airflow/example_dags/example_xcom.py
[2026-05-07T21:52:21.775+0000] {logging_mixin.py:188} INFO - [2026-05-07T21:52:21.775+0000] {dag.py:3096} INFO - Sync 1 DAGs
[2026-05-07T21:52:21.793+0000] {logging_mixin.py:188} INFO - [2026-05-07T21:52:21.793+0000] {dag.py:3954} INFO - Setting next_dagrun for example_xcom to 2021-01-01 00:00:00+00:00, run_after=2021-01-01 00:00:00+00:00
[2026-05-07T21:52:21.816+0000] {processor.py:183} INFO - Processing /home/airflow/.local/lib/python3.12/site-packages/airflow/example_dags/example_xcom.py took 0.080 seconds
[2026-05-07T21:52:51.953+0000] {processor.py:161} INFO - Started process (PID=11030) to work on /home/airflow/.local/lib/python3.12/site-packages/airflow/example_dags/example_xcom.py
[2026-05-07T21:52:51.954+0000] {processor.py:830} INFO - Processing file /home/airflow/.local/lib/python3.12/site-packages/airflow/example_dags/example_xcom.py for tasks to queue
[2026-05-07T21:52:51.957+0000] {logging_mixin.py:188} INFO - [2026-05-07T21:52:51.956+0000] {dagbag.py:545} INFO - Filling up the DagBag from /home/airflow/.local/lib/python3.12/site-packages/airflow/example_dags/example_xcom.py
[2026-05-07T21:52:51.966+0000] {processor.py:840} INFO - DAG(s) 'example_xcom' retrieved from /home/airflow/.local/lib/python3.12/site-packages/airflow/example_dags/example_xcom.py
[2026-05-07T21:52:51.993+0000] {logging_mixin.py:188} INFO - [2026-05-07T21:52:51.992+0000] {dag.py:3096} INFO - Sync 1 DAGs
[2026-05-07T21:52:52.013+0000] {logging_mixin.py:188} INFO - [2026-05-07T21:52:52.013+0000] {dag.py:3954} INFO - Setting next_dagrun for example_xcom to 2021-01-01 00:00:00+00:00, run_after=2021-01-01 00:00:00+00:00
[2026-05-07T21:52:52.040+0000] {processor.py:183} INFO - Processing /home/airflow/.local/lib/python3.12/site-packages/airflow/example_dags/example_xcom.py took 0.092 seconds
[2026-05-07T21:53:22.291+0000] {processor.py:161} INFO - Started process (PID=11089) to work on /home/airflow/.local/lib/python3.12/site-packages/airflow/example_dags/example_xcom.py
[2026-05-07T21:53:22.292+0000] {processor.py:830} INFO - Processing file /home/airflow/.local/lib/python3.12/site-packages/airflow/example_dags/example_xcom.py for tasks to queue
[2026-05-07T21:53:22.293+0000] {logging_mixin.py:188} INFO - [2026-05-07T21:53:22.293+0000] {dagbag.py:545} INFO - Filling up the DagBag from /home/airflow/.local/lib/python3.12/site-packages/airflow/example_dags/example_xcom.py
[2026-05-07T21:53:22.300+0000] {processor.py:840} INFO - DAG(s) 'example_xcom' retrieved from /home/airflow/.local/lib/python3.12/site-packages/airflow/example_dags/example_xcom.py
[2026-05-07T21:53:22.323+0000] {logging_mixin.py:188} INFO - [2026-05-07T21:53:22.323+0000] {dag.py:3096} INFO - Sync 1 DAGs
[2026-05-07T21:53:22.343+0000] {logging_mixin.py:188} INFO - [2026-05-07T21:53:22.343+0000] {dag.py:3954} INFO - Setting next_dagrun for example_xcom to 2021-01-01 00:00:00+00:00, run_after=2021-01-01 00:00:00+00:00
[2026-05-07T21:53:22.364+0000] {processor.py:183} INFO - Processing /home/airflow/.local/lib/python3.12/site-packages/airflow/example_dags/example_xcom.py took 0.078 seconds
[2026-05-07T21:53:52.594+0000] {processor.py:161} INFO - Started process (PID=11146) to work on /home/airflow/.local/lib/python3.12/site-packages/airflow/example_dags/example_xcom.py
[2026-05-07T21:53:52.596+0000] {processor.py:830} INFO - Processing file /home/airflow/.local/lib/python3.12/site-packages/airflow/example_dags/example_xcom.py for tasks to queue
[2026-05-07T21:53:52.599+0000] {logging_mixin.py:188} INFO - [2026-05-07T21:53:52.599+0000] {dagbag.py:545} INFO - Filling up the DagBag from /home/airflow/.local/lib/python3.12/site-packages/airflow/example_dags/example_xcom.py
[2026-05-07T21:53:52.613+0000] {processor.py:840} INFO - DAG(s) 'example_xcom' retrieved from /home/airflow/.local/lib/python3.12/site-packages/airflow/example_dags/example_xcom.py
[2026-05-07T21:53:52.647+0000] {logging_mixin.py:188} INFO - [2026-05-07T21:53:52.647+0000] {dag.py:3096} INFO - Sync 1 DAGs
[2026-05-07T21:53:52.679+0000] {logging_mixin.py:188} INFO - [2026-05-07T21:53:52.679+0000] {dag.py:3954} INFO - Setting next_dagrun for example_xcom to 2021-01-01 00:00:00+00:00, run_after=2021-01-01 00:00:00+00:00
[2026-05-07T21:53:52.706+0000] {processor.py:183} INFO - Processing /home/airflow/.local/lib/python3.12/site-packages/airflow/example_dags/example_xcom.py took 0.120 seconds
[2026-05-07T21:54:22.873+0000] {processor.py:161} INFO - Started process (PID=11204) to work on /home/airflow/.local/lib/python3.12/site-packages/airflow/example_dags/example_xcom.py
[2026-05-07T21:54:22.874+0000] {processor.py:830} INFO - Processing file /home/airflow/.local/lib/python3.12/site-packages/airflow/example_dags/example_xcom.py for tasks to queue
[2026-05-07T21:54:22.876+0000] {logging_mixin.py:188} INFO - [2026-05-07T21:54:22.876+0000] {dagbag.py:545} INFO - Filling up the DagBag from /home/airflow/.local/lib/python3.12/site-packages/airflow/example_dags/example_xcom.py
[2026-05-07T21:54:22.884+0000] {processor.py:840} INFO - DAG(s) 'example_xcom' retrieved from /home/airflow/.local/lib/python3.12/site-packages/airflow/example_dags/example_xcom.py
[2026-05-07T21:54:22.905+0000] {logging_mixin.py:188} INFO - [2026-05-07T21:54:22.904+0000] {dag.py:3096} INFO - Sync 1 DAGs
[2026-05-07T21:54:22.924+0000] {logging_mixin.py:188} INFO - [2026-05-07T21:54:22.924+0000] {dag.py:3954} INFO - Setting next_dagrun for example_xcom to 2021-01-01 00:00:00+00:00, run_after=2021-01-01 00:00:00+00:00
[2026-05-07T21:54:22.948+0000] {processor.py:183} INFO - Processing /home/airflow/.local/lib/python3.12/site-packages/airflow/example_dags/example_xcom.py took 0.080 seconds
[2026-05-07T21:54:53.180+0000] {processor.py:161} INFO - Started process (PID=11262) to work on /home/airflow/.local/lib/python3.12/site-packages/airflow/example_dags/example_xcom.py
[2026-05-07T21:54:53.182+0000] {processor.py:830} INFO - Processing file /home/airflow/.local/lib/python3.12/site-packages/airflow/example_dags/example_xcom.py for tasks to queue
[2026-05-07T21:54:53.184+0000] {logging_mixin.py:188} INFO - [2026-05-07T21:54:53.184+0000] {dagbag.py:545} INFO - Filling up the DagBag from /home/airflow/.local/lib/python3.12/site-packages/airflow/example_dags/example_xcom.py
[2026-05-07T21:54:53.192+0000] {processor.py:840} INFO - DAG(s) 'example_xcom' retrieved from /home/airflow/.local/lib/python3.12/site-packages/airflow/example_dags/example_xcom.py
[2026-05-07T21:54:53.212+0000] {logging_mixin.py:188} INFO - [2026-05-07T21:54:53.212+0000] {dag.py:3096} INFO - Sync 1 DAGs
[2026-05-07T21:54:53.233+0000] {logging_mixin.py:188} INFO - [2026-05-07T21:54:53.232+0000] {dag.py:3954} INFO - Setting next_dagrun for example_xcom to 2021-01-01 00:00:00+00:00, run_after=2021-01-01 00:00:00+00:00
[2026-05-07T21:54:53.253+0000] {processor.py:183} INFO - Processing /home/airflow/.local/lib/python3.12/site-packages/airflow/example_dags/example_xcom.py took 0.078 seconds
[2026-05-07T21:55:23.558+0000] {processor.py:161} INFO - Started process (PID=11320) to work on /home/airflow/.local/lib/python3.12/site-packages/airflow/example_dags/example_xcom.py
[2026-05-07T21:55:23.559+0000] {processor.py:830} INFO - Processing file /home/airflow/.local/lib/python3.12/site-packages/airflow/example_dags/example_xcom.py for tasks to queue
[2026-05-07T21:55:23.562+0000] {logging_mixin.py:188} INFO - [2026-05-07T21:55:23.562+0000] {dagbag.py:545} INFO - Filling up the DagBag from /home/airflow/.local/lib/python3.12/site-packages/airflow/example_dags/example_xcom.py
[2026-05-07T21:55:23.574+0000] {processor.py:840} INFO - DAG(s) 'example_xcom' retrieved from /home/airflow/.local/lib/python3.12/site-packages/airflow/example_dags/example_xcom.py
[2026-05-07T21:55:23.597+0000] {logging_mixin.py:188} INFO - [2026-05-07T21:55:23.597+0000] {dag.py:3096} INFO - Sync 1 DAGs
[2026-05-07T21:55:23.625+0000] {logging_mixin.py:188} INFO - [2026-05-07T21:55:23.625+0000] {dag.py:3954} INFO - Setting next_dagrun for example_xcom to 2021-01-01 00:00:00+00:00, run_after=2021-01-01 00:00:00+00:00
[2026-05-07T21:55:23.660+0000] {processor.py:183} INFO - Processing /home/airflow/.local/lib/python3.12/site-packages/airflow/example_dags/example_xcom.py took 0.110 seconds
[2026-05-07T21:55:53.734+0000] {processor.py:161} INFO - Started process (PID=11378) to work on /home/airflow/.local/lib/python3.12/site-packages/airflow/example_dags/example_xcom.py
[2026-05-07T21:55:53.735+0000] {processor.py:830} INFO - Processing file /home/airflow/.local/lib/python3.12/site-packages/airflow/example_dags/example_xcom.py for tasks to queue
[2026-05-07T21:55:53.737+0000] {logging_mixin.py:188} INFO - [2026-05-07T21:55:53.736+0000] {dagbag.py:545} INFO - Filling up the DagBag from /home/airflow/.local/lib/python3.12/site-packages/airflow/example_dags/example_xcom.py
[2026-05-07T21:55:53.746+0000] {processor.py:840} INFO - DAG(s) 'example_xcom' retrieved from /home/airflow/.local/lib/python3.12/site-packages/airflow/example_dags/example_xcom.py
[2026-05-07T21:55:53.765+0000] {logging_mixin.py:188} INFO - [2026-05-07T21:55:53.765+0000] {dag.py:3096} INFO - Sync 1 DAGs
[2026-05-07T21:55:53.783+0000] {logging_mixin.py:188} INFO - [2026-05-07T21:55:53.783+0000] {dag.py:3954} INFO - Setting next_dagrun for example_xcom to 2021-01-01 00:00:00+00:00, run_after=2021-01-01 00:00:00+00:00
[2026-05-07T21:55:53.806+0000] {processor.py:183} INFO - Processing /home/airflow/.local/lib/python3.12/site-packages/airflow/example_dags/example_xcom.py took 0.078 seconds
[2026-05-07T21:56:24.597+0000] {processor.py:161} INFO - Started process (PID=11436) to work on /home/airflow/.local/lib/python3.12/site-packages/airflow/example_dags/example_xcom.py
[2026-05-07T21:56:24.598+0000] {processor.py:830} INFO - Processing file /home/airflow/.local/lib/python3.12/site-packages/airflow/example_dags/example_xcom.py for tasks to queue
[2026-05-07T21:56:24.601+0000] {logging_mixin.py:188} INFO - [2026-05-07T21:56:24.600+0000] {dagbag.py:545} INFO - Filling up the DagBag from /home/airflow/.local/lib/python3.12/site-packages/airflow/example_dags/example_xcom.py
[2026-05-07T21:56:24.608+0000] {processor.py:840} INFO - DAG(s) 'example_xcom' retrieved from /home/airflow/.local/lib/python3.12/site-packages/airflow/example_dags/example_xcom.py
[2026-05-07T21:56:24.630+0000] {logging_mixin.py:188} INFO - [2026-05-07T21:56:24.630+0000] {dag.py:3096} INFO - Sync 1 DAGs
[2026-05-07T21:56:24.652+0000] {logging_mixin.py:188} INFO - [2026-05-07T21:56:24.651+0000] {dag.py:3954} INFO - Setting next_dagrun for example_xcom to 2021-01-01 00:00:00+00:00, run_after=2021-01-01 00:00:00+00:00
[2026-05-07T21:56:24.675+0000] {processor.py:183} INFO - Processing /home/airflow/.local/lib/python3.12/site-packages/airflow/example_dags/example_xcom.py took 0.084 seconds
[2026-05-07T21:56:55.024+0000] {processor.py:161} INFO - Started process (PID=11494) to work on /home/airflow/.local/lib/python3.12/site-packages/airflow/example_dags/example_xcom.py
[2026-05-07T21:56:55.025+0000] {processor.py:830} INFO - Processing file /home/airflow/.local/lib/python3.12/site-packages/airflow/example_dags/example_xcom.py for tasks to queue
[2026-05-07T21:56:55.027+0000] {logging_mixin.py:188} INFO - [2026-05-07T21:56:55.027+0000] {dagbag.py:545} INFO - Filling up the DagBag from /home/airflow/.local/lib/python3.12/site-packages/airflow/example_dags/example_xcom.py
[2026-05-07T21:56:55.034+0000] {processor.py:840} INFO - DAG(s) 'example_xcom' retrieved from /home/airflow/.local/lib/python3.12/site-packages/airflow/example_dags/example_xcom.py
[2026-05-07T21:56:55.056+0000] {logging_mixin.py:188} INFO - [2026-05-07T21:56:55.056+0000] {dag.py:3096} INFO - Sync 1 DAGs
[2026-05-07T21:56:55.076+0000] {logging_mixin.py:188} INFO - [2026-05-07T21:56:55.075+0000] {dag.py:3954} INFO - Setting next_dagrun for example_xcom to 2021-01-01 00:00:00+00:00, run_after=2021-01-01 00:00:00+00:00
[2026-05-07T21:56:55.096+0000] {processor.py:183} INFO - Processing /home/airflow/.local/lib/python3.12/site-packages/airflow/example_dags/example_xcom.py took 0.079 seconds
[2026-05-07T21:57:25.262+0000] {processor.py:161} INFO - Started process (PID=11551) to work on /home/airflow/.local/lib/python3.12/site-packages/airflow/example_dags/example_xcom.py
[2026-05-07T21:57:25.264+0000] {processor.py:830} INFO - Processing file /home/airflow/.local/lib/python3.12/site-packages/airflow/example_dags/example_xcom.py for tasks to queue
[2026-05-07T21:57:25.267+0000] {logging_mixin.py:188} INFO - [2026-05-07T21:57:25.266+0000] {dagbag.py:545} INFO - Filling up the DagBag from /home/airflow/.local/lib/python3.12/site-packages/airflow/example_dags/example_xcom.py
[2026-05-07T21:57:25.275+0000] {processor.py:840} INFO - DAG(s) 'example_xcom' retrieved from /home/airflow/.local/lib/python3.12/site-packages/airflow/example_dags/example_xcom.py
[2026-05-07T21:57:25.298+0000] {logging_mixin.py:188} INFO - [2026-05-07T21:57:25.298+0000] {dag.py:3096} INFO - Sync 1 DAGs
[2026-05-07T21:57:25.319+0000] {logging_mixin.py:188} INFO - [2026-05-07T21:57:25.319+0000] {dag.py:3954} INFO - Setting next_dagrun for example_xcom to 2021-01-01 00:00:00+00:00, run_after=2021-01-01 00:00:00+00:00
[2026-05-07T21:57:25.342+0000] {processor.py:183} INFO - Processing /home/airflow/.local/lib/python3.12/site-packages/airflow/example_dags/example_xcom.py took 0.085 seconds
[2026-05-07T21:57:55.570+0000] {processor.py:161} INFO - Started process (PID=11609) to work on /home/airflow/.local/lib/python3.12/site-packages/airflow/example_dags/example_xcom.py
[2026-05-07T21:57:55.575+0000] {processor.py:830} INFO - Processing file /home/airflow/.local/lib/python3.12/site-packages/airflow/example_dags/example_xcom.py for tasks to queue
[2026-05-07T21:57:55.579+0000] {logging_mixin.py:188} INFO - [2026-05-07T21:57:55.578+0000] {dagbag.py:545} INFO - Filling up the DagBag from /home/airflow/.local/lib/python3.12/site-packages/airflow/example_dags/example_xcom.py
[2026-05-07T21:57:55.607+0000] {processor.py:840} INFO - DAG(s) 'example_xcom' retrieved from /home/airflow/.local/lib/python3.12/site-packages/airflow/example_dags/example_xcom.py
[2026-05-07T21:57:55.636+0000] {logging_mixin.py:188} INFO - [2026-05-07T21:57:55.636+0000] {dag.py:3096} INFO - Sync 1 DAGs
[2026-05-07T21:57:55.658+0000] {logging_mixin.py:188} INFO - [2026-05-07T21:57:55.657+0000] {dag.py:3954} INFO - Setting next_dagrun for example_xcom to 2021-01-01 00:00:00+00:00, run_after=2021-01-01 00:00:00+00:00
[2026-05-07T21:57:55.682+0000] {processor.py:183} INFO - Processing /home/airflow/.local/lib/python3.12/site-packages/airflow/example_dags/example_xcom.py took 0.129 seconds
[2026-05-07T21:58:25.742+0000] {processor.py:161} INFO - Started process (PID=11667) to work on /home/airflow/.local/lib/python3.12/site-packages/airflow/example_dags/example_xcom.py
[2026-05-07T21:58:25.744+0000] {processor.py:830} INFO - Processing file /home/airflow/.local/lib/python3.12/site-packages/airflow/example_dags/example_xcom.py for tasks to queue
[2026-05-07T21:58:25.747+0000] {logging_mixin.py:188} INFO - [2026-05-07T21:58:25.747+0000] {dagbag.py:545} INFO - Filling up the DagBag from /home/airflow/.local/lib/python3.12/site-packages/airflow/example_dags/example_xcom.py
[2026-05-07T21:58:25.758+0000] {processor.py:840} INFO - DAG(s) 'example_xcom' retrieved from /home/airflow/.local/lib/python3.12/site-packages/airflow/example_dags/example_xcom.py
[2026-05-07T21:58:25.788+0000] {logging_mixin.py:188} INFO - [2026-05-07T21:58:25.788+0000] {dag.py:3096} INFO - Sync 1 DAGs
[2026-05-07T21:58:25.815+0000] {logging_mixin.py:188} INFO - [2026-05-07T21:58:25.815+0000] {dag.py:3954} INFO - Setting next_dagrun for example_xcom to 2021-01-01 00:00:00+00:00, run_after=2021-01-01 00:00:00+00:00
[2026-05-07T21:58:25.838+0000] {processor.py:183} INFO - Processing /home/airflow/.local/lib/python3.12/site-packages/airflow/example_dags/example_xcom.py took 0.106 seconds
[2026-05-07T21:58:55.975+0000] {processor.py:161} INFO - Started process (PID=11725) to work on /home/airflow/.local/lib/python3.12/site-packages/airflow/example_dags/example_xcom.py
[2026-05-07T21:58:55.976+0000] {processor.py:830} INFO - Processing file /home/airflow/.local/lib/python3.12/site-packages/airflow/example_dags/example_xcom.py for tasks to queue
[2026-05-07T21:58:55.979+0000] {logging_mixin.py:188} INFO - [2026-05-07T21:58:55.979+0000] {dagbag.py:545} INFO - Filling up the DagBag from /home/airflow/.local/lib/python3.12/site-packages/airflow/example_dags/example_xcom.py
[2026-05-07T21:58:55.987+0000] {processor.py:840} INFO - DAG(s) 'example_xcom' retrieved from /home/airflow/.local/lib/python3.12/site-packages/airflow/example_dags/example_xcom.py
[2026-05-07T21:58:56.009+0000] {logging_mixin.py:188} INFO - [2026-05-07T21:58:56.009+0000] {dag.py:3096} INFO - Sync 1 DAGs
[2026-05-07T21:58:56.029+0000] {logging_mixin.py:188} INFO - [2026-05-07T21:58:56.029+0000] {dag.py:3954} INFO - Setting next_dagrun for example_xcom to 2021-01-01 00:00:00+00:00, run_after=2021-01-01 00:00:00+00:00
[2026-05-07T21:58:56.049+0000] {processor.py:183} INFO - Processing /home/airflow/.local/lib/python3.12/site-packages/airflow/example_dags/example_xcom.py took 0.082 seconds
[2026-05-07T21:59:26.171+0000] {processor.py:161} INFO - Started process (PID=11783) to work on /home/airflow/.local/lib/python3.12/site-packages/airflow/example_dags/example_xcom.py
[2026-05-07T21:59:26.172+0000] {processor.py:830} INFO - Processing file /home/airflow/.local/lib/python3.12/site-packages/airflow/example_dags/example_xcom.py for tasks to queue
[2026-05-07T21:59:26.174+0000] {logging_mixin.py:188} INFO - [2026-05-07T21:59:26.174+0000] {dagbag.py:545} INFO - Filling up the DagBag from /home/airflow/.local/lib/python3.12/site-packages/airflow/example_dags/example_xcom.py
[2026-05-07T21:59:26.182+0000] {processor.py:840} INFO - DAG(s) 'example_xcom' retrieved from /home/airflow/.local/lib/python3.12/site-packages/airflow/example_dags/example_xcom.py
[2026-05-07T21:59:26.202+0000] {logging_mixin.py:188} INFO - [2026-05-07T21:59:26.202+0000] {dag.py:3096} INFO - Sync 1 DAGs
[2026-05-07T21:59:26.221+0000] {logging_mixin.py:188} INFO - [2026-05-07T21:59:26.221+0000] {dag.py:3954} INFO - Setting next_dagrun for example_xcom to 2021-01-01 00:00:00+00:00, run_after=2021-01-01 00:00:00+00:00
[2026-05-07T21:59:26.240+0000] {processor.py:183} INFO - Processing /home/airflow/.local/lib/python3.12/site-packages/airflow/example_dags/example_xcom.py took 0.075 seconds
[2026-05-07T21:59:56.304+0000] {processor.py:161} INFO - Started process (PID=11841) to work on /home/airflow/.local/lib/python3.12/site-packages/airflow/example_dags/example_xcom.py
[2026-05-07T21:59:56.305+0000] {processor.py:830} INFO - Processing file /home/airflow/.local/lib/python3.12/site-packages/airflow/example_dags/example_xcom.py for tasks to queue
[2026-05-07T21:59:56.308+0000] {logging_mixin.py:188} INFO - [2026-05-07T21:59:56.307+0000] {dagbag.py:545} INFO - Filling up the DagBag from /home/airflow/.local/lib/python3.12/site-packages/airflow/example_dags/example_xcom.py
[2026-05-07T21:59:56.314+0000] {processor.py:840} INFO - DAG(s) 'example_xcom' retrieved from /home/airflow/.local/lib/python3.12/site-packages/airflow/example_dags/example_xcom.py
[2026-05-07T21:59:56.333+0000] {logging_mixin.py:188} INFO - [2026-05-07T21:59:56.333+0000] {dag.py:3096} INFO - Sync 1 DAGs
[2026-05-07T21:59:56.351+0000] {logging_mixin.py:188} INFO - [2026-05-07T21:59:56.350+0000] {dag.py:3954} INFO - Setting next_dagrun for example_xcom to 2021-01-01 00:00:00+00:00, run_after=2021-01-01 00:00:00+00:00
[2026-05-07T21:59:56.372+0000] {processor.py:183} INFO - Processing /home/airflow/.local/lib/python3.12/site-packages/airflow/example_dags/example_xcom.py took 0.075 seconds
[2026-05-07T22:00:26.912+0000] {processor.py:161} INFO - Started process (PID=11899) to work on /home/airflow/.local/lib/python3.12/site-packages/airflow/example_dags/example_xcom.py
[2026-05-07T22:00:26.913+0000] {processor.py:830} INFO - Processing file /home/airflow/.local/lib/python3.12/site-packages/airflow/example_dags/example_xcom.py for tasks to queue
[2026-05-07T22:00:26.915+0000] {logging_mixin.py:188} INFO - [2026-05-07T22:00:26.915+0000] {dagbag.py:545} INFO - Filling up the DagBag from /home/airflow/.local/lib/python3.12/site-packages/airflow/example_dags/example_xcom.py
[2026-05-07T22:00:26.922+0000] {processor.py:840} INFO - DAG(s) 'example_xcom' retrieved from /home/airflow/.local/lib/python3.12/site-packages/airflow/example_dags/example_xcom.py
[2026-05-07T22:00:26.945+0000] {logging_mixin.py:188} INFO - [2026-05-07T22:00:26.945+0000] {dag.py:3096} INFO - Sync 1 DAGs
[2026-05-07T22:00:26.966+0000] {logging_mixin.py:188} INFO - [2026-05-07T22:00:26.966+0000] {dag.py:3954} INFO - Setting next_dagrun for example_xcom to 2021-01-01 00:00:00+00:00, run_after=2021-01-01 00:00:00+00:00
[2026-05-07T22:00:26.989+0000] {processor.py:183} INFO - Processing /home/airflow/.local/lib/python3.12/site-packages/airflow/example_dags/example_xcom.py took 0.082 seconds
[2026-05-07T22:00:57.069+0000] {processor.py:161} INFO - Started process (PID=11957) to work on /home/airflow/.local/lib/python3.12/site-packages/airflow/example_dags/example_xcom.py
[2026-05-07T22:00:57.071+0000] {processor.py:830} INFO - Processing file /home/airflow/.local/lib/python3.12/site-packages/airflow/example_dags/example_xcom.py for tasks to queue
[2026-05-07T22:00:57.072+0000] {logging_mixin.py:188} INFO - [2026-05-07T22:00:57.072+0000] {dagbag.py:545} INFO - Filling up the DagBag from /home/airflow/.local/lib/python3.12/site-packages/airflow/example_dags/example_xcom.py
[2026-05-07T22:00:57.080+0000] {processor.py:840} INFO - DAG(s) 'example_xcom' retrieved from /home/airflow/.local/lib/python3.12/site-packages/airflow/example_dags/example_xcom.py
[2026-05-07T22:00:57.101+0000] {logging_mixin.py:188} INFO - [2026-05-07T22:00:57.100+0000] {dag.py:3096} INFO - Sync 1 DAGs
[2026-05-07T22:00:57.120+0000] {logging_mixin.py:188} INFO - [2026-05-07T22:00:57.119+0000] {dag.py:3954} INFO - Setting next_dagrun for example_xcom to 2021-01-01 00:00:00+00:00, run_after=2021-01-01 00:00:00+00:00
[2026-05-07T22:00:57.139+0000] {processor.py:183} INFO - Processing /home/airflow/.local/lib/python3.12/site-packages/airflow/example_dags/example_xcom.py took 0.074 seconds
[2026-05-07T22:01:27.227+0000] {processor.py:161} INFO - Started process (PID=12013) to work on /home/airflow/.local/lib/python3.12/site-packages/airflow/example_dags/example_xcom.py
[2026-05-07T22:01:27.228+0000] {processor.py:830} INFO - Processing file /home/airflow/.local/lib/python3.12/site-packages/airflow/example_dags/example_xcom.py for tasks to queue
[2026-05-07T22:01:27.230+0000] {logging_mixin.py:188} INFO - [2026-05-07T22:01:27.230+0000] {dagbag.py:545} INFO - Filling up the DagBag from /home/airflow/.local/lib/python3.12/site-packages/airflow/example_dags/example_xcom.py
[2026-05-07T22:01:27.237+0000] {processor.py:840} INFO - DAG(s) 'example_xcom' retrieved from /home/airflow/.local/lib/python3.12/site-packages/airflow/example_dags/example_xcom.py
[2026-05-07T22:01:27.260+0000] {logging_mixin.py:188} INFO - [2026-05-07T22:01:27.259+0000] {dag.py:3096} INFO - Sync 1 DAGs
[2026-05-07T22:01:27.426+0000] {logging_mixin.py:188} INFO - [2026-05-07T22:01:27.426+0000] {dag.py:3954} INFO - Setting next_dagrun for example_xcom to 2021-01-01 00:00:00+00:00, run_after=2021-01-01 00:00:00+00:00
[2026-05-07T22:01:27.445+0000] {processor.py:183} INFO - Processing /home/airflow/.local/lib/python3.12/site-packages/airflow/example_dags/example_xcom.py took 0.224 seconds
[2026-05-07T22:01:58.259+0000] {processor.py:161} INFO - Started process (PID=12071) to work on /home/airflow/.local/lib/python3.12/site-packages/airflow/example_dags/example_xcom.py
[2026-05-07T22:01:58.260+0000] {processor.py:830} INFO - Processing file /home/airflow/.local/lib/python3.12/site-packages/airflow/example_dags/example_xcom.py for tasks to queue
[2026-05-07T22:01:58.262+0000] {logging_mixin.py:188} INFO - [2026-05-07T22:01:58.262+0000] {dagbag.py:545} INFO - Filling up the DagBag from /home/airflow/.local/lib/python3.12/site-packages/airflow/example_dags/example_xcom.py
[2026-05-07T22:01:58.269+0000] {processor.py:840} INFO - DAG(s) 'example_xcom' retrieved from /home/airflow/.local/lib/python3.12/site-packages/airflow/example_dags/example_xcom.py
[2026-05-07T22:01:58.292+0000] {logging_mixin.py:188} INFO - [2026-05-07T22:01:58.292+0000] {dag.py:3096} INFO - Sync 1 DAGs
[2026-05-07T22:01:58.314+0000] {logging_mixin.py:188} INFO - [2026-05-07T22:01:58.313+0000] {dag.py:3954} INFO - Setting next_dagrun for example_xcom to 2021-01-01 00:00:00+00:00, run_after=2021-01-01 00:00:00+00:00
[2026-05-07T22:01:58.483+0000] {processor.py:183} INFO - Processing /home/airflow/.local/lib/python3.12/site-packages/airflow/example_dags/example_xcom.py took 0.229 seconds
[2026-05-07T22:02:28.532+0000] {processor.py:161} INFO - Started process (PID=12129) to work on /home/airflow/.local/lib/python3.12/site-packages/airflow/example_dags/example_xcom.py
[2026-05-07T22:02:28.534+0000] {processor.py:830} INFO - Processing file /home/airflow/.local/lib/python3.12/site-packages/airflow/example_dags/example_xcom.py for tasks to queue
[2026-05-07T22:02:28.538+0000] {logging_mixin.py:188} INFO - [2026-05-07T22:02:28.537+0000] {dagbag.py:545} INFO - Filling up the DagBag from /home/airflow/.local/lib/python3.12/site-packages/airflow/example_dags/example_xcom.py
[2026-05-07T22:02:28.551+0000] {processor.py:840} INFO - DAG(s) 'example_xcom' retrieved from /home/airflow/.local/lib/python3.12/site-packages/airflow/example_dags/example_xcom.py
[2026-05-07T22:02:28.581+0000] {logging_mixin.py:188} INFO - [2026-05-07T22:02:28.581+0000] {dag.py:3096} INFO - Sync 1 DAGs
[2026-05-07T22:02:28.610+0000] {logging_mixin.py:188} INFO - [2026-05-07T22:02:28.610+0000] {dag.py:3954} INFO - Setting next_dagrun for example_xcom to 2021-01-01 00:00:00+00:00, run_after=2021-01-01 00:00:00+00:00
[2026-05-07T22:02:28.638+0000] {processor.py:183} INFO - Processing /home/airflow/.local/lib/python3.12/site-packages/airflow/example_dags/example_xcom.py took 0.117 seconds
[2026-05-07T22:02:59.422+0000] {processor.py:161} INFO - Started process (PID=12187) to work on /home/airflow/.local/lib/python3.12/site-packages/airflow/example_dags/example_xcom.py
[2026-05-07T22:02:59.424+0000] {processor.py:830} INFO - Processing file /home/airflow/.local/lib/python3.12/site-packages/airflow/example_dags/example_xcom.py for tasks to queue
[2026-05-07T22:02:59.427+0000] {logging_mixin.py:188} INFO - [2026-05-07T22:02:59.427+0000] {dagbag.py:545} INFO - Filling up the DagBag from /home/airflow/.local/lib/python3.12/site-packages/airflow/example_dags/example_xcom.py
[2026-05-07T22:02:59.436+0000] {processor.py:840} INFO - DAG(s) 'example_xcom' retrieved from /home/airflow/.local/lib/python3.12/site-packages/airflow/example_dags/example_xcom.py
[2026-05-07T22:02:59.460+0000] {logging_mixin.py:188} INFO - [2026-05-07T22:02:59.460+0000] {dag.py:3096} INFO - Sync 1 DAGs
[2026-05-07T22:02:59.483+0000] {logging_mixin.py:188} INFO - [2026-05-07T22:02:59.483+0000] {dag.py:3954} INFO - Setting next_dagrun for example_xcom to 2021-01-01 00:00:00+00:00, run_after=2021-01-01 00:00:00+00:00
[2026-05-07T22:02:59.511+0000] {processor.py:183} INFO - Processing /home/airflow/.local/lib/python3.12/site-packages/airflow/example_dags/example_xcom.py took 0.095 seconds
[2026-05-07T22:03:29.743+0000] {processor.py:161} INFO - Started process (PID=12245) to work on /home/airflow/.local/lib/python3.12/site-packages/airflow/example_dags/example_xcom.py
[2026-05-07T22:03:29.744+0000] {processor.py:830} INFO - Processing file /home/airflow/.local/lib/python3.12/site-packages/airflow/example_dags/example_xcom.py for tasks to queue
[2026-05-07T22:03:29.746+0000] {logging_mixin.py:188} INFO - [2026-05-07T22:03:29.746+0000] {dagbag.py:545} INFO - Filling up the DagBag from /home/airflow/.local/lib/python3.12/site-packages/airflow/example_dags/example_xcom.py
[2026-05-07T22:03:29.755+0000] {processor.py:840} INFO - DAG(s) 'example_xcom' retrieved from /home/airflow/.local/lib/python3.12/site-packages/airflow/example_dags/example_xcom.py
[2026-05-07T22:03:29.775+0000] {logging_mixin.py:188} INFO - [2026-05-07T22:03:29.775+0000] {dag.py:3096} INFO - Sync 1 DAGs
[2026-05-07T22:03:29.795+0000] {logging_mixin.py:188} INFO - [2026-05-07T22:03:29.795+0000] {dag.py:3954} INFO - Setting next_dagrun for example_xcom to 2021-01-01 00:00:00+00:00, run_after=2021-01-01 00:00:00+00:00
[2026-05-07T22:03:29.814+0000] {processor.py:183} INFO - Processing /home/airflow/.local/lib/python3.12/site-packages/airflow/example_dags/example_xcom.py took 0.078 seconds
[2026-05-07T22:04:00.051+0000] {processor.py:161} INFO - Started process (PID=12303) to work on /home/airflow/.local/lib/python3.12/site-packages/airflow/example_dags/example_xcom.py
[2026-05-07T22:04:00.053+0000] {processor.py:830} INFO - Processing file /home/airflow/.local/lib/python3.12/site-packages/airflow/example_dags/example_xcom.py for tasks to queue
[2026-05-07T22:04:00.055+0000] {logging_mixin.py:188} INFO - [2026-05-07T22:04:00.055+0000] {dagbag.py:545} INFO - Filling up the DagBag from /home/airflow/.local/lib/python3.12/site-packages/airflow/example_dags/example_xcom.py
[2026-05-07T22:04:00.065+0000] {processor.py:840} INFO - DAG(s) 'example_xcom' retrieved from /home/airflow/.local/lib/python3.12/site-packages/airflow/example_dags/example_xcom.py
[2026-05-07T22:04:00.087+0000] {logging_mixin.py:188} INFO - [2026-05-07T22:04:00.087+0000] {dag.py:3096} INFO - Sync 1 DAGs
[2026-05-07T22:04:00.108+0000] {logging_mixin.py:188} INFO - [2026-05-07T22:04:00.107+0000] {dag.py:3954} INFO - Setting next_dagrun for example_xcom to 2021-01-01 00:00:00+00:00, run_after=2021-01-01 00:00:00+00:00
[2026-05-07T22:04:00.129+0000] {processor.py:183} INFO - Processing /home/airflow/.local/lib/python3.12/site-packages/airflow/example_dags/example_xcom.py took 0.083 seconds
[2026-05-07T22:04:30.266+0000] {processor.py:161} INFO - Started process (PID=12361) to work on /home/airflow/.local/lib/python3.12/site-packages/airflow/example_dags/example_xcom.py
[2026-05-07T22:04:30.267+0000] {processor.py:830} INFO - Processing file /home/airflow/.local/lib/python3.12/site-packages/airflow/example_dags/example_xcom.py for tasks to queue
[2026-05-07T22:04:30.270+0000] {logging_mixin.py:188} INFO - [2026-05-07T22:04:30.269+0000] {dagbag.py:545} INFO - Filling up the DagBag from /home/airflow/.local/lib/python3.12/site-packages/airflow/example_dags/example_xcom.py
[2026-05-07T22:04:30.278+0000] {processor.py:840} INFO - DAG(s) 'example_xcom' retrieved from /home/airflow/.local/lib/python3.12/site-packages/airflow/example_dags/example_xcom.py
[2026-05-07T22:04:30.302+0000] {logging_mixin.py:188} INFO - [2026-05-07T22:04:30.302+0000] {dag.py:3096} INFO - Sync 1 DAGs
[2026-05-07T22:04:30.323+0000] {logging_mixin.py:188} INFO - [2026-05-07T22:04:30.323+0000] {dag.py:3954} INFO - Setting next_dagrun for example_xcom to 2021-01-01 00:00:00+00:00, run_after=2021-01-01 00:00:00+00:00
[2026-05-07T22:04:30.346+0000] {processor.py:183} INFO - Processing /home/airflow/.local/lib/python3.12/site-packages/airflow/example_dags/example_xcom.py took 0.087 seconds
[2026-05-07T22:05:00.537+0000] {processor.py:161} INFO - Started process (PID=12419) to work on /home/airflow/.local/lib/python3.12/site-packages/airflow/example_dags/example_xcom.py
[2026-05-07T22:05:00.539+0000] {processor.py:830} INFO - Processing file /home/airflow/.local/lib/python3.12/site-packages/airflow/example_dags/example_xcom.py for tasks to queue
[2026-05-07T22:05:00.541+0000] {logging_mixin.py:188} INFO - [2026-05-07T22:05:00.541+0000] {dagbag.py:545} INFO - Filling up the DagBag from /home/airflow/.local/lib/python3.12/site-packages/airflow/example_dags/example_xcom.py
[2026-05-07T22:05:00.548+0000] {processor.py:840} INFO - DAG(s) 'example_xcom' retrieved from /home/airflow/.local/lib/python3.12/site-packages/airflow/example_dags/example_xcom.py
[2026-05-07T22:05:00.571+0000] {logging_mixin.py:188} INFO - [2026-05-07T22:05:00.571+0000] {dag.py:3096} INFO - Sync 1 DAGs
[2026-05-07T22:05:00.592+0000] {logging_mixin.py:188} INFO - [2026-05-07T22:05:00.591+0000] {dag.py:3954} INFO - Setting next_dagrun for example_xcom to 2021-01-01 00:00:00+00:00, run_after=2021-01-01 00:00:00+00:00
[2026-05-07T22:05:00.614+0000] {processor.py:183} INFO - Processing /home/airflow/.local/lib/python3.12/site-packages/airflow/example_dags/example_xcom.py took 0.087 seconds
[2026-05-07T22:05:30.820+0000] {processor.py:161} INFO - Started process (PID=12477) to work on /home/airflow/.local/lib/python3.12/site-packages/airflow/example_dags/example_xcom.py
[2026-05-07T22:05:30.822+0000] {processor.py:830} INFO - Processing file /home/airflow/.local/lib/python3.12/site-packages/airflow/example_dags/example_xcom.py for tasks to queue
[2026-05-07T22:05:30.824+0000] {logging_mixin.py:188} INFO - [2026-05-07T22:05:30.824+0000] {dagbag.py:545} INFO - Filling up the DagBag from /home/airflow/.local/lib/python3.12/site-packages/airflow/example_dags/example_xcom.py
[2026-05-07T22:05:30.832+0000] {processor.py:840} INFO - DAG(s) 'example_xcom' retrieved from /home/airflow/.local/lib/python3.12/site-packages/airflow/example_dags/example_xcom.py
[2026-05-07T22:05:30.854+0000] {logging_mixin.py:188} INFO - [2026-05-07T22:05:30.854+0000] {dag.py:3096} INFO - Sync 1 DAGs
[2026-05-07T22:05:30.874+0000] {logging_mixin.py:188} INFO - [2026-05-07T22:05:30.874+0000] {dag.py:3954} INFO - Setting next_dagrun for example_xcom to 2021-01-01 00:00:00+00:00, run_after=2021-01-01 00:00:00+00:00
[2026-05-07T22:05:30.897+0000] {processor.py:183} INFO - Processing /home/airflow/.local/lib/python3.12/site-packages/airflow/example_dags/example_xcom.py took 0.086 seconds
[2026-05-07T22:06:01.177+0000] {processor.py:161} INFO - Started process (PID=12535) to work on /home/airflow/.local/lib/python3.12/site-packages/airflow/example_dags/example_xcom.py
[2026-05-07T22:06:01.179+0000] {processor.py:830} INFO - Processing file /home/airflow/.local/lib/python3.12/site-packages/airflow/example_dags/example_xcom.py for tasks to queue
[2026-05-07T22:06:01.181+0000] {logging_mixin.py:188} INFO - [2026-05-07T22:06:01.181+0000] {dagbag.py:545} INFO - Filling up the DagBag from /home/airflow/.local/lib/python3.12/site-packages/airflow/example_dags/example_xcom.py
[2026-05-07T22:06:01.189+0000] {processor.py:840} INFO - DAG(s) 'example_xcom' retrieved from /home/airflow/.local/lib/python3.12/site-packages/airflow/example_dags/example_xcom.py
[2026-05-07T22:06:01.214+0000] {logging_mixin.py:188} INFO - [2026-05-07T22:06:01.214+0000] {dag.py:3096} INFO - Sync 1 DAGs
[2026-05-07T22:06:01.238+0000] {logging_mixin.py:188} INFO - [2026-05-07T22:06:01.237+0000] {dag.py:3954} INFO - Setting next_dagrun for example_xcom to 2021-01-01 00:00:00+00:00, run_after=2021-01-01 00:00:00+00:00
[2026-05-07T22:06:01.265+0000] {processor.py:183} INFO - Processing /home/airflow/.local/lib/python3.12/site-packages/airflow/example_dags/example_xcom.py took 0.093 seconds
[2026-05-07T22:06:32.143+0000] {processor.py:161} INFO - Started process (PID=12593) to work on /home/airflow/.local/lib/python3.12/site-packages/airflow/example_dags/example_xcom.py
[2026-05-07T22:06:32.145+0000] {processor.py:830} INFO - Processing file /home/airflow/.local/lib/python3.12/site-packages/airflow/example_dags/example_xcom.py for tasks to queue
[2026-05-07T22:06:32.148+0000] {logging_mixin.py:188} INFO - [2026-05-07T22:06:32.148+0000] {dagbag.py:545} INFO - Filling up the DagBag from /home/airflow/.local/lib/python3.12/site-packages/airflow/example_dags/example_xcom.py
[2026-05-07T22:06:32.156+0000] {processor.py:840} INFO - DAG(s) 'example_xcom' retrieved from /home/airflow/.local/lib/python3.12/site-packages/airflow/example_dags/example_xcom.py
[2026-05-07T22:06:32.178+0000] {logging_mixin.py:188} INFO - [2026-05-07T22:06:32.178+0000] {dag.py:3096} INFO - Sync 1 DAGs
[2026-05-07T22:06:32.200+0000] {logging_mixin.py:188} INFO - [2026-05-07T22:06:32.200+0000] {dag.py:3954} INFO - Setting next_dagrun for example_xcom to 2021-01-01 00:00:00+00:00, run_after=2021-01-01 00:00:00+00:00
[2026-05-07T22:06:32.226+0000] {processor.py:183} INFO - Processing /home/airflow/.local/lib/python3.12/site-packages/airflow/example_dags/example_xcom.py took 0.088 seconds
[2026-05-07T22:07:02.910+0000] {processor.py:161} INFO - Started process (PID=12651) to work on /home/airflow/.local/lib/python3.12/site-packages/airflow/example_dags/example_xcom.py
[2026-05-07T22:07:02.911+0000] {processor.py:830} INFO - Processing file /home/airflow/.local/lib/python3.12/site-packages/airflow/example_dags/example_xcom.py for tasks to queue
[2026-05-07T22:07:02.914+0000] {logging_mixin.py:188} INFO - [2026-05-07T22:07:02.913+0000] {dagbag.py:545} INFO - Filling up the DagBag from /home/airflow/.local/lib/python3.12/site-packages/airflow/example_dags/example_xcom.py
[2026-05-07T22:07:02.924+0000] {processor.py:840} INFO - DAG(s) 'example_xcom' retrieved from /home/airflow/.local/lib/python3.12/site-packages/airflow/example_dags/example_xcom.py
[2026-05-07T22:07:02.953+0000] {logging_mixin.py:188} INFO - [2026-05-07T22:07:02.953+0000] {dag.py:3096} INFO - Sync 1 DAGs
[2026-05-07T22:07:02.977+0000] {logging_mixin.py:188} INFO - [2026-05-07T22:07:02.977+0000] {dag.py:3954} INFO - Setting next_dagrun for example_xcom to 2021-01-01 00:00:00+00:00, run_after=2021-01-01 00:00:00+00:00
[2026-05-07T22:07:03.006+0000] {processor.py:183} INFO - Processing /home/airflow/.local/lib/python3.12/site-packages/airflow/example_dags/example_xcom.py took 0.101 seconds
[2026-05-07T22:07:33.092+0000] {processor.py:161} INFO - Started process (PID=12709) to work on /home/airflow/.local/lib/python3.12/site-packages/airflow/example_dags/example_xcom.py
[2026-05-07T22:07:33.094+0000] {processor.py:830} INFO - Processing file /home/airflow/.local/lib/python3.12/site-packages/airflow/example_dags/example_xcom.py for tasks to queue
[2026-05-07T22:07:33.096+0000] {logging_mixin.py:188} INFO - [2026-05-07T22:07:33.096+0000] {dagbag.py:545} INFO - Filling up the DagBag from /home/airflow/.local/lib/python3.12/site-packages/airflow/example_dags/example_xcom.py
[2026-05-07T22:07:33.103+0000] {processor.py:840} INFO - DAG(s) 'example_xcom' retrieved from /home/airflow/.local/lib/python3.12/site-packages/airflow/example_dags/example_xcom.py
[2026-05-07T22:07:33.125+0000] {logging_mixin.py:188} INFO - [2026-05-07T22:07:33.125+0000] {dag.py:3096} INFO - Sync 1 DAGs
[2026-05-07T22:07:33.147+0000] {logging_mixin.py:188} INFO - [2026-05-07T22:07:33.147+0000] {dag.py:3954} INFO - Setting next_dagrun for example_xcom to 2021-01-01 00:00:00+00:00, run_after=2021-01-01 00:00:00+00:00
[2026-05-07T22:07:33.172+0000] {processor.py:183} INFO - Processing /home/airflow/.local/lib/python3.12/site-packages/airflow/example_dags/example_xcom.py took 0.085 seconds
[2026-05-07T22:08:03.271+0000] {processor.py:161} INFO - Started process (PID=12767) to work on /home/airflow/.local/lib/python3.12/site-packages/airflow/example_dags/example_xcom.py
[2026-05-07T22:08:03.272+0000] {processor.py:830} INFO - Processing file /home/airflow/.local/lib/python3.12/site-packages/airflow/example_dags/example_xcom.py for tasks to queue
[2026-05-07T22:08:03.275+0000] {logging_mixin.py:188} INFO - [2026-05-07T22:08:03.274+0000] {dagbag.py:545} INFO - Filling up the DagBag from /home/airflow/.local/lib/python3.12/site-packages/airflow/example_dags/example_xcom.py
[2026-05-07T22:08:03.284+0000] {processor.py:840} INFO - DAG(s) 'example_xcom' retrieved from /home/airflow/.local/lib/python3.12/site-packages/airflow/example_dags/example_xcom.py
[2026-05-07T22:08:03.307+0000] {logging_mixin.py:188} INFO - [2026-05-07T22:08:03.307+0000] {dag.py:3096} INFO - Sync 1 DAGs
[2026-05-07T22:08:03.326+0000] {logging_mixin.py:188} INFO - [2026-05-07T22:08:03.326+0000] {dag.py:3954} INFO - Setting next_dagrun for example_xcom to 2021-01-01 00:00:00+00:00, run_after=2021-01-01 00:00:00+00:00
[2026-05-07T22:08:03.348+0000] {processor.py:183} INFO - Processing /home/airflow/.local/lib/python3.12/site-packages/airflow/example_dags/example_xcom.py took 0.083 seconds
[2026-05-07T22:08:33.498+0000] {processor.py:161} INFO - Started process (PID=12825) to work on /home/airflow/.local/lib/python3.12/site-packages/airflow/example_dags/example_xcom.py
[2026-05-07T22:08:33.499+0000] {processor.py:830} INFO - Processing file /home/airflow/.local/lib/python3.12/site-packages/airflow/example_dags/example_xcom.py for tasks to queue
[2026-05-07T22:08:33.502+0000] {logging_mixin.py:188} INFO - [2026-05-07T22:08:33.501+0000] {dagbag.py:545} INFO - Filling up the DagBag from /home/airflow/.local/lib/python3.12/site-packages/airflow/example_dags/example_xcom.py
[2026-05-07T22:08:33.509+0000] {processor.py:840} INFO - DAG(s) 'example_xcom' retrieved from /home/airflow/.local/lib/python3.12/site-packages/airflow/example_dags/example_xcom.py
[2026-05-07T22:08:33.530+0000] {logging_mixin.py:188} INFO - [2026-05-07T22:08:33.530+0000] {dag.py:3096} INFO - Sync 1 DAGs
[2026-05-07T22:08:33.550+0000] {logging_mixin.py:188} INFO - [2026-05-07T22:08:33.550+0000] {dag.py:3954} INFO - Setting next_dagrun for example_xcom to 2021-01-01 00:00:00+00:00, run_after=2021-01-01 00:00:00+00:00
[2026-05-07T22:08:33.571+0000] {processor.py:183} INFO - Processing /home/airflow/.local/lib/python3.12/site-packages/airflow/example_dags/example_xcom.py took 0.079 seconds
[2026-05-07T22:09:03.861+0000] {processor.py:161} INFO - Started process (PID=12883) to work on /home/airflow/.local/lib/python3.12/site-packages/airflow/example_dags/example_xcom.py
[2026-05-07T22:09:03.862+0000] {processor.py:830} INFO - Processing file /home/airflow/.local/lib/python3.12/site-packages/airflow/example_dags/example_xcom.py for tasks to queue
[2026-05-07T22:09:03.866+0000] {logging_mixin.py:188} INFO - [2026-05-07T22:09:03.865+0000] {dagbag.py:545} INFO - Filling up the DagBag from /home/airflow/.local/lib/python3.12/site-packages/airflow/example_dags/example_xcom.py
[2026-05-07T22:09:03.875+0000] {processor.py:840} INFO - DAG(s) 'example_xcom' retrieved from /home/airflow/.local/lib/python3.12/site-packages/airflow/example_dags/example_xcom.py
[2026-05-07T22:09:03.902+0000] {logging_mixin.py:188} INFO - [2026-05-07T22:09:03.901+0000] {dag.py:3096} INFO - Sync 1 DAGs
[2026-05-07T22:09:03.931+0000] {logging_mixin.py:188} INFO - [2026-05-07T22:09:03.930+0000] {dag.py:3954} INFO - Setting next_dagrun for example_xcom to 2021-01-01 00:00:00+00:00, run_after=2021-01-01 00:00:00+00:00
[2026-05-07T22:09:03.960+0000] {processor.py:183} INFO - Processing /home/airflow/.local/lib/python3.12/site-packages/airflow/example_dags/example_xcom.py took 0.108 seconds
[2026-05-07T22:09:34.082+0000] {processor.py:161} INFO - Started process (PID=12941) to work on /home/airflow/.local/lib/python3.12/site-packages/airflow/example_dags/example_xcom.py
[2026-05-07T22:09:34.084+0000] {processor.py:830} INFO - Processing file /home/airflow/.local/lib/python3.12/site-packages/airflow/example_dags/example_xcom.py for tasks to queue
[2026-05-07T22:09:34.086+0000] {logging_mixin.py:188} INFO - [2026-05-07T22:09:34.086+0000] {dagbag.py:545} INFO - Filling up the DagBag from /home/airflow/.local/lib/python3.12/site-packages/airflow/example_dags/example_xcom.py
[2026-05-07T22:09:34.097+0000] {processor.py:840} INFO - DAG(s) 'example_xcom' retrieved from /home/airflow/.local/lib/python3.12/site-packages/airflow/example_dags/example_xcom.py
[2026-05-07T22:09:34.130+0000] {logging_mixin.py:188} INFO - [2026-05-07T22:09:34.130+0000] {dag.py:3096} INFO - Sync 1 DAGs
[2026-05-07T22:09:34.154+0000] {logging_mixin.py:188} INFO - [2026-05-07T22:09:34.154+0000] {dag.py:3954} INFO - Setting next_dagrun for example_xcom to 2021-01-01 00:00:00+00:00, run_after=2021-01-01 00:00:00+00:00
[2026-05-07T22:09:34.182+0000] {processor.py:183} INFO - Processing /home/airflow/.local/lib/python3.12/site-packages/airflow/example_dags/example_xcom.py took 0.107 seconds
[2026-05-07T22:10:04.333+0000] {processor.py:161} INFO - Started process (PID=12999) to work on /home/airflow/.local/lib/python3.12/site-packages/airflow/example_dags/example_xcom.py
[2026-05-07T22:10:04.335+0000] {processor.py:830} INFO - Processing file /home/airflow/.local/lib/python3.12/site-packages/airflow/example_dags/example_xcom.py for tasks to queue
[2026-05-07T22:10:04.337+0000] {logging_mixin.py:188} INFO - [2026-05-07T22:10:04.337+0000] {dagbag.py:545} INFO - Filling up the DagBag from /home/airflow/.local/lib/python3.12/site-packages/airflow/example_dags/example_xcom.py
[2026-05-07T22:10:04.348+0000] {processor.py:840} INFO - DAG(s) 'example_xcom' retrieved from /home/airflow/.local/lib/python3.12/site-packages/airflow/example_dags/example_xcom.py
[2026-05-07T22:10:04.374+0000] {logging_mixin.py:188} INFO - [2026-05-07T22:10:04.374+0000] {dag.py:3096} INFO - Sync 1 DAGs
[2026-05-07T22:10:04.395+0000] {logging_mixin.py:188} INFO - [2026-05-07T22:10:04.395+0000] {dag.py:3954} INFO - Setting next_dagrun for example_xcom to 2021-01-01 00:00:00+00:00, run_after=2021-01-01 00:00:00+00:00
[2026-05-07T22:10:04.414+0000] {processor.py:183} INFO - Processing /home/airflow/.local/lib/python3.12/site-packages/airflow/example_dags/example_xcom.py took 0.089 seconds
[2026-05-07T22:10:34.643+0000] {processor.py:161} INFO - Started process (PID=13057) to work on /home/airflow/.local/lib/python3.12/site-packages/airflow/example_dags/example_xcom.py
[2026-05-07T22:10:34.644+0000] {processor.py:830} INFO - Processing file /home/airflow/.local/lib/python3.12/site-packages/airflow/example_dags/example_xcom.py for tasks to queue
[2026-05-07T22:10:34.647+0000] {logging_mixin.py:188} INFO - [2026-05-07T22:10:34.646+0000] {dagbag.py:545} INFO - Filling up the DagBag from /home/airflow/.local/lib/python3.12/site-packages/airflow/example_dags/example_xcom.py
[2026-05-07T22:10:34.656+0000] {processor.py:840} INFO - DAG(s) 'example_xcom' retrieved from /home/airflow/.local/lib/python3.12/site-packages/airflow/example_dags/example_xcom.py
[2026-05-07T22:10:34.682+0000] {logging_mixin.py:188} INFO - [2026-05-07T22:10:34.682+0000] {dag.py:3096} INFO - Sync 1 DAGs
[2026-05-07T22:10:34.706+0000] {logging_mixin.py:188} INFO - [2026-05-07T22:10:34.706+0000] {dag.py:3954} INFO - Setting next_dagrun for example_xcom to 2021-01-01 00:00:00+00:00, run_after=2021-01-01 00:00:00+00:00
[2026-05-07T22:10:34.729+0000] {processor.py:183} INFO - Processing /home/airflow/.local/lib/python3.12/site-packages/airflow/example_dags/example_xcom.py took 0.092 seconds
[2026-05-07T22:11:04.912+0000] {processor.py:161} INFO - Started process (PID=13115) to work on /home/airflow/.local/lib/python3.12/site-packages/airflow/example_dags/example_xcom.py
[2026-05-07T22:11:04.914+0000] {processor.py:830} INFO - Processing file /home/airflow/.local/lib/python3.12/site-packages/airflow/example_dags/example_xcom.py for tasks to queue
[2026-05-07T22:11:04.917+0000] {logging_mixin.py:188} INFO - [2026-05-07T22:11:04.917+0000] {dagbag.py:545} INFO - Filling up the DagBag from /home/airflow/.local/lib/python3.12/site-packages/airflow/example_dags/example_xcom.py
[2026-05-07T22:11:04.927+0000] {processor.py:840} INFO - DAG(s) 'example_xcom' retrieved from /home/airflow/.local/lib/python3.12/site-packages/airflow/example_dags/example_xcom.py
[2026-05-07T22:11:04.964+0000] {logging_mixin.py:188} INFO - [2026-05-07T22:11:04.964+0000] {dag.py:3096} INFO - Sync 1 DAGs
[2026-05-07T22:11:05.001+0000] {logging_mixin.py:188} INFO - [2026-05-07T22:11:05.001+0000] {dag.py:3954} INFO - Setting next_dagrun for example_xcom to 2021-01-01 00:00:00+00:00, run_after=2021-01-01 00:00:00+00:00
[2026-05-07T22:11:05.035+0000] {processor.py:183} INFO - Processing /home/airflow/.local/lib/python3.12/site-packages/airflow/example_dags/example_xcom.py took 0.131 seconds
[2026-05-07T22:11:35.208+0000] {processor.py:161} INFO - Started process (PID=13173) to work on /home/airflow/.local/lib/python3.12/site-packages/airflow/example_dags/example_xcom.py
[2026-05-07T22:11:35.209+0000] {processor.py:830} INFO - Processing file /home/airflow/.local/lib/python3.12/site-packages/airflow/example_dags/example_xcom.py for tasks to queue
[2026-05-07T22:11:35.212+0000] {logging_mixin.py:188} INFO - [2026-05-07T22:11:35.211+0000] {dagbag.py:545} INFO - Filling up the DagBag from /home/airflow/.local/lib/python3.12/site-packages/airflow/example_dags/example_xcom.py
[2026-05-07T22:11:35.220+0000] {processor.py:840} INFO - DAG(s) 'example_xcom' retrieved from /home/airflow/.local/lib/python3.12/site-packages/airflow/example_dags/example_xcom.py
[2026-05-07T22:11:35.245+0000] {logging_mixin.py:188} INFO - [2026-05-07T22:11:35.244+0000] {dag.py:3096} INFO - Sync 1 DAGs
[2026-05-07T22:11:35.268+0000] {logging_mixin.py:188} INFO - [2026-05-07T22:11:35.267+0000] {dag.py:3954} INFO - Setting next_dagrun for example_xcom to 2021-01-01 00:00:00+00:00, run_after=2021-01-01 00:00:00+00:00
[2026-05-07T22:11:35.291+0000] {processor.py:183} INFO - Processing /home/airflow/.local/lib/python3.12/site-packages/airflow/example_dags/example_xcom.py took 0.088 seconds
[2026-05-07T22:13:36.737+0000] {processor.py:161} INFO - Started process (PID=106) to work on /home/airflow/.local/lib/python3.12/site-packages/airflow/example_dags/example_xcom.py
[2026-05-07T22:13:36.740+0000] {processor.py:830} INFO - Processing file /home/airflow/.local/lib/python3.12/site-packages/airflow/example_dags/example_xcom.py for tasks to queue
[2026-05-07T22:13:36.744+0000] {logging_mixin.py:188} INFO - [2026-05-07T22:13:36.744+0000] {dagbag.py:545} INFO - Filling up the DagBag from /home/airflow/.local/lib/python3.12/site-packages/airflow/example_dags/example_xcom.py
[2026-05-07T22:13:36.762+0000] {processor.py:840} INFO - DAG(s) 'example_xcom' retrieved from /home/airflow/.local/lib/python3.12/site-packages/airflow/example_dags/example_xcom.py
[2026-05-07T22:13:37.052+0000] {logging_mixin.py:188} INFO - [2026-05-07T22:13:37.052+0000] {dag.py:3096} INFO - Sync 1 DAGs
[2026-05-07T22:13:37.106+0000] {logging_mixin.py:188} INFO - [2026-05-07T22:13:37.105+0000] {dag.py:3954} INFO - Setting next_dagrun for example_xcom to 2021-01-01 00:00:00+00:00, run_after=2021-01-01 00:00:00+00:00
[2026-05-07T22:13:37.141+0000] {processor.py:183} INFO - Processing /home/airflow/.local/lib/python3.12/site-packages/airflow/example_dags/example_xcom.py took 0.415 seconds
[2026-05-07T22:14:07.932+0000] {processor.py:161} INFO - Started process (PID=164) to work on /home/airflow/.local/lib/python3.12/site-packages/airflow/example_dags/example_xcom.py
[2026-05-07T22:14:07.935+0000] {processor.py:830} INFO - Processing file /home/airflow/.local/lib/python3.12/site-packages/airflow/example_dags/example_xcom.py for tasks to queue
[2026-05-07T22:14:07.939+0000] {logging_mixin.py:188} INFO - [2026-05-07T22:14:07.938+0000] {dagbag.py:545} INFO - Filling up the DagBag from /home/airflow/.local/lib/python3.12/site-packages/airflow/example_dags/example_xcom.py
[2026-05-07T22:14:07.949+0000] {processor.py:840} INFO - DAG(s) 'example_xcom' retrieved from /home/airflow/.local/lib/python3.12/site-packages/airflow/example_dags/example_xcom.py
[2026-05-07T22:14:07.976+0000] {logging_mixin.py:188} INFO - [2026-05-07T22:14:07.976+0000] {dag.py:3096} INFO - Sync 1 DAGs
[2026-05-07T22:14:08.000+0000] {logging_mixin.py:188} INFO - [2026-05-07T22:14:08.000+0000] {dag.py:3954} INFO - Setting next_dagrun for example_xcom to 2021-01-01 00:00:00+00:00, run_after=2021-01-01 00:00:00+00:00
[2026-05-07T22:14:08.033+0000] {processor.py:183} INFO - Processing /home/airflow/.local/lib/python3.12/site-packages/airflow/example_dags/example_xcom.py took 0.110 seconds
[2026-05-07T22:14:38.366+0000] {processor.py:161} INFO - Started process (PID=222) to work on /home/airflow/.local/lib/python3.12/site-packages/airflow/example_dags/example_xcom.py
[2026-05-07T22:14:38.368+0000] {processor.py:830} INFO - Processing file /home/airflow/.local/lib/python3.12/site-packages/airflow/example_dags/example_xcom.py for tasks to queue
[2026-05-07T22:14:38.371+0000] {logging_mixin.py:188} INFO - [2026-05-07T22:14:38.370+0000] {dagbag.py:545} INFO - Filling up the DagBag from /home/airflow/.local/lib/python3.12/site-packages/airflow/example_dags/example_xcom.py
[2026-05-07T22:14:38.380+0000] {processor.py:840} INFO - DAG(s) 'example_xcom' retrieved from /home/airflow/.local/lib/python3.12/site-packages/airflow/example_dags/example_xcom.py
[2026-05-07T22:14:38.410+0000] {logging_mixin.py:188} INFO - [2026-05-07T22:14:38.410+0000] {dag.py:3096} INFO - Sync 1 DAGs
[2026-05-07T22:14:38.443+0000] {logging_mixin.py:188} INFO - [2026-05-07T22:14:38.442+0000] {dag.py:3954} INFO - Setting next_dagrun for example_xcom to 2021-01-01 00:00:00+00:00, run_after=2021-01-01 00:00:00+00:00
[2026-05-07T22:14:38.466+0000] {processor.py:183} INFO - Processing /home/airflow/.local/lib/python3.12/site-packages/airflow/example_dags/example_xcom.py took 0.107 seconds
[2026-05-07T22:15:08.842+0000] {processor.py:161} INFO - Started process (PID=280) to work on /home/airflow/.local/lib/python3.12/site-packages/airflow/example_dags/example_xcom.py
[2026-05-07T22:15:08.847+0000] {processor.py:830} INFO - Processing file /home/airflow/.local/lib/python3.12/site-packages/airflow/example_dags/example_xcom.py for tasks to queue
[2026-05-07T22:15:08.866+0000] {logging_mixin.py:188} INFO - [2026-05-07T22:15:08.863+0000] {dagbag.py:545} INFO - Filling up the DagBag from /home/airflow/.local/lib/python3.12/site-packages/airflow/example_dags/example_xcom.py
[2026-05-07T22:15:09.088+0000] {processor.py:840} INFO - DAG(s) 'example_xcom' retrieved from /home/airflow/.local/lib/python3.12/site-packages/airflow/example_dags/example_xcom.py
[2026-05-07T22:15:09.182+0000] {logging_mixin.py:188} INFO - [2026-05-07T22:15:09.180+0000] {dag.py:3096} INFO - Sync 1 DAGs
[2026-05-07T22:15:09.286+0000] {logging_mixin.py:188} INFO - [2026-05-07T22:15:09.285+0000] {dag.py:3954} INFO - Setting next_dagrun for example_xcom to 2021-01-01 00:00:00+00:00, run_after=2021-01-01 00:00:00+00:00
[2026-05-07T22:15:09.363+0000] {processor.py:183} INFO - Processing /home/airflow/.local/lib/python3.12/site-packages/airflow/example_dags/example_xcom.py took 0.547 seconds
[2026-05-07T22:15:39.589+0000] {processor.py:161} INFO - Started process (PID=338) to work on /home/airflow/.local/lib/python3.12/site-packages/airflow/example_dags/example_xcom.py
[2026-05-07T22:15:39.591+0000] {processor.py:830} INFO - Processing file /home/airflow/.local/lib/python3.12/site-packages/airflow/example_dags/example_xcom.py for tasks to queue
[2026-05-07T22:15:39.594+0000] {logging_mixin.py:188} INFO - [2026-05-07T22:15:39.593+0000] {dagbag.py:545} INFO - Filling up the DagBag from /home/airflow/.local/lib/python3.12/site-packages/airflow/example_dags/example_xcom.py
[2026-05-07T22:15:39.607+0000] {processor.py:840} INFO - DAG(s) 'example_xcom' retrieved from /home/airflow/.local/lib/python3.12/site-packages/airflow/example_dags/example_xcom.py
[2026-05-07T22:15:39.648+0000] {logging_mixin.py:188} INFO - [2026-05-07T22:15:39.647+0000] {dag.py:3096} INFO - Sync 1 DAGs
[2026-05-07T22:15:39.684+0000] {logging_mixin.py:188} INFO - [2026-05-07T22:15:39.683+0000] {dag.py:3954} INFO - Setting next_dagrun for example_xcom to 2021-01-01 00:00:00+00:00, run_after=2021-01-01 00:00:00+00:00
[2026-05-07T22:15:39.717+0000] {processor.py:183} INFO - Processing /home/airflow/.local/lib/python3.12/site-packages/airflow/example_dags/example_xcom.py took 0.137 seconds
[2026-05-07T22:16:10.141+0000] {processor.py:161} INFO - Started process (PID=396) to work on /home/airflow/.local/lib/python3.12/site-packages/airflow/example_dags/example_xcom.py
[2026-05-07T22:16:10.143+0000] {processor.py:830} INFO - Processing file /home/airflow/.local/lib/python3.12/site-packages/airflow/example_dags/example_xcom.py for tasks to queue
[2026-05-07T22:16:10.145+0000] {logging_mixin.py:188} INFO - [2026-05-07T22:16:10.144+0000] {dagbag.py:545} INFO - Filling up the DagBag from /home/airflow/.local/lib/python3.12/site-packages/airflow/example_dags/example_xcom.py
[2026-05-07T22:16:10.152+0000] {processor.py:840} INFO - DAG(s) 'example_xcom' retrieved from /home/airflow/.local/lib/python3.12/site-packages/airflow/example_dags/example_xcom.py
[2026-05-07T22:16:10.173+0000] {logging_mixin.py:188} INFO - [2026-05-07T22:16:10.173+0000] {dag.py:3096} INFO - Sync 1 DAGs
[2026-05-07T22:16:10.192+0000] {logging_mixin.py:188} INFO - [2026-05-07T22:16:10.192+0000] {dag.py:3954} INFO - Setting next_dagrun for example_xcom to 2021-01-01 00:00:00+00:00, run_after=2021-01-01 00:00:00+00:00
[2026-05-07T22:16:10.213+0000] {processor.py:183} INFO - Processing /home/airflow/.local/lib/python3.12/site-packages/airflow/example_dags/example_xcom.py took 0.077 seconds
[2026-05-07T22:16:40.749+0000] {processor.py:161} INFO - Started process (PID=454) to work on /home/airflow/.local/lib/python3.12/site-packages/airflow/example_dags/example_xcom.py
[2026-05-07T22:16:40.750+0000] {processor.py:830} INFO - Processing file /home/airflow/.local/lib/python3.12/site-packages/airflow/example_dags/example_xcom.py for tasks to queue
[2026-05-07T22:16:40.753+0000] {logging_mixin.py:188} INFO - [2026-05-07T22:16:40.752+0000] {dagbag.py:545} INFO - Filling up the DagBag from /home/airflow/.local/lib/python3.12/site-packages/airflow/example_dags/example_xcom.py
[2026-05-07T22:16:40.760+0000] {processor.py:840} INFO - DAG(s) 'example_xcom' retrieved from /home/airflow/.local/lib/python3.12/site-packages/airflow/example_dags/example_xcom.py
[2026-05-07T22:16:40.780+0000] {logging_mixin.py:188} INFO - [2026-05-07T22:16:40.780+0000] {dag.py:3096} INFO - Sync 1 DAGs
[2026-05-07T22:16:40.799+0000] {logging_mixin.py:188} INFO - [2026-05-07T22:16:40.798+0000] {dag.py:3954} INFO - Setting next_dagrun for example_xcom to 2021-01-01 00:00:00+00:00, run_after=2021-01-01 00:00:00+00:00
[2026-05-07T22:16:40.816+0000] {processor.py:183} INFO - Processing /home/airflow/.local/lib/python3.12/site-packages/airflow/example_dags/example_xcom.py took 0.073 seconds
[2026-05-07T22:17:11.061+0000] {processor.py:161} INFO - Started process (PID=512) to work on /home/airflow/.local/lib/python3.12/site-packages/airflow/example_dags/example_xcom.py
[2026-05-07T22:17:11.063+0000] {processor.py:830} INFO - Processing file /home/airflow/.local/lib/python3.12/site-packages/airflow/example_dags/example_xcom.py for tasks to queue
[2026-05-07T22:17:11.065+0000] {logging_mixin.py:188} INFO - [2026-05-07T22:17:11.065+0000] {dagbag.py:545} INFO - Filling up the DagBag from /home/airflow/.local/lib/python3.12/site-packages/airflow/example_dags/example_xcom.py
[2026-05-07T22:17:11.073+0000] {processor.py:840} INFO - DAG(s) 'example_xcom' retrieved from /home/airflow/.local/lib/python3.12/site-packages/airflow/example_dags/example_xcom.py
[2026-05-07T22:17:11.092+0000] {logging_mixin.py:188} INFO - [2026-05-07T22:17:11.091+0000] {dag.py:3096} INFO - Sync 1 DAGs
[2026-05-07T22:17:11.110+0000] {logging_mixin.py:188} INFO - [2026-05-07T22:17:11.110+0000] {dag.py:3954} INFO - Setting next_dagrun for example_xcom to 2021-01-01 00:00:00+00:00, run_after=2021-01-01 00:00:00+00:00
[2026-05-07T22:17:11.125+0000] {processor.py:183} INFO - Processing /home/airflow/.local/lib/python3.12/site-packages/airflow/example_dags/example_xcom.py took 0.070 seconds
[2026-05-07T22:17:42.037+0000] {processor.py:161} INFO - Started process (PID=570) to work on /home/airflow/.local/lib/python3.12/site-packages/airflow/example_dags/example_xcom.py
[2026-05-07T22:17:42.039+0000] {processor.py:830} INFO - Processing file /home/airflow/.local/lib/python3.12/site-packages/airflow/example_dags/example_xcom.py for tasks to queue
[2026-05-07T22:17:42.041+0000] {logging_mixin.py:188} INFO - [2026-05-07T22:17:42.041+0000] {dagbag.py:545} INFO - Filling up the DagBag from /home/airflow/.local/lib/python3.12/site-packages/airflow/example_dags/example_xcom.py
[2026-05-07T22:17:42.050+0000] {processor.py:840} INFO - DAG(s) 'example_xcom' retrieved from /home/airflow/.local/lib/python3.12/site-packages/airflow/example_dags/example_xcom.py
[2026-05-07T22:17:42.073+0000] {logging_mixin.py:188} INFO - [2026-05-07T22:17:42.073+0000] {dag.py:3096} INFO - Sync 1 DAGs
[2026-05-07T22:17:42.096+0000] {logging_mixin.py:188} INFO - [2026-05-07T22:17:42.096+0000] {dag.py:3954} INFO - Setting next_dagrun for example_xcom to 2021-01-01 00:00:00+00:00, run_after=2021-01-01 00:00:00+00:00
[2026-05-07T22:17:42.118+0000] {processor.py:183} INFO - Processing /home/airflow/.local/lib/python3.12/site-packages/airflow/example_dags/example_xcom.py took 0.087 seconds
[2026-05-07T22:18:12.894+0000] {processor.py:161} INFO - Started process (PID=628) to work on /home/airflow/.local/lib/python3.12/site-packages/airflow/example_dags/example_xcom.py
[2026-05-07T22:18:12.895+0000] {processor.py:830} INFO - Processing file /home/airflow/.local/lib/python3.12/site-packages/airflow/example_dags/example_xcom.py for tasks to queue
[2026-05-07T22:18:12.897+0000] {logging_mixin.py:188} INFO - [2026-05-07T22:18:12.897+0000] {dagbag.py:545} INFO - Filling up the DagBag from /home/airflow/.local/lib/python3.12/site-packages/airflow/example_dags/example_xcom.py
[2026-05-07T22:18:12.905+0000] {processor.py:840} INFO - DAG(s) 'example_xcom' retrieved from /home/airflow/.local/lib/python3.12/site-packages/airflow/example_dags/example_xcom.py
[2026-05-07T22:18:12.929+0000] {logging_mixin.py:188} INFO - [2026-05-07T22:18:12.928+0000] {dag.py:3096} INFO - Sync 1 DAGs
[2026-05-07T22:18:12.951+0000] {logging_mixin.py:188} INFO - [2026-05-07T22:18:12.951+0000] {dag.py:3954} INFO - Setting next_dagrun for example_xcom to 2021-01-01 00:00:00+00:00, run_after=2021-01-01 00:00:00+00:00
[2026-05-07T22:18:12.990+0000] {processor.py:183} INFO - Processing /home/airflow/.local/lib/python3.12/site-packages/airflow/example_dags/example_xcom.py took 0.101 seconds
[2026-05-07T22:18:43.291+0000] {processor.py:161} INFO - Started process (PID=685) to work on /home/airflow/.local/lib/python3.12/site-packages/airflow/example_dags/example_xcom.py
[2026-05-07T22:18:43.292+0000] {processor.py:830} INFO - Processing file /home/airflow/.local/lib/python3.12/site-packages/airflow/example_dags/example_xcom.py for tasks to queue
[2026-05-07T22:18:43.294+0000] {logging_mixin.py:188} INFO - [2026-05-07T22:18:43.294+0000] {dagbag.py:545} INFO - Filling up the DagBag from /home/airflow/.local/lib/python3.12/site-packages/airflow/example_dags/example_xcom.py
[2026-05-07T22:18:43.304+0000] {processor.py:840} INFO - DAG(s) 'example_xcom' retrieved from /home/airflow/.local/lib/python3.12/site-packages/airflow/example_dags/example_xcom.py
[2026-05-07T22:18:43.325+0000] {logging_mixin.py:188} INFO - [2026-05-07T22:18:43.325+0000] {dag.py:3096} INFO - Sync 1 DAGs
[2026-05-07T22:18:43.344+0000] {logging_mixin.py:188} INFO - [2026-05-07T22:18:43.343+0000] {dag.py:3954} INFO - Setting next_dagrun for example_xcom to 2021-01-01 00:00:00+00:00, run_after=2021-01-01 00:00:00+00:00
[2026-05-07T22:18:43.363+0000] {processor.py:183} INFO - Processing /home/airflow/.local/lib/python3.12/site-packages/airflow/example_dags/example_xcom.py took 0.078 seconds
[2026-05-07T22:19:13.728+0000] {processor.py:161} INFO - Started process (PID=743) to work on /home/airflow/.local/lib/python3.12/site-packages/airflow/example_dags/example_xcom.py
[2026-05-07T22:19:13.729+0000] {processor.py:830} INFO - Processing file /home/airflow/.local/lib/python3.12/site-packages/airflow/example_dags/example_xcom.py for tasks to queue
[2026-05-07T22:19:13.732+0000] {logging_mixin.py:188} INFO - [2026-05-07T22:19:13.732+0000] {dagbag.py:545} INFO - Filling up the DagBag from /home/airflow/.local/lib/python3.12/site-packages/airflow/example_dags/example_xcom.py
[2026-05-07T22:19:13.742+0000] {processor.py:840} INFO - DAG(s) 'example_xcom' retrieved from /home/airflow/.local/lib/python3.12/site-packages/airflow/example_dags/example_xcom.py
[2026-05-07T22:19:13.769+0000] {logging_mixin.py:188} INFO - [2026-05-07T22:19:13.769+0000] {dag.py:3096} INFO - Sync 1 DAGs
[2026-05-07T22:19:13.794+0000] {logging_mixin.py:188} INFO - [2026-05-07T22:19:13.794+0000] {dag.py:3954} INFO - Setting next_dagrun for example_xcom to 2021-01-01 00:00:00+00:00, run_after=2021-01-01 00:00:00+00:00
[2026-05-07T22:19:13.824+0000] {processor.py:183} INFO - Processing /home/airflow/.local/lib/python3.12/site-packages/airflow/example_dags/example_xcom.py took 0.103 seconds
[2026-05-07T22:19:44.738+0000] {processor.py:161} INFO - Started process (PID=801) to work on /home/airflow/.local/lib/python3.12/site-packages/airflow/example_dags/example_xcom.py
[2026-05-07T22:19:44.739+0000] {processor.py:830} INFO - Processing file /home/airflow/.local/lib/python3.12/site-packages/airflow/example_dags/example_xcom.py for tasks to queue
[2026-05-07T22:19:44.742+0000] {logging_mixin.py:188} INFO - [2026-05-07T22:19:44.742+0000] {dagbag.py:545} INFO - Filling up the DagBag from /home/airflow/.local/lib/python3.12/site-packages/airflow/example_dags/example_xcom.py
[2026-05-07T22:19:44.750+0000] {processor.py:840} INFO - DAG(s) 'example_xcom' retrieved from /home/airflow/.local/lib/python3.12/site-packages/airflow/example_dags/example_xcom.py
[2026-05-07T22:19:44.770+0000] {logging_mixin.py:188} INFO - [2026-05-07T22:19:44.770+0000] {dag.py:3096} INFO - Sync 1 DAGs
[2026-05-07T22:19:44.787+0000] {logging_mixin.py:188} INFO - [2026-05-07T22:19:44.787+0000] {dag.py:3954} INFO - Setting next_dagrun for example_xcom to 2021-01-01 00:00:00+00:00, run_after=2021-01-01 00:00:00+00:00
[2026-05-07T22:19:44.804+0000] {processor.py:183} INFO - Processing /home/airflow/.local/lib/python3.12/site-packages/airflow/example_dags/example_xcom.py took 0.072 seconds
[2026-05-07T22:20:15.062+0000] {processor.py:161} INFO - Started process (PID=859) to work on /home/airflow/.local/lib/python3.12/site-packages/airflow/example_dags/example_xcom.py
[2026-05-07T22:20:15.064+0000] {processor.py:830} INFO - Processing file /home/airflow/.local/lib/python3.12/site-packages/airflow/example_dags/example_xcom.py for tasks to queue
[2026-05-07T22:20:15.067+0000] {logging_mixin.py:188} INFO - [2026-05-07T22:20:15.067+0000] {dagbag.py:545} INFO - Filling up the DagBag from /home/airflow/.local/lib/python3.12/site-packages/airflow/example_dags/example_xcom.py
[2026-05-07T22:20:15.074+0000] {processor.py:840} INFO - DAG(s) 'example_xcom' retrieved from /home/airflow/.local/lib/python3.12/site-packages/airflow/example_dags/example_xcom.py
[2026-05-07T22:20:15.097+0000] {logging_mixin.py:188} INFO - [2026-05-07T22:20:15.097+0000] {dag.py:3096} INFO - Sync 1 DAGs
[2026-05-07T22:20:15.117+0000] {logging_mixin.py:188} INFO - [2026-05-07T22:20:15.117+0000] {dag.py:3954} INFO - Setting next_dagrun for example_xcom to 2021-01-01 00:00:00+00:00, run_after=2021-01-01 00:00:00+00:00
[2026-05-07T22:20:15.137+0000] {processor.py:183} INFO - Processing /home/airflow/.local/lib/python3.12/site-packages/airflow/example_dags/example_xcom.py took 0.082 seconds
[2026-05-07T22:20:45.873+0000] {processor.py:161} INFO - Started process (PID=917) to work on /home/airflow/.local/lib/python3.12/site-packages/airflow/example_dags/example_xcom.py
[2026-05-07T22:20:45.874+0000] {processor.py:830} INFO - Processing file /home/airflow/.local/lib/python3.12/site-packages/airflow/example_dags/example_xcom.py for tasks to queue
[2026-05-07T22:20:45.876+0000] {logging_mixin.py:188} INFO - [2026-05-07T22:20:45.876+0000] {dagbag.py:545} INFO - Filling up the DagBag from /home/airflow/.local/lib/python3.12/site-packages/airflow/example_dags/example_xcom.py
[2026-05-07T22:20:45.885+0000] {processor.py:840} INFO - DAG(s) 'example_xcom' retrieved from /home/airflow/.local/lib/python3.12/site-packages/airflow/example_dags/example_xcom.py
[2026-05-07T22:20:45.907+0000] {logging_mixin.py:188} INFO - [2026-05-07T22:20:45.907+0000] {dag.py:3096} INFO - Sync 1 DAGs
[2026-05-07T22:20:45.928+0000] {logging_mixin.py:188} INFO - [2026-05-07T22:20:45.927+0000] {dag.py:3954} INFO - Setting next_dagrun for example_xcom to 2021-01-01 00:00:00+00:00, run_after=2021-01-01 00:00:00+00:00
[2026-05-07T22:20:45.946+0000] {processor.py:183} INFO - Processing /home/airflow/.local/lib/python3.12/site-packages/airflow/example_dags/example_xcom.py took 0.078 seconds
[2026-05-07T22:21:16.282+0000] {processor.py:161} INFO - Started process (PID=975) to work on /home/airflow/.local/lib/python3.12/site-packages/airflow/example_dags/example_xcom.py
[2026-05-07T22:21:16.283+0000] {processor.py:830} INFO - Processing file /home/airflow/.local/lib/python3.12/site-packages/airflow/example_dags/example_xcom.py for tasks to queue
[2026-05-07T22:21:16.285+0000] {logging_mixin.py:188} INFO - [2026-05-07T22:21:16.285+0000] {dagbag.py:545} INFO - Filling up the DagBag from /home/airflow/.local/lib/python3.12/site-packages/airflow/example_dags/example_xcom.py
[2026-05-07T22:21:16.292+0000] {processor.py:840} INFO - DAG(s) 'example_xcom' retrieved from /home/airflow/.local/lib/python3.12/site-packages/airflow/example_dags/example_xcom.py
[2026-05-07T22:21:16.312+0000] {logging_mixin.py:188} INFO - [2026-05-07T22:21:16.312+0000] {dag.py:3096} INFO - Sync 1 DAGs
[2026-05-07T22:21:16.334+0000] {logging_mixin.py:188} INFO - [2026-05-07T22:21:16.334+0000] {dag.py:3954} INFO - Setting next_dagrun for example_xcom to 2021-01-01 00:00:00+00:00, run_after=2021-01-01 00:00:00+00:00
[2026-05-07T22:21:16.356+0000] {processor.py:183} INFO - Processing /home/airflow/.local/lib/python3.12/site-packages/airflow/example_dags/example_xcom.py took 0.080 seconds
[2026-05-07T22:21:46.586+0000] {processor.py:161} INFO - Started process (PID=1033) to work on /home/airflow/.local/lib/python3.12/site-packages/airflow/example_dags/example_xcom.py
[2026-05-07T22:21:46.587+0000] {processor.py:830} INFO - Processing file /home/airflow/.local/lib/python3.12/site-packages/airflow/example_dags/example_xcom.py for tasks to queue
[2026-05-07T22:21:46.589+0000] {logging_mixin.py:188} INFO - [2026-05-07T22:21:46.589+0000] {dagbag.py:545} INFO - Filling up the DagBag from /home/airflow/.local/lib/python3.12/site-packages/airflow/example_dags/example_xcom.py
[2026-05-07T22:21:46.596+0000] {processor.py:840} INFO - DAG(s) 'example_xcom' retrieved from /home/airflow/.local/lib/python3.12/site-packages/airflow/example_dags/example_xcom.py
[2026-05-07T22:21:46.614+0000] {logging_mixin.py:188} INFO - [2026-05-07T22:21:46.614+0000] {dag.py:3096} INFO - Sync 1 DAGs
[2026-05-07T22:21:46.632+0000] {logging_mixin.py:188} INFO - [2026-05-07T22:21:46.632+0000] {dag.py:3954} INFO - Setting next_dagrun for example_xcom to 2021-01-01 00:00:00+00:00, run_after=2021-01-01 00:00:00+00:00
[2026-05-07T22:21:46.651+0000] {processor.py:183} INFO - Processing /home/airflow/.local/lib/python3.12/site-packages/airflow/example_dags/example_xcom.py took 0.070 seconds
[2026-05-07T22:22:17.275+0000] {processor.py:161} INFO - Started process (PID=1091) to work on /home/airflow/.local/lib/python3.12/site-packages/airflow/example_dags/example_xcom.py
[2026-05-07T22:22:17.276+0000] {processor.py:830} INFO - Processing file /home/airflow/.local/lib/python3.12/site-packages/airflow/example_dags/example_xcom.py for tasks to queue
[2026-05-07T22:22:17.278+0000] {logging_mixin.py:188} INFO - [2026-05-07T22:22:17.278+0000] {dagbag.py:545} INFO - Filling up the DagBag from /home/airflow/.local/lib/python3.12/site-packages/airflow/example_dags/example_xcom.py
[2026-05-07T22:22:17.286+0000] {processor.py:840} INFO - DAG(s) 'example_xcom' retrieved from /home/airflow/.local/lib/python3.12/site-packages/airflow/example_dags/example_xcom.py
[2026-05-07T22:22:17.305+0000] {logging_mixin.py:188} INFO - [2026-05-07T22:22:17.305+0000] {dag.py:3096} INFO - Sync 1 DAGs
[2026-05-07T22:22:17.324+0000] {logging_mixin.py:188} INFO - [2026-05-07T22:22:17.324+0000] {dag.py:3954} INFO - Setting next_dagrun for example_xcom to 2021-01-01 00:00:00+00:00, run_after=2021-01-01 00:00:00+00:00
[2026-05-07T22:22:17.343+0000] {processor.py:183} INFO - Processing /home/airflow/.local/lib/python3.12/site-packages/airflow/example_dags/example_xcom.py took 0.074 seconds
[2026-05-07T22:22:47.407+0000] {processor.py:161} INFO - Started process (PID=1149) to work on /home/airflow/.local/lib/python3.12/site-packages/airflow/example_dags/example_xcom.py
[2026-05-07T22:22:47.408+0000] {processor.py:830} INFO - Processing file /home/airflow/.local/lib/python3.12/site-packages/airflow/example_dags/example_xcom.py for tasks to queue
[2026-05-07T22:22:47.410+0000] {logging_mixin.py:188} INFO - [2026-05-07T22:22:47.409+0000] {dagbag.py:545} INFO - Filling up the DagBag from /home/airflow/.local/lib/python3.12/site-packages/airflow/example_dags/example_xcom.py
[2026-05-07T22:22:47.416+0000] {processor.py:840} INFO - DAG(s) 'example_xcom' retrieved from /home/airflow/.local/lib/python3.12/site-packages/airflow/example_dags/example_xcom.py
[2026-05-07T22:22:47.437+0000] {logging_mixin.py:188} INFO - [2026-05-07T22:22:47.437+0000] {dag.py:3096} INFO - Sync 1 DAGs
[2026-05-07T22:22:47.456+0000] {logging_mixin.py:188} INFO - [2026-05-07T22:22:47.455+0000] {dag.py:3954} INFO - Setting next_dagrun for example_xcom to 2021-01-01 00:00:00+00:00, run_after=2021-01-01 00:00:00+00:00
[2026-05-07T22:22:47.473+0000] {processor.py:183} INFO - Processing /home/airflow/.local/lib/python3.12/site-packages/airflow/example_dags/example_xcom.py took 0.074 seconds
[2026-05-07T22:23:17.540+0000] {processor.py:161} INFO - Started process (PID=1207) to work on /home/airflow/.local/lib/python3.12/site-packages/airflow/example_dags/example_xcom.py
[2026-05-07T22:23:17.541+0000] {processor.py:830} INFO - Processing file /home/airflow/.local/lib/python3.12/site-packages/airflow/example_dags/example_xcom.py for tasks to queue
[2026-05-07T22:23:17.543+0000] {logging_mixin.py:188} INFO - [2026-05-07T22:23:17.543+0000] {dagbag.py:545} INFO - Filling up the DagBag from /home/airflow/.local/lib/python3.12/site-packages/airflow/example_dags/example_xcom.py
[2026-05-07T22:23:17.550+0000] {processor.py:840} INFO - DAG(s) 'example_xcom' retrieved from /home/airflow/.local/lib/python3.12/site-packages/airflow/example_dags/example_xcom.py
[2026-05-07T22:23:17.571+0000] {logging_mixin.py:188} INFO - [2026-05-07T22:23:17.571+0000] {dag.py:3096} INFO - Sync 1 DAGs
[2026-05-07T22:23:17.590+0000] {logging_mixin.py:188} INFO - [2026-05-07T22:23:17.590+0000] {dag.py:3954} INFO - Setting next_dagrun for example_xcom to 2021-01-01 00:00:00+00:00, run_after=2021-01-01 00:00:00+00:00
[2026-05-07T22:23:17.609+0000] {processor.py:183} INFO - Processing /home/airflow/.local/lib/python3.12/site-packages/airflow/example_dags/example_xcom.py took 0.076 seconds
[2026-05-07T22:23:48.121+0000] {processor.py:161} INFO - Started process (PID=1265) to work on /home/airflow/.local/lib/python3.12/site-packages/airflow/example_dags/example_xcom.py
[2026-05-07T22:23:48.123+0000] {processor.py:830} INFO - Processing file /home/airflow/.local/lib/python3.12/site-packages/airflow/example_dags/example_xcom.py for tasks to queue
[2026-05-07T22:23:48.126+0000] {logging_mixin.py:188} INFO - [2026-05-07T22:23:48.125+0000] {dagbag.py:545} INFO - Filling up the DagBag from /home/airflow/.local/lib/python3.12/site-packages/airflow/example_dags/example_xcom.py
[2026-05-07T22:23:48.135+0000] {processor.py:840} INFO - DAG(s) 'example_xcom' retrieved from /home/airflow/.local/lib/python3.12/site-packages/airflow/example_dags/example_xcom.py
[2026-05-07T22:23:48.155+0000] {logging_mixin.py:188} INFO - [2026-05-07T22:23:48.155+0000] {dag.py:3096} INFO - Sync 1 DAGs
[2026-05-07T22:23:48.174+0000] {logging_mixin.py:188} INFO - [2026-05-07T22:23:48.173+0000] {dag.py:3954} INFO - Setting next_dagrun for example_xcom to 2021-01-01 00:00:00+00:00, run_after=2021-01-01 00:00:00+00:00
[2026-05-07T22:23:48.192+0000] {processor.py:183} INFO - Processing /home/airflow/.local/lib/python3.12/site-packages/airflow/example_dags/example_xcom.py took 0.077 seconds
[2026-05-07T22:24:18.294+0000] {processor.py:161} INFO - Started process (PID=1323) to work on /home/airflow/.local/lib/python3.12/site-packages/airflow/example_dags/example_xcom.py
[2026-05-07T22:24:18.295+0000] {processor.py:830} INFO - Processing file /home/airflow/.local/lib/python3.12/site-packages/airflow/example_dags/example_xcom.py for tasks to queue
[2026-05-07T22:24:18.297+0000] {logging_mixin.py:188} INFO - [2026-05-07T22:24:18.297+0000] {dagbag.py:545} INFO - Filling up the DagBag from /home/airflow/.local/lib/python3.12/site-packages/airflow/example_dags/example_xcom.py
[2026-05-07T22:24:18.304+0000] {processor.py:840} INFO - DAG(s) 'example_xcom' retrieved from /home/airflow/.local/lib/python3.12/site-packages/airflow/example_dags/example_xcom.py
[2026-05-07T22:24:18.322+0000] {logging_mixin.py:188} INFO - [2026-05-07T22:24:18.322+0000] {dag.py:3096} INFO - Sync 1 DAGs
[2026-05-07T22:24:18.339+0000] {logging_mixin.py:188} INFO - [2026-05-07T22:24:18.339+0000] {dag.py:3954} INFO - Setting next_dagrun for example_xcom to 2021-01-01 00:00:00+00:00, run_after=2021-01-01 00:00:00+00:00
[2026-05-07T22:24:18.354+0000] {processor.py:183} INFO - Processing /home/airflow/.local/lib/python3.12/site-packages/airflow/example_dags/example_xcom.py took 0.066 seconds
[2026-05-07T22:24:48.641+0000] {processor.py:161} INFO - Started process (PID=1381) to work on /home/airflow/.local/lib/python3.12/site-packages/airflow/example_dags/example_xcom.py
[2026-05-07T22:24:48.642+0000] {processor.py:830} INFO - Processing file /home/airflow/.local/lib/python3.12/site-packages/airflow/example_dags/example_xcom.py for tasks to queue
[2026-05-07T22:24:48.646+0000] {logging_mixin.py:188} INFO - [2026-05-07T22:24:48.645+0000] {dagbag.py:545} INFO - Filling up the DagBag from /home/airflow/.local/lib/python3.12/site-packages/airflow/example_dags/example_xcom.py
[2026-05-07T22:24:48.654+0000] {processor.py:840} INFO - DAG(s) 'example_xcom' retrieved from /home/airflow/.local/lib/python3.12/site-packages/airflow/example_dags/example_xcom.py
[2026-05-07T22:24:48.676+0000] {logging_mixin.py:188} INFO - [2026-05-07T22:24:48.676+0000] {dag.py:3096} INFO - Sync 1 DAGs
[2026-05-07T22:24:48.697+0000] {logging_mixin.py:188} INFO - [2026-05-07T22:24:48.697+0000] {dag.py:3954} INFO - Setting next_dagrun for example_xcom to 2021-01-01 00:00:00+00:00, run_after=2021-01-01 00:00:00+00:00
[2026-05-07T22:24:48.719+0000] {processor.py:183} INFO - Processing /home/airflow/.local/lib/python3.12/site-packages/airflow/example_dags/example_xcom.py took 0.084 seconds
[2026-05-07T22:25:18.809+0000] {processor.py:161} INFO - Started process (PID=1439) to work on /home/airflow/.local/lib/python3.12/site-packages/airflow/example_dags/example_xcom.py
[2026-05-07T22:25:18.810+0000] {processor.py:830} INFO - Processing file /home/airflow/.local/lib/python3.12/site-packages/airflow/example_dags/example_xcom.py for tasks to queue
[2026-05-07T22:25:18.812+0000] {logging_mixin.py:188} INFO - [2026-05-07T22:25:18.812+0000] {dagbag.py:545} INFO - Filling up the DagBag from /home/airflow/.local/lib/python3.12/site-packages/airflow/example_dags/example_xcom.py
[2026-05-07T22:25:18.819+0000] {processor.py:840} INFO - DAG(s) 'example_xcom' retrieved from /home/airflow/.local/lib/python3.12/site-packages/airflow/example_dags/example_xcom.py
[2026-05-07T22:25:18.838+0000] {logging_mixin.py:188} INFO - [2026-05-07T22:25:18.838+0000] {dag.py:3096} INFO - Sync 1 DAGs
[2026-05-07T22:25:18.857+0000] {logging_mixin.py:188} INFO - [2026-05-07T22:25:18.856+0000] {dag.py:3954} INFO - Setting next_dagrun for example_xcom to 2021-01-01 00:00:00+00:00, run_after=2021-01-01 00:00:00+00:00
[2026-05-07T22:25:18.875+0000] {processor.py:183} INFO - Processing /home/airflow/.local/lib/python3.12/site-packages/airflow/example_dags/example_xcom.py took 0.071 seconds
[2026-05-07T22:25:49.011+0000] {processor.py:161} INFO - Started process (PID=1496) to work on /home/airflow/.local/lib/python3.12/site-packages/airflow/example_dags/example_xcom.py
[2026-05-07T22:25:49.012+0000] {processor.py:830} INFO - Processing file /home/airflow/.local/lib/python3.12/site-packages/airflow/example_dags/example_xcom.py for tasks to queue
[2026-05-07T22:25:49.014+0000] {logging_mixin.py:188} INFO - [2026-05-07T22:25:49.014+0000] {dagbag.py:545} INFO - Filling up the DagBag from /home/airflow/.local/lib/python3.12/site-packages/airflow/example_dags/example_xcom.py
[2026-05-07T22:25:49.021+0000] {processor.py:840} INFO - DAG(s) 'example_xcom' retrieved from /home/airflow/.local/lib/python3.12/site-packages/airflow/example_dags/example_xcom.py
[2026-05-07T22:25:49.040+0000] {logging_mixin.py:188} INFO - [2026-05-07T22:25:49.040+0000] {dag.py:3096} INFO - Sync 1 DAGs
[2026-05-07T22:25:49.059+0000] {logging_mixin.py:188} INFO - [2026-05-07T22:25:49.059+0000] {dag.py:3954} INFO - Setting next_dagrun for example_xcom to 2021-01-01 00:00:00+00:00, run_after=2021-01-01 00:00:00+00:00
[2026-05-07T22:25:49.078+0000] {processor.py:183} INFO - Processing /home/airflow/.local/lib/python3.12/site-packages/airflow/example_dags/example_xcom.py took 0.073 seconds
[2026-05-07T22:26:20.137+0000] {processor.py:161} INFO - Started process (PID=1554) to work on /home/airflow/.local/lib/python3.12/site-packages/airflow/example_dags/example_xcom.py
[2026-05-07T22:26:20.138+0000] {processor.py:830} INFO - Processing file /home/airflow/.local/lib/python3.12/site-packages/airflow/example_dags/example_xcom.py for tasks to queue
[2026-05-07T22:26:20.140+0000] {logging_mixin.py:188} INFO - [2026-05-07T22:26:20.140+0000] {dagbag.py:545} INFO - Filling up the DagBag from /home/airflow/.local/lib/python3.12/site-packages/airflow/example_dags/example_xcom.py
[2026-05-07T22:26:20.147+0000] {processor.py:840} INFO - DAG(s) 'example_xcom' retrieved from /home/airflow/.local/lib/python3.12/site-packages/airflow/example_dags/example_xcom.py
[2026-05-07T22:26:20.165+0000] {logging_mixin.py:188} INFO - [2026-05-07T22:26:20.165+0000] {dag.py:3096} INFO - Sync 1 DAGs
[2026-05-07T22:26:20.182+0000] {logging_mixin.py:188} INFO - [2026-05-07T22:26:20.182+0000] {dag.py:3954} INFO - Setting next_dagrun for example_xcom to 2021-01-01 00:00:00+00:00, run_after=2021-01-01 00:00:00+00:00
[2026-05-07T22:26:20.199+0000] {processor.py:183} INFO - Processing /home/airflow/.local/lib/python3.12/site-packages/airflow/example_dags/example_xcom.py took 0.068 seconds
[2026-05-07T22:26:50.646+0000] {processor.py:161} INFO - Started process (PID=1612) to work on /home/airflow/.local/lib/python3.12/site-packages/airflow/example_dags/example_xcom.py
[2026-05-07T22:26:50.647+0000] {processor.py:830} INFO - Processing file /home/airflow/.local/lib/python3.12/site-packages/airflow/example_dags/example_xcom.py for tasks to queue
[2026-05-07T22:26:50.650+0000] {logging_mixin.py:188} INFO - [2026-05-07T22:26:50.650+0000] {dagbag.py:545} INFO - Filling up the DagBag from /home/airflow/.local/lib/python3.12/site-packages/airflow/example_dags/example_xcom.py
[2026-05-07T22:26:50.658+0000] {processor.py:840} INFO - DAG(s) 'example_xcom' retrieved from /home/airflow/.local/lib/python3.12/site-packages/airflow/example_dags/example_xcom.py
[2026-05-07T22:26:50.681+0000] {logging_mixin.py:188} INFO - [2026-05-07T22:26:50.681+0000] {dag.py:3096} INFO - Sync 1 DAGs
[2026-05-07T22:26:50.706+0000] {logging_mixin.py:188} INFO - [2026-05-07T22:26:50.705+0000] {dag.py:3954} INFO - Setting next_dagrun for example_xcom to 2021-01-01 00:00:00+00:00, run_after=2021-01-01 00:00:00+00:00
[2026-05-07T22:26:50.729+0000] {processor.py:183} INFO - Processing /home/airflow/.local/lib/python3.12/site-packages/airflow/example_dags/example_xcom.py took 0.088 seconds
[2026-05-07T22:27:21.927+0000] {processor.py:161} INFO - Started process (PID=1669) to work on /home/airflow/.local/lib/python3.12/site-packages/airflow/example_dags/example_xcom.py
[2026-05-07T22:27:21.928+0000] {processor.py:830} INFO - Processing file /home/airflow/.local/lib/python3.12/site-packages/airflow/example_dags/example_xcom.py for tasks to queue
[2026-05-07T22:27:21.930+0000] {logging_mixin.py:188} INFO - [2026-05-07T22:27:21.930+0000] {dagbag.py:545} INFO - Filling up the DagBag from /home/airflow/.local/lib/python3.12/site-packages/airflow/example_dags/example_xcom.py
[2026-05-07T22:27:21.937+0000] {processor.py:840} INFO - DAG(s) 'example_xcom' retrieved from /home/airflow/.local/lib/python3.12/site-packages/airflow/example_dags/example_xcom.py
[2026-05-07T22:27:21.961+0000] {logging_mixin.py:188} INFO - [2026-05-07T22:27:21.961+0000] {dag.py:3096} INFO - Sync 1 DAGs
[2026-05-07T22:27:22.134+0000] {logging_mixin.py:188} INFO - [2026-05-07T22:27:22.133+0000] {dag.py:3954} INFO - Setting next_dagrun for example_xcom to 2021-01-01 00:00:00+00:00, run_after=2021-01-01 00:00:00+00:00
[2026-05-07T22:27:22.157+0000] {processor.py:183} INFO - Processing /home/airflow/.local/lib/python3.12/site-packages/airflow/example_dags/example_xcom.py took 0.237 seconds
[2026-05-07T22:27:52.929+0000] {processor.py:161} INFO - Started process (PID=1726) to work on /home/airflow/.local/lib/python3.12/site-packages/airflow/example_dags/example_xcom.py
[2026-05-07T22:27:52.930+0000] {processor.py:830} INFO - Processing file /home/airflow/.local/lib/python3.12/site-packages/airflow/example_dags/example_xcom.py for tasks to queue
[2026-05-07T22:27:52.933+0000] {logging_mixin.py:188} INFO - [2026-05-07T22:27:52.932+0000] {dagbag.py:545} INFO - Filling up the DagBag from /home/airflow/.local/lib/python3.12/site-packages/airflow/example_dags/example_xcom.py
[2026-05-07T22:27:52.940+0000] {processor.py:840} INFO - DAG(s) 'example_xcom' retrieved from /home/airflow/.local/lib/python3.12/site-packages/airflow/example_dags/example_xcom.py
[2026-05-07T22:27:52.960+0000] {logging_mixin.py:188} INFO - [2026-05-07T22:27:52.960+0000] {dag.py:3096} INFO - Sync 1 DAGs
[2026-05-07T22:27:52.981+0000] {logging_mixin.py:188} INFO - [2026-05-07T22:27:52.981+0000] {dag.py:3954} INFO - Setting next_dagrun for example_xcom to 2021-01-01 00:00:00+00:00, run_after=2021-01-01 00:00:00+00:00
[2026-05-07T22:27:53.003+0000] {processor.py:183} INFO - Processing /home/airflow/.local/lib/python3.12/site-packages/airflow/example_dags/example_xcom.py took 0.080 seconds
[2026-05-07T22:28:23.144+0000] {processor.py:161} INFO - Started process (PID=1784) to work on /home/airflow/.local/lib/python3.12/site-packages/airflow/example_dags/example_xcom.py
[2026-05-07T22:28:23.146+0000] {processor.py:830} INFO - Processing file /home/airflow/.local/lib/python3.12/site-packages/airflow/example_dags/example_xcom.py for tasks to queue
[2026-05-07T22:28:23.148+0000] {logging_mixin.py:188} INFO - [2026-05-07T22:28:23.148+0000] {dagbag.py:545} INFO - Filling up the DagBag from /home/airflow/.local/lib/python3.12/site-packages/airflow/example_dags/example_xcom.py
[2026-05-07T22:28:23.155+0000] {processor.py:840} INFO - DAG(s) 'example_xcom' retrieved from /home/airflow/.local/lib/python3.12/site-packages/airflow/example_dags/example_xcom.py
[2026-05-07T22:28:23.172+0000] {logging_mixin.py:188} INFO - [2026-05-07T22:28:23.172+0000] {dag.py:3096} INFO - Sync 1 DAGs
[2026-05-07T22:28:23.189+0000] {logging_mixin.py:188} INFO - [2026-05-07T22:28:23.189+0000] {dag.py:3954} INFO - Setting next_dagrun for example_xcom to 2021-01-01 00:00:00+00:00, run_after=2021-01-01 00:00:00+00:00
[2026-05-07T22:28:23.206+0000] {processor.py:183} INFO - Processing /home/airflow/.local/lib/python3.12/site-packages/airflow/example_dags/example_xcom.py took 0.067 seconds
[2026-05-07T22:28:54.154+0000] {processor.py:161} INFO - Started process (PID=1842) to work on /home/airflow/.local/lib/python3.12/site-packages/airflow/example_dags/example_xcom.py
[2026-05-07T22:28:54.156+0000] {processor.py:830} INFO - Processing file /home/airflow/.local/lib/python3.12/site-packages/airflow/example_dags/example_xcom.py for tasks to queue
[2026-05-07T22:28:54.158+0000] {logging_mixin.py:188} INFO - [2026-05-07T22:28:54.157+0000] {dagbag.py:545} INFO - Filling up the DagBag from /home/airflow/.local/lib/python3.12/site-packages/airflow/example_dags/example_xcom.py
[2026-05-07T22:28:54.164+0000] {processor.py:840} INFO - DAG(s) 'example_xcom' retrieved from /home/airflow/.local/lib/python3.12/site-packages/airflow/example_dags/example_xcom.py
[2026-05-07T22:28:54.307+0000] {logging_mixin.py:188} INFO - [2026-05-07T22:28:54.307+0000] {dag.py:3096} INFO - Sync 1 DAGs
[2026-05-07T22:28:54.321+0000] {logging_mixin.py:188} INFO - [2026-05-07T22:28:54.321+0000] {dag.py:3954} INFO - Setting next_dagrun for example_xcom to 2021-01-01 00:00:00+00:00, run_after=2021-01-01 00:00:00+00:00
[2026-05-07T22:28:54.336+0000] {processor.py:183} INFO - Processing /home/airflow/.local/lib/python3.12/site-packages/airflow/example_dags/example_xcom.py took 0.187 seconds
[2026-05-07T22:29:24.465+0000] {processor.py:161} INFO - Started process (PID=1900) to work on /home/airflow/.local/lib/python3.12/site-packages/airflow/example_dags/example_xcom.py
[2026-05-07T22:29:24.467+0000] {processor.py:830} INFO - Processing file /home/airflow/.local/lib/python3.12/site-packages/airflow/example_dags/example_xcom.py for tasks to queue
[2026-05-07T22:29:24.469+0000] {logging_mixin.py:188} INFO - [2026-05-07T22:29:24.468+0000] {dagbag.py:545} INFO - Filling up the DagBag from /home/airflow/.local/lib/python3.12/site-packages/airflow/example_dags/example_xcom.py
[2026-05-07T22:29:24.476+0000] {processor.py:840} INFO - DAG(s) 'example_xcom' retrieved from /home/airflow/.local/lib/python3.12/site-packages/airflow/example_dags/example_xcom.py
[2026-05-07T22:29:24.493+0000] {logging_mixin.py:188} INFO - [2026-05-07T22:29:24.492+0000] {dag.py:3096} INFO - Sync 1 DAGs
[2026-05-07T22:29:24.510+0000] {logging_mixin.py:188} INFO - [2026-05-07T22:29:24.510+0000] {dag.py:3954} INFO - Setting next_dagrun for example_xcom to 2021-01-01 00:00:00+00:00, run_after=2021-01-01 00:00:00+00:00
[2026-05-07T22:29:24.651+0000] {processor.py:183} INFO - Processing /home/airflow/.local/lib/python3.12/site-packages/airflow/example_dags/example_xcom.py took 0.192 seconds
[2026-05-07T22:29:55.266+0000] {processor.py:161} INFO - Started process (PID=1959) to work on /home/airflow/.local/lib/python3.12/site-packages/airflow/example_dags/example_xcom.py
[2026-05-07T22:29:55.268+0000] {processor.py:830} INFO - Processing file /home/airflow/.local/lib/python3.12/site-packages/airflow/example_dags/example_xcom.py for tasks to queue
[2026-05-07T22:29:55.270+0000] {logging_mixin.py:188} INFO - [2026-05-07T22:29:55.269+0000] {dagbag.py:545} INFO - Filling up the DagBag from /home/airflow/.local/lib/python3.12/site-packages/airflow/example_dags/example_xcom.py
[2026-05-07T22:29:55.277+0000] {processor.py:840} INFO - DAG(s) 'example_xcom' retrieved from /home/airflow/.local/lib/python3.12/site-packages/airflow/example_dags/example_xcom.py
[2026-05-07T22:29:55.295+0000] {logging_mixin.py:188} INFO - [2026-05-07T22:29:55.294+0000] {dag.py:3096} INFO - Sync 1 DAGs
[2026-05-07T22:29:55.311+0000] {logging_mixin.py:188} INFO - [2026-05-07T22:29:55.311+0000] {dag.py:3954} INFO - Setting next_dagrun for example_xcom to 2021-01-01 00:00:00+00:00, run_after=2021-01-01 00:00:00+00:00
[2026-05-07T22:29:55.327+0000] {processor.py:183} INFO - Processing /home/airflow/.local/lib/python3.12/site-packages/airflow/example_dags/example_xcom.py took 0.066 seconds
[2026-05-07T22:30:25.391+0000] {processor.py:161} INFO - Started process (PID=2018) to work on /home/airflow/.local/lib/python3.12/site-packages/airflow/example_dags/example_xcom.py
[2026-05-07T22:30:25.392+0000] {processor.py:830} INFO - Processing file /home/airflow/.local/lib/python3.12/site-packages/airflow/example_dags/example_xcom.py for tasks to queue
[2026-05-07T22:30:25.394+0000] {logging_mixin.py:188} INFO - [2026-05-07T22:30:25.394+0000] {dagbag.py:545} INFO - Filling up the DagBag from /home/airflow/.local/lib/python3.12/site-packages/airflow/example_dags/example_xcom.py
[2026-05-07T22:30:25.401+0000] {processor.py:840} INFO - DAG(s) 'example_xcom' retrieved from /home/airflow/.local/lib/python3.12/site-packages/airflow/example_dags/example_xcom.py
[2026-05-07T22:30:25.418+0000] {logging_mixin.py:188} INFO - [2026-05-07T22:30:25.418+0000] {dag.py:3096} INFO - Sync 1 DAGs
[2026-05-07T22:30:25.434+0000] {logging_mixin.py:188} INFO - [2026-05-07T22:30:25.434+0000] {dag.py:3954} INFO - Setting next_dagrun for example_xcom to 2021-01-01 00:00:00+00:00, run_after=2021-01-01 00:00:00+00:00
[2026-05-07T22:30:25.451+0000] {processor.py:183} INFO - Processing /home/airflow/.local/lib/python3.12/site-packages/airflow/example_dags/example_xcom.py took 0.065 seconds
[2026-05-07T22:30:56.396+0000] {processor.py:161} INFO - Started process (PID=2076) to work on /home/airflow/.local/lib/python3.12/site-packages/airflow/example_dags/example_xcom.py
[2026-05-07T22:30:56.398+0000] {processor.py:830} INFO - Processing file /home/airflow/.local/lib/python3.12/site-packages/airflow/example_dags/example_xcom.py for tasks to queue
[2026-05-07T22:30:56.400+0000] {logging_mixin.py:188} INFO - [2026-05-07T22:30:56.399+0000] {dagbag.py:545} INFO - Filling up the DagBag from /home/airflow/.local/lib/python3.12/site-packages/airflow/example_dags/example_xcom.py
[2026-05-07T22:30:56.407+0000] {processor.py:840} INFO - DAG(s) 'example_xcom' retrieved from /home/airflow/.local/lib/python3.12/site-packages/airflow/example_dags/example_xcom.py
[2026-05-07T22:30:56.427+0000] {logging_mixin.py:188} INFO - [2026-05-07T22:30:56.427+0000] {dag.py:3096} INFO - Sync 1 DAGs
[2026-05-07T22:30:56.448+0000] {logging_mixin.py:188} INFO - [2026-05-07T22:30:56.447+0000] {dag.py:3954} INFO - Setting next_dagrun for example_xcom to 2021-01-01 00:00:00+00:00, run_after=2021-01-01 00:00:00+00:00
[2026-05-07T22:30:56.470+0000] {processor.py:183} INFO - Processing /home/airflow/.local/lib/python3.12/site-packages/airflow/example_dags/example_xcom.py took 0.079 seconds
[2026-05-07T22:31:26.778+0000] {processor.py:161} INFO - Started process (PID=2134) to work on /home/airflow/.local/lib/python3.12/site-packages/airflow/example_dags/example_xcom.py
[2026-05-07T22:31:26.779+0000] {processor.py:830} INFO - Processing file /home/airflow/.local/lib/python3.12/site-packages/airflow/example_dags/example_xcom.py for tasks to queue
[2026-05-07T22:31:26.781+0000] {logging_mixin.py:188} INFO - [2026-05-07T22:31:26.781+0000] {dagbag.py:545} INFO - Filling up the DagBag from /home/airflow/.local/lib/python3.12/site-packages/airflow/example_dags/example_xcom.py
[2026-05-07T22:31:26.788+0000] {processor.py:840} INFO - DAG(s) 'example_xcom' retrieved from /home/airflow/.local/lib/python3.12/site-packages/airflow/example_dags/example_xcom.py
[2026-05-07T22:31:26.807+0000] {logging_mixin.py:188} INFO - [2026-05-07T22:31:26.807+0000] {dag.py:3096} INFO - Sync 1 DAGs
[2026-05-07T22:31:26.824+0000] {logging_mixin.py:188} INFO - [2026-05-07T22:31:26.823+0000] {dag.py:3954} INFO - Setting next_dagrun for example_xcom to 2021-01-01 00:00:00+00:00, run_after=2021-01-01 00:00:00+00:00
[2026-05-07T22:31:26.840+0000] {processor.py:183} INFO - Processing /home/airflow/.local/lib/python3.12/site-packages/airflow/example_dags/example_xcom.py took 0.067 seconds
[2026-05-07T22:31:57.900+0000] {processor.py:161} INFO - Started process (PID=2192) to work on /home/airflow/.local/lib/python3.12/site-packages/airflow/example_dags/example_xcom.py
[2026-05-07T22:31:57.908+0000] {processor.py:830} INFO - Processing file /home/airflow/.local/lib/python3.12/site-packages/airflow/example_dags/example_xcom.py for tasks to queue
[2026-05-07T22:31:57.917+0000] {logging_mixin.py:188} INFO - [2026-05-07T22:31:57.916+0000] {dagbag.py:545} INFO - Filling up the DagBag from /home/airflow/.local/lib/python3.12/site-packages/airflow/example_dags/example_xcom.py
[2026-05-07T22:31:57.933+0000] {processor.py:840} INFO - DAG(s) 'example_xcom' retrieved from /home/airflow/.local/lib/python3.12/site-packages/airflow/example_dags/example_xcom.py
[2026-05-07T22:31:57.966+0000] {logging_mixin.py:188} INFO - [2026-05-07T22:31:57.966+0000] {dag.py:3096} INFO - Sync 1 DAGs
[2026-05-07T22:31:57.989+0000] {logging_mixin.py:188} INFO - [2026-05-07T22:31:57.989+0000] {dag.py:3954} INFO - Setting next_dagrun for example_xcom to 2021-01-01 00:00:00+00:00, run_after=2021-01-01 00:00:00+00:00
[2026-05-07T22:31:58.012+0000] {processor.py:183} INFO - Processing /home/airflow/.local/lib/python3.12/site-packages/airflow/example_dags/example_xcom.py took 0.128 seconds
[2026-05-07T22:32:28.588+0000] {processor.py:161} INFO - Started process (PID=2250) to work on /home/airflow/.local/lib/python3.12/site-packages/airflow/example_dags/example_xcom.py
[2026-05-07T22:32:28.589+0000] {processor.py:830} INFO - Processing file /home/airflow/.local/lib/python3.12/site-packages/airflow/example_dags/example_xcom.py for tasks to queue
[2026-05-07T22:32:28.591+0000] {logging_mixin.py:188} INFO - [2026-05-07T22:32:28.591+0000] {dagbag.py:545} INFO - Filling up the DagBag from /home/airflow/.local/lib/python3.12/site-packages/airflow/example_dags/example_xcom.py
[2026-05-07T22:32:28.598+0000] {processor.py:840} INFO - DAG(s) 'example_xcom' retrieved from /home/airflow/.local/lib/python3.12/site-packages/airflow/example_dags/example_xcom.py
[2026-05-07T22:32:28.617+0000] {logging_mixin.py:188} INFO - [2026-05-07T22:32:28.617+0000] {dag.py:3096} INFO - Sync 1 DAGs
[2026-05-07T22:32:28.636+0000] {logging_mixin.py:188} INFO - [2026-05-07T22:32:28.636+0000] {dag.py:3954} INFO - Setting next_dagrun for example_xcom to 2021-01-01 00:00:00+00:00, run_after=2021-01-01 00:00:00+00:00
[2026-05-07T22:32:28.655+0000] {processor.py:183} INFO - Processing /home/airflow/.local/lib/python3.12/site-packages/airflow/example_dags/example_xcom.py took 0.072 seconds
[2026-05-07T22:32:58.755+0000] {processor.py:161} INFO - Started process (PID=2308) to work on /home/airflow/.local/lib/python3.12/site-packages/airflow/example_dags/example_xcom.py
[2026-05-07T22:32:58.757+0000] {processor.py:830} INFO - Processing file /home/airflow/.local/lib/python3.12/site-packages/airflow/example_dags/example_xcom.py for tasks to queue
[2026-05-07T22:32:58.760+0000] {logging_mixin.py:188} INFO - [2026-05-07T22:32:58.759+0000] {dagbag.py:545} INFO - Filling up the DagBag from /home/airflow/.local/lib/python3.12/site-packages/airflow/example_dags/example_xcom.py
[2026-05-07T22:32:58.768+0000] {processor.py:840} INFO - DAG(s) 'example_xcom' retrieved from /home/airflow/.local/lib/python3.12/site-packages/airflow/example_dags/example_xcom.py
[2026-05-07T22:32:58.789+0000] {logging_mixin.py:188} INFO - [2026-05-07T22:32:58.788+0000] {dag.py:3096} INFO - Sync 1 DAGs
[2026-05-07T22:32:58.808+0000] {logging_mixin.py:188} INFO - [2026-05-07T22:32:58.808+0000] {dag.py:3954} INFO - Setting next_dagrun for example_xcom to 2021-01-01 00:00:00+00:00, run_after=2021-01-01 00:00:00+00:00
[2026-05-07T22:32:58.831+0000] {processor.py:183} INFO - Processing /home/airflow/.local/lib/python3.12/site-packages/airflow/example_dags/example_xcom.py took 0.082 seconds
[2026-05-07T22:33:29.315+0000] {processor.py:161} INFO - Started process (PID=2366) to work on /home/airflow/.local/lib/python3.12/site-packages/airflow/example_dags/example_xcom.py
[2026-05-07T22:33:29.316+0000] {processor.py:830} INFO - Processing file /home/airflow/.local/lib/python3.12/site-packages/airflow/example_dags/example_xcom.py for tasks to queue
[2026-05-07T22:33:29.318+0000] {logging_mixin.py:188} INFO - [2026-05-07T22:33:29.318+0000] {dagbag.py:545} INFO - Filling up the DagBag from /home/airflow/.local/lib/python3.12/site-packages/airflow/example_dags/example_xcom.py
[2026-05-07T22:33:29.326+0000] {processor.py:840} INFO - DAG(s) 'example_xcom' retrieved from /home/airflow/.local/lib/python3.12/site-packages/airflow/example_dags/example_xcom.py
[2026-05-07T22:33:29.348+0000] {logging_mixin.py:188} INFO - [2026-05-07T22:33:29.347+0000] {dag.py:3096} INFO - Sync 1 DAGs
[2026-05-07T22:33:29.367+0000] {logging_mixin.py:188} INFO - [2026-05-07T22:33:29.367+0000] {dag.py:3954} INFO - Setting next_dagrun for example_xcom to 2021-01-01 00:00:00+00:00, run_after=2021-01-01 00:00:00+00:00
[2026-05-07T22:33:29.388+0000] {processor.py:183} INFO - Processing /home/airflow/.local/lib/python3.12/site-packages/airflow/example_dags/example_xcom.py took 0.079 seconds
[2026-05-07T22:34:00.122+0000] {processor.py:161} INFO - Started process (PID=2431) to work on /home/airflow/.local/lib/python3.12/site-packages/airflow/example_dags/example_xcom.py
[2026-05-07T22:34:00.124+0000] {processor.py:830} INFO - Processing file /home/airflow/.local/lib/python3.12/site-packages/airflow/example_dags/example_xcom.py for tasks to queue
[2026-05-07T22:34:00.126+0000] {logging_mixin.py:188} INFO - [2026-05-07T22:34:00.125+0000] {dagbag.py:545} INFO - Filling up the DagBag from /home/airflow/.local/lib/python3.12/site-packages/airflow/example_dags/example_xcom.py
[2026-05-07T22:34:00.134+0000] {processor.py:840} INFO - DAG(s) 'example_xcom' retrieved from /home/airflow/.local/lib/python3.12/site-packages/airflow/example_dags/example_xcom.py
[2026-05-07T22:34:00.153+0000] {logging_mixin.py:188} INFO - [2026-05-07T22:34:00.153+0000] {dag.py:3096} INFO - Sync 1 DAGs
[2026-05-07T22:34:00.174+0000] {logging_mixin.py:188} INFO - [2026-05-07T22:34:00.174+0000] {dag.py:3954} INFO - Setting next_dagrun for example_xcom to 2021-01-01 00:00:00+00:00, run_after=2021-01-01 00:00:00+00:00
[2026-05-07T22:34:00.194+0000] {processor.py:183} INFO - Processing /home/airflow/.local/lib/python3.12/site-packages/airflow/example_dags/example_xcom.py took 0.078 seconds
[2026-05-07T22:34:30.476+0000] {processor.py:161} INFO - Started process (PID=2489) to work on /home/airflow/.local/lib/python3.12/site-packages/airflow/example_dags/example_xcom.py
[2026-05-07T22:34:30.478+0000] {processor.py:830} INFO - Processing file /home/airflow/.local/lib/python3.12/site-packages/airflow/example_dags/example_xcom.py for tasks to queue
[2026-05-07T22:34:30.479+0000] {logging_mixin.py:188} INFO - [2026-05-07T22:34:30.479+0000] {dagbag.py:545} INFO - Filling up the DagBag from /home/airflow/.local/lib/python3.12/site-packages/airflow/example_dags/example_xcom.py
[2026-05-07T22:34:30.486+0000] {processor.py:840} INFO - DAG(s) 'example_xcom' retrieved from /home/airflow/.local/lib/python3.12/site-packages/airflow/example_dags/example_xcom.py
[2026-05-07T22:34:30.506+0000] {logging_mixin.py:188} INFO - [2026-05-07T22:34:30.506+0000] {dag.py:3096} INFO - Sync 1 DAGs
[2026-05-07T22:34:30.523+0000] {logging_mixin.py:188} INFO - [2026-05-07T22:34:30.523+0000] {dag.py:3954} INFO - Setting next_dagrun for example_xcom to 2021-01-01 00:00:00+00:00, run_after=2021-01-01 00:00:00+00:00
[2026-05-07T22:34:30.540+0000] {processor.py:183} INFO - Processing /home/airflow/.local/lib/python3.12/site-packages/airflow/example_dags/example_xcom.py took 0.071 seconds
[2026-05-07T22:35:00.698+0000] {processor.py:161} INFO - Started process (PID=2547) to work on /home/airflow/.local/lib/python3.12/site-packages/airflow/example_dags/example_xcom.py
[2026-05-07T22:35:00.701+0000] {processor.py:830} INFO - Processing file /home/airflow/.local/lib/python3.12/site-packages/airflow/example_dags/example_xcom.py for tasks to queue
[2026-05-07T22:35:00.702+0000] {logging_mixin.py:188} INFO - [2026-05-07T22:35:00.702+0000] {dagbag.py:545} INFO - Filling up the DagBag from /home/airflow/.local/lib/python3.12/site-packages/airflow/example_dags/example_xcom.py
[2026-05-07T22:35:00.709+0000] {processor.py:840} INFO - DAG(s) 'example_xcom' retrieved from /home/airflow/.local/lib/python3.12/site-packages/airflow/example_dags/example_xcom.py
[2026-05-07T22:35:00.728+0000] {logging_mixin.py:188} INFO - [2026-05-07T22:35:00.728+0000] {dag.py:3096} INFO - Sync 1 DAGs
[2026-05-07T22:35:00.748+0000] {logging_mixin.py:188} INFO - [2026-05-07T22:35:00.747+0000] {dag.py:3954} INFO - Setting next_dagrun for example_xcom to 2021-01-01 00:00:00+00:00, run_after=2021-01-01 00:00:00+00:00
[2026-05-07T22:35:00.766+0000] {processor.py:183} INFO - Processing /home/airflow/.local/lib/python3.12/site-packages/airflow/example_dags/example_xcom.py took 0.074 seconds
[2026-05-07T22:35:31.167+0000] {processor.py:161} INFO - Started process (PID=2605) to work on /home/airflow/.local/lib/python3.12/site-packages/airflow/example_dags/example_xcom.py
[2026-05-07T22:35:31.169+0000] {processor.py:830} INFO - Processing file /home/airflow/.local/lib/python3.12/site-packages/airflow/example_dags/example_xcom.py for tasks to queue
[2026-05-07T22:35:31.171+0000] {logging_mixin.py:188} INFO - [2026-05-07T22:35:31.170+0000] {dagbag.py:545} INFO - Filling up the DagBag from /home/airflow/.local/lib/python3.12/site-packages/airflow/example_dags/example_xcom.py
[2026-05-07T22:35:31.178+0000] {processor.py:840} INFO - DAG(s) 'example_xcom' retrieved from /home/airflow/.local/lib/python3.12/site-packages/airflow/example_dags/example_xcom.py
[2026-05-07T22:35:31.200+0000] {logging_mixin.py:188} INFO - [2026-05-07T22:35:31.200+0000] {dag.py:3096} INFO - Sync 1 DAGs
[2026-05-07T22:35:31.220+0000] {logging_mixin.py:188} INFO - [2026-05-07T22:35:31.220+0000] {dag.py:3954} INFO - Setting next_dagrun for example_xcom to 2021-01-01 00:00:00+00:00, run_after=2021-01-01 00:00:00+00:00
[2026-05-07T22:35:31.239+0000] {processor.py:183} INFO - Processing /home/airflow/.local/lib/python3.12/site-packages/airflow/example_dags/example_xcom.py took 0.077 seconds
[2026-05-07T22:36:01.341+0000] {processor.py:161} INFO - Started process (PID=2663) to work on /home/airflow/.local/lib/python3.12/site-packages/airflow/example_dags/example_xcom.py
[2026-05-07T22:36:01.342+0000] {processor.py:830} INFO - Processing file /home/airflow/.local/lib/python3.12/site-packages/airflow/example_dags/example_xcom.py for tasks to queue
[2026-05-07T22:36:01.345+0000] {logging_mixin.py:188} INFO - [2026-05-07T22:36:01.344+0000] {dagbag.py:545} INFO - Filling up the DagBag from /home/airflow/.local/lib/python3.12/site-packages/airflow/example_dags/example_xcom.py
[2026-05-07T22:36:01.352+0000] {processor.py:840} INFO - DAG(s) 'example_xcom' retrieved from /home/airflow/.local/lib/python3.12/site-packages/airflow/example_dags/example_xcom.py
[2026-05-07T22:36:01.377+0000] {logging_mixin.py:188} INFO - [2026-05-07T22:36:01.376+0000] {dag.py:3096} INFO - Sync 1 DAGs
[2026-05-07T22:36:01.399+0000] {logging_mixin.py:188} INFO - [2026-05-07T22:36:01.398+0000] {dag.py:3954} INFO - Setting next_dagrun for example_xcom to 2021-01-01 00:00:00+00:00, run_after=2021-01-01 00:00:00+00:00
[2026-05-07T22:36:01.425+0000] {processor.py:183} INFO - Processing /home/airflow/.local/lib/python3.12/site-packages/airflow/example_dags/example_xcom.py took 0.090 seconds
[2026-05-07T22:36:31.798+0000] {processor.py:161} INFO - Started process (PID=2721) to work on /home/airflow/.local/lib/python3.12/site-packages/airflow/example_dags/example_xcom.py
[2026-05-07T22:36:31.799+0000] {processor.py:830} INFO - Processing file /home/airflow/.local/lib/python3.12/site-packages/airflow/example_dags/example_xcom.py for tasks to queue
[2026-05-07T22:36:31.802+0000] {logging_mixin.py:188} INFO - [2026-05-07T22:36:31.801+0000] {dagbag.py:545} INFO - Filling up the DagBag from /home/airflow/.local/lib/python3.12/site-packages/airflow/example_dags/example_xcom.py
[2026-05-07T22:36:31.809+0000] {processor.py:840} INFO - DAG(s) 'example_xcom' retrieved from /home/airflow/.local/lib/python3.12/site-packages/airflow/example_dags/example_xcom.py
[2026-05-07T22:36:31.830+0000] {logging_mixin.py:188} INFO - [2026-05-07T22:36:31.830+0000] {dag.py:3096} INFO - Sync 1 DAGs
[2026-05-07T22:36:31.855+0000] {logging_mixin.py:188} INFO - [2026-05-07T22:36:31.855+0000] {dag.py:3954} INFO - Setting next_dagrun for example_xcom to 2021-01-01 00:00:00+00:00, run_after=2021-01-01 00:00:00+00:00
[2026-05-07T22:36:31.878+0000] {processor.py:183} INFO - Processing /home/airflow/.local/lib/python3.12/site-packages/airflow/example_dags/example_xcom.py took 0.086 seconds
[2026-05-07T22:37:02.641+0000] {processor.py:161} INFO - Started process (PID=2779) to work on /home/airflow/.local/lib/python3.12/site-packages/airflow/example_dags/example_xcom.py
[2026-05-07T22:37:02.642+0000] {processor.py:830} INFO - Processing file /home/airflow/.local/lib/python3.12/site-packages/airflow/example_dags/example_xcom.py for tasks to queue
[2026-05-07T22:37:02.644+0000] {logging_mixin.py:188} INFO - [2026-05-07T22:37:02.644+0000] {dagbag.py:545} INFO - Filling up the DagBag from /home/airflow/.local/lib/python3.12/site-packages/airflow/example_dags/example_xcom.py
[2026-05-07T22:37:02.651+0000] {processor.py:840} INFO - DAG(s) 'example_xcom' retrieved from /home/airflow/.local/lib/python3.12/site-packages/airflow/example_dags/example_xcom.py
[2026-05-07T22:37:02.671+0000] {logging_mixin.py:188} INFO - [2026-05-07T22:37:02.671+0000] {dag.py:3096} INFO - Sync 1 DAGs
[2026-05-07T22:37:02.692+0000] {logging_mixin.py:188} INFO - [2026-05-07T22:37:02.691+0000] {dag.py:3954} INFO - Setting next_dagrun for example_xcom to 2021-01-01 00:00:00+00:00, run_after=2021-01-01 00:00:00+00:00
[2026-05-07T22:37:02.713+0000] {processor.py:183} INFO - Processing /home/airflow/.local/lib/python3.12/site-packages/airflow/example_dags/example_xcom.py took 0.077 seconds
[2026-05-07T22:37:32.858+0000] {processor.py:161} INFO - Started process (PID=2837) to work on /home/airflow/.local/lib/python3.12/site-packages/airflow/example_dags/example_xcom.py
[2026-05-07T22:37:32.860+0000] {processor.py:830} INFO - Processing file /home/airflow/.local/lib/python3.12/site-packages/airflow/example_dags/example_xcom.py for tasks to queue
[2026-05-07T22:37:32.862+0000] {logging_mixin.py:188} INFO - [2026-05-07T22:37:32.862+0000] {dagbag.py:545} INFO - Filling up the DagBag from /home/airflow/.local/lib/python3.12/site-packages/airflow/example_dags/example_xcom.py
[2026-05-07T22:37:32.872+0000] {processor.py:840} INFO - DAG(s) 'example_xcom' retrieved from /home/airflow/.local/lib/python3.12/site-packages/airflow/example_dags/example_xcom.py
[2026-05-07T22:37:32.894+0000] {logging_mixin.py:188} INFO - [2026-05-07T22:37:32.894+0000] {dag.py:3096} INFO - Sync 1 DAGs
[2026-05-07T22:37:32.920+0000] {logging_mixin.py:188} INFO - [2026-05-07T22:37:32.920+0000] {dag.py:3954} INFO - Setting next_dagrun for example_xcom to 2021-01-01 00:00:00+00:00, run_after=2021-01-01 00:00:00+00:00
[2026-05-07T22:37:32.945+0000] {processor.py:183} INFO - Processing /home/airflow/.local/lib/python3.12/site-packages/airflow/example_dags/example_xcom.py took 0.094 seconds
[2026-05-07T22:38:03.762+0000] {processor.py:161} INFO - Started process (PID=2895) to work on /home/airflow/.local/lib/python3.12/site-packages/airflow/example_dags/example_xcom.py
[2026-05-07T22:38:03.764+0000] {processor.py:830} INFO - Processing file /home/airflow/.local/lib/python3.12/site-packages/airflow/example_dags/example_xcom.py for tasks to queue
[2026-05-07T22:38:03.766+0000] {logging_mixin.py:188} INFO - [2026-05-07T22:38:03.766+0000] {dagbag.py:545} INFO - Filling up the DagBag from /home/airflow/.local/lib/python3.12/site-packages/airflow/example_dags/example_xcom.py
[2026-05-07T22:38:03.773+0000] {processor.py:840} INFO - DAG(s) 'example_xcom' retrieved from /home/airflow/.local/lib/python3.12/site-packages/airflow/example_dags/example_xcom.py
[2026-05-07T22:38:03.794+0000] {logging_mixin.py:188} INFO - [2026-05-07T22:38:03.793+0000] {dag.py:3096} INFO - Sync 1 DAGs
[2026-05-07T22:38:03.812+0000] {logging_mixin.py:188} INFO - [2026-05-07T22:38:03.812+0000] {dag.py:3954} INFO - Setting next_dagrun for example_xcom to 2021-01-01 00:00:00+00:00, run_after=2021-01-01 00:00:00+00:00
[2026-05-07T22:38:03.833+0000] {processor.py:183} INFO - Processing /home/airflow/.local/lib/python3.12/site-packages/airflow/example_dags/example_xcom.py took 0.076 seconds
[2026-05-07T22:38:34.091+0000] {processor.py:161} INFO - Started process (PID=2953) to work on /home/airflow/.local/lib/python3.12/site-packages/airflow/example_dags/example_xcom.py
[2026-05-07T22:38:34.092+0000] {processor.py:830} INFO - Processing file /home/airflow/.local/lib/python3.12/site-packages/airflow/example_dags/example_xcom.py for tasks to queue
[2026-05-07T22:38:34.096+0000] {logging_mixin.py:188} INFO - [2026-05-07T22:38:34.095+0000] {dagbag.py:545} INFO - Filling up the DagBag from /home/airflow/.local/lib/python3.12/site-packages/airflow/example_dags/example_xcom.py
[2026-05-07T22:38:34.109+0000] {processor.py:840} INFO - DAG(s) 'example_xcom' retrieved from /home/airflow/.local/lib/python3.12/site-packages/airflow/example_dags/example_xcom.py
[2026-05-07T22:38:34.147+0000] {logging_mixin.py:188} INFO - [2026-05-07T22:38:34.146+0000] {dag.py:3096} INFO - Sync 1 DAGs
[2026-05-07T22:38:34.169+0000] {logging_mixin.py:188} INFO - [2026-05-07T22:38:34.169+0000] {dag.py:3954} INFO - Setting next_dagrun for example_xcom to 2021-01-01 00:00:00+00:00, run_after=2021-01-01 00:00:00+00:00
[2026-05-07T22:38:34.193+0000] {processor.py:183} INFO - Processing /home/airflow/.local/lib/python3.12/site-packages/airflow/example_dags/example_xcom.py took 0.111 seconds
[2026-05-07T22:39:04.375+0000] {processor.py:161} INFO - Started process (PID=3011) to work on /home/airflow/.local/lib/python3.12/site-packages/airflow/example_dags/example_xcom.py
[2026-05-07T22:39:04.376+0000] {processor.py:830} INFO - Processing file /home/airflow/.local/lib/python3.12/site-packages/airflow/example_dags/example_xcom.py for tasks to queue
[2026-05-07T22:39:04.378+0000] {logging_mixin.py:188} INFO - [2026-05-07T22:39:04.377+0000] {dagbag.py:545} INFO - Filling up the DagBag from /home/airflow/.local/lib/python3.12/site-packages/airflow/example_dags/example_xcom.py
[2026-05-07T22:39:04.385+0000] {processor.py:840} INFO - DAG(s) 'example_xcom' retrieved from /home/airflow/.local/lib/python3.12/site-packages/airflow/example_dags/example_xcom.py
[2026-05-07T22:39:04.404+0000] {logging_mixin.py:188} INFO - [2026-05-07T22:39:04.404+0000] {dag.py:3096} INFO - Sync 1 DAGs
[2026-05-07T22:39:04.424+0000] {logging_mixin.py:188} INFO - [2026-05-07T22:39:04.423+0000] {dag.py:3954} INFO - Setting next_dagrun for example_xcom to 2021-01-01 00:00:00+00:00, run_after=2021-01-01 00:00:00+00:00
[2026-05-07T22:39:04.443+0000] {processor.py:183} INFO - Processing /home/airflow/.local/lib/python3.12/site-packages/airflow/example_dags/example_xcom.py took 0.074 seconds
[2026-05-07T22:39:35.373+0000] {processor.py:161} INFO - Started process (PID=3069) to work on /home/airflow/.local/lib/python3.12/site-packages/airflow/example_dags/example_xcom.py
[2026-05-07T22:39:35.375+0000] {processor.py:830} INFO - Processing file /home/airflow/.local/lib/python3.12/site-packages/airflow/example_dags/example_xcom.py for tasks to queue
[2026-05-07T22:39:35.377+0000] {logging_mixin.py:188} INFO - [2026-05-07T22:39:35.376+0000] {dagbag.py:545} INFO - Filling up the DagBag from /home/airflow/.local/lib/python3.12/site-packages/airflow/example_dags/example_xcom.py
[2026-05-07T22:39:35.384+0000] {processor.py:840} INFO - DAG(s) 'example_xcom' retrieved from /home/airflow/.local/lib/python3.12/site-packages/airflow/example_dags/example_xcom.py
[2026-05-07T22:39:35.404+0000] {logging_mixin.py:188} INFO - [2026-05-07T22:39:35.404+0000] {dag.py:3096} INFO - Sync 1 DAGs
[2026-05-07T22:39:35.424+0000] {logging_mixin.py:188} INFO - [2026-05-07T22:39:35.423+0000] {dag.py:3954} INFO - Setting next_dagrun for example_xcom to 2021-01-01 00:00:00+00:00, run_after=2021-01-01 00:00:00+00:00
[2026-05-07T22:39:35.443+0000] {processor.py:183} INFO - Processing /home/airflow/.local/lib/python3.12/site-packages/airflow/example_dags/example_xcom.py took 0.075 seconds
[2026-05-07T22:40:05.681+0000] {processor.py:161} INFO - Started process (PID=3127) to work on /home/airflow/.local/lib/python3.12/site-packages/airflow/example_dags/example_xcom.py
[2026-05-07T22:40:05.682+0000] {processor.py:830} INFO - Processing file /home/airflow/.local/lib/python3.12/site-packages/airflow/example_dags/example_xcom.py for tasks to queue
[2026-05-07T22:40:05.685+0000] {logging_mixin.py:188} INFO - [2026-05-07T22:40:05.684+0000] {dagbag.py:545} INFO - Filling up the DagBag from /home/airflow/.local/lib/python3.12/site-packages/airflow/example_dags/example_xcom.py
[2026-05-07T22:40:05.692+0000] {processor.py:840} INFO - DAG(s) 'example_xcom' retrieved from /home/airflow/.local/lib/python3.12/site-packages/airflow/example_dags/example_xcom.py
[2026-05-07T22:40:05.712+0000] {logging_mixin.py:188} INFO - [2026-05-07T22:40:05.712+0000] {dag.py:3096} INFO - Sync 1 DAGs
[2026-05-07T22:40:05.732+0000] {logging_mixin.py:188} INFO - [2026-05-07T22:40:05.732+0000] {dag.py:3954} INFO - Setting next_dagrun for example_xcom to 2021-01-01 00:00:00+00:00, run_after=2021-01-01 00:00:00+00:00
[2026-05-07T22:40:05.752+0000] {processor.py:183} INFO - Processing /home/airflow/.local/lib/python3.12/site-packages/airflow/example_dags/example_xcom.py took 0.077 seconds
[2026-05-07T22:40:35.938+0000] {processor.py:161} INFO - Started process (PID=3185) to work on /home/airflow/.local/lib/python3.12/site-packages/airflow/example_dags/example_xcom.py
[2026-05-07T22:40:35.940+0000] {processor.py:830} INFO - Processing file /home/airflow/.local/lib/python3.12/site-packages/airflow/example_dags/example_xcom.py for tasks to queue
[2026-05-07T22:40:35.942+0000] {logging_mixin.py:188} INFO - [2026-05-07T22:40:35.941+0000] {dagbag.py:545} INFO - Filling up the DagBag from /home/airflow/.local/lib/python3.12/site-packages/airflow/example_dags/example_xcom.py
[2026-05-07T22:40:35.949+0000] {processor.py:840} INFO - DAG(s) 'example_xcom' retrieved from /home/airflow/.local/lib/python3.12/site-packages/airflow/example_dags/example_xcom.py
[2026-05-07T22:40:35.970+0000] {logging_mixin.py:188} INFO - [2026-05-07T22:40:35.969+0000] {dag.py:3096} INFO - Sync 1 DAGs
[2026-05-07T22:40:35.989+0000] {logging_mixin.py:188} INFO - [2026-05-07T22:40:35.988+0000] {dag.py:3954} INFO - Setting next_dagrun for example_xcom to 2021-01-01 00:00:00+00:00, run_after=2021-01-01 00:00:00+00:00
[2026-05-07T22:40:36.010+0000] {processor.py:183} INFO - Processing /home/airflow/.local/lib/python3.12/site-packages/airflow/example_dags/example_xcom.py took 0.078 seconds
[2026-05-07T22:41:06.342+0000] {processor.py:161} INFO - Started process (PID=3243) to work on /home/airflow/.local/lib/python3.12/site-packages/airflow/example_dags/example_xcom.py
[2026-05-07T22:41:06.343+0000] {processor.py:830} INFO - Processing file /home/airflow/.local/lib/python3.12/site-packages/airflow/example_dags/example_xcom.py for tasks to queue
[2026-05-07T22:41:06.346+0000] {logging_mixin.py:188} INFO - [2026-05-07T22:41:06.345+0000] {dagbag.py:545} INFO - Filling up the DagBag from /home/airflow/.local/lib/python3.12/site-packages/airflow/example_dags/example_xcom.py
[2026-05-07T22:41:06.356+0000] {processor.py:840} INFO - DAG(s) 'example_xcom' retrieved from /home/airflow/.local/lib/python3.12/site-packages/airflow/example_dags/example_xcom.py
[2026-05-07T22:41:06.378+0000] {logging_mixin.py:188} INFO - [2026-05-07T22:41:06.378+0000] {dag.py:3096} INFO - Sync 1 DAGs
[2026-05-07T22:41:06.397+0000] {logging_mixin.py:188} INFO - [2026-05-07T22:41:06.397+0000] {dag.py:3954} INFO - Setting next_dagrun for example_xcom to 2021-01-01 00:00:00+00:00, run_after=2021-01-01 00:00:00+00:00
[2026-05-07T22:41:06.419+0000] {processor.py:183} INFO - Processing /home/airflow/.local/lib/python3.12/site-packages/airflow/example_dags/example_xcom.py took 0.086 seconds
[2026-05-07T22:41:36.697+0000] {processor.py:161} INFO - Started process (PID=3301) to work on /home/airflow/.local/lib/python3.12/site-packages/airflow/example_dags/example_xcom.py
[2026-05-07T22:41:36.698+0000] {processor.py:830} INFO - Processing file /home/airflow/.local/lib/python3.12/site-packages/airflow/example_dags/example_xcom.py for tasks to queue
[2026-05-07T22:41:36.701+0000] {logging_mixin.py:188} INFO - [2026-05-07T22:41:36.700+0000] {dagbag.py:545} INFO - Filling up the DagBag from /home/airflow/.local/lib/python3.12/site-packages/airflow/example_dags/example_xcom.py
[2026-05-07T22:41:36.708+0000] {processor.py:840} INFO - DAG(s) 'example_xcom' retrieved from /home/airflow/.local/lib/python3.12/site-packages/airflow/example_dags/example_xcom.py
[2026-05-07T22:41:36.728+0000] {logging_mixin.py:188} INFO - [2026-05-07T22:41:36.728+0000] {dag.py:3096} INFO - Sync 1 DAGs
[2026-05-07T22:41:36.747+0000] {logging_mixin.py:188} INFO - [2026-05-07T22:41:36.747+0000] {dag.py:3954} INFO - Setting next_dagrun for example_xcom to 2021-01-01 00:00:00+00:00, run_after=2021-01-01 00:00:00+00:00
[2026-05-07T22:41:36.770+0000] {processor.py:183} INFO - Processing /home/airflow/.local/lib/python3.12/site-packages/airflow/example_dags/example_xcom.py took 0.080 seconds
[2026-05-07T22:42:07.670+0000] {processor.py:161} INFO - Started process (PID=3359) to work on /home/airflow/.local/lib/python3.12/site-packages/airflow/example_dags/example_xcom.py
[2026-05-07T22:42:07.671+0000] {processor.py:830} INFO - Processing file /home/airflow/.local/lib/python3.12/site-packages/airflow/example_dags/example_xcom.py for tasks to queue
[2026-05-07T22:42:07.673+0000] {logging_mixin.py:188} INFO - [2026-05-07T22:42:07.673+0000] {dagbag.py:545} INFO - Filling up the DagBag from /home/airflow/.local/lib/python3.12/site-packages/airflow/example_dags/example_xcom.py
[2026-05-07T22:42:07.681+0000] {processor.py:840} INFO - DAG(s) 'example_xcom' retrieved from /home/airflow/.local/lib/python3.12/site-packages/airflow/example_dags/example_xcom.py
[2026-05-07T22:42:07.703+0000] {logging_mixin.py:188} INFO - [2026-05-07T22:42:07.703+0000] {dag.py:3096} INFO - Sync 1 DAGs
[2026-05-07T22:42:07.721+0000] {logging_mixin.py:188} INFO - [2026-05-07T22:42:07.721+0000] {dag.py:3954} INFO - Setting next_dagrun for example_xcom to 2021-01-01 00:00:00+00:00, run_after=2021-01-01 00:00:00+00:00
[2026-05-07T22:42:07.740+0000] {processor.py:183} INFO - Processing /home/airflow/.local/lib/python3.12/site-packages/airflow/example_dags/example_xcom.py took 0.076 seconds
[2026-05-07T22:42:37.934+0000] {processor.py:161} INFO - Started process (PID=3417) to work on /home/airflow/.local/lib/python3.12/site-packages/airflow/example_dags/example_xcom.py
[2026-05-07T22:42:37.936+0000] {processor.py:830} INFO - Processing file /home/airflow/.local/lib/python3.12/site-packages/airflow/example_dags/example_xcom.py for tasks to queue
[2026-05-07T22:42:37.938+0000] {logging_mixin.py:188} INFO - [2026-05-07T22:42:37.937+0000] {dagbag.py:545} INFO - Filling up the DagBag from /home/airflow/.local/lib/python3.12/site-packages/airflow/example_dags/example_xcom.py
[2026-05-07T22:42:37.945+0000] {processor.py:840} INFO - DAG(s) 'example_xcom' retrieved from /home/airflow/.local/lib/python3.12/site-packages/airflow/example_dags/example_xcom.py
[2026-05-07T22:42:37.965+0000] {logging_mixin.py:188} INFO - [2026-05-07T22:42:37.965+0000] {dag.py:3096} INFO - Sync 1 DAGs
[2026-05-07T22:42:37.985+0000] {logging_mixin.py:188} INFO - [2026-05-07T22:42:37.985+0000] {dag.py:3954} INFO - Setting next_dagrun for example_xcom to 2021-01-01 00:00:00+00:00, run_after=2021-01-01 00:00:00+00:00
[2026-05-07T22:42:38.005+0000] {processor.py:183} INFO - Processing /home/airflow/.local/lib/python3.12/site-packages/airflow/example_dags/example_xcom.py took 0.076 seconds
[2026-05-07T22:43:08.334+0000] {processor.py:161} INFO - Started process (PID=3474) to work on /home/airflow/.local/lib/python3.12/site-packages/airflow/example_dags/example_xcom.py
[2026-05-07T22:43:08.336+0000] {processor.py:830} INFO - Processing file /home/airflow/.local/lib/python3.12/site-packages/airflow/example_dags/example_xcom.py for tasks to queue
[2026-05-07T22:43:08.338+0000] {logging_mixin.py:188} INFO - [2026-05-07T22:43:08.338+0000] {dagbag.py:545} INFO - Filling up the DagBag from /home/airflow/.local/lib/python3.12/site-packages/airflow/example_dags/example_xcom.py
[2026-05-07T22:43:08.344+0000] {processor.py:840} INFO - DAG(s) 'example_xcom' retrieved from /home/airflow/.local/lib/python3.12/site-packages/airflow/example_dags/example_xcom.py
[2026-05-07T22:43:08.366+0000] {logging_mixin.py:188} INFO - [2026-05-07T22:43:08.366+0000] {dag.py:3096} INFO - Sync 1 DAGs
[2026-05-07T22:43:08.384+0000] {logging_mixin.py:188} INFO - [2026-05-07T22:43:08.384+0000] {dag.py:3954} INFO - Setting next_dagrun for example_xcom to 2021-01-01 00:00:00+00:00, run_after=2021-01-01 00:00:00+00:00
[2026-05-07T22:43:08.405+0000] {processor.py:183} INFO - Processing /home/airflow/.local/lib/python3.12/site-packages/airflow/example_dags/example_xcom.py took 0.076 seconds
[2026-05-07T22:43:38.812+0000] {processor.py:161} INFO - Started process (PID=3532) to work on /home/airflow/.local/lib/python3.12/site-packages/airflow/example_dags/example_xcom.py
[2026-05-07T22:43:38.813+0000] {processor.py:830} INFO - Processing file /home/airflow/.local/lib/python3.12/site-packages/airflow/example_dags/example_xcom.py for tasks to queue
[2026-05-07T22:43:38.816+0000] {logging_mixin.py:188} INFO - [2026-05-07T22:43:38.815+0000] {dagbag.py:545} INFO - Filling up the DagBag from /home/airflow/.local/lib/python3.12/site-packages/airflow/example_dags/example_xcom.py
[2026-05-07T22:43:38.824+0000] {processor.py:840} INFO - DAG(s) 'example_xcom' retrieved from /home/airflow/.local/lib/python3.12/site-packages/airflow/example_dags/example_xcom.py
[2026-05-07T22:43:38.848+0000] {logging_mixin.py:188} INFO - [2026-05-07T22:43:38.848+0000] {dag.py:3096} INFO - Sync 1 DAGs
[2026-05-07T22:43:38.872+0000] {logging_mixin.py:188} INFO - [2026-05-07T22:43:38.872+0000] {dag.py:3954} INFO - Setting next_dagrun for example_xcom to 2021-01-01 00:00:00+00:00, run_after=2021-01-01 00:00:00+00:00
[2026-05-07T22:43:38.895+0000] {processor.py:183} INFO - Processing /home/airflow/.local/lib/python3.12/site-packages/airflow/example_dags/example_xcom.py took 0.090 seconds
[2026-05-07T22:44:09.004+0000] {processor.py:161} INFO - Started process (PID=3590) to work on /home/airflow/.local/lib/python3.12/site-packages/airflow/example_dags/example_xcom.py
[2026-05-07T22:44:09.006+0000] {processor.py:830} INFO - Processing file /home/airflow/.local/lib/python3.12/site-packages/airflow/example_dags/example_xcom.py for tasks to queue
[2026-05-07T22:44:09.008+0000] {logging_mixin.py:188} INFO - [2026-05-07T22:44:09.008+0000] {dagbag.py:545} INFO - Filling up the DagBag from /home/airflow/.local/lib/python3.12/site-packages/airflow/example_dags/example_xcom.py
[2026-05-07T22:44:09.015+0000] {processor.py:840} INFO - DAG(s) 'example_xcom' retrieved from /home/airflow/.local/lib/python3.12/site-packages/airflow/example_dags/example_xcom.py
[2026-05-07T22:44:09.035+0000] {logging_mixin.py:188} INFO - [2026-05-07T22:44:09.035+0000] {dag.py:3096} INFO - Sync 1 DAGs
[2026-05-07T22:44:09.057+0000] {logging_mixin.py:188} INFO - [2026-05-07T22:44:09.056+0000] {dag.py:3954} INFO - Setting next_dagrun for example_xcom to 2021-01-01 00:00:00+00:00, run_after=2021-01-01 00:00:00+00:00
[2026-05-07T22:44:09.074+0000] {processor.py:183} INFO - Processing /home/airflow/.local/lib/python3.12/site-packages/airflow/example_dags/example_xcom.py took 0.075 seconds
[2026-05-07T22:44:39.251+0000] {processor.py:161} INFO - Started process (PID=3646) to work on /home/airflow/.local/lib/python3.12/site-packages/airflow/example_dags/example_xcom.py
[2026-05-07T22:44:39.253+0000] {processor.py:830} INFO - Processing file /home/airflow/.local/lib/python3.12/site-packages/airflow/example_dags/example_xcom.py for tasks to queue
[2026-05-07T22:44:39.255+0000] {logging_mixin.py:188} INFO - [2026-05-07T22:44:39.255+0000] {dagbag.py:545} INFO - Filling up the DagBag from /home/airflow/.local/lib/python3.12/site-packages/airflow/example_dags/example_xcom.py
[2026-05-07T22:44:39.262+0000] {processor.py:840} INFO - DAG(s) 'example_xcom' retrieved from /home/airflow/.local/lib/python3.12/site-packages/airflow/example_dags/example_xcom.py
[2026-05-07T22:44:39.282+0000] {logging_mixin.py:188} INFO - [2026-05-07T22:44:39.281+0000] {dag.py:3096} INFO - Sync 1 DAGs
[2026-05-07T22:44:39.301+0000] {logging_mixin.py:188} INFO - [2026-05-07T22:44:39.301+0000] {dag.py:3954} INFO - Setting next_dagrun for example_xcom to 2021-01-01 00:00:00+00:00, run_after=2021-01-01 00:00:00+00:00
[2026-05-07T22:44:39.321+0000] {processor.py:183} INFO - Processing /home/airflow/.local/lib/python3.12/site-packages/airflow/example_dags/example_xcom.py took 0.075 seconds
[2026-05-07T22:45:09.363+0000] {processor.py:161} INFO - Started process (PID=3703) to work on /home/airflow/.local/lib/python3.12/site-packages/airflow/example_dags/example_xcom.py
[2026-05-07T22:45:09.365+0000] {processor.py:830} INFO - Processing file /home/airflow/.local/lib/python3.12/site-packages/airflow/example_dags/example_xcom.py for tasks to queue
[2026-05-07T22:45:09.367+0000] {logging_mixin.py:188} INFO - [2026-05-07T22:45:09.366+0000] {dagbag.py:545} INFO - Filling up the DagBag from /home/airflow/.local/lib/python3.12/site-packages/airflow/example_dags/example_xcom.py
[2026-05-07T22:45:09.374+0000] {processor.py:840} INFO - DAG(s) 'example_xcom' retrieved from /home/airflow/.local/lib/python3.12/site-packages/airflow/example_dags/example_xcom.py
[2026-05-07T22:45:09.394+0000] {logging_mixin.py:188} INFO - [2026-05-07T22:45:09.394+0000] {dag.py:3096} INFO - Sync 1 DAGs
[2026-05-07T22:45:09.414+0000] {logging_mixin.py:188} INFO - [2026-05-07T22:45:09.413+0000] {dag.py:3954} INFO - Setting next_dagrun for example_xcom to 2021-01-01 00:00:00+00:00, run_after=2021-01-01 00:00:00+00:00
[2026-05-07T22:45:09.433+0000] {processor.py:183} INFO - Processing /home/airflow/.local/lib/python3.12/site-packages/airflow/example_dags/example_xcom.py took 0.075 seconds
[2026-05-07T22:45:39.962+0000] {processor.py:161} INFO - Started process (PID=3761) to work on /home/airflow/.local/lib/python3.12/site-packages/airflow/example_dags/example_xcom.py
[2026-05-07T22:45:39.963+0000] {processor.py:830} INFO - Processing file /home/airflow/.local/lib/python3.12/site-packages/airflow/example_dags/example_xcom.py for tasks to queue
[2026-05-07T22:45:39.966+0000] {logging_mixin.py:188} INFO - [2026-05-07T22:45:39.966+0000] {dagbag.py:545} INFO - Filling up the DagBag from /home/airflow/.local/lib/python3.12/site-packages/airflow/example_dags/example_xcom.py
[2026-05-07T22:45:39.975+0000] {processor.py:840} INFO - DAG(s) 'example_xcom' retrieved from /home/airflow/.local/lib/python3.12/site-packages/airflow/example_dags/example_xcom.py
[2026-05-07T22:45:40.001+0000] {logging_mixin.py:188} INFO - [2026-05-07T22:45:40.001+0000] {dag.py:3096} INFO - Sync 1 DAGs
[2026-05-07T22:45:40.027+0000] {logging_mixin.py:188} INFO - [2026-05-07T22:45:40.027+0000] {dag.py:3954} INFO - Setting next_dagrun for example_xcom to 2021-01-01 00:00:00+00:00, run_after=2021-01-01 00:00:00+00:00
[2026-05-07T22:45:40.054+0000] {processor.py:183} INFO - Processing /home/airflow/.local/lib/python3.12/site-packages/airflow/example_dags/example_xcom.py took 0.098 seconds
[2026-05-07T22:46:10.168+0000] {processor.py:161} INFO - Started process (PID=3819) to work on /home/airflow/.local/lib/python3.12/site-packages/airflow/example_dags/example_xcom.py
[2026-05-07T22:46:10.169+0000] {processor.py:830} INFO - Processing file /home/airflow/.local/lib/python3.12/site-packages/airflow/example_dags/example_xcom.py for tasks to queue
[2026-05-07T22:46:10.172+0000] {logging_mixin.py:188} INFO - [2026-05-07T22:46:10.171+0000] {dagbag.py:545} INFO - Filling up the DagBag from /home/airflow/.local/lib/python3.12/site-packages/airflow/example_dags/example_xcom.py
[2026-05-07T22:46:10.181+0000] {processor.py:840} INFO - DAG(s) 'example_xcom' retrieved from /home/airflow/.local/lib/python3.12/site-packages/airflow/example_dags/example_xcom.py
[2026-05-07T22:46:10.214+0000] {logging_mixin.py:188} INFO - [2026-05-07T22:46:10.213+0000] {dag.py:3096} INFO - Sync 1 DAGs
[2026-05-07T22:46:10.241+0000] {logging_mixin.py:188} INFO - [2026-05-07T22:46:10.240+0000] {dag.py:3954} INFO - Setting next_dagrun for example_xcom to 2021-01-01 00:00:00+00:00, run_after=2021-01-01 00:00:00+00:00
[2026-05-07T22:46:10.275+0000] {processor.py:183} INFO - Processing /home/airflow/.local/lib/python3.12/site-packages/airflow/example_dags/example_xcom.py took 0.116 seconds
[2026-05-07T22:46:40.382+0000] {processor.py:161} INFO - Started process (PID=3877) to work on /home/airflow/.local/lib/python3.12/site-packages/airflow/example_dags/example_xcom.py
[2026-05-07T22:46:40.384+0000] {processor.py:830} INFO - Processing file /home/airflow/.local/lib/python3.12/site-packages/airflow/example_dags/example_xcom.py for tasks to queue
[2026-05-07T22:46:40.386+0000] {logging_mixin.py:188} INFO - [2026-05-07T22:46:40.386+0000] {dagbag.py:545} INFO - Filling up the DagBag from /home/airflow/.local/lib/python3.12/site-packages/airflow/example_dags/example_xcom.py
[2026-05-07T22:46:40.393+0000] {processor.py:840} INFO - DAG(s) 'example_xcom' retrieved from /home/airflow/.local/lib/python3.12/site-packages/airflow/example_dags/example_xcom.py
[2026-05-07T22:46:40.415+0000] {logging_mixin.py:188} INFO - [2026-05-07T22:46:40.415+0000] {dag.py:3096} INFO - Sync 1 DAGs
[2026-05-07T22:46:40.436+0000] {logging_mixin.py:188} INFO - [2026-05-07T22:46:40.435+0000] {dag.py:3954} INFO - Setting next_dagrun for example_xcom to 2021-01-01 00:00:00+00:00, run_after=2021-01-01 00:00:00+00:00
[2026-05-07T22:46:40.455+0000] {processor.py:183} INFO - Processing /home/airflow/.local/lib/python3.12/site-packages/airflow/example_dags/example_xcom.py took 0.078 seconds
[2026-05-07T22:47:10.795+0000] {processor.py:161} INFO - Started process (PID=3935) to work on /home/airflow/.local/lib/python3.12/site-packages/airflow/example_dags/example_xcom.py
[2026-05-07T22:47:10.796+0000] {processor.py:830} INFO - Processing file /home/airflow/.local/lib/python3.12/site-packages/airflow/example_dags/example_xcom.py for tasks to queue
[2026-05-07T22:47:10.798+0000] {logging_mixin.py:188} INFO - [2026-05-07T22:47:10.798+0000] {dagbag.py:545} INFO - Filling up the DagBag from /home/airflow/.local/lib/python3.12/site-packages/airflow/example_dags/example_xcom.py
[2026-05-07T22:47:10.805+0000] {processor.py:840} INFO - DAG(s) 'example_xcom' retrieved from /home/airflow/.local/lib/python3.12/site-packages/airflow/example_dags/example_xcom.py
[2026-05-07T22:47:10.824+0000] {logging_mixin.py:188} INFO - [2026-05-07T22:47:10.824+0000] {dag.py:3096} INFO - Sync 1 DAGs
[2026-05-07T22:47:10.841+0000] {logging_mixin.py:188} INFO - [2026-05-07T22:47:10.840+0000] {dag.py:3954} INFO - Setting next_dagrun for example_xcom to 2021-01-01 00:00:00+00:00, run_after=2021-01-01 00:00:00+00:00
[2026-05-07T22:47:10.858+0000] {processor.py:183} INFO - Processing /home/airflow/.local/lib/python3.12/site-packages/airflow/example_dags/example_xcom.py took 0.068 seconds
[2026-05-07T22:47:40.998+0000] {processor.py:161} INFO - Started process (PID=3993) to work on /home/airflow/.local/lib/python3.12/site-packages/airflow/example_dags/example_xcom.py
[2026-05-07T22:47:40.999+0000] {processor.py:830} INFO - Processing file /home/airflow/.local/lib/python3.12/site-packages/airflow/example_dags/example_xcom.py for tasks to queue
[2026-05-07T22:47:41.002+0000] {logging_mixin.py:188} INFO - [2026-05-07T22:47:41.001+0000] {dagbag.py:545} INFO - Filling up the DagBag from /home/airflow/.local/lib/python3.12/site-packages/airflow/example_dags/example_xcom.py
[2026-05-07T22:47:41.008+0000] {processor.py:840} INFO - DAG(s) 'example_xcom' retrieved from /home/airflow/.local/lib/python3.12/site-packages/airflow/example_dags/example_xcom.py
[2026-05-07T22:47:41.027+0000] {logging_mixin.py:188} INFO - [2026-05-07T22:47:41.026+0000] {dag.py:3096} INFO - Sync 1 DAGs
[2026-05-07T22:47:41.043+0000] {logging_mixin.py:188} INFO - [2026-05-07T22:47:41.043+0000] {dag.py:3954} INFO - Setting next_dagrun for example_xcom to 2021-01-01 00:00:00+00:00, run_after=2021-01-01 00:00:00+00:00
[2026-05-07T22:47:41.060+0000] {processor.py:183} INFO - Processing /home/airflow/.local/lib/python3.12/site-packages/airflow/example_dags/example_xcom.py took 0.067 seconds
[2026-05-07T22:48:11.953+0000] {processor.py:161} INFO - Started process (PID=4050) to work on /home/airflow/.local/lib/python3.12/site-packages/airflow/example_dags/example_xcom.py
[2026-05-07T22:48:11.955+0000] {processor.py:830} INFO - Processing file /home/airflow/.local/lib/python3.12/site-packages/airflow/example_dags/example_xcom.py for tasks to queue
[2026-05-07T22:48:11.957+0000] {logging_mixin.py:188} INFO - [2026-05-07T22:48:11.957+0000] {dagbag.py:545} INFO - Filling up the DagBag from /home/airflow/.local/lib/python3.12/site-packages/airflow/example_dags/example_xcom.py
[2026-05-07T22:48:11.968+0000] {processor.py:840} INFO - DAG(s) 'example_xcom' retrieved from /home/airflow/.local/lib/python3.12/site-packages/airflow/example_dags/example_xcom.py
[2026-05-07T22:48:11.988+0000] {logging_mixin.py:188} INFO - [2026-05-07T22:48:11.988+0000] {dag.py:3096} INFO - Sync 1 DAGs
[2026-05-07T22:48:12.009+0000] {logging_mixin.py:188} INFO - [2026-05-07T22:48:12.009+0000] {dag.py:3954} INFO - Setting next_dagrun for example_xcom to 2021-01-01 00:00:00+00:00, run_after=2021-01-01 00:00:00+00:00
[2026-05-07T22:48:12.029+0000] {processor.py:183} INFO - Processing /home/airflow/.local/lib/python3.12/site-packages/airflow/example_dags/example_xcom.py took 0.081 seconds
[2026-05-07T22:48:42.146+0000] {processor.py:161} INFO - Started process (PID=4108) to work on /home/airflow/.local/lib/python3.12/site-packages/airflow/example_dags/example_xcom.py
[2026-05-07T22:48:42.148+0000] {processor.py:830} INFO - Processing file /home/airflow/.local/lib/python3.12/site-packages/airflow/example_dags/example_xcom.py for tasks to queue
[2026-05-07T22:48:42.150+0000] {logging_mixin.py:188} INFO - [2026-05-07T22:48:42.150+0000] {dagbag.py:545} INFO - Filling up the DagBag from /home/airflow/.local/lib/python3.12/site-packages/airflow/example_dags/example_xcom.py
[2026-05-07T22:48:42.158+0000] {processor.py:840} INFO - DAG(s) 'example_xcom' retrieved from /home/airflow/.local/lib/python3.12/site-packages/airflow/example_dags/example_xcom.py
[2026-05-07T22:48:42.181+0000] {logging_mixin.py:188} INFO - [2026-05-07T22:48:42.181+0000] {dag.py:3096} INFO - Sync 1 DAGs
[2026-05-07T22:48:42.201+0000] {logging_mixin.py:188} INFO - [2026-05-07T22:48:42.201+0000] {dag.py:3954} INFO - Setting next_dagrun for example_xcom to 2021-01-01 00:00:00+00:00, run_after=2021-01-01 00:00:00+00:00
[2026-05-07T22:48:42.222+0000] {processor.py:183} INFO - Processing /home/airflow/.local/lib/python3.12/site-packages/airflow/example_dags/example_xcom.py took 0.082 seconds
[2026-05-07T22:49:12.399+0000] {processor.py:161} INFO - Started process (PID=4166) to work on /home/airflow/.local/lib/python3.12/site-packages/airflow/example_dags/example_xcom.py
[2026-05-07T22:49:12.400+0000] {processor.py:830} INFO - Processing file /home/airflow/.local/lib/python3.12/site-packages/airflow/example_dags/example_xcom.py for tasks to queue
[2026-05-07T22:49:12.402+0000] {logging_mixin.py:188} INFO - [2026-05-07T22:49:12.402+0000] {dagbag.py:545} INFO - Filling up the DagBag from /home/airflow/.local/lib/python3.12/site-packages/airflow/example_dags/example_xcom.py
[2026-05-07T22:49:12.410+0000] {processor.py:840} INFO - DAG(s) 'example_xcom' retrieved from /home/airflow/.local/lib/python3.12/site-packages/airflow/example_dags/example_xcom.py
[2026-05-07T22:49:12.430+0000] {logging_mixin.py:188} INFO - [2026-05-07T22:49:12.430+0000] {dag.py:3096} INFO - Sync 1 DAGs
[2026-05-07T22:49:12.449+0000] {logging_mixin.py:188} INFO - [2026-05-07T22:49:12.449+0000] {dag.py:3954} INFO - Setting next_dagrun for example_xcom to 2021-01-01 00:00:00+00:00, run_after=2021-01-01 00:00:00+00:00
[2026-05-07T22:49:12.468+0000] {processor.py:183} INFO - Processing /home/airflow/.local/lib/python3.12/site-packages/airflow/example_dags/example_xcom.py took 0.075 seconds
[2026-05-07T22:49:42.840+0000] {processor.py:161} INFO - Started process (PID=4224) to work on /home/airflow/.local/lib/python3.12/site-packages/airflow/example_dags/example_xcom.py
[2026-05-07T22:49:42.841+0000] {processor.py:830} INFO - Processing file /home/airflow/.local/lib/python3.12/site-packages/airflow/example_dags/example_xcom.py for tasks to queue
[2026-05-07T22:49:42.843+0000] {logging_mixin.py:188} INFO - [2026-05-07T22:49:42.843+0000] {dagbag.py:545} INFO - Filling up the DagBag from /home/airflow/.local/lib/python3.12/site-packages/airflow/example_dags/example_xcom.py
[2026-05-07T22:49:42.850+0000] {processor.py:840} INFO - DAG(s) 'example_xcom' retrieved from /home/airflow/.local/lib/python3.12/site-packages/airflow/example_dags/example_xcom.py
[2026-05-07T22:49:42.869+0000] {logging_mixin.py:188} INFO - [2026-05-07T22:49:42.869+0000] {dag.py:3096} INFO - Sync 1 DAGs
[2026-05-07T22:49:42.891+0000] {logging_mixin.py:188} INFO - [2026-05-07T22:49:42.890+0000] {dag.py:3954} INFO - Setting next_dagrun for example_xcom to 2021-01-01 00:00:00+00:00, run_after=2021-01-01 00:00:00+00:00
[2026-05-07T22:49:42.909+0000] {processor.py:183} INFO - Processing /home/airflow/.local/lib/python3.12/site-packages/airflow/example_dags/example_xcom.py took 0.075 seconds
[2026-05-07T22:50:13.199+0000] {processor.py:161} INFO - Started process (PID=4282) to work on /home/airflow/.local/lib/python3.12/site-packages/airflow/example_dags/example_xcom.py
[2026-05-07T22:50:13.201+0000] {processor.py:830} INFO - Processing file /home/airflow/.local/lib/python3.12/site-packages/airflow/example_dags/example_xcom.py for tasks to queue
[2026-05-07T22:50:13.203+0000] {logging_mixin.py:188} INFO - [2026-05-07T22:50:13.203+0000] {dagbag.py:545} INFO - Filling up the DagBag from /home/airflow/.local/lib/python3.12/site-packages/airflow/example_dags/example_xcom.py
[2026-05-07T22:50:13.211+0000] {processor.py:840} INFO - DAG(s) 'example_xcom' retrieved from /home/airflow/.local/lib/python3.12/site-packages/airflow/example_dags/example_xcom.py
[2026-05-07T22:50:13.231+0000] {logging_mixin.py:188} INFO - [2026-05-07T22:50:13.230+0000] {dag.py:3096} INFO - Sync 1 DAGs
[2026-05-07T22:50:13.251+0000] {logging_mixin.py:188} INFO - [2026-05-07T22:50:13.251+0000] {dag.py:3954} INFO - Setting next_dagrun for example_xcom to 2021-01-01 00:00:00+00:00, run_after=2021-01-01 00:00:00+00:00
[2026-05-07T22:50:13.270+0000] {processor.py:183} INFO - Processing /home/airflow/.local/lib/python3.12/site-packages/airflow/example_dags/example_xcom.py took 0.077 seconds
[2026-05-07T22:50:43.443+0000] {processor.py:161} INFO - Started process (PID=4340) to work on /home/airflow/.local/lib/python3.12/site-packages/airflow/example_dags/example_xcom.py
[2026-05-07T22:50:43.445+0000] {processor.py:830} INFO - Processing file /home/airflow/.local/lib/python3.12/site-packages/airflow/example_dags/example_xcom.py for tasks to queue
[2026-05-07T22:50:43.447+0000] {logging_mixin.py:188} INFO - [2026-05-07T22:50:43.447+0000] {dagbag.py:545} INFO - Filling up the DagBag from /home/airflow/.local/lib/python3.12/site-packages/airflow/example_dags/example_xcom.py
[2026-05-07T22:50:43.455+0000] {processor.py:840} INFO - DAG(s) 'example_xcom' retrieved from /home/airflow/.local/lib/python3.12/site-packages/airflow/example_dags/example_xcom.py
[2026-05-07T22:50:43.474+0000] {logging_mixin.py:188} INFO - [2026-05-07T22:50:43.474+0000] {dag.py:3096} INFO - Sync 1 DAGs
[2026-05-07T22:50:43.491+0000] {logging_mixin.py:188} INFO - [2026-05-07T22:50:43.490+0000] {dag.py:3954} INFO - Setting next_dagrun for example_xcom to 2021-01-01 00:00:00+00:00, run_after=2021-01-01 00:00:00+00:00
[2026-05-07T22:50:43.508+0000] {processor.py:183} INFO - Processing /home/airflow/.local/lib/python3.12/site-packages/airflow/example_dags/example_xcom.py took 0.071 seconds
[2026-05-07T22:51:14.078+0000] {processor.py:161} INFO - Started process (PID=4398) to work on /home/airflow/.local/lib/python3.12/site-packages/airflow/example_dags/example_xcom.py
[2026-05-07T22:51:14.080+0000] {processor.py:830} INFO - Processing file /home/airflow/.local/lib/python3.12/site-packages/airflow/example_dags/example_xcom.py for tasks to queue
[2026-05-07T22:51:14.082+0000] {logging_mixin.py:188} INFO - [2026-05-07T22:51:14.082+0000] {dagbag.py:545} INFO - Filling up the DagBag from /home/airflow/.local/lib/python3.12/site-packages/airflow/example_dags/example_xcom.py
[2026-05-07T22:51:14.088+0000] {processor.py:840} INFO - DAG(s) 'example_xcom' retrieved from /home/airflow/.local/lib/python3.12/site-packages/airflow/example_dags/example_xcom.py
[2026-05-07T22:51:14.110+0000] {logging_mixin.py:188} INFO - [2026-05-07T22:51:14.109+0000] {dag.py:3096} INFO - Sync 1 DAGs
[2026-05-07T22:51:14.128+0000] {logging_mixin.py:188} INFO - [2026-05-07T22:51:14.128+0000] {dag.py:3954} INFO - Setting next_dagrun for example_xcom to 2021-01-01 00:00:00+00:00, run_after=2021-01-01 00:00:00+00:00
[2026-05-07T22:51:14.147+0000] {processor.py:183} INFO - Processing /home/airflow/.local/lib/python3.12/site-packages/airflow/example_dags/example_xcom.py took 0.075 seconds
[2026-05-07T22:51:44.238+0000] {processor.py:161} INFO - Started process (PID=4455) to work on /home/airflow/.local/lib/python3.12/site-packages/airflow/example_dags/example_xcom.py
[2026-05-07T22:51:44.240+0000] {processor.py:830} INFO - Processing file /home/airflow/.local/lib/python3.12/site-packages/airflow/example_dags/example_xcom.py for tasks to queue
[2026-05-07T22:51:44.241+0000] {logging_mixin.py:188} INFO - [2026-05-07T22:51:44.241+0000] {dagbag.py:545} INFO - Filling up the DagBag from /home/airflow/.local/lib/python3.12/site-packages/airflow/example_dags/example_xcom.py
[2026-05-07T22:51:44.248+0000] {processor.py:840} INFO - DAG(s) 'example_xcom' retrieved from /home/airflow/.local/lib/python3.12/site-packages/airflow/example_dags/example_xcom.py
[2026-05-07T22:51:44.269+0000] {logging_mixin.py:188} INFO - [2026-05-07T22:51:44.269+0000] {dag.py:3096} INFO - Sync 1 DAGs
[2026-05-07T22:51:44.290+0000] {logging_mixin.py:188} INFO - [2026-05-07T22:51:44.289+0000] {dag.py:3954} INFO - Setting next_dagrun for example_xcom to 2021-01-01 00:00:00+00:00, run_after=2021-01-01 00:00:00+00:00
[2026-05-07T22:51:44.308+0000] {processor.py:183} INFO - Processing /home/airflow/.local/lib/python3.12/site-packages/airflow/example_dags/example_xcom.py took 0.074 seconds
[2026-05-07T22:52:14.452+0000] {processor.py:161} INFO - Started process (PID=4513) to work on /home/airflow/.local/lib/python3.12/site-packages/airflow/example_dags/example_xcom.py
[2026-05-07T22:52:14.454+0000] {processor.py:830} INFO - Processing file /home/airflow/.local/lib/python3.12/site-packages/airflow/example_dags/example_xcom.py for tasks to queue
[2026-05-07T22:52:14.456+0000] {logging_mixin.py:188} INFO - [2026-05-07T22:52:14.456+0000] {dagbag.py:545} INFO - Filling up the DagBag from /home/airflow/.local/lib/python3.12/site-packages/airflow/example_dags/example_xcom.py
[2026-05-07T22:52:14.464+0000] {processor.py:840} INFO - DAG(s) 'example_xcom' retrieved from /home/airflow/.local/lib/python3.12/site-packages/airflow/example_dags/example_xcom.py
[2026-05-07T22:52:14.485+0000] {logging_mixin.py:188} INFO - [2026-05-07T22:52:14.485+0000] {dag.py:3096} INFO - Sync 1 DAGs
[2026-05-07T22:52:14.507+0000] {logging_mixin.py:188} INFO - [2026-05-07T22:52:14.507+0000] {dag.py:3954} INFO - Setting next_dagrun for example_xcom to 2021-01-01 00:00:00+00:00, run_after=2021-01-01 00:00:00+00:00
[2026-05-07T22:52:14.527+0000] {processor.py:183} INFO - Processing /home/airflow/.local/lib/python3.12/site-packages/airflow/example_dags/example_xcom.py took 0.080 seconds
[2026-05-07T22:52:44.631+0000] {processor.py:161} INFO - Started process (PID=4571) to work on /home/airflow/.local/lib/python3.12/site-packages/airflow/example_dags/example_xcom.py
[2026-05-07T22:52:44.632+0000] {processor.py:830} INFO - Processing file /home/airflow/.local/lib/python3.12/site-packages/airflow/example_dags/example_xcom.py for tasks to queue
[2026-05-07T22:52:44.634+0000] {logging_mixin.py:188} INFO - [2026-05-07T22:52:44.634+0000] {dagbag.py:545} INFO - Filling up the DagBag from /home/airflow/.local/lib/python3.12/site-packages/airflow/example_dags/example_xcom.py
[2026-05-07T22:52:44.641+0000] {processor.py:840} INFO - DAG(s) 'example_xcom' retrieved from /home/airflow/.local/lib/python3.12/site-packages/airflow/example_dags/example_xcom.py
[2026-05-07T22:52:44.662+0000] {logging_mixin.py:188} INFO - [2026-05-07T22:52:44.662+0000] {dag.py:3096} INFO - Sync 1 DAGs
[2026-05-07T22:52:44.683+0000] {logging_mixin.py:188} INFO - [2026-05-07T22:52:44.683+0000] {dag.py:3954} INFO - Setting next_dagrun for example_xcom to 2021-01-01 00:00:00+00:00, run_after=2021-01-01 00:00:00+00:00
[2026-05-07T22:52:44.702+0000] {processor.py:183} INFO - Processing /home/airflow/.local/lib/python3.12/site-packages/airflow/example_dags/example_xcom.py took 0.076 seconds
[2026-05-07T22:53:15.440+0000] {processor.py:161} INFO - Started process (PID=4630) to work on /home/airflow/.local/lib/python3.12/site-packages/airflow/example_dags/example_xcom.py
[2026-05-07T22:53:15.441+0000] {processor.py:830} INFO - Processing file /home/airflow/.local/lib/python3.12/site-packages/airflow/example_dags/example_xcom.py for tasks to queue
[2026-05-07T22:53:15.444+0000] {logging_mixin.py:188} INFO - [2026-05-07T22:53:15.443+0000] {dagbag.py:545} INFO - Filling up the DagBag from /home/airflow/.local/lib/python3.12/site-packages/airflow/example_dags/example_xcom.py
[2026-05-07T22:53:15.453+0000] {processor.py:840} INFO - DAG(s) 'example_xcom' retrieved from /home/airflow/.local/lib/python3.12/site-packages/airflow/example_dags/example_xcom.py
[2026-05-07T22:53:15.472+0000] {logging_mixin.py:188} INFO - [2026-05-07T22:53:15.472+0000] {dag.py:3096} INFO - Sync 1 DAGs
[2026-05-07T22:53:15.492+0000] {logging_mixin.py:188} INFO - [2026-05-07T22:53:15.492+0000] {dag.py:3954} INFO - Setting next_dagrun for example_xcom to 2021-01-01 00:00:00+00:00, run_after=2021-01-01 00:00:00+00:00
[2026-05-07T22:53:15.511+0000] {processor.py:183} INFO - Processing /home/airflow/.local/lib/python3.12/site-packages/airflow/example_dags/example_xcom.py took 0.077 seconds
[2026-05-07T22:53:45.891+0000] {processor.py:161} INFO - Started process (PID=4688) to work on /home/airflow/.local/lib/python3.12/site-packages/airflow/example_dags/example_xcom.py
[2026-05-07T22:53:45.892+0000] {processor.py:830} INFO - Processing file /home/airflow/.local/lib/python3.12/site-packages/airflow/example_dags/example_xcom.py for tasks to queue
[2026-05-07T22:53:45.895+0000] {logging_mixin.py:188} INFO - [2026-05-07T22:53:45.895+0000] {dagbag.py:545} INFO - Filling up the DagBag from /home/airflow/.local/lib/python3.12/site-packages/airflow/example_dags/example_xcom.py
[2026-05-07T22:53:45.904+0000] {processor.py:840} INFO - DAG(s) 'example_xcom' retrieved from /home/airflow/.local/lib/python3.12/site-packages/airflow/example_dags/example_xcom.py
[2026-05-07T22:53:45.927+0000] {logging_mixin.py:188} INFO - [2026-05-07T22:53:45.927+0000] {dag.py:3096} INFO - Sync 1 DAGs
[2026-05-07T22:53:45.949+0000] {logging_mixin.py:188} INFO - [2026-05-07T22:53:45.948+0000] {dag.py:3954} INFO - Setting next_dagrun for example_xcom to 2021-01-01 00:00:00+00:00, run_after=2021-01-01 00:00:00+00:00
[2026-05-07T22:53:45.982+0000] {processor.py:183} INFO - Processing /home/airflow/.local/lib/python3.12/site-packages/airflow/example_dags/example_xcom.py took 0.098 seconds
[2026-05-07T22:54:16.118+0000] {processor.py:161} INFO - Started process (PID=4745) to work on /home/airflow/.local/lib/python3.12/site-packages/airflow/example_dags/example_xcom.py
[2026-05-07T22:54:16.119+0000] {processor.py:830} INFO - Processing file /home/airflow/.local/lib/python3.12/site-packages/airflow/example_dags/example_xcom.py for tasks to queue
[2026-05-07T22:54:16.121+0000] {logging_mixin.py:188} INFO - [2026-05-07T22:54:16.121+0000] {dagbag.py:545} INFO - Filling up the DagBag from /home/airflow/.local/lib/python3.12/site-packages/airflow/example_dags/example_xcom.py
[2026-05-07T22:54:16.129+0000] {processor.py:840} INFO - DAG(s) 'example_xcom' retrieved from /home/airflow/.local/lib/python3.12/site-packages/airflow/example_dags/example_xcom.py
[2026-05-07T22:54:16.149+0000] {logging_mixin.py:188} INFO - [2026-05-07T22:54:16.148+0000] {dag.py:3096} INFO - Sync 1 DAGs
[2026-05-07T22:54:16.167+0000] {logging_mixin.py:188} INFO - [2026-05-07T22:54:16.166+0000] {dag.py:3954} INFO - Setting next_dagrun for example_xcom to 2021-01-01 00:00:00+00:00, run_after=2021-01-01 00:00:00+00:00
[2026-05-07T22:54:16.186+0000] {processor.py:183} INFO - Processing /home/airflow/.local/lib/python3.12/site-packages/airflow/example_dags/example_xcom.py took 0.074 seconds
[2026-05-07T22:54:46.375+0000] {processor.py:161} INFO - Started process (PID=4803) to work on /home/airflow/.local/lib/python3.12/site-packages/airflow/example_dags/example_xcom.py
[2026-05-07T22:54:46.377+0000] {processor.py:830} INFO - Processing file /home/airflow/.local/lib/python3.12/site-packages/airflow/example_dags/example_xcom.py for tasks to queue
[2026-05-07T22:54:46.379+0000] {logging_mixin.py:188} INFO - [2026-05-07T22:54:46.379+0000] {dagbag.py:545} INFO - Filling up the DagBag from /home/airflow/.local/lib/python3.12/site-packages/airflow/example_dags/example_xcom.py
[2026-05-07T22:54:46.386+0000] {processor.py:840} INFO - DAG(s) 'example_xcom' retrieved from /home/airflow/.local/lib/python3.12/site-packages/airflow/example_dags/example_xcom.py
[2026-05-07T22:54:46.406+0000] {logging_mixin.py:188} INFO - [2026-05-07T22:54:46.406+0000] {dag.py:3096} INFO - Sync 1 DAGs
[2026-05-07T22:54:46.426+0000] {logging_mixin.py:188} INFO - [2026-05-07T22:54:46.426+0000] {dag.py:3954} INFO - Setting next_dagrun for example_xcom to 2021-01-01 00:00:00+00:00, run_after=2021-01-01 00:00:00+00:00
[2026-05-07T22:54:46.447+0000] {processor.py:183} INFO - Processing /home/airflow/.local/lib/python3.12/site-packages/airflow/example_dags/example_xcom.py took 0.077 seconds
[2026-05-07T22:55:16.753+0000] {processor.py:161} INFO - Started process (PID=4861) to work on /home/airflow/.local/lib/python3.12/site-packages/airflow/example_dags/example_xcom.py
[2026-05-07T22:55:16.754+0000] {processor.py:830} INFO - Processing file /home/airflow/.local/lib/python3.12/site-packages/airflow/example_dags/example_xcom.py for tasks to queue
[2026-05-07T22:55:16.756+0000] {logging_mixin.py:188} INFO - [2026-05-07T22:55:16.756+0000] {dagbag.py:545} INFO - Filling up the DagBag from /home/airflow/.local/lib/python3.12/site-packages/airflow/example_dags/example_xcom.py
[2026-05-07T22:55:16.763+0000] {processor.py:840} INFO - DAG(s) 'example_xcom' retrieved from /home/airflow/.local/lib/python3.12/site-packages/airflow/example_dags/example_xcom.py
[2026-05-07T22:55:16.783+0000] {logging_mixin.py:188} INFO - [2026-05-07T22:55:16.782+0000] {dag.py:3096} INFO - Sync 1 DAGs
[2026-05-07T22:55:16.802+0000] {logging_mixin.py:188} INFO - [2026-05-07T22:55:16.802+0000] {dag.py:3954} INFO - Setting next_dagrun for example_xcom to 2021-01-01 00:00:00+00:00, run_after=2021-01-01 00:00:00+00:00
[2026-05-07T22:55:16.822+0000] {processor.py:183} INFO - Processing /home/airflow/.local/lib/python3.12/site-packages/airflow/example_dags/example_xcom.py took 0.074 seconds
[2026-05-07T22:55:47.100+0000] {processor.py:161} INFO - Started process (PID=4919) to work on /home/airflow/.local/lib/python3.12/site-packages/airflow/example_dags/example_xcom.py
[2026-05-07T22:55:47.102+0000] {processor.py:830} INFO - Processing file /home/airflow/.local/lib/python3.12/site-packages/airflow/example_dags/example_xcom.py for tasks to queue
[2026-05-07T22:55:47.106+0000] {logging_mixin.py:188} INFO - [2026-05-07T22:55:47.106+0000] {dagbag.py:545} INFO - Filling up the DagBag from /home/airflow/.local/lib/python3.12/site-packages/airflow/example_dags/example_xcom.py
[2026-05-07T22:55:47.124+0000] {processor.py:840} INFO - DAG(s) 'example_xcom' retrieved from /home/airflow/.local/lib/python3.12/site-packages/airflow/example_dags/example_xcom.py
[2026-05-07T22:55:47.146+0000] {logging_mixin.py:188} INFO - [2026-05-07T22:55:47.146+0000] {dag.py:3096} INFO - Sync 1 DAGs
[2026-05-07T22:55:47.167+0000] {logging_mixin.py:188} INFO - [2026-05-07T22:55:47.166+0000] {dag.py:3954} INFO - Setting next_dagrun for example_xcom to 2021-01-01 00:00:00+00:00, run_after=2021-01-01 00:00:00+00:00
[2026-05-07T22:55:47.190+0000] {processor.py:183} INFO - Processing /home/airflow/.local/lib/python3.12/site-packages/airflow/example_dags/example_xcom.py took 0.101 seconds
[2026-05-07T22:56:17.991+0000] {processor.py:161} INFO - Started process (PID=4977) to work on /home/airflow/.local/lib/python3.12/site-packages/airflow/example_dags/example_xcom.py
[2026-05-07T22:56:17.992+0000] {processor.py:830} INFO - Processing file /home/airflow/.local/lib/python3.12/site-packages/airflow/example_dags/example_xcom.py for tasks to queue
[2026-05-07T22:56:17.994+0000] {logging_mixin.py:188} INFO - [2026-05-07T22:56:17.994+0000] {dagbag.py:545} INFO - Filling up the DagBag from /home/airflow/.local/lib/python3.12/site-packages/airflow/example_dags/example_xcom.py
[2026-05-07T22:56:18.002+0000] {processor.py:840} INFO - DAG(s) 'example_xcom' retrieved from /home/airflow/.local/lib/python3.12/site-packages/airflow/example_dags/example_xcom.py
[2026-05-07T22:56:18.023+0000] {logging_mixin.py:188} INFO - [2026-05-07T22:56:18.023+0000] {dag.py:3096} INFO - Sync 1 DAGs
[2026-05-07T22:56:18.043+0000] {logging_mixin.py:188} INFO - [2026-05-07T22:56:18.043+0000] {dag.py:3954} INFO - Setting next_dagrun for example_xcom to 2021-01-01 00:00:00+00:00, run_after=2021-01-01 00:00:00+00:00
[2026-05-07T22:56:18.063+0000] {processor.py:183} INFO - Processing /home/airflow/.local/lib/python3.12/site-packages/airflow/example_dags/example_xcom.py took 0.078 seconds
[2026-05-07T22:56:48.953+0000] {processor.py:161} INFO - Started process (PID=5035) to work on /home/airflow/.local/lib/python3.12/site-packages/airflow/example_dags/example_xcom.py
[2026-05-07T22:56:48.955+0000] {processor.py:830} INFO - Processing file /home/airflow/.local/lib/python3.12/site-packages/airflow/example_dags/example_xcom.py for tasks to queue
[2026-05-07T22:56:48.956+0000] {logging_mixin.py:188} INFO - [2026-05-07T22:56:48.956+0000] {dagbag.py:545} INFO - Filling up the DagBag from /home/airflow/.local/lib/python3.12/site-packages/airflow/example_dags/example_xcom.py
[2026-05-07T22:56:48.965+0000] {processor.py:840} INFO - DAG(s) 'example_xcom' retrieved from /home/airflow/.local/lib/python3.12/site-packages/airflow/example_dags/example_xcom.py
[2026-05-07T22:56:48.985+0000] {logging_mixin.py:188} INFO - [2026-05-07T22:56:48.984+0000] {dag.py:3096} INFO - Sync 1 DAGs
[2026-05-07T22:56:49.003+0000] {logging_mixin.py:188} INFO - [2026-05-07T22:56:49.003+0000] {dag.py:3954} INFO - Setting next_dagrun for example_xcom to 2021-01-01 00:00:00+00:00, run_after=2021-01-01 00:00:00+00:00
[2026-05-07T22:56:49.023+0000] {processor.py:183} INFO - Processing /home/airflow/.local/lib/python3.12/site-packages/airflow/example_dags/example_xcom.py took 0.075 seconds
[2026-05-07T22:57:19.399+0000] {processor.py:161} INFO - Started process (PID=5093) to work on /home/airflow/.local/lib/python3.12/site-packages/airflow/example_dags/example_xcom.py
[2026-05-07T22:57:19.401+0000] {processor.py:830} INFO - Processing file /home/airflow/.local/lib/python3.12/site-packages/airflow/example_dags/example_xcom.py for tasks to queue
[2026-05-07T22:57:19.403+0000] {logging_mixin.py:188} INFO - [2026-05-07T22:57:19.403+0000] {dagbag.py:545} INFO - Filling up the DagBag from /home/airflow/.local/lib/python3.12/site-packages/airflow/example_dags/example_xcom.py
[2026-05-07T22:57:19.410+0000] {processor.py:840} INFO - DAG(s) 'example_xcom' retrieved from /home/airflow/.local/lib/python3.12/site-packages/airflow/example_dags/example_xcom.py
[2026-05-07T22:57:19.433+0000] {logging_mixin.py:188} INFO - [2026-05-07T22:57:19.432+0000] {dag.py:3096} INFO - Sync 1 DAGs
[2026-05-07T22:57:19.452+0000] {logging_mixin.py:188} INFO - [2026-05-07T22:57:19.451+0000] {dag.py:3954} INFO - Setting next_dagrun for example_xcom to 2021-01-01 00:00:00+00:00, run_after=2021-01-01 00:00:00+00:00
[2026-05-07T22:57:19.471+0000] {processor.py:183} INFO - Processing /home/airflow/.local/lib/python3.12/site-packages/airflow/example_dags/example_xcom.py took 0.077 seconds
[2026-05-07T22:57:49.663+0000] {processor.py:161} INFO - Started process (PID=5151) to work on /home/airflow/.local/lib/python3.12/site-packages/airflow/example_dags/example_xcom.py
[2026-05-07T22:57:49.665+0000] {processor.py:830} INFO - Processing file /home/airflow/.local/lib/python3.12/site-packages/airflow/example_dags/example_xcom.py for tasks to queue
[2026-05-07T22:57:49.668+0000] {logging_mixin.py:188} INFO - [2026-05-07T22:57:49.667+0000] {dagbag.py:545} INFO - Filling up the DagBag from /home/airflow/.local/lib/python3.12/site-packages/airflow/example_dags/example_xcom.py
[2026-05-07T22:57:49.675+0000] {processor.py:840} INFO - DAG(s) 'example_xcom' retrieved from /home/airflow/.local/lib/python3.12/site-packages/airflow/example_dags/example_xcom.py
[2026-05-07T22:57:49.696+0000] {logging_mixin.py:188} INFO - [2026-05-07T22:57:49.696+0000] {dag.py:3096} INFO - Sync 1 DAGs
[2026-05-07T22:57:49.718+0000] {logging_mixin.py:188} INFO - [2026-05-07T22:57:49.718+0000] {dag.py:3954} INFO - Setting next_dagrun for example_xcom to 2021-01-01 00:00:00+00:00, run_after=2021-01-01 00:00:00+00:00
[2026-05-07T22:57:49.738+0000] {processor.py:183} INFO - Processing /home/airflow/.local/lib/python3.12/site-packages/airflow/example_dags/example_xcom.py took 0.080 seconds
[2026-05-07T22:58:19.995+0000] {processor.py:161} INFO - Started process (PID=5209) to work on /home/airflow/.local/lib/python3.12/site-packages/airflow/example_dags/example_xcom.py
[2026-05-07T22:58:19.996+0000] {processor.py:830} INFO - Processing file /home/airflow/.local/lib/python3.12/site-packages/airflow/example_dags/example_xcom.py for tasks to queue
[2026-05-07T22:58:19.998+0000] {logging_mixin.py:188} INFO - [2026-05-07T22:58:19.998+0000] {dagbag.py:545} INFO - Filling up the DagBag from /home/airflow/.local/lib/python3.12/site-packages/airflow/example_dags/example_xcom.py
[2026-05-07T22:58:20.007+0000] {processor.py:840} INFO - DAG(s) 'example_xcom' retrieved from /home/airflow/.local/lib/python3.12/site-packages/airflow/example_dags/example_xcom.py
[2026-05-07T22:58:20.027+0000] {logging_mixin.py:188} INFO - [2026-05-07T22:58:20.027+0000] {dag.py:3096} INFO - Sync 1 DAGs
[2026-05-07T22:58:20.047+0000] {logging_mixin.py:188} INFO - [2026-05-07T22:58:20.047+0000] {dag.py:3954} INFO - Setting next_dagrun for example_xcom to 2021-01-01 00:00:00+00:00, run_after=2021-01-01 00:00:00+00:00
[2026-05-07T22:58:20.066+0000] {processor.py:183} INFO - Processing /home/airflow/.local/lib/python3.12/site-packages/airflow/example_dags/example_xcom.py took 0.077 seconds
[2026-05-07T22:58:50.364+0000] {processor.py:161} INFO - Started process (PID=5267) to work on /home/airflow/.local/lib/python3.12/site-packages/airflow/example_dags/example_xcom.py
[2026-05-07T22:58:50.366+0000] {processor.py:830} INFO - Processing file /home/airflow/.local/lib/python3.12/site-packages/airflow/example_dags/example_xcom.py for tasks to queue
[2026-05-07T22:58:50.368+0000] {logging_mixin.py:188} INFO - [2026-05-07T22:58:50.368+0000] {dagbag.py:545} INFO - Filling up the DagBag from /home/airflow/.local/lib/python3.12/site-packages/airflow/example_dags/example_xcom.py
[2026-05-07T22:58:50.376+0000] {processor.py:840} INFO - DAG(s) 'example_xcom' retrieved from /home/airflow/.local/lib/python3.12/site-packages/airflow/example_dags/example_xcom.py
[2026-05-07T22:58:50.398+0000] {logging_mixin.py:188} INFO - [2026-05-07T22:58:50.398+0000] {dag.py:3096} INFO - Sync 1 DAGs
[2026-05-07T22:58:50.418+0000] {logging_mixin.py:188} INFO - [2026-05-07T22:58:50.418+0000] {dag.py:3954} INFO - Setting next_dagrun for example_xcom to 2021-01-01 00:00:00+00:00, run_after=2021-01-01 00:00:00+00:00
[2026-05-07T22:58:50.438+0000] {processor.py:183} INFO - Processing /home/airflow/.local/lib/python3.12/site-packages/airflow/example_dags/example_xcom.py took 0.079 seconds
[2026-05-07T22:59:21.011+0000] {processor.py:161} INFO - Started process (PID=5325) to work on /home/airflow/.local/lib/python3.12/site-packages/airflow/example_dags/example_xcom.py
[2026-05-07T22:59:21.012+0000] {processor.py:830} INFO - Processing file /home/airflow/.local/lib/python3.12/site-packages/airflow/example_dags/example_xcom.py for tasks to queue
[2026-05-07T22:59:21.014+0000] {logging_mixin.py:188} INFO - [2026-05-07T22:59:21.014+0000] {dagbag.py:545} INFO - Filling up the DagBag from /home/airflow/.local/lib/python3.12/site-packages/airflow/example_dags/example_xcom.py
[2026-05-07T22:59:21.021+0000] {processor.py:840} INFO - DAG(s) 'example_xcom' retrieved from /home/airflow/.local/lib/python3.12/site-packages/airflow/example_dags/example_xcom.py
[2026-05-07T22:59:21.041+0000] {logging_mixin.py:188} INFO - [2026-05-07T22:59:21.041+0000] {dag.py:3096} INFO - Sync 1 DAGs
[2026-05-07T22:59:21.061+0000] {logging_mixin.py:188} INFO - [2026-05-07T22:59:21.060+0000] {dag.py:3954} INFO - Setting next_dagrun for example_xcom to 2021-01-01 00:00:00+00:00, run_after=2021-01-01 00:00:00+00:00
[2026-05-07T22:59:21.084+0000] {processor.py:183} INFO - Processing /home/airflow/.local/lib/python3.12/site-packages/airflow/example_dags/example_xcom.py took 0.078 seconds
[2026-05-07T22:59:51.534+0000] {processor.py:161} INFO - Started process (PID=5383) to work on /home/airflow/.local/lib/python3.12/site-packages/airflow/example_dags/example_xcom.py
[2026-05-07T22:59:51.536+0000] {processor.py:830} INFO - Processing file /home/airflow/.local/lib/python3.12/site-packages/airflow/example_dags/example_xcom.py for tasks to queue
[2026-05-07T22:59:51.538+0000] {logging_mixin.py:188} INFO - [2026-05-07T22:59:51.538+0000] {dagbag.py:545} INFO - Filling up the DagBag from /home/airflow/.local/lib/python3.12/site-packages/airflow/example_dags/example_xcom.py
[2026-05-07T22:59:51.546+0000] {processor.py:840} INFO - DAG(s) 'example_xcom' retrieved from /home/airflow/.local/lib/python3.12/site-packages/airflow/example_dags/example_xcom.py
[2026-05-07T22:59:51.567+0000] {logging_mixin.py:188} INFO - [2026-05-07T22:59:51.567+0000] {dag.py:3096} INFO - Sync 1 DAGs
[2026-05-07T22:59:51.588+0000] {logging_mixin.py:188} INFO - [2026-05-07T22:59:51.587+0000] {dag.py:3954} INFO - Setting next_dagrun for example_xcom to 2021-01-01 00:00:00+00:00, run_after=2021-01-01 00:00:00+00:00
[2026-05-07T22:59:51.610+0000] {processor.py:183} INFO - Processing /home/airflow/.local/lib/python3.12/site-packages/airflow/example_dags/example_xcom.py took 0.083 seconds
[2026-05-07T23:00:22.162+0000] {processor.py:161} INFO - Started process (PID=5441) to work on /home/airflow/.local/lib/python3.12/site-packages/airflow/example_dags/example_xcom.py
[2026-05-07T23:00:22.163+0000] {processor.py:830} INFO - Processing file /home/airflow/.local/lib/python3.12/site-packages/airflow/example_dags/example_xcom.py for tasks to queue
[2026-05-07T23:00:22.166+0000] {logging_mixin.py:188} INFO - [2026-05-07T23:00:22.165+0000] {dagbag.py:545} INFO - Filling up the DagBag from /home/airflow/.local/lib/python3.12/site-packages/airflow/example_dags/example_xcom.py
[2026-05-07T23:00:22.175+0000] {processor.py:840} INFO - DAG(s) 'example_xcom' retrieved from /home/airflow/.local/lib/python3.12/site-packages/airflow/example_dags/example_xcom.py
[2026-05-07T23:00:22.197+0000] {logging_mixin.py:188} INFO - [2026-05-07T23:00:22.197+0000] {dag.py:3096} INFO - Sync 1 DAGs
[2026-05-07T23:00:22.217+0000] {logging_mixin.py:188} INFO - [2026-05-07T23:00:22.217+0000] {dag.py:3954} INFO - Setting next_dagrun for example_xcom to 2021-01-01 00:00:00+00:00, run_after=2021-01-01 00:00:00+00:00
[2026-05-07T23:00:22.236+0000] {processor.py:183} INFO - Processing /home/airflow/.local/lib/python3.12/site-packages/airflow/example_dags/example_xcom.py took 0.080 seconds
[2026-05-07T23:00:52.581+0000] {processor.py:161} INFO - Started process (PID=5499) to work on /home/airflow/.local/lib/python3.12/site-packages/airflow/example_dags/example_xcom.py
[2026-05-07T23:00:52.583+0000] {processor.py:830} INFO - Processing file /home/airflow/.local/lib/python3.12/site-packages/airflow/example_dags/example_xcom.py for tasks to queue
[2026-05-07T23:00:52.585+0000] {logging_mixin.py:188} INFO - [2026-05-07T23:00:52.585+0000] {dagbag.py:545} INFO - Filling up the DagBag from /home/airflow/.local/lib/python3.12/site-packages/airflow/example_dags/example_xcom.py
[2026-05-07T23:00:52.593+0000] {processor.py:840} INFO - DAG(s) 'example_xcom' retrieved from /home/airflow/.local/lib/python3.12/site-packages/airflow/example_dags/example_xcom.py
[2026-05-07T23:00:52.620+0000] {logging_mixin.py:188} INFO - [2026-05-07T23:00:52.619+0000] {dag.py:3096} INFO - Sync 1 DAGs
[2026-05-07T23:00:52.646+0000] {logging_mixin.py:188} INFO - [2026-05-07T23:00:52.645+0000] {dag.py:3954} INFO - Setting next_dagrun for example_xcom to 2021-01-01 00:00:00+00:00, run_after=2021-01-01 00:00:00+00:00
[2026-05-07T23:00:52.671+0000] {processor.py:183} INFO - Processing /home/airflow/.local/lib/python3.12/site-packages/airflow/example_dags/example_xcom.py took 0.096 seconds
[2026-05-07T23:01:23.050+0000] {processor.py:161} INFO - Started process (PID=5557) to work on /home/airflow/.local/lib/python3.12/site-packages/airflow/example_dags/example_xcom.py
[2026-05-07T23:01:23.051+0000] {processor.py:830} INFO - Processing file /home/airflow/.local/lib/python3.12/site-packages/airflow/example_dags/example_xcom.py for tasks to queue
[2026-05-07T23:01:23.053+0000] {logging_mixin.py:188} INFO - [2026-05-07T23:01:23.053+0000] {dagbag.py:545} INFO - Filling up the DagBag from /home/airflow/.local/lib/python3.12/site-packages/airflow/example_dags/example_xcom.py
[2026-05-07T23:01:23.061+0000] {processor.py:840} INFO - DAG(s) 'example_xcom' retrieved from /home/airflow/.local/lib/python3.12/site-packages/airflow/example_dags/example_xcom.py
[2026-05-07T23:01:23.082+0000] {logging_mixin.py:188} INFO - [2026-05-07T23:01:23.082+0000] {dag.py:3096} INFO - Sync 1 DAGs
[2026-05-07T23:01:23.103+0000] {logging_mixin.py:188} INFO - [2026-05-07T23:01:23.102+0000] {dag.py:3954} INFO - Setting next_dagrun for example_xcom to 2021-01-01 00:00:00+00:00, run_after=2021-01-01 00:00:00+00:00
[2026-05-07T23:01:23.122+0000] {processor.py:183} INFO - Processing /home/airflow/.local/lib/python3.12/site-packages/airflow/example_dags/example_xcom.py took 0.078 seconds
[2026-05-07T23:01:53.335+0000] {processor.py:161} INFO - Started process (PID=5615) to work on /home/airflow/.local/lib/python3.12/site-packages/airflow/example_dags/example_xcom.py
[2026-05-07T23:01:53.336+0000] {processor.py:830} INFO - Processing file /home/airflow/.local/lib/python3.12/site-packages/airflow/example_dags/example_xcom.py for tasks to queue
[2026-05-07T23:01:53.338+0000] {logging_mixin.py:188} INFO - [2026-05-07T23:01:53.338+0000] {dagbag.py:545} INFO - Filling up the DagBag from /home/airflow/.local/lib/python3.12/site-packages/airflow/example_dags/example_xcom.py
[2026-05-07T23:01:53.347+0000] {processor.py:840} INFO - DAG(s) 'example_xcom' retrieved from /home/airflow/.local/lib/python3.12/site-packages/airflow/example_dags/example_xcom.py
[2026-05-07T23:01:53.368+0000] {logging_mixin.py:188} INFO - [2026-05-07T23:01:53.368+0000] {dag.py:3096} INFO - Sync 1 DAGs
[2026-05-07T23:01:53.388+0000] {logging_mixin.py:188} INFO - [2026-05-07T23:01:53.388+0000] {dag.py:3954} INFO - Setting next_dagrun for example_xcom to 2021-01-01 00:00:00+00:00, run_after=2021-01-01 00:00:00+00:00
[2026-05-07T23:01:53.408+0000] {processor.py:183} INFO - Processing /home/airflow/.local/lib/python3.12/site-packages/airflow/example_dags/example_xcom.py took 0.079 seconds
[2026-05-07T23:02:23.861+0000] {processor.py:161} INFO - Started process (PID=5672) to work on /home/airflow/.local/lib/python3.12/site-packages/airflow/example_dags/example_xcom.py
[2026-05-07T23:02:23.862+0000] {processor.py:830} INFO - Processing file /home/airflow/.local/lib/python3.12/site-packages/airflow/example_dags/example_xcom.py for tasks to queue
[2026-05-07T23:02:23.864+0000] {logging_mixin.py:188} INFO - [2026-05-07T23:02:23.864+0000] {dagbag.py:545} INFO - Filling up the DagBag from /home/airflow/.local/lib/python3.12/site-packages/airflow/example_dags/example_xcom.py
[2026-05-07T23:02:23.871+0000] {processor.py:840} INFO - DAG(s) 'example_xcom' retrieved from /home/airflow/.local/lib/python3.12/site-packages/airflow/example_dags/example_xcom.py
[2026-05-07T23:02:23.891+0000] {logging_mixin.py:188} INFO - [2026-05-07T23:02:23.890+0000] {dag.py:3096} INFO - Sync 1 DAGs
[2026-05-07T23:02:23.911+0000] {logging_mixin.py:188} INFO - [2026-05-07T23:02:23.910+0000] {dag.py:3954} INFO - Setting next_dagrun for example_xcom to 2021-01-01 00:00:00+00:00, run_after=2021-01-01 00:00:00+00:00
[2026-05-07T23:02:23.932+0000] {processor.py:183} INFO - Processing /home/airflow/.local/lib/python3.12/site-packages/airflow/example_dags/example_xcom.py took 0.077 seconds
[2026-05-07T23:02:54.335+0000] {processor.py:161} INFO - Started process (PID=5729) to work on /home/airflow/.local/lib/python3.12/site-packages/airflow/example_dags/example_xcom.py
[2026-05-07T23:02:54.336+0000] {processor.py:830} INFO - Processing file /home/airflow/.local/lib/python3.12/site-packages/airflow/example_dags/example_xcom.py for tasks to queue
[2026-05-07T23:02:54.338+0000] {logging_mixin.py:188} INFO - [2026-05-07T23:02:54.338+0000] {dagbag.py:545} INFO - Filling up the DagBag from /home/airflow/.local/lib/python3.12/site-packages/airflow/example_dags/example_xcom.py
[2026-05-07T23:02:54.346+0000] {processor.py:840} INFO - DAG(s) 'example_xcom' retrieved from /home/airflow/.local/lib/python3.12/site-packages/airflow/example_dags/example_xcom.py
[2026-05-07T23:02:54.368+0000] {logging_mixin.py:188} INFO - [2026-05-07T23:02:54.367+0000] {dag.py:3096} INFO - Sync 1 DAGs
[2026-05-07T23:02:54.387+0000] {logging_mixin.py:188} INFO - [2026-05-07T23:02:54.386+0000] {dag.py:3954} INFO - Setting next_dagrun for example_xcom to 2021-01-01 00:00:00+00:00, run_after=2021-01-01 00:00:00+00:00
[2026-05-07T23:02:54.407+0000] {processor.py:183} INFO - Processing /home/airflow/.local/lib/python3.12/site-packages/airflow/example_dags/example_xcom.py took 0.077 seconds
[2026-05-07T23:03:24.834+0000] {processor.py:161} INFO - Started process (PID=5787) to work on /home/airflow/.local/lib/python3.12/site-packages/airflow/example_dags/example_xcom.py
[2026-05-07T23:03:24.835+0000] {processor.py:830} INFO - Processing file /home/airflow/.local/lib/python3.12/site-packages/airflow/example_dags/example_xcom.py for tasks to queue
[2026-05-07T23:03:24.837+0000] {logging_mixin.py:188} INFO - [2026-05-07T23:03:24.837+0000] {dagbag.py:545} INFO - Filling up the DagBag from /home/airflow/.local/lib/python3.12/site-packages/airflow/example_dags/example_xcom.py
[2026-05-07T23:03:24.845+0000] {processor.py:840} INFO - DAG(s) 'example_xcom' retrieved from /home/airflow/.local/lib/python3.12/site-packages/airflow/example_dags/example_xcom.py
[2026-05-07T23:03:24.864+0000] {logging_mixin.py:188} INFO - [2026-05-07T23:03:24.864+0000] {dag.py:3096} INFO - Sync 1 DAGs
[2026-05-07T23:03:24.883+0000] {logging_mixin.py:188} INFO - [2026-05-07T23:03:24.883+0000] {dag.py:3954} INFO - Setting next_dagrun for example_xcom to 2021-01-01 00:00:00+00:00, run_after=2021-01-01 00:00:00+00:00
[2026-05-07T23:03:24.902+0000] {processor.py:183} INFO - Processing /home/airflow/.local/lib/python3.12/site-packages/airflow/example_dags/example_xcom.py took 0.073 seconds
[2026-05-07T23:03:55.308+0000] {processor.py:161} INFO - Started process (PID=5845) to work on /home/airflow/.local/lib/python3.12/site-packages/airflow/example_dags/example_xcom.py
[2026-05-07T23:03:55.309+0000] {processor.py:830} INFO - Processing file /home/airflow/.local/lib/python3.12/site-packages/airflow/example_dags/example_xcom.py for tasks to queue
[2026-05-07T23:03:55.315+0000] {logging_mixin.py:188} INFO - [2026-05-07T23:03:55.314+0000] {dagbag.py:545} INFO - Filling up the DagBag from /home/airflow/.local/lib/python3.12/site-packages/airflow/example_dags/example_xcom.py
[2026-05-07T23:03:55.331+0000] {processor.py:840} INFO - DAG(s) 'example_xcom' retrieved from /home/airflow/.local/lib/python3.12/site-packages/airflow/example_dags/example_xcom.py
[2026-05-07T23:03:55.369+0000] {logging_mixin.py:188} INFO - [2026-05-07T23:03:55.369+0000] {dag.py:3096} INFO - Sync 1 DAGs
[2026-05-07T23:03:55.400+0000] {logging_mixin.py:188} INFO - [2026-05-07T23:03:55.400+0000] {dag.py:3954} INFO - Setting next_dagrun for example_xcom to 2021-01-01 00:00:00+00:00, run_after=2021-01-01 00:00:00+00:00
[2026-05-07T23:03:55.431+0000] {processor.py:183} INFO - Processing /home/airflow/.local/lib/python3.12/site-packages/airflow/example_dags/example_xcom.py took 0.132 seconds
[2026-05-07T23:04:25.548+0000] {processor.py:161} INFO - Started process (PID=5903) to work on /home/airflow/.local/lib/python3.12/site-packages/airflow/example_dags/example_xcom.py
[2026-05-07T23:04:25.549+0000] {processor.py:830} INFO - Processing file /home/airflow/.local/lib/python3.12/site-packages/airflow/example_dags/example_xcom.py for tasks to queue
[2026-05-07T23:04:25.552+0000] {logging_mixin.py:188} INFO - [2026-05-07T23:04:25.551+0000] {dagbag.py:545} INFO - Filling up the DagBag from /home/airflow/.local/lib/python3.12/site-packages/airflow/example_dags/example_xcom.py
[2026-05-07T23:04:25.561+0000] {processor.py:840} INFO - DAG(s) 'example_xcom' retrieved from /home/airflow/.local/lib/python3.12/site-packages/airflow/example_dags/example_xcom.py
[2026-05-07T23:04:25.583+0000] {logging_mixin.py:188} INFO - [2026-05-07T23:04:25.583+0000] {dag.py:3096} INFO - Sync 1 DAGs
[2026-05-07T23:04:25.604+0000] {logging_mixin.py:188} INFO - [2026-05-07T23:04:25.604+0000] {dag.py:3954} INFO - Setting next_dagrun for example_xcom to 2021-01-01 00:00:00+00:00, run_after=2021-01-01 00:00:00+00:00
[2026-05-07T23:04:25.627+0000] {processor.py:183} INFO - Processing /home/airflow/.local/lib/python3.12/site-packages/airflow/example_dags/example_xcom.py took 0.085 seconds
[2026-05-07T23:04:55.758+0000] {processor.py:161} INFO - Started process (PID=5960) to work on /home/airflow/.local/lib/python3.12/site-packages/airflow/example_dags/example_xcom.py
[2026-05-07T23:04:55.760+0000] {processor.py:830} INFO - Processing file /home/airflow/.local/lib/python3.12/site-packages/airflow/example_dags/example_xcom.py for tasks to queue
[2026-05-07T23:04:55.762+0000] {logging_mixin.py:188} INFO - [2026-05-07T23:04:55.762+0000] {dagbag.py:545} INFO - Filling up the DagBag from /home/airflow/.local/lib/python3.12/site-packages/airflow/example_dags/example_xcom.py
[2026-05-07T23:04:55.769+0000] {processor.py:840} INFO - DAG(s) 'example_xcom' retrieved from /home/airflow/.local/lib/python3.12/site-packages/airflow/example_dags/example_xcom.py
[2026-05-07T23:04:55.789+0000] {logging_mixin.py:188} INFO - [2026-05-07T23:04:55.788+0000] {dag.py:3096} INFO - Sync 1 DAGs
[2026-05-07T23:04:55.805+0000] {logging_mixin.py:188} INFO - [2026-05-07T23:04:55.805+0000] {dag.py:3954} INFO - Setting next_dagrun for example_xcom to 2021-01-01 00:00:00+00:00, run_after=2021-01-01 00:00:00+00:00
[2026-05-07T23:04:55.824+0000] {processor.py:183} INFO - Processing /home/airflow/.local/lib/python3.12/site-packages/airflow/example_dags/example_xcom.py took 0.071 seconds
[2026-05-07T23:05:26.262+0000] {processor.py:161} INFO - Started process (PID=6018) to work on /home/airflow/.local/lib/python3.12/site-packages/airflow/example_dags/example_xcom.py
[2026-05-07T23:05:26.263+0000] {processor.py:830} INFO - Processing file /home/airflow/.local/lib/python3.12/site-packages/airflow/example_dags/example_xcom.py for tasks to queue
[2026-05-07T23:05:26.265+0000] {logging_mixin.py:188} INFO - [2026-05-07T23:05:26.265+0000] {dagbag.py:545} INFO - Filling up the DagBag from /home/airflow/.local/lib/python3.12/site-packages/airflow/example_dags/example_xcom.py
[2026-05-07T23:05:26.272+0000] {processor.py:840} INFO - DAG(s) 'example_xcom' retrieved from /home/airflow/.local/lib/python3.12/site-packages/airflow/example_dags/example_xcom.py
[2026-05-07T23:05:26.290+0000] {logging_mixin.py:188} INFO - [2026-05-07T23:05:26.290+0000] {dag.py:3096} INFO - Sync 1 DAGs
[2026-05-07T23:05:26.307+0000] {logging_mixin.py:188} INFO - [2026-05-07T23:05:26.307+0000] {dag.py:3954} INFO - Setting next_dagrun for example_xcom to 2021-01-01 00:00:00+00:00, run_after=2021-01-01 00:00:00+00:00
[2026-05-07T23:05:26.323+0000] {processor.py:183} INFO - Processing /home/airflow/.local/lib/python3.12/site-packages/airflow/example_dags/example_xcom.py took 0.066 seconds
[2026-05-07T23:05:56.980+0000] {processor.py:161} INFO - Started process (PID=6077) to work on /home/airflow/.local/lib/python3.12/site-packages/airflow/example_dags/example_xcom.py
[2026-05-07T23:05:56.981+0000] {processor.py:830} INFO - Processing file /home/airflow/.local/lib/python3.12/site-packages/airflow/example_dags/example_xcom.py for tasks to queue
[2026-05-07T23:05:56.984+0000] {logging_mixin.py:188} INFO - [2026-05-07T23:05:56.983+0000] {dagbag.py:545} INFO - Filling up the DagBag from /home/airflow/.local/lib/python3.12/site-packages/airflow/example_dags/example_xcom.py
[2026-05-07T23:05:56.991+0000] {processor.py:840} INFO - DAG(s) 'example_xcom' retrieved from /home/airflow/.local/lib/python3.12/site-packages/airflow/example_dags/example_xcom.py
[2026-05-07T23:05:57.012+0000] {logging_mixin.py:188} INFO - [2026-05-07T23:05:57.011+0000] {dag.py:3096} INFO - Sync 1 DAGs
[2026-05-07T23:05:57.036+0000] {logging_mixin.py:188} INFO - [2026-05-07T23:05:57.035+0000] {dag.py:3954} INFO - Setting next_dagrun for example_xcom to 2021-01-01 00:00:00+00:00, run_after=2021-01-01 00:00:00+00:00
[2026-05-07T23:05:57.056+0000] {processor.py:183} INFO - Processing /home/airflow/.local/lib/python3.12/site-packages/airflow/example_dags/example_xcom.py took 0.081 seconds
[2026-05-07T23:06:27.810+0000] {processor.py:161} INFO - Started process (PID=6135) to work on /home/airflow/.local/lib/python3.12/site-packages/airflow/example_dags/example_xcom.py
[2026-05-07T23:06:27.813+0000] {processor.py:830} INFO - Processing file /home/airflow/.local/lib/python3.12/site-packages/airflow/example_dags/example_xcom.py for tasks to queue
[2026-05-07T23:06:27.817+0000] {logging_mixin.py:188} INFO - [2026-05-07T23:06:27.816+0000] {dagbag.py:545} INFO - Filling up the DagBag from /home/airflow/.local/lib/python3.12/site-packages/airflow/example_dags/example_xcom.py
[2026-05-07T23:06:27.830+0000] {processor.py:840} INFO - DAG(s) 'example_xcom' retrieved from /home/airflow/.local/lib/python3.12/site-packages/airflow/example_dags/example_xcom.py
[2026-05-07T23:06:27.867+0000] {logging_mixin.py:188} INFO - [2026-05-07T23:06:27.867+0000] {dag.py:3096} INFO - Sync 1 DAGs
[2026-05-07T23:06:27.898+0000] {logging_mixin.py:188} INFO - [2026-05-07T23:06:27.898+0000] {dag.py:3954} INFO - Setting next_dagrun for example_xcom to 2021-01-01 00:00:00+00:00, run_after=2021-01-01 00:00:00+00:00
[2026-05-07T23:06:27.931+0000] {processor.py:183} INFO - Processing /home/airflow/.local/lib/python3.12/site-packages/airflow/example_dags/example_xcom.py took 0.130 seconds
[2026-05-07T23:06:58.173+0000] {processor.py:161} INFO - Started process (PID=6194) to work on /home/airflow/.local/lib/python3.12/site-packages/airflow/example_dags/example_xcom.py
[2026-05-07T23:06:58.174+0000] {processor.py:830} INFO - Processing file /home/airflow/.local/lib/python3.12/site-packages/airflow/example_dags/example_xcom.py for tasks to queue
[2026-05-07T23:06:58.176+0000] {logging_mixin.py:188} INFO - [2026-05-07T23:06:58.176+0000] {dagbag.py:545} INFO - Filling up the DagBag from /home/airflow/.local/lib/python3.12/site-packages/airflow/example_dags/example_xcom.py
[2026-05-07T23:06:58.184+0000] {processor.py:840} INFO - DAG(s) 'example_xcom' retrieved from /home/airflow/.local/lib/python3.12/site-packages/airflow/example_dags/example_xcom.py
[2026-05-07T23:06:58.205+0000] {logging_mixin.py:188} INFO - [2026-05-07T23:06:58.205+0000] {dag.py:3096} INFO - Sync 1 DAGs
[2026-05-07T23:06:58.231+0000] {logging_mixin.py:188} INFO - [2026-05-07T23:06:58.231+0000] {dag.py:3954} INFO - Setting next_dagrun for example_xcom to 2021-01-01 00:00:00+00:00, run_after=2021-01-01 00:00:00+00:00
[2026-05-07T23:06:58.257+0000] {processor.py:183} INFO - Processing /home/airflow/.local/lib/python3.12/site-packages/airflow/example_dags/example_xcom.py took 0.092 seconds
[2026-05-07T23:07:28.663+0000] {processor.py:161} INFO - Started process (PID=6251) to work on /home/airflow/.local/lib/python3.12/site-packages/airflow/example_dags/example_xcom.py
[2026-05-07T23:07:28.665+0000] {processor.py:830} INFO - Processing file /home/airflow/.local/lib/python3.12/site-packages/airflow/example_dags/example_xcom.py for tasks to queue
[2026-05-07T23:07:28.667+0000] {logging_mixin.py:188} INFO - [2026-05-07T23:07:28.667+0000] {dagbag.py:545} INFO - Filling up the DagBag from /home/airflow/.local/lib/python3.12/site-packages/airflow/example_dags/example_xcom.py
[2026-05-07T23:07:28.675+0000] {processor.py:840} INFO - DAG(s) 'example_xcom' retrieved from /home/airflow/.local/lib/python3.12/site-packages/airflow/example_dags/example_xcom.py
[2026-05-07T23:07:28.694+0000] {logging_mixin.py:188} INFO - [2026-05-07T23:07:28.694+0000] {dag.py:3096} INFO - Sync 1 DAGs
[2026-05-07T23:07:28.715+0000] {logging_mixin.py:188} INFO - [2026-05-07T23:07:28.715+0000] {dag.py:3954} INFO - Setting next_dagrun for example_xcom to 2021-01-01 00:00:00+00:00, run_after=2021-01-01 00:00:00+00:00
[2026-05-07T23:07:28.735+0000] {processor.py:183} INFO - Processing /home/airflow/.local/lib/python3.12/site-packages/airflow/example_dags/example_xcom.py took 0.077 seconds
[2026-05-07T23:07:59.403+0000] {processor.py:161} INFO - Started process (PID=6307) to work on /home/airflow/.local/lib/python3.12/site-packages/airflow/example_dags/example_xcom.py
[2026-05-07T23:07:59.404+0000] {processor.py:830} INFO - Processing file /home/airflow/.local/lib/python3.12/site-packages/airflow/example_dags/example_xcom.py for tasks to queue
[2026-05-07T23:07:59.406+0000] {logging_mixin.py:188} INFO - [2026-05-07T23:07:59.406+0000] {dagbag.py:545} INFO - Filling up the DagBag from /home/airflow/.local/lib/python3.12/site-packages/airflow/example_dags/example_xcom.py
[2026-05-07T23:07:59.414+0000] {processor.py:840} INFO - DAG(s) 'example_xcom' retrieved from /home/airflow/.local/lib/python3.12/site-packages/airflow/example_dags/example_xcom.py
[2026-05-07T23:07:59.433+0000] {logging_mixin.py:188} INFO - [2026-05-07T23:07:59.433+0000] {dag.py:3096} INFO - Sync 1 DAGs
[2026-05-07T23:07:59.454+0000] {logging_mixin.py:188} INFO - [2026-05-07T23:07:59.453+0000] {dag.py:3954} INFO - Setting next_dagrun for example_xcom to 2021-01-01 00:00:00+00:00, run_after=2021-01-01 00:00:00+00:00
[2026-05-07T23:07:59.473+0000] {processor.py:183} INFO - Processing /home/airflow/.local/lib/python3.12/site-packages/airflow/example_dags/example_xcom.py took 0.076 seconds
[2026-05-07T23:08:29.932+0000] {processor.py:161} INFO - Started process (PID=6365) to work on /home/airflow/.local/lib/python3.12/site-packages/airflow/example_dags/example_xcom.py
[2026-05-07T23:08:29.935+0000] {processor.py:830} INFO - Processing file /home/airflow/.local/lib/python3.12/site-packages/airflow/example_dags/example_xcom.py for tasks to queue
[2026-05-07T23:08:29.939+0000] {logging_mixin.py:188} INFO - [2026-05-07T23:08:29.939+0000] {dagbag.py:545} INFO - Filling up the DagBag from /home/airflow/.local/lib/python3.12/site-packages/airflow/example_dags/example_xcom.py
[2026-05-07T23:08:29.946+0000] {processor.py:840} INFO - DAG(s) 'example_xcom' retrieved from /home/airflow/.local/lib/python3.12/site-packages/airflow/example_dags/example_xcom.py
[2026-05-07T23:08:29.966+0000] {logging_mixin.py:188} INFO - [2026-05-07T23:08:29.966+0000] {dag.py:3096} INFO - Sync 1 DAGs
[2026-05-07T23:08:29.985+0000] {logging_mixin.py:188} INFO - [2026-05-07T23:08:29.985+0000] {dag.py:3954} INFO - Setting next_dagrun for example_xcom to 2021-01-01 00:00:00+00:00, run_after=2021-01-01 00:00:00+00:00
[2026-05-07T23:08:30.003+0000] {processor.py:183} INFO - Processing /home/airflow/.local/lib/python3.12/site-packages/airflow/example_dags/example_xcom.py took 0.076 seconds
[2026-05-07T23:09:00.546+0000] {processor.py:161} INFO - Started process (PID=6423) to work on /home/airflow/.local/lib/python3.12/site-packages/airflow/example_dags/example_xcom.py
[2026-05-07T23:09:00.548+0000] {processor.py:830} INFO - Processing file /home/airflow/.local/lib/python3.12/site-packages/airflow/example_dags/example_xcom.py for tasks to queue
[2026-05-07T23:09:00.550+0000] {logging_mixin.py:188} INFO - [2026-05-07T23:09:00.550+0000] {dagbag.py:545} INFO - Filling up the DagBag from /home/airflow/.local/lib/python3.12/site-packages/airflow/example_dags/example_xcom.py
[2026-05-07T23:09:00.557+0000] {processor.py:840} INFO - DAG(s) 'example_xcom' retrieved from /home/airflow/.local/lib/python3.12/site-packages/airflow/example_dags/example_xcom.py
[2026-05-07T23:09:00.581+0000] {logging_mixin.py:188} INFO - [2026-05-07T23:09:00.580+0000] {dag.py:3096} INFO - Sync 1 DAGs
[2026-05-07T23:09:00.602+0000] {logging_mixin.py:188} INFO - [2026-05-07T23:09:00.602+0000] {dag.py:3954} INFO - Setting next_dagrun for example_xcom to 2021-01-01 00:00:00+00:00, run_after=2021-01-01 00:00:00+00:00
[2026-05-07T23:09:00.623+0000] {processor.py:183} INFO - Processing /home/airflow/.local/lib/python3.12/site-packages/airflow/example_dags/example_xcom.py took 0.083 seconds
[2026-05-07T23:09:30.807+0000] {processor.py:161} INFO - Started process (PID=6480) to work on /home/airflow/.local/lib/python3.12/site-packages/airflow/example_dags/example_xcom.py
[2026-05-07T23:09:30.808+0000] {processor.py:830} INFO - Processing file /home/airflow/.local/lib/python3.12/site-packages/airflow/example_dags/example_xcom.py for tasks to queue
[2026-05-07T23:09:30.810+0000] {logging_mixin.py:188} INFO - [2026-05-07T23:09:30.810+0000] {dagbag.py:545} INFO - Filling up the DagBag from /home/airflow/.local/lib/python3.12/site-packages/airflow/example_dags/example_xcom.py
[2026-05-07T23:09:30.818+0000] {processor.py:840} INFO - DAG(s) 'example_xcom' retrieved from /home/airflow/.local/lib/python3.12/site-packages/airflow/example_dags/example_xcom.py
[2026-05-07T23:09:30.838+0000] {logging_mixin.py:188} INFO - [2026-05-07T23:09:30.838+0000] {dag.py:3096} INFO - Sync 1 DAGs
[2026-05-07T23:09:30.860+0000] {logging_mixin.py:188} INFO - [2026-05-07T23:09:30.859+0000] {dag.py:3954} INFO - Setting next_dagrun for example_xcom to 2021-01-01 00:00:00+00:00, run_after=2021-01-01 00:00:00+00:00
[2026-05-07T23:09:30.880+0000] {processor.py:183} INFO - Processing /home/airflow/.local/lib/python3.12/site-packages/airflow/example_dags/example_xcom.py took 0.079 seconds
[2026-05-07T23:10:01.189+0000] {processor.py:161} INFO - Started process (PID=6538) to work on /home/airflow/.local/lib/python3.12/site-packages/airflow/example_dags/example_xcom.py
[2026-05-07T23:10:01.190+0000] {processor.py:830} INFO - Processing file /home/airflow/.local/lib/python3.12/site-packages/airflow/example_dags/example_xcom.py for tasks to queue
[2026-05-07T23:10:01.192+0000] {logging_mixin.py:188} INFO - [2026-05-07T23:10:01.192+0000] {dagbag.py:545} INFO - Filling up the DagBag from /home/airflow/.local/lib/python3.12/site-packages/airflow/example_dags/example_xcom.py
[2026-05-07T23:10:01.200+0000] {processor.py:840} INFO - DAG(s) 'example_xcom' retrieved from /home/airflow/.local/lib/python3.12/site-packages/airflow/example_dags/example_xcom.py
[2026-05-07T23:10:01.221+0000] {logging_mixin.py:188} INFO - [2026-05-07T23:10:01.221+0000] {dag.py:3096} INFO - Sync 1 DAGs
[2026-05-07T23:10:01.241+0000] {logging_mixin.py:188} INFO - [2026-05-07T23:10:01.241+0000] {dag.py:3954} INFO - Setting next_dagrun for example_xcom to 2021-01-01 00:00:00+00:00, run_after=2021-01-01 00:00:00+00:00
[2026-05-07T23:10:01.265+0000] {processor.py:183} INFO - Processing /home/airflow/.local/lib/python3.12/site-packages/airflow/example_dags/example_xcom.py took 0.082 seconds
[2026-05-07T23:10:31.612+0000] {processor.py:161} INFO - Started process (PID=6596) to work on /home/airflow/.local/lib/python3.12/site-packages/airflow/example_dags/example_xcom.py
[2026-05-07T23:10:31.613+0000] {processor.py:830} INFO - Processing file /home/airflow/.local/lib/python3.12/site-packages/airflow/example_dags/example_xcom.py for tasks to queue
[2026-05-07T23:10:31.615+0000] {logging_mixin.py:188} INFO - [2026-05-07T23:10:31.615+0000] {dagbag.py:545} INFO - Filling up the DagBag from /home/airflow/.local/lib/python3.12/site-packages/airflow/example_dags/example_xcom.py
[2026-05-07T23:10:31.623+0000] {processor.py:840} INFO - DAG(s) 'example_xcom' retrieved from /home/airflow/.local/lib/python3.12/site-packages/airflow/example_dags/example_xcom.py
[2026-05-07T23:10:31.645+0000] {logging_mixin.py:188} INFO - [2026-05-07T23:10:31.645+0000] {dag.py:3096} INFO - Sync 1 DAGs
[2026-05-07T23:10:31.665+0000] {logging_mixin.py:188} INFO - [2026-05-07T23:10:31.664+0000] {dag.py:3954} INFO - Setting next_dagrun for example_xcom to 2021-01-01 00:00:00+00:00, run_after=2021-01-01 00:00:00+00:00
[2026-05-07T23:10:31.685+0000] {processor.py:183} INFO - Processing /home/airflow/.local/lib/python3.12/site-packages/airflow/example_dags/example_xcom.py took 0.079 seconds
[2026-05-07T23:11:01.735+0000] {processor.py:161} INFO - Started process (PID=6654) to work on /home/airflow/.local/lib/python3.12/site-packages/airflow/example_dags/example_xcom.py
[2026-05-07T23:11:01.736+0000] {processor.py:830} INFO - Processing file /home/airflow/.local/lib/python3.12/site-packages/airflow/example_dags/example_xcom.py for tasks to queue
[2026-05-07T23:11:01.739+0000] {logging_mixin.py:188} INFO - [2026-05-07T23:11:01.738+0000] {dagbag.py:545} INFO - Filling up the DagBag from /home/airflow/.local/lib/python3.12/site-packages/airflow/example_dags/example_xcom.py
[2026-05-07T23:11:01.749+0000] {processor.py:840} INFO - DAG(s) 'example_xcom' retrieved from /home/airflow/.local/lib/python3.12/site-packages/airflow/example_dags/example_xcom.py
[2026-05-07T23:11:01.770+0000] {logging_mixin.py:188} INFO - [2026-05-07T23:11:01.770+0000] {dag.py:3096} INFO - Sync 1 DAGs
[2026-05-07T23:11:01.789+0000] {logging_mixin.py:188} INFO - [2026-05-07T23:11:01.789+0000] {dag.py:3954} INFO - Setting next_dagrun for example_xcom to 2021-01-01 00:00:00+00:00, run_after=2021-01-01 00:00:00+00:00
[2026-05-07T23:11:01.811+0000] {processor.py:183} INFO - Processing /home/airflow/.local/lib/python3.12/site-packages/airflow/example_dags/example_xcom.py took 0.081 seconds
[2026-05-07T23:11:32.207+0000] {processor.py:161} INFO - Started process (PID=6712) to work on /home/airflow/.local/lib/python3.12/site-packages/airflow/example_dags/example_xcom.py
[2026-05-07T23:11:32.208+0000] {processor.py:830} INFO - Processing file /home/airflow/.local/lib/python3.12/site-packages/airflow/example_dags/example_xcom.py for tasks to queue
[2026-05-07T23:11:32.210+0000] {logging_mixin.py:188} INFO - [2026-05-07T23:11:32.210+0000] {dagbag.py:545} INFO - Filling up the DagBag from /home/airflow/.local/lib/python3.12/site-packages/airflow/example_dags/example_xcom.py
[2026-05-07T23:11:32.217+0000] {processor.py:840} INFO - DAG(s) 'example_xcom' retrieved from /home/airflow/.local/lib/python3.12/site-packages/airflow/example_dags/example_xcom.py
[2026-05-07T23:11:32.238+0000] {logging_mixin.py:188} INFO - [2026-05-07T23:11:32.238+0000] {dag.py:3096} INFO - Sync 1 DAGs
[2026-05-07T23:11:32.261+0000] {logging_mixin.py:188} INFO - [2026-05-07T23:11:32.260+0000] {dag.py:3954} INFO - Setting next_dagrun for example_xcom to 2021-01-01 00:00:00+00:00, run_after=2021-01-01 00:00:00+00:00
[2026-05-07T23:11:32.282+0000] {processor.py:183} INFO - Processing /home/airflow/.local/lib/python3.12/site-packages/airflow/example_dags/example_xcom.py took 0.080 seconds
[2026-05-07T23:12:02.479+0000] {processor.py:161} INFO - Started process (PID=6770) to work on /home/airflow/.local/lib/python3.12/site-packages/airflow/example_dags/example_xcom.py
[2026-05-07T23:12:02.481+0000] {processor.py:830} INFO - Processing file /home/airflow/.local/lib/python3.12/site-packages/airflow/example_dags/example_xcom.py for tasks to queue
[2026-05-07T23:12:02.484+0000] {logging_mixin.py:188} INFO - [2026-05-07T23:12:02.483+0000] {dagbag.py:545} INFO - Filling up the DagBag from /home/airflow/.local/lib/python3.12/site-packages/airflow/example_dags/example_xcom.py
[2026-05-07T23:12:02.495+0000] {processor.py:840} INFO - DAG(s) 'example_xcom' retrieved from /home/airflow/.local/lib/python3.12/site-packages/airflow/example_dags/example_xcom.py
[2026-05-07T23:12:02.537+0000] {logging_mixin.py:188} INFO - [2026-05-07T23:12:02.536+0000] {dag.py:3096} INFO - Sync 1 DAGs
[2026-05-07T23:12:02.568+0000] {logging_mixin.py:188} INFO - [2026-05-07T23:12:02.567+0000] {dag.py:3954} INFO - Setting next_dagrun for example_xcom to 2021-01-01 00:00:00+00:00, run_after=2021-01-01 00:00:00+00:00
[2026-05-07T23:12:02.602+0000] {processor.py:183} INFO - Processing /home/airflow/.local/lib/python3.12/site-packages/airflow/example_dags/example_xcom.py took 0.129 seconds
[2026-05-07T23:12:32.697+0000] {processor.py:161} INFO - Started process (PID=6828) to work on /home/airflow/.local/lib/python3.12/site-packages/airflow/example_dags/example_xcom.py
[2026-05-07T23:12:32.698+0000] {processor.py:830} INFO - Processing file /home/airflow/.local/lib/python3.12/site-packages/airflow/example_dags/example_xcom.py for tasks to queue
[2026-05-07T23:12:32.700+0000] {logging_mixin.py:188} INFO - [2026-05-07T23:12:32.700+0000] {dagbag.py:545} INFO - Filling up the DagBag from /home/airflow/.local/lib/python3.12/site-packages/airflow/example_dags/example_xcom.py
[2026-05-07T23:12:32.708+0000] {processor.py:840} INFO - DAG(s) 'example_xcom' retrieved from /home/airflow/.local/lib/python3.12/site-packages/airflow/example_dags/example_xcom.py
[2026-05-07T23:12:32.727+0000] {logging_mixin.py:188} INFO - [2026-05-07T23:12:32.727+0000] {dag.py:3096} INFO - Sync 1 DAGs
[2026-05-07T23:12:32.750+0000] {logging_mixin.py:188} INFO - [2026-05-07T23:12:32.749+0000] {dag.py:3954} INFO - Setting next_dagrun for example_xcom to 2021-01-01 00:00:00+00:00, run_after=2021-01-01 00:00:00+00:00
[2026-05-07T23:12:32.773+0000] {processor.py:183} INFO - Processing /home/airflow/.local/lib/python3.12/site-packages/airflow/example_dags/example_xcom.py took 0.081 seconds
[2026-05-07T23:13:03.038+0000] {processor.py:161} INFO - Started process (PID=6886) to work on /home/airflow/.local/lib/python3.12/site-packages/airflow/example_dags/example_xcom.py
[2026-05-07T23:13:03.040+0000] {processor.py:830} INFO - Processing file /home/airflow/.local/lib/python3.12/site-packages/airflow/example_dags/example_xcom.py for tasks to queue
[2026-05-07T23:13:03.042+0000] {logging_mixin.py:188} INFO - [2026-05-07T23:13:03.042+0000] {dagbag.py:545} INFO - Filling up the DagBag from /home/airflow/.local/lib/python3.12/site-packages/airflow/example_dags/example_xcom.py
[2026-05-07T23:13:03.053+0000] {processor.py:840} INFO - DAG(s) 'example_xcom' retrieved from /home/airflow/.local/lib/python3.12/site-packages/airflow/example_dags/example_xcom.py
[2026-05-07T23:13:03.073+0000] {logging_mixin.py:188} INFO - [2026-05-07T23:13:03.073+0000] {dag.py:3096} INFO - Sync 1 DAGs
[2026-05-07T23:13:03.097+0000] {logging_mixin.py:188} INFO - [2026-05-07T23:13:03.097+0000] {dag.py:3954} INFO - Setting next_dagrun for example_xcom to 2021-01-01 00:00:00+00:00, run_after=2021-01-01 00:00:00+00:00
[2026-05-07T23:13:03.123+0000] {processor.py:183} INFO - Processing /home/airflow/.local/lib/python3.12/site-packages/airflow/example_dags/example_xcom.py took 0.091 seconds
[2026-05-07T23:13:33.223+0000] {processor.py:161} INFO - Started process (PID=6944) to work on /home/airflow/.local/lib/python3.12/site-packages/airflow/example_dags/example_xcom.py
[2026-05-07T23:13:33.224+0000] {processor.py:830} INFO - Processing file /home/airflow/.local/lib/python3.12/site-packages/airflow/example_dags/example_xcom.py for tasks to queue
[2026-05-07T23:13:33.226+0000] {logging_mixin.py:188} INFO - [2026-05-07T23:13:33.226+0000] {dagbag.py:545} INFO - Filling up the DagBag from /home/airflow/.local/lib/python3.12/site-packages/airflow/example_dags/example_xcom.py
[2026-05-07T23:13:33.233+0000] {processor.py:840} INFO - DAG(s) 'example_xcom' retrieved from /home/airflow/.local/lib/python3.12/site-packages/airflow/example_dags/example_xcom.py
[2026-05-07T23:13:33.254+0000] {logging_mixin.py:188} INFO - [2026-05-07T23:13:33.254+0000] {dag.py:3096} INFO - Sync 1 DAGs
[2026-05-07T23:13:33.276+0000] {logging_mixin.py:188} INFO - [2026-05-07T23:13:33.276+0000] {dag.py:3954} INFO - Setting next_dagrun for example_xcom to 2021-01-01 00:00:00+00:00, run_after=2021-01-01 00:00:00+00:00
[2026-05-07T23:13:33.300+0000] {processor.py:183} INFO - Processing /home/airflow/.local/lib/python3.12/site-packages/airflow/example_dags/example_xcom.py took 0.082 seconds
[2026-05-07T23:14:04.197+0000] {processor.py:161} INFO - Started process (PID=7002) to work on /home/airflow/.local/lib/python3.12/site-packages/airflow/example_dags/example_xcom.py
[2026-05-07T23:14:04.198+0000] {processor.py:830} INFO - Processing file /home/airflow/.local/lib/python3.12/site-packages/airflow/example_dags/example_xcom.py for tasks to queue
[2026-05-07T23:14:04.200+0000] {logging_mixin.py:188} INFO - [2026-05-07T23:14:04.200+0000] {dagbag.py:545} INFO - Filling up the DagBag from /home/airflow/.local/lib/python3.12/site-packages/airflow/example_dags/example_xcom.py
[2026-05-07T23:14:04.208+0000] {processor.py:840} INFO - DAG(s) 'example_xcom' retrieved from /home/airflow/.local/lib/python3.12/site-packages/airflow/example_dags/example_xcom.py
[2026-05-07T23:14:04.228+0000] {logging_mixin.py:188} INFO - [2026-05-07T23:14:04.227+0000] {dag.py:3096} INFO - Sync 1 DAGs
[2026-05-07T23:14:04.247+0000] {logging_mixin.py:188} INFO - [2026-05-07T23:14:04.247+0000] {dag.py:3954} INFO - Setting next_dagrun for example_xcom to 2021-01-01 00:00:00+00:00, run_after=2021-01-01 00:00:00+00:00
[2026-05-07T23:14:04.267+0000] {processor.py:183} INFO - Processing /home/airflow/.local/lib/python3.12/site-packages/airflow/example_dags/example_xcom.py took 0.075 seconds
[2026-05-07T23:14:34.884+0000] {processor.py:161} INFO - Started process (PID=7060) to work on /home/airflow/.local/lib/python3.12/site-packages/airflow/example_dags/example_xcom.py
[2026-05-07T23:14:34.885+0000] {processor.py:830} INFO - Processing file /home/airflow/.local/lib/python3.12/site-packages/airflow/example_dags/example_xcom.py for tasks to queue
[2026-05-07T23:14:34.888+0000] {logging_mixin.py:188} INFO - [2026-05-07T23:14:34.887+0000] {dagbag.py:545} INFO - Filling up the DagBag from /home/airflow/.local/lib/python3.12/site-packages/airflow/example_dags/example_xcom.py
[2026-05-07T23:14:34.898+0000] {processor.py:840} INFO - DAG(s) 'example_xcom' retrieved from /home/airflow/.local/lib/python3.12/site-packages/airflow/example_dags/example_xcom.py
[2026-05-07T23:14:34.918+0000] {logging_mixin.py:188} INFO - [2026-05-07T23:14:34.918+0000] {dag.py:3096} INFO - Sync 1 DAGs
[2026-05-07T23:14:34.941+0000] {logging_mixin.py:188} INFO - [2026-05-07T23:14:34.941+0000] {dag.py:3954} INFO - Setting next_dagrun for example_xcom to 2021-01-01 00:00:00+00:00, run_after=2021-01-01 00:00:00+00:00
[2026-05-07T23:14:34.964+0000] {processor.py:183} INFO - Processing /home/airflow/.local/lib/python3.12/site-packages/airflow/example_dags/example_xcom.py took 0.085 seconds
[2026-05-07T23:15:05.308+0000] {processor.py:161} INFO - Started process (PID=7118) to work on /home/airflow/.local/lib/python3.12/site-packages/airflow/example_dags/example_xcom.py
[2026-05-07T23:15:05.309+0000] {processor.py:830} INFO - Processing file /home/airflow/.local/lib/python3.12/site-packages/airflow/example_dags/example_xcom.py for tasks to queue
[2026-05-07T23:15:05.312+0000] {logging_mixin.py:188} INFO - [2026-05-07T23:15:05.311+0000] {dagbag.py:545} INFO - Filling up the DagBag from /home/airflow/.local/lib/python3.12/site-packages/airflow/example_dags/example_xcom.py
[2026-05-07T23:15:05.319+0000] {processor.py:840} INFO - DAG(s) 'example_xcom' retrieved from /home/airflow/.local/lib/python3.12/site-packages/airflow/example_dags/example_xcom.py
[2026-05-07T23:15:05.338+0000] {logging_mixin.py:188} INFO - [2026-05-07T23:15:05.338+0000] {dag.py:3096} INFO - Sync 1 DAGs
[2026-05-07T23:15:05.358+0000] {logging_mixin.py:188} INFO - [2026-05-07T23:15:05.357+0000] {dag.py:3954} INFO - Setting next_dagrun for example_xcom to 2021-01-01 00:00:00+00:00, run_after=2021-01-01 00:00:00+00:00
[2026-05-07T23:15:05.378+0000] {processor.py:183} INFO - Processing /home/airflow/.local/lib/python3.12/site-packages/airflow/example_dags/example_xcom.py took 0.074 seconds
[2026-05-07T23:15:36.121+0000] {processor.py:161} INFO - Started process (PID=7176) to work on /home/airflow/.local/lib/python3.12/site-packages/airflow/example_dags/example_xcom.py
[2026-05-07T23:15:36.123+0000] {processor.py:830} INFO - Processing file /home/airflow/.local/lib/python3.12/site-packages/airflow/example_dags/example_xcom.py for tasks to queue
[2026-05-07T23:15:36.125+0000] {logging_mixin.py:188} INFO - [2026-05-07T23:15:36.125+0000] {dagbag.py:545} INFO - Filling up the DagBag from /home/airflow/.local/lib/python3.12/site-packages/airflow/example_dags/example_xcom.py
[2026-05-07T23:15:36.136+0000] {processor.py:840} INFO - DAG(s) 'example_xcom' retrieved from /home/airflow/.local/lib/python3.12/site-packages/airflow/example_dags/example_xcom.py
[2026-05-07T23:15:36.172+0000] {logging_mixin.py:188} INFO - [2026-05-07T23:15:36.171+0000] {dag.py:3096} INFO - Sync 1 DAGs
[2026-05-07T23:15:36.199+0000] {logging_mixin.py:188} INFO - [2026-05-07T23:15:36.199+0000] {dag.py:3954} INFO - Setting next_dagrun for example_xcom to 2021-01-01 00:00:00+00:00, run_after=2021-01-01 00:00:00+00:00
[2026-05-07T23:15:36.348+0000] {processor.py:183} INFO - Processing /home/airflow/.local/lib/python3.12/site-packages/airflow/example_dags/example_xcom.py took 0.234 seconds
[2026-05-07T23:16:06.809+0000] {processor.py:161} INFO - Started process (PID=7234) to work on /home/airflow/.local/lib/python3.12/site-packages/airflow/example_dags/example_xcom.py
[2026-05-07T23:16:06.810+0000] {processor.py:830} INFO - Processing file /home/airflow/.local/lib/python3.12/site-packages/airflow/example_dags/example_xcom.py for tasks to queue
[2026-05-07T23:16:06.812+0000] {logging_mixin.py:188} INFO - [2026-05-07T23:16:06.812+0000] {dagbag.py:545} INFO - Filling up the DagBag from /home/airflow/.local/lib/python3.12/site-packages/airflow/example_dags/example_xcom.py
[2026-05-07T23:16:06.820+0000] {processor.py:840} INFO - DAG(s) 'example_xcom' retrieved from /home/airflow/.local/lib/python3.12/site-packages/airflow/example_dags/example_xcom.py
[2026-05-07T23:16:06.840+0000] {logging_mixin.py:188} INFO - [2026-05-07T23:16:06.840+0000] {dag.py:3096} INFO - Sync 1 DAGs
[2026-05-07T23:16:06.861+0000] {logging_mixin.py:188} INFO - [2026-05-07T23:16:06.861+0000] {dag.py:3954} INFO - Setting next_dagrun for example_xcom to 2021-01-01 00:00:00+00:00, run_after=2021-01-01 00:00:00+00:00
[2026-05-07T23:16:06.884+0000] {processor.py:183} INFO - Processing /home/airflow/.local/lib/python3.12/site-packages/airflow/example_dags/example_xcom.py took 0.081 seconds
[2026-05-07T23:16:37.413+0000] {processor.py:161} INFO - Started process (PID=7292) to work on /home/airflow/.local/lib/python3.12/site-packages/airflow/example_dags/example_xcom.py
[2026-05-07T23:16:37.414+0000] {processor.py:830} INFO - Processing file /home/airflow/.local/lib/python3.12/site-packages/airflow/example_dags/example_xcom.py for tasks to queue
[2026-05-07T23:16:37.416+0000] {logging_mixin.py:188} INFO - [2026-05-07T23:16:37.416+0000] {dagbag.py:545} INFO - Filling up the DagBag from /home/airflow/.local/lib/python3.12/site-packages/airflow/example_dags/example_xcom.py
[2026-05-07T23:16:37.424+0000] {processor.py:840} INFO - DAG(s) 'example_xcom' retrieved from /home/airflow/.local/lib/python3.12/site-packages/airflow/example_dags/example_xcom.py
[2026-05-07T23:16:37.445+0000] {logging_mixin.py:188} INFO - [2026-05-07T23:16:37.445+0000] {dag.py:3096} INFO - Sync 1 DAGs
[2026-05-07T23:16:37.466+0000] {logging_mixin.py:188} INFO - [2026-05-07T23:16:37.465+0000] {dag.py:3954} INFO - Setting next_dagrun for example_xcom to 2021-01-01 00:00:00+00:00, run_after=2021-01-01 00:00:00+00:00
[2026-05-07T23:16:37.485+0000] {processor.py:183} INFO - Processing /home/airflow/.local/lib/python3.12/site-packages/airflow/example_dags/example_xcom.py took 0.078 seconds
[2026-05-07T23:17:07.853+0000] {processor.py:161} INFO - Started process (PID=7350) to work on /home/airflow/.local/lib/python3.12/site-packages/airflow/example_dags/example_xcom.py
[2026-05-07T23:17:07.855+0000] {processor.py:830} INFO - Processing file /home/airflow/.local/lib/python3.12/site-packages/airflow/example_dags/example_xcom.py for tasks to queue
[2026-05-07T23:17:07.858+0000] {logging_mixin.py:188} INFO - [2026-05-07T23:17:07.857+0000] {dagbag.py:545} INFO - Filling up the DagBag from /home/airflow/.local/lib/python3.12/site-packages/airflow/example_dags/example_xcom.py
[2026-05-07T23:17:07.866+0000] {processor.py:840} INFO - DAG(s) 'example_xcom' retrieved from /home/airflow/.local/lib/python3.12/site-packages/airflow/example_dags/example_xcom.py
[2026-05-07T23:17:07.889+0000] {logging_mixin.py:188} INFO - [2026-05-07T23:17:07.888+0000] {dag.py:3096} INFO - Sync 1 DAGs
[2026-05-07T23:17:08.046+0000] {logging_mixin.py:188} INFO - [2026-05-07T23:17:08.046+0000] {dag.py:3954} INFO - Setting next_dagrun for example_xcom to 2021-01-01 00:00:00+00:00, run_after=2021-01-01 00:00:00+00:00
[2026-05-07T23:17:08.063+0000] {processor.py:183} INFO - Processing /home/airflow/.local/lib/python3.12/site-packages/airflow/example_dags/example_xcom.py took 0.215 seconds
[2026-05-07T23:17:38.680+0000] {processor.py:161} INFO - Started process (PID=7408) to work on /home/airflow/.local/lib/python3.12/site-packages/airflow/example_dags/example_xcom.py
[2026-05-07T23:17:38.681+0000] {processor.py:830} INFO - Processing file /home/airflow/.local/lib/python3.12/site-packages/airflow/example_dags/example_xcom.py for tasks to queue
[2026-05-07T23:17:38.684+0000] {logging_mixin.py:188} INFO - [2026-05-07T23:17:38.683+0000] {dagbag.py:545} INFO - Filling up the DagBag from /home/airflow/.local/lib/python3.12/site-packages/airflow/example_dags/example_xcom.py
[2026-05-07T23:17:38.696+0000] {processor.py:840} INFO - DAG(s) 'example_xcom' retrieved from /home/airflow/.local/lib/python3.12/site-packages/airflow/example_dags/example_xcom.py
[2026-05-07T23:17:38.732+0000] {logging_mixin.py:188} INFO - [2026-05-07T23:17:38.731+0000] {dag.py:3096} INFO - Sync 1 DAGs
[2026-05-07T23:17:38.755+0000] {logging_mixin.py:188} INFO - [2026-05-07T23:17:38.755+0000] {dag.py:3954} INFO - Setting next_dagrun for example_xcom to 2021-01-01 00:00:00+00:00, run_after=2021-01-01 00:00:00+00:00
[2026-05-07T23:17:38.967+0000] {processor.py:183} INFO - Processing /home/airflow/.local/lib/python3.12/site-packages/airflow/example_dags/example_xcom.py took 0.295 seconds
[2026-05-07T23:18:09.612+0000] {processor.py:161} INFO - Started process (PID=7472) to work on /home/airflow/.local/lib/python3.12/site-packages/airflow/example_dags/example_xcom.py
[2026-05-07T23:18:09.613+0000] {processor.py:830} INFO - Processing file /home/airflow/.local/lib/python3.12/site-packages/airflow/example_dags/example_xcom.py for tasks to queue
[2026-05-07T23:18:09.616+0000] {logging_mixin.py:188} INFO - [2026-05-07T23:18:09.616+0000] {dagbag.py:545} INFO - Filling up the DagBag from /home/airflow/.local/lib/python3.12/site-packages/airflow/example_dags/example_xcom.py
[2026-05-07T23:18:09.625+0000] {processor.py:840} INFO - DAG(s) 'example_xcom' retrieved from /home/airflow/.local/lib/python3.12/site-packages/airflow/example_dags/example_xcom.py
[2026-05-07T23:18:09.646+0000] {logging_mixin.py:188} INFO - [2026-05-07T23:18:09.646+0000] {dag.py:3096} INFO - Sync 1 DAGs
[2026-05-07T23:18:09.668+0000] {logging_mixin.py:188} INFO - [2026-05-07T23:18:09.668+0000] {dag.py:3954} INFO - Setting next_dagrun for example_xcom to 2021-01-01 00:00:00+00:00, run_after=2021-01-01 00:00:00+00:00
[2026-05-07T23:18:09.688+0000] {processor.py:183} INFO - Processing /home/airflow/.local/lib/python3.12/site-packages/airflow/example_dags/example_xcom.py took 0.083 seconds
[2026-05-07T23:18:39.790+0000] {processor.py:161} INFO - Started process (PID=7530) to work on /home/airflow/.local/lib/python3.12/site-packages/airflow/example_dags/example_xcom.py
[2026-05-07T23:18:39.792+0000] {processor.py:830} INFO - Processing file /home/airflow/.local/lib/python3.12/site-packages/airflow/example_dags/example_xcom.py for tasks to queue
[2026-05-07T23:18:39.794+0000] {logging_mixin.py:188} INFO - [2026-05-07T23:18:39.794+0000] {dagbag.py:545} INFO - Filling up the DagBag from /home/airflow/.local/lib/python3.12/site-packages/airflow/example_dags/example_xcom.py
[2026-05-07T23:18:39.801+0000] {processor.py:840} INFO - DAG(s) 'example_xcom' retrieved from /home/airflow/.local/lib/python3.12/site-packages/airflow/example_dags/example_xcom.py
[2026-05-07T23:18:39.961+0000] {logging_mixin.py:188} INFO - [2026-05-07T23:18:39.961+0000] {dag.py:3096} INFO - Sync 1 DAGs
[2026-05-07T23:18:39.978+0000] {logging_mixin.py:188} INFO - [2026-05-07T23:18:39.978+0000] {dag.py:3954} INFO - Setting next_dagrun for example_xcom to 2021-01-01 00:00:00+00:00, run_after=2021-01-01 00:00:00+00:00
[2026-05-07T23:18:39.996+0000] {processor.py:183} INFO - Processing /home/airflow/.local/lib/python3.12/site-packages/airflow/example_dags/example_xcom.py took 0.211 seconds
[2026-05-07T23:19:10.349+0000] {processor.py:161} INFO - Started process (PID=7588) to work on /home/airflow/.local/lib/python3.12/site-packages/airflow/example_dags/example_xcom.py
[2026-05-07T23:19:10.351+0000] {processor.py:830} INFO - Processing file /home/airflow/.local/lib/python3.12/site-packages/airflow/example_dags/example_xcom.py for tasks to queue
[2026-05-07T23:19:10.353+0000] {logging_mixin.py:188} INFO - [2026-05-07T23:19:10.353+0000] {dagbag.py:545} INFO - Filling up the DagBag from /home/airflow/.local/lib/python3.12/site-packages/airflow/example_dags/example_xcom.py
[2026-05-07T23:19:10.361+0000] {processor.py:840} INFO - DAG(s) 'example_xcom' retrieved from /home/airflow/.local/lib/python3.12/site-packages/airflow/example_dags/example_xcom.py
[2026-05-07T23:19:10.383+0000] {logging_mixin.py:188} INFO - [2026-05-07T23:19:10.383+0000] {dag.py:3096} INFO - Sync 1 DAGs
[2026-05-07T23:19:10.403+0000] {logging_mixin.py:188} INFO - [2026-05-07T23:19:10.403+0000] {dag.py:3954} INFO - Setting next_dagrun for example_xcom to 2021-01-01 00:00:00+00:00, run_after=2021-01-01 00:00:00+00:00
[2026-05-07T23:19:10.425+0000] {processor.py:183} INFO - Processing /home/airflow/.local/lib/python3.12/site-packages/airflow/example_dags/example_xcom.py took 0.082 seconds
[2026-05-07T23:19:40.572+0000] {processor.py:161} INFO - Started process (PID=7646) to work on /home/airflow/.local/lib/python3.12/site-packages/airflow/example_dags/example_xcom.py
[2026-05-07T23:19:40.573+0000] {processor.py:830} INFO - Processing file /home/airflow/.local/lib/python3.12/site-packages/airflow/example_dags/example_xcom.py for tasks to queue
[2026-05-07T23:19:40.575+0000] {logging_mixin.py:188} INFO - [2026-05-07T23:19:40.575+0000] {dagbag.py:545} INFO - Filling up the DagBag from /home/airflow/.local/lib/python3.12/site-packages/airflow/example_dags/example_xcom.py
[2026-05-07T23:19:40.583+0000] {processor.py:840} INFO - DAG(s) 'example_xcom' retrieved from /home/airflow/.local/lib/python3.12/site-packages/airflow/example_dags/example_xcom.py
[2026-05-07T23:19:40.605+0000] {logging_mixin.py:188} INFO - [2026-05-07T23:19:40.605+0000] {dag.py:3096} INFO - Sync 1 DAGs
[2026-05-07T23:19:40.625+0000] {logging_mixin.py:188} INFO - [2026-05-07T23:19:40.625+0000] {dag.py:3954} INFO - Setting next_dagrun for example_xcom to 2021-01-01 00:00:00+00:00, run_after=2021-01-01 00:00:00+00:00
[2026-05-07T23:19:40.644+0000] {processor.py:183} INFO - Processing /home/airflow/.local/lib/python3.12/site-packages/airflow/example_dags/example_xcom.py took 0.079 seconds
[2026-05-07T23:20:10.819+0000] {processor.py:161} INFO - Started process (PID=7704) to work on /home/airflow/.local/lib/python3.12/site-packages/airflow/example_dags/example_xcom.py
[2026-05-07T23:20:10.820+0000] {processor.py:830} INFO - Processing file /home/airflow/.local/lib/python3.12/site-packages/airflow/example_dags/example_xcom.py for tasks to queue
[2026-05-07T23:20:10.822+0000] {logging_mixin.py:188} INFO - [2026-05-07T23:20:10.821+0000] {dagbag.py:545} INFO - Filling up the DagBag from /home/airflow/.local/lib/python3.12/site-packages/airflow/example_dags/example_xcom.py
[2026-05-07T23:20:10.829+0000] {processor.py:840} INFO - DAG(s) 'example_xcom' retrieved from /home/airflow/.local/lib/python3.12/site-packages/airflow/example_dags/example_xcom.py
[2026-05-07T23:20:10.849+0000] {logging_mixin.py:188} INFO - [2026-05-07T23:20:10.849+0000] {dag.py:3096} INFO - Sync 1 DAGs
[2026-05-07T23:20:10.868+0000] {logging_mixin.py:188} INFO - [2026-05-07T23:20:10.868+0000] {dag.py:3954} INFO - Setting next_dagrun for example_xcom to 2021-01-01 00:00:00+00:00, run_after=2021-01-01 00:00:00+00:00
[2026-05-07T23:20:10.889+0000] {processor.py:183} INFO - Processing /home/airflow/.local/lib/python3.12/site-packages/airflow/example_dags/example_xcom.py took 0.076 seconds
[2026-05-07T23:20:41.032+0000] {processor.py:161} INFO - Started process (PID=7762) to work on /home/airflow/.local/lib/python3.12/site-packages/airflow/example_dags/example_xcom.py
[2026-05-07T23:20:41.034+0000] {processor.py:830} INFO - Processing file /home/airflow/.local/lib/python3.12/site-packages/airflow/example_dags/example_xcom.py for tasks to queue
[2026-05-07T23:20:41.036+0000] {logging_mixin.py:188} INFO - [2026-05-07T23:20:41.035+0000] {dagbag.py:545} INFO - Filling up the DagBag from /home/airflow/.local/lib/python3.12/site-packages/airflow/example_dags/example_xcom.py
[2026-05-07T23:20:41.044+0000] {processor.py:840} INFO - DAG(s) 'example_xcom' retrieved from /home/airflow/.local/lib/python3.12/site-packages/airflow/example_dags/example_xcom.py
[2026-05-07T23:20:41.063+0000] {logging_mixin.py:188} INFO - [2026-05-07T23:20:41.063+0000] {dag.py:3096} INFO - Sync 1 DAGs
[2026-05-07T23:20:41.084+0000] {logging_mixin.py:188} INFO - [2026-05-07T23:20:41.083+0000] {dag.py:3954} INFO - Setting next_dagrun for example_xcom to 2021-01-01 00:00:00+00:00, run_after=2021-01-01 00:00:00+00:00
[2026-05-07T23:20:41.103+0000] {processor.py:183} INFO - Processing /home/airflow/.local/lib/python3.12/site-packages/airflow/example_dags/example_xcom.py took 0.076 seconds
[2026-05-07T23:21:11.281+0000] {processor.py:161} INFO - Started process (PID=7820) to work on /home/airflow/.local/lib/python3.12/site-packages/airflow/example_dags/example_xcom.py
[2026-05-07T23:21:11.282+0000] {processor.py:830} INFO - Processing file /home/airflow/.local/lib/python3.12/site-packages/airflow/example_dags/example_xcom.py for tasks to queue
[2026-05-07T23:21:11.285+0000] {logging_mixin.py:188} INFO - [2026-05-07T23:21:11.284+0000] {dagbag.py:545} INFO - Filling up the DagBag from /home/airflow/.local/lib/python3.12/site-packages/airflow/example_dags/example_xcom.py
[2026-05-07T23:21:11.292+0000] {processor.py:840} INFO - DAG(s) 'example_xcom' retrieved from /home/airflow/.local/lib/python3.12/site-packages/airflow/example_dags/example_xcom.py
[2026-05-07T23:21:11.312+0000] {logging_mixin.py:188} INFO - [2026-05-07T23:21:11.312+0000] {dag.py:3096} INFO - Sync 1 DAGs
[2026-05-07T23:21:11.331+0000] {logging_mixin.py:188} INFO - [2026-05-07T23:21:11.331+0000] {dag.py:3954} INFO - Setting next_dagrun for example_xcom to 2021-01-01 00:00:00+00:00, run_after=2021-01-01 00:00:00+00:00
[2026-05-07T23:21:11.350+0000] {processor.py:183} INFO - Processing /home/airflow/.local/lib/python3.12/site-packages/airflow/example_dags/example_xcom.py took 0.074 seconds
[2026-05-07T23:21:41.918+0000] {processor.py:161} INFO - Started process (PID=7878) to work on /home/airflow/.local/lib/python3.12/site-packages/airflow/example_dags/example_xcom.py
[2026-05-07T23:21:41.919+0000] {processor.py:830} INFO - Processing file /home/airflow/.local/lib/python3.12/site-packages/airflow/example_dags/example_xcom.py for tasks to queue
[2026-05-07T23:21:41.921+0000] {logging_mixin.py:188} INFO - [2026-05-07T23:21:41.921+0000] {dagbag.py:545} INFO - Filling up the DagBag from /home/airflow/.local/lib/python3.12/site-packages/airflow/example_dags/example_xcom.py
[2026-05-07T23:21:41.928+0000] {processor.py:840} INFO - DAG(s) 'example_xcom' retrieved from /home/airflow/.local/lib/python3.12/site-packages/airflow/example_dags/example_xcom.py
[2026-05-07T23:21:41.947+0000] {logging_mixin.py:188} INFO - [2026-05-07T23:21:41.947+0000] {dag.py:3096} INFO - Sync 1 DAGs
[2026-05-07T23:21:41.968+0000] {logging_mixin.py:188} INFO - [2026-05-07T23:21:41.968+0000] {dag.py:3954} INFO - Setting next_dagrun for example_xcom to 2021-01-01 00:00:00+00:00, run_after=2021-01-01 00:00:00+00:00
[2026-05-07T23:21:41.986+0000] {processor.py:183} INFO - Processing /home/airflow/.local/lib/python3.12/site-packages/airflow/example_dags/example_xcom.py took 0.073 seconds
[2026-05-07T23:22:12.234+0000] {processor.py:161} INFO - Started process (PID=7935) to work on /home/airflow/.local/lib/python3.12/site-packages/airflow/example_dags/example_xcom.py
[2026-05-07T23:22:12.236+0000] {processor.py:830} INFO - Processing file /home/airflow/.local/lib/python3.12/site-packages/airflow/example_dags/example_xcom.py for tasks to queue
[2026-05-07T23:22:12.238+0000] {logging_mixin.py:188} INFO - [2026-05-07T23:22:12.237+0000] {dagbag.py:545} INFO - Filling up the DagBag from /home/airflow/.local/lib/python3.12/site-packages/airflow/example_dags/example_xcom.py
[2026-05-07T23:22:12.245+0000] {processor.py:840} INFO - DAG(s) 'example_xcom' retrieved from /home/airflow/.local/lib/python3.12/site-packages/airflow/example_dags/example_xcom.py
[2026-05-07T23:22:12.266+0000] {logging_mixin.py:188} INFO - [2026-05-07T23:22:12.266+0000] {dag.py:3096} INFO - Sync 1 DAGs
[2026-05-07T23:22:12.288+0000] {logging_mixin.py:188} INFO - [2026-05-07T23:22:12.287+0000] {dag.py:3954} INFO - Setting next_dagrun for example_xcom to 2021-01-01 00:00:00+00:00, run_after=2021-01-01 00:00:00+00:00
[2026-05-07T23:22:12.307+0000] {processor.py:183} INFO - Processing /home/airflow/.local/lib/python3.12/site-packages/airflow/example_dags/example_xcom.py took 0.077 seconds
[2026-05-07T23:22:42.448+0000] {processor.py:161} INFO - Started process (PID=7993) to work on /home/airflow/.local/lib/python3.12/site-packages/airflow/example_dags/example_xcom.py
[2026-05-07T23:22:42.449+0000] {processor.py:830} INFO - Processing file /home/airflow/.local/lib/python3.12/site-packages/airflow/example_dags/example_xcom.py for tasks to queue
[2026-05-07T23:22:42.452+0000] {logging_mixin.py:188} INFO - [2026-05-07T23:22:42.451+0000] {dagbag.py:545} INFO - Filling up the DagBag from /home/airflow/.local/lib/python3.12/site-packages/airflow/example_dags/example_xcom.py
[2026-05-07T23:22:42.459+0000] {processor.py:840} INFO - DAG(s) 'example_xcom' retrieved from /home/airflow/.local/lib/python3.12/site-packages/airflow/example_dags/example_xcom.py
[2026-05-07T23:22:42.480+0000] {logging_mixin.py:188} INFO - [2026-05-07T23:22:42.480+0000] {dag.py:3096} INFO - Sync 1 DAGs
[2026-05-07T23:22:42.502+0000] {logging_mixin.py:188} INFO - [2026-05-07T23:22:42.502+0000] {dag.py:3954} INFO - Setting next_dagrun for example_xcom to 2021-01-01 00:00:00+00:00, run_after=2021-01-01 00:00:00+00:00
[2026-05-07T23:22:42.522+0000] {processor.py:183} INFO - Processing /home/airflow/.local/lib/python3.12/site-packages/airflow/example_dags/example_xcom.py took 0.081 seconds
[2026-05-07T23:23:12.598+0000] {processor.py:161} INFO - Started process (PID=8050) to work on /home/airflow/.local/lib/python3.12/site-packages/airflow/example_dags/example_xcom.py
[2026-05-07T23:23:12.600+0000] {processor.py:830} INFO - Processing file /home/airflow/.local/lib/python3.12/site-packages/airflow/example_dags/example_xcom.py for tasks to queue
[2026-05-07T23:23:12.603+0000] {logging_mixin.py:188} INFO - [2026-05-07T23:23:12.602+0000] {dagbag.py:545} INFO - Filling up the DagBag from /home/airflow/.local/lib/python3.12/site-packages/airflow/example_dags/example_xcom.py
[2026-05-07T23:23:12.614+0000] {processor.py:840} INFO - DAG(s) 'example_xcom' retrieved from /home/airflow/.local/lib/python3.12/site-packages/airflow/example_dags/example_xcom.py
[2026-05-07T23:23:12.643+0000] {logging_mixin.py:188} INFO - [2026-05-07T23:23:12.642+0000] {dag.py:3096} INFO - Sync 1 DAGs
[2026-05-07T23:23:12.674+0000] {logging_mixin.py:188} INFO - [2026-05-07T23:23:12.673+0000] {dag.py:3954} INFO - Setting next_dagrun for example_xcom to 2021-01-01 00:00:00+00:00, run_after=2021-01-01 00:00:00+00:00
[2026-05-07T23:23:12.703+0000] {processor.py:183} INFO - Processing /home/airflow/.local/lib/python3.12/site-packages/airflow/example_dags/example_xcom.py took 0.114 seconds
[2026-05-07T23:23:42.772+0000] {processor.py:161} INFO - Started process (PID=8108) to work on /home/airflow/.local/lib/python3.12/site-packages/airflow/example_dags/example_xcom.py
[2026-05-07T23:23:42.773+0000] {processor.py:830} INFO - Processing file /home/airflow/.local/lib/python3.12/site-packages/airflow/example_dags/example_xcom.py for tasks to queue
[2026-05-07T23:23:42.775+0000] {logging_mixin.py:188} INFO - [2026-05-07T23:23:42.774+0000] {dagbag.py:545} INFO - Filling up the DagBag from /home/airflow/.local/lib/python3.12/site-packages/airflow/example_dags/example_xcom.py
[2026-05-07T23:23:42.782+0000] {processor.py:840} INFO - DAG(s) 'example_xcom' retrieved from /home/airflow/.local/lib/python3.12/site-packages/airflow/example_dags/example_xcom.py
[2026-05-07T23:23:42.803+0000] {logging_mixin.py:188} INFO - [2026-05-07T23:23:42.803+0000] {dag.py:3096} INFO - Sync 1 DAGs
[2026-05-07T23:23:42.822+0000] {logging_mixin.py:188} INFO - [2026-05-07T23:23:42.822+0000] {dag.py:3954} INFO - Setting next_dagrun for example_xcom to 2021-01-01 00:00:00+00:00, run_after=2021-01-01 00:00:00+00:00
[2026-05-07T23:23:42.845+0000] {processor.py:183} INFO - Processing /home/airflow/.local/lib/python3.12/site-packages/airflow/example_dags/example_xcom.py took 0.079 seconds
[2026-05-07T23:24:13.038+0000] {processor.py:161} INFO - Started process (PID=8166) to work on /home/airflow/.local/lib/python3.12/site-packages/airflow/example_dags/example_xcom.py
[2026-05-07T23:24:13.039+0000] {processor.py:830} INFO - Processing file /home/airflow/.local/lib/python3.12/site-packages/airflow/example_dags/example_xcom.py for tasks to queue
[2026-05-07T23:24:13.041+0000] {logging_mixin.py:188} INFO - [2026-05-07T23:24:13.041+0000] {dagbag.py:545} INFO - Filling up the DagBag from /home/airflow/.local/lib/python3.12/site-packages/airflow/example_dags/example_xcom.py
[2026-05-07T23:24:13.048+0000] {processor.py:840} INFO - DAG(s) 'example_xcom' retrieved from /home/airflow/.local/lib/python3.12/site-packages/airflow/example_dags/example_xcom.py
[2026-05-07T23:24:13.068+0000] {logging_mixin.py:188} INFO - [2026-05-07T23:24:13.068+0000] {dag.py:3096} INFO - Sync 1 DAGs
[2026-05-07T23:24:13.088+0000] {logging_mixin.py:188} INFO - [2026-05-07T23:24:13.088+0000] {dag.py:3954} INFO - Setting next_dagrun for example_xcom to 2021-01-01 00:00:00+00:00, run_after=2021-01-01 00:00:00+00:00
[2026-05-07T23:24:13.108+0000] {processor.py:183} INFO - Processing /home/airflow/.local/lib/python3.12/site-packages/airflow/example_dags/example_xcom.py took 0.075 seconds
[2026-05-07T23:24:43.426+0000] {processor.py:161} INFO - Started process (PID=8224) to work on /home/airflow/.local/lib/python3.12/site-packages/airflow/example_dags/example_xcom.py
[2026-05-07T23:24:43.427+0000] {processor.py:830} INFO - Processing file /home/airflow/.local/lib/python3.12/site-packages/airflow/example_dags/example_xcom.py for tasks to queue
[2026-05-07T23:24:43.430+0000] {logging_mixin.py:188} INFO - [2026-05-07T23:24:43.429+0000] {dagbag.py:545} INFO - Filling up the DagBag from /home/airflow/.local/lib/python3.12/site-packages/airflow/example_dags/example_xcom.py
[2026-05-07T23:24:43.438+0000] {processor.py:840} INFO - DAG(s) 'example_xcom' retrieved from /home/airflow/.local/lib/python3.12/site-packages/airflow/example_dags/example_xcom.py
[2026-05-07T23:24:43.462+0000] {logging_mixin.py:188} INFO - [2026-05-07T23:24:43.461+0000] {dag.py:3096} INFO - Sync 1 DAGs
[2026-05-07T23:24:43.481+0000] {logging_mixin.py:188} INFO - [2026-05-07T23:24:43.481+0000] {dag.py:3954} INFO - Setting next_dagrun for example_xcom to 2021-01-01 00:00:00+00:00, run_after=2021-01-01 00:00:00+00:00
[2026-05-07T23:24:43.502+0000] {processor.py:183} INFO - Processing /home/airflow/.local/lib/python3.12/site-packages/airflow/example_dags/example_xcom.py took 0.081 seconds
[2026-05-07T23:25:13.963+0000] {processor.py:161} INFO - Started process (PID=8282) to work on /home/airflow/.local/lib/python3.12/site-packages/airflow/example_dags/example_xcom.py
[2026-05-07T23:25:13.965+0000] {processor.py:830} INFO - Processing file /home/airflow/.local/lib/python3.12/site-packages/airflow/example_dags/example_xcom.py for tasks to queue
[2026-05-07T23:25:13.966+0000] {logging_mixin.py:188} INFO - [2026-05-07T23:25:13.966+0000] {dagbag.py:545} INFO - Filling up the DagBag from /home/airflow/.local/lib/python3.12/site-packages/airflow/example_dags/example_xcom.py
[2026-05-07T23:25:13.973+0000] {processor.py:840} INFO - DAG(s) 'example_xcom' retrieved from /home/airflow/.local/lib/python3.12/site-packages/airflow/example_dags/example_xcom.py
[2026-05-07T23:25:13.994+0000] {logging_mixin.py:188} INFO - [2026-05-07T23:25:13.994+0000] {dag.py:3096} INFO - Sync 1 DAGs
[2026-05-07T23:25:14.017+0000] {logging_mixin.py:188} INFO - [2026-05-07T23:25:14.017+0000] {dag.py:3954} INFO - Setting next_dagrun for example_xcom to 2021-01-01 00:00:00+00:00, run_after=2021-01-01 00:00:00+00:00
[2026-05-07T23:25:14.037+0000] {processor.py:183} INFO - Processing /home/airflow/.local/lib/python3.12/site-packages/airflow/example_dags/example_xcom.py took 0.080 seconds
[2026-05-07T23:25:44.119+0000] {processor.py:161} INFO - Started process (PID=8340) to work on /home/airflow/.local/lib/python3.12/site-packages/airflow/example_dags/example_xcom.py
[2026-05-07T23:25:44.120+0000] {processor.py:830} INFO - Processing file /home/airflow/.local/lib/python3.12/site-packages/airflow/example_dags/example_xcom.py for tasks to queue
[2026-05-07T23:25:44.123+0000] {logging_mixin.py:188} INFO - [2026-05-07T23:25:44.122+0000] {dagbag.py:545} INFO - Filling up the DagBag from /home/airflow/.local/lib/python3.12/site-packages/airflow/example_dags/example_xcom.py
[2026-05-07T23:25:44.132+0000] {processor.py:840} INFO - DAG(s) 'example_xcom' retrieved from /home/airflow/.local/lib/python3.12/site-packages/airflow/example_dags/example_xcom.py
[2026-05-07T23:25:44.151+0000] {logging_mixin.py:188} INFO - [2026-05-07T23:25:44.151+0000] {dag.py:3096} INFO - Sync 1 DAGs
[2026-05-07T23:25:44.171+0000] {logging_mixin.py:188} INFO - [2026-05-07T23:25:44.171+0000] {dag.py:3954} INFO - Setting next_dagrun for example_xcom to 2021-01-01 00:00:00+00:00, run_after=2021-01-01 00:00:00+00:00
[2026-05-07T23:25:44.191+0000] {processor.py:183} INFO - Processing /home/airflow/.local/lib/python3.12/site-packages/airflow/example_dags/example_xcom.py took 0.080 seconds
[2026-05-07T23:26:14.454+0000] {processor.py:161} INFO - Started process (PID=8398) to work on /home/airflow/.local/lib/python3.12/site-packages/airflow/example_dags/example_xcom.py
[2026-05-07T23:26:14.455+0000] {processor.py:830} INFO - Processing file /home/airflow/.local/lib/python3.12/site-packages/airflow/example_dags/example_xcom.py for tasks to queue
[2026-05-07T23:26:14.457+0000] {logging_mixin.py:188} INFO - [2026-05-07T23:26:14.457+0000] {dagbag.py:545} INFO - Filling up the DagBag from /home/airflow/.local/lib/python3.12/site-packages/airflow/example_dags/example_xcom.py
[2026-05-07T23:26:14.464+0000] {processor.py:840} INFO - DAG(s) 'example_xcom' retrieved from /home/airflow/.local/lib/python3.12/site-packages/airflow/example_dags/example_xcom.py
[2026-05-07T23:26:14.484+0000] {logging_mixin.py:188} INFO - [2026-05-07T23:26:14.484+0000] {dag.py:3096} INFO - Sync 1 DAGs
[2026-05-07T23:26:14.504+0000] {logging_mixin.py:188} INFO - [2026-05-07T23:26:14.503+0000] {dag.py:3954} INFO - Setting next_dagrun for example_xcom to 2021-01-01 00:00:00+00:00, run_after=2021-01-01 00:00:00+00:00
[2026-05-07T23:26:14.522+0000] {processor.py:183} INFO - Processing /home/airflow/.local/lib/python3.12/site-packages/airflow/example_dags/example_xcom.py took 0.073 seconds
[2026-05-07T23:26:45.140+0000] {processor.py:161} INFO - Started process (PID=8454) to work on /home/airflow/.local/lib/python3.12/site-packages/airflow/example_dags/example_xcom.py
[2026-05-07T23:26:45.141+0000] {processor.py:830} INFO - Processing file /home/airflow/.local/lib/python3.12/site-packages/airflow/example_dags/example_xcom.py for tasks to queue
[2026-05-07T23:26:45.143+0000] {logging_mixin.py:188} INFO - [2026-05-07T23:26:45.143+0000] {dagbag.py:545} INFO - Filling up the DagBag from /home/airflow/.local/lib/python3.12/site-packages/airflow/example_dags/example_xcom.py
[2026-05-07T23:26:45.151+0000] {processor.py:840} INFO - DAG(s) 'example_xcom' retrieved from /home/airflow/.local/lib/python3.12/site-packages/airflow/example_dags/example_xcom.py
[2026-05-07T23:26:45.170+0000] {logging_mixin.py:188} INFO - [2026-05-07T23:26:45.169+0000] {dag.py:3096} INFO - Sync 1 DAGs
[2026-05-07T23:26:45.190+0000] {logging_mixin.py:188} INFO - [2026-05-07T23:26:45.189+0000] {dag.py:3954} INFO - Setting next_dagrun for example_xcom to 2021-01-01 00:00:00+00:00, run_after=2021-01-01 00:00:00+00:00
[2026-05-07T23:26:45.210+0000] {processor.py:183} INFO - Processing /home/airflow/.local/lib/python3.12/site-packages/airflow/example_dags/example_xcom.py took 0.075 seconds
[2026-05-07T23:27:15.569+0000] {processor.py:161} INFO - Started process (PID=8513) to work on /home/airflow/.local/lib/python3.12/site-packages/airflow/example_dags/example_xcom.py
[2026-05-07T23:27:15.571+0000] {processor.py:830} INFO - Processing file /home/airflow/.local/lib/python3.12/site-packages/airflow/example_dags/example_xcom.py for tasks to queue
[2026-05-07T23:27:15.574+0000] {logging_mixin.py:188} INFO - [2026-05-07T23:27:15.573+0000] {dagbag.py:545} INFO - Filling up the DagBag from /home/airflow/.local/lib/python3.12/site-packages/airflow/example_dags/example_xcom.py
[2026-05-07T23:27:15.581+0000] {processor.py:840} INFO - DAG(s) 'example_xcom' retrieved from /home/airflow/.local/lib/python3.12/site-packages/airflow/example_dags/example_xcom.py
[2026-05-07T23:27:15.602+0000] {logging_mixin.py:188} INFO - [2026-05-07T23:27:15.601+0000] {dag.py:3096} INFO - Sync 1 DAGs
[2026-05-07T23:27:15.622+0000] {logging_mixin.py:188} INFO - [2026-05-07T23:27:15.622+0000] {dag.py:3954} INFO - Setting next_dagrun for example_xcom to 2021-01-01 00:00:00+00:00, run_after=2021-01-01 00:00:00+00:00
[2026-05-07T23:27:15.644+0000] {processor.py:183} INFO - Processing /home/airflow/.local/lib/python3.12/site-packages/airflow/example_dags/example_xcom.py took 0.080 seconds
[2026-05-07T23:27:45.983+0000] {processor.py:161} INFO - Started process (PID=8570) to work on /home/airflow/.local/lib/python3.12/site-packages/airflow/example_dags/example_xcom.py
[2026-05-07T23:27:45.985+0000] {processor.py:830} INFO - Processing file /home/airflow/.local/lib/python3.12/site-packages/airflow/example_dags/example_xcom.py for tasks to queue
[2026-05-07T23:27:45.987+0000] {logging_mixin.py:188} INFO - [2026-05-07T23:27:45.987+0000] {dagbag.py:545} INFO - Filling up the DagBag from /home/airflow/.local/lib/python3.12/site-packages/airflow/example_dags/example_xcom.py
[2026-05-07T23:27:45.995+0000] {processor.py:840} INFO - DAG(s) 'example_xcom' retrieved from /home/airflow/.local/lib/python3.12/site-packages/airflow/example_dags/example_xcom.py
[2026-05-07T23:27:46.015+0000] {logging_mixin.py:188} INFO - [2026-05-07T23:27:46.014+0000] {dag.py:3096} INFO - Sync 1 DAGs
[2026-05-07T23:27:46.034+0000] {logging_mixin.py:188} INFO - [2026-05-07T23:27:46.034+0000] {dag.py:3954} INFO - Setting next_dagrun for example_xcom to 2021-01-01 00:00:00+00:00, run_after=2021-01-01 00:00:00+00:00
[2026-05-07T23:27:46.055+0000] {processor.py:183} INFO - Processing /home/airflow/.local/lib/python3.12/site-packages/airflow/example_dags/example_xcom.py took 0.077 seconds
[2026-05-07T23:28:16.402+0000] {processor.py:161} INFO - Started process (PID=8628) to work on /home/airflow/.local/lib/python3.12/site-packages/airflow/example_dags/example_xcom.py
[2026-05-07T23:28:16.404+0000] {processor.py:830} INFO - Processing file /home/airflow/.local/lib/python3.12/site-packages/airflow/example_dags/example_xcom.py for tasks to queue
[2026-05-07T23:28:16.405+0000] {logging_mixin.py:188} INFO - [2026-05-07T23:28:16.405+0000] {dagbag.py:545} INFO - Filling up the DagBag from /home/airflow/.local/lib/python3.12/site-packages/airflow/example_dags/example_xcom.py
[2026-05-07T23:28:16.412+0000] {processor.py:840} INFO - DAG(s) 'example_xcom' retrieved from /home/airflow/.local/lib/python3.12/site-packages/airflow/example_dags/example_xcom.py
[2026-05-07T23:28:16.433+0000] {logging_mixin.py:188} INFO - [2026-05-07T23:28:16.433+0000] {dag.py:3096} INFO - Sync 1 DAGs
[2026-05-07T23:28:16.453+0000] {logging_mixin.py:188} INFO - [2026-05-07T23:28:16.453+0000] {dag.py:3954} INFO - Setting next_dagrun for example_xcom to 2021-01-01 00:00:00+00:00, run_after=2021-01-01 00:00:00+00:00
[2026-05-07T23:28:16.476+0000] {processor.py:183} INFO - Processing /home/airflow/.local/lib/python3.12/site-packages/airflow/example_dags/example_xcom.py took 0.079 seconds
[2026-05-07T23:28:46.648+0000] {processor.py:161} INFO - Started process (PID=8685) to work on /home/airflow/.local/lib/python3.12/site-packages/airflow/example_dags/example_xcom.py
[2026-05-07T23:28:46.654+0000] {processor.py:830} INFO - Processing file /home/airflow/.local/lib/python3.12/site-packages/airflow/example_dags/example_xcom.py for tasks to queue
[2026-05-07T23:28:46.659+0000] {logging_mixin.py:188} INFO - [2026-05-07T23:28:46.658+0000] {dagbag.py:545} INFO - Filling up the DagBag from /home/airflow/.local/lib/python3.12/site-packages/airflow/example_dags/example_xcom.py
[2026-05-07T23:28:46.677+0000] {processor.py:840} INFO - DAG(s) 'example_xcom' retrieved from /home/airflow/.local/lib/python3.12/site-packages/airflow/example_dags/example_xcom.py
[2026-05-07T23:28:46.732+0000] {logging_mixin.py:188} INFO - [2026-05-07T23:28:46.731+0000] {dag.py:3096} INFO - Sync 1 DAGs
[2026-05-07T23:28:46.787+0000] {logging_mixin.py:188} INFO - [2026-05-07T23:28:46.786+0000] {dag.py:3954} INFO - Setting next_dagrun for example_xcom to 2021-01-01 00:00:00+00:00, run_after=2021-01-01 00:00:00+00:00
[2026-05-07T23:28:46.833+0000] {processor.py:183} INFO - Processing /home/airflow/.local/lib/python3.12/site-packages/airflow/example_dags/example_xcom.py took 0.201 seconds
[2026-05-07T23:29:17.001+0000] {processor.py:161} INFO - Started process (PID=8742) to work on /home/airflow/.local/lib/python3.12/site-packages/airflow/example_dags/example_xcom.py
[2026-05-07T23:29:17.003+0000] {processor.py:830} INFO - Processing file /home/airflow/.local/lib/python3.12/site-packages/airflow/example_dags/example_xcom.py for tasks to queue
[2026-05-07T23:29:17.005+0000] {logging_mixin.py:188} INFO - [2026-05-07T23:29:17.005+0000] {dagbag.py:545} INFO - Filling up the DagBag from /home/airflow/.local/lib/python3.12/site-packages/airflow/example_dags/example_xcom.py
[2026-05-07T23:29:17.014+0000] {processor.py:840} INFO - DAG(s) 'example_xcom' retrieved from /home/airflow/.local/lib/python3.12/site-packages/airflow/example_dags/example_xcom.py
[2026-05-07T23:29:17.034+0000] {logging_mixin.py:188} INFO - [2026-05-07T23:29:17.034+0000] {dag.py:3096} INFO - Sync 1 DAGs
[2026-05-07T23:29:17.056+0000] {logging_mixin.py:188} INFO - [2026-05-07T23:29:17.056+0000] {dag.py:3954} INFO - Setting next_dagrun for example_xcom to 2021-01-01 00:00:00+00:00, run_after=2021-01-01 00:00:00+00:00
[2026-05-07T23:29:17.079+0000] {processor.py:183} INFO - Processing /home/airflow/.local/lib/python3.12/site-packages/airflow/example_dags/example_xcom.py took 0.088 seconds
[2026-05-07T23:29:47.368+0000] {processor.py:161} INFO - Started process (PID=8800) to work on /home/airflow/.local/lib/python3.12/site-packages/airflow/example_dags/example_xcom.py
[2026-05-07T23:29:47.369+0000] {processor.py:830} INFO - Processing file /home/airflow/.local/lib/python3.12/site-packages/airflow/example_dags/example_xcom.py for tasks to queue
[2026-05-07T23:29:47.371+0000] {logging_mixin.py:188} INFO - [2026-05-07T23:29:47.370+0000] {dagbag.py:545} INFO - Filling up the DagBag from /home/airflow/.local/lib/python3.12/site-packages/airflow/example_dags/example_xcom.py
[2026-05-07T23:29:47.378+0000] {processor.py:840} INFO - DAG(s) 'example_xcom' retrieved from /home/airflow/.local/lib/python3.12/site-packages/airflow/example_dags/example_xcom.py
[2026-05-07T23:29:47.398+0000] {logging_mixin.py:188} INFO - [2026-05-07T23:29:47.398+0000] {dag.py:3096} INFO - Sync 1 DAGs
[2026-05-07T23:29:47.416+0000] {logging_mixin.py:188} INFO - [2026-05-07T23:29:47.416+0000] {dag.py:3954} INFO - Setting next_dagrun for example_xcom to 2021-01-01 00:00:00+00:00, run_after=2021-01-01 00:00:00+00:00
[2026-05-07T23:29:47.435+0000] {processor.py:183} INFO - Processing /home/airflow/.local/lib/python3.12/site-packages/airflow/example_dags/example_xcom.py took 0.072 seconds
[2026-05-07T23:30:18.090+0000] {processor.py:161} INFO - Started process (PID=8858) to work on /home/airflow/.local/lib/python3.12/site-packages/airflow/example_dags/example_xcom.py
[2026-05-07T23:30:18.091+0000] {processor.py:830} INFO - Processing file /home/airflow/.local/lib/python3.12/site-packages/airflow/example_dags/example_xcom.py for tasks to queue
[2026-05-07T23:30:18.094+0000] {logging_mixin.py:188} INFO - [2026-05-07T23:30:18.094+0000] {dagbag.py:545} INFO - Filling up the DagBag from /home/airflow/.local/lib/python3.12/site-packages/airflow/example_dags/example_xcom.py
[2026-05-07T23:30:18.102+0000] {processor.py:840} INFO - DAG(s) 'example_xcom' retrieved from /home/airflow/.local/lib/python3.12/site-packages/airflow/example_dags/example_xcom.py
[2026-05-07T23:30:18.124+0000] {logging_mixin.py:188} INFO - [2026-05-07T23:30:18.124+0000] {dag.py:3096} INFO - Sync 1 DAGs
[2026-05-07T23:30:18.145+0000] {logging_mixin.py:188} INFO - [2026-05-07T23:30:18.145+0000] {dag.py:3954} INFO - Setting next_dagrun for example_xcom to 2021-01-01 00:00:00+00:00, run_after=2021-01-01 00:00:00+00:00
[2026-05-07T23:30:18.168+0000] {processor.py:183} INFO - Processing /home/airflow/.local/lib/python3.12/site-packages/airflow/example_dags/example_xcom.py took 0.083 seconds
[2026-05-07T23:30:48.244+0000] {processor.py:161} INFO - Started process (PID=8916) to work on /home/airflow/.local/lib/python3.12/site-packages/airflow/example_dags/example_xcom.py
[2026-05-07T23:30:48.245+0000] {processor.py:830} INFO - Processing file /home/airflow/.local/lib/python3.12/site-packages/airflow/example_dags/example_xcom.py for tasks to queue
[2026-05-07T23:30:48.247+0000] {logging_mixin.py:188} INFO - [2026-05-07T23:30:48.247+0000] {dagbag.py:545} INFO - Filling up the DagBag from /home/airflow/.local/lib/python3.12/site-packages/airflow/example_dags/example_xcom.py
[2026-05-07T23:30:48.255+0000] {processor.py:840} INFO - DAG(s) 'example_xcom' retrieved from /home/airflow/.local/lib/python3.12/site-packages/airflow/example_dags/example_xcom.py
[2026-05-07T23:30:48.277+0000] {logging_mixin.py:188} INFO - [2026-05-07T23:30:48.277+0000] {dag.py:3096} INFO - Sync 1 DAGs
[2026-05-07T23:30:48.296+0000] {logging_mixin.py:188} INFO - [2026-05-07T23:30:48.296+0000] {dag.py:3954} INFO - Setting next_dagrun for example_xcom to 2021-01-01 00:00:00+00:00, run_after=2021-01-01 00:00:00+00:00
[2026-05-07T23:30:48.316+0000] {processor.py:183} INFO - Processing /home/airflow/.local/lib/python3.12/site-packages/airflow/example_dags/example_xcom.py took 0.078 seconds
[2026-05-07T23:31:18.718+0000] {processor.py:161} INFO - Started process (PID=8974) to work on /home/airflow/.local/lib/python3.12/site-packages/airflow/example_dags/example_xcom.py
[2026-05-07T23:31:18.720+0000] {processor.py:830} INFO - Processing file /home/airflow/.local/lib/python3.12/site-packages/airflow/example_dags/example_xcom.py for tasks to queue
[2026-05-07T23:31:18.722+0000] {logging_mixin.py:188} INFO - [2026-05-07T23:31:18.722+0000] {dagbag.py:545} INFO - Filling up the DagBag from /home/airflow/.local/lib/python3.12/site-packages/airflow/example_dags/example_xcom.py
[2026-05-07T23:31:18.729+0000] {processor.py:840} INFO - DAG(s) 'example_xcom' retrieved from /home/airflow/.local/lib/python3.12/site-packages/airflow/example_dags/example_xcom.py
[2026-05-07T23:31:18.749+0000] {logging_mixin.py:188} INFO - [2026-05-07T23:31:18.748+0000] {dag.py:3096} INFO - Sync 1 DAGs
[2026-05-07T23:31:18.767+0000] {logging_mixin.py:188} INFO - [2026-05-07T23:31:18.766+0000] {dag.py:3954} INFO - Setting next_dagrun for example_xcom to 2021-01-01 00:00:00+00:00, run_after=2021-01-01 00:00:00+00:00
[2026-05-07T23:31:18.789+0000] {processor.py:183} INFO - Processing /home/airflow/.local/lib/python3.12/site-packages/airflow/example_dags/example_xcom.py took 0.076 seconds
[2026-05-07T23:31:48.934+0000] {processor.py:161} INFO - Started process (PID=9032) to work on /home/airflow/.local/lib/python3.12/site-packages/airflow/example_dags/example_xcom.py
[2026-05-07T23:31:48.935+0000] {processor.py:830} INFO - Processing file /home/airflow/.local/lib/python3.12/site-packages/airflow/example_dags/example_xcom.py for tasks to queue
[2026-05-07T23:31:48.937+0000] {logging_mixin.py:188} INFO - [2026-05-07T23:31:48.937+0000] {dagbag.py:545} INFO - Filling up the DagBag from /home/airflow/.local/lib/python3.12/site-packages/airflow/example_dags/example_xcom.py
[2026-05-07T23:31:48.945+0000] {processor.py:840} INFO - DAG(s) 'example_xcom' retrieved from /home/airflow/.local/lib/python3.12/site-packages/airflow/example_dags/example_xcom.py
[2026-05-07T23:31:48.966+0000] {logging_mixin.py:188} INFO - [2026-05-07T23:31:48.965+0000] {dag.py:3096} INFO - Sync 1 DAGs
[2026-05-07T23:31:48.988+0000] {logging_mixin.py:188} INFO - [2026-05-07T23:31:48.988+0000] {dag.py:3954} INFO - Setting next_dagrun for example_xcom to 2021-01-01 00:00:00+00:00, run_after=2021-01-01 00:00:00+00:00
[2026-05-07T23:31:49.029+0000] {processor.py:183} INFO - Processing /home/airflow/.local/lib/python3.12/site-packages/airflow/example_dags/example_xcom.py took 0.100 seconds
[2026-05-07T23:32:19.323+0000] {processor.py:161} INFO - Started process (PID=9090) to work on /home/airflow/.local/lib/python3.12/site-packages/airflow/example_dags/example_xcom.py
[2026-05-07T23:32:19.325+0000] {processor.py:830} INFO - Processing file /home/airflow/.local/lib/python3.12/site-packages/airflow/example_dags/example_xcom.py for tasks to queue
[2026-05-07T23:32:19.327+0000] {logging_mixin.py:188} INFO - [2026-05-07T23:32:19.327+0000] {dagbag.py:545} INFO - Filling up the DagBag from /home/airflow/.local/lib/python3.12/site-packages/airflow/example_dags/example_xcom.py
[2026-05-07T23:32:19.336+0000] {processor.py:840} INFO - DAG(s) 'example_xcom' retrieved from /home/airflow/.local/lib/python3.12/site-packages/airflow/example_dags/example_xcom.py
[2026-05-07T23:32:19.358+0000] {logging_mixin.py:188} INFO - [2026-05-07T23:32:19.358+0000] {dag.py:3096} INFO - Sync 1 DAGs
[2026-05-07T23:32:19.381+0000] {logging_mixin.py:188} INFO - [2026-05-07T23:32:19.381+0000] {dag.py:3954} INFO - Setting next_dagrun for example_xcom to 2021-01-01 00:00:00+00:00, run_after=2021-01-01 00:00:00+00:00
[2026-05-07T23:32:19.404+0000] {processor.py:183} INFO - Processing /home/airflow/.local/lib/python3.12/site-packages/airflow/example_dags/example_xcom.py took 0.086 seconds
[2026-05-07T23:32:49.533+0000] {processor.py:161} INFO - Started process (PID=9148) to work on /home/airflow/.local/lib/python3.12/site-packages/airflow/example_dags/example_xcom.py
[2026-05-07T23:32:49.535+0000] {processor.py:830} INFO - Processing file /home/airflow/.local/lib/python3.12/site-packages/airflow/example_dags/example_xcom.py for tasks to queue
[2026-05-07T23:32:49.537+0000] {logging_mixin.py:188} INFO - [2026-05-07T23:32:49.537+0000] {dagbag.py:545} INFO - Filling up the DagBag from /home/airflow/.local/lib/python3.12/site-packages/airflow/example_dags/example_xcom.py
[2026-05-07T23:32:49.546+0000] {processor.py:840} INFO - DAG(s) 'example_xcom' retrieved from /home/airflow/.local/lib/python3.12/site-packages/airflow/example_dags/example_xcom.py
[2026-05-07T23:32:49.570+0000] {logging_mixin.py:188} INFO - [2026-05-07T23:32:49.570+0000] {dag.py:3096} INFO - Sync 1 DAGs
[2026-05-07T23:32:49.590+0000] {logging_mixin.py:188} INFO - [2026-05-07T23:32:49.590+0000] {dag.py:3954} INFO - Setting next_dagrun for example_xcom to 2021-01-01 00:00:00+00:00, run_after=2021-01-01 00:00:00+00:00
[2026-05-07T23:32:49.611+0000] {processor.py:183} INFO - Processing /home/airflow/.local/lib/python3.12/site-packages/airflow/example_dags/example_xcom.py took 0.088 seconds
[2026-05-07T23:33:19.958+0000] {processor.py:161} INFO - Started process (PID=9206) to work on /home/airflow/.local/lib/python3.12/site-packages/airflow/example_dags/example_xcom.py
[2026-05-07T23:33:19.959+0000] {processor.py:830} INFO - Processing file /home/airflow/.local/lib/python3.12/site-packages/airflow/example_dags/example_xcom.py for tasks to queue
[2026-05-07T23:33:19.962+0000] {logging_mixin.py:188} INFO - [2026-05-07T23:33:19.962+0000] {dagbag.py:545} INFO - Filling up the DagBag from /home/airflow/.local/lib/python3.12/site-packages/airflow/example_dags/example_xcom.py
[2026-05-07T23:33:19.971+0000] {processor.py:840} INFO - DAG(s) 'example_xcom' retrieved from /home/airflow/.local/lib/python3.12/site-packages/airflow/example_dags/example_xcom.py
[2026-05-07T23:33:19.992+0000] {logging_mixin.py:188} INFO - [2026-05-07T23:33:19.992+0000] {dag.py:3096} INFO - Sync 1 DAGs
[2026-05-07T23:33:20.013+0000] {logging_mixin.py:188} INFO - [2026-05-07T23:33:20.013+0000] {dag.py:3954} INFO - Setting next_dagrun for example_xcom to 2021-01-01 00:00:00+00:00, run_after=2021-01-01 00:00:00+00:00
[2026-05-07T23:33:20.032+0000] {processor.py:183} INFO - Processing /home/airflow/.local/lib/python3.12/site-packages/airflow/example_dags/example_xcom.py took 0.079 seconds
[2026-05-07T23:33:50.379+0000] {processor.py:161} INFO - Started process (PID=9264) to work on /home/airflow/.local/lib/python3.12/site-packages/airflow/example_dags/example_xcom.py
[2026-05-07T23:33:50.381+0000] {processor.py:830} INFO - Processing file /home/airflow/.local/lib/python3.12/site-packages/airflow/example_dags/example_xcom.py for tasks to queue
[2026-05-07T23:33:50.384+0000] {logging_mixin.py:188} INFO - [2026-05-07T23:33:50.384+0000] {dagbag.py:545} INFO - Filling up the DagBag from /home/airflow/.local/lib/python3.12/site-packages/airflow/example_dags/example_xcom.py
[2026-05-07T23:33:50.396+0000] {processor.py:840} INFO - DAG(s) 'example_xcom' retrieved from /home/airflow/.local/lib/python3.12/site-packages/airflow/example_dags/example_xcom.py
[2026-05-07T23:33:50.424+0000] {logging_mixin.py:188} INFO - [2026-05-07T23:33:50.424+0000] {dag.py:3096} INFO - Sync 1 DAGs
[2026-05-07T23:33:50.455+0000] {logging_mixin.py:188} INFO - [2026-05-07T23:33:50.455+0000] {dag.py:3954} INFO - Setting next_dagrun for example_xcom to 2021-01-01 00:00:00+00:00, run_after=2021-01-01 00:00:00+00:00
[2026-05-07T23:33:50.498+0000] {processor.py:183} INFO - Processing /home/airflow/.local/lib/python3.12/site-packages/airflow/example_dags/example_xcom.py took 0.125 seconds
[2026-05-07T23:34:21.544+0000] {processor.py:161} INFO - Started process (PID=9322) to work on /home/airflow/.local/lib/python3.12/site-packages/airflow/example_dags/example_xcom.py
[2026-05-07T23:34:21.546+0000] {processor.py:830} INFO - Processing file /home/airflow/.local/lib/python3.12/site-packages/airflow/example_dags/example_xcom.py for tasks to queue
[2026-05-07T23:34:21.550+0000] {logging_mixin.py:188} INFO - [2026-05-07T23:34:21.549+0000] {dagbag.py:545} INFO - Filling up the DagBag from /home/airflow/.local/lib/python3.12/site-packages/airflow/example_dags/example_xcom.py
[2026-05-07T23:34:21.560+0000] {processor.py:840} INFO - DAG(s) 'example_xcom' retrieved from /home/airflow/.local/lib/python3.12/site-packages/airflow/example_dags/example_xcom.py
[2026-05-07T23:34:21.596+0000] {logging_mixin.py:188} INFO - [2026-05-07T23:34:21.595+0000] {dag.py:3096} INFO - Sync 1 DAGs
[2026-05-07T23:34:21.625+0000] {logging_mixin.py:188} INFO - [2026-05-07T23:34:21.624+0000] {dag.py:3954} INFO - Setting next_dagrun for example_xcom to 2021-01-01 00:00:00+00:00, run_after=2021-01-01 00:00:00+00:00
[2026-05-07T23:34:21.655+0000] {processor.py:183} INFO - Processing /home/airflow/.local/lib/python3.12/site-packages/airflow/example_dags/example_xcom.py took 0.122 seconds
[2026-05-07T23:34:51.767+0000] {processor.py:161} INFO - Started process (PID=9380) to work on /home/airflow/.local/lib/python3.12/site-packages/airflow/example_dags/example_xcom.py
[2026-05-07T23:34:51.769+0000] {processor.py:830} INFO - Processing file /home/airflow/.local/lib/python3.12/site-packages/airflow/example_dags/example_xcom.py for tasks to queue
[2026-05-07T23:34:51.771+0000] {logging_mixin.py:188} INFO - [2026-05-07T23:34:51.771+0000] {dagbag.py:545} INFO - Filling up the DagBag from /home/airflow/.local/lib/python3.12/site-packages/airflow/example_dags/example_xcom.py
[2026-05-07T23:34:51.780+0000] {processor.py:840} INFO - DAG(s) 'example_xcom' retrieved from /home/airflow/.local/lib/python3.12/site-packages/airflow/example_dags/example_xcom.py
[2026-05-07T23:34:51.801+0000] {logging_mixin.py:188} INFO - [2026-05-07T23:34:51.800+0000] {dag.py:3096} INFO - Sync 1 DAGs
[2026-05-07T23:34:51.821+0000] {logging_mixin.py:188} INFO - [2026-05-07T23:34:51.821+0000] {dag.py:3954} INFO - Setting next_dagrun for example_xcom to 2021-01-01 00:00:00+00:00, run_after=2021-01-01 00:00:00+00:00
[2026-05-07T23:34:51.841+0000] {processor.py:183} INFO - Processing /home/airflow/.local/lib/python3.12/site-packages/airflow/example_dags/example_xcom.py took 0.078 seconds
[2026-05-07T23:35:21.954+0000] {processor.py:161} INFO - Started process (PID=9438) to work on /home/airflow/.local/lib/python3.12/site-packages/airflow/example_dags/example_xcom.py
[2026-05-07T23:35:21.955+0000] {processor.py:830} INFO - Processing file /home/airflow/.local/lib/python3.12/site-packages/airflow/example_dags/example_xcom.py for tasks to queue
[2026-05-07T23:35:21.957+0000] {logging_mixin.py:188} INFO - [2026-05-07T23:35:21.957+0000] {dagbag.py:545} INFO - Filling up the DagBag from /home/airflow/.local/lib/python3.12/site-packages/airflow/example_dags/example_xcom.py
[2026-05-07T23:35:21.966+0000] {processor.py:840} INFO - DAG(s) 'example_xcom' retrieved from /home/airflow/.local/lib/python3.12/site-packages/airflow/example_dags/example_xcom.py
[2026-05-07T23:35:21.985+0000] {logging_mixin.py:188} INFO - [2026-05-07T23:35:21.985+0000] {dag.py:3096} INFO - Sync 1 DAGs
[2026-05-07T23:35:22.004+0000] {logging_mixin.py:188} INFO - [2026-05-07T23:35:22.004+0000] {dag.py:3954} INFO - Setting next_dagrun for example_xcom to 2021-01-01 00:00:00+00:00, run_after=2021-01-01 00:00:00+00:00
[2026-05-07T23:35:22.025+0000] {processor.py:183} INFO - Processing /home/airflow/.local/lib/python3.12/site-packages/airflow/example_dags/example_xcom.py took 0.075 seconds
[2026-05-07T23:35:52.289+0000] {processor.py:161} INFO - Started process (PID=9496) to work on /home/airflow/.local/lib/python3.12/site-packages/airflow/example_dags/example_xcom.py
[2026-05-07T23:35:52.290+0000] {processor.py:830} INFO - Processing file /home/airflow/.local/lib/python3.12/site-packages/airflow/example_dags/example_xcom.py for tasks to queue
[2026-05-07T23:35:52.292+0000] {logging_mixin.py:188} INFO - [2026-05-07T23:35:52.292+0000] {dagbag.py:545} INFO - Filling up the DagBag from /home/airflow/.local/lib/python3.12/site-packages/airflow/example_dags/example_xcom.py
[2026-05-07T23:35:52.300+0000] {processor.py:840} INFO - DAG(s) 'example_xcom' retrieved from /home/airflow/.local/lib/python3.12/site-packages/airflow/example_dags/example_xcom.py
[2026-05-07T23:35:52.322+0000] {logging_mixin.py:188} INFO - [2026-05-07T23:35:52.322+0000] {dag.py:3096} INFO - Sync 1 DAGs
[2026-05-07T23:35:52.342+0000] {logging_mixin.py:188} INFO - [2026-05-07T23:35:52.341+0000] {dag.py:3954} INFO - Setting next_dagrun for example_xcom to 2021-01-01 00:00:00+00:00, run_after=2021-01-01 00:00:00+00:00
[2026-05-07T23:35:52.364+0000] {processor.py:183} INFO - Processing /home/airflow/.local/lib/python3.12/site-packages/airflow/example_dags/example_xcom.py took 0.081 seconds
[2026-05-07T23:36:22.594+0000] {processor.py:161} INFO - Started process (PID=9554) to work on /home/airflow/.local/lib/python3.12/site-packages/airflow/example_dags/example_xcom.py
[2026-05-07T23:36:22.595+0000] {processor.py:830} INFO - Processing file /home/airflow/.local/lib/python3.12/site-packages/airflow/example_dags/example_xcom.py for tasks to queue
[2026-05-07T23:36:22.598+0000] {logging_mixin.py:188} INFO - [2026-05-07T23:36:22.597+0000] {dagbag.py:545} INFO - Filling up the DagBag from /home/airflow/.local/lib/python3.12/site-packages/airflow/example_dags/example_xcom.py
[2026-05-07T23:36:22.606+0000] {processor.py:840} INFO - DAG(s) 'example_xcom' retrieved from /home/airflow/.local/lib/python3.12/site-packages/airflow/example_dags/example_xcom.py
[2026-05-07T23:36:22.629+0000] {logging_mixin.py:188} INFO - [2026-05-07T23:36:22.629+0000] {dag.py:3096} INFO - Sync 1 DAGs
[2026-05-07T23:36:22.649+0000] {logging_mixin.py:188} INFO - [2026-05-07T23:36:22.648+0000] {dag.py:3954} INFO - Setting next_dagrun for example_xcom to 2021-01-01 00:00:00+00:00, run_after=2021-01-01 00:00:00+00:00
[2026-05-07T23:36:22.669+0000] {processor.py:183} INFO - Processing /home/airflow/.local/lib/python3.12/site-packages/airflow/example_dags/example_xcom.py took 0.081 seconds
[2026-05-07T23:36:53.187+0000] {processor.py:161} INFO - Started process (PID=9612) to work on /home/airflow/.local/lib/python3.12/site-packages/airflow/example_dags/example_xcom.py
[2026-05-07T23:36:53.188+0000] {processor.py:830} INFO - Processing file /home/airflow/.local/lib/python3.12/site-packages/airflow/example_dags/example_xcom.py for tasks to queue
[2026-05-07T23:36:53.190+0000] {logging_mixin.py:188} INFO - [2026-05-07T23:36:53.190+0000] {dagbag.py:545} INFO - Filling up the DagBag from /home/airflow/.local/lib/python3.12/site-packages/airflow/example_dags/example_xcom.py
[2026-05-07T23:36:53.198+0000] {processor.py:840} INFO - DAG(s) 'example_xcom' retrieved from /home/airflow/.local/lib/python3.12/site-packages/airflow/example_dags/example_xcom.py
[2026-05-07T23:36:53.218+0000] {logging_mixin.py:188} INFO - [2026-05-07T23:36:53.218+0000] {dag.py:3096} INFO - Sync 1 DAGs
[2026-05-07T23:36:53.239+0000] {logging_mixin.py:188} INFO - [2026-05-07T23:36:53.239+0000] {dag.py:3954} INFO - Setting next_dagrun for example_xcom to 2021-01-01 00:00:00+00:00, run_after=2021-01-01 00:00:00+00:00
[2026-05-07T23:36:53.258+0000] {processor.py:183} INFO - Processing /home/airflow/.local/lib/python3.12/site-packages/airflow/example_dags/example_xcom.py took 0.076 seconds
[2026-05-07T23:37:23.455+0000] {processor.py:161} INFO - Started process (PID=9670) to work on /home/airflow/.local/lib/python3.12/site-packages/airflow/example_dags/example_xcom.py
[2026-05-07T23:37:23.456+0000] {processor.py:830} INFO - Processing file /home/airflow/.local/lib/python3.12/site-packages/airflow/example_dags/example_xcom.py for tasks to queue
[2026-05-07T23:37:23.457+0000] {logging_mixin.py:188} INFO - [2026-05-07T23:37:23.457+0000] {dagbag.py:545} INFO - Filling up the DagBag from /home/airflow/.local/lib/python3.12/site-packages/airflow/example_dags/example_xcom.py
[2026-05-07T23:37:23.465+0000] {processor.py:840} INFO - DAG(s) 'example_xcom' retrieved from /home/airflow/.local/lib/python3.12/site-packages/airflow/example_dags/example_xcom.py
[2026-05-07T23:37:23.485+0000] {logging_mixin.py:188} INFO - [2026-05-07T23:37:23.485+0000] {dag.py:3096} INFO - Sync 1 DAGs
[2026-05-07T23:37:23.507+0000] {logging_mixin.py:188} INFO - [2026-05-07T23:37:23.507+0000] {dag.py:3954} INFO - Setting next_dagrun for example_xcom to 2021-01-01 00:00:00+00:00, run_after=2021-01-01 00:00:00+00:00
[2026-05-07T23:37:23.532+0000] {processor.py:183} INFO - Processing /home/airflow/.local/lib/python3.12/site-packages/airflow/example_dags/example_xcom.py took 0.082 seconds
[2026-05-07T23:37:53.782+0000] {processor.py:161} INFO - Started process (PID=9728) to work on /home/airflow/.local/lib/python3.12/site-packages/airflow/example_dags/example_xcom.py
[2026-05-07T23:37:53.783+0000] {processor.py:830} INFO - Processing file /home/airflow/.local/lib/python3.12/site-packages/airflow/example_dags/example_xcom.py for tasks to queue
[2026-05-07T23:37:53.785+0000] {logging_mixin.py:188} INFO - [2026-05-07T23:37:53.785+0000] {dagbag.py:545} INFO - Filling up the DagBag from /home/airflow/.local/lib/python3.12/site-packages/airflow/example_dags/example_xcom.py
[2026-05-07T23:37:53.794+0000] {processor.py:840} INFO - DAG(s) 'example_xcom' retrieved from /home/airflow/.local/lib/python3.12/site-packages/airflow/example_dags/example_xcom.py
[2026-05-07T23:37:53.814+0000] {logging_mixin.py:188} INFO - [2026-05-07T23:37:53.814+0000] {dag.py:3096} INFO - Sync 1 DAGs
[2026-05-07T23:37:53.834+0000] {logging_mixin.py:188} INFO - [2026-05-07T23:37:53.834+0000] {dag.py:3954} INFO - Setting next_dagrun for example_xcom to 2021-01-01 00:00:00+00:00, run_after=2021-01-01 00:00:00+00:00
[2026-05-07T23:37:53.856+0000] {processor.py:183} INFO - Processing /home/airflow/.local/lib/python3.12/site-packages/airflow/example_dags/example_xcom.py took 0.080 seconds
[2026-05-07T23:38:23.991+0000] {processor.py:161} INFO - Started process (PID=9786) to work on /home/airflow/.local/lib/python3.12/site-packages/airflow/example_dags/example_xcom.py
[2026-05-07T23:38:23.992+0000] {processor.py:830} INFO - Processing file /home/airflow/.local/lib/python3.12/site-packages/airflow/example_dags/example_xcom.py for tasks to queue
[2026-05-07T23:38:23.995+0000] {logging_mixin.py:188} INFO - [2026-05-07T23:38:23.994+0000] {dagbag.py:545} INFO - Filling up the DagBag from /home/airflow/.local/lib/python3.12/site-packages/airflow/example_dags/example_xcom.py
[2026-05-07T23:38:24.003+0000] {processor.py:840} INFO - DAG(s) 'example_xcom' retrieved from /home/airflow/.local/lib/python3.12/site-packages/airflow/example_dags/example_xcom.py
[2026-05-07T23:38:24.023+0000] {logging_mixin.py:188} INFO - [2026-05-07T23:38:24.023+0000] {dag.py:3096} INFO - Sync 1 DAGs
[2026-05-07T23:38:24.044+0000] {logging_mixin.py:188} INFO - [2026-05-07T23:38:24.043+0000] {dag.py:3954} INFO - Setting next_dagrun for example_xcom to 2021-01-01 00:00:00+00:00, run_after=2021-01-01 00:00:00+00:00
[2026-05-07T23:38:24.062+0000] {processor.py:183} INFO - Processing /home/airflow/.local/lib/python3.12/site-packages/airflow/example_dags/example_xcom.py took 0.077 seconds
[2026-05-07T23:38:54.310+0000] {processor.py:161} INFO - Started process (PID=9843) to work on /home/airflow/.local/lib/python3.12/site-packages/airflow/example_dags/example_xcom.py
[2026-05-07T23:38:54.311+0000] {processor.py:830} INFO - Processing file /home/airflow/.local/lib/python3.12/site-packages/airflow/example_dags/example_xcom.py for tasks to queue
[2026-05-07T23:38:54.314+0000] {logging_mixin.py:188} INFO - [2026-05-07T23:38:54.313+0000] {dagbag.py:545} INFO - Filling up the DagBag from /home/airflow/.local/lib/python3.12/site-packages/airflow/example_dags/example_xcom.py
[2026-05-07T23:38:54.323+0000] {processor.py:840} INFO - DAG(s) 'example_xcom' retrieved from /home/airflow/.local/lib/python3.12/site-packages/airflow/example_dags/example_xcom.py
[2026-05-07T23:38:54.345+0000] {logging_mixin.py:188} INFO - [2026-05-07T23:38:54.345+0000] {dag.py:3096} INFO - Sync 1 DAGs
[2026-05-07T23:38:54.365+0000] {logging_mixin.py:188} INFO - [2026-05-07T23:38:54.365+0000] {dag.py:3954} INFO - Setting next_dagrun for example_xcom to 2021-01-01 00:00:00+00:00, run_after=2021-01-01 00:00:00+00:00
[2026-05-07T23:38:54.385+0000] {processor.py:183} INFO - Processing /home/airflow/.local/lib/python3.12/site-packages/airflow/example_dags/example_xcom.py took 0.081 seconds
[2026-05-07T23:39:24.441+0000] {processor.py:161} INFO - Started process (PID=9901) to work on /home/airflow/.local/lib/python3.12/site-packages/airflow/example_dags/example_xcom.py
[2026-05-07T23:39:24.443+0000] {processor.py:830} INFO - Processing file /home/airflow/.local/lib/python3.12/site-packages/airflow/example_dags/example_xcom.py for tasks to queue
[2026-05-07T23:39:24.446+0000] {logging_mixin.py:188} INFO - [2026-05-07T23:39:24.445+0000] {dagbag.py:545} INFO - Filling up the DagBag from /home/airflow/.local/lib/python3.12/site-packages/airflow/example_dags/example_xcom.py
[2026-05-07T23:39:24.457+0000] {processor.py:840} INFO - DAG(s) 'example_xcom' retrieved from /home/airflow/.local/lib/python3.12/site-packages/airflow/example_dags/example_xcom.py
[2026-05-07T23:39:24.501+0000] {logging_mixin.py:188} INFO - [2026-05-07T23:39:24.500+0000] {dag.py:3096} INFO - Sync 1 DAGs
[2026-05-07T23:39:24.529+0000] {logging_mixin.py:188} INFO - [2026-05-07T23:39:24.528+0000] {dag.py:3954} INFO - Setting next_dagrun for example_xcom to 2021-01-01 00:00:00+00:00, run_after=2021-01-01 00:00:00+00:00
[2026-05-07T23:39:24.554+0000] {processor.py:183} INFO - Processing /home/airflow/.local/lib/python3.12/site-packages/airflow/example_dags/example_xcom.py took 0.122 seconds
[2026-05-07T23:39:54.910+0000] {processor.py:161} INFO - Started process (PID=9959) to work on /home/airflow/.local/lib/python3.12/site-packages/airflow/example_dags/example_xcom.py
[2026-05-07T23:39:54.911+0000] {processor.py:830} INFO - Processing file /home/airflow/.local/lib/python3.12/site-packages/airflow/example_dags/example_xcom.py for tasks to queue
[2026-05-07T23:39:54.913+0000] {logging_mixin.py:188} INFO - [2026-05-07T23:39:54.913+0000] {dagbag.py:545} INFO - Filling up the DagBag from /home/airflow/.local/lib/python3.12/site-packages/airflow/example_dags/example_xcom.py
[2026-05-07T23:39:54.920+0000] {processor.py:840} INFO - DAG(s) 'example_xcom' retrieved from /home/airflow/.local/lib/python3.12/site-packages/airflow/example_dags/example_xcom.py
[2026-05-07T23:39:54.945+0000] {logging_mixin.py:188} INFO - [2026-05-07T23:39:54.944+0000] {dag.py:3096} INFO - Sync 1 DAGs
[2026-05-07T23:39:54.967+0000] {logging_mixin.py:188} INFO - [2026-05-07T23:39:54.967+0000] {dag.py:3954} INFO - Setting next_dagrun for example_xcom to 2021-01-01 00:00:00+00:00, run_after=2021-01-01 00:00:00+00:00
[2026-05-07T23:39:54.989+0000] {processor.py:183} INFO - Processing /home/airflow/.local/lib/python3.12/site-packages/airflow/example_dags/example_xcom.py took 0.084 seconds
[2026-05-07T23:40:25.254+0000] {processor.py:161} INFO - Started process (PID=10017) to work on /home/airflow/.local/lib/python3.12/site-packages/airflow/example_dags/example_xcom.py
[2026-05-07T23:40:25.255+0000] {processor.py:830} INFO - Processing file /home/airflow/.local/lib/python3.12/site-packages/airflow/example_dags/example_xcom.py for tasks to queue
[2026-05-07T23:40:25.257+0000] {logging_mixin.py:188} INFO - [2026-05-07T23:40:25.257+0000] {dagbag.py:545} INFO - Filling up the DagBag from /home/airflow/.local/lib/python3.12/site-packages/airflow/example_dags/example_xcom.py
[2026-05-07T23:40:25.264+0000] {processor.py:840} INFO - DAG(s) 'example_xcom' retrieved from /home/airflow/.local/lib/python3.12/site-packages/airflow/example_dags/example_xcom.py
[2026-05-07T23:40:25.283+0000] {logging_mixin.py:188} INFO - [2026-05-07T23:40:25.283+0000] {dag.py:3096} INFO - Sync 1 DAGs
[2026-05-07T23:40:25.303+0000] {logging_mixin.py:188} INFO - [2026-05-07T23:40:25.303+0000] {dag.py:3954} INFO - Setting next_dagrun for example_xcom to 2021-01-01 00:00:00+00:00, run_after=2021-01-01 00:00:00+00:00
[2026-05-07T23:40:25.325+0000] {processor.py:183} INFO - Processing /home/airflow/.local/lib/python3.12/site-packages/airflow/example_dags/example_xcom.py took 0.076 seconds
[2026-05-07T23:40:55.712+0000] {processor.py:161} INFO - Started process (PID=10075) to work on /home/airflow/.local/lib/python3.12/site-packages/airflow/example_dags/example_xcom.py
[2026-05-07T23:40:55.713+0000] {processor.py:830} INFO - Processing file /home/airflow/.local/lib/python3.12/site-packages/airflow/example_dags/example_xcom.py for tasks to queue
[2026-05-07T23:40:55.715+0000] {logging_mixin.py:188} INFO - [2026-05-07T23:40:55.715+0000] {dagbag.py:545} INFO - Filling up the DagBag from /home/airflow/.local/lib/python3.12/site-packages/airflow/example_dags/example_xcom.py
[2026-05-07T23:40:55.723+0000] {processor.py:840} INFO - DAG(s) 'example_xcom' retrieved from /home/airflow/.local/lib/python3.12/site-packages/airflow/example_dags/example_xcom.py
[2026-05-07T23:40:55.743+0000] {logging_mixin.py:188} INFO - [2026-05-07T23:40:55.743+0000] {dag.py:3096} INFO - Sync 1 DAGs
[2026-05-07T23:40:55.764+0000] {logging_mixin.py:188} INFO - [2026-05-07T23:40:55.763+0000] {dag.py:3954} INFO - Setting next_dagrun for example_xcom to 2021-01-01 00:00:00+00:00, run_after=2021-01-01 00:00:00+00:00
[2026-05-07T23:40:55.787+0000] {processor.py:183} INFO - Processing /home/airflow/.local/lib/python3.12/site-packages/airflow/example_dags/example_xcom.py took 0.080 seconds
[2026-05-07T23:41:26.299+0000] {processor.py:161} INFO - Started process (PID=10133) to work on /home/airflow/.local/lib/python3.12/site-packages/airflow/example_dags/example_xcom.py
[2026-05-07T23:41:26.300+0000] {processor.py:830} INFO - Processing file /home/airflow/.local/lib/python3.12/site-packages/airflow/example_dags/example_xcom.py for tasks to queue
[2026-05-07T23:41:26.303+0000] {logging_mixin.py:188} INFO - [2026-05-07T23:41:26.303+0000] {dagbag.py:545} INFO - Filling up the DagBag from /home/airflow/.local/lib/python3.12/site-packages/airflow/example_dags/example_xcom.py
[2026-05-07T23:41:26.312+0000] {processor.py:840} INFO - DAG(s) 'example_xcom' retrieved from /home/airflow/.local/lib/python3.12/site-packages/airflow/example_dags/example_xcom.py
[2026-05-07T23:41:26.330+0000] {logging_mixin.py:188} INFO - [2026-05-07T23:41:26.330+0000] {dag.py:3096} INFO - Sync 1 DAGs
[2026-05-07T23:41:26.350+0000] {logging_mixin.py:188} INFO - [2026-05-07T23:41:26.350+0000] {dag.py:3954} INFO - Setting next_dagrun for example_xcom to 2021-01-01 00:00:00+00:00, run_after=2021-01-01 00:00:00+00:00
[2026-05-07T23:41:26.376+0000] {processor.py:183} INFO - Processing /home/airflow/.local/lib/python3.12/site-packages/airflow/example_dags/example_xcom.py took 0.083 seconds
[2026-05-07T23:41:56.520+0000] {processor.py:161} INFO - Started process (PID=10190) to work on /home/airflow/.local/lib/python3.12/site-packages/airflow/example_dags/example_xcom.py
[2026-05-07T23:41:56.521+0000] {processor.py:830} INFO - Processing file /home/airflow/.local/lib/python3.12/site-packages/airflow/example_dags/example_xcom.py for tasks to queue
[2026-05-07T23:41:56.524+0000] {logging_mixin.py:188} INFO - [2026-05-07T23:41:56.524+0000] {dagbag.py:545} INFO - Filling up the DagBag from /home/airflow/.local/lib/python3.12/site-packages/airflow/example_dags/example_xcom.py
[2026-05-07T23:41:56.533+0000] {processor.py:840} INFO - DAG(s) 'example_xcom' retrieved from /home/airflow/.local/lib/python3.12/site-packages/airflow/example_dags/example_xcom.py
[2026-05-07T23:41:56.554+0000] {logging_mixin.py:188} INFO - [2026-05-07T23:41:56.554+0000] {dag.py:3096} INFO - Sync 1 DAGs
[2026-05-07T23:41:56.574+0000] {logging_mixin.py:188} INFO - [2026-05-07T23:41:56.574+0000] {dag.py:3954} INFO - Setting next_dagrun for example_xcom to 2021-01-01 00:00:00+00:00, run_after=2021-01-01 00:00:00+00:00
[2026-05-07T23:41:56.595+0000] {processor.py:183} INFO - Processing /home/airflow/.local/lib/python3.12/site-packages/airflow/example_dags/example_xcom.py took 0.082 seconds
[2026-05-07T23:42:26.854+0000] {processor.py:161} INFO - Started process (PID=10248) to work on /home/airflow/.local/lib/python3.12/site-packages/airflow/example_dags/example_xcom.py
[2026-05-07T23:42:26.855+0000] {processor.py:830} INFO - Processing file /home/airflow/.local/lib/python3.12/site-packages/airflow/example_dags/example_xcom.py for tasks to queue
[2026-05-07T23:42:26.857+0000] {logging_mixin.py:188} INFO - [2026-05-07T23:42:26.857+0000] {dagbag.py:545} INFO - Filling up the DagBag from /home/airflow/.local/lib/python3.12/site-packages/airflow/example_dags/example_xcom.py
[2026-05-07T23:42:26.865+0000] {processor.py:840} INFO - DAG(s) 'example_xcom' retrieved from /home/airflow/.local/lib/python3.12/site-packages/airflow/example_dags/example_xcom.py
[2026-05-07T23:42:26.885+0000] {logging_mixin.py:188} INFO - [2026-05-07T23:42:26.885+0000] {dag.py:3096} INFO - Sync 1 DAGs
[2026-05-07T23:42:26.906+0000] {logging_mixin.py:188} INFO - [2026-05-07T23:42:26.905+0000] {dag.py:3954} INFO - Setting next_dagrun for example_xcom to 2021-01-01 00:00:00+00:00, run_after=2021-01-01 00:00:00+00:00
[2026-05-07T23:42:26.927+0000] {processor.py:183} INFO - Processing /home/airflow/.local/lib/python3.12/site-packages/airflow/example_dags/example_xcom.py took 0.078 seconds
[2026-05-07T23:42:57.510+0000] {processor.py:161} INFO - Started process (PID=10307) to work on /home/airflow/.local/lib/python3.12/site-packages/airflow/example_dags/example_xcom.py
[2026-05-07T23:42:57.511+0000] {processor.py:830} INFO - Processing file /home/airflow/.local/lib/python3.12/site-packages/airflow/example_dags/example_xcom.py for tasks to queue
[2026-05-07T23:42:57.513+0000] {logging_mixin.py:188} INFO - [2026-05-07T23:42:57.513+0000] {dagbag.py:545} INFO - Filling up the DagBag from /home/airflow/.local/lib/python3.12/site-packages/airflow/example_dags/example_xcom.py
[2026-05-07T23:42:57.521+0000] {processor.py:840} INFO - DAG(s) 'example_xcom' retrieved from /home/airflow/.local/lib/python3.12/site-packages/airflow/example_dags/example_xcom.py
[2026-05-07T23:42:57.542+0000] {logging_mixin.py:188} INFO - [2026-05-07T23:42:57.541+0000] {dag.py:3096} INFO - Sync 1 DAGs
[2026-05-07T23:42:57.562+0000] {logging_mixin.py:188} INFO - [2026-05-07T23:42:57.562+0000] {dag.py:3954} INFO - Setting next_dagrun for example_xcom to 2021-01-01 00:00:00+00:00, run_after=2021-01-01 00:00:00+00:00
[2026-05-07T23:42:57.583+0000] {processor.py:183} INFO - Processing /home/airflow/.local/lib/python3.12/site-packages/airflow/example_dags/example_xcom.py took 0.078 seconds
[2026-05-07T23:43:27.850+0000] {processor.py:161} INFO - Started process (PID=10365) to work on /home/airflow/.local/lib/python3.12/site-packages/airflow/example_dags/example_xcom.py
[2026-05-07T23:43:27.851+0000] {processor.py:830} INFO - Processing file /home/airflow/.local/lib/python3.12/site-packages/airflow/example_dags/example_xcom.py for tasks to queue
[2026-05-07T23:43:27.853+0000] {logging_mixin.py:188} INFO - [2026-05-07T23:43:27.853+0000] {dagbag.py:545} INFO - Filling up the DagBag from /home/airflow/.local/lib/python3.12/site-packages/airflow/example_dags/example_xcom.py
[2026-05-07T23:43:27.861+0000] {processor.py:840} INFO - DAG(s) 'example_xcom' retrieved from /home/airflow/.local/lib/python3.12/site-packages/airflow/example_dags/example_xcom.py
[2026-05-07T23:43:27.880+0000] {logging_mixin.py:188} INFO - [2026-05-07T23:43:27.880+0000] {dag.py:3096} INFO - Sync 1 DAGs
[2026-05-07T23:43:27.900+0000] {logging_mixin.py:188} INFO - [2026-05-07T23:43:27.900+0000] {dag.py:3954} INFO - Setting next_dagrun for example_xcom to 2021-01-01 00:00:00+00:00, run_after=2021-01-01 00:00:00+00:00
[2026-05-07T23:43:27.920+0000] {processor.py:183} INFO - Processing /home/airflow/.local/lib/python3.12/site-packages/airflow/example_dags/example_xcom.py took 0.075 seconds
[2026-05-07T23:43:58.099+0000] {processor.py:161} INFO - Started process (PID=10423) to work on /home/airflow/.local/lib/python3.12/site-packages/airflow/example_dags/example_xcom.py
[2026-05-07T23:43:58.100+0000] {processor.py:830} INFO - Processing file /home/airflow/.local/lib/python3.12/site-packages/airflow/example_dags/example_xcom.py for tasks to queue
[2026-05-07T23:43:58.102+0000] {logging_mixin.py:188} INFO - [2026-05-07T23:43:58.102+0000] {dagbag.py:545} INFO - Filling up the DagBag from /home/airflow/.local/lib/python3.12/site-packages/airflow/example_dags/example_xcom.py
[2026-05-07T23:43:58.109+0000] {processor.py:840} INFO - DAG(s) 'example_xcom' retrieved from /home/airflow/.local/lib/python3.12/site-packages/airflow/example_dags/example_xcom.py
[2026-05-07T23:43:58.130+0000] {logging_mixin.py:188} INFO - [2026-05-07T23:43:58.129+0000] {dag.py:3096} INFO - Sync 1 DAGs
[2026-05-07T23:43:58.150+0000] {logging_mixin.py:188} INFO - [2026-05-07T23:43:58.150+0000] {dag.py:3954} INFO - Setting next_dagrun for example_xcom to 2021-01-01 00:00:00+00:00, run_after=2021-01-01 00:00:00+00:00
[2026-05-07T23:43:58.171+0000] {processor.py:183} INFO - Processing /home/airflow/.local/lib/python3.12/site-packages/airflow/example_dags/example_xcom.py took 0.077 seconds
[2026-05-07T23:44:28.632+0000] {processor.py:161} INFO - Started process (PID=10481) to work on /home/airflow/.local/lib/python3.12/site-packages/airflow/example_dags/example_xcom.py
[2026-05-07T23:44:28.633+0000] {processor.py:830} INFO - Processing file /home/airflow/.local/lib/python3.12/site-packages/airflow/example_dags/example_xcom.py for tasks to queue
[2026-05-07T23:44:28.636+0000] {logging_mixin.py:188} INFO - [2026-05-07T23:44:28.636+0000] {dagbag.py:545} INFO - Filling up the DagBag from /home/airflow/.local/lib/python3.12/site-packages/airflow/example_dags/example_xcom.py
[2026-05-07T23:44:28.644+0000] {processor.py:840} INFO - DAG(s) 'example_xcom' retrieved from /home/airflow/.local/lib/python3.12/site-packages/airflow/example_dags/example_xcom.py
[2026-05-07T23:44:28.665+0000] {logging_mixin.py:188} INFO - [2026-05-07T23:44:28.665+0000] {dag.py:3096} INFO - Sync 1 DAGs
[2026-05-07T23:44:28.685+0000] {logging_mixin.py:188} INFO - [2026-05-07T23:44:28.685+0000] {dag.py:3954} INFO - Setting next_dagrun for example_xcom to 2021-01-01 00:00:00+00:00, run_after=2021-01-01 00:00:00+00:00
[2026-05-07T23:44:28.707+0000] {processor.py:183} INFO - Processing /home/airflow/.local/lib/python3.12/site-packages/airflow/example_dags/example_xcom.py took 0.080 seconds
[2026-05-07T23:44:59.271+0000] {processor.py:161} INFO - Started process (PID=10539) to work on /home/airflow/.local/lib/python3.12/site-packages/airflow/example_dags/example_xcom.py
[2026-05-07T23:44:59.272+0000] {processor.py:830} INFO - Processing file /home/airflow/.local/lib/python3.12/site-packages/airflow/example_dags/example_xcom.py for tasks to queue
[2026-05-07T23:44:59.274+0000] {logging_mixin.py:188} INFO - [2026-05-07T23:44:59.274+0000] {dagbag.py:545} INFO - Filling up the DagBag from /home/airflow/.local/lib/python3.12/site-packages/airflow/example_dags/example_xcom.py
[2026-05-07T23:44:59.283+0000] {processor.py:840} INFO - DAG(s) 'example_xcom' retrieved from /home/airflow/.local/lib/python3.12/site-packages/airflow/example_dags/example_xcom.py
[2026-05-07T23:44:59.303+0000] {logging_mixin.py:188} INFO - [2026-05-07T23:44:59.303+0000] {dag.py:3096} INFO - Sync 1 DAGs
[2026-05-07T23:44:59.325+0000] {logging_mixin.py:188} INFO - [2026-05-07T23:44:59.325+0000] {dag.py:3954} INFO - Setting next_dagrun for example_xcom to 2021-01-01 00:00:00+00:00, run_after=2021-01-01 00:00:00+00:00
[2026-05-07T23:44:59.345+0000] {processor.py:183} INFO - Processing /home/airflow/.local/lib/python3.12/site-packages/airflow/example_dags/example_xcom.py took 0.079 seconds
[2026-05-07T23:45:29.970+0000] {processor.py:161} INFO - Started process (PID=10597) to work on /home/airflow/.local/lib/python3.12/site-packages/airflow/example_dags/example_xcom.py
[2026-05-07T23:45:29.972+0000] {processor.py:830} INFO - Processing file /home/airflow/.local/lib/python3.12/site-packages/airflow/example_dags/example_xcom.py for tasks to queue
[2026-05-07T23:45:29.976+0000] {logging_mixin.py:188} INFO - [2026-05-07T23:45:29.976+0000] {dagbag.py:545} INFO - Filling up the DagBag from /home/airflow/.local/lib/python3.12/site-packages/airflow/example_dags/example_xcom.py
[2026-05-07T23:45:29.987+0000] {processor.py:840} INFO - DAG(s) 'example_xcom' retrieved from /home/airflow/.local/lib/python3.12/site-packages/airflow/example_dags/example_xcom.py
[2026-05-07T23:45:30.017+0000] {logging_mixin.py:188} INFO - [2026-05-07T23:45:30.016+0000] {dag.py:3096} INFO - Sync 1 DAGs
[2026-05-07T23:45:30.042+0000] {logging_mixin.py:188} INFO - [2026-05-07T23:45:30.041+0000] {dag.py:3954} INFO - Setting next_dagrun for example_xcom to 2021-01-01 00:00:00+00:00, run_after=2021-01-01 00:00:00+00:00
[2026-05-07T23:45:30.069+0000] {processor.py:183} INFO - Processing /home/airflow/.local/lib/python3.12/site-packages/airflow/example_dags/example_xcom.py took 0.105 seconds
[2026-05-07T23:46:00.451+0000] {processor.py:161} INFO - Started process (PID=10654) to work on /home/airflow/.local/lib/python3.12/site-packages/airflow/example_dags/example_xcom.py
[2026-05-07T23:46:00.453+0000] {processor.py:830} INFO - Processing file /home/airflow/.local/lib/python3.12/site-packages/airflow/example_dags/example_xcom.py for tasks to queue
[2026-05-07T23:46:00.455+0000] {logging_mixin.py:188} INFO - [2026-05-07T23:46:00.455+0000] {dagbag.py:545} INFO - Filling up the DagBag from /home/airflow/.local/lib/python3.12/site-packages/airflow/example_dags/example_xcom.py
[2026-05-07T23:46:00.465+0000] {processor.py:840} INFO - DAG(s) 'example_xcom' retrieved from /home/airflow/.local/lib/python3.12/site-packages/airflow/example_dags/example_xcom.py
[2026-05-07T23:46:00.490+0000] {logging_mixin.py:188} INFO - [2026-05-07T23:46:00.490+0000] {dag.py:3096} INFO - Sync 1 DAGs
[2026-05-07T23:46:00.518+0000] {logging_mixin.py:188} INFO - [2026-05-07T23:46:00.517+0000] {dag.py:3954} INFO - Setting next_dagrun for example_xcom to 2021-01-01 00:00:00+00:00, run_after=2021-01-01 00:00:00+00:00
[2026-05-07T23:46:00.545+0000] {processor.py:183} INFO - Processing /home/airflow/.local/lib/python3.12/site-packages/airflow/example_dags/example_xcom.py took 0.099 seconds
[2026-05-07T23:46:30.966+0000] {processor.py:161} INFO - Started process (PID=10712) to work on /home/airflow/.local/lib/python3.12/site-packages/airflow/example_dags/example_xcom.py
[2026-05-07T23:46:30.968+0000] {processor.py:830} INFO - Processing file /home/airflow/.local/lib/python3.12/site-packages/airflow/example_dags/example_xcom.py for tasks to queue
[2026-05-07T23:46:30.969+0000] {logging_mixin.py:188} INFO - [2026-05-07T23:46:30.969+0000] {dagbag.py:545} INFO - Filling up the DagBag from /home/airflow/.local/lib/python3.12/site-packages/airflow/example_dags/example_xcom.py
[2026-05-07T23:46:30.976+0000] {processor.py:840} INFO - DAG(s) 'example_xcom' retrieved from /home/airflow/.local/lib/python3.12/site-packages/airflow/example_dags/example_xcom.py
[2026-05-07T23:46:30.997+0000] {logging_mixin.py:188} INFO - [2026-05-07T23:46:30.996+0000] {dag.py:3096} INFO - Sync 1 DAGs
[2026-05-07T23:46:31.016+0000] {logging_mixin.py:188} INFO - [2026-05-07T23:46:31.016+0000] {dag.py:3954} INFO - Setting next_dagrun for example_xcom to 2021-01-01 00:00:00+00:00, run_after=2021-01-01 00:00:00+00:00
[2026-05-07T23:46:31.035+0000] {processor.py:183} INFO - Processing /home/airflow/.local/lib/python3.12/site-packages/airflow/example_dags/example_xcom.py took 0.074 seconds
[2026-05-07T23:47:01.697+0000] {processor.py:161} INFO - Started process (PID=10767) to work on /home/airflow/.local/lib/python3.12/site-packages/airflow/example_dags/example_xcom.py
[2026-05-07T23:47:01.699+0000] {processor.py:830} INFO - Processing file /home/airflow/.local/lib/python3.12/site-packages/airflow/example_dags/example_xcom.py for tasks to queue
[2026-05-07T23:47:01.702+0000] {logging_mixin.py:188} INFO - [2026-05-07T23:47:01.702+0000] {dagbag.py:545} INFO - Filling up the DagBag from /home/airflow/.local/lib/python3.12/site-packages/airflow/example_dags/example_xcom.py
[2026-05-07T23:47:01.710+0000] {processor.py:840} INFO - DAG(s) 'example_xcom' retrieved from /home/airflow/.local/lib/python3.12/site-packages/airflow/example_dags/example_xcom.py
[2026-05-07T23:47:01.730+0000] {logging_mixin.py:188} INFO - [2026-05-07T23:47:01.730+0000] {dag.py:3096} INFO - Sync 1 DAGs
[2026-05-07T23:47:01.750+0000] {logging_mixin.py:188} INFO - [2026-05-07T23:47:01.750+0000] {dag.py:3954} INFO - Setting next_dagrun for example_xcom to 2021-01-01 00:00:00+00:00, run_after=2021-01-01 00:00:00+00:00
[2026-05-07T23:47:01.770+0000] {processor.py:183} INFO - Processing /home/airflow/.local/lib/python3.12/site-packages/airflow/example_dags/example_xcom.py took 0.079 seconds
[2026-05-07T23:47:32.244+0000] {processor.py:161} INFO - Started process (PID=10825) to work on /home/airflow/.local/lib/python3.12/site-packages/airflow/example_dags/example_xcom.py
[2026-05-07T23:47:32.245+0000] {processor.py:830} INFO - Processing file /home/airflow/.local/lib/python3.12/site-packages/airflow/example_dags/example_xcom.py for tasks to queue
[2026-05-07T23:47:32.247+0000] {logging_mixin.py:188} INFO - [2026-05-07T23:47:32.247+0000] {dagbag.py:545} INFO - Filling up the DagBag from /home/airflow/.local/lib/python3.12/site-packages/airflow/example_dags/example_xcom.py
[2026-05-07T23:47:32.255+0000] {processor.py:840} INFO - DAG(s) 'example_xcom' retrieved from /home/airflow/.local/lib/python3.12/site-packages/airflow/example_dags/example_xcom.py
[2026-05-07T23:47:32.275+0000] {logging_mixin.py:188} INFO - [2026-05-07T23:47:32.275+0000] {dag.py:3096} INFO - Sync 1 DAGs
[2026-05-07T23:47:32.294+0000] {logging_mixin.py:188} INFO - [2026-05-07T23:47:32.294+0000] {dag.py:3954} INFO - Setting next_dagrun for example_xcom to 2021-01-01 00:00:00+00:00, run_after=2021-01-01 00:00:00+00:00
[2026-05-07T23:47:32.316+0000] {processor.py:183} INFO - Processing /home/airflow/.local/lib/python3.12/site-packages/airflow/example_dags/example_xcom.py took 0.078 seconds
[2026-05-07T23:48:02.784+0000] {processor.py:161} INFO - Started process (PID=10883) to work on /home/airflow/.local/lib/python3.12/site-packages/airflow/example_dags/example_xcom.py
[2026-05-07T23:48:02.785+0000] {processor.py:830} INFO - Processing file /home/airflow/.local/lib/python3.12/site-packages/airflow/example_dags/example_xcom.py for tasks to queue
[2026-05-07T23:48:02.788+0000] {logging_mixin.py:188} INFO - [2026-05-07T23:48:02.787+0000] {dagbag.py:545} INFO - Filling up the DagBag from /home/airflow/.local/lib/python3.12/site-packages/airflow/example_dags/example_xcom.py
[2026-05-07T23:48:02.796+0000] {processor.py:840} INFO - DAG(s) 'example_xcom' retrieved from /home/airflow/.local/lib/python3.12/site-packages/airflow/example_dags/example_xcom.py
[2026-05-07T23:48:02.819+0000] {logging_mixin.py:188} INFO - [2026-05-07T23:48:02.819+0000] {dag.py:3096} INFO - Sync 1 DAGs
[2026-05-07T23:48:02.838+0000] {logging_mixin.py:188} INFO - [2026-05-07T23:48:02.838+0000] {dag.py:3954} INFO - Setting next_dagrun for example_xcom to 2021-01-01 00:00:00+00:00, run_after=2021-01-01 00:00:00+00:00
[2026-05-07T23:48:02.858+0000] {processor.py:183} INFO - Processing /home/airflow/.local/lib/python3.12/site-packages/airflow/example_dags/example_xcom.py took 0.080 seconds
[2026-05-07T23:48:33.548+0000] {processor.py:161} INFO - Started process (PID=10941) to work on /home/airflow/.local/lib/python3.12/site-packages/airflow/example_dags/example_xcom.py
[2026-05-07T23:48:33.549+0000] {processor.py:830} INFO - Processing file /home/airflow/.local/lib/python3.12/site-packages/airflow/example_dags/example_xcom.py for tasks to queue
[2026-05-07T23:48:33.551+0000] {logging_mixin.py:188} INFO - [2026-05-07T23:48:33.551+0000] {dagbag.py:545} INFO - Filling up the DagBag from /home/airflow/.local/lib/python3.12/site-packages/airflow/example_dags/example_xcom.py
[2026-05-07T23:48:33.559+0000] {processor.py:840} INFO - DAG(s) 'example_xcom' retrieved from /home/airflow/.local/lib/python3.12/site-packages/airflow/example_dags/example_xcom.py
[2026-05-07T23:48:33.585+0000] {logging_mixin.py:188} INFO - [2026-05-07T23:48:33.584+0000] {dag.py:3096} INFO - Sync 1 DAGs
[2026-05-07T23:48:33.605+0000] {logging_mixin.py:188} INFO - [2026-05-07T23:48:33.605+0000] {dag.py:3954} INFO - Setting next_dagrun for example_xcom to 2021-01-01 00:00:00+00:00, run_after=2021-01-01 00:00:00+00:00
[2026-05-07T23:48:33.626+0000] {processor.py:183} INFO - Processing /home/airflow/.local/lib/python3.12/site-packages/airflow/example_dags/example_xcom.py took 0.085 seconds
[2026-05-07T23:49:03.738+0000] {processor.py:161} INFO - Started process (PID=10999) to work on /home/airflow/.local/lib/python3.12/site-packages/airflow/example_dags/example_xcom.py
[2026-05-07T23:49:03.741+0000] {processor.py:830} INFO - Processing file /home/airflow/.local/lib/python3.12/site-packages/airflow/example_dags/example_xcom.py for tasks to queue
[2026-05-07T23:49:03.743+0000] {logging_mixin.py:188} INFO - [2026-05-07T23:49:03.743+0000] {dagbag.py:545} INFO - Filling up the DagBag from /home/airflow/.local/lib/python3.12/site-packages/airflow/example_dags/example_xcom.py
[2026-05-07T23:49:03.752+0000] {processor.py:840} INFO - DAG(s) 'example_xcom' retrieved from /home/airflow/.local/lib/python3.12/site-packages/airflow/example_dags/example_xcom.py
[2026-05-07T23:49:03.773+0000] {logging_mixin.py:188} INFO - [2026-05-07T23:49:03.773+0000] {dag.py:3096} INFO - Sync 1 DAGs
[2026-05-07T23:49:03.792+0000] {logging_mixin.py:188} INFO - [2026-05-07T23:49:03.792+0000] {dag.py:3954} INFO - Setting next_dagrun for example_xcom to 2021-01-01 00:00:00+00:00, run_after=2021-01-01 00:00:00+00:00
[2026-05-07T23:49:03.812+0000] {processor.py:183} INFO - Processing /home/airflow/.local/lib/python3.12/site-packages/airflow/example_dags/example_xcom.py took 0.079 seconds
[2026-05-07T23:49:34.284+0000] {processor.py:161} INFO - Started process (PID=11057) to work on /home/airflow/.local/lib/python3.12/site-packages/airflow/example_dags/example_xcom.py
[2026-05-07T23:49:34.285+0000] {processor.py:830} INFO - Processing file /home/airflow/.local/lib/python3.12/site-packages/airflow/example_dags/example_xcom.py for tasks to queue
[2026-05-07T23:49:34.286+0000] {logging_mixin.py:188} INFO - [2026-05-07T23:49:34.286+0000] {dagbag.py:545} INFO - Filling up the DagBag from /home/airflow/.local/lib/python3.12/site-packages/airflow/example_dags/example_xcom.py
[2026-05-07T23:49:34.294+0000] {processor.py:840} INFO - DAG(s) 'example_xcom' retrieved from /home/airflow/.local/lib/python3.12/site-packages/airflow/example_dags/example_xcom.py
[2026-05-07T23:49:34.314+0000] {logging_mixin.py:188} INFO - [2026-05-07T23:49:34.314+0000] {dag.py:3096} INFO - Sync 1 DAGs
[2026-05-07T23:49:34.338+0000] {logging_mixin.py:188} INFO - [2026-05-07T23:49:34.338+0000] {dag.py:3954} INFO - Setting next_dagrun for example_xcom to 2021-01-01 00:00:00+00:00, run_after=2021-01-01 00:00:00+00:00
[2026-05-07T23:49:34.359+0000] {processor.py:183} INFO - Processing /home/airflow/.local/lib/python3.12/site-packages/airflow/example_dags/example_xcom.py took 0.081 seconds
[2026-05-07T23:50:04.778+0000] {processor.py:161} INFO - Started process (PID=11115) to work on /home/airflow/.local/lib/python3.12/site-packages/airflow/example_dags/example_xcom.py
[2026-05-07T23:50:04.780+0000] {processor.py:830} INFO - Processing file /home/airflow/.local/lib/python3.12/site-packages/airflow/example_dags/example_xcom.py for tasks to queue
[2026-05-07T23:50:04.782+0000] {logging_mixin.py:188} INFO - [2026-05-07T23:50:04.782+0000] {dagbag.py:545} INFO - Filling up the DagBag from /home/airflow/.local/lib/python3.12/site-packages/airflow/example_dags/example_xcom.py
[2026-05-07T23:50:04.789+0000] {processor.py:840} INFO - DAG(s) 'example_xcom' retrieved from /home/airflow/.local/lib/python3.12/site-packages/airflow/example_dags/example_xcom.py
[2026-05-07T23:50:04.810+0000] {logging_mixin.py:188} INFO - [2026-05-07T23:50:04.809+0000] {dag.py:3096} INFO - Sync 1 DAGs
[2026-05-07T23:50:04.829+0000] {logging_mixin.py:188} INFO - [2026-05-07T23:50:04.829+0000] {dag.py:3954} INFO - Setting next_dagrun for example_xcom to 2021-01-01 00:00:00+00:00, run_after=2021-01-01 00:00:00+00:00
[2026-05-07T23:50:04.848+0000] {processor.py:183} INFO - Processing /home/airflow/.local/lib/python3.12/site-packages/airflow/example_dags/example_xcom.py took 0.076 seconds
[2026-05-07T23:50:35.085+0000] {processor.py:161} INFO - Started process (PID=11173) to work on /home/airflow/.local/lib/python3.12/site-packages/airflow/example_dags/example_xcom.py
[2026-05-07T23:50:35.087+0000] {processor.py:830} INFO - Processing file /home/airflow/.local/lib/python3.12/site-packages/airflow/example_dags/example_xcom.py for tasks to queue
[2026-05-07T23:50:35.090+0000] {logging_mixin.py:188} INFO - [2026-05-07T23:50:35.090+0000] {dagbag.py:545} INFO - Filling up the DagBag from /home/airflow/.local/lib/python3.12/site-packages/airflow/example_dags/example_xcom.py
[2026-05-07T23:50:35.098+0000] {processor.py:840} INFO - DAG(s) 'example_xcom' retrieved from /home/airflow/.local/lib/python3.12/site-packages/airflow/example_dags/example_xcom.py
[2026-05-07T23:50:35.119+0000] {logging_mixin.py:188} INFO - [2026-05-07T23:50:35.119+0000] {dag.py:3096} INFO - Sync 1 DAGs
[2026-05-07T23:50:35.138+0000] {logging_mixin.py:188} INFO - [2026-05-07T23:50:35.137+0000] {dag.py:3954} INFO - Setting next_dagrun for example_xcom to 2021-01-01 00:00:00+00:00, run_after=2021-01-01 00:00:00+00:00
[2026-05-07T23:50:35.159+0000] {processor.py:183} INFO - Processing /home/airflow/.local/lib/python3.12/site-packages/airflow/example_dags/example_xcom.py took 0.079 seconds
[2026-05-07T23:51:05.682+0000] {processor.py:161} INFO - Started process (PID=11231) to work on /home/airflow/.local/lib/python3.12/site-packages/airflow/example_dags/example_xcom.py
[2026-05-07T23:51:05.684+0000] {processor.py:830} INFO - Processing file /home/airflow/.local/lib/python3.12/site-packages/airflow/example_dags/example_xcom.py for tasks to queue
[2026-05-07T23:51:05.687+0000] {logging_mixin.py:188} INFO - [2026-05-07T23:51:05.687+0000] {dagbag.py:545} INFO - Filling up the DagBag from /home/airflow/.local/lib/python3.12/site-packages/airflow/example_dags/example_xcom.py
[2026-05-07T23:51:05.698+0000] {processor.py:840} INFO - DAG(s) 'example_xcom' retrieved from /home/airflow/.local/lib/python3.12/site-packages/airflow/example_dags/example_xcom.py
[2026-05-07T23:51:05.738+0000] {logging_mixin.py:188} INFO - [2026-05-07T23:51:05.737+0000] {dag.py:3096} INFO - Sync 1 DAGs
[2026-05-07T23:51:05.776+0000] {logging_mixin.py:188} INFO - [2026-05-07T23:51:05.775+0000] {dag.py:3954} INFO - Setting next_dagrun for example_xcom to 2021-01-01 00:00:00+00:00, run_after=2021-01-01 00:00:00+00:00
[2026-05-07T23:51:05.813+0000] {processor.py:183} INFO - Processing /home/airflow/.local/lib/python3.12/site-packages/airflow/example_dags/example_xcom.py took 0.139 seconds
[2026-05-07T23:51:35.916+0000] {processor.py:161} INFO - Started process (PID=11289) to work on /home/airflow/.local/lib/python3.12/site-packages/airflow/example_dags/example_xcom.py
[2026-05-07T23:51:35.918+0000] {processor.py:830} INFO - Processing file /home/airflow/.local/lib/python3.12/site-packages/airflow/example_dags/example_xcom.py for tasks to queue
[2026-05-07T23:51:35.920+0000] {logging_mixin.py:188} INFO - [2026-05-07T23:51:35.920+0000] {dagbag.py:545} INFO - Filling up the DagBag from /home/airflow/.local/lib/python3.12/site-packages/airflow/example_dags/example_xcom.py
[2026-05-07T23:51:35.928+0000] {processor.py:840} INFO - DAG(s) 'example_xcom' retrieved from /home/airflow/.local/lib/python3.12/site-packages/airflow/example_dags/example_xcom.py
[2026-05-07T23:51:35.948+0000] {logging_mixin.py:188} INFO - [2026-05-07T23:51:35.948+0000] {dag.py:3096} INFO - Sync 1 DAGs
[2026-05-07T23:51:35.968+0000] {logging_mixin.py:188} INFO - [2026-05-07T23:51:35.968+0000] {dag.py:3954} INFO - Setting next_dagrun for example_xcom to 2021-01-01 00:00:00+00:00, run_after=2021-01-01 00:00:00+00:00
[2026-05-07T23:51:35.989+0000] {processor.py:183} INFO - Processing /home/airflow/.local/lib/python3.12/site-packages/airflow/example_dags/example_xcom.py took 0.077 seconds
[2026-05-07T23:52:06.076+0000] {processor.py:161} INFO - Started process (PID=11347) to work on /home/airflow/.local/lib/python3.12/site-packages/airflow/example_dags/example_xcom.py
[2026-05-07T23:52:06.077+0000] {processor.py:830} INFO - Processing file /home/airflow/.local/lib/python3.12/site-packages/airflow/example_dags/example_xcom.py for tasks to queue
[2026-05-07T23:52:06.079+0000] {logging_mixin.py:188} INFO - [2026-05-07T23:52:06.078+0000] {dagbag.py:545} INFO - Filling up the DagBag from /home/airflow/.local/lib/python3.12/site-packages/airflow/example_dags/example_xcom.py
[2026-05-07T23:52:06.086+0000] {processor.py:840} INFO - DAG(s) 'example_xcom' retrieved from /home/airflow/.local/lib/python3.12/site-packages/airflow/example_dags/example_xcom.py
[2026-05-07T23:52:06.106+0000] {logging_mixin.py:188} INFO - [2026-05-07T23:52:06.105+0000] {dag.py:3096} INFO - Sync 1 DAGs
[2026-05-07T23:52:06.125+0000] {logging_mixin.py:188} INFO - [2026-05-07T23:52:06.125+0000] {dag.py:3954} INFO - Setting next_dagrun for example_xcom to 2021-01-01 00:00:00+00:00, run_after=2021-01-01 00:00:00+00:00
[2026-05-07T23:52:06.146+0000] {processor.py:183} INFO - Processing /home/airflow/.local/lib/python3.12/site-packages/airflow/example_dags/example_xcom.py took 0.077 seconds
[2026-05-07T23:52:36.212+0000] {processor.py:161} INFO - Started process (PID=11405) to work on /home/airflow/.local/lib/python3.12/site-packages/airflow/example_dags/example_xcom.py
[2026-05-07T23:52:36.213+0000] {processor.py:830} INFO - Processing file /home/airflow/.local/lib/python3.12/site-packages/airflow/example_dags/example_xcom.py for tasks to queue
[2026-05-07T23:52:36.216+0000] {logging_mixin.py:188} INFO - [2026-05-07T23:52:36.215+0000] {dagbag.py:545} INFO - Filling up the DagBag from /home/airflow/.local/lib/python3.12/site-packages/airflow/example_dags/example_xcom.py
[2026-05-07T23:52:36.224+0000] {processor.py:840} INFO - DAG(s) 'example_xcom' retrieved from /home/airflow/.local/lib/python3.12/site-packages/airflow/example_dags/example_xcom.py
[2026-05-07T23:52:36.244+0000] {logging_mixin.py:188} INFO - [2026-05-07T23:52:36.244+0000] {dag.py:3096} INFO - Sync 1 DAGs
[2026-05-07T23:52:36.265+0000] {logging_mixin.py:188} INFO - [2026-05-07T23:52:36.265+0000] {dag.py:3954} INFO - Setting next_dagrun for example_xcom to 2021-01-01 00:00:00+00:00, run_after=2021-01-01 00:00:00+00:00
[2026-05-07T23:52:36.287+0000] {processor.py:183} INFO - Processing /home/airflow/.local/lib/python3.12/site-packages/airflow/example_dags/example_xcom.py took 0.081 seconds
[2026-05-07T23:53:07.123+0000] {processor.py:161} INFO - Started process (PID=11463) to work on /home/airflow/.local/lib/python3.12/site-packages/airflow/example_dags/example_xcom.py
[2026-05-07T23:53:07.124+0000] {processor.py:830} INFO - Processing file /home/airflow/.local/lib/python3.12/site-packages/airflow/example_dags/example_xcom.py for tasks to queue
[2026-05-07T23:53:07.127+0000] {logging_mixin.py:188} INFO - [2026-05-07T23:53:07.127+0000] {dagbag.py:545} INFO - Filling up the DagBag from /home/airflow/.local/lib/python3.12/site-packages/airflow/example_dags/example_xcom.py
[2026-05-07T23:53:07.135+0000] {processor.py:840} INFO - DAG(s) 'example_xcom' retrieved from /home/airflow/.local/lib/python3.12/site-packages/airflow/example_dags/example_xcom.py
[2026-05-07T23:53:07.156+0000] {logging_mixin.py:188} INFO - [2026-05-07T23:53:07.155+0000] {dag.py:3096} INFO - Sync 1 DAGs
[2026-05-07T23:53:07.175+0000] {logging_mixin.py:188} INFO - [2026-05-07T23:53:07.174+0000] {dag.py:3954} INFO - Setting next_dagrun for example_xcom to 2021-01-01 00:00:00+00:00, run_after=2021-01-01 00:00:00+00:00
[2026-05-07T23:53:07.194+0000] {processor.py:183} INFO - Processing /home/airflow/.local/lib/python3.12/site-packages/airflow/example_dags/example_xcom.py took 0.076 seconds
[2026-05-07T23:53:37.993+0000] {processor.py:161} INFO - Started process (PID=11521) to work on /home/airflow/.local/lib/python3.12/site-packages/airflow/example_dags/example_xcom.py
[2026-05-07T23:53:37.994+0000] {processor.py:830} INFO - Processing file /home/airflow/.local/lib/python3.12/site-packages/airflow/example_dags/example_xcom.py for tasks to queue
[2026-05-07T23:53:37.996+0000] {logging_mixin.py:188} INFO - [2026-05-07T23:53:37.996+0000] {dagbag.py:545} INFO - Filling up the DagBag from /home/airflow/.local/lib/python3.12/site-packages/airflow/example_dags/example_xcom.py
[2026-05-07T23:53:38.005+0000] {processor.py:840} INFO - DAG(s) 'example_xcom' retrieved from /home/airflow/.local/lib/python3.12/site-packages/airflow/example_dags/example_xcom.py
[2026-05-07T23:53:38.025+0000] {logging_mixin.py:188} INFO - [2026-05-07T23:53:38.025+0000] {dag.py:3096} INFO - Sync 1 DAGs
[2026-05-07T23:53:38.045+0000] {logging_mixin.py:188} INFO - [2026-05-07T23:53:38.045+0000] {dag.py:3954} INFO - Setting next_dagrun for example_xcom to 2021-01-01 00:00:00+00:00, run_after=2021-01-01 00:00:00+00:00
[2026-05-07T23:53:38.067+0000] {processor.py:183} INFO - Processing /home/airflow/.local/lib/python3.12/site-packages/airflow/example_dags/example_xcom.py took 0.082 seconds
[2026-05-07T23:54:08.181+0000] {processor.py:161} INFO - Started process (PID=11579) to work on /home/airflow/.local/lib/python3.12/site-packages/airflow/example_dags/example_xcom.py
[2026-05-07T23:54:08.184+0000] {processor.py:830} INFO - Processing file /home/airflow/.local/lib/python3.12/site-packages/airflow/example_dags/example_xcom.py for tasks to queue
[2026-05-07T23:54:08.188+0000] {logging_mixin.py:188} INFO - [2026-05-07T23:54:08.188+0000] {dagbag.py:545} INFO - Filling up the DagBag from /home/airflow/.local/lib/python3.12/site-packages/airflow/example_dags/example_xcom.py
[2026-05-07T23:54:08.197+0000] {processor.py:840} INFO - DAG(s) 'example_xcom' retrieved from /home/airflow/.local/lib/python3.12/site-packages/airflow/example_dags/example_xcom.py
[2026-05-07T23:54:08.216+0000] {logging_mixin.py:188} INFO - [2026-05-07T23:54:08.216+0000] {dag.py:3096} INFO - Sync 1 DAGs
[2026-05-07T23:54:08.236+0000] {logging_mixin.py:188} INFO - [2026-05-07T23:54:08.236+0000] {dag.py:3954} INFO - Setting next_dagrun for example_xcom to 2021-01-01 00:00:00+00:00, run_after=2021-01-01 00:00:00+00:00
[2026-05-07T23:54:08.256+0000] {processor.py:183} INFO - Processing /home/airflow/.local/lib/python3.12/site-packages/airflow/example_dags/example_xcom.py took 0.082 seconds
[2026-05-07T23:54:38.902+0000] {processor.py:161} INFO - Started process (PID=11637) to work on /home/airflow/.local/lib/python3.12/site-packages/airflow/example_dags/example_xcom.py
[2026-05-07T23:54:38.905+0000] {processor.py:830} INFO - Processing file /home/airflow/.local/lib/python3.12/site-packages/airflow/example_dags/example_xcom.py for tasks to queue
[2026-05-07T23:54:38.910+0000] {logging_mixin.py:188} INFO - [2026-05-07T23:54:38.909+0000] {dagbag.py:545} INFO - Filling up the DagBag from /home/airflow/.local/lib/python3.12/site-packages/airflow/example_dags/example_xcom.py
[2026-05-07T23:54:38.922+0000] {processor.py:840} INFO - DAG(s) 'example_xcom' retrieved from /home/airflow/.local/lib/python3.12/site-packages/airflow/example_dags/example_xcom.py
[2026-05-07T23:54:38.944+0000] {logging_mixin.py:188} INFO - [2026-05-07T23:54:38.944+0000] {dag.py:3096} INFO - Sync 1 DAGs
[2026-05-07T23:54:38.972+0000] {logging_mixin.py:188} INFO - [2026-05-07T23:54:38.971+0000] {dag.py:3954} INFO - Setting next_dagrun for example_xcom to 2021-01-01 00:00:00+00:00, run_after=2021-01-01 00:00:00+00:00
[2026-05-07T23:54:38.993+0000] {processor.py:183} INFO - Processing /home/airflow/.local/lib/python3.12/site-packages/airflow/example_dags/example_xcom.py took 0.098 seconds
[2026-05-07T23:55:09.136+0000] {processor.py:161} INFO - Started process (PID=11695) to work on /home/airflow/.local/lib/python3.12/site-packages/airflow/example_dags/example_xcom.py
[2026-05-07T23:55:09.137+0000] {processor.py:830} INFO - Processing file /home/airflow/.local/lib/python3.12/site-packages/airflow/example_dags/example_xcom.py for tasks to queue
[2026-05-07T23:55:09.140+0000] {logging_mixin.py:188} INFO - [2026-05-07T23:55:09.139+0000] {dagbag.py:545} INFO - Filling up the DagBag from /home/airflow/.local/lib/python3.12/site-packages/airflow/example_dags/example_xcom.py
[2026-05-07T23:55:09.147+0000] {processor.py:840} INFO - DAG(s) 'example_xcom' retrieved from /home/airflow/.local/lib/python3.12/site-packages/airflow/example_dags/example_xcom.py
[2026-05-07T23:55:09.169+0000] {logging_mixin.py:188} INFO - [2026-05-07T23:55:09.168+0000] {dag.py:3096} INFO - Sync 1 DAGs
[2026-05-07T23:55:09.188+0000] {logging_mixin.py:188} INFO - [2026-05-07T23:55:09.188+0000] {dag.py:3954} INFO - Setting next_dagrun for example_xcom to 2021-01-01 00:00:00+00:00, run_after=2021-01-01 00:00:00+00:00
[2026-05-07T23:55:09.206+0000] {processor.py:183} INFO - Processing /home/airflow/.local/lib/python3.12/site-packages/airflow/example_dags/example_xcom.py took 0.075 seconds
[2026-05-07T23:55:39.354+0000] {processor.py:161} INFO - Started process (PID=11752) to work on /home/airflow/.local/lib/python3.12/site-packages/airflow/example_dags/example_xcom.py
[2026-05-07T23:55:39.355+0000] {processor.py:830} INFO - Processing file /home/airflow/.local/lib/python3.12/site-packages/airflow/example_dags/example_xcom.py for tasks to queue
[2026-05-07T23:55:39.358+0000] {logging_mixin.py:188} INFO - [2026-05-07T23:55:39.357+0000] {dagbag.py:545} INFO - Filling up the DagBag from /home/airflow/.local/lib/python3.12/site-packages/airflow/example_dags/example_xcom.py
[2026-05-07T23:55:39.367+0000] {processor.py:840} INFO - DAG(s) 'example_xcom' retrieved from /home/airflow/.local/lib/python3.12/site-packages/airflow/example_dags/example_xcom.py
[2026-05-07T23:55:39.387+0000] {logging_mixin.py:188} INFO - [2026-05-07T23:55:39.387+0000] {dag.py:3096} INFO - Sync 1 DAGs
[2026-05-07T23:55:39.408+0000] {logging_mixin.py:188} INFO - [2026-05-07T23:55:39.407+0000] {dag.py:3954} INFO - Setting next_dagrun for example_xcom to 2021-01-01 00:00:00+00:00, run_after=2021-01-01 00:00:00+00:00
[2026-05-07T23:55:39.427+0000] {processor.py:183} INFO - Processing /home/airflow/.local/lib/python3.12/site-packages/airflow/example_dags/example_xcom.py took 0.078 seconds
[2026-05-07T23:56:09.521+0000] {processor.py:161} INFO - Started process (PID=11810) to work on /home/airflow/.local/lib/python3.12/site-packages/airflow/example_dags/example_xcom.py
[2026-05-07T23:56:09.522+0000] {processor.py:830} INFO - Processing file /home/airflow/.local/lib/python3.12/site-packages/airflow/example_dags/example_xcom.py for tasks to queue
[2026-05-07T23:56:09.524+0000] {logging_mixin.py:188} INFO - [2026-05-07T23:56:09.524+0000] {dagbag.py:545} INFO - Filling up the DagBag from /home/airflow/.local/lib/python3.12/site-packages/airflow/example_dags/example_xcom.py
[2026-05-07T23:56:09.530+0000] {processor.py:840} INFO - DAG(s) 'example_xcom' retrieved from /home/airflow/.local/lib/python3.12/site-packages/airflow/example_dags/example_xcom.py
[2026-05-07T23:56:09.551+0000] {logging_mixin.py:188} INFO - [2026-05-07T23:56:09.551+0000] {dag.py:3096} INFO - Sync 1 DAGs
[2026-05-07T23:56:09.571+0000] {logging_mixin.py:188} INFO - [2026-05-07T23:56:09.571+0000] {dag.py:3954} INFO - Setting next_dagrun for example_xcom to 2021-01-01 00:00:00+00:00, run_after=2021-01-01 00:00:00+00:00
[2026-05-07T23:56:09.593+0000] {processor.py:183} INFO - Processing /home/airflow/.local/lib/python3.12/site-packages/airflow/example_dags/example_xcom.py took 0.078 seconds
[2026-05-07T23:56:39.859+0000] {processor.py:161} INFO - Started process (PID=11868) to work on /home/airflow/.local/lib/python3.12/site-packages/airflow/example_dags/example_xcom.py
[2026-05-07T23:56:39.860+0000] {processor.py:830} INFO - Processing file /home/airflow/.local/lib/python3.12/site-packages/airflow/example_dags/example_xcom.py for tasks to queue
[2026-05-07T23:56:39.862+0000] {logging_mixin.py:188} INFO - [2026-05-07T23:56:39.862+0000] {dagbag.py:545} INFO - Filling up the DagBag from /home/airflow/.local/lib/python3.12/site-packages/airflow/example_dags/example_xcom.py
[2026-05-07T23:56:39.870+0000] {processor.py:840} INFO - DAG(s) 'example_xcom' retrieved from /home/airflow/.local/lib/python3.12/site-packages/airflow/example_dags/example_xcom.py
[2026-05-07T23:56:39.891+0000] {logging_mixin.py:188} INFO - [2026-05-07T23:56:39.891+0000] {dag.py:3096} INFO - Sync 1 DAGs
[2026-05-07T23:56:39.910+0000] {logging_mixin.py:188} INFO - [2026-05-07T23:56:39.910+0000] {dag.py:3954} INFO - Setting next_dagrun for example_xcom to 2021-01-01 00:00:00+00:00, run_after=2021-01-01 00:00:00+00:00
[2026-05-07T23:56:39.932+0000] {processor.py:183} INFO - Processing /home/airflow/.local/lib/python3.12/site-packages/airflow/example_dags/example_xcom.py took 0.080 seconds
[2026-05-07T23:57:10.374+0000] {processor.py:161} INFO - Started process (PID=11926) to work on /home/airflow/.local/lib/python3.12/site-packages/airflow/example_dags/example_xcom.py
[2026-05-07T23:57:10.375+0000] {processor.py:830} INFO - Processing file /home/airflow/.local/lib/python3.12/site-packages/airflow/example_dags/example_xcom.py for tasks to queue
[2026-05-07T23:57:10.377+0000] {logging_mixin.py:188} INFO - [2026-05-07T23:57:10.377+0000] {dagbag.py:545} INFO - Filling up the DagBag from /home/airflow/.local/lib/python3.12/site-packages/airflow/example_dags/example_xcom.py
[2026-05-07T23:57:10.385+0000] {processor.py:840} INFO - DAG(s) 'example_xcom' retrieved from /home/airflow/.local/lib/python3.12/site-packages/airflow/example_dags/example_xcom.py
[2026-05-07T23:57:10.407+0000] {logging_mixin.py:188} INFO - [2026-05-07T23:57:10.407+0000] {dag.py:3096} INFO - Sync 1 DAGs
[2026-05-07T23:57:10.429+0000] {logging_mixin.py:188} INFO - [2026-05-07T23:57:10.428+0000] {dag.py:3954} INFO - Setting next_dagrun for example_xcom to 2021-01-01 00:00:00+00:00, run_after=2021-01-01 00:00:00+00:00
[2026-05-07T23:57:10.450+0000] {processor.py:183} INFO - Processing /home/airflow/.local/lib/python3.12/site-packages/airflow/example_dags/example_xcom.py took 0.082 seconds
[2026-05-07T23:57:41.423+0000] {processor.py:161} INFO - Started process (PID=11984) to work on /home/airflow/.local/lib/python3.12/site-packages/airflow/example_dags/example_xcom.py
[2026-05-07T23:57:41.424+0000] {processor.py:830} INFO - Processing file /home/airflow/.local/lib/python3.12/site-packages/airflow/example_dags/example_xcom.py for tasks to queue
[2026-05-07T23:57:41.427+0000] {logging_mixin.py:188} INFO - [2026-05-07T23:57:41.427+0000] {dagbag.py:545} INFO - Filling up the DagBag from /home/airflow/.local/lib/python3.12/site-packages/airflow/example_dags/example_xcom.py
[2026-05-07T23:57:41.436+0000] {processor.py:840} INFO - DAG(s) 'example_xcom' retrieved from /home/airflow/.local/lib/python3.12/site-packages/airflow/example_dags/example_xcom.py
[2026-05-07T23:57:41.458+0000] {logging_mixin.py:188} INFO - [2026-05-07T23:57:41.458+0000] {dag.py:3096} INFO - Sync 1 DAGs
[2026-05-07T23:57:41.485+0000] {logging_mixin.py:188} INFO - [2026-05-07T23:57:41.485+0000] {dag.py:3954} INFO - Setting next_dagrun for example_xcom to 2021-01-01 00:00:00+00:00, run_after=2021-01-01 00:00:00+00:00
[2026-05-07T23:57:41.504+0000] {processor.py:183} INFO - Processing /home/airflow/.local/lib/python3.12/site-packages/airflow/example_dags/example_xcom.py took 0.086 seconds
[2026-05-07T23:58:11.764+0000] {processor.py:161} INFO - Started process (PID=12042) to work on /home/airflow/.local/lib/python3.12/site-packages/airflow/example_dags/example_xcom.py
[2026-05-07T23:58:11.766+0000] {processor.py:830} INFO - Processing file /home/airflow/.local/lib/python3.12/site-packages/airflow/example_dags/example_xcom.py for tasks to queue
[2026-05-07T23:58:11.769+0000] {logging_mixin.py:188} INFO - [2026-05-07T23:58:11.769+0000] {dagbag.py:545} INFO - Filling up the DagBag from /home/airflow/.local/lib/python3.12/site-packages/airflow/example_dags/example_xcom.py
[2026-05-07T23:58:11.781+0000] {processor.py:840} INFO - DAG(s) 'example_xcom' retrieved from /home/airflow/.local/lib/python3.12/site-packages/airflow/example_dags/example_xcom.py
[2026-05-07T23:58:11.815+0000] {logging_mixin.py:188} INFO - [2026-05-07T23:58:11.815+0000] {dag.py:3096} INFO - Sync 1 DAGs
[2026-05-07T23:58:11.845+0000] {logging_mixin.py:188} INFO - [2026-05-07T23:58:11.844+0000] {dag.py:3954} INFO - Setting next_dagrun for example_xcom to 2021-01-01 00:00:00+00:00, run_after=2021-01-01 00:00:00+00:00
[2026-05-07T23:58:11.873+0000] {processor.py:183} INFO - Processing /home/airflow/.local/lib/python3.12/site-packages/airflow/example_dags/example_xcom.py took 0.119 seconds
[2026-05-07T23:58:41.982+0000] {processor.py:161} INFO - Started process (PID=12100) to work on /home/airflow/.local/lib/python3.12/site-packages/airflow/example_dags/example_xcom.py
[2026-05-07T23:58:41.983+0000] {processor.py:830} INFO - Processing file /home/airflow/.local/lib/python3.12/site-packages/airflow/example_dags/example_xcom.py for tasks to queue
[2026-05-07T23:58:41.986+0000] {logging_mixin.py:188} INFO - [2026-05-07T23:58:41.985+0000] {dagbag.py:545} INFO - Filling up the DagBag from /home/airflow/.local/lib/python3.12/site-packages/airflow/example_dags/example_xcom.py
[2026-05-07T23:58:41.998+0000] {processor.py:840} INFO - DAG(s) 'example_xcom' retrieved from /home/airflow/.local/lib/python3.12/site-packages/airflow/example_dags/example_xcom.py
[2026-05-07T23:58:42.030+0000] {logging_mixin.py:188} INFO - [2026-05-07T23:58:42.029+0000] {dag.py:3096} INFO - Sync 1 DAGs
[2026-05-07T23:58:42.053+0000] {logging_mixin.py:188} INFO - [2026-05-07T23:58:42.053+0000] {dag.py:3954} INFO - Setting next_dagrun for example_xcom to 2021-01-01 00:00:00+00:00, run_after=2021-01-01 00:00:00+00:00
[2026-05-07T23:58:42.077+0000] {processor.py:183} INFO - Processing /home/airflow/.local/lib/python3.12/site-packages/airflow/example_dags/example_xcom.py took 0.102 seconds
[2026-05-07T23:59:12.157+0000] {processor.py:161} INFO - Started process (PID=12158) to work on /home/airflow/.local/lib/python3.12/site-packages/airflow/example_dags/example_xcom.py
[2026-05-07T23:59:12.158+0000] {processor.py:830} INFO - Processing file /home/airflow/.local/lib/python3.12/site-packages/airflow/example_dags/example_xcom.py for tasks to queue
[2026-05-07T23:59:12.160+0000] {logging_mixin.py:188} INFO - [2026-05-07T23:59:12.160+0000] {dagbag.py:545} INFO - Filling up the DagBag from /home/airflow/.local/lib/python3.12/site-packages/airflow/example_dags/example_xcom.py
[2026-05-07T23:59:12.168+0000] {processor.py:840} INFO - DAG(s) 'example_xcom' retrieved from /home/airflow/.local/lib/python3.12/site-packages/airflow/example_dags/example_xcom.py
[2026-05-07T23:59:12.189+0000] {logging_mixin.py:188} INFO - [2026-05-07T23:59:12.189+0000] {dag.py:3096} INFO - Sync 1 DAGs
[2026-05-07T23:59:12.210+0000] {logging_mixin.py:188} INFO - [2026-05-07T23:59:12.210+0000] {dag.py:3954} INFO - Setting next_dagrun for example_xcom to 2021-01-01 00:00:00+00:00, run_after=2021-01-01 00:00:00+00:00
[2026-05-07T23:59:12.230+0000] {processor.py:183} INFO - Processing /home/airflow/.local/lib/python3.12/site-packages/airflow/example_dags/example_xcom.py took 0.081 seconds
[2026-05-07T23:59:43.209+0000] {processor.py:161} INFO - Started process (PID=12216) to work on /home/airflow/.local/lib/python3.12/site-packages/airflow/example_dags/example_xcom.py
[2026-05-07T23:59:43.211+0000] {processor.py:830} INFO - Processing file /home/airflow/.local/lib/python3.12/site-packages/airflow/example_dags/example_xcom.py for tasks to queue
[2026-05-07T23:59:43.212+0000] {logging_mixin.py:188} INFO - [2026-05-07T23:59:43.212+0000] {dagbag.py:545} INFO - Filling up the DagBag from /home/airflow/.local/lib/python3.12/site-packages/airflow/example_dags/example_xcom.py
[2026-05-07T23:59:43.220+0000] {processor.py:840} INFO - DAG(s) 'example_xcom' retrieved from /home/airflow/.local/lib/python3.12/site-packages/airflow/example_dags/example_xcom.py
[2026-05-07T23:59:43.241+0000] {logging_mixin.py:188} INFO - [2026-05-07T23:59:43.241+0000] {dag.py:3096} INFO - Sync 1 DAGs
[2026-05-07T23:59:43.260+0000] {logging_mixin.py:188} INFO - [2026-05-07T23:59:43.260+0000] {dag.py:3954} INFO - Setting next_dagrun for example_xcom to 2021-01-01 00:00:00+00:00, run_after=2021-01-01 00:00:00+00:00
[2026-05-07T23:59:43.281+0000] {processor.py:183} INFO - Processing /home/airflow/.local/lib/python3.12/site-packages/airflow/example_dags/example_xcom.py took 0.076 seconds
