[2026-05-07T20:17:00.065+0000] {processor.py:161} INFO - Started process (PID=83) to work on /home/airflow/.local/lib/python3.12/site-packages/airflow/example_dags/example_time_delta_sensor_async.py
[2026-05-07T20:17:00.068+0000] {processor.py:830} INFO - Processing file /home/airflow/.local/lib/python3.12/site-packages/airflow/example_dags/example_time_delta_sensor_async.py for tasks to queue
[2026-05-07T20:17:00.073+0000] {logging_mixin.py:188} INFO - [2026-05-07T20:17:00.072+0000] {dagbag.py:545} INFO - Filling up the DagBag from /home/airflow/.local/lib/python3.12/site-packages/airflow/example_dags/example_time_delta_sensor_async.py
[2026-05-07T20:17:00.083+0000] {processor.py:840} INFO - DAG(s) 'example_time_delta_sensor_async' retrieved from /home/airflow/.local/lib/python3.12/site-packages/airflow/example_dags/example_time_delta_sensor_async.py
[2026-05-07T20:17:00.259+0000] {logging_mixin.py:188} INFO - [2026-05-07T20:17:00.259+0000] {dag.py:3096} INFO - Sync 1 DAGs
[2026-05-07T20:17:00.275+0000] {logging_mixin.py:188} INFO - [2026-05-07T20:17:00.274+0000] {dag.py:3954} INFO - Setting next_dagrun for example_time_delta_sensor_async to None, run_after=None
[2026-05-07T20:17:00.312+0000] {processor.py:183} INFO - Processing /home/airflow/.local/lib/python3.12/site-packages/airflow/example_dags/example_time_delta_sensor_async.py took 0.259 seconds
[2026-05-07T20:17:31.120+0000] {processor.py:161} INFO - Started process (PID=141) to work on /home/airflow/.local/lib/python3.12/site-packages/airflow/example_dags/example_time_delta_sensor_async.py
[2026-05-07T20:17:31.124+0000] {processor.py:830} INFO - Processing file /home/airflow/.local/lib/python3.12/site-packages/airflow/example_dags/example_time_delta_sensor_async.py for tasks to queue
[2026-05-07T20:17:31.129+0000] {logging_mixin.py:188} INFO - [2026-05-07T20:17:31.129+0000] {dagbag.py:545} INFO - Filling up the DagBag from /home/airflow/.local/lib/python3.12/site-packages/airflow/example_dags/example_time_delta_sensor_async.py
[2026-05-07T20:17:31.141+0000] {processor.py:840} INFO - DAG(s) 'example_time_delta_sensor_async' retrieved from /home/airflow/.local/lib/python3.12/site-packages/airflow/example_dags/example_time_delta_sensor_async.py
[2026-05-07T20:17:31.186+0000] {logging_mixin.py:188} INFO - [2026-05-07T20:17:31.186+0000] {dag.py:3096} INFO - Sync 1 DAGs
[2026-05-07T20:17:31.204+0000] {logging_mixin.py:188} INFO - [2026-05-07T20:17:31.203+0000] {dag.py:3954} INFO - Setting next_dagrun for example_time_delta_sensor_async to None, run_after=None
[2026-05-07T20:17:31.228+0000] {processor.py:183} INFO - Processing /home/airflow/.local/lib/python3.12/site-packages/airflow/example_dags/example_time_delta_sensor_async.py took 0.114 seconds
[2026-05-07T20:18:01.740+0000] {processor.py:161} INFO - Started process (PID=199) to work on /home/airflow/.local/lib/python3.12/site-packages/airflow/example_dags/example_time_delta_sensor_async.py
[2026-05-07T20:18:01.742+0000] {processor.py:830} INFO - Processing file /home/airflow/.local/lib/python3.12/site-packages/airflow/example_dags/example_time_delta_sensor_async.py for tasks to queue
[2026-05-07T20:18:01.744+0000] {logging_mixin.py:188} INFO - [2026-05-07T20:18:01.744+0000] {dagbag.py:545} INFO - Filling up the DagBag from /home/airflow/.local/lib/python3.12/site-packages/airflow/example_dags/example_time_delta_sensor_async.py
[2026-05-07T20:18:01.749+0000] {processor.py:840} INFO - DAG(s) 'example_time_delta_sensor_async' retrieved from /home/airflow/.local/lib/python3.12/site-packages/airflow/example_dags/example_time_delta_sensor_async.py
[2026-05-07T20:18:01.775+0000] {logging_mixin.py:188} INFO - [2026-05-07T20:18:01.775+0000] {dag.py:3096} INFO - Sync 1 DAGs
[2026-05-07T20:18:01.788+0000] {logging_mixin.py:188} INFO - [2026-05-07T20:18:01.788+0000] {dag.py:3954} INFO - Setting next_dagrun for example_time_delta_sensor_async to None, run_after=None
[2026-05-07T20:18:01.812+0000] {processor.py:183} INFO - Processing /home/airflow/.local/lib/python3.12/site-packages/airflow/example_dags/example_time_delta_sensor_async.py took 0.079 seconds
[2026-05-07T20:18:32.136+0000] {processor.py:161} INFO - Started process (PID=257) to work on /home/airflow/.local/lib/python3.12/site-packages/airflow/example_dags/example_time_delta_sensor_async.py
[2026-05-07T20:18:32.138+0000] {processor.py:830} INFO - Processing file /home/airflow/.local/lib/python3.12/site-packages/airflow/example_dags/example_time_delta_sensor_async.py for tasks to queue
[2026-05-07T20:18:32.141+0000] {logging_mixin.py:188} INFO - [2026-05-07T20:18:32.140+0000] {dagbag.py:545} INFO - Filling up the DagBag from /home/airflow/.local/lib/python3.12/site-packages/airflow/example_dags/example_time_delta_sensor_async.py
[2026-05-07T20:18:32.148+0000] {processor.py:840} INFO - DAG(s) 'example_time_delta_sensor_async' retrieved from /home/airflow/.local/lib/python3.12/site-packages/airflow/example_dags/example_time_delta_sensor_async.py
[2026-05-07T20:18:32.178+0000] {logging_mixin.py:188} INFO - [2026-05-07T20:18:32.178+0000] {dag.py:3096} INFO - Sync 1 DAGs
[2026-05-07T20:18:32.198+0000] {logging_mixin.py:188} INFO - [2026-05-07T20:18:32.197+0000] {dag.py:3954} INFO - Setting next_dagrun for example_time_delta_sensor_async to None, run_after=None
[2026-05-07T20:18:32.230+0000] {processor.py:183} INFO - Processing /home/airflow/.local/lib/python3.12/site-packages/airflow/example_dags/example_time_delta_sensor_async.py took 0.103 seconds
[2026-05-07T20:19:02.607+0000] {processor.py:161} INFO - Started process (PID=315) to work on /home/airflow/.local/lib/python3.12/site-packages/airflow/example_dags/example_time_delta_sensor_async.py
[2026-05-07T20:19:02.608+0000] {processor.py:830} INFO - Processing file /home/airflow/.local/lib/python3.12/site-packages/airflow/example_dags/example_time_delta_sensor_async.py for tasks to queue
[2026-05-07T20:19:02.610+0000] {logging_mixin.py:188} INFO - [2026-05-07T20:19:02.609+0000] {dagbag.py:545} INFO - Filling up the DagBag from /home/airflow/.local/lib/python3.12/site-packages/airflow/example_dags/example_time_delta_sensor_async.py
[2026-05-07T20:19:02.614+0000] {processor.py:840} INFO - DAG(s) 'example_time_delta_sensor_async' retrieved from /home/airflow/.local/lib/python3.12/site-packages/airflow/example_dags/example_time_delta_sensor_async.py
[2026-05-07T20:19:02.635+0000] {logging_mixin.py:188} INFO - [2026-05-07T20:19:02.635+0000] {dag.py:3096} INFO - Sync 1 DAGs
[2026-05-07T20:19:02.647+0000] {logging_mixin.py:188} INFO - [2026-05-07T20:19:02.647+0000] {dag.py:3954} INFO - Setting next_dagrun for example_time_delta_sensor_async to None, run_after=None
[2026-05-07T20:19:02.731+0000] {processor.py:183} INFO - Processing /home/airflow/.local/lib/python3.12/site-packages/airflow/example_dags/example_time_delta_sensor_async.py took 0.129 seconds
[2026-05-07T20:19:33.018+0000] {processor.py:161} INFO - Started process (PID=373) to work on /home/airflow/.local/lib/python3.12/site-packages/airflow/example_dags/example_time_delta_sensor_async.py
[2026-05-07T20:19:33.083+0000] {processor.py:830} INFO - Processing file /home/airflow/.local/lib/python3.12/site-packages/airflow/example_dags/example_time_delta_sensor_async.py for tasks to queue
[2026-05-07T20:19:33.088+0000] {logging_mixin.py:188} INFO - [2026-05-07T20:19:33.088+0000] {dagbag.py:545} INFO - Filling up the DagBag from /home/airflow/.local/lib/python3.12/site-packages/airflow/example_dags/example_time_delta_sensor_async.py
[2026-05-07T20:19:33.095+0000] {processor.py:840} INFO - DAG(s) 'example_time_delta_sensor_async' retrieved from /home/airflow/.local/lib/python3.12/site-packages/airflow/example_dags/example_time_delta_sensor_async.py
[2026-05-07T20:19:33.121+0000] {logging_mixin.py:188} INFO - [2026-05-07T20:19:33.120+0000] {dag.py:3096} INFO - Sync 1 DAGs
[2026-05-07T20:19:33.134+0000] {logging_mixin.py:188} INFO - [2026-05-07T20:19:33.134+0000] {dag.py:3954} INFO - Setting next_dagrun for example_time_delta_sensor_async to None, run_after=None
[2026-05-07T20:19:33.161+0000] {processor.py:183} INFO - Processing /home/airflow/.local/lib/python3.12/site-packages/airflow/example_dags/example_time_delta_sensor_async.py took 0.150 seconds
[2026-05-07T20:20:03.649+0000] {processor.py:161} INFO - Started process (PID=431) to work on /home/airflow/.local/lib/python3.12/site-packages/airflow/example_dags/example_time_delta_sensor_async.py
[2026-05-07T20:20:03.651+0000] {processor.py:830} INFO - Processing file /home/airflow/.local/lib/python3.12/site-packages/airflow/example_dags/example_time_delta_sensor_async.py for tasks to queue
[2026-05-07T20:20:03.654+0000] {logging_mixin.py:188} INFO - [2026-05-07T20:20:03.654+0000] {dagbag.py:545} INFO - Filling up the DagBag from /home/airflow/.local/lib/python3.12/site-packages/airflow/example_dags/example_time_delta_sensor_async.py
[2026-05-07T20:20:03.659+0000] {processor.py:840} INFO - DAG(s) 'example_time_delta_sensor_async' retrieved from /home/airflow/.local/lib/python3.12/site-packages/airflow/example_dags/example_time_delta_sensor_async.py
[2026-05-07T20:20:03.687+0000] {logging_mixin.py:188} INFO - [2026-05-07T20:20:03.686+0000] {dag.py:3096} INFO - Sync 1 DAGs
[2026-05-07T20:20:03.699+0000] {logging_mixin.py:188} INFO - [2026-05-07T20:20:03.699+0000] {dag.py:3954} INFO - Setting next_dagrun for example_time_delta_sensor_async to None, run_after=None
[2026-05-07T20:20:03.723+0000] {processor.py:183} INFO - Processing /home/airflow/.local/lib/python3.12/site-packages/airflow/example_dags/example_time_delta_sensor_async.py took 0.086 seconds
[2026-05-07T20:20:33.887+0000] {processor.py:161} INFO - Started process (PID=488) to work on /home/airflow/.local/lib/python3.12/site-packages/airflow/example_dags/example_time_delta_sensor_async.py
[2026-05-07T20:20:33.889+0000] {processor.py:830} INFO - Processing file /home/airflow/.local/lib/python3.12/site-packages/airflow/example_dags/example_time_delta_sensor_async.py for tasks to queue
[2026-05-07T20:20:33.892+0000] {logging_mixin.py:188} INFO - [2026-05-07T20:20:33.891+0000] {dagbag.py:545} INFO - Filling up the DagBag from /home/airflow/.local/lib/python3.12/site-packages/airflow/example_dags/example_time_delta_sensor_async.py
[2026-05-07T20:20:33.897+0000] {processor.py:840} INFO - DAG(s) 'example_time_delta_sensor_async' retrieved from /home/airflow/.local/lib/python3.12/site-packages/airflow/example_dags/example_time_delta_sensor_async.py
[2026-05-07T20:20:33.921+0000] {logging_mixin.py:188} INFO - [2026-05-07T20:20:33.921+0000] {dag.py:3096} INFO - Sync 1 DAGs
[2026-05-07T20:20:33.934+0000] {logging_mixin.py:188} INFO - [2026-05-07T20:20:33.934+0000] {dag.py:3954} INFO - Setting next_dagrun for example_time_delta_sensor_async to None, run_after=None
[2026-05-07T20:20:33.959+0000] {processor.py:183} INFO - Processing /home/airflow/.local/lib/python3.12/site-packages/airflow/example_dags/example_time_delta_sensor_async.py took 0.078 seconds
[2026-05-07T20:21:04.164+0000] {processor.py:161} INFO - Started process (PID=546) to work on /home/airflow/.local/lib/python3.12/site-packages/airflow/example_dags/example_time_delta_sensor_async.py
[2026-05-07T20:21:04.165+0000] {processor.py:830} INFO - Processing file /home/airflow/.local/lib/python3.12/site-packages/airflow/example_dags/example_time_delta_sensor_async.py for tasks to queue
[2026-05-07T20:21:04.168+0000] {logging_mixin.py:188} INFO - [2026-05-07T20:21:04.168+0000] {dagbag.py:545} INFO - Filling up the DagBag from /home/airflow/.local/lib/python3.12/site-packages/airflow/example_dags/example_time_delta_sensor_async.py
[2026-05-07T20:21:04.174+0000] {processor.py:840} INFO - DAG(s) 'example_time_delta_sensor_async' retrieved from /home/airflow/.local/lib/python3.12/site-packages/airflow/example_dags/example_time_delta_sensor_async.py
[2026-05-07T20:21:04.195+0000] {logging_mixin.py:188} INFO - [2026-05-07T20:21:04.195+0000] {dag.py:3096} INFO - Sync 1 DAGs
[2026-05-07T20:21:04.208+0000] {logging_mixin.py:188} INFO - [2026-05-07T20:21:04.207+0000] {dag.py:3954} INFO - Setting next_dagrun for example_time_delta_sensor_async to None, run_after=None
[2026-05-07T20:21:04.256+0000] {processor.py:183} INFO - Processing /home/airflow/.local/lib/python3.12/site-packages/airflow/example_dags/example_time_delta_sensor_async.py took 0.100 seconds
[2026-05-07T20:21:34.582+0000] {processor.py:161} INFO - Started process (PID=604) to work on /home/airflow/.local/lib/python3.12/site-packages/airflow/example_dags/example_time_delta_sensor_async.py
[2026-05-07T20:21:34.584+0000] {processor.py:830} INFO - Processing file /home/airflow/.local/lib/python3.12/site-packages/airflow/example_dags/example_time_delta_sensor_async.py for tasks to queue
[2026-05-07T20:21:34.587+0000] {logging_mixin.py:188} INFO - [2026-05-07T20:21:34.586+0000] {dagbag.py:545} INFO - Filling up the DagBag from /home/airflow/.local/lib/python3.12/site-packages/airflow/example_dags/example_time_delta_sensor_async.py
[2026-05-07T20:21:34.591+0000] {processor.py:840} INFO - DAG(s) 'example_time_delta_sensor_async' retrieved from /home/airflow/.local/lib/python3.12/site-packages/airflow/example_dags/example_time_delta_sensor_async.py
[2026-05-07T20:21:34.612+0000] {logging_mixin.py:188} INFO - [2026-05-07T20:21:34.611+0000] {dag.py:3096} INFO - Sync 1 DAGs
[2026-05-07T20:21:34.628+0000] {logging_mixin.py:188} INFO - [2026-05-07T20:21:34.628+0000] {dag.py:3954} INFO - Setting next_dagrun for example_time_delta_sensor_async to None, run_after=None
[2026-05-07T20:21:34.730+0000] {processor.py:183} INFO - Processing /home/airflow/.local/lib/python3.12/site-packages/airflow/example_dags/example_time_delta_sensor_async.py took 0.153 seconds
[2026-05-07T20:22:04.918+0000] {processor.py:161} INFO - Started process (PID=662) to work on /home/airflow/.local/lib/python3.12/site-packages/airflow/example_dags/example_time_delta_sensor_async.py
[2026-05-07T20:22:04.920+0000] {processor.py:830} INFO - Processing file /home/airflow/.local/lib/python3.12/site-packages/airflow/example_dags/example_time_delta_sensor_async.py for tasks to queue
[2026-05-07T20:22:04.922+0000] {logging_mixin.py:188} INFO - [2026-05-07T20:22:04.922+0000] {dagbag.py:545} INFO - Filling up the DagBag from /home/airflow/.local/lib/python3.12/site-packages/airflow/example_dags/example_time_delta_sensor_async.py
[2026-05-07T20:22:04.927+0000] {processor.py:840} INFO - DAG(s) 'example_time_delta_sensor_async' retrieved from /home/airflow/.local/lib/python3.12/site-packages/airflow/example_dags/example_time_delta_sensor_async.py
[2026-05-07T20:22:04.948+0000] {logging_mixin.py:188} INFO - [2026-05-07T20:22:04.948+0000] {dag.py:3096} INFO - Sync 1 DAGs
[2026-05-07T20:22:04.959+0000] {logging_mixin.py:188} INFO - [2026-05-07T20:22:04.959+0000] {dag.py:3954} INFO - Setting next_dagrun for example_time_delta_sensor_async to None, run_after=None
[2026-05-07T20:22:04.984+0000] {processor.py:183} INFO - Processing /home/airflow/.local/lib/python3.12/site-packages/airflow/example_dags/example_time_delta_sensor_async.py took 0.073 seconds
[2026-05-07T20:22:35.100+0000] {processor.py:161} INFO - Started process (PID=721) to work on /home/airflow/.local/lib/python3.12/site-packages/airflow/example_dags/example_time_delta_sensor_async.py
[2026-05-07T20:22:35.102+0000] {processor.py:830} INFO - Processing file /home/airflow/.local/lib/python3.12/site-packages/airflow/example_dags/example_time_delta_sensor_async.py for tasks to queue
[2026-05-07T20:22:35.105+0000] {logging_mixin.py:188} INFO - [2026-05-07T20:22:35.104+0000] {dagbag.py:545} INFO - Filling up the DagBag from /home/airflow/.local/lib/python3.12/site-packages/airflow/example_dags/example_time_delta_sensor_async.py
[2026-05-07T20:22:35.109+0000] {processor.py:840} INFO - DAG(s) 'example_time_delta_sensor_async' retrieved from /home/airflow/.local/lib/python3.12/site-packages/airflow/example_dags/example_time_delta_sensor_async.py
[2026-05-07T20:22:35.130+0000] {logging_mixin.py:188} INFO - [2026-05-07T20:22:35.130+0000] {dag.py:3096} INFO - Sync 1 DAGs
[2026-05-07T20:22:35.142+0000] {logging_mixin.py:188} INFO - [2026-05-07T20:22:35.142+0000] {dag.py:3954} INFO - Setting next_dagrun for example_time_delta_sensor_async to None, run_after=None
[2026-05-07T20:22:35.166+0000] {processor.py:183} INFO - Processing /home/airflow/.local/lib/python3.12/site-packages/airflow/example_dags/example_time_delta_sensor_async.py took 0.071 seconds
[2026-05-07T20:23:05.768+0000] {processor.py:161} INFO - Started process (PID=779) to work on /home/airflow/.local/lib/python3.12/site-packages/airflow/example_dags/example_time_delta_sensor_async.py
[2026-05-07T20:23:05.769+0000] {processor.py:830} INFO - Processing file /home/airflow/.local/lib/python3.12/site-packages/airflow/example_dags/example_time_delta_sensor_async.py for tasks to queue
[2026-05-07T20:23:05.772+0000] {logging_mixin.py:188} INFO - [2026-05-07T20:23:05.771+0000] {dagbag.py:545} INFO - Filling up the DagBag from /home/airflow/.local/lib/python3.12/site-packages/airflow/example_dags/example_time_delta_sensor_async.py
[2026-05-07T20:23:05.778+0000] {processor.py:840} INFO - DAG(s) 'example_time_delta_sensor_async' retrieved from /home/airflow/.local/lib/python3.12/site-packages/airflow/example_dags/example_time_delta_sensor_async.py
[2026-05-07T20:23:05.801+0000] {logging_mixin.py:188} INFO - [2026-05-07T20:23:05.800+0000] {dag.py:3096} INFO - Sync 1 DAGs
[2026-05-07T20:23:05.813+0000] {logging_mixin.py:188} INFO - [2026-05-07T20:23:05.813+0000] {dag.py:3954} INFO - Setting next_dagrun for example_time_delta_sensor_async to None, run_after=None
[2026-05-07T20:23:05.854+0000] {processor.py:183} INFO - Processing /home/airflow/.local/lib/python3.12/site-packages/airflow/example_dags/example_time_delta_sensor_async.py took 0.092 seconds
[2026-05-07T20:23:36.039+0000] {processor.py:161} INFO - Started process (PID=838) to work on /home/airflow/.local/lib/python3.12/site-packages/airflow/example_dags/example_time_delta_sensor_async.py
[2026-05-07T20:23:36.040+0000] {processor.py:830} INFO - Processing file /home/airflow/.local/lib/python3.12/site-packages/airflow/example_dags/example_time_delta_sensor_async.py for tasks to queue
[2026-05-07T20:23:36.042+0000] {logging_mixin.py:188} INFO - [2026-05-07T20:23:36.042+0000] {dagbag.py:545} INFO - Filling up the DagBag from /home/airflow/.local/lib/python3.12/site-packages/airflow/example_dags/example_time_delta_sensor_async.py
[2026-05-07T20:23:36.047+0000] {processor.py:840} INFO - DAG(s) 'example_time_delta_sensor_async' retrieved from /home/airflow/.local/lib/python3.12/site-packages/airflow/example_dags/example_time_delta_sensor_async.py
[2026-05-07T20:23:36.069+0000] {logging_mixin.py:188} INFO - [2026-05-07T20:23:36.069+0000] {dag.py:3096} INFO - Sync 1 DAGs
[2026-05-07T20:23:36.081+0000] {logging_mixin.py:188} INFO - [2026-05-07T20:23:36.081+0000] {dag.py:3954} INFO - Setting next_dagrun for example_time_delta_sensor_async to None, run_after=None
[2026-05-07T20:23:36.102+0000] {processor.py:183} INFO - Processing /home/airflow/.local/lib/python3.12/site-packages/airflow/example_dags/example_time_delta_sensor_async.py took 0.069 seconds
[2026-05-07T20:24:06.457+0000] {processor.py:161} INFO - Started process (PID=896) to work on /home/airflow/.local/lib/python3.12/site-packages/airflow/example_dags/example_time_delta_sensor_async.py
[2026-05-07T20:24:06.458+0000] {processor.py:830} INFO - Processing file /home/airflow/.local/lib/python3.12/site-packages/airflow/example_dags/example_time_delta_sensor_async.py for tasks to queue
[2026-05-07T20:24:06.461+0000] {logging_mixin.py:188} INFO - [2026-05-07T20:24:06.460+0000] {dagbag.py:545} INFO - Filling up the DagBag from /home/airflow/.local/lib/python3.12/site-packages/airflow/example_dags/example_time_delta_sensor_async.py
[2026-05-07T20:24:06.465+0000] {processor.py:840} INFO - DAG(s) 'example_time_delta_sensor_async' retrieved from /home/airflow/.local/lib/python3.12/site-packages/airflow/example_dags/example_time_delta_sensor_async.py
[2026-05-07T20:24:06.489+0000] {logging_mixin.py:188} INFO - [2026-05-07T20:24:06.489+0000] {dag.py:3096} INFO - Sync 1 DAGs
[2026-05-07T20:24:06.501+0000] {logging_mixin.py:188} INFO - [2026-05-07T20:24:06.501+0000] {dag.py:3954} INFO - Setting next_dagrun for example_time_delta_sensor_async to None, run_after=None
[2026-05-07T20:24:06.524+0000] {processor.py:183} INFO - Processing /home/airflow/.local/lib/python3.12/site-packages/airflow/example_dags/example_time_delta_sensor_async.py took 0.073 seconds
[2026-05-07T20:24:36.842+0000] {processor.py:161} INFO - Started process (PID=954) to work on /home/airflow/.local/lib/python3.12/site-packages/airflow/example_dags/example_time_delta_sensor_async.py
[2026-05-07T20:24:36.844+0000] {processor.py:830} INFO - Processing file /home/airflow/.local/lib/python3.12/site-packages/airflow/example_dags/example_time_delta_sensor_async.py for tasks to queue
[2026-05-07T20:24:36.847+0000] {logging_mixin.py:188} INFO - [2026-05-07T20:24:36.847+0000] {dagbag.py:545} INFO - Filling up the DagBag from /home/airflow/.local/lib/python3.12/site-packages/airflow/example_dags/example_time_delta_sensor_async.py
[2026-05-07T20:24:36.851+0000] {processor.py:840} INFO - DAG(s) 'example_time_delta_sensor_async' retrieved from /home/airflow/.local/lib/python3.12/site-packages/airflow/example_dags/example_time_delta_sensor_async.py
[2026-05-07T20:24:36.873+0000] {logging_mixin.py:188} INFO - [2026-05-07T20:24:36.873+0000] {dag.py:3096} INFO - Sync 1 DAGs
[2026-05-07T20:24:36.885+0000] {logging_mixin.py:188} INFO - [2026-05-07T20:24:36.884+0000] {dag.py:3954} INFO - Setting next_dagrun for example_time_delta_sensor_async to None, run_after=None
[2026-05-07T20:24:36.917+0000] {processor.py:183} INFO - Processing /home/airflow/.local/lib/python3.12/site-packages/airflow/example_dags/example_time_delta_sensor_async.py took 0.081 seconds
[2026-05-07T20:25:07.036+0000] {processor.py:161} INFO - Started process (PID=1012) to work on /home/airflow/.local/lib/python3.12/site-packages/airflow/example_dags/example_time_delta_sensor_async.py
[2026-05-07T20:25:07.037+0000] {processor.py:830} INFO - Processing file /home/airflow/.local/lib/python3.12/site-packages/airflow/example_dags/example_time_delta_sensor_async.py for tasks to queue
[2026-05-07T20:25:07.039+0000] {logging_mixin.py:188} INFO - [2026-05-07T20:25:07.039+0000] {dagbag.py:545} INFO - Filling up the DagBag from /home/airflow/.local/lib/python3.12/site-packages/airflow/example_dags/example_time_delta_sensor_async.py
[2026-05-07T20:25:07.044+0000] {processor.py:840} INFO - DAG(s) 'example_time_delta_sensor_async' retrieved from /home/airflow/.local/lib/python3.12/site-packages/airflow/example_dags/example_time_delta_sensor_async.py
[2026-05-07T20:25:07.063+0000] {logging_mixin.py:188} INFO - [2026-05-07T20:25:07.063+0000] {dag.py:3096} INFO - Sync 1 DAGs
[2026-05-07T20:25:07.074+0000] {logging_mixin.py:188} INFO - [2026-05-07T20:25:07.074+0000] {dag.py:3954} INFO - Setting next_dagrun for example_time_delta_sensor_async to None, run_after=None
[2026-05-07T20:25:07.167+0000] {processor.py:183} INFO - Processing /home/airflow/.local/lib/python3.12/site-packages/airflow/example_dags/example_time_delta_sensor_async.py took 0.136 seconds
[2026-05-07T20:25:37.341+0000] {processor.py:161} INFO - Started process (PID=1070) to work on /home/airflow/.local/lib/python3.12/site-packages/airflow/example_dags/example_time_delta_sensor_async.py
[2026-05-07T20:25:37.344+0000] {processor.py:830} INFO - Processing file /home/airflow/.local/lib/python3.12/site-packages/airflow/example_dags/example_time_delta_sensor_async.py for tasks to queue
[2026-05-07T20:25:37.347+0000] {logging_mixin.py:188} INFO - [2026-05-07T20:25:37.346+0000] {dagbag.py:545} INFO - Filling up the DagBag from /home/airflow/.local/lib/python3.12/site-packages/airflow/example_dags/example_time_delta_sensor_async.py
[2026-05-07T20:25:37.354+0000] {processor.py:840} INFO - DAG(s) 'example_time_delta_sensor_async' retrieved from /home/airflow/.local/lib/python3.12/site-packages/airflow/example_dags/example_time_delta_sensor_async.py
[2026-05-07T20:25:37.391+0000] {logging_mixin.py:188} INFO - [2026-05-07T20:25:37.391+0000] {dag.py:3096} INFO - Sync 1 DAGs
[2026-05-07T20:25:37.405+0000] {logging_mixin.py:188} INFO - [2026-05-07T20:25:37.405+0000] {dag.py:3954} INFO - Setting next_dagrun for example_time_delta_sensor_async to None, run_after=None
[2026-05-07T20:25:37.432+0000] {processor.py:183} INFO - Processing /home/airflow/.local/lib/python3.12/site-packages/airflow/example_dags/example_time_delta_sensor_async.py took 0.100 seconds
[2026-05-07T20:26:08.254+0000] {processor.py:161} INFO - Started process (PID=1128) to work on /home/airflow/.local/lib/python3.12/site-packages/airflow/example_dags/example_time_delta_sensor_async.py
[2026-05-07T20:26:08.255+0000] {processor.py:830} INFO - Processing file /home/airflow/.local/lib/python3.12/site-packages/airflow/example_dags/example_time_delta_sensor_async.py for tasks to queue
[2026-05-07T20:26:08.259+0000] {logging_mixin.py:188} INFO - [2026-05-07T20:26:08.258+0000] {dagbag.py:545} INFO - Filling up the DagBag from /home/airflow/.local/lib/python3.12/site-packages/airflow/example_dags/example_time_delta_sensor_async.py
[2026-05-07T20:26:08.265+0000] {processor.py:840} INFO - DAG(s) 'example_time_delta_sensor_async' retrieved from /home/airflow/.local/lib/python3.12/site-packages/airflow/example_dags/example_time_delta_sensor_async.py
[2026-05-07T20:26:08.299+0000] {logging_mixin.py:188} INFO - [2026-05-07T20:26:08.298+0000] {dag.py:3096} INFO - Sync 1 DAGs
[2026-05-07T20:26:08.317+0000] {logging_mixin.py:188} INFO - [2026-05-07T20:26:08.317+0000] {dag.py:3954} INFO - Setting next_dagrun for example_time_delta_sensor_async to None, run_after=None
[2026-05-07T20:26:08.354+0000] {processor.py:183} INFO - Processing /home/airflow/.local/lib/python3.12/site-packages/airflow/example_dags/example_time_delta_sensor_async.py took 0.108 seconds
[2026-05-07T20:26:38.876+0000] {processor.py:161} INFO - Started process (PID=1187) to work on /home/airflow/.local/lib/python3.12/site-packages/airflow/example_dags/example_time_delta_sensor_async.py
[2026-05-07T20:26:38.878+0000] {processor.py:830} INFO - Processing file /home/airflow/.local/lib/python3.12/site-packages/airflow/example_dags/example_time_delta_sensor_async.py for tasks to queue
[2026-05-07T20:26:38.880+0000] {logging_mixin.py:188} INFO - [2026-05-07T20:26:38.880+0000] {dagbag.py:545} INFO - Filling up the DagBag from /home/airflow/.local/lib/python3.12/site-packages/airflow/example_dags/example_time_delta_sensor_async.py
[2026-05-07T20:26:38.884+0000] {processor.py:840} INFO - DAG(s) 'example_time_delta_sensor_async' retrieved from /home/airflow/.local/lib/python3.12/site-packages/airflow/example_dags/example_time_delta_sensor_async.py
[2026-05-07T20:26:38.906+0000] {logging_mixin.py:188} INFO - [2026-05-07T20:26:38.905+0000] {dag.py:3096} INFO - Sync 1 DAGs
[2026-05-07T20:26:38.917+0000] {logging_mixin.py:188} INFO - [2026-05-07T20:26:38.917+0000] {dag.py:3954} INFO - Setting next_dagrun for example_time_delta_sensor_async to None, run_after=None
[2026-05-07T20:26:38.999+0000] {processor.py:183} INFO - Processing /home/airflow/.local/lib/python3.12/site-packages/airflow/example_dags/example_time_delta_sensor_async.py took 0.131 seconds
[2026-05-07T20:27:09.964+0000] {processor.py:161} INFO - Started process (PID=1244) to work on /home/airflow/.local/lib/python3.12/site-packages/airflow/example_dags/example_time_delta_sensor_async.py
[2026-05-07T20:27:09.966+0000] {processor.py:830} INFO - Processing file /home/airflow/.local/lib/python3.12/site-packages/airflow/example_dags/example_time_delta_sensor_async.py for tasks to queue
[2026-05-07T20:27:09.969+0000] {logging_mixin.py:188} INFO - [2026-05-07T20:27:09.969+0000] {dagbag.py:545} INFO - Filling up the DagBag from /home/airflow/.local/lib/python3.12/site-packages/airflow/example_dags/example_time_delta_sensor_async.py
[2026-05-07T20:27:09.974+0000] {processor.py:840} INFO - DAG(s) 'example_time_delta_sensor_async' retrieved from /home/airflow/.local/lib/python3.12/site-packages/airflow/example_dags/example_time_delta_sensor_async.py
[2026-05-07T20:27:09.994+0000] {logging_mixin.py:188} INFO - [2026-05-07T20:27:09.994+0000] {dag.py:3096} INFO - Sync 1 DAGs
[2026-05-07T20:27:10.005+0000] {logging_mixin.py:188} INFO - [2026-05-07T20:27:10.005+0000] {dag.py:3954} INFO - Setting next_dagrun for example_time_delta_sensor_async to None, run_after=None
[2026-05-07T20:27:10.025+0000] {processor.py:183} INFO - Processing /home/airflow/.local/lib/python3.12/site-packages/airflow/example_dags/example_time_delta_sensor_async.py took 0.067 seconds
[2026-05-07T20:27:40.686+0000] {processor.py:161} INFO - Started process (PID=1301) to work on /home/airflow/.local/lib/python3.12/site-packages/airflow/example_dags/example_time_delta_sensor_async.py
[2026-05-07T20:27:40.688+0000] {processor.py:830} INFO - Processing file /home/airflow/.local/lib/python3.12/site-packages/airflow/example_dags/example_time_delta_sensor_async.py for tasks to queue
[2026-05-07T20:27:40.690+0000] {logging_mixin.py:188} INFO - [2026-05-07T20:27:40.690+0000] {dagbag.py:545} INFO - Filling up the DagBag from /home/airflow/.local/lib/python3.12/site-packages/airflow/example_dags/example_time_delta_sensor_async.py
[2026-05-07T20:27:40.694+0000] {processor.py:840} INFO - DAG(s) 'example_time_delta_sensor_async' retrieved from /home/airflow/.local/lib/python3.12/site-packages/airflow/example_dags/example_time_delta_sensor_async.py
[2026-05-07T20:27:40.714+0000] {logging_mixin.py:188} INFO - [2026-05-07T20:27:40.714+0000] {dag.py:3096} INFO - Sync 1 DAGs
[2026-05-07T20:27:40.725+0000] {logging_mixin.py:188} INFO - [2026-05-07T20:27:40.724+0000] {dag.py:3954} INFO - Setting next_dagrun for example_time_delta_sensor_async to None, run_after=None
[2026-05-07T20:27:40.818+0000] {processor.py:183} INFO - Processing /home/airflow/.local/lib/python3.12/site-packages/airflow/example_dags/example_time_delta_sensor_async.py took 0.137 seconds
[2026-05-07T20:28:11.676+0000] {processor.py:161} INFO - Started process (PID=1359) to work on /home/airflow/.local/lib/python3.12/site-packages/airflow/example_dags/example_time_delta_sensor_async.py
[2026-05-07T20:28:11.679+0000] {processor.py:830} INFO - Processing file /home/airflow/.local/lib/python3.12/site-packages/airflow/example_dags/example_time_delta_sensor_async.py for tasks to queue
[2026-05-07T20:28:11.682+0000] {logging_mixin.py:188} INFO - [2026-05-07T20:28:11.682+0000] {dagbag.py:545} INFO - Filling up the DagBag from /home/airflow/.local/lib/python3.12/site-packages/airflow/example_dags/example_time_delta_sensor_async.py
[2026-05-07T20:28:11.688+0000] {processor.py:840} INFO - DAG(s) 'example_time_delta_sensor_async' retrieved from /home/airflow/.local/lib/python3.12/site-packages/airflow/example_dags/example_time_delta_sensor_async.py
[2026-05-07T20:28:11.709+0000] {logging_mixin.py:188} INFO - [2026-05-07T20:28:11.709+0000] {dag.py:3096} INFO - Sync 1 DAGs
[2026-05-07T20:28:11.720+0000] {logging_mixin.py:188} INFO - [2026-05-07T20:28:11.720+0000] {dag.py:3954} INFO - Setting next_dagrun for example_time_delta_sensor_async to None, run_after=None
[2026-05-07T20:28:11.744+0000] {processor.py:183} INFO - Processing /home/airflow/.local/lib/python3.12/site-packages/airflow/example_dags/example_time_delta_sensor_async.py took 0.079 seconds
[2026-05-07T20:28:42.172+0000] {processor.py:161} INFO - Started process (PID=1417) to work on /home/airflow/.local/lib/python3.12/site-packages/airflow/example_dags/example_time_delta_sensor_async.py
[2026-05-07T20:28:42.175+0000] {processor.py:830} INFO - Processing file /home/airflow/.local/lib/python3.12/site-packages/airflow/example_dags/example_time_delta_sensor_async.py for tasks to queue
[2026-05-07T20:28:42.178+0000] {logging_mixin.py:188} INFO - [2026-05-07T20:28:42.177+0000] {dagbag.py:545} INFO - Filling up the DagBag from /home/airflow/.local/lib/python3.12/site-packages/airflow/example_dags/example_time_delta_sensor_async.py
[2026-05-07T20:28:42.183+0000] {processor.py:840} INFO - DAG(s) 'example_time_delta_sensor_async' retrieved from /home/airflow/.local/lib/python3.12/site-packages/airflow/example_dags/example_time_delta_sensor_async.py
[2026-05-07T20:28:42.214+0000] {logging_mixin.py:188} INFO - [2026-05-07T20:28:42.214+0000] {dag.py:3096} INFO - Sync 1 DAGs
[2026-05-07T20:28:42.228+0000] {logging_mixin.py:188} INFO - [2026-05-07T20:28:42.228+0000] {dag.py:3954} INFO - Setting next_dagrun for example_time_delta_sensor_async to None, run_after=None
[2026-05-07T20:28:42.257+0000] {processor.py:183} INFO - Processing /home/airflow/.local/lib/python3.12/site-packages/airflow/example_dags/example_time_delta_sensor_async.py took 0.091 seconds
[2026-05-07T20:29:12.501+0000] {processor.py:161} INFO - Started process (PID=1475) to work on /home/airflow/.local/lib/python3.12/site-packages/airflow/example_dags/example_time_delta_sensor_async.py
[2026-05-07T20:29:12.503+0000] {processor.py:830} INFO - Processing file /home/airflow/.local/lib/python3.12/site-packages/airflow/example_dags/example_time_delta_sensor_async.py for tasks to queue
[2026-05-07T20:29:12.505+0000] {logging_mixin.py:188} INFO - [2026-05-07T20:29:12.504+0000] {dagbag.py:545} INFO - Filling up the DagBag from /home/airflow/.local/lib/python3.12/site-packages/airflow/example_dags/example_time_delta_sensor_async.py
[2026-05-07T20:29:12.509+0000] {processor.py:840} INFO - DAG(s) 'example_time_delta_sensor_async' retrieved from /home/airflow/.local/lib/python3.12/site-packages/airflow/example_dags/example_time_delta_sensor_async.py
[2026-05-07T20:29:12.536+0000] {logging_mixin.py:188} INFO - [2026-05-07T20:29:12.536+0000] {dag.py:3096} INFO - Sync 1 DAGs
[2026-05-07T20:29:12.550+0000] {logging_mixin.py:188} INFO - [2026-05-07T20:29:12.549+0000] {dag.py:3954} INFO - Setting next_dagrun for example_time_delta_sensor_async to None, run_after=None
[2026-05-07T20:29:12.571+0000] {processor.py:183} INFO - Processing /home/airflow/.local/lib/python3.12/site-packages/airflow/example_dags/example_time_delta_sensor_async.py took 0.076 seconds
[2026-05-07T20:29:43.237+0000] {processor.py:161} INFO - Started process (PID=1533) to work on /home/airflow/.local/lib/python3.12/site-packages/airflow/example_dags/example_time_delta_sensor_async.py
[2026-05-07T20:29:43.239+0000] {processor.py:830} INFO - Processing file /home/airflow/.local/lib/python3.12/site-packages/airflow/example_dags/example_time_delta_sensor_async.py for tasks to queue
[2026-05-07T20:29:43.241+0000] {logging_mixin.py:188} INFO - [2026-05-07T20:29:43.241+0000] {dagbag.py:545} INFO - Filling up the DagBag from /home/airflow/.local/lib/python3.12/site-packages/airflow/example_dags/example_time_delta_sensor_async.py
[2026-05-07T20:29:43.246+0000] {processor.py:840} INFO - DAG(s) 'example_time_delta_sensor_async' retrieved from /home/airflow/.local/lib/python3.12/site-packages/airflow/example_dags/example_time_delta_sensor_async.py
[2026-05-07T20:29:43.266+0000] {logging_mixin.py:188} INFO - [2026-05-07T20:29:43.266+0000] {dag.py:3096} INFO - Sync 1 DAGs
[2026-05-07T20:29:43.277+0000] {logging_mixin.py:188} INFO - [2026-05-07T20:29:43.277+0000] {dag.py:3954} INFO - Setting next_dagrun for example_time_delta_sensor_async to None, run_after=None
[2026-05-07T20:29:43.299+0000] {processor.py:183} INFO - Processing /home/airflow/.local/lib/python3.12/site-packages/airflow/example_dags/example_time_delta_sensor_async.py took 0.066 seconds
[2026-05-07T20:30:13.537+0000] {processor.py:161} INFO - Started process (PID=1591) to work on /home/airflow/.local/lib/python3.12/site-packages/airflow/example_dags/example_time_delta_sensor_async.py
[2026-05-07T20:30:13.538+0000] {processor.py:830} INFO - Processing file /home/airflow/.local/lib/python3.12/site-packages/airflow/example_dags/example_time_delta_sensor_async.py for tasks to queue
[2026-05-07T20:30:13.540+0000] {logging_mixin.py:188} INFO - [2026-05-07T20:30:13.540+0000] {dagbag.py:545} INFO - Filling up the DagBag from /home/airflow/.local/lib/python3.12/site-packages/airflow/example_dags/example_time_delta_sensor_async.py
[2026-05-07T20:30:13.545+0000] {processor.py:840} INFO - DAG(s) 'example_time_delta_sensor_async' retrieved from /home/airflow/.local/lib/python3.12/site-packages/airflow/example_dags/example_time_delta_sensor_async.py
[2026-05-07T20:30:13.565+0000] {logging_mixin.py:188} INFO - [2026-05-07T20:30:13.565+0000] {dag.py:3096} INFO - Sync 1 DAGs
[2026-05-07T20:30:13.575+0000] {logging_mixin.py:188} INFO - [2026-05-07T20:30:13.575+0000] {dag.py:3954} INFO - Setting next_dagrun for example_time_delta_sensor_async to None, run_after=None
[2026-05-07T20:30:13.596+0000] {processor.py:183} INFO - Processing /home/airflow/.local/lib/python3.12/site-packages/airflow/example_dags/example_time_delta_sensor_async.py took 0.065 seconds
[2026-05-07T20:30:43.843+0000] {processor.py:161} INFO - Started process (PID=1649) to work on /home/airflow/.local/lib/python3.12/site-packages/airflow/example_dags/example_time_delta_sensor_async.py
[2026-05-07T20:30:43.845+0000] {processor.py:830} INFO - Processing file /home/airflow/.local/lib/python3.12/site-packages/airflow/example_dags/example_time_delta_sensor_async.py for tasks to queue
[2026-05-07T20:30:43.848+0000] {logging_mixin.py:188} INFO - [2026-05-07T20:30:43.847+0000] {dagbag.py:545} INFO - Filling up the DagBag from /home/airflow/.local/lib/python3.12/site-packages/airflow/example_dags/example_time_delta_sensor_async.py
[2026-05-07T20:30:43.852+0000] {processor.py:840} INFO - DAG(s) 'example_time_delta_sensor_async' retrieved from /home/airflow/.local/lib/python3.12/site-packages/airflow/example_dags/example_time_delta_sensor_async.py
[2026-05-07T20:30:43.872+0000] {logging_mixin.py:188} INFO - [2026-05-07T20:30:43.872+0000] {dag.py:3096} INFO - Sync 1 DAGs
[2026-05-07T20:30:43.883+0000] {logging_mixin.py:188} INFO - [2026-05-07T20:30:43.882+0000] {dag.py:3954} INFO - Setting next_dagrun for example_time_delta_sensor_async to None, run_after=None
[2026-05-07T20:30:43.966+0000] {processor.py:183} INFO - Processing /home/airflow/.local/lib/python3.12/site-packages/airflow/example_dags/example_time_delta_sensor_async.py took 0.128 seconds
[2026-05-07T20:31:14.050+0000] {processor.py:161} INFO - Started process (PID=1707) to work on /home/airflow/.local/lib/python3.12/site-packages/airflow/example_dags/example_time_delta_sensor_async.py
[2026-05-07T20:31:14.052+0000] {processor.py:830} INFO - Processing file /home/airflow/.local/lib/python3.12/site-packages/airflow/example_dags/example_time_delta_sensor_async.py for tasks to queue
[2026-05-07T20:31:14.054+0000] {logging_mixin.py:188} INFO - [2026-05-07T20:31:14.054+0000] {dagbag.py:545} INFO - Filling up the DagBag from /home/airflow/.local/lib/python3.12/site-packages/airflow/example_dags/example_time_delta_sensor_async.py
[2026-05-07T20:31:14.059+0000] {processor.py:840} INFO - DAG(s) 'example_time_delta_sensor_async' retrieved from /home/airflow/.local/lib/python3.12/site-packages/airflow/example_dags/example_time_delta_sensor_async.py
[2026-05-07T20:31:14.079+0000] {logging_mixin.py:188} INFO - [2026-05-07T20:31:14.079+0000] {dag.py:3096} INFO - Sync 1 DAGs
[2026-05-07T20:31:14.089+0000] {logging_mixin.py:188} INFO - [2026-05-07T20:31:14.089+0000] {dag.py:3954} INFO - Setting next_dagrun for example_time_delta_sensor_async to None, run_after=None
[2026-05-07T20:31:14.126+0000] {processor.py:183} INFO - Processing /home/airflow/.local/lib/python3.12/site-packages/airflow/example_dags/example_time_delta_sensor_async.py took 0.083 seconds
[2026-05-07T20:31:44.261+0000] {processor.py:161} INFO - Started process (PID=1766) to work on /home/airflow/.local/lib/python3.12/site-packages/airflow/example_dags/example_time_delta_sensor_async.py
[2026-05-07T20:31:44.263+0000] {processor.py:830} INFO - Processing file /home/airflow/.local/lib/python3.12/site-packages/airflow/example_dags/example_time_delta_sensor_async.py for tasks to queue
[2026-05-07T20:31:44.265+0000] {logging_mixin.py:188} INFO - [2026-05-07T20:31:44.265+0000] {dagbag.py:545} INFO - Filling up the DagBag from /home/airflow/.local/lib/python3.12/site-packages/airflow/example_dags/example_time_delta_sensor_async.py
[2026-05-07T20:31:44.270+0000] {processor.py:840} INFO - DAG(s) 'example_time_delta_sensor_async' retrieved from /home/airflow/.local/lib/python3.12/site-packages/airflow/example_dags/example_time_delta_sensor_async.py
[2026-05-07T20:31:44.291+0000] {logging_mixin.py:188} INFO - [2026-05-07T20:31:44.291+0000] {dag.py:3096} INFO - Sync 1 DAGs
[2026-05-07T20:31:44.418+0000] {logging_mixin.py:188} INFO - [2026-05-07T20:31:44.417+0000] {dag.py:3954} INFO - Setting next_dagrun for example_time_delta_sensor_async to None, run_after=None
[2026-05-07T20:31:44.504+0000] {processor.py:183} INFO - Processing /home/airflow/.local/lib/python3.12/site-packages/airflow/example_dags/example_time_delta_sensor_async.py took 0.253 seconds
[2026-05-07T20:32:15.159+0000] {processor.py:161} INFO - Started process (PID=1824) to work on /home/airflow/.local/lib/python3.12/site-packages/airflow/example_dags/example_time_delta_sensor_async.py
[2026-05-07T20:32:15.160+0000] {processor.py:830} INFO - Processing file /home/airflow/.local/lib/python3.12/site-packages/airflow/example_dags/example_time_delta_sensor_async.py for tasks to queue
[2026-05-07T20:32:15.162+0000] {logging_mixin.py:188} INFO - [2026-05-07T20:32:15.162+0000] {dagbag.py:545} INFO - Filling up the DagBag from /home/airflow/.local/lib/python3.12/site-packages/airflow/example_dags/example_time_delta_sensor_async.py
[2026-05-07T20:32:15.166+0000] {processor.py:840} INFO - DAG(s) 'example_time_delta_sensor_async' retrieved from /home/airflow/.local/lib/python3.12/site-packages/airflow/example_dags/example_time_delta_sensor_async.py
[2026-05-07T20:32:15.184+0000] {logging_mixin.py:188} INFO - [2026-05-07T20:32:15.184+0000] {dag.py:3096} INFO - Sync 1 DAGs
[2026-05-07T20:32:15.308+0000] {logging_mixin.py:188} INFO - [2026-05-07T20:32:15.308+0000] {dag.py:3954} INFO - Setting next_dagrun for example_time_delta_sensor_async to None, run_after=None
[2026-05-07T20:32:15.384+0000] {processor.py:183} INFO - Processing /home/airflow/.local/lib/python3.12/site-packages/airflow/example_dags/example_time_delta_sensor_async.py took 0.229 seconds
[2026-05-07T20:32:45.847+0000] {processor.py:161} INFO - Started process (PID=1882) to work on /home/airflow/.local/lib/python3.12/site-packages/airflow/example_dags/example_time_delta_sensor_async.py
[2026-05-07T20:32:45.849+0000] {processor.py:830} INFO - Processing file /home/airflow/.local/lib/python3.12/site-packages/airflow/example_dags/example_time_delta_sensor_async.py for tasks to queue
[2026-05-07T20:32:45.853+0000] {logging_mixin.py:188} INFO - [2026-05-07T20:32:45.852+0000] {dagbag.py:545} INFO - Filling up the DagBag from /home/airflow/.local/lib/python3.12/site-packages/airflow/example_dags/example_time_delta_sensor_async.py
[2026-05-07T20:32:45.859+0000] {processor.py:840} INFO - DAG(s) 'example_time_delta_sensor_async' retrieved from /home/airflow/.local/lib/python3.12/site-packages/airflow/example_dags/example_time_delta_sensor_async.py
[2026-05-07T20:32:45.879+0000] {logging_mixin.py:188} INFO - [2026-05-07T20:32:45.879+0000] {dag.py:3096} INFO - Sync 1 DAGs
[2026-05-07T20:32:45.890+0000] {logging_mixin.py:188} INFO - [2026-05-07T20:32:45.890+0000] {dag.py:3954} INFO - Setting next_dagrun for example_time_delta_sensor_async to None, run_after=None
[2026-05-07T20:32:45.910+0000] {processor.py:183} INFO - Processing /home/airflow/.local/lib/python3.12/site-packages/airflow/example_dags/example_time_delta_sensor_async.py took 0.071 seconds
[2026-05-07T20:33:16.223+0000] {processor.py:161} INFO - Started process (PID=1940) to work on /home/airflow/.local/lib/python3.12/site-packages/airflow/example_dags/example_time_delta_sensor_async.py
[2026-05-07T20:33:16.226+0000] {processor.py:830} INFO - Processing file /home/airflow/.local/lib/python3.12/site-packages/airflow/example_dags/example_time_delta_sensor_async.py for tasks to queue
[2026-05-07T20:33:16.229+0000] {logging_mixin.py:188} INFO - [2026-05-07T20:33:16.228+0000] {dagbag.py:545} INFO - Filling up the DagBag from /home/airflow/.local/lib/python3.12/site-packages/airflow/example_dags/example_time_delta_sensor_async.py
[2026-05-07T20:33:16.234+0000] {processor.py:840} INFO - DAG(s) 'example_time_delta_sensor_async' retrieved from /home/airflow/.local/lib/python3.12/site-packages/airflow/example_dags/example_time_delta_sensor_async.py
[2026-05-07T20:33:16.258+0000] {logging_mixin.py:188} INFO - [2026-05-07T20:33:16.257+0000] {dag.py:3096} INFO - Sync 1 DAGs
[2026-05-07T20:33:16.271+0000] {logging_mixin.py:188} INFO - [2026-05-07T20:33:16.271+0000] {dag.py:3954} INFO - Setting next_dagrun for example_time_delta_sensor_async to None, run_after=None
[2026-05-07T20:33:16.361+0000] {processor.py:183} INFO - Processing /home/airflow/.local/lib/python3.12/site-packages/airflow/example_dags/example_time_delta_sensor_async.py took 0.147 seconds
[2026-05-07T20:33:46.547+0000] {processor.py:161} INFO - Started process (PID=1998) to work on /home/airflow/.local/lib/python3.12/site-packages/airflow/example_dags/example_time_delta_sensor_async.py
[2026-05-07T20:33:46.548+0000] {processor.py:830} INFO - Processing file /home/airflow/.local/lib/python3.12/site-packages/airflow/example_dags/example_time_delta_sensor_async.py for tasks to queue
[2026-05-07T20:33:46.550+0000] {logging_mixin.py:188} INFO - [2026-05-07T20:33:46.550+0000] {dagbag.py:545} INFO - Filling up the DagBag from /home/airflow/.local/lib/python3.12/site-packages/airflow/example_dags/example_time_delta_sensor_async.py
[2026-05-07T20:33:46.555+0000] {processor.py:840} INFO - DAG(s) 'example_time_delta_sensor_async' retrieved from /home/airflow/.local/lib/python3.12/site-packages/airflow/example_dags/example_time_delta_sensor_async.py
[2026-05-07T20:33:46.576+0000] {logging_mixin.py:188} INFO - [2026-05-07T20:33:46.576+0000] {dag.py:3096} INFO - Sync 1 DAGs
[2026-05-07T20:33:46.586+0000] {logging_mixin.py:188} INFO - [2026-05-07T20:33:46.586+0000] {dag.py:3954} INFO - Setting next_dagrun for example_time_delta_sensor_async to None, run_after=None
[2026-05-07T20:33:46.606+0000] {processor.py:183} INFO - Processing /home/airflow/.local/lib/python3.12/site-packages/airflow/example_dags/example_time_delta_sensor_async.py took 0.065 seconds
[2026-05-07T20:34:17.159+0000] {processor.py:161} INFO - Started process (PID=2057) to work on /home/airflow/.local/lib/python3.12/site-packages/airflow/example_dags/example_time_delta_sensor_async.py
[2026-05-07T20:34:17.161+0000] {processor.py:830} INFO - Processing file /home/airflow/.local/lib/python3.12/site-packages/airflow/example_dags/example_time_delta_sensor_async.py for tasks to queue
[2026-05-07T20:34:17.163+0000] {logging_mixin.py:188} INFO - [2026-05-07T20:34:17.163+0000] {dagbag.py:545} INFO - Filling up the DagBag from /home/airflow/.local/lib/python3.12/site-packages/airflow/example_dags/example_time_delta_sensor_async.py
[2026-05-07T20:34:17.170+0000] {processor.py:840} INFO - DAG(s) 'example_time_delta_sensor_async' retrieved from /home/airflow/.local/lib/python3.12/site-packages/airflow/example_dags/example_time_delta_sensor_async.py
[2026-05-07T20:34:17.192+0000] {logging_mixin.py:188} INFO - [2026-05-07T20:34:17.192+0000] {dag.py:3096} INFO - Sync 1 DAGs
[2026-05-07T20:34:17.205+0000] {logging_mixin.py:188} INFO - [2026-05-07T20:34:17.205+0000] {dag.py:3954} INFO - Setting next_dagrun for example_time_delta_sensor_async to None, run_after=None
[2026-05-07T20:34:17.229+0000] {processor.py:183} INFO - Processing /home/airflow/.local/lib/python3.12/site-packages/airflow/example_dags/example_time_delta_sensor_async.py took 0.075 seconds
[2026-05-07T20:34:47.683+0000] {processor.py:161} INFO - Started process (PID=2115) to work on /home/airflow/.local/lib/python3.12/site-packages/airflow/example_dags/example_time_delta_sensor_async.py
[2026-05-07T20:34:47.685+0000] {processor.py:830} INFO - Processing file /home/airflow/.local/lib/python3.12/site-packages/airflow/example_dags/example_time_delta_sensor_async.py for tasks to queue
[2026-05-07T20:34:47.690+0000] {logging_mixin.py:188} INFO - [2026-05-07T20:34:47.690+0000] {dagbag.py:545} INFO - Filling up the DagBag from /home/airflow/.local/lib/python3.12/site-packages/airflow/example_dags/example_time_delta_sensor_async.py
[2026-05-07T20:34:47.698+0000] {processor.py:840} INFO - DAG(s) 'example_time_delta_sensor_async' retrieved from /home/airflow/.local/lib/python3.12/site-packages/airflow/example_dags/example_time_delta_sensor_async.py
[2026-05-07T20:34:47.728+0000] {logging_mixin.py:188} INFO - [2026-05-07T20:34:47.727+0000] {dag.py:3096} INFO - Sync 1 DAGs
[2026-05-07T20:34:47.741+0000] {logging_mixin.py:188} INFO - [2026-05-07T20:34:47.741+0000] {dag.py:3954} INFO - Setting next_dagrun for example_time_delta_sensor_async to None, run_after=None
[2026-05-07T20:34:47.767+0000] {processor.py:183} INFO - Processing /home/airflow/.local/lib/python3.12/site-packages/airflow/example_dags/example_time_delta_sensor_async.py took 0.102 seconds
[2026-05-07T20:35:18.328+0000] {processor.py:161} INFO - Started process (PID=2173) to work on /home/airflow/.local/lib/python3.12/site-packages/airflow/example_dags/example_time_delta_sensor_async.py
[2026-05-07T20:35:18.330+0000] {processor.py:830} INFO - Processing file /home/airflow/.local/lib/python3.12/site-packages/airflow/example_dags/example_time_delta_sensor_async.py for tasks to queue
[2026-05-07T20:35:18.333+0000] {logging_mixin.py:188} INFO - [2026-05-07T20:35:18.333+0000] {dagbag.py:545} INFO - Filling up the DagBag from /home/airflow/.local/lib/python3.12/site-packages/airflow/example_dags/example_time_delta_sensor_async.py
[2026-05-07T20:35:18.338+0000] {processor.py:840} INFO - DAG(s) 'example_time_delta_sensor_async' retrieved from /home/airflow/.local/lib/python3.12/site-packages/airflow/example_dags/example_time_delta_sensor_async.py
[2026-05-07T20:35:18.366+0000] {logging_mixin.py:188} INFO - [2026-05-07T20:35:18.366+0000] {dag.py:3096} INFO - Sync 1 DAGs
[2026-05-07T20:35:18.383+0000] {logging_mixin.py:188} INFO - [2026-05-07T20:35:18.382+0000] {dag.py:3954} INFO - Setting next_dagrun for example_time_delta_sensor_async to None, run_after=None
[2026-05-07T20:35:18.462+0000] {processor.py:183} INFO - Processing /home/airflow/.local/lib/python3.12/site-packages/airflow/example_dags/example_time_delta_sensor_async.py took 0.145 seconds
[2026-05-07T20:35:48.784+0000] {processor.py:161} INFO - Started process (PID=2231) to work on /home/airflow/.local/lib/python3.12/site-packages/airflow/example_dags/example_time_delta_sensor_async.py
[2026-05-07T20:35:48.786+0000] {processor.py:830} INFO - Processing file /home/airflow/.local/lib/python3.12/site-packages/airflow/example_dags/example_time_delta_sensor_async.py for tasks to queue
[2026-05-07T20:35:48.789+0000] {logging_mixin.py:188} INFO - [2026-05-07T20:35:48.789+0000] {dagbag.py:545} INFO - Filling up the DagBag from /home/airflow/.local/lib/python3.12/site-packages/airflow/example_dags/example_time_delta_sensor_async.py
[2026-05-07T20:35:48.794+0000] {processor.py:840} INFO - DAG(s) 'example_time_delta_sensor_async' retrieved from /home/airflow/.local/lib/python3.12/site-packages/airflow/example_dags/example_time_delta_sensor_async.py
[2026-05-07T20:35:48.815+0000] {logging_mixin.py:188} INFO - [2026-05-07T20:35:48.815+0000] {dag.py:3096} INFO - Sync 1 DAGs
[2026-05-07T20:35:48.828+0000] {logging_mixin.py:188} INFO - [2026-05-07T20:35:48.828+0000] {dag.py:3954} INFO - Setting next_dagrun for example_time_delta_sensor_async to None, run_after=None
[2026-05-07T20:35:48.848+0000] {processor.py:183} INFO - Processing /home/airflow/.local/lib/python3.12/site-packages/airflow/example_dags/example_time_delta_sensor_async.py took 0.073 seconds
[2026-05-07T20:36:19.258+0000] {processor.py:161} INFO - Started process (PID=2290) to work on /home/airflow/.local/lib/python3.12/site-packages/airflow/example_dags/example_time_delta_sensor_async.py
[2026-05-07T20:36:19.259+0000] {processor.py:830} INFO - Processing file /home/airflow/.local/lib/python3.12/site-packages/airflow/example_dags/example_time_delta_sensor_async.py for tasks to queue
[2026-05-07T20:36:19.262+0000] {logging_mixin.py:188} INFO - [2026-05-07T20:36:19.262+0000] {dagbag.py:545} INFO - Filling up the DagBag from /home/airflow/.local/lib/python3.12/site-packages/airflow/example_dags/example_time_delta_sensor_async.py
[2026-05-07T20:36:19.266+0000] {processor.py:840} INFO - DAG(s) 'example_time_delta_sensor_async' retrieved from /home/airflow/.local/lib/python3.12/site-packages/airflow/example_dags/example_time_delta_sensor_async.py
[2026-05-07T20:36:19.286+0000] {logging_mixin.py:188} INFO - [2026-05-07T20:36:19.286+0000] {dag.py:3096} INFO - Sync 1 DAGs
[2026-05-07T20:36:19.296+0000] {logging_mixin.py:188} INFO - [2026-05-07T20:36:19.296+0000] {dag.py:3954} INFO - Setting next_dagrun for example_time_delta_sensor_async to None, run_after=None
[2026-05-07T20:36:19.316+0000] {processor.py:183} INFO - Processing /home/airflow/.local/lib/python3.12/site-packages/airflow/example_dags/example_time_delta_sensor_async.py took 0.063 seconds
[2026-05-07T20:36:50.113+0000] {processor.py:161} INFO - Started process (PID=2348) to work on /home/airflow/.local/lib/python3.12/site-packages/airflow/example_dags/example_time_delta_sensor_async.py
[2026-05-07T20:36:50.115+0000] {processor.py:830} INFO - Processing file /home/airflow/.local/lib/python3.12/site-packages/airflow/example_dags/example_time_delta_sensor_async.py for tasks to queue
[2026-05-07T20:36:50.118+0000] {logging_mixin.py:188} INFO - [2026-05-07T20:36:50.118+0000] {dagbag.py:545} INFO - Filling up the DagBag from /home/airflow/.local/lib/python3.12/site-packages/airflow/example_dags/example_time_delta_sensor_async.py
[2026-05-07T20:36:50.124+0000] {processor.py:840} INFO - DAG(s) 'example_time_delta_sensor_async' retrieved from /home/airflow/.local/lib/python3.12/site-packages/airflow/example_dags/example_time_delta_sensor_async.py
[2026-05-07T20:36:50.150+0000] {logging_mixin.py:188} INFO - [2026-05-07T20:36:50.149+0000] {dag.py:3096} INFO - Sync 1 DAGs
[2026-05-07T20:36:50.162+0000] {logging_mixin.py:188} INFO - [2026-05-07T20:36:50.162+0000] {dag.py:3954} INFO - Setting next_dagrun for example_time_delta_sensor_async to None, run_after=None
[2026-05-07T20:36:50.182+0000] {processor.py:183} INFO - Processing /home/airflow/.local/lib/python3.12/site-packages/airflow/example_dags/example_time_delta_sensor_async.py took 0.078 seconds
[2026-05-07T20:37:20.792+0000] {processor.py:161} INFO - Started process (PID=2406) to work on /home/airflow/.local/lib/python3.12/site-packages/airflow/example_dags/example_time_delta_sensor_async.py
[2026-05-07T20:37:20.793+0000] {processor.py:830} INFO - Processing file /home/airflow/.local/lib/python3.12/site-packages/airflow/example_dags/example_time_delta_sensor_async.py for tasks to queue
[2026-05-07T20:37:20.796+0000] {logging_mixin.py:188} INFO - [2026-05-07T20:37:20.796+0000] {dagbag.py:545} INFO - Filling up the DagBag from /home/airflow/.local/lib/python3.12/site-packages/airflow/example_dags/example_time_delta_sensor_async.py
[2026-05-07T20:37:20.803+0000] {processor.py:840} INFO - DAG(s) 'example_time_delta_sensor_async' retrieved from /home/airflow/.local/lib/python3.12/site-packages/airflow/example_dags/example_time_delta_sensor_async.py
[2026-05-07T20:37:20.830+0000] {logging_mixin.py:188} INFO - [2026-05-07T20:37:20.830+0000] {dag.py:3096} INFO - Sync 1 DAGs
[2026-05-07T20:37:20.845+0000] {logging_mixin.py:188} INFO - [2026-05-07T20:37:20.845+0000] {dag.py:3954} INFO - Setting next_dagrun for example_time_delta_sensor_async to None, run_after=None
[2026-05-07T20:37:20.938+0000] {processor.py:183} INFO - Processing /home/airflow/.local/lib/python3.12/site-packages/airflow/example_dags/example_time_delta_sensor_async.py took 0.156 seconds
[2026-05-07T20:37:51.215+0000] {processor.py:161} INFO - Started process (PID=2464) to work on /home/airflow/.local/lib/python3.12/site-packages/airflow/example_dags/example_time_delta_sensor_async.py
[2026-05-07T20:37:51.216+0000] {processor.py:830} INFO - Processing file /home/airflow/.local/lib/python3.12/site-packages/airflow/example_dags/example_time_delta_sensor_async.py for tasks to queue
[2026-05-07T20:37:51.218+0000] {logging_mixin.py:188} INFO - [2026-05-07T20:37:51.218+0000] {dagbag.py:545} INFO - Filling up the DagBag from /home/airflow/.local/lib/python3.12/site-packages/airflow/example_dags/example_time_delta_sensor_async.py
[2026-05-07T20:37:51.223+0000] {processor.py:840} INFO - DAG(s) 'example_time_delta_sensor_async' retrieved from /home/airflow/.local/lib/python3.12/site-packages/airflow/example_dags/example_time_delta_sensor_async.py
[2026-05-07T20:37:51.241+0000] {logging_mixin.py:188} INFO - [2026-05-07T20:37:51.241+0000] {dag.py:3096} INFO - Sync 1 DAGs
[2026-05-07T20:37:51.253+0000] {logging_mixin.py:188} INFO - [2026-05-07T20:37:51.252+0000] {dag.py:3954} INFO - Setting next_dagrun for example_time_delta_sensor_async to None, run_after=None
[2026-05-07T20:37:51.336+0000] {processor.py:183} INFO - Processing /home/airflow/.local/lib/python3.12/site-packages/airflow/example_dags/example_time_delta_sensor_async.py took 0.127 seconds
[2026-05-07T20:38:21.552+0000] {processor.py:161} INFO - Started process (PID=2522) to work on /home/airflow/.local/lib/python3.12/site-packages/airflow/example_dags/example_time_delta_sensor_async.py
[2026-05-07T20:38:21.554+0000] {processor.py:830} INFO - Processing file /home/airflow/.local/lib/python3.12/site-packages/airflow/example_dags/example_time_delta_sensor_async.py for tasks to queue
[2026-05-07T20:38:21.557+0000] {logging_mixin.py:188} INFO - [2026-05-07T20:38:21.556+0000] {dagbag.py:545} INFO - Filling up the DagBag from /home/airflow/.local/lib/python3.12/site-packages/airflow/example_dags/example_time_delta_sensor_async.py
[2026-05-07T20:38:21.562+0000] {processor.py:840} INFO - DAG(s) 'example_time_delta_sensor_async' retrieved from /home/airflow/.local/lib/python3.12/site-packages/airflow/example_dags/example_time_delta_sensor_async.py
[2026-05-07T20:38:21.580+0000] {logging_mixin.py:188} INFO - [2026-05-07T20:38:21.579+0000] {dag.py:3096} INFO - Sync 1 DAGs
[2026-05-07T20:38:21.590+0000] {logging_mixin.py:188} INFO - [2026-05-07T20:38:21.590+0000] {dag.py:3954} INFO - Setting next_dagrun for example_time_delta_sensor_async to None, run_after=None
[2026-05-07T20:38:21.682+0000] {processor.py:183} INFO - Processing /home/airflow/.local/lib/python3.12/site-packages/airflow/example_dags/example_time_delta_sensor_async.py took 0.134 seconds
[2026-05-07T20:38:51.867+0000] {processor.py:161} INFO - Started process (PID=2580) to work on /home/airflow/.local/lib/python3.12/site-packages/airflow/example_dags/example_time_delta_sensor_async.py
[2026-05-07T20:38:51.869+0000] {processor.py:830} INFO - Processing file /home/airflow/.local/lib/python3.12/site-packages/airflow/example_dags/example_time_delta_sensor_async.py for tasks to queue
[2026-05-07T20:38:51.871+0000] {logging_mixin.py:188} INFO - [2026-05-07T20:38:51.871+0000] {dagbag.py:545} INFO - Filling up the DagBag from /home/airflow/.local/lib/python3.12/site-packages/airflow/example_dags/example_time_delta_sensor_async.py
[2026-05-07T20:38:51.875+0000] {processor.py:840} INFO - DAG(s) 'example_time_delta_sensor_async' retrieved from /home/airflow/.local/lib/python3.12/site-packages/airflow/example_dags/example_time_delta_sensor_async.py
[2026-05-07T20:38:51.896+0000] {logging_mixin.py:188} INFO - [2026-05-07T20:38:51.896+0000] {dag.py:3096} INFO - Sync 1 DAGs
[2026-05-07T20:38:51.906+0000] {logging_mixin.py:188} INFO - [2026-05-07T20:38:51.906+0000] {dag.py:3954} INFO - Setting next_dagrun for example_time_delta_sensor_async to None, run_after=None
[2026-05-07T20:38:52.001+0000] {processor.py:183} INFO - Processing /home/airflow/.local/lib/python3.12/site-packages/airflow/example_dags/example_time_delta_sensor_async.py took 0.139 seconds
[2026-05-07T20:39:22.388+0000] {processor.py:161} INFO - Started process (PID=2638) to work on /home/airflow/.local/lib/python3.12/site-packages/airflow/example_dags/example_time_delta_sensor_async.py
[2026-05-07T20:39:22.390+0000] {processor.py:830} INFO - Processing file /home/airflow/.local/lib/python3.12/site-packages/airflow/example_dags/example_time_delta_sensor_async.py for tasks to queue
[2026-05-07T20:39:22.393+0000] {logging_mixin.py:188} INFO - [2026-05-07T20:39:22.392+0000] {dagbag.py:545} INFO - Filling up the DagBag from /home/airflow/.local/lib/python3.12/site-packages/airflow/example_dags/example_time_delta_sensor_async.py
[2026-05-07T20:39:22.399+0000] {processor.py:840} INFO - DAG(s) 'example_time_delta_sensor_async' retrieved from /home/airflow/.local/lib/python3.12/site-packages/airflow/example_dags/example_time_delta_sensor_async.py
[2026-05-07T20:39:22.422+0000] {logging_mixin.py:188} INFO - [2026-05-07T20:39:22.422+0000] {dag.py:3096} INFO - Sync 1 DAGs
[2026-05-07T20:39:22.436+0000] {logging_mixin.py:188} INFO - [2026-05-07T20:39:22.436+0000] {dag.py:3954} INFO - Setting next_dagrun for example_time_delta_sensor_async to None, run_after=None
[2026-05-07T20:39:22.524+0000] {processor.py:183} INFO - Processing /home/airflow/.local/lib/python3.12/site-packages/airflow/example_dags/example_time_delta_sensor_async.py took 0.142 seconds
[2026-05-07T20:39:52.615+0000] {processor.py:161} INFO - Started process (PID=2696) to work on /home/airflow/.local/lib/python3.12/site-packages/airflow/example_dags/example_time_delta_sensor_async.py
[2026-05-07T20:39:52.616+0000] {processor.py:830} INFO - Processing file /home/airflow/.local/lib/python3.12/site-packages/airflow/example_dags/example_time_delta_sensor_async.py for tasks to queue
[2026-05-07T20:39:52.619+0000] {logging_mixin.py:188} INFO - [2026-05-07T20:39:52.619+0000] {dagbag.py:545} INFO - Filling up the DagBag from /home/airflow/.local/lib/python3.12/site-packages/airflow/example_dags/example_time_delta_sensor_async.py
[2026-05-07T20:39:52.626+0000] {processor.py:840} INFO - DAG(s) 'example_time_delta_sensor_async' retrieved from /home/airflow/.local/lib/python3.12/site-packages/airflow/example_dags/example_time_delta_sensor_async.py
[2026-05-07T20:39:52.646+0000] {logging_mixin.py:188} INFO - [2026-05-07T20:39:52.646+0000] {dag.py:3096} INFO - Sync 1 DAGs
[2026-05-07T20:39:52.659+0000] {logging_mixin.py:188} INFO - [2026-05-07T20:39:52.659+0000] {dag.py:3954} INFO - Setting next_dagrun for example_time_delta_sensor_async to None, run_after=None
[2026-05-07T20:39:52.682+0000] {processor.py:183} INFO - Processing /home/airflow/.local/lib/python3.12/site-packages/airflow/example_dags/example_time_delta_sensor_async.py took 0.075 seconds
[2026-05-07T20:40:23.215+0000] {processor.py:161} INFO - Started process (PID=2754) to work on /home/airflow/.local/lib/python3.12/site-packages/airflow/example_dags/example_time_delta_sensor_async.py
[2026-05-07T20:40:23.217+0000] {processor.py:830} INFO - Processing file /home/airflow/.local/lib/python3.12/site-packages/airflow/example_dags/example_time_delta_sensor_async.py for tasks to queue
[2026-05-07T20:40:23.219+0000] {logging_mixin.py:188} INFO - [2026-05-07T20:40:23.219+0000] {dagbag.py:545} INFO - Filling up the DagBag from /home/airflow/.local/lib/python3.12/site-packages/airflow/example_dags/example_time_delta_sensor_async.py
[2026-05-07T20:40:23.224+0000] {processor.py:840} INFO - DAG(s) 'example_time_delta_sensor_async' retrieved from /home/airflow/.local/lib/python3.12/site-packages/airflow/example_dags/example_time_delta_sensor_async.py
[2026-05-07T20:40:23.247+0000] {logging_mixin.py:188} INFO - [2026-05-07T20:40:23.246+0000] {dag.py:3096} INFO - Sync 1 DAGs
[2026-05-07T20:40:23.260+0000] {logging_mixin.py:188} INFO - [2026-05-07T20:40:23.259+0000] {dag.py:3954} INFO - Setting next_dagrun for example_time_delta_sensor_async to None, run_after=None
[2026-05-07T20:40:23.283+0000] {processor.py:183} INFO - Processing /home/airflow/.local/lib/python3.12/site-packages/airflow/example_dags/example_time_delta_sensor_async.py took 0.075 seconds
[2026-05-07T20:40:53.519+0000] {processor.py:161} INFO - Started process (PID=2812) to work on /home/airflow/.local/lib/python3.12/site-packages/airflow/example_dags/example_time_delta_sensor_async.py
[2026-05-07T20:40:53.520+0000] {processor.py:830} INFO - Processing file /home/airflow/.local/lib/python3.12/site-packages/airflow/example_dags/example_time_delta_sensor_async.py for tasks to queue
[2026-05-07T20:40:53.523+0000] {logging_mixin.py:188} INFO - [2026-05-07T20:40:53.522+0000] {dagbag.py:545} INFO - Filling up the DagBag from /home/airflow/.local/lib/python3.12/site-packages/airflow/example_dags/example_time_delta_sensor_async.py
[2026-05-07T20:40:53.528+0000] {processor.py:840} INFO - DAG(s) 'example_time_delta_sensor_async' retrieved from /home/airflow/.local/lib/python3.12/site-packages/airflow/example_dags/example_time_delta_sensor_async.py
[2026-05-07T20:40:53.555+0000] {logging_mixin.py:188} INFO - [2026-05-07T20:40:53.555+0000] {dag.py:3096} INFO - Sync 1 DAGs
[2026-05-07T20:40:53.570+0000] {logging_mixin.py:188} INFO - [2026-05-07T20:40:53.570+0000] {dag.py:3954} INFO - Setting next_dagrun for example_time_delta_sensor_async to None, run_after=None
[2026-05-07T20:40:53.660+0000] {processor.py:183} INFO - Processing /home/airflow/.local/lib/python3.12/site-packages/airflow/example_dags/example_time_delta_sensor_async.py took 0.147 seconds
[2026-05-07T20:41:24.378+0000] {processor.py:161} INFO - Started process (PID=2870) to work on /home/airflow/.local/lib/python3.12/site-packages/airflow/example_dags/example_time_delta_sensor_async.py
[2026-05-07T20:41:24.379+0000] {processor.py:830} INFO - Processing file /home/airflow/.local/lib/python3.12/site-packages/airflow/example_dags/example_time_delta_sensor_async.py for tasks to queue
[2026-05-07T20:41:24.381+0000] {logging_mixin.py:188} INFO - [2026-05-07T20:41:24.381+0000] {dagbag.py:545} INFO - Filling up the DagBag from /home/airflow/.local/lib/python3.12/site-packages/airflow/example_dags/example_time_delta_sensor_async.py
[2026-05-07T20:41:24.386+0000] {processor.py:840} INFO - DAG(s) 'example_time_delta_sensor_async' retrieved from /home/airflow/.local/lib/python3.12/site-packages/airflow/example_dags/example_time_delta_sensor_async.py
[2026-05-07T20:41:24.408+0000] {logging_mixin.py:188} INFO - [2026-05-07T20:41:24.407+0000] {dag.py:3096} INFO - Sync 1 DAGs
[2026-05-07T20:41:24.420+0000] {logging_mixin.py:188} INFO - [2026-05-07T20:41:24.420+0000] {dag.py:3954} INFO - Setting next_dagrun for example_time_delta_sensor_async to None, run_after=None
[2026-05-07T20:41:24.441+0000] {processor.py:183} INFO - Processing /home/airflow/.local/lib/python3.12/site-packages/airflow/example_dags/example_time_delta_sensor_async.py took 0.069 seconds
[2026-05-07T20:41:54.645+0000] {processor.py:161} INFO - Started process (PID=2928) to work on /home/airflow/.local/lib/python3.12/site-packages/airflow/example_dags/example_time_delta_sensor_async.py
[2026-05-07T20:41:54.646+0000] {processor.py:830} INFO - Processing file /home/airflow/.local/lib/python3.12/site-packages/airflow/example_dags/example_time_delta_sensor_async.py for tasks to queue
[2026-05-07T20:41:54.648+0000] {logging_mixin.py:188} INFO - [2026-05-07T20:41:54.647+0000] {dagbag.py:545} INFO - Filling up the DagBag from /home/airflow/.local/lib/python3.12/site-packages/airflow/example_dags/example_time_delta_sensor_async.py
[2026-05-07T20:41:54.652+0000] {processor.py:840} INFO - DAG(s) 'example_time_delta_sensor_async' retrieved from /home/airflow/.local/lib/python3.12/site-packages/airflow/example_dags/example_time_delta_sensor_async.py
[2026-05-07T20:41:54.681+0000] {logging_mixin.py:188} INFO - [2026-05-07T20:41:54.681+0000] {dag.py:3096} INFO - Sync 1 DAGs
[2026-05-07T20:41:54.700+0000] {logging_mixin.py:188} INFO - [2026-05-07T20:41:54.700+0000] {dag.py:3954} INFO - Setting next_dagrun for example_time_delta_sensor_async to None, run_after=None
[2026-05-07T20:41:54.767+0000] {processor.py:183} INFO - Processing /home/airflow/.local/lib/python3.12/site-packages/airflow/example_dags/example_time_delta_sensor_async.py took 0.127 seconds
[2026-05-07T20:42:25.120+0000] {processor.py:161} INFO - Started process (PID=2986) to work on /home/airflow/.local/lib/python3.12/site-packages/airflow/example_dags/example_time_delta_sensor_async.py
[2026-05-07T20:42:25.121+0000] {processor.py:830} INFO - Processing file /home/airflow/.local/lib/python3.12/site-packages/airflow/example_dags/example_time_delta_sensor_async.py for tasks to queue
[2026-05-07T20:42:25.123+0000] {logging_mixin.py:188} INFO - [2026-05-07T20:42:25.123+0000] {dagbag.py:545} INFO - Filling up the DagBag from /home/airflow/.local/lib/python3.12/site-packages/airflow/example_dags/example_time_delta_sensor_async.py
[2026-05-07T20:42:25.130+0000] {processor.py:840} INFO - DAG(s) 'example_time_delta_sensor_async' retrieved from /home/airflow/.local/lib/python3.12/site-packages/airflow/example_dags/example_time_delta_sensor_async.py
[2026-05-07T20:42:25.149+0000] {logging_mixin.py:188} INFO - [2026-05-07T20:42:25.149+0000] {dag.py:3096} INFO - Sync 1 DAGs
[2026-05-07T20:42:25.159+0000] {logging_mixin.py:188} INFO - [2026-05-07T20:42:25.159+0000] {dag.py:3954} INFO - Setting next_dagrun for example_time_delta_sensor_async to None, run_after=None
[2026-05-07T20:42:25.179+0000] {processor.py:183} INFO - Processing /home/airflow/.local/lib/python3.12/site-packages/airflow/example_dags/example_time_delta_sensor_async.py took 0.065 seconds
[2026-05-07T20:42:56.071+0000] {processor.py:161} INFO - Started process (PID=3044) to work on /home/airflow/.local/lib/python3.12/site-packages/airflow/example_dags/example_time_delta_sensor_async.py
[2026-05-07T20:42:56.072+0000] {processor.py:830} INFO - Processing file /home/airflow/.local/lib/python3.12/site-packages/airflow/example_dags/example_time_delta_sensor_async.py for tasks to queue
[2026-05-07T20:42:56.074+0000] {logging_mixin.py:188} INFO - [2026-05-07T20:42:56.074+0000] {dagbag.py:545} INFO - Filling up the DagBag from /home/airflow/.local/lib/python3.12/site-packages/airflow/example_dags/example_time_delta_sensor_async.py
[2026-05-07T20:42:56.079+0000] {processor.py:840} INFO - DAG(s) 'example_time_delta_sensor_async' retrieved from /home/airflow/.local/lib/python3.12/site-packages/airflow/example_dags/example_time_delta_sensor_async.py
[2026-05-07T20:42:56.102+0000] {logging_mixin.py:188} INFO - [2026-05-07T20:42:56.102+0000] {dag.py:3096} INFO - Sync 1 DAGs
[2026-05-07T20:42:56.113+0000] {logging_mixin.py:188} INFO - [2026-05-07T20:42:56.113+0000] {dag.py:3954} INFO - Setting next_dagrun for example_time_delta_sensor_async to None, run_after=None
[2026-05-07T20:42:56.135+0000] {processor.py:183} INFO - Processing /home/airflow/.local/lib/python3.12/site-packages/airflow/example_dags/example_time_delta_sensor_async.py took 0.070 seconds
[2026-05-07T20:43:26.500+0000] {processor.py:161} INFO - Started process (PID=3102) to work on /home/airflow/.local/lib/python3.12/site-packages/airflow/example_dags/example_time_delta_sensor_async.py
[2026-05-07T20:43:26.502+0000] {processor.py:830} INFO - Processing file /home/airflow/.local/lib/python3.12/site-packages/airflow/example_dags/example_time_delta_sensor_async.py for tasks to queue
[2026-05-07T20:43:26.504+0000] {logging_mixin.py:188} INFO - [2026-05-07T20:43:26.504+0000] {dagbag.py:545} INFO - Filling up the DagBag from /home/airflow/.local/lib/python3.12/site-packages/airflow/example_dags/example_time_delta_sensor_async.py
[2026-05-07T20:43:26.510+0000] {processor.py:840} INFO - DAG(s) 'example_time_delta_sensor_async' retrieved from /home/airflow/.local/lib/python3.12/site-packages/airflow/example_dags/example_time_delta_sensor_async.py
[2026-05-07T20:43:26.535+0000] {logging_mixin.py:188} INFO - [2026-05-07T20:43:26.534+0000] {dag.py:3096} INFO - Sync 1 DAGs
[2026-05-07T20:43:26.549+0000] {logging_mixin.py:188} INFO - [2026-05-07T20:43:26.548+0000] {dag.py:3954} INFO - Setting next_dagrun for example_time_delta_sensor_async to None, run_after=None
[2026-05-07T20:43:26.629+0000] {processor.py:183} INFO - Processing /home/airflow/.local/lib/python3.12/site-packages/airflow/example_dags/example_time_delta_sensor_async.py took 0.135 seconds
[2026-05-07T20:43:56.865+0000] {processor.py:161} INFO - Started process (PID=3160) to work on /home/airflow/.local/lib/python3.12/site-packages/airflow/example_dags/example_time_delta_sensor_async.py
[2026-05-07T20:43:56.866+0000] {processor.py:830} INFO - Processing file /home/airflow/.local/lib/python3.12/site-packages/airflow/example_dags/example_time_delta_sensor_async.py for tasks to queue
[2026-05-07T20:43:56.869+0000] {logging_mixin.py:188} INFO - [2026-05-07T20:43:56.868+0000] {dagbag.py:545} INFO - Filling up the DagBag from /home/airflow/.local/lib/python3.12/site-packages/airflow/example_dags/example_time_delta_sensor_async.py
[2026-05-07T20:43:56.876+0000] {processor.py:840} INFO - DAG(s) 'example_time_delta_sensor_async' retrieved from /home/airflow/.local/lib/python3.12/site-packages/airflow/example_dags/example_time_delta_sensor_async.py
[2026-05-07T20:43:56.902+0000] {logging_mixin.py:188} INFO - [2026-05-07T20:43:56.902+0000] {dag.py:3096} INFO - Sync 1 DAGs
[2026-05-07T20:43:56.914+0000] {logging_mixin.py:188} INFO - [2026-05-07T20:43:56.914+0000] {dag.py:3954} INFO - Setting next_dagrun for example_time_delta_sensor_async to None, run_after=None
[2026-05-07T20:43:57.003+0000] {processor.py:183} INFO - Processing /home/airflow/.local/lib/python3.12/site-packages/airflow/example_dags/example_time_delta_sensor_async.py took 0.148 seconds
[2026-05-07T20:44:27.200+0000] {processor.py:161} INFO - Started process (PID=3218) to work on /home/airflow/.local/lib/python3.12/site-packages/airflow/example_dags/example_time_delta_sensor_async.py
[2026-05-07T20:44:27.201+0000] {processor.py:830} INFO - Processing file /home/airflow/.local/lib/python3.12/site-packages/airflow/example_dags/example_time_delta_sensor_async.py for tasks to queue
[2026-05-07T20:44:27.203+0000] {logging_mixin.py:188} INFO - [2026-05-07T20:44:27.203+0000] {dagbag.py:545} INFO - Filling up the DagBag from /home/airflow/.local/lib/python3.12/site-packages/airflow/example_dags/example_time_delta_sensor_async.py
[2026-05-07T20:44:27.207+0000] {processor.py:840} INFO - DAG(s) 'example_time_delta_sensor_async' retrieved from /home/airflow/.local/lib/python3.12/site-packages/airflow/example_dags/example_time_delta_sensor_async.py
[2026-05-07T20:44:27.234+0000] {logging_mixin.py:188} INFO - [2026-05-07T20:44:27.234+0000] {dag.py:3096} INFO - Sync 1 DAGs
[2026-05-07T20:44:27.252+0000] {logging_mixin.py:188} INFO - [2026-05-07T20:44:27.252+0000] {dag.py:3954} INFO - Setting next_dagrun for example_time_delta_sensor_async to None, run_after=None
[2026-05-07T20:44:27.342+0000] {processor.py:183} INFO - Processing /home/airflow/.local/lib/python3.12/site-packages/airflow/example_dags/example_time_delta_sensor_async.py took 0.149 seconds
[2026-05-07T20:44:57.625+0000] {processor.py:161} INFO - Started process (PID=3276) to work on /home/airflow/.local/lib/python3.12/site-packages/airflow/example_dags/example_time_delta_sensor_async.py
[2026-05-07T20:44:57.627+0000] {processor.py:830} INFO - Processing file /home/airflow/.local/lib/python3.12/site-packages/airflow/example_dags/example_time_delta_sensor_async.py for tasks to queue
[2026-05-07T20:44:57.630+0000] {logging_mixin.py:188} INFO - [2026-05-07T20:44:57.629+0000] {dagbag.py:545} INFO - Filling up the DagBag from /home/airflow/.local/lib/python3.12/site-packages/airflow/example_dags/example_time_delta_sensor_async.py
[2026-05-07T20:44:57.637+0000] {processor.py:840} INFO - DAG(s) 'example_time_delta_sensor_async' retrieved from /home/airflow/.local/lib/python3.12/site-packages/airflow/example_dags/example_time_delta_sensor_async.py
[2026-05-07T20:44:57.677+0000] {logging_mixin.py:188} INFO - [2026-05-07T20:44:57.676+0000] {dag.py:3096} INFO - Sync 1 DAGs
[2026-05-07T20:44:57.701+0000] {logging_mixin.py:188} INFO - [2026-05-07T20:44:57.700+0000] {dag.py:3954} INFO - Setting next_dagrun for example_time_delta_sensor_async to None, run_after=None
[2026-05-07T20:44:57.808+0000] {processor.py:183} INFO - Processing /home/airflow/.local/lib/python3.12/site-packages/airflow/example_dags/example_time_delta_sensor_async.py took 0.192 seconds
[2026-05-07T20:45:28.214+0000] {processor.py:161} INFO - Started process (PID=3334) to work on /home/airflow/.local/lib/python3.12/site-packages/airflow/example_dags/example_time_delta_sensor_async.py
[2026-05-07T20:45:28.216+0000] {processor.py:830} INFO - Processing file /home/airflow/.local/lib/python3.12/site-packages/airflow/example_dags/example_time_delta_sensor_async.py for tasks to queue
[2026-05-07T20:45:28.218+0000] {logging_mixin.py:188} INFO - [2026-05-07T20:45:28.218+0000] {dagbag.py:545} INFO - Filling up the DagBag from /home/airflow/.local/lib/python3.12/site-packages/airflow/example_dags/example_time_delta_sensor_async.py
[2026-05-07T20:45:28.223+0000] {processor.py:840} INFO - DAG(s) 'example_time_delta_sensor_async' retrieved from /home/airflow/.local/lib/python3.12/site-packages/airflow/example_dags/example_time_delta_sensor_async.py
[2026-05-07T20:45:28.242+0000] {logging_mixin.py:188} INFO - [2026-05-07T20:45:28.242+0000] {dag.py:3096} INFO - Sync 1 DAGs
[2026-05-07T20:45:28.253+0000] {logging_mixin.py:188} INFO - [2026-05-07T20:45:28.252+0000] {dag.py:3954} INFO - Setting next_dagrun for example_time_delta_sensor_async to None, run_after=None
[2026-05-07T20:45:28.347+0000] {processor.py:183} INFO - Processing /home/airflow/.local/lib/python3.12/site-packages/airflow/example_dags/example_time_delta_sensor_async.py took 0.138 seconds
[2026-05-07T20:45:59.036+0000] {processor.py:161} INFO - Started process (PID=3390) to work on /home/airflow/.local/lib/python3.12/site-packages/airflow/example_dags/example_time_delta_sensor_async.py
[2026-05-07T20:45:59.038+0000] {processor.py:830} INFO - Processing file /home/airflow/.local/lib/python3.12/site-packages/airflow/example_dags/example_time_delta_sensor_async.py for tasks to queue
[2026-05-07T20:45:59.040+0000] {logging_mixin.py:188} INFO - [2026-05-07T20:45:59.040+0000] {dagbag.py:545} INFO - Filling up the DagBag from /home/airflow/.local/lib/python3.12/site-packages/airflow/example_dags/example_time_delta_sensor_async.py
[2026-05-07T20:45:59.047+0000] {processor.py:840} INFO - DAG(s) 'example_time_delta_sensor_async' retrieved from /home/airflow/.local/lib/python3.12/site-packages/airflow/example_dags/example_time_delta_sensor_async.py
[2026-05-07T20:45:59.069+0000] {logging_mixin.py:188} INFO - [2026-05-07T20:45:59.069+0000] {dag.py:3096} INFO - Sync 1 DAGs
[2026-05-07T20:45:59.084+0000] {logging_mixin.py:188} INFO - [2026-05-07T20:45:59.083+0000] {dag.py:3954} INFO - Setting next_dagrun for example_time_delta_sensor_async to None, run_after=None
[2026-05-07T20:45:59.168+0000] {processor.py:183} INFO - Processing /home/airflow/.local/lib/python3.12/site-packages/airflow/example_dags/example_time_delta_sensor_async.py took 0.139 seconds
[2026-05-07T20:46:29.770+0000] {processor.py:161} INFO - Started process (PID=3448) to work on /home/airflow/.local/lib/python3.12/site-packages/airflow/example_dags/example_time_delta_sensor_async.py
[2026-05-07T20:46:29.771+0000] {processor.py:830} INFO - Processing file /home/airflow/.local/lib/python3.12/site-packages/airflow/example_dags/example_time_delta_sensor_async.py for tasks to queue
[2026-05-07T20:46:29.773+0000] {logging_mixin.py:188} INFO - [2026-05-07T20:46:29.773+0000] {dagbag.py:545} INFO - Filling up the DagBag from /home/airflow/.local/lib/python3.12/site-packages/airflow/example_dags/example_time_delta_sensor_async.py
[2026-05-07T20:46:29.778+0000] {processor.py:840} INFO - DAG(s) 'example_time_delta_sensor_async' retrieved from /home/airflow/.local/lib/python3.12/site-packages/airflow/example_dags/example_time_delta_sensor_async.py
[2026-05-07T20:46:29.802+0000] {logging_mixin.py:188} INFO - [2026-05-07T20:46:29.802+0000] {dag.py:3096} INFO - Sync 1 DAGs
[2026-05-07T20:46:29.814+0000] {logging_mixin.py:188} INFO - [2026-05-07T20:46:29.814+0000] {dag.py:3954} INFO - Setting next_dagrun for example_time_delta_sensor_async to None, run_after=None
[2026-05-07T20:46:29.899+0000] {processor.py:183} INFO - Processing /home/airflow/.local/lib/python3.12/site-packages/airflow/example_dags/example_time_delta_sensor_async.py took 0.135 seconds
[2026-05-07T20:47:00.139+0000] {processor.py:161} INFO - Started process (PID=3506) to work on /home/airflow/.local/lib/python3.12/site-packages/airflow/example_dags/example_time_delta_sensor_async.py
[2026-05-07T20:47:00.141+0000] {processor.py:830} INFO - Processing file /home/airflow/.local/lib/python3.12/site-packages/airflow/example_dags/example_time_delta_sensor_async.py for tasks to queue
[2026-05-07T20:47:00.144+0000] {logging_mixin.py:188} INFO - [2026-05-07T20:47:00.143+0000] {dagbag.py:545} INFO - Filling up the DagBag from /home/airflow/.local/lib/python3.12/site-packages/airflow/example_dags/example_time_delta_sensor_async.py
[2026-05-07T20:47:00.150+0000] {processor.py:840} INFO - DAG(s) 'example_time_delta_sensor_async' retrieved from /home/airflow/.local/lib/python3.12/site-packages/airflow/example_dags/example_time_delta_sensor_async.py
[2026-05-07T20:47:00.181+0000] {logging_mixin.py:188} INFO - [2026-05-07T20:47:00.180+0000] {dag.py:3096} INFO - Sync 1 DAGs
[2026-05-07T20:47:00.195+0000] {logging_mixin.py:188} INFO - [2026-05-07T20:47:00.195+0000] {dag.py:3954} INFO - Setting next_dagrun for example_time_delta_sensor_async to None, run_after=None
[2026-05-07T20:47:00.222+0000] {processor.py:183} INFO - Processing /home/airflow/.local/lib/python3.12/site-packages/airflow/example_dags/example_time_delta_sensor_async.py took 0.092 seconds
[2026-05-07T20:47:30.650+0000] {processor.py:161} INFO - Started process (PID=3565) to work on /home/airflow/.local/lib/python3.12/site-packages/airflow/example_dags/example_time_delta_sensor_async.py
[2026-05-07T20:47:30.654+0000] {processor.py:830} INFO - Processing file /home/airflow/.local/lib/python3.12/site-packages/airflow/example_dags/example_time_delta_sensor_async.py for tasks to queue
[2026-05-07T20:47:30.657+0000] {logging_mixin.py:188} INFO - [2026-05-07T20:47:30.657+0000] {dagbag.py:545} INFO - Filling up the DagBag from /home/airflow/.local/lib/python3.12/site-packages/airflow/example_dags/example_time_delta_sensor_async.py
[2026-05-07T20:47:30.667+0000] {processor.py:840} INFO - DAG(s) 'example_time_delta_sensor_async' retrieved from /home/airflow/.local/lib/python3.12/site-packages/airflow/example_dags/example_time_delta_sensor_async.py
[2026-05-07T20:47:30.701+0000] {logging_mixin.py:188} INFO - [2026-05-07T20:47:30.700+0000] {dag.py:3096} INFO - Sync 1 DAGs
[2026-05-07T20:47:30.717+0000] {logging_mixin.py:188} INFO - [2026-05-07T20:47:30.717+0000] {dag.py:3954} INFO - Setting next_dagrun for example_time_delta_sensor_async to None, run_after=None
[2026-05-07T20:47:30.740+0000] {processor.py:183} INFO - Processing /home/airflow/.local/lib/python3.12/site-packages/airflow/example_dags/example_time_delta_sensor_async.py took 0.101 seconds
[2026-05-07T20:48:01.023+0000] {processor.py:161} INFO - Started process (PID=3623) to work on /home/airflow/.local/lib/python3.12/site-packages/airflow/example_dags/example_time_delta_sensor_async.py
[2026-05-07T20:48:01.025+0000] {processor.py:830} INFO - Processing file /home/airflow/.local/lib/python3.12/site-packages/airflow/example_dags/example_time_delta_sensor_async.py for tasks to queue
[2026-05-07T20:48:01.028+0000] {logging_mixin.py:188} INFO - [2026-05-07T20:48:01.027+0000] {dagbag.py:545} INFO - Filling up the DagBag from /home/airflow/.local/lib/python3.12/site-packages/airflow/example_dags/example_time_delta_sensor_async.py
[2026-05-07T20:48:01.035+0000] {processor.py:840} INFO - DAG(s) 'example_time_delta_sensor_async' retrieved from /home/airflow/.local/lib/python3.12/site-packages/airflow/example_dags/example_time_delta_sensor_async.py
[2026-05-07T20:48:01.065+0000] {logging_mixin.py:188} INFO - [2026-05-07T20:48:01.064+0000] {dag.py:3096} INFO - Sync 1 DAGs
[2026-05-07T20:48:01.083+0000] {logging_mixin.py:188} INFO - [2026-05-07T20:48:01.082+0000] {dag.py:3954} INFO - Setting next_dagrun for example_time_delta_sensor_async to None, run_after=None
[2026-05-07T20:48:01.189+0000] {processor.py:183} INFO - Processing /home/airflow/.local/lib/python3.12/site-packages/airflow/example_dags/example_time_delta_sensor_async.py took 0.173 seconds
[2026-05-07T20:48:31.973+0000] {processor.py:161} INFO - Started process (PID=3681) to work on /home/airflow/.local/lib/python3.12/site-packages/airflow/example_dags/example_time_delta_sensor_async.py
[2026-05-07T20:48:31.975+0000] {processor.py:830} INFO - Processing file /home/airflow/.local/lib/python3.12/site-packages/airflow/example_dags/example_time_delta_sensor_async.py for tasks to queue
[2026-05-07T20:48:31.980+0000] {logging_mixin.py:188} INFO - [2026-05-07T20:48:31.979+0000] {dagbag.py:545} INFO - Filling up the DagBag from /home/airflow/.local/lib/python3.12/site-packages/airflow/example_dags/example_time_delta_sensor_async.py
[2026-05-07T20:48:31.989+0000] {processor.py:840} INFO - DAG(s) 'example_time_delta_sensor_async' retrieved from /home/airflow/.local/lib/python3.12/site-packages/airflow/example_dags/example_time_delta_sensor_async.py
[2026-05-07T20:48:32.029+0000] {logging_mixin.py:188} INFO - [2026-05-07T20:48:32.028+0000] {dag.py:3096} INFO - Sync 1 DAGs
[2026-05-07T20:48:32.047+0000] {logging_mixin.py:188} INFO - [2026-05-07T20:48:32.047+0000] {dag.py:3954} INFO - Setting next_dagrun for example_time_delta_sensor_async to None, run_after=None
[2026-05-07T20:48:32.129+0000] {processor.py:183} INFO - Processing /home/airflow/.local/lib/python3.12/site-packages/airflow/example_dags/example_time_delta_sensor_async.py took 0.171 seconds
[2026-05-07T20:49:03.051+0000] {processor.py:161} INFO - Started process (PID=3739) to work on /home/airflow/.local/lib/python3.12/site-packages/airflow/example_dags/example_time_delta_sensor_async.py
[2026-05-07T20:49:03.053+0000] {processor.py:830} INFO - Processing file /home/airflow/.local/lib/python3.12/site-packages/airflow/example_dags/example_time_delta_sensor_async.py for tasks to queue
[2026-05-07T20:49:03.057+0000] {logging_mixin.py:188} INFO - [2026-05-07T20:49:03.056+0000] {dagbag.py:545} INFO - Filling up the DagBag from /home/airflow/.local/lib/python3.12/site-packages/airflow/example_dags/example_time_delta_sensor_async.py
[2026-05-07T20:49:03.065+0000] {processor.py:840} INFO - DAG(s) 'example_time_delta_sensor_async' retrieved from /home/airflow/.local/lib/python3.12/site-packages/airflow/example_dags/example_time_delta_sensor_async.py
[2026-05-07T20:49:03.105+0000] {logging_mixin.py:188} INFO - [2026-05-07T20:49:03.105+0000] {dag.py:3096} INFO - Sync 1 DAGs
[2026-05-07T20:49:03.125+0000] {logging_mixin.py:188} INFO - [2026-05-07T20:49:03.124+0000] {dag.py:3954} INFO - Setting next_dagrun for example_time_delta_sensor_async to None, run_after=None
[2026-05-07T20:49:03.163+0000] {processor.py:183} INFO - Processing /home/airflow/.local/lib/python3.12/site-packages/airflow/example_dags/example_time_delta_sensor_async.py took 0.122 seconds
[2026-05-07T20:49:33.686+0000] {processor.py:161} INFO - Started process (PID=3797) to work on /home/airflow/.local/lib/python3.12/site-packages/airflow/example_dags/example_time_delta_sensor_async.py
[2026-05-07T20:49:33.688+0000] {processor.py:830} INFO - Processing file /home/airflow/.local/lib/python3.12/site-packages/airflow/example_dags/example_time_delta_sensor_async.py for tasks to queue
[2026-05-07T20:49:33.692+0000] {logging_mixin.py:188} INFO - [2026-05-07T20:49:33.691+0000] {dagbag.py:545} INFO - Filling up the DagBag from /home/airflow/.local/lib/python3.12/site-packages/airflow/example_dags/example_time_delta_sensor_async.py
[2026-05-07T20:49:33.700+0000] {processor.py:840} INFO - DAG(s) 'example_time_delta_sensor_async' retrieved from /home/airflow/.local/lib/python3.12/site-packages/airflow/example_dags/example_time_delta_sensor_async.py
[2026-05-07T20:49:33.732+0000] {logging_mixin.py:188} INFO - [2026-05-07T20:49:33.732+0000] {dag.py:3096} INFO - Sync 1 DAGs
[2026-05-07T20:49:33.748+0000] {logging_mixin.py:188} INFO - [2026-05-07T20:49:33.748+0000] {dag.py:3954} INFO - Setting next_dagrun for example_time_delta_sensor_async to None, run_after=None
[2026-05-07T20:49:33.840+0000] {processor.py:183} INFO - Processing /home/airflow/.local/lib/python3.12/site-packages/airflow/example_dags/example_time_delta_sensor_async.py took 0.166 seconds
[2026-05-07T20:50:04.400+0000] {processor.py:161} INFO - Started process (PID=3855) to work on /home/airflow/.local/lib/python3.12/site-packages/airflow/example_dags/example_time_delta_sensor_async.py
[2026-05-07T20:50:04.401+0000] {processor.py:830} INFO - Processing file /home/airflow/.local/lib/python3.12/site-packages/airflow/example_dags/example_time_delta_sensor_async.py for tasks to queue
[2026-05-07T20:50:04.404+0000] {logging_mixin.py:188} INFO - [2026-05-07T20:50:04.404+0000] {dagbag.py:545} INFO - Filling up the DagBag from /home/airflow/.local/lib/python3.12/site-packages/airflow/example_dags/example_time_delta_sensor_async.py
[2026-05-07T20:50:04.409+0000] {processor.py:840} INFO - DAG(s) 'example_time_delta_sensor_async' retrieved from /home/airflow/.local/lib/python3.12/site-packages/airflow/example_dags/example_time_delta_sensor_async.py
[2026-05-07T20:50:04.436+0000] {logging_mixin.py:188} INFO - [2026-05-07T20:50:04.436+0000] {dag.py:3096} INFO - Sync 1 DAGs
[2026-05-07T20:50:04.453+0000] {logging_mixin.py:188} INFO - [2026-05-07T20:50:04.452+0000] {dag.py:3954} INFO - Setting next_dagrun for example_time_delta_sensor_async to None, run_after=None
[2026-05-07T20:50:04.554+0000] {processor.py:183} INFO - Processing /home/airflow/.local/lib/python3.12/site-packages/airflow/example_dags/example_time_delta_sensor_async.py took 0.162 seconds
[2026-05-07T20:50:35.115+0000] {processor.py:161} INFO - Started process (PID=3913) to work on /home/airflow/.local/lib/python3.12/site-packages/airflow/example_dags/example_time_delta_sensor_async.py
[2026-05-07T20:50:35.120+0000] {processor.py:830} INFO - Processing file /home/airflow/.local/lib/python3.12/site-packages/airflow/example_dags/example_time_delta_sensor_async.py for tasks to queue
[2026-05-07T20:50:35.148+0000] {logging_mixin.py:188} INFO - [2026-05-07T20:50:35.133+0000] {dagbag.py:545} INFO - Filling up the DagBag from /home/airflow/.local/lib/python3.12/site-packages/airflow/example_dags/example_time_delta_sensor_async.py
[2026-05-07T20:50:35.454+0000] {processor.py:840} INFO - DAG(s) 'example_time_delta_sensor_async' retrieved from /home/airflow/.local/lib/python3.12/site-packages/airflow/example_dags/example_time_delta_sensor_async.py
[2026-05-07T20:50:35.862+0000] {logging_mixin.py:188} INFO - [2026-05-07T20:50:35.862+0000] {dag.py:3096} INFO - Sync 1 DAGs
[2026-05-07T20:50:36.292+0000] {logging_mixin.py:188} INFO - [2026-05-07T20:50:36.291+0000] {dag.py:3954} INFO - Setting next_dagrun for example_time_delta_sensor_async to None, run_after=None
[2026-05-07T20:50:36.497+0000] {processor.py:183} INFO - Processing /home/airflow/.local/lib/python3.12/site-packages/airflow/example_dags/example_time_delta_sensor_async.py took 1.431 seconds
[2026-05-07T20:51:07.105+0000] {processor.py:161} INFO - Started process (PID=3977) to work on /home/airflow/.local/lib/python3.12/site-packages/airflow/example_dags/example_time_delta_sensor_async.py
[2026-05-07T20:51:07.107+0000] {processor.py:830} INFO - Processing file /home/airflow/.local/lib/python3.12/site-packages/airflow/example_dags/example_time_delta_sensor_async.py for tasks to queue
[2026-05-07T20:51:07.113+0000] {logging_mixin.py:188} INFO - [2026-05-07T20:51:07.110+0000] {dagbag.py:545} INFO - Filling up the DagBag from /home/airflow/.local/lib/python3.12/site-packages/airflow/example_dags/example_time_delta_sensor_async.py
[2026-05-07T20:51:07.128+0000] {processor.py:840} INFO - DAG(s) 'example_time_delta_sensor_async' retrieved from /home/airflow/.local/lib/python3.12/site-packages/airflow/example_dags/example_time_delta_sensor_async.py
[2026-05-07T20:51:07.169+0000] {logging_mixin.py:188} INFO - [2026-05-07T20:51:07.169+0000] {dag.py:3096} INFO - Sync 1 DAGs
[2026-05-07T20:51:07.211+0000] {logging_mixin.py:188} INFO - [2026-05-07T20:51:07.211+0000] {dag.py:3954} INFO - Setting next_dagrun for example_time_delta_sensor_async to None, run_after=None
[2026-05-07T20:51:07.251+0000] {processor.py:183} INFO - Processing /home/airflow/.local/lib/python3.12/site-packages/airflow/example_dags/example_time_delta_sensor_async.py took 0.156 seconds
[2026-05-07T20:51:37.615+0000] {processor.py:161} INFO - Started process (PID=4036) to work on /home/airflow/.local/lib/python3.12/site-packages/airflow/example_dags/example_time_delta_sensor_async.py
[2026-05-07T20:51:37.617+0000] {processor.py:830} INFO - Processing file /home/airflow/.local/lib/python3.12/site-packages/airflow/example_dags/example_time_delta_sensor_async.py for tasks to queue
[2026-05-07T20:51:37.619+0000] {logging_mixin.py:188} INFO - [2026-05-07T20:51:37.619+0000] {dagbag.py:545} INFO - Filling up the DagBag from /home/airflow/.local/lib/python3.12/site-packages/airflow/example_dags/example_time_delta_sensor_async.py
[2026-05-07T20:51:37.625+0000] {processor.py:840} INFO - DAG(s) 'example_time_delta_sensor_async' retrieved from /home/airflow/.local/lib/python3.12/site-packages/airflow/example_dags/example_time_delta_sensor_async.py
[2026-05-07T20:51:37.649+0000] {logging_mixin.py:188} INFO - [2026-05-07T20:51:37.649+0000] {dag.py:3096} INFO - Sync 1 DAGs
[2026-05-07T20:51:37.662+0000] {logging_mixin.py:188} INFO - [2026-05-07T20:51:37.662+0000] {dag.py:3954} INFO - Setting next_dagrun for example_time_delta_sensor_async to None, run_after=None
[2026-05-07T20:51:37.759+0000] {processor.py:183} INFO - Processing /home/airflow/.local/lib/python3.12/site-packages/airflow/example_dags/example_time_delta_sensor_async.py took 0.151 seconds
[2026-05-07T20:52:07.954+0000] {processor.py:161} INFO - Started process (PID=4094) to work on /home/airflow/.local/lib/python3.12/site-packages/airflow/example_dags/example_time_delta_sensor_async.py
[2026-05-07T20:52:07.956+0000] {processor.py:830} INFO - Processing file /home/airflow/.local/lib/python3.12/site-packages/airflow/example_dags/example_time_delta_sensor_async.py for tasks to queue
[2026-05-07T20:52:07.961+0000] {logging_mixin.py:188} INFO - [2026-05-07T20:52:07.960+0000] {dagbag.py:545} INFO - Filling up the DagBag from /home/airflow/.local/lib/python3.12/site-packages/airflow/example_dags/example_time_delta_sensor_async.py
[2026-05-07T20:52:07.979+0000] {processor.py:840} INFO - DAG(s) 'example_time_delta_sensor_async' retrieved from /home/airflow/.local/lib/python3.12/site-packages/airflow/example_dags/example_time_delta_sensor_async.py
[2026-05-07T20:52:08.017+0000] {logging_mixin.py:188} INFO - [2026-05-07T20:52:08.016+0000] {dag.py:3096} INFO - Sync 1 DAGs
[2026-05-07T20:52:08.044+0000] {logging_mixin.py:188} INFO - [2026-05-07T20:52:08.044+0000] {dag.py:3954} INFO - Setting next_dagrun for example_time_delta_sensor_async to None, run_after=None
[2026-05-07T20:52:08.083+0000] {processor.py:183} INFO - Processing /home/airflow/.local/lib/python3.12/site-packages/airflow/example_dags/example_time_delta_sensor_async.py took 0.138 seconds
[2026-05-07T20:52:38.858+0000] {processor.py:161} INFO - Started process (PID=4152) to work on /home/airflow/.local/lib/python3.12/site-packages/airflow/example_dags/example_time_delta_sensor_async.py
[2026-05-07T20:52:38.860+0000] {processor.py:830} INFO - Processing file /home/airflow/.local/lib/python3.12/site-packages/airflow/example_dags/example_time_delta_sensor_async.py for tasks to queue
[2026-05-07T20:52:38.864+0000] {logging_mixin.py:188} INFO - [2026-05-07T20:52:38.863+0000] {dagbag.py:545} INFO - Filling up the DagBag from /home/airflow/.local/lib/python3.12/site-packages/airflow/example_dags/example_time_delta_sensor_async.py
[2026-05-07T20:52:38.871+0000] {processor.py:840} INFO - DAG(s) 'example_time_delta_sensor_async' retrieved from /home/airflow/.local/lib/python3.12/site-packages/airflow/example_dags/example_time_delta_sensor_async.py
[2026-05-07T20:52:38.915+0000] {logging_mixin.py:188} INFO - [2026-05-07T20:52:38.914+0000] {dag.py:3096} INFO - Sync 1 DAGs
[2026-05-07T20:52:38.951+0000] {logging_mixin.py:188} INFO - [2026-05-07T20:52:38.951+0000] {dag.py:3954} INFO - Setting next_dagrun for example_time_delta_sensor_async to None, run_after=None
[2026-05-07T20:52:39.005+0000] {processor.py:183} INFO - Processing /home/airflow/.local/lib/python3.12/site-packages/airflow/example_dags/example_time_delta_sensor_async.py took 0.160 seconds
[2026-05-07T20:53:09.427+0000] {processor.py:161} INFO - Started process (PID=4210) to work on /home/airflow/.local/lib/python3.12/site-packages/airflow/example_dags/example_time_delta_sensor_async.py
[2026-05-07T20:53:09.430+0000] {processor.py:830} INFO - Processing file /home/airflow/.local/lib/python3.12/site-packages/airflow/example_dags/example_time_delta_sensor_async.py for tasks to queue
[2026-05-07T20:53:09.435+0000] {logging_mixin.py:188} INFO - [2026-05-07T20:53:09.434+0000] {dagbag.py:545} INFO - Filling up the DagBag from /home/airflow/.local/lib/python3.12/site-packages/airflow/example_dags/example_time_delta_sensor_async.py
[2026-05-07T20:53:09.447+0000] {processor.py:840} INFO - DAG(s) 'example_time_delta_sensor_async' retrieved from /home/airflow/.local/lib/python3.12/site-packages/airflow/example_dags/example_time_delta_sensor_async.py
[2026-05-07T20:53:09.483+0000] {logging_mixin.py:188} INFO - [2026-05-07T20:53:09.483+0000] {dag.py:3096} INFO - Sync 1 DAGs
[2026-05-07T20:53:09.503+0000] {logging_mixin.py:188} INFO - [2026-05-07T20:53:09.503+0000] {dag.py:3954} INFO - Setting next_dagrun for example_time_delta_sensor_async to None, run_after=None
[2026-05-07T20:53:09.533+0000] {processor.py:183} INFO - Processing /home/airflow/.local/lib/python3.12/site-packages/airflow/example_dags/example_time_delta_sensor_async.py took 0.114 seconds
[2026-05-07T20:53:40.517+0000] {processor.py:161} INFO - Started process (PID=4268) to work on /home/airflow/.local/lib/python3.12/site-packages/airflow/example_dags/example_time_delta_sensor_async.py
[2026-05-07T20:53:40.521+0000] {processor.py:830} INFO - Processing file /home/airflow/.local/lib/python3.12/site-packages/airflow/example_dags/example_time_delta_sensor_async.py for tasks to queue
[2026-05-07T20:53:40.524+0000] {logging_mixin.py:188} INFO - [2026-05-07T20:53:40.524+0000] {dagbag.py:545} INFO - Filling up the DagBag from /home/airflow/.local/lib/python3.12/site-packages/airflow/example_dags/example_time_delta_sensor_async.py
[2026-05-07T20:53:40.531+0000] {processor.py:840} INFO - DAG(s) 'example_time_delta_sensor_async' retrieved from /home/airflow/.local/lib/python3.12/site-packages/airflow/example_dags/example_time_delta_sensor_async.py
[2026-05-07T20:53:40.570+0000] {logging_mixin.py:188} INFO - [2026-05-07T20:53:40.569+0000] {dag.py:3096} INFO - Sync 1 DAGs
[2026-05-07T20:53:40.591+0000] {logging_mixin.py:188} INFO - [2026-05-07T20:53:40.591+0000] {dag.py:3954} INFO - Setting next_dagrun for example_time_delta_sensor_async to None, run_after=None
[2026-05-07T20:53:40.658+0000] {processor.py:183} INFO - Processing /home/airflow/.local/lib/python3.12/site-packages/airflow/example_dags/example_time_delta_sensor_async.py took 0.155 seconds
[2026-05-07T20:54:11.526+0000] {processor.py:161} INFO - Started process (PID=4326) to work on /home/airflow/.local/lib/python3.12/site-packages/airflow/example_dags/example_time_delta_sensor_async.py
[2026-05-07T20:54:11.527+0000] {processor.py:830} INFO - Processing file /home/airflow/.local/lib/python3.12/site-packages/airflow/example_dags/example_time_delta_sensor_async.py for tasks to queue
[2026-05-07T20:54:11.530+0000] {logging_mixin.py:188} INFO - [2026-05-07T20:54:11.529+0000] {dagbag.py:545} INFO - Filling up the DagBag from /home/airflow/.local/lib/python3.12/site-packages/airflow/example_dags/example_time_delta_sensor_async.py
[2026-05-07T20:54:11.537+0000] {processor.py:840} INFO - DAG(s) 'example_time_delta_sensor_async' retrieved from /home/airflow/.local/lib/python3.12/site-packages/airflow/example_dags/example_time_delta_sensor_async.py
[2026-05-07T20:54:11.573+0000] {logging_mixin.py:188} INFO - [2026-05-07T20:54:11.572+0000] {dag.py:3096} INFO - Sync 1 DAGs
[2026-05-07T20:54:11.590+0000] {logging_mixin.py:188} INFO - [2026-05-07T20:54:11.590+0000] {dag.py:3954} INFO - Setting next_dagrun for example_time_delta_sensor_async to None, run_after=None
[2026-05-07T20:54:11.687+0000] {processor.py:183} INFO - Processing /home/airflow/.local/lib/python3.12/site-packages/airflow/example_dags/example_time_delta_sensor_async.py took 0.172 seconds
[2026-05-07T20:54:42.068+0000] {processor.py:161} INFO - Started process (PID=4384) to work on /home/airflow/.local/lib/python3.12/site-packages/airflow/example_dags/example_time_delta_sensor_async.py
[2026-05-07T20:54:42.070+0000] {processor.py:830} INFO - Processing file /home/airflow/.local/lib/python3.12/site-packages/airflow/example_dags/example_time_delta_sensor_async.py for tasks to queue
[2026-05-07T20:54:42.073+0000] {logging_mixin.py:188} INFO - [2026-05-07T20:54:42.073+0000] {dagbag.py:545} INFO - Filling up the DagBag from /home/airflow/.local/lib/python3.12/site-packages/airflow/example_dags/example_time_delta_sensor_async.py
[2026-05-07T20:54:42.077+0000] {processor.py:840} INFO - DAG(s) 'example_time_delta_sensor_async' retrieved from /home/airflow/.local/lib/python3.12/site-packages/airflow/example_dags/example_time_delta_sensor_async.py
[2026-05-07T20:54:42.101+0000] {logging_mixin.py:188} INFO - [2026-05-07T20:54:42.100+0000] {dag.py:3096} INFO - Sync 1 DAGs
[2026-05-07T20:54:42.114+0000] {logging_mixin.py:188} INFO - [2026-05-07T20:54:42.113+0000] {dag.py:3954} INFO - Setting next_dagrun for example_time_delta_sensor_async to None, run_after=None
[2026-05-07T20:54:42.140+0000] {processor.py:183} INFO - Processing /home/airflow/.local/lib/python3.12/site-packages/airflow/example_dags/example_time_delta_sensor_async.py took 0.077 seconds
[2026-05-07T20:55:12.273+0000] {processor.py:161} INFO - Started process (PID=4442) to work on /home/airflow/.local/lib/python3.12/site-packages/airflow/example_dags/example_time_delta_sensor_async.py
[2026-05-07T20:55:12.274+0000] {processor.py:830} INFO - Processing file /home/airflow/.local/lib/python3.12/site-packages/airflow/example_dags/example_time_delta_sensor_async.py for tasks to queue
[2026-05-07T20:55:12.278+0000] {logging_mixin.py:188} INFO - [2026-05-07T20:55:12.277+0000] {dagbag.py:545} INFO - Filling up the DagBag from /home/airflow/.local/lib/python3.12/site-packages/airflow/example_dags/example_time_delta_sensor_async.py
[2026-05-07T20:55:12.282+0000] {processor.py:840} INFO - DAG(s) 'example_time_delta_sensor_async' retrieved from /home/airflow/.local/lib/python3.12/site-packages/airflow/example_dags/example_time_delta_sensor_async.py
[2026-05-07T20:55:12.305+0000] {logging_mixin.py:188} INFO - [2026-05-07T20:55:12.305+0000] {dag.py:3096} INFO - Sync 1 DAGs
[2026-05-07T20:55:12.317+0000] {logging_mixin.py:188} INFO - [2026-05-07T20:55:12.317+0000] {dag.py:3954} INFO - Setting next_dagrun for example_time_delta_sensor_async to None, run_after=None
[2026-05-07T20:55:12.416+0000] {processor.py:183} INFO - Processing /home/airflow/.local/lib/python3.12/site-packages/airflow/example_dags/example_time_delta_sensor_async.py took 0.151 seconds
[2026-05-07T20:55:42.700+0000] {processor.py:161} INFO - Started process (PID=4500) to work on /home/airflow/.local/lib/python3.12/site-packages/airflow/example_dags/example_time_delta_sensor_async.py
[2026-05-07T20:55:42.701+0000] {processor.py:830} INFO - Processing file /home/airflow/.local/lib/python3.12/site-packages/airflow/example_dags/example_time_delta_sensor_async.py for tasks to queue
[2026-05-07T20:55:42.704+0000] {logging_mixin.py:188} INFO - [2026-05-07T20:55:42.703+0000] {dagbag.py:545} INFO - Filling up the DagBag from /home/airflow/.local/lib/python3.12/site-packages/airflow/example_dags/example_time_delta_sensor_async.py
[2026-05-07T20:55:42.708+0000] {processor.py:840} INFO - DAG(s) 'example_time_delta_sensor_async' retrieved from /home/airflow/.local/lib/python3.12/site-packages/airflow/example_dags/example_time_delta_sensor_async.py
[2026-05-07T20:55:42.732+0000] {logging_mixin.py:188} INFO - [2026-05-07T20:55:42.731+0000] {dag.py:3096} INFO - Sync 1 DAGs
[2026-05-07T20:55:42.745+0000] {logging_mixin.py:188} INFO - [2026-05-07T20:55:42.745+0000] {dag.py:3954} INFO - Setting next_dagrun for example_time_delta_sensor_async to None, run_after=None
[2026-05-07T20:55:42.867+0000] {processor.py:183} INFO - Processing /home/airflow/.local/lib/python3.12/site-packages/airflow/example_dags/example_time_delta_sensor_async.py took 0.176 seconds
[2026-05-07T20:56:13.744+0000] {processor.py:161} INFO - Started process (PID=4558) to work on /home/airflow/.local/lib/python3.12/site-packages/airflow/example_dags/example_time_delta_sensor_async.py
[2026-05-07T20:56:13.746+0000] {processor.py:830} INFO - Processing file /home/airflow/.local/lib/python3.12/site-packages/airflow/example_dags/example_time_delta_sensor_async.py for tasks to queue
[2026-05-07T20:56:13.748+0000] {logging_mixin.py:188} INFO - [2026-05-07T20:56:13.748+0000] {dagbag.py:545} INFO - Filling up the DagBag from /home/airflow/.local/lib/python3.12/site-packages/airflow/example_dags/example_time_delta_sensor_async.py
[2026-05-07T20:56:13.754+0000] {processor.py:840} INFO - DAG(s) 'example_time_delta_sensor_async' retrieved from /home/airflow/.local/lib/python3.12/site-packages/airflow/example_dags/example_time_delta_sensor_async.py
[2026-05-07T20:56:13.778+0000] {logging_mixin.py:188} INFO - [2026-05-07T20:56:13.777+0000] {dag.py:3096} INFO - Sync 1 DAGs
[2026-05-07T20:56:13.792+0000] {logging_mixin.py:188} INFO - [2026-05-07T20:56:13.791+0000] {dag.py:3954} INFO - Setting next_dagrun for example_time_delta_sensor_async to None, run_after=None
[2026-05-07T20:56:13.890+0000] {processor.py:183} INFO - Processing /home/airflow/.local/lib/python3.12/site-packages/airflow/example_dags/example_time_delta_sensor_async.py took 0.154 seconds
[2026-05-07T20:56:43.971+0000] {processor.py:161} INFO - Started process (PID=4616) to work on /home/airflow/.local/lib/python3.12/site-packages/airflow/example_dags/example_time_delta_sensor_async.py
[2026-05-07T20:56:43.972+0000] {processor.py:830} INFO - Processing file /home/airflow/.local/lib/python3.12/site-packages/airflow/example_dags/example_time_delta_sensor_async.py for tasks to queue
[2026-05-07T20:56:43.976+0000] {logging_mixin.py:188} INFO - [2026-05-07T20:56:43.976+0000] {dagbag.py:545} INFO - Filling up the DagBag from /home/airflow/.local/lib/python3.12/site-packages/airflow/example_dags/example_time_delta_sensor_async.py
[2026-05-07T20:56:43.981+0000] {processor.py:840} INFO - DAG(s) 'example_time_delta_sensor_async' retrieved from /home/airflow/.local/lib/python3.12/site-packages/airflow/example_dags/example_time_delta_sensor_async.py
[2026-05-07T20:56:44.005+0000] {logging_mixin.py:188} INFO - [2026-05-07T20:56:44.004+0000] {dag.py:3096} INFO - Sync 1 DAGs
[2026-05-07T20:56:44.018+0000] {logging_mixin.py:188} INFO - [2026-05-07T20:56:44.018+0000] {dag.py:3954} INFO - Setting next_dagrun for example_time_delta_sensor_async to None, run_after=None
[2026-05-07T20:56:44.117+0000] {processor.py:183} INFO - Processing /home/airflow/.local/lib/python3.12/site-packages/airflow/example_dags/example_time_delta_sensor_async.py took 0.152 seconds
[2026-05-07T20:57:14.211+0000] {processor.py:161} INFO - Started process (PID=4674) to work on /home/airflow/.local/lib/python3.12/site-packages/airflow/example_dags/example_time_delta_sensor_async.py
[2026-05-07T20:57:14.212+0000] {processor.py:830} INFO - Processing file /home/airflow/.local/lib/python3.12/site-packages/airflow/example_dags/example_time_delta_sensor_async.py for tasks to queue
[2026-05-07T20:57:14.215+0000] {logging_mixin.py:188} INFO - [2026-05-07T20:57:14.214+0000] {dagbag.py:545} INFO - Filling up the DagBag from /home/airflow/.local/lib/python3.12/site-packages/airflow/example_dags/example_time_delta_sensor_async.py
[2026-05-07T20:57:14.219+0000] {processor.py:840} INFO - DAG(s) 'example_time_delta_sensor_async' retrieved from /home/airflow/.local/lib/python3.12/site-packages/airflow/example_dags/example_time_delta_sensor_async.py
[2026-05-07T20:57:14.241+0000] {logging_mixin.py:188} INFO - [2026-05-07T20:57:14.241+0000] {dag.py:3096} INFO - Sync 1 DAGs
[2026-05-07T20:57:14.254+0000] {logging_mixin.py:188} INFO - [2026-05-07T20:57:14.254+0000] {dag.py:3954} INFO - Setting next_dagrun for example_time_delta_sensor_async to None, run_after=None
[2026-05-07T20:57:14.345+0000] {processor.py:183} INFO - Processing /home/airflow/.local/lib/python3.12/site-packages/airflow/example_dags/example_time_delta_sensor_async.py took 0.141 seconds
[2026-05-07T20:57:44.718+0000] {processor.py:161} INFO - Started process (PID=4732) to work on /home/airflow/.local/lib/python3.12/site-packages/airflow/example_dags/example_time_delta_sensor_async.py
[2026-05-07T20:57:44.720+0000] {processor.py:830} INFO - Processing file /home/airflow/.local/lib/python3.12/site-packages/airflow/example_dags/example_time_delta_sensor_async.py for tasks to queue
[2026-05-07T20:57:44.722+0000] {logging_mixin.py:188} INFO - [2026-05-07T20:57:44.722+0000] {dagbag.py:545} INFO - Filling up the DagBag from /home/airflow/.local/lib/python3.12/site-packages/airflow/example_dags/example_time_delta_sensor_async.py
[2026-05-07T20:57:44.727+0000] {processor.py:840} INFO - DAG(s) 'example_time_delta_sensor_async' retrieved from /home/airflow/.local/lib/python3.12/site-packages/airflow/example_dags/example_time_delta_sensor_async.py
[2026-05-07T20:57:44.753+0000] {logging_mixin.py:188} INFO - [2026-05-07T20:57:44.752+0000] {dag.py:3096} INFO - Sync 1 DAGs
[2026-05-07T20:57:44.769+0000] {logging_mixin.py:188} INFO - [2026-05-07T20:57:44.768+0000] {dag.py:3954} INFO - Setting next_dagrun for example_time_delta_sensor_async to None, run_after=None
[2026-05-07T20:57:44.866+0000] {processor.py:183} INFO - Processing /home/airflow/.local/lib/python3.12/site-packages/airflow/example_dags/example_time_delta_sensor_async.py took 0.157 seconds
[2026-05-07T20:58:14.931+0000] {processor.py:161} INFO - Started process (PID=4790) to work on /home/airflow/.local/lib/python3.12/site-packages/airflow/example_dags/example_time_delta_sensor_async.py
[2026-05-07T20:58:14.934+0000] {processor.py:830} INFO - Processing file /home/airflow/.local/lib/python3.12/site-packages/airflow/example_dags/example_time_delta_sensor_async.py for tasks to queue
[2026-05-07T20:58:14.939+0000] {logging_mixin.py:188} INFO - [2026-05-07T20:58:14.938+0000] {dagbag.py:545} INFO - Filling up the DagBag from /home/airflow/.local/lib/python3.12/site-packages/airflow/example_dags/example_time_delta_sensor_async.py
[2026-05-07T20:58:14.948+0000] {processor.py:840} INFO - DAG(s) 'example_time_delta_sensor_async' retrieved from /home/airflow/.local/lib/python3.12/site-packages/airflow/example_dags/example_time_delta_sensor_async.py
[2026-05-07T20:58:14.990+0000] {logging_mixin.py:188} INFO - [2026-05-07T20:58:14.989+0000] {dag.py:3096} INFO - Sync 1 DAGs
[2026-05-07T20:58:15.014+0000] {logging_mixin.py:188} INFO - [2026-05-07T20:58:15.014+0000] {dag.py:3954} INFO - Setting next_dagrun for example_time_delta_sensor_async to None, run_after=None
[2026-05-07T20:58:15.063+0000] {processor.py:183} INFO - Processing /home/airflow/.local/lib/python3.12/site-packages/airflow/example_dags/example_time_delta_sensor_async.py took 0.146 seconds
[2026-05-07T20:58:45.134+0000] {processor.py:161} INFO - Started process (PID=4848) to work on /home/airflow/.local/lib/python3.12/site-packages/airflow/example_dags/example_time_delta_sensor_async.py
[2026-05-07T20:58:45.137+0000] {processor.py:830} INFO - Processing file /home/airflow/.local/lib/python3.12/site-packages/airflow/example_dags/example_time_delta_sensor_async.py for tasks to queue
[2026-05-07T20:58:45.141+0000] {logging_mixin.py:188} INFO - [2026-05-07T20:58:45.140+0000] {dagbag.py:545} INFO - Filling up the DagBag from /home/airflow/.local/lib/python3.12/site-packages/airflow/example_dags/example_time_delta_sensor_async.py
[2026-05-07T20:58:45.150+0000] {processor.py:840} INFO - DAG(s) 'example_time_delta_sensor_async' retrieved from /home/airflow/.local/lib/python3.12/site-packages/airflow/example_dags/example_time_delta_sensor_async.py
[2026-05-07T20:58:45.185+0000] {logging_mixin.py:188} INFO - [2026-05-07T20:58:45.185+0000] {dag.py:3096} INFO - Sync 1 DAGs
[2026-05-07T20:58:45.205+0000] {logging_mixin.py:188} INFO - [2026-05-07T20:58:45.204+0000] {dag.py:3954} INFO - Setting next_dagrun for example_time_delta_sensor_async to None, run_after=None
[2026-05-07T20:58:45.241+0000] {processor.py:183} INFO - Processing /home/airflow/.local/lib/python3.12/site-packages/airflow/example_dags/example_time_delta_sensor_async.py took 0.118 seconds
[2026-05-07T20:59:15.850+0000] {processor.py:161} INFO - Started process (PID=4907) to work on /home/airflow/.local/lib/python3.12/site-packages/airflow/example_dags/example_time_delta_sensor_async.py
[2026-05-07T20:59:15.858+0000] {processor.py:830} INFO - Processing file /home/airflow/.local/lib/python3.12/site-packages/airflow/example_dags/example_time_delta_sensor_async.py for tasks to queue
[2026-05-07T20:59:15.865+0000] {logging_mixin.py:188} INFO - [2026-05-07T20:59:15.864+0000] {dagbag.py:545} INFO - Filling up the DagBag from /home/airflow/.local/lib/python3.12/site-packages/airflow/example_dags/example_time_delta_sensor_async.py
[2026-05-07T20:59:15.875+0000] {processor.py:840} INFO - DAG(s) 'example_time_delta_sensor_async' retrieved from /home/airflow/.local/lib/python3.12/site-packages/airflow/example_dags/example_time_delta_sensor_async.py
[2026-05-07T20:59:15.904+0000] {logging_mixin.py:188} INFO - [2026-05-07T20:59:15.903+0000] {dag.py:3096} INFO - Sync 1 DAGs
[2026-05-07T20:59:15.920+0000] {logging_mixin.py:188} INFO - [2026-05-07T20:59:15.920+0000] {dag.py:3954} INFO - Setting next_dagrun for example_time_delta_sensor_async to None, run_after=None
[2026-05-07T20:59:15.955+0000] {processor.py:183} INFO - Processing /home/airflow/.local/lib/python3.12/site-packages/airflow/example_dags/example_time_delta_sensor_async.py took 0.121 seconds
[2026-05-07T20:59:46.495+0000] {processor.py:161} INFO - Started process (PID=4965) to work on /home/airflow/.local/lib/python3.12/site-packages/airflow/example_dags/example_time_delta_sensor_async.py
[2026-05-07T20:59:46.497+0000] {processor.py:830} INFO - Processing file /home/airflow/.local/lib/python3.12/site-packages/airflow/example_dags/example_time_delta_sensor_async.py for tasks to queue
[2026-05-07T20:59:46.500+0000] {logging_mixin.py:188} INFO - [2026-05-07T20:59:46.499+0000] {dagbag.py:545} INFO - Filling up the DagBag from /home/airflow/.local/lib/python3.12/site-packages/airflow/example_dags/example_time_delta_sensor_async.py
[2026-05-07T20:59:46.508+0000] {processor.py:840} INFO - DAG(s) 'example_time_delta_sensor_async' retrieved from /home/airflow/.local/lib/python3.12/site-packages/airflow/example_dags/example_time_delta_sensor_async.py
[2026-05-07T20:59:46.536+0000] {logging_mixin.py:188} INFO - [2026-05-07T20:59:46.535+0000] {dag.py:3096} INFO - Sync 1 DAGs
[2026-05-07T20:59:46.549+0000] {logging_mixin.py:188} INFO - [2026-05-07T20:59:46.549+0000] {dag.py:3954} INFO - Setting next_dagrun for example_time_delta_sensor_async to None, run_after=None
[2026-05-07T20:59:46.572+0000] {processor.py:183} INFO - Processing /home/airflow/.local/lib/python3.12/site-packages/airflow/example_dags/example_time_delta_sensor_async.py took 0.085 seconds
[2026-05-07T21:00:16.946+0000] {processor.py:161} INFO - Started process (PID=5023) to work on /home/airflow/.local/lib/python3.12/site-packages/airflow/example_dags/example_time_delta_sensor_async.py
[2026-05-07T21:00:16.948+0000] {processor.py:830} INFO - Processing file /home/airflow/.local/lib/python3.12/site-packages/airflow/example_dags/example_time_delta_sensor_async.py for tasks to queue
[2026-05-07T21:00:16.951+0000] {logging_mixin.py:188} INFO - [2026-05-07T21:00:16.950+0000] {dagbag.py:545} INFO - Filling up the DagBag from /home/airflow/.local/lib/python3.12/site-packages/airflow/example_dags/example_time_delta_sensor_async.py
[2026-05-07T21:00:16.956+0000] {processor.py:840} INFO - DAG(s) 'example_time_delta_sensor_async' retrieved from /home/airflow/.local/lib/python3.12/site-packages/airflow/example_dags/example_time_delta_sensor_async.py
[2026-05-07T21:00:16.984+0000] {logging_mixin.py:188} INFO - [2026-05-07T21:00:16.984+0000] {dag.py:3096} INFO - Sync 1 DAGs
[2026-05-07T21:00:16.997+0000] {logging_mixin.py:188} INFO - [2026-05-07T21:00:16.997+0000] {dag.py:3954} INFO - Setting next_dagrun for example_time_delta_sensor_async to None, run_after=None
[2026-05-07T21:00:17.019+0000] {processor.py:183} INFO - Processing /home/airflow/.local/lib/python3.12/site-packages/airflow/example_dags/example_time_delta_sensor_async.py took 0.080 seconds
[2026-05-07T21:00:47.726+0000] {processor.py:161} INFO - Started process (PID=5081) to work on /home/airflow/.local/lib/python3.12/site-packages/airflow/example_dags/example_time_delta_sensor_async.py
[2026-05-07T21:00:47.728+0000] {processor.py:830} INFO - Processing file /home/airflow/.local/lib/python3.12/site-packages/airflow/example_dags/example_time_delta_sensor_async.py for tasks to queue
[2026-05-07T21:00:47.731+0000] {logging_mixin.py:188} INFO - [2026-05-07T21:00:47.731+0000] {dagbag.py:545} INFO - Filling up the DagBag from /home/airflow/.local/lib/python3.12/site-packages/airflow/example_dags/example_time_delta_sensor_async.py
[2026-05-07T21:00:47.736+0000] {processor.py:840} INFO - DAG(s) 'example_time_delta_sensor_async' retrieved from /home/airflow/.local/lib/python3.12/site-packages/airflow/example_dags/example_time_delta_sensor_async.py
[2026-05-07T21:00:47.759+0000] {logging_mixin.py:188} INFO - [2026-05-07T21:00:47.758+0000] {dag.py:3096} INFO - Sync 1 DAGs
[2026-05-07T21:00:47.771+0000] {logging_mixin.py:188} INFO - [2026-05-07T21:00:47.771+0000] {dag.py:3954} INFO - Setting next_dagrun for example_time_delta_sensor_async to None, run_after=None
[2026-05-07T21:00:47.800+0000] {processor.py:183} INFO - Processing /home/airflow/.local/lib/python3.12/site-packages/airflow/example_dags/example_time_delta_sensor_async.py took 0.079 seconds
[2026-05-07T21:01:18.411+0000] {processor.py:161} INFO - Started process (PID=5139) to work on /home/airflow/.local/lib/python3.12/site-packages/airflow/example_dags/example_time_delta_sensor_async.py
[2026-05-07T21:01:18.412+0000] {processor.py:830} INFO - Processing file /home/airflow/.local/lib/python3.12/site-packages/airflow/example_dags/example_time_delta_sensor_async.py for tasks to queue
[2026-05-07T21:01:18.415+0000] {logging_mixin.py:188} INFO - [2026-05-07T21:01:18.414+0000] {dagbag.py:545} INFO - Filling up the DagBag from /home/airflow/.local/lib/python3.12/site-packages/airflow/example_dags/example_time_delta_sensor_async.py
[2026-05-07T21:01:18.420+0000] {processor.py:840} INFO - DAG(s) 'example_time_delta_sensor_async' retrieved from /home/airflow/.local/lib/python3.12/site-packages/airflow/example_dags/example_time_delta_sensor_async.py
[2026-05-07T21:01:18.443+0000] {logging_mixin.py:188} INFO - [2026-05-07T21:01:18.442+0000] {dag.py:3096} INFO - Sync 1 DAGs
[2026-05-07T21:01:18.454+0000] {logging_mixin.py:188} INFO - [2026-05-07T21:01:18.454+0000] {dag.py:3954} INFO - Setting next_dagrun for example_time_delta_sensor_async to None, run_after=None
[2026-05-07T21:01:18.480+0000] {processor.py:183} INFO - Processing /home/airflow/.local/lib/python3.12/site-packages/airflow/example_dags/example_time_delta_sensor_async.py took 0.075 seconds
[2026-05-07T21:01:49.484+0000] {processor.py:161} INFO - Started process (PID=5197) to work on /home/airflow/.local/lib/python3.12/site-packages/airflow/example_dags/example_time_delta_sensor_async.py
[2026-05-07T21:01:49.486+0000] {processor.py:830} INFO - Processing file /home/airflow/.local/lib/python3.12/site-packages/airflow/example_dags/example_time_delta_sensor_async.py for tasks to queue
[2026-05-07T21:01:49.494+0000] {logging_mixin.py:188} INFO - [2026-05-07T21:01:49.494+0000] {dagbag.py:545} INFO - Filling up the DagBag from /home/airflow/.local/lib/python3.12/site-packages/airflow/example_dags/example_time_delta_sensor_async.py
[2026-05-07T21:01:49.500+0000] {processor.py:840} INFO - DAG(s) 'example_time_delta_sensor_async' retrieved from /home/airflow/.local/lib/python3.12/site-packages/airflow/example_dags/example_time_delta_sensor_async.py
[2026-05-07T21:01:49.524+0000] {logging_mixin.py:188} INFO - [2026-05-07T21:01:49.524+0000] {dag.py:3096} INFO - Sync 1 DAGs
[2026-05-07T21:01:49.539+0000] {logging_mixin.py:188} INFO - [2026-05-07T21:01:49.539+0000] {dag.py:3954} INFO - Setting next_dagrun for example_time_delta_sensor_async to None, run_after=None
[2026-05-07T21:01:49.561+0000] {processor.py:183} INFO - Processing /home/airflow/.local/lib/python3.12/site-packages/airflow/example_dags/example_time_delta_sensor_async.py took 0.086 seconds
[2026-05-07T21:02:20.329+0000] {processor.py:161} INFO - Started process (PID=5255) to work on /home/airflow/.local/lib/python3.12/site-packages/airflow/example_dags/example_time_delta_sensor_async.py
[2026-05-07T21:02:20.330+0000] {processor.py:830} INFO - Processing file /home/airflow/.local/lib/python3.12/site-packages/airflow/example_dags/example_time_delta_sensor_async.py for tasks to queue
[2026-05-07T21:02:20.333+0000] {logging_mixin.py:188} INFO - [2026-05-07T21:02:20.333+0000] {dagbag.py:545} INFO - Filling up the DagBag from /home/airflow/.local/lib/python3.12/site-packages/airflow/example_dags/example_time_delta_sensor_async.py
[2026-05-07T21:02:20.338+0000] {processor.py:840} INFO - DAG(s) 'example_time_delta_sensor_async' retrieved from /home/airflow/.local/lib/python3.12/site-packages/airflow/example_dags/example_time_delta_sensor_async.py
[2026-05-07T21:02:20.366+0000] {logging_mixin.py:188} INFO - [2026-05-07T21:02:20.365+0000] {dag.py:3096} INFO - Sync 1 DAGs
[2026-05-07T21:02:20.379+0000] {logging_mixin.py:188} INFO - [2026-05-07T21:02:20.379+0000] {dag.py:3954} INFO - Setting next_dagrun for example_time_delta_sensor_async to None, run_after=None
[2026-05-07T21:02:20.409+0000] {processor.py:183} INFO - Processing /home/airflow/.local/lib/python3.12/site-packages/airflow/example_dags/example_time_delta_sensor_async.py took 0.087 seconds
[2026-05-07T21:02:50.880+0000] {processor.py:161} INFO - Started process (PID=5313) to work on /home/airflow/.local/lib/python3.12/site-packages/airflow/example_dags/example_time_delta_sensor_async.py
[2026-05-07T21:02:50.883+0000] {processor.py:830} INFO - Processing file /home/airflow/.local/lib/python3.12/site-packages/airflow/example_dags/example_time_delta_sensor_async.py for tasks to queue
[2026-05-07T21:02:50.887+0000] {logging_mixin.py:188} INFO - [2026-05-07T21:02:50.886+0000] {dagbag.py:545} INFO - Filling up the DagBag from /home/airflow/.local/lib/python3.12/site-packages/airflow/example_dags/example_time_delta_sensor_async.py
[2026-05-07T21:02:50.893+0000] {processor.py:840} INFO - DAG(s) 'example_time_delta_sensor_async' retrieved from /home/airflow/.local/lib/python3.12/site-packages/airflow/example_dags/example_time_delta_sensor_async.py
[2026-05-07T21:02:50.916+0000] {logging_mixin.py:188} INFO - [2026-05-07T21:02:50.915+0000] {dag.py:3096} INFO - Sync 1 DAGs
[2026-05-07T21:02:50.927+0000] {logging_mixin.py:188} INFO - [2026-05-07T21:02:50.927+0000] {dag.py:3954} INFO - Setting next_dagrun for example_time_delta_sensor_async to None, run_after=None
[2026-05-07T21:02:50.985+0000] {processor.py:183} INFO - Processing /home/airflow/.local/lib/python3.12/site-packages/airflow/example_dags/example_time_delta_sensor_async.py took 0.114 seconds
[2026-05-07T21:03:21.922+0000] {processor.py:161} INFO - Started process (PID=5371) to work on /home/airflow/.local/lib/python3.12/site-packages/airflow/example_dags/example_time_delta_sensor_async.py
[2026-05-07T21:03:21.924+0000] {processor.py:830} INFO - Processing file /home/airflow/.local/lib/python3.12/site-packages/airflow/example_dags/example_time_delta_sensor_async.py for tasks to queue
[2026-05-07T21:03:21.929+0000] {logging_mixin.py:188} INFO - [2026-05-07T21:03:21.928+0000] {dagbag.py:545} INFO - Filling up the DagBag from /home/airflow/.local/lib/python3.12/site-packages/airflow/example_dags/example_time_delta_sensor_async.py
[2026-05-07T21:03:21.939+0000] {processor.py:840} INFO - DAG(s) 'example_time_delta_sensor_async' retrieved from /home/airflow/.local/lib/python3.12/site-packages/airflow/example_dags/example_time_delta_sensor_async.py
[2026-05-07T21:03:21.974+0000] {logging_mixin.py:188} INFO - [2026-05-07T21:03:21.974+0000] {dag.py:3096} INFO - Sync 1 DAGs
[2026-05-07T21:03:21.994+0000] {logging_mixin.py:188} INFO - [2026-05-07T21:03:21.994+0000] {dag.py:3954} INFO - Setting next_dagrun for example_time_delta_sensor_async to None, run_after=None
[2026-05-07T21:03:22.032+0000] {processor.py:183} INFO - Processing /home/airflow/.local/lib/python3.12/site-packages/airflow/example_dags/example_time_delta_sensor_async.py took 0.119 seconds
[2026-05-07T21:03:52.227+0000] {processor.py:161} INFO - Started process (PID=5429) to work on /home/airflow/.local/lib/python3.12/site-packages/airflow/example_dags/example_time_delta_sensor_async.py
[2026-05-07T21:03:52.229+0000] {processor.py:830} INFO - Processing file /home/airflow/.local/lib/python3.12/site-packages/airflow/example_dags/example_time_delta_sensor_async.py for tasks to queue
[2026-05-07T21:03:52.232+0000] {logging_mixin.py:188} INFO - [2026-05-07T21:03:52.231+0000] {dagbag.py:545} INFO - Filling up the DagBag from /home/airflow/.local/lib/python3.12/site-packages/airflow/example_dags/example_time_delta_sensor_async.py
[2026-05-07T21:03:52.238+0000] {processor.py:840} INFO - DAG(s) 'example_time_delta_sensor_async' retrieved from /home/airflow/.local/lib/python3.12/site-packages/airflow/example_dags/example_time_delta_sensor_async.py
[2026-05-07T21:03:52.269+0000] {logging_mixin.py:188} INFO - [2026-05-07T21:03:52.269+0000] {dag.py:3096} INFO - Sync 1 DAGs
[2026-05-07T21:03:52.284+0000] {logging_mixin.py:188} INFO - [2026-05-07T21:03:52.284+0000] {dag.py:3954} INFO - Setting next_dagrun for example_time_delta_sensor_async to None, run_after=None
[2026-05-07T21:03:52.322+0000] {processor.py:183} INFO - Processing /home/airflow/.local/lib/python3.12/site-packages/airflow/example_dags/example_time_delta_sensor_async.py took 0.101 seconds
[2026-05-07T21:04:23.476+0000] {processor.py:161} INFO - Started process (PID=5487) to work on /home/airflow/.local/lib/python3.12/site-packages/airflow/example_dags/example_time_delta_sensor_async.py
[2026-05-07T21:04:23.498+0000] {processor.py:830} INFO - Processing file /home/airflow/.local/lib/python3.12/site-packages/airflow/example_dags/example_time_delta_sensor_async.py for tasks to queue
[2026-05-07T21:04:23.511+0000] {logging_mixin.py:188} INFO - [2026-05-07T21:04:23.510+0000] {dagbag.py:545} INFO - Filling up the DagBag from /home/airflow/.local/lib/python3.12/site-packages/airflow/example_dags/example_time_delta_sensor_async.py
[2026-05-07T21:04:23.547+0000] {processor.py:840} INFO - DAG(s) 'example_time_delta_sensor_async' retrieved from /home/airflow/.local/lib/python3.12/site-packages/airflow/example_dags/example_time_delta_sensor_async.py
[2026-05-07T21:04:23.658+0000] {logging_mixin.py:188} INFO - [2026-05-07T21:04:23.654+0000] {dag.py:3096} INFO - Sync 1 DAGs
[2026-05-07T21:04:23.719+0000] {logging_mixin.py:188} INFO - [2026-05-07T21:04:23.718+0000] {dag.py:3954} INFO - Setting next_dagrun for example_time_delta_sensor_async to None, run_after=None
[2026-05-07T21:04:23.787+0000] {processor.py:183} INFO - Processing /home/airflow/.local/lib/python3.12/site-packages/airflow/example_dags/example_time_delta_sensor_async.py took 0.330 seconds
[2026-05-07T21:04:54.279+0000] {processor.py:161} INFO - Started process (PID=5545) to work on /home/airflow/.local/lib/python3.12/site-packages/airflow/example_dags/example_time_delta_sensor_async.py
[2026-05-07T21:04:54.280+0000] {processor.py:830} INFO - Processing file /home/airflow/.local/lib/python3.12/site-packages/airflow/example_dags/example_time_delta_sensor_async.py for tasks to queue
[2026-05-07T21:04:54.291+0000] {logging_mixin.py:188} INFO - [2026-05-07T21:04:54.290+0000] {dagbag.py:545} INFO - Filling up the DagBag from /home/airflow/.local/lib/python3.12/site-packages/airflow/example_dags/example_time_delta_sensor_async.py
[2026-05-07T21:04:54.307+0000] {processor.py:840} INFO - DAG(s) 'example_time_delta_sensor_async' retrieved from /home/airflow/.local/lib/python3.12/site-packages/airflow/example_dags/example_time_delta_sensor_async.py
[2026-05-07T21:04:54.390+0000] {logging_mixin.py:188} INFO - [2026-05-07T21:04:54.388+0000] {dag.py:3096} INFO - Sync 1 DAGs
[2026-05-07T21:04:54.418+0000] {logging_mixin.py:188} INFO - [2026-05-07T21:04:54.417+0000] {dag.py:3954} INFO - Setting next_dagrun for example_time_delta_sensor_async to None, run_after=None
[2026-05-07T21:04:54.476+0000] {processor.py:183} INFO - Processing /home/airflow/.local/lib/python3.12/site-packages/airflow/example_dags/example_time_delta_sensor_async.py took 0.213 seconds
[2026-05-07T21:05:25.192+0000] {processor.py:161} INFO - Started process (PID=5603) to work on /home/airflow/.local/lib/python3.12/site-packages/airflow/example_dags/example_time_delta_sensor_async.py
[2026-05-07T21:05:25.194+0000] {processor.py:830} INFO - Processing file /home/airflow/.local/lib/python3.12/site-packages/airflow/example_dags/example_time_delta_sensor_async.py for tasks to queue
[2026-05-07T21:05:25.196+0000] {logging_mixin.py:188} INFO - [2026-05-07T21:05:25.196+0000] {dagbag.py:545} INFO - Filling up the DagBag from /home/airflow/.local/lib/python3.12/site-packages/airflow/example_dags/example_time_delta_sensor_async.py
[2026-05-07T21:05:25.201+0000] {processor.py:840} INFO - DAG(s) 'example_time_delta_sensor_async' retrieved from /home/airflow/.local/lib/python3.12/site-packages/airflow/example_dags/example_time_delta_sensor_async.py
[2026-05-07T21:05:25.225+0000] {logging_mixin.py:188} INFO - [2026-05-07T21:05:25.225+0000] {dag.py:3096} INFO - Sync 1 DAGs
[2026-05-07T21:05:25.237+0000] {logging_mixin.py:188} INFO - [2026-05-07T21:05:25.237+0000] {dag.py:3954} INFO - Setting next_dagrun for example_time_delta_sensor_async to None, run_after=None
[2026-05-07T21:05:25.261+0000] {processor.py:183} INFO - Processing /home/airflow/.local/lib/python3.12/site-packages/airflow/example_dags/example_time_delta_sensor_async.py took 0.075 seconds
[2026-05-07T21:05:55.462+0000] {processor.py:161} INFO - Started process (PID=5661) to work on /home/airflow/.local/lib/python3.12/site-packages/airflow/example_dags/example_time_delta_sensor_async.py
[2026-05-07T21:05:55.463+0000] {processor.py:830} INFO - Processing file /home/airflow/.local/lib/python3.12/site-packages/airflow/example_dags/example_time_delta_sensor_async.py for tasks to queue
[2026-05-07T21:05:55.466+0000] {logging_mixin.py:188} INFO - [2026-05-07T21:05:55.465+0000] {dagbag.py:545} INFO - Filling up the DagBag from /home/airflow/.local/lib/python3.12/site-packages/airflow/example_dags/example_time_delta_sensor_async.py
[2026-05-07T21:05:55.470+0000] {processor.py:840} INFO - DAG(s) 'example_time_delta_sensor_async' retrieved from /home/airflow/.local/lib/python3.12/site-packages/airflow/example_dags/example_time_delta_sensor_async.py
[2026-05-07T21:05:55.497+0000] {logging_mixin.py:188} INFO - [2026-05-07T21:05:55.497+0000] {dag.py:3096} INFO - Sync 1 DAGs
[2026-05-07T21:05:55.511+0000] {logging_mixin.py:188} INFO - [2026-05-07T21:05:55.511+0000] {dag.py:3954} INFO - Setting next_dagrun for example_time_delta_sensor_async to None, run_after=None
[2026-05-07T21:05:55.536+0000] {processor.py:183} INFO - Processing /home/airflow/.local/lib/python3.12/site-packages/airflow/example_dags/example_time_delta_sensor_async.py took 0.080 seconds
[2026-05-07T21:06:26.210+0000] {processor.py:161} INFO - Started process (PID=5719) to work on /home/airflow/.local/lib/python3.12/site-packages/airflow/example_dags/example_time_delta_sensor_async.py
[2026-05-07T21:06:26.211+0000] {processor.py:830} INFO - Processing file /home/airflow/.local/lib/python3.12/site-packages/airflow/example_dags/example_time_delta_sensor_async.py for tasks to queue
[2026-05-07T21:06:26.214+0000] {logging_mixin.py:188} INFO - [2026-05-07T21:06:26.214+0000] {dagbag.py:545} INFO - Filling up the DagBag from /home/airflow/.local/lib/python3.12/site-packages/airflow/example_dags/example_time_delta_sensor_async.py
[2026-05-07T21:06:26.221+0000] {processor.py:840} INFO - DAG(s) 'example_time_delta_sensor_async' retrieved from /home/airflow/.local/lib/python3.12/site-packages/airflow/example_dags/example_time_delta_sensor_async.py
[2026-05-07T21:06:26.246+0000] {logging_mixin.py:188} INFO - [2026-05-07T21:06:26.246+0000] {dag.py:3096} INFO - Sync 1 DAGs
[2026-05-07T21:06:26.260+0000] {logging_mixin.py:188} INFO - [2026-05-07T21:06:26.260+0000] {dag.py:3954} INFO - Setting next_dagrun for example_time_delta_sensor_async to None, run_after=None
[2026-05-07T21:06:26.288+0000] {processor.py:183} INFO - Processing /home/airflow/.local/lib/python3.12/site-packages/airflow/example_dags/example_time_delta_sensor_async.py took 0.084 seconds
[2026-05-07T21:06:56.421+0000] {processor.py:161} INFO - Started process (PID=5777) to work on /home/airflow/.local/lib/python3.12/site-packages/airflow/example_dags/example_time_delta_sensor_async.py
[2026-05-07T21:06:56.422+0000] {processor.py:830} INFO - Processing file /home/airflow/.local/lib/python3.12/site-packages/airflow/example_dags/example_time_delta_sensor_async.py for tasks to queue
[2026-05-07T21:06:56.429+0000] {logging_mixin.py:188} INFO - [2026-05-07T21:06:56.428+0000] {dagbag.py:545} INFO - Filling up the DagBag from /home/airflow/.local/lib/python3.12/site-packages/airflow/example_dags/example_time_delta_sensor_async.py
[2026-05-07T21:06:56.434+0000] {processor.py:840} INFO - DAG(s) 'example_time_delta_sensor_async' retrieved from /home/airflow/.local/lib/python3.12/site-packages/airflow/example_dags/example_time_delta_sensor_async.py
[2026-05-07T21:06:56.455+0000] {logging_mixin.py:188} INFO - [2026-05-07T21:06:56.455+0000] {dag.py:3096} INFO - Sync 1 DAGs
[2026-05-07T21:06:56.467+0000] {logging_mixin.py:188} INFO - [2026-05-07T21:06:56.467+0000] {dag.py:3954} INFO - Setting next_dagrun for example_time_delta_sensor_async to None, run_after=None
[2026-05-07T21:06:56.490+0000] {processor.py:183} INFO - Processing /home/airflow/.local/lib/python3.12/site-packages/airflow/example_dags/example_time_delta_sensor_async.py took 0.075 seconds
[2026-05-07T21:07:33.258+0000] {processor.py:161} INFO - Started process (PID=5835) to work on /home/airflow/.local/lib/python3.12/site-packages/airflow/example_dags/example_time_delta_sensor_async.py
[2026-05-07T21:07:33.272+0000] {processor.py:830} INFO - Processing file /home/airflow/.local/lib/python3.12/site-packages/airflow/example_dags/example_time_delta_sensor_async.py for tasks to queue
[2026-05-07T21:07:33.285+0000] {logging_mixin.py:188} INFO - [2026-05-07T21:07:33.284+0000] {dagbag.py:545} INFO - Filling up the DagBag from /home/airflow/.local/lib/python3.12/site-packages/airflow/example_dags/example_time_delta_sensor_async.py
[2026-05-07T21:07:33.308+0000] {processor.py:840} INFO - DAG(s) 'example_time_delta_sensor_async' retrieved from /home/airflow/.local/lib/python3.12/site-packages/airflow/example_dags/example_time_delta_sensor_async.py
[2026-05-07T21:07:33.375+0000] {logging_mixin.py:188} INFO - [2026-05-07T21:07:33.374+0000] {dag.py:3096} INFO - Sync 1 DAGs
[2026-05-07T21:07:33.413+0000] {logging_mixin.py:188} INFO - [2026-05-07T21:07:33.412+0000] {dag.py:3954} INFO - Setting next_dagrun for example_time_delta_sensor_async to None, run_after=None
[2026-05-07T21:07:33.476+0000] {processor.py:183} INFO - Processing /home/airflow/.local/lib/python3.12/site-packages/airflow/example_dags/example_time_delta_sensor_async.py took 0.231 seconds
[2026-05-07T21:08:04.317+0000] {processor.py:161} INFO - Started process (PID=5894) to work on /home/airflow/.local/lib/python3.12/site-packages/airflow/example_dags/example_time_delta_sensor_async.py
[2026-05-07T21:08:04.319+0000] {processor.py:830} INFO - Processing file /home/airflow/.local/lib/python3.12/site-packages/airflow/example_dags/example_time_delta_sensor_async.py for tasks to queue
[2026-05-07T21:08:04.321+0000] {logging_mixin.py:188} INFO - [2026-05-07T21:08:04.321+0000] {dagbag.py:545} INFO - Filling up the DagBag from /home/airflow/.local/lib/python3.12/site-packages/airflow/example_dags/example_time_delta_sensor_async.py
[2026-05-07T21:08:04.326+0000] {processor.py:840} INFO - DAG(s) 'example_time_delta_sensor_async' retrieved from /home/airflow/.local/lib/python3.12/site-packages/airflow/example_dags/example_time_delta_sensor_async.py
[2026-05-07T21:08:04.356+0000] {logging_mixin.py:188} INFO - [2026-05-07T21:08:04.356+0000] {dag.py:3096} INFO - Sync 1 DAGs
[2026-05-07T21:08:04.374+0000] {logging_mixin.py:188} INFO - [2026-05-07T21:08:04.374+0000] {dag.py:3954} INFO - Setting next_dagrun for example_time_delta_sensor_async to None, run_after=None
[2026-05-07T21:08:04.397+0000] {processor.py:183} INFO - Processing /home/airflow/.local/lib/python3.12/site-packages/airflow/example_dags/example_time_delta_sensor_async.py took 0.085 seconds
[2026-05-07T21:08:34.723+0000] {processor.py:161} INFO - Started process (PID=5952) to work on /home/airflow/.local/lib/python3.12/site-packages/airflow/example_dags/example_time_delta_sensor_async.py
[2026-05-07T21:08:34.725+0000] {processor.py:830} INFO - Processing file /home/airflow/.local/lib/python3.12/site-packages/airflow/example_dags/example_time_delta_sensor_async.py for tasks to queue
[2026-05-07T21:08:34.729+0000] {logging_mixin.py:188} INFO - [2026-05-07T21:08:34.728+0000] {dagbag.py:545} INFO - Filling up the DagBag from /home/airflow/.local/lib/python3.12/site-packages/airflow/example_dags/example_time_delta_sensor_async.py
[2026-05-07T21:08:34.739+0000] {processor.py:840} INFO - DAG(s) 'example_time_delta_sensor_async' retrieved from /home/airflow/.local/lib/python3.12/site-packages/airflow/example_dags/example_time_delta_sensor_async.py
[2026-05-07T21:08:34.775+0000] {logging_mixin.py:188} INFO - [2026-05-07T21:08:34.775+0000] {dag.py:3096} INFO - Sync 1 DAGs
[2026-05-07T21:08:34.793+0000] {logging_mixin.py:188} INFO - [2026-05-07T21:08:34.793+0000] {dag.py:3954} INFO - Setting next_dagrun for example_time_delta_sensor_async to None, run_after=None
[2026-05-07T21:08:34.829+0000] {processor.py:183} INFO - Processing /home/airflow/.local/lib/python3.12/site-packages/airflow/example_dags/example_time_delta_sensor_async.py took 0.114 seconds
[2026-05-07T21:09:05.029+0000] {processor.py:161} INFO - Started process (PID=6010) to work on /home/airflow/.local/lib/python3.12/site-packages/airflow/example_dags/example_time_delta_sensor_async.py
[2026-05-07T21:09:05.031+0000] {processor.py:830} INFO - Processing file /home/airflow/.local/lib/python3.12/site-packages/airflow/example_dags/example_time_delta_sensor_async.py for tasks to queue
[2026-05-07T21:09:05.034+0000] {logging_mixin.py:188} INFO - [2026-05-07T21:09:05.034+0000] {dagbag.py:545} INFO - Filling up the DagBag from /home/airflow/.local/lib/python3.12/site-packages/airflow/example_dags/example_time_delta_sensor_async.py
[2026-05-07T21:09:05.044+0000] {processor.py:840} INFO - DAG(s) 'example_time_delta_sensor_async' retrieved from /home/airflow/.local/lib/python3.12/site-packages/airflow/example_dags/example_time_delta_sensor_async.py
[2026-05-07T21:09:05.086+0000] {logging_mixin.py:188} INFO - [2026-05-07T21:09:05.085+0000] {dag.py:3096} INFO - Sync 1 DAGs
[2026-05-07T21:09:05.112+0000] {logging_mixin.py:188} INFO - [2026-05-07T21:09:05.112+0000] {dag.py:3954} INFO - Setting next_dagrun for example_time_delta_sensor_async to None, run_after=None
[2026-05-07T21:09:05.146+0000] {processor.py:183} INFO - Processing /home/airflow/.local/lib/python3.12/site-packages/airflow/example_dags/example_time_delta_sensor_async.py took 0.124 seconds
[2026-05-07T21:09:35.558+0000] {processor.py:161} INFO - Started process (PID=6068) to work on /home/airflow/.local/lib/python3.12/site-packages/airflow/example_dags/example_time_delta_sensor_async.py
[2026-05-07T21:09:35.560+0000] {processor.py:830} INFO - Processing file /home/airflow/.local/lib/python3.12/site-packages/airflow/example_dags/example_time_delta_sensor_async.py for tasks to queue
[2026-05-07T21:09:35.562+0000] {logging_mixin.py:188} INFO - [2026-05-07T21:09:35.561+0000] {dagbag.py:545} INFO - Filling up the DagBag from /home/airflow/.local/lib/python3.12/site-packages/airflow/example_dags/example_time_delta_sensor_async.py
[2026-05-07T21:09:35.566+0000] {processor.py:840} INFO - DAG(s) 'example_time_delta_sensor_async' retrieved from /home/airflow/.local/lib/python3.12/site-packages/airflow/example_dags/example_time_delta_sensor_async.py
[2026-05-07T21:09:35.584+0000] {logging_mixin.py:188} INFO - [2026-05-07T21:09:35.584+0000] {dag.py:3096} INFO - Sync 1 DAGs
[2026-05-07T21:09:35.596+0000] {logging_mixin.py:188} INFO - [2026-05-07T21:09:35.596+0000] {dag.py:3954} INFO - Setting next_dagrun for example_time_delta_sensor_async to None, run_after=None
[2026-05-07T21:09:35.619+0000] {processor.py:183} INFO - Processing /home/airflow/.local/lib/python3.12/site-packages/airflow/example_dags/example_time_delta_sensor_async.py took 0.065 seconds
[2026-05-07T21:10:06.126+0000] {processor.py:161} INFO - Started process (PID=6126) to work on /home/airflow/.local/lib/python3.12/site-packages/airflow/example_dags/example_time_delta_sensor_async.py
[2026-05-07T21:10:06.128+0000] {processor.py:830} INFO - Processing file /home/airflow/.local/lib/python3.12/site-packages/airflow/example_dags/example_time_delta_sensor_async.py for tasks to queue
[2026-05-07T21:10:06.130+0000] {logging_mixin.py:188} INFO - [2026-05-07T21:10:06.130+0000] {dagbag.py:545} INFO - Filling up the DagBag from /home/airflow/.local/lib/python3.12/site-packages/airflow/example_dags/example_time_delta_sensor_async.py
[2026-05-07T21:10:06.136+0000] {processor.py:840} INFO - DAG(s) 'example_time_delta_sensor_async' retrieved from /home/airflow/.local/lib/python3.12/site-packages/airflow/example_dags/example_time_delta_sensor_async.py
[2026-05-07T21:10:06.158+0000] {logging_mixin.py:188} INFO - [2026-05-07T21:10:06.158+0000] {dag.py:3096} INFO - Sync 1 DAGs
[2026-05-07T21:10:06.172+0000] {logging_mixin.py:188} INFO - [2026-05-07T21:10:06.172+0000] {dag.py:3954} INFO - Setting next_dagrun for example_time_delta_sensor_async to None, run_after=None
[2026-05-07T21:10:06.195+0000] {processor.py:183} INFO - Processing /home/airflow/.local/lib/python3.12/site-packages/airflow/example_dags/example_time_delta_sensor_async.py took 0.074 seconds
[2026-05-07T21:10:36.839+0000] {processor.py:161} INFO - Started process (PID=6184) to work on /home/airflow/.local/lib/python3.12/site-packages/airflow/example_dags/example_time_delta_sensor_async.py
[2026-05-07T21:10:36.840+0000] {processor.py:830} INFO - Processing file /home/airflow/.local/lib/python3.12/site-packages/airflow/example_dags/example_time_delta_sensor_async.py for tasks to queue
[2026-05-07T21:10:36.842+0000] {logging_mixin.py:188} INFO - [2026-05-07T21:10:36.842+0000] {dagbag.py:545} INFO - Filling up the DagBag from /home/airflow/.local/lib/python3.12/site-packages/airflow/example_dags/example_time_delta_sensor_async.py
[2026-05-07T21:10:36.847+0000] {processor.py:840} INFO - DAG(s) 'example_time_delta_sensor_async' retrieved from /home/airflow/.local/lib/python3.12/site-packages/airflow/example_dags/example_time_delta_sensor_async.py
[2026-05-07T21:10:36.869+0000] {logging_mixin.py:188} INFO - [2026-05-07T21:10:36.868+0000] {dag.py:3096} INFO - Sync 1 DAGs
[2026-05-07T21:10:36.881+0000] {logging_mixin.py:188} INFO - [2026-05-07T21:10:36.881+0000] {dag.py:3954} INFO - Setting next_dagrun for example_time_delta_sensor_async to None, run_after=None
[2026-05-07T21:10:36.904+0000] {processor.py:183} INFO - Processing /home/airflow/.local/lib/python3.12/site-packages/airflow/example_dags/example_time_delta_sensor_async.py took 0.071 seconds
[2026-05-07T21:11:07.103+0000] {processor.py:161} INFO - Started process (PID=6242) to work on /home/airflow/.local/lib/python3.12/site-packages/airflow/example_dags/example_time_delta_sensor_async.py
[2026-05-07T21:11:07.104+0000] {processor.py:830} INFO - Processing file /home/airflow/.local/lib/python3.12/site-packages/airflow/example_dags/example_time_delta_sensor_async.py for tasks to queue
[2026-05-07T21:11:07.107+0000] {logging_mixin.py:188} INFO - [2026-05-07T21:11:07.106+0000] {dagbag.py:545} INFO - Filling up the DagBag from /home/airflow/.local/lib/python3.12/site-packages/airflow/example_dags/example_time_delta_sensor_async.py
[2026-05-07T21:11:07.111+0000] {processor.py:840} INFO - DAG(s) 'example_time_delta_sensor_async' retrieved from /home/airflow/.local/lib/python3.12/site-packages/airflow/example_dags/example_time_delta_sensor_async.py
[2026-05-07T21:11:07.132+0000] {logging_mixin.py:188} INFO - [2026-05-07T21:11:07.132+0000] {dag.py:3096} INFO - Sync 1 DAGs
[2026-05-07T21:11:07.145+0000] {logging_mixin.py:188} INFO - [2026-05-07T21:11:07.145+0000] {dag.py:3954} INFO - Setting next_dagrun for example_time_delta_sensor_async to None, run_after=None
[2026-05-07T21:11:07.167+0000] {processor.py:183} INFO - Processing /home/airflow/.local/lib/python3.12/site-packages/airflow/example_dags/example_time_delta_sensor_async.py took 0.071 seconds
[2026-05-07T21:11:37.420+0000] {processor.py:161} INFO - Started process (PID=6301) to work on /home/airflow/.local/lib/python3.12/site-packages/airflow/example_dags/example_time_delta_sensor_async.py
[2026-05-07T21:11:37.421+0000] {processor.py:830} INFO - Processing file /home/airflow/.local/lib/python3.12/site-packages/airflow/example_dags/example_time_delta_sensor_async.py for tasks to queue
[2026-05-07T21:11:37.425+0000] {logging_mixin.py:188} INFO - [2026-05-07T21:11:37.424+0000] {dagbag.py:545} INFO - Filling up the DagBag from /home/airflow/.local/lib/python3.12/site-packages/airflow/example_dags/example_time_delta_sensor_async.py
[2026-05-07T21:11:37.430+0000] {processor.py:840} INFO - DAG(s) 'example_time_delta_sensor_async' retrieved from /home/airflow/.local/lib/python3.12/site-packages/airflow/example_dags/example_time_delta_sensor_async.py
[2026-05-07T21:11:37.459+0000] {logging_mixin.py:188} INFO - [2026-05-07T21:11:37.459+0000] {dag.py:3096} INFO - Sync 1 DAGs
[2026-05-07T21:11:37.475+0000] {logging_mixin.py:188} INFO - [2026-05-07T21:11:37.474+0000] {dag.py:3954} INFO - Setting next_dagrun for example_time_delta_sensor_async to None, run_after=None
[2026-05-07T21:11:37.503+0000] {processor.py:183} INFO - Processing /home/airflow/.local/lib/python3.12/site-packages/airflow/example_dags/example_time_delta_sensor_async.py took 0.091 seconds
[2026-05-07T21:12:07.613+0000] {processor.py:161} INFO - Started process (PID=6359) to work on /home/airflow/.local/lib/python3.12/site-packages/airflow/example_dags/example_time_delta_sensor_async.py
[2026-05-07T21:12:07.615+0000] {processor.py:830} INFO - Processing file /home/airflow/.local/lib/python3.12/site-packages/airflow/example_dags/example_time_delta_sensor_async.py for tasks to queue
[2026-05-07T21:12:07.619+0000] {logging_mixin.py:188} INFO - [2026-05-07T21:12:07.618+0000] {dagbag.py:545} INFO - Filling up the DagBag from /home/airflow/.local/lib/python3.12/site-packages/airflow/example_dags/example_time_delta_sensor_async.py
[2026-05-07T21:12:07.627+0000] {processor.py:840} INFO - DAG(s) 'example_time_delta_sensor_async' retrieved from /home/airflow/.local/lib/python3.12/site-packages/airflow/example_dags/example_time_delta_sensor_async.py
[2026-05-07T21:12:07.654+0000] {logging_mixin.py:188} INFO - [2026-05-07T21:12:07.654+0000] {dag.py:3096} INFO - Sync 1 DAGs
[2026-05-07T21:12:07.668+0000] {logging_mixin.py:188} INFO - [2026-05-07T21:12:07.668+0000] {dag.py:3954} INFO - Setting next_dagrun for example_time_delta_sensor_async to None, run_after=None
[2026-05-07T21:12:07.697+0000] {processor.py:183} INFO - Processing /home/airflow/.local/lib/python3.12/site-packages/airflow/example_dags/example_time_delta_sensor_async.py took 0.090 seconds
[2026-05-07T21:12:38.097+0000] {processor.py:161} INFO - Started process (PID=6417) to work on /home/airflow/.local/lib/python3.12/site-packages/airflow/example_dags/example_time_delta_sensor_async.py
[2026-05-07T21:12:38.098+0000] {processor.py:830} INFO - Processing file /home/airflow/.local/lib/python3.12/site-packages/airflow/example_dags/example_time_delta_sensor_async.py for tasks to queue
[2026-05-07T21:12:38.101+0000] {logging_mixin.py:188} INFO - [2026-05-07T21:12:38.101+0000] {dagbag.py:545} INFO - Filling up the DagBag from /home/airflow/.local/lib/python3.12/site-packages/airflow/example_dags/example_time_delta_sensor_async.py
[2026-05-07T21:12:38.106+0000] {processor.py:840} INFO - DAG(s) 'example_time_delta_sensor_async' retrieved from /home/airflow/.local/lib/python3.12/site-packages/airflow/example_dags/example_time_delta_sensor_async.py
[2026-05-07T21:12:38.129+0000] {logging_mixin.py:188} INFO - [2026-05-07T21:12:38.129+0000] {dag.py:3096} INFO - Sync 1 DAGs
[2026-05-07T21:12:38.142+0000] {logging_mixin.py:188} INFO - [2026-05-07T21:12:38.142+0000] {dag.py:3954} INFO - Setting next_dagrun for example_time_delta_sensor_async to None, run_after=None
[2026-05-07T21:12:38.163+0000] {processor.py:183} INFO - Processing /home/airflow/.local/lib/python3.12/site-packages/airflow/example_dags/example_time_delta_sensor_async.py took 0.071 seconds
[2026-05-07T21:13:08.556+0000] {processor.py:161} INFO - Started process (PID=6475) to work on /home/airflow/.local/lib/python3.12/site-packages/airflow/example_dags/example_time_delta_sensor_async.py
[2026-05-07T21:13:08.557+0000] {processor.py:830} INFO - Processing file /home/airflow/.local/lib/python3.12/site-packages/airflow/example_dags/example_time_delta_sensor_async.py for tasks to queue
[2026-05-07T21:13:08.561+0000] {logging_mixin.py:188} INFO - [2026-05-07T21:13:08.560+0000] {dagbag.py:545} INFO - Filling up the DagBag from /home/airflow/.local/lib/python3.12/site-packages/airflow/example_dags/example_time_delta_sensor_async.py
[2026-05-07T21:13:08.568+0000] {processor.py:840} INFO - DAG(s) 'example_time_delta_sensor_async' retrieved from /home/airflow/.local/lib/python3.12/site-packages/airflow/example_dags/example_time_delta_sensor_async.py
[2026-05-07T21:13:08.598+0000] {logging_mixin.py:188} INFO - [2026-05-07T21:13:08.597+0000] {dag.py:3096} INFO - Sync 1 DAGs
[2026-05-07T21:13:08.614+0000] {logging_mixin.py:188} INFO - [2026-05-07T21:13:08.613+0000] {dag.py:3954} INFO - Setting next_dagrun for example_time_delta_sensor_async to None, run_after=None
[2026-05-07T21:13:08.641+0000] {processor.py:183} INFO - Processing /home/airflow/.local/lib/python3.12/site-packages/airflow/example_dags/example_time_delta_sensor_async.py took 0.096 seconds
[2026-05-07T21:13:38.790+0000] {processor.py:161} INFO - Started process (PID=6533) to work on /home/airflow/.local/lib/python3.12/site-packages/airflow/example_dags/example_time_delta_sensor_async.py
[2026-05-07T21:13:38.794+0000] {processor.py:830} INFO - Processing file /home/airflow/.local/lib/python3.12/site-packages/airflow/example_dags/example_time_delta_sensor_async.py for tasks to queue
[2026-05-07T21:13:38.796+0000] {logging_mixin.py:188} INFO - [2026-05-07T21:13:38.796+0000] {dagbag.py:545} INFO - Filling up the DagBag from /home/airflow/.local/lib/python3.12/site-packages/airflow/example_dags/example_time_delta_sensor_async.py
[2026-05-07T21:13:38.802+0000] {processor.py:840} INFO - DAG(s) 'example_time_delta_sensor_async' retrieved from /home/airflow/.local/lib/python3.12/site-packages/airflow/example_dags/example_time_delta_sensor_async.py
[2026-05-07T21:13:38.823+0000] {logging_mixin.py:188} INFO - [2026-05-07T21:13:38.823+0000] {dag.py:3096} INFO - Sync 1 DAGs
[2026-05-07T21:13:38.835+0000] {logging_mixin.py:188} INFO - [2026-05-07T21:13:38.835+0000] {dag.py:3954} INFO - Setting next_dagrun for example_time_delta_sensor_async to None, run_after=None
[2026-05-07T21:13:38.857+0000] {processor.py:183} INFO - Processing /home/airflow/.local/lib/python3.12/site-packages/airflow/example_dags/example_time_delta_sensor_async.py took 0.071 seconds
[2026-05-07T21:14:09.472+0000] {processor.py:161} INFO - Started process (PID=6591) to work on /home/airflow/.local/lib/python3.12/site-packages/airflow/example_dags/example_time_delta_sensor_async.py
[2026-05-07T21:14:09.474+0000] {processor.py:830} INFO - Processing file /home/airflow/.local/lib/python3.12/site-packages/airflow/example_dags/example_time_delta_sensor_async.py for tasks to queue
[2026-05-07T21:14:09.476+0000] {logging_mixin.py:188} INFO - [2026-05-07T21:14:09.476+0000] {dagbag.py:545} INFO - Filling up the DagBag from /home/airflow/.local/lib/python3.12/site-packages/airflow/example_dags/example_time_delta_sensor_async.py
[2026-05-07T21:14:09.481+0000] {processor.py:840} INFO - DAG(s) 'example_time_delta_sensor_async' retrieved from /home/airflow/.local/lib/python3.12/site-packages/airflow/example_dags/example_time_delta_sensor_async.py
[2026-05-07T21:14:09.502+0000] {logging_mixin.py:188} INFO - [2026-05-07T21:14:09.502+0000] {dag.py:3096} INFO - Sync 1 DAGs
[2026-05-07T21:14:09.514+0000] {logging_mixin.py:188} INFO - [2026-05-07T21:14:09.514+0000] {dag.py:3954} INFO - Setting next_dagrun for example_time_delta_sensor_async to None, run_after=None
[2026-05-07T21:14:09.537+0000] {processor.py:183} INFO - Processing /home/airflow/.local/lib/python3.12/site-packages/airflow/example_dags/example_time_delta_sensor_async.py took 0.073 seconds
[2026-05-07T21:14:39.758+0000] {processor.py:161} INFO - Started process (PID=6649) to work on /home/airflow/.local/lib/python3.12/site-packages/airflow/example_dags/example_time_delta_sensor_async.py
[2026-05-07T21:14:39.760+0000] {processor.py:830} INFO - Processing file /home/airflow/.local/lib/python3.12/site-packages/airflow/example_dags/example_time_delta_sensor_async.py for tasks to queue
[2026-05-07T21:14:39.763+0000] {logging_mixin.py:188} INFO - [2026-05-07T21:14:39.762+0000] {dagbag.py:545} INFO - Filling up the DagBag from /home/airflow/.local/lib/python3.12/site-packages/airflow/example_dags/example_time_delta_sensor_async.py
[2026-05-07T21:14:39.770+0000] {processor.py:840} INFO - DAG(s) 'example_time_delta_sensor_async' retrieved from /home/airflow/.local/lib/python3.12/site-packages/airflow/example_dags/example_time_delta_sensor_async.py
[2026-05-07T21:14:39.795+0000] {logging_mixin.py:188} INFO - [2026-05-07T21:14:39.795+0000] {dag.py:3096} INFO - Sync 1 DAGs
[2026-05-07T21:14:39.808+0000] {logging_mixin.py:188} INFO - [2026-05-07T21:14:39.808+0000] {dag.py:3954} INFO - Setting next_dagrun for example_time_delta_sensor_async to None, run_after=None
[2026-05-07T21:14:39.840+0000] {processor.py:183} INFO - Processing /home/airflow/.local/lib/python3.12/site-packages/airflow/example_dags/example_time_delta_sensor_async.py took 0.091 seconds
[2026-05-07T21:15:10.165+0000] {processor.py:161} INFO - Started process (PID=6707) to work on /home/airflow/.local/lib/python3.12/site-packages/airflow/example_dags/example_time_delta_sensor_async.py
[2026-05-07T21:15:10.167+0000] {processor.py:830} INFO - Processing file /home/airflow/.local/lib/python3.12/site-packages/airflow/example_dags/example_time_delta_sensor_async.py for tasks to queue
[2026-05-07T21:15:10.172+0000] {logging_mixin.py:188} INFO - [2026-05-07T21:15:10.172+0000] {dagbag.py:545} INFO - Filling up the DagBag from /home/airflow/.local/lib/python3.12/site-packages/airflow/example_dags/example_time_delta_sensor_async.py
[2026-05-07T21:15:10.180+0000] {processor.py:840} INFO - DAG(s) 'example_time_delta_sensor_async' retrieved from /home/airflow/.local/lib/python3.12/site-packages/airflow/example_dags/example_time_delta_sensor_async.py
[2026-05-07T21:15:10.206+0000] {logging_mixin.py:188} INFO - [2026-05-07T21:15:10.205+0000] {dag.py:3096} INFO - Sync 1 DAGs
[2026-05-07T21:15:10.223+0000] {logging_mixin.py:188} INFO - [2026-05-07T21:15:10.222+0000] {dag.py:3954} INFO - Setting next_dagrun for example_time_delta_sensor_async to None, run_after=None
[2026-05-07T21:15:10.248+0000] {processor.py:183} INFO - Processing /home/airflow/.local/lib/python3.12/site-packages/airflow/example_dags/example_time_delta_sensor_async.py took 0.097 seconds
[2026-05-07T21:15:41.105+0000] {processor.py:161} INFO - Started process (PID=6765) to work on /home/airflow/.local/lib/python3.12/site-packages/airflow/example_dags/example_time_delta_sensor_async.py
[2026-05-07T21:15:41.106+0000] {processor.py:830} INFO - Processing file /home/airflow/.local/lib/python3.12/site-packages/airflow/example_dags/example_time_delta_sensor_async.py for tasks to queue
[2026-05-07T21:15:41.108+0000] {logging_mixin.py:188} INFO - [2026-05-07T21:15:41.108+0000] {dagbag.py:545} INFO - Filling up the DagBag from /home/airflow/.local/lib/python3.12/site-packages/airflow/example_dags/example_time_delta_sensor_async.py
[2026-05-07T21:15:41.114+0000] {processor.py:840} INFO - DAG(s) 'example_time_delta_sensor_async' retrieved from /home/airflow/.local/lib/python3.12/site-packages/airflow/example_dags/example_time_delta_sensor_async.py
[2026-05-07T21:15:41.137+0000] {logging_mixin.py:188} INFO - [2026-05-07T21:15:41.137+0000] {dag.py:3096} INFO - Sync 1 DAGs
[2026-05-07T21:15:41.149+0000] {logging_mixin.py:188} INFO - [2026-05-07T21:15:41.148+0000] {dag.py:3954} INFO - Setting next_dagrun for example_time_delta_sensor_async to None, run_after=None
[2026-05-07T21:15:41.174+0000] {processor.py:183} INFO - Processing /home/airflow/.local/lib/python3.12/site-packages/airflow/example_dags/example_time_delta_sensor_async.py took 0.074 seconds
[2026-05-07T21:16:11.459+0000] {processor.py:161} INFO - Started process (PID=6823) to work on /home/airflow/.local/lib/python3.12/site-packages/airflow/example_dags/example_time_delta_sensor_async.py
[2026-05-07T21:16:11.461+0000] {processor.py:830} INFO - Processing file /home/airflow/.local/lib/python3.12/site-packages/airflow/example_dags/example_time_delta_sensor_async.py for tasks to queue
[2026-05-07T21:16:11.462+0000] {logging_mixin.py:188} INFO - [2026-05-07T21:16:11.462+0000] {dagbag.py:545} INFO - Filling up the DagBag from /home/airflow/.local/lib/python3.12/site-packages/airflow/example_dags/example_time_delta_sensor_async.py
[2026-05-07T21:16:11.470+0000] {processor.py:840} INFO - DAG(s) 'example_time_delta_sensor_async' retrieved from /home/airflow/.local/lib/python3.12/site-packages/airflow/example_dags/example_time_delta_sensor_async.py
[2026-05-07T21:16:11.493+0000] {logging_mixin.py:188} INFO - [2026-05-07T21:16:11.493+0000] {dag.py:3096} INFO - Sync 1 DAGs
[2026-05-07T21:16:11.506+0000] {logging_mixin.py:188} INFO - [2026-05-07T21:16:11.505+0000] {dag.py:3954} INFO - Setting next_dagrun for example_time_delta_sensor_async to None, run_after=None
[2026-05-07T21:16:11.530+0000] {processor.py:183} INFO - Processing /home/airflow/.local/lib/python3.12/site-packages/airflow/example_dags/example_time_delta_sensor_async.py took 0.075 seconds
[2026-05-07T21:16:42.123+0000] {processor.py:161} INFO - Started process (PID=6881) to work on /home/airflow/.local/lib/python3.12/site-packages/airflow/example_dags/example_time_delta_sensor_async.py
[2026-05-07T21:16:42.125+0000] {processor.py:830} INFO - Processing file /home/airflow/.local/lib/python3.12/site-packages/airflow/example_dags/example_time_delta_sensor_async.py for tasks to queue
[2026-05-07T21:16:42.128+0000] {logging_mixin.py:188} INFO - [2026-05-07T21:16:42.127+0000] {dagbag.py:545} INFO - Filling up the DagBag from /home/airflow/.local/lib/python3.12/site-packages/airflow/example_dags/example_time_delta_sensor_async.py
[2026-05-07T21:16:42.133+0000] {processor.py:840} INFO - DAG(s) 'example_time_delta_sensor_async' retrieved from /home/airflow/.local/lib/python3.12/site-packages/airflow/example_dags/example_time_delta_sensor_async.py
[2026-05-07T21:16:42.164+0000] {logging_mixin.py:188} INFO - [2026-05-07T21:16:42.164+0000] {dag.py:3096} INFO - Sync 1 DAGs
[2026-05-07T21:16:42.334+0000] {logging_mixin.py:188} INFO - [2026-05-07T21:16:42.334+0000] {dag.py:3954} INFO - Setting next_dagrun for example_time_delta_sensor_async to None, run_after=None
[2026-05-07T21:16:42.356+0000] {processor.py:183} INFO - Processing /home/airflow/.local/lib/python3.12/site-packages/airflow/example_dags/example_time_delta_sensor_async.py took 0.244 seconds
[2026-05-07T21:17:12.473+0000] {processor.py:161} INFO - Started process (PID=6939) to work on /home/airflow/.local/lib/python3.12/site-packages/airflow/example_dags/example_time_delta_sensor_async.py
[2026-05-07T21:17:12.475+0000] {processor.py:830} INFO - Processing file /home/airflow/.local/lib/python3.12/site-packages/airflow/example_dags/example_time_delta_sensor_async.py for tasks to queue
[2026-05-07T21:17:12.477+0000] {logging_mixin.py:188} INFO - [2026-05-07T21:17:12.477+0000] {dagbag.py:545} INFO - Filling up the DagBag from /home/airflow/.local/lib/python3.12/site-packages/airflow/example_dags/example_time_delta_sensor_async.py
[2026-05-07T21:17:12.482+0000] {processor.py:840} INFO - DAG(s) 'example_time_delta_sensor_async' retrieved from /home/airflow/.local/lib/python3.12/site-packages/airflow/example_dags/example_time_delta_sensor_async.py
[2026-05-07T21:17:12.505+0000] {logging_mixin.py:188} INFO - [2026-05-07T21:17:12.505+0000] {dag.py:3096} INFO - Sync 1 DAGs
[2026-05-07T21:17:12.517+0000] {logging_mixin.py:188} INFO - [2026-05-07T21:17:12.517+0000] {dag.py:3954} INFO - Setting next_dagrun for example_time_delta_sensor_async to None, run_after=None
[2026-05-07T21:17:12.541+0000] {processor.py:183} INFO - Processing /home/airflow/.local/lib/python3.12/site-packages/airflow/example_dags/example_time_delta_sensor_async.py took 0.073 seconds
[2026-05-07T21:17:42.650+0000] {processor.py:161} INFO - Started process (PID=6997) to work on /home/airflow/.local/lib/python3.12/site-packages/airflow/example_dags/example_time_delta_sensor_async.py
[2026-05-07T21:17:42.652+0000] {processor.py:830} INFO - Processing file /home/airflow/.local/lib/python3.12/site-packages/airflow/example_dags/example_time_delta_sensor_async.py for tasks to queue
[2026-05-07T21:17:42.654+0000] {logging_mixin.py:188} INFO - [2026-05-07T21:17:42.654+0000] {dagbag.py:545} INFO - Filling up the DagBag from /home/airflow/.local/lib/python3.12/site-packages/airflow/example_dags/example_time_delta_sensor_async.py
[2026-05-07T21:17:42.659+0000] {processor.py:840} INFO - DAG(s) 'example_time_delta_sensor_async' retrieved from /home/airflow/.local/lib/python3.12/site-packages/airflow/example_dags/example_time_delta_sensor_async.py
[2026-05-07T21:17:42.683+0000] {logging_mixin.py:188} INFO - [2026-05-07T21:17:42.682+0000] {dag.py:3096} INFO - Sync 1 DAGs
[2026-05-07T21:17:42.694+0000] {logging_mixin.py:188} INFO - [2026-05-07T21:17:42.694+0000] {dag.py:3954} INFO - Setting next_dagrun for example_time_delta_sensor_async to None, run_after=None
[2026-05-07T21:17:42.716+0000] {processor.py:183} INFO - Processing /home/airflow/.local/lib/python3.12/site-packages/airflow/example_dags/example_time_delta_sensor_async.py took 0.072 seconds
[2026-05-07T21:18:13.050+0000] {processor.py:161} INFO - Started process (PID=7061) to work on /home/airflow/.local/lib/python3.12/site-packages/airflow/example_dags/example_time_delta_sensor_async.py
[2026-05-07T21:18:13.052+0000] {processor.py:830} INFO - Processing file /home/airflow/.local/lib/python3.12/site-packages/airflow/example_dags/example_time_delta_sensor_async.py for tasks to queue
[2026-05-07T21:18:13.055+0000] {logging_mixin.py:188} INFO - [2026-05-07T21:18:13.054+0000] {dagbag.py:545} INFO - Filling up the DagBag from /home/airflow/.local/lib/python3.12/site-packages/airflow/example_dags/example_time_delta_sensor_async.py
[2026-05-07T21:18:13.059+0000] {processor.py:840} INFO - DAG(s) 'example_time_delta_sensor_async' retrieved from /home/airflow/.local/lib/python3.12/site-packages/airflow/example_dags/example_time_delta_sensor_async.py
[2026-05-07T21:18:13.082+0000] {logging_mixin.py:188} INFO - [2026-05-07T21:18:13.082+0000] {dag.py:3096} INFO - Sync 1 DAGs
[2026-05-07T21:18:13.095+0000] {logging_mixin.py:188} INFO - [2026-05-07T21:18:13.095+0000] {dag.py:3954} INFO - Setting next_dagrun for example_time_delta_sensor_async to None, run_after=None
[2026-05-07T21:18:13.120+0000] {processor.py:183} INFO - Processing /home/airflow/.local/lib/python3.12/site-packages/airflow/example_dags/example_time_delta_sensor_async.py took 0.075 seconds
[2026-05-07T21:18:43.377+0000] {processor.py:161} INFO - Started process (PID=7119) to work on /home/airflow/.local/lib/python3.12/site-packages/airflow/example_dags/example_time_delta_sensor_async.py
[2026-05-07T21:18:43.379+0000] {processor.py:830} INFO - Processing file /home/airflow/.local/lib/python3.12/site-packages/airflow/example_dags/example_time_delta_sensor_async.py for tasks to queue
[2026-05-07T21:18:43.381+0000] {logging_mixin.py:188} INFO - [2026-05-07T21:18:43.380+0000] {dagbag.py:545} INFO - Filling up the DagBag from /home/airflow/.local/lib/python3.12/site-packages/airflow/example_dags/example_time_delta_sensor_async.py
[2026-05-07T21:18:43.385+0000] {processor.py:840} INFO - DAG(s) 'example_time_delta_sensor_async' retrieved from /home/airflow/.local/lib/python3.12/site-packages/airflow/example_dags/example_time_delta_sensor_async.py
[2026-05-07T21:18:43.411+0000] {logging_mixin.py:188} INFO - [2026-05-07T21:18:43.410+0000] {dag.py:3096} INFO - Sync 1 DAGs
[2026-05-07T21:18:43.423+0000] {logging_mixin.py:188} INFO - [2026-05-07T21:18:43.423+0000] {dag.py:3954} INFO - Setting next_dagrun for example_time_delta_sensor_async to None, run_after=None
[2026-05-07T21:18:43.448+0000] {processor.py:183} INFO - Processing /home/airflow/.local/lib/python3.12/site-packages/airflow/example_dags/example_time_delta_sensor_async.py took 0.077 seconds
[2026-05-07T21:19:13.836+0000] {processor.py:161} INFO - Started process (PID=7177) to work on /home/airflow/.local/lib/python3.12/site-packages/airflow/example_dags/example_time_delta_sensor_async.py
[2026-05-07T21:19:13.837+0000] {processor.py:830} INFO - Processing file /home/airflow/.local/lib/python3.12/site-packages/airflow/example_dags/example_time_delta_sensor_async.py for tasks to queue
[2026-05-07T21:19:13.840+0000] {logging_mixin.py:188} INFO - [2026-05-07T21:19:13.839+0000] {dagbag.py:545} INFO - Filling up the DagBag from /home/airflow/.local/lib/python3.12/site-packages/airflow/example_dags/example_time_delta_sensor_async.py
[2026-05-07T21:19:13.844+0000] {processor.py:840} INFO - DAG(s) 'example_time_delta_sensor_async' retrieved from /home/airflow/.local/lib/python3.12/site-packages/airflow/example_dags/example_time_delta_sensor_async.py
[2026-05-07T21:19:13.874+0000] {logging_mixin.py:188} INFO - [2026-05-07T21:19:13.873+0000] {dag.py:3096} INFO - Sync 1 DAGs
[2026-05-07T21:19:13.904+0000] {logging_mixin.py:188} INFO - [2026-05-07T21:19:13.903+0000] {dag.py:3954} INFO - Setting next_dagrun for example_time_delta_sensor_async to None, run_after=None
[2026-05-07T21:19:13.928+0000] {processor.py:183} INFO - Processing /home/airflow/.local/lib/python3.12/site-packages/airflow/example_dags/example_time_delta_sensor_async.py took 0.098 seconds
[2026-05-07T21:19:44.064+0000] {processor.py:161} INFO - Started process (PID=7235) to work on /home/airflow/.local/lib/python3.12/site-packages/airflow/example_dags/example_time_delta_sensor_async.py
[2026-05-07T21:19:44.065+0000] {processor.py:830} INFO - Processing file /home/airflow/.local/lib/python3.12/site-packages/airflow/example_dags/example_time_delta_sensor_async.py for tasks to queue
[2026-05-07T21:19:44.070+0000] {logging_mixin.py:188} INFO - [2026-05-07T21:19:44.069+0000] {dagbag.py:545} INFO - Filling up the DagBag from /home/airflow/.local/lib/python3.12/site-packages/airflow/example_dags/example_time_delta_sensor_async.py
[2026-05-07T21:19:44.078+0000] {processor.py:840} INFO - DAG(s) 'example_time_delta_sensor_async' retrieved from /home/airflow/.local/lib/python3.12/site-packages/airflow/example_dags/example_time_delta_sensor_async.py
[2026-05-07T21:19:44.111+0000] {logging_mixin.py:188} INFO - [2026-05-07T21:19:44.111+0000] {dag.py:3096} INFO - Sync 1 DAGs
[2026-05-07T21:19:44.128+0000] {logging_mixin.py:188} INFO - [2026-05-07T21:19:44.128+0000] {dag.py:3954} INFO - Setting next_dagrun for example_time_delta_sensor_async to None, run_after=None
[2026-05-07T21:19:44.158+0000] {processor.py:183} INFO - Processing /home/airflow/.local/lib/python3.12/site-packages/airflow/example_dags/example_time_delta_sensor_async.py took 0.100 seconds
[2026-05-07T21:20:14.331+0000] {processor.py:161} INFO - Started process (PID=7293) to work on /home/airflow/.local/lib/python3.12/site-packages/airflow/example_dags/example_time_delta_sensor_async.py
[2026-05-07T21:20:14.334+0000] {processor.py:830} INFO - Processing file /home/airflow/.local/lib/python3.12/site-packages/airflow/example_dags/example_time_delta_sensor_async.py for tasks to queue
[2026-05-07T21:20:14.337+0000] {logging_mixin.py:188} INFO - [2026-05-07T21:20:14.336+0000] {dagbag.py:545} INFO - Filling up the DagBag from /home/airflow/.local/lib/python3.12/site-packages/airflow/example_dags/example_time_delta_sensor_async.py
[2026-05-07T21:20:14.344+0000] {processor.py:840} INFO - DAG(s) 'example_time_delta_sensor_async' retrieved from /home/airflow/.local/lib/python3.12/site-packages/airflow/example_dags/example_time_delta_sensor_async.py
[2026-05-07T21:20:14.366+0000] {logging_mixin.py:188} INFO - [2026-05-07T21:20:14.365+0000] {dag.py:3096} INFO - Sync 1 DAGs
[2026-05-07T21:20:14.377+0000] {logging_mixin.py:188} INFO - [2026-05-07T21:20:14.377+0000] {dag.py:3954} INFO - Setting next_dagrun for example_time_delta_sensor_async to None, run_after=None
[2026-05-07T21:20:14.401+0000] {processor.py:183} INFO - Processing /home/airflow/.local/lib/python3.12/site-packages/airflow/example_dags/example_time_delta_sensor_async.py took 0.076 seconds
[2026-05-07T21:20:44.511+0000] {processor.py:161} INFO - Started process (PID=7351) to work on /home/airflow/.local/lib/python3.12/site-packages/airflow/example_dags/example_time_delta_sensor_async.py
[2026-05-07T21:20:44.512+0000] {processor.py:830} INFO - Processing file /home/airflow/.local/lib/python3.12/site-packages/airflow/example_dags/example_time_delta_sensor_async.py for tasks to queue
[2026-05-07T21:20:44.515+0000] {logging_mixin.py:188} INFO - [2026-05-07T21:20:44.514+0000] {dagbag.py:545} INFO - Filling up the DagBag from /home/airflow/.local/lib/python3.12/site-packages/airflow/example_dags/example_time_delta_sensor_async.py
[2026-05-07T21:20:44.519+0000] {processor.py:840} INFO - DAG(s) 'example_time_delta_sensor_async' retrieved from /home/airflow/.local/lib/python3.12/site-packages/airflow/example_dags/example_time_delta_sensor_async.py
[2026-05-07T21:20:44.541+0000] {logging_mixin.py:188} INFO - [2026-05-07T21:20:44.541+0000] {dag.py:3096} INFO - Sync 1 DAGs
[2026-05-07T21:20:44.555+0000] {logging_mixin.py:188} INFO - [2026-05-07T21:20:44.555+0000] {dag.py:3954} INFO - Setting next_dagrun for example_time_delta_sensor_async to None, run_after=None
[2026-05-07T21:20:44.584+0000] {processor.py:183} INFO - Processing /home/airflow/.local/lib/python3.12/site-packages/airflow/example_dags/example_time_delta_sensor_async.py took 0.078 seconds
[2026-05-07T21:21:14.789+0000] {processor.py:161} INFO - Started process (PID=7409) to work on /home/airflow/.local/lib/python3.12/site-packages/airflow/example_dags/example_time_delta_sensor_async.py
[2026-05-07T21:21:14.790+0000] {processor.py:830} INFO - Processing file /home/airflow/.local/lib/python3.12/site-packages/airflow/example_dags/example_time_delta_sensor_async.py for tasks to queue
[2026-05-07T21:21:14.792+0000] {logging_mixin.py:188} INFO - [2026-05-07T21:21:14.792+0000] {dagbag.py:545} INFO - Filling up the DagBag from /home/airflow/.local/lib/python3.12/site-packages/airflow/example_dags/example_time_delta_sensor_async.py
[2026-05-07T21:21:14.797+0000] {processor.py:840} INFO - DAG(s) 'example_time_delta_sensor_async' retrieved from /home/airflow/.local/lib/python3.12/site-packages/airflow/example_dags/example_time_delta_sensor_async.py
[2026-05-07T21:21:14.815+0000] {logging_mixin.py:188} INFO - [2026-05-07T21:21:14.815+0000] {dag.py:3096} INFO - Sync 1 DAGs
[2026-05-07T21:21:14.828+0000] {logging_mixin.py:188} INFO - [2026-05-07T21:21:14.828+0000] {dag.py:3954} INFO - Setting next_dagrun for example_time_delta_sensor_async to None, run_after=None
[2026-05-07T21:21:14.850+0000] {processor.py:183} INFO - Processing /home/airflow/.local/lib/python3.12/site-packages/airflow/example_dags/example_time_delta_sensor_async.py took 0.066 seconds
[2026-05-07T21:21:45.128+0000] {processor.py:161} INFO - Started process (PID=7467) to work on /home/airflow/.local/lib/python3.12/site-packages/airflow/example_dags/example_time_delta_sensor_async.py
[2026-05-07T21:21:45.130+0000] {processor.py:830} INFO - Processing file /home/airflow/.local/lib/python3.12/site-packages/airflow/example_dags/example_time_delta_sensor_async.py for tasks to queue
[2026-05-07T21:21:45.133+0000] {logging_mixin.py:188} INFO - [2026-05-07T21:21:45.132+0000] {dagbag.py:545} INFO - Filling up the DagBag from /home/airflow/.local/lib/python3.12/site-packages/airflow/example_dags/example_time_delta_sensor_async.py
[2026-05-07T21:21:45.139+0000] {processor.py:840} INFO - DAG(s) 'example_time_delta_sensor_async' retrieved from /home/airflow/.local/lib/python3.12/site-packages/airflow/example_dags/example_time_delta_sensor_async.py
[2026-05-07T21:21:45.163+0000] {logging_mixin.py:188} INFO - [2026-05-07T21:21:45.163+0000] {dag.py:3096} INFO - Sync 1 DAGs
[2026-05-07T21:21:45.175+0000] {logging_mixin.py:188} INFO - [2026-05-07T21:21:45.174+0000] {dag.py:3954} INFO - Setting next_dagrun for example_time_delta_sensor_async to None, run_after=None
[2026-05-07T21:21:45.197+0000] {processor.py:183} INFO - Processing /home/airflow/.local/lib/python3.12/site-packages/airflow/example_dags/example_time_delta_sensor_async.py took 0.076 seconds
[2026-05-07T21:22:15.617+0000] {processor.py:161} INFO - Started process (PID=7525) to work on /home/airflow/.local/lib/python3.12/site-packages/airflow/example_dags/example_time_delta_sensor_async.py
[2026-05-07T21:22:15.619+0000] {processor.py:830} INFO - Processing file /home/airflow/.local/lib/python3.12/site-packages/airflow/example_dags/example_time_delta_sensor_async.py for tasks to queue
[2026-05-07T21:22:15.622+0000] {logging_mixin.py:188} INFO - [2026-05-07T21:22:15.622+0000] {dagbag.py:545} INFO - Filling up the DagBag from /home/airflow/.local/lib/python3.12/site-packages/airflow/example_dags/example_time_delta_sensor_async.py
[2026-05-07T21:22:15.629+0000] {processor.py:840} INFO - DAG(s) 'example_time_delta_sensor_async' retrieved from /home/airflow/.local/lib/python3.12/site-packages/airflow/example_dags/example_time_delta_sensor_async.py
[2026-05-07T21:22:15.658+0000] {logging_mixin.py:188} INFO - [2026-05-07T21:22:15.657+0000] {dag.py:3096} INFO - Sync 1 DAGs
[2026-05-07T21:22:15.676+0000] {logging_mixin.py:188} INFO - [2026-05-07T21:22:15.675+0000] {dag.py:3954} INFO - Setting next_dagrun for example_time_delta_sensor_async to None, run_after=None
[2026-05-07T21:22:15.705+0000] {processor.py:183} INFO - Processing /home/airflow/.local/lib/python3.12/site-packages/airflow/example_dags/example_time_delta_sensor_async.py took 0.098 seconds
[2026-05-07T21:22:45.923+0000] {processor.py:161} INFO - Started process (PID=7583) to work on /home/airflow/.local/lib/python3.12/site-packages/airflow/example_dags/example_time_delta_sensor_async.py
[2026-05-07T21:22:45.925+0000] {processor.py:830} INFO - Processing file /home/airflow/.local/lib/python3.12/site-packages/airflow/example_dags/example_time_delta_sensor_async.py for tasks to queue
[2026-05-07T21:22:45.927+0000] {logging_mixin.py:188} INFO - [2026-05-07T21:22:45.927+0000] {dagbag.py:545} INFO - Filling up the DagBag from /home/airflow/.local/lib/python3.12/site-packages/airflow/example_dags/example_time_delta_sensor_async.py
[2026-05-07T21:22:45.932+0000] {processor.py:840} INFO - DAG(s) 'example_time_delta_sensor_async' retrieved from /home/airflow/.local/lib/python3.12/site-packages/airflow/example_dags/example_time_delta_sensor_async.py
[2026-05-07T21:22:45.955+0000] {logging_mixin.py:188} INFO - [2026-05-07T21:22:45.955+0000] {dag.py:3096} INFO - Sync 1 DAGs
[2026-05-07T21:22:45.967+0000] {logging_mixin.py:188} INFO - [2026-05-07T21:22:45.966+0000] {dag.py:3954} INFO - Setting next_dagrun for example_time_delta_sensor_async to None, run_after=None
[2026-05-07T21:22:45.991+0000] {processor.py:183} INFO - Processing /home/airflow/.local/lib/python3.12/site-packages/airflow/example_dags/example_time_delta_sensor_async.py took 0.074 seconds
[2026-05-07T21:23:16.323+0000] {processor.py:161} INFO - Started process (PID=7641) to work on /home/airflow/.local/lib/python3.12/site-packages/airflow/example_dags/example_time_delta_sensor_async.py
[2026-05-07T21:23:16.325+0000] {processor.py:830} INFO - Processing file /home/airflow/.local/lib/python3.12/site-packages/airflow/example_dags/example_time_delta_sensor_async.py for tasks to queue
[2026-05-07T21:23:16.327+0000] {logging_mixin.py:188} INFO - [2026-05-07T21:23:16.327+0000] {dagbag.py:545} INFO - Filling up the DagBag from /home/airflow/.local/lib/python3.12/site-packages/airflow/example_dags/example_time_delta_sensor_async.py
[2026-05-07T21:23:16.333+0000] {processor.py:840} INFO - DAG(s) 'example_time_delta_sensor_async' retrieved from /home/airflow/.local/lib/python3.12/site-packages/airflow/example_dags/example_time_delta_sensor_async.py
[2026-05-07T21:23:16.355+0000] {logging_mixin.py:188} INFO - [2026-05-07T21:23:16.355+0000] {dag.py:3096} INFO - Sync 1 DAGs
[2026-05-07T21:23:16.367+0000] {logging_mixin.py:188} INFO - [2026-05-07T21:23:16.366+0000] {dag.py:3954} INFO - Setting next_dagrun for example_time_delta_sensor_async to None, run_after=None
[2026-05-07T21:23:16.390+0000] {processor.py:183} INFO - Processing /home/airflow/.local/lib/python3.12/site-packages/airflow/example_dags/example_time_delta_sensor_async.py took 0.076 seconds
[2026-05-07T21:23:46.531+0000] {processor.py:161} INFO - Started process (PID=7699) to work on /home/airflow/.local/lib/python3.12/site-packages/airflow/example_dags/example_time_delta_sensor_async.py
[2026-05-07T21:23:46.532+0000] {processor.py:830} INFO - Processing file /home/airflow/.local/lib/python3.12/site-packages/airflow/example_dags/example_time_delta_sensor_async.py for tasks to queue
[2026-05-07T21:23:46.535+0000] {logging_mixin.py:188} INFO - [2026-05-07T21:23:46.535+0000] {dagbag.py:545} INFO - Filling up the DagBag from /home/airflow/.local/lib/python3.12/site-packages/airflow/example_dags/example_time_delta_sensor_async.py
[2026-05-07T21:23:46.540+0000] {processor.py:840} INFO - DAG(s) 'example_time_delta_sensor_async' retrieved from /home/airflow/.local/lib/python3.12/site-packages/airflow/example_dags/example_time_delta_sensor_async.py
[2026-05-07T21:23:46.565+0000] {logging_mixin.py:188} INFO - [2026-05-07T21:23:46.565+0000] {dag.py:3096} INFO - Sync 1 DAGs
[2026-05-07T21:23:46.577+0000] {logging_mixin.py:188} INFO - [2026-05-07T21:23:46.576+0000] {dag.py:3954} INFO - Setting next_dagrun for example_time_delta_sensor_async to None, run_after=None
[2026-05-07T21:23:46.600+0000] {processor.py:183} INFO - Processing /home/airflow/.local/lib/python3.12/site-packages/airflow/example_dags/example_time_delta_sensor_async.py took 0.076 seconds
[2026-05-07T21:24:16.769+0000] {processor.py:161} INFO - Started process (PID=7757) to work on /home/airflow/.local/lib/python3.12/site-packages/airflow/example_dags/example_time_delta_sensor_async.py
[2026-05-07T21:24:16.772+0000] {processor.py:830} INFO - Processing file /home/airflow/.local/lib/python3.12/site-packages/airflow/example_dags/example_time_delta_sensor_async.py for tasks to queue
[2026-05-07T21:24:16.776+0000] {logging_mixin.py:188} INFO - [2026-05-07T21:24:16.776+0000] {dagbag.py:545} INFO - Filling up the DagBag from /home/airflow/.local/lib/python3.12/site-packages/airflow/example_dags/example_time_delta_sensor_async.py
[2026-05-07T21:24:16.780+0000] {processor.py:840} INFO - DAG(s) 'example_time_delta_sensor_async' retrieved from /home/airflow/.local/lib/python3.12/site-packages/airflow/example_dags/example_time_delta_sensor_async.py
[2026-05-07T21:24:16.800+0000] {logging_mixin.py:188} INFO - [2026-05-07T21:24:16.800+0000] {dag.py:3096} INFO - Sync 1 DAGs
[2026-05-07T21:24:16.811+0000] {logging_mixin.py:188} INFO - [2026-05-07T21:24:16.811+0000] {dag.py:3954} INFO - Setting next_dagrun for example_time_delta_sensor_async to None, run_after=None
[2026-05-07T21:24:16.831+0000] {processor.py:183} INFO - Processing /home/airflow/.local/lib/python3.12/site-packages/airflow/example_dags/example_time_delta_sensor_async.py took 0.068 seconds
[2026-05-07T21:24:47.129+0000] {processor.py:161} INFO - Started process (PID=7815) to work on /home/airflow/.local/lib/python3.12/site-packages/airflow/example_dags/example_time_delta_sensor_async.py
[2026-05-07T21:24:47.130+0000] {processor.py:830} INFO - Processing file /home/airflow/.local/lib/python3.12/site-packages/airflow/example_dags/example_time_delta_sensor_async.py for tasks to queue
[2026-05-07T21:24:47.132+0000] {logging_mixin.py:188} INFO - [2026-05-07T21:24:47.132+0000] {dagbag.py:545} INFO - Filling up the DagBag from /home/airflow/.local/lib/python3.12/site-packages/airflow/example_dags/example_time_delta_sensor_async.py
[2026-05-07T21:24:47.138+0000] {processor.py:840} INFO - DAG(s) 'example_time_delta_sensor_async' retrieved from /home/airflow/.local/lib/python3.12/site-packages/airflow/example_dags/example_time_delta_sensor_async.py
[2026-05-07T21:24:47.160+0000] {logging_mixin.py:188} INFO - [2026-05-07T21:24:47.160+0000] {dag.py:3096} INFO - Sync 1 DAGs
[2026-05-07T21:24:47.172+0000] {logging_mixin.py:188} INFO - [2026-05-07T21:24:47.172+0000] {dag.py:3954} INFO - Setting next_dagrun for example_time_delta_sensor_async to None, run_after=None
[2026-05-07T21:24:47.194+0000] {processor.py:183} INFO - Processing /home/airflow/.local/lib/python3.12/site-packages/airflow/example_dags/example_time_delta_sensor_async.py took 0.072 seconds
[2026-05-07T21:25:17.993+0000] {processor.py:161} INFO - Started process (PID=7871) to work on /home/airflow/.local/lib/python3.12/site-packages/airflow/example_dags/example_time_delta_sensor_async.py
[2026-05-07T21:25:17.995+0000] {processor.py:830} INFO - Processing file /home/airflow/.local/lib/python3.12/site-packages/airflow/example_dags/example_time_delta_sensor_async.py for tasks to queue
[2026-05-07T21:25:17.998+0000] {logging_mixin.py:188} INFO - [2026-05-07T21:25:17.998+0000] {dagbag.py:545} INFO - Filling up the DagBag from /home/airflow/.local/lib/python3.12/site-packages/airflow/example_dags/example_time_delta_sensor_async.py
[2026-05-07T21:25:18.003+0000] {processor.py:840} INFO - DAG(s) 'example_time_delta_sensor_async' retrieved from /home/airflow/.local/lib/python3.12/site-packages/airflow/example_dags/example_time_delta_sensor_async.py
[2026-05-07T21:25:18.027+0000] {logging_mixin.py:188} INFO - [2026-05-07T21:25:18.027+0000] {dag.py:3096} INFO - Sync 1 DAGs
[2026-05-07T21:25:18.038+0000] {logging_mixin.py:188} INFO - [2026-05-07T21:25:18.038+0000] {dag.py:3954} INFO - Setting next_dagrun for example_time_delta_sensor_async to None, run_after=None
[2026-05-07T21:25:18.064+0000] {processor.py:183} INFO - Processing /home/airflow/.local/lib/python3.12/site-packages/airflow/example_dags/example_time_delta_sensor_async.py took 0.077 seconds
[2026-05-07T21:25:48.225+0000] {processor.py:161} INFO - Started process (PID=7928) to work on /home/airflow/.local/lib/python3.12/site-packages/airflow/example_dags/example_time_delta_sensor_async.py
[2026-05-07T21:25:48.227+0000] {processor.py:830} INFO - Processing file /home/airflow/.local/lib/python3.12/site-packages/airflow/example_dags/example_time_delta_sensor_async.py for tasks to queue
[2026-05-07T21:25:48.229+0000] {logging_mixin.py:188} INFO - [2026-05-07T21:25:48.228+0000] {dagbag.py:545} INFO - Filling up the DagBag from /home/airflow/.local/lib/python3.12/site-packages/airflow/example_dags/example_time_delta_sensor_async.py
[2026-05-07T21:25:48.234+0000] {processor.py:840} INFO - DAG(s) 'example_time_delta_sensor_async' retrieved from /home/airflow/.local/lib/python3.12/site-packages/airflow/example_dags/example_time_delta_sensor_async.py
[2026-05-07T21:25:48.257+0000] {logging_mixin.py:188} INFO - [2026-05-07T21:25:48.256+0000] {dag.py:3096} INFO - Sync 1 DAGs
[2026-05-07T21:25:48.270+0000] {logging_mixin.py:188} INFO - [2026-05-07T21:25:48.270+0000] {dag.py:3954} INFO - Setting next_dagrun for example_time_delta_sensor_async to None, run_after=None
[2026-05-07T21:25:48.291+0000] {processor.py:183} INFO - Processing /home/airflow/.local/lib/python3.12/site-packages/airflow/example_dags/example_time_delta_sensor_async.py took 0.071 seconds
[2026-05-07T21:26:18.778+0000] {processor.py:161} INFO - Started process (PID=7986) to work on /home/airflow/.local/lib/python3.12/site-packages/airflow/example_dags/example_time_delta_sensor_async.py
[2026-05-07T21:26:18.779+0000] {processor.py:830} INFO - Processing file /home/airflow/.local/lib/python3.12/site-packages/airflow/example_dags/example_time_delta_sensor_async.py for tasks to queue
[2026-05-07T21:26:18.780+0000] {logging_mixin.py:188} INFO - [2026-05-07T21:26:18.780+0000] {dagbag.py:545} INFO - Filling up the DagBag from /home/airflow/.local/lib/python3.12/site-packages/airflow/example_dags/example_time_delta_sensor_async.py
[2026-05-07T21:26:18.785+0000] {processor.py:840} INFO - DAG(s) 'example_time_delta_sensor_async' retrieved from /home/airflow/.local/lib/python3.12/site-packages/airflow/example_dags/example_time_delta_sensor_async.py
[2026-05-07T21:26:18.806+0000] {logging_mixin.py:188} INFO - [2026-05-07T21:26:18.806+0000] {dag.py:3096} INFO - Sync 1 DAGs
[2026-05-07T21:26:18.818+0000] {logging_mixin.py:188} INFO - [2026-05-07T21:26:18.817+0000] {dag.py:3954} INFO - Setting next_dagrun for example_time_delta_sensor_async to None, run_after=None
[2026-05-07T21:26:18.838+0000] {processor.py:183} INFO - Processing /home/airflow/.local/lib/python3.12/site-packages/airflow/example_dags/example_time_delta_sensor_async.py took 0.066 seconds
[2026-05-07T21:26:49.018+0000] {processor.py:161} INFO - Started process (PID=8044) to work on /home/airflow/.local/lib/python3.12/site-packages/airflow/example_dags/example_time_delta_sensor_async.py
[2026-05-07T21:26:49.019+0000] {processor.py:830} INFO - Processing file /home/airflow/.local/lib/python3.12/site-packages/airflow/example_dags/example_time_delta_sensor_async.py for tasks to queue
[2026-05-07T21:26:49.022+0000] {logging_mixin.py:188} INFO - [2026-05-07T21:26:49.021+0000] {dagbag.py:545} INFO - Filling up the DagBag from /home/airflow/.local/lib/python3.12/site-packages/airflow/example_dags/example_time_delta_sensor_async.py
[2026-05-07T21:26:49.027+0000] {processor.py:840} INFO - DAG(s) 'example_time_delta_sensor_async' retrieved from /home/airflow/.local/lib/python3.12/site-packages/airflow/example_dags/example_time_delta_sensor_async.py
[2026-05-07T21:26:49.047+0000] {logging_mixin.py:188} INFO - [2026-05-07T21:26:49.047+0000] {dag.py:3096} INFO - Sync 1 DAGs
[2026-05-07T21:26:49.060+0000] {logging_mixin.py:188} INFO - [2026-05-07T21:26:49.059+0000] {dag.py:3954} INFO - Setting next_dagrun for example_time_delta_sensor_async to None, run_after=None
[2026-05-07T21:26:49.083+0000] {processor.py:183} INFO - Processing /home/airflow/.local/lib/python3.12/site-packages/airflow/example_dags/example_time_delta_sensor_async.py took 0.071 seconds
[2026-05-07T21:27:19.219+0000] {processor.py:161} INFO - Started process (PID=8102) to work on /home/airflow/.local/lib/python3.12/site-packages/airflow/example_dags/example_time_delta_sensor_async.py
[2026-05-07T21:27:19.220+0000] {processor.py:830} INFO - Processing file /home/airflow/.local/lib/python3.12/site-packages/airflow/example_dags/example_time_delta_sensor_async.py for tasks to queue
[2026-05-07T21:27:19.223+0000] {logging_mixin.py:188} INFO - [2026-05-07T21:27:19.223+0000] {dagbag.py:545} INFO - Filling up the DagBag from /home/airflow/.local/lib/python3.12/site-packages/airflow/example_dags/example_time_delta_sensor_async.py
[2026-05-07T21:27:19.229+0000] {processor.py:840} INFO - DAG(s) 'example_time_delta_sensor_async' retrieved from /home/airflow/.local/lib/python3.12/site-packages/airflow/example_dags/example_time_delta_sensor_async.py
[2026-05-07T21:27:19.251+0000] {logging_mixin.py:188} INFO - [2026-05-07T21:27:19.251+0000] {dag.py:3096} INFO - Sync 1 DAGs
[2026-05-07T21:27:19.263+0000] {logging_mixin.py:188} INFO - [2026-05-07T21:27:19.263+0000] {dag.py:3954} INFO - Setting next_dagrun for example_time_delta_sensor_async to None, run_after=None
[2026-05-07T21:27:19.286+0000] {processor.py:183} INFO - Processing /home/airflow/.local/lib/python3.12/site-packages/airflow/example_dags/example_time_delta_sensor_async.py took 0.073 seconds
[2026-05-07T21:27:50.070+0000] {processor.py:161} INFO - Started process (PID=8161) to work on /home/airflow/.local/lib/python3.12/site-packages/airflow/example_dags/example_time_delta_sensor_async.py
[2026-05-07T21:27:50.072+0000] {processor.py:830} INFO - Processing file /home/airflow/.local/lib/python3.12/site-packages/airflow/example_dags/example_time_delta_sensor_async.py for tasks to queue
[2026-05-07T21:27:50.074+0000] {logging_mixin.py:188} INFO - [2026-05-07T21:27:50.074+0000] {dagbag.py:545} INFO - Filling up the DagBag from /home/airflow/.local/lib/python3.12/site-packages/airflow/example_dags/example_time_delta_sensor_async.py
[2026-05-07T21:27:50.079+0000] {processor.py:840} INFO - DAG(s) 'example_time_delta_sensor_async' retrieved from /home/airflow/.local/lib/python3.12/site-packages/airflow/example_dags/example_time_delta_sensor_async.py
[2026-05-07T21:27:50.101+0000] {logging_mixin.py:188} INFO - [2026-05-07T21:27:50.101+0000] {dag.py:3096} INFO - Sync 1 DAGs
[2026-05-07T21:27:50.112+0000] {logging_mixin.py:188} INFO - [2026-05-07T21:27:50.112+0000] {dag.py:3954} INFO - Setting next_dagrun for example_time_delta_sensor_async to None, run_after=None
[2026-05-07T21:27:50.135+0000] {processor.py:183} INFO - Processing /home/airflow/.local/lib/python3.12/site-packages/airflow/example_dags/example_time_delta_sensor_async.py took 0.070 seconds
[2026-05-07T21:28:20.972+0000] {processor.py:161} INFO - Started process (PID=8219) to work on /home/airflow/.local/lib/python3.12/site-packages/airflow/example_dags/example_time_delta_sensor_async.py
[2026-05-07T21:28:20.974+0000] {processor.py:830} INFO - Processing file /home/airflow/.local/lib/python3.12/site-packages/airflow/example_dags/example_time_delta_sensor_async.py for tasks to queue
[2026-05-07T21:28:20.977+0000] {logging_mixin.py:188} INFO - [2026-05-07T21:28:20.977+0000] {dagbag.py:545} INFO - Filling up the DagBag from /home/airflow/.local/lib/python3.12/site-packages/airflow/example_dags/example_time_delta_sensor_async.py
[2026-05-07T21:28:20.982+0000] {processor.py:840} INFO - DAG(s) 'example_time_delta_sensor_async' retrieved from /home/airflow/.local/lib/python3.12/site-packages/airflow/example_dags/example_time_delta_sensor_async.py
[2026-05-07T21:28:21.006+0000] {logging_mixin.py:188} INFO - [2026-05-07T21:28:21.006+0000] {dag.py:3096} INFO - Sync 1 DAGs
[2026-05-07T21:28:21.018+0000] {logging_mixin.py:188} INFO - [2026-05-07T21:28:21.018+0000] {dag.py:3954} INFO - Setting next_dagrun for example_time_delta_sensor_async to None, run_after=None
[2026-05-07T21:28:21.042+0000] {processor.py:183} INFO - Processing /home/airflow/.local/lib/python3.12/site-packages/airflow/example_dags/example_time_delta_sensor_async.py took 0.076 seconds
[2026-05-07T21:28:51.180+0000] {processor.py:161} INFO - Started process (PID=8277) to work on /home/airflow/.local/lib/python3.12/site-packages/airflow/example_dags/example_time_delta_sensor_async.py
[2026-05-07T21:28:51.182+0000] {processor.py:830} INFO - Processing file /home/airflow/.local/lib/python3.12/site-packages/airflow/example_dags/example_time_delta_sensor_async.py for tasks to queue
[2026-05-07T21:28:51.187+0000] {logging_mixin.py:188} INFO - [2026-05-07T21:28:51.186+0000] {dagbag.py:545} INFO - Filling up the DagBag from /home/airflow/.local/lib/python3.12/site-packages/airflow/example_dags/example_time_delta_sensor_async.py
[2026-05-07T21:28:51.197+0000] {processor.py:840} INFO - DAG(s) 'example_time_delta_sensor_async' retrieved from /home/airflow/.local/lib/python3.12/site-packages/airflow/example_dags/example_time_delta_sensor_async.py
[2026-05-07T21:28:51.225+0000] {logging_mixin.py:188} INFO - [2026-05-07T21:28:51.225+0000] {dag.py:3096} INFO - Sync 1 DAGs
[2026-05-07T21:28:51.241+0000] {logging_mixin.py:188} INFO - [2026-05-07T21:28:51.241+0000] {dag.py:3954} INFO - Setting next_dagrun for example_time_delta_sensor_async to None, run_after=None
[2026-05-07T21:28:51.273+0000] {processor.py:183} INFO - Processing /home/airflow/.local/lib/python3.12/site-packages/airflow/example_dags/example_time_delta_sensor_async.py took 0.104 seconds
[2026-05-07T21:29:21.450+0000] {processor.py:161} INFO - Started process (PID=8335) to work on /home/airflow/.local/lib/python3.12/site-packages/airflow/example_dags/example_time_delta_sensor_async.py
[2026-05-07T21:29:21.451+0000] {processor.py:830} INFO - Processing file /home/airflow/.local/lib/python3.12/site-packages/airflow/example_dags/example_time_delta_sensor_async.py for tasks to queue
[2026-05-07T21:29:21.453+0000] {logging_mixin.py:188} INFO - [2026-05-07T21:29:21.453+0000] {dagbag.py:545} INFO - Filling up the DagBag from /home/airflow/.local/lib/python3.12/site-packages/airflow/example_dags/example_time_delta_sensor_async.py
[2026-05-07T21:29:21.458+0000] {processor.py:840} INFO - DAG(s) 'example_time_delta_sensor_async' retrieved from /home/airflow/.local/lib/python3.12/site-packages/airflow/example_dags/example_time_delta_sensor_async.py
[2026-05-07T21:29:21.482+0000] {logging_mixin.py:188} INFO - [2026-05-07T21:29:21.482+0000] {dag.py:3096} INFO - Sync 1 DAGs
[2026-05-07T21:29:21.495+0000] {logging_mixin.py:188} INFO - [2026-05-07T21:29:21.494+0000] {dag.py:3954} INFO - Setting next_dagrun for example_time_delta_sensor_async to None, run_after=None
[2026-05-07T21:29:21.519+0000] {processor.py:183} INFO - Processing /home/airflow/.local/lib/python3.12/site-packages/airflow/example_dags/example_time_delta_sensor_async.py took 0.077 seconds
[2026-05-07T21:29:51.789+0000] {processor.py:161} INFO - Started process (PID=8393) to work on /home/airflow/.local/lib/python3.12/site-packages/airflow/example_dags/example_time_delta_sensor_async.py
[2026-05-07T21:29:51.791+0000] {processor.py:830} INFO - Processing file /home/airflow/.local/lib/python3.12/site-packages/airflow/example_dags/example_time_delta_sensor_async.py for tasks to queue
[2026-05-07T21:29:51.794+0000] {logging_mixin.py:188} INFO - [2026-05-07T21:29:51.793+0000] {dagbag.py:545} INFO - Filling up the DagBag from /home/airflow/.local/lib/python3.12/site-packages/airflow/example_dags/example_time_delta_sensor_async.py
[2026-05-07T21:29:51.799+0000] {processor.py:840} INFO - DAG(s) 'example_time_delta_sensor_async' retrieved from /home/airflow/.local/lib/python3.12/site-packages/airflow/example_dags/example_time_delta_sensor_async.py
[2026-05-07T21:29:51.824+0000] {logging_mixin.py:188} INFO - [2026-05-07T21:29:51.824+0000] {dag.py:3096} INFO - Sync 1 DAGs
[2026-05-07T21:29:51.837+0000] {logging_mixin.py:188} INFO - [2026-05-07T21:29:51.836+0000] {dag.py:3954} INFO - Setting next_dagrun for example_time_delta_sensor_async to None, run_after=None
[2026-05-07T21:29:51.860+0000] {processor.py:183} INFO - Processing /home/airflow/.local/lib/python3.12/site-packages/airflow/example_dags/example_time_delta_sensor_async.py took 0.077 seconds
[2026-05-07T21:30:21.919+0000] {processor.py:161} INFO - Started process (PID=8451) to work on /home/airflow/.local/lib/python3.12/site-packages/airflow/example_dags/example_time_delta_sensor_async.py
[2026-05-07T21:30:21.921+0000] {processor.py:830} INFO - Processing file /home/airflow/.local/lib/python3.12/site-packages/airflow/example_dags/example_time_delta_sensor_async.py for tasks to queue
[2026-05-07T21:30:21.924+0000] {logging_mixin.py:188} INFO - [2026-05-07T21:30:21.923+0000] {dagbag.py:545} INFO - Filling up the DagBag from /home/airflow/.local/lib/python3.12/site-packages/airflow/example_dags/example_time_delta_sensor_async.py
[2026-05-07T21:30:21.929+0000] {processor.py:840} INFO - DAG(s) 'example_time_delta_sensor_async' retrieved from /home/airflow/.local/lib/python3.12/site-packages/airflow/example_dags/example_time_delta_sensor_async.py
[2026-05-07T21:30:21.951+0000] {logging_mixin.py:188} INFO - [2026-05-07T21:30:21.951+0000] {dag.py:3096} INFO - Sync 1 DAGs
[2026-05-07T21:30:21.965+0000] {logging_mixin.py:188} INFO - [2026-05-07T21:30:21.965+0000] {dag.py:3954} INFO - Setting next_dagrun for example_time_delta_sensor_async to None, run_after=None
[2026-05-07T21:30:21.988+0000] {processor.py:183} INFO - Processing /home/airflow/.local/lib/python3.12/site-packages/airflow/example_dags/example_time_delta_sensor_async.py took 0.074 seconds
[2026-05-07T21:30:52.267+0000] {processor.py:161} INFO - Started process (PID=8509) to work on /home/airflow/.local/lib/python3.12/site-packages/airflow/example_dags/example_time_delta_sensor_async.py
[2026-05-07T21:30:52.269+0000] {processor.py:830} INFO - Processing file /home/airflow/.local/lib/python3.12/site-packages/airflow/example_dags/example_time_delta_sensor_async.py for tasks to queue
[2026-05-07T21:30:52.272+0000] {logging_mixin.py:188} INFO - [2026-05-07T21:30:52.271+0000] {dagbag.py:545} INFO - Filling up the DagBag from /home/airflow/.local/lib/python3.12/site-packages/airflow/example_dags/example_time_delta_sensor_async.py
[2026-05-07T21:30:52.279+0000] {processor.py:840} INFO - DAG(s) 'example_time_delta_sensor_async' retrieved from /home/airflow/.local/lib/python3.12/site-packages/airflow/example_dags/example_time_delta_sensor_async.py
[2026-05-07T21:30:52.313+0000] {logging_mixin.py:188} INFO - [2026-05-07T21:30:52.312+0000] {dag.py:3096} INFO - Sync 1 DAGs
[2026-05-07T21:30:52.336+0000] {logging_mixin.py:188} INFO - [2026-05-07T21:30:52.336+0000] {dag.py:3954} INFO - Setting next_dagrun for example_time_delta_sensor_async to None, run_after=None
[2026-05-07T21:30:52.373+0000] {processor.py:183} INFO - Processing /home/airflow/.local/lib/python3.12/site-packages/airflow/example_dags/example_time_delta_sensor_async.py took 0.113 seconds
[2026-05-07T21:31:22.468+0000] {processor.py:161} INFO - Started process (PID=8567) to work on /home/airflow/.local/lib/python3.12/site-packages/airflow/example_dags/example_time_delta_sensor_async.py
[2026-05-07T21:31:22.470+0000] {processor.py:830} INFO - Processing file /home/airflow/.local/lib/python3.12/site-packages/airflow/example_dags/example_time_delta_sensor_async.py for tasks to queue
[2026-05-07T21:31:22.472+0000] {logging_mixin.py:188} INFO - [2026-05-07T21:31:22.472+0000] {dagbag.py:545} INFO - Filling up the DagBag from /home/airflow/.local/lib/python3.12/site-packages/airflow/example_dags/example_time_delta_sensor_async.py
[2026-05-07T21:31:22.477+0000] {processor.py:840} INFO - DAG(s) 'example_time_delta_sensor_async' retrieved from /home/airflow/.local/lib/python3.12/site-packages/airflow/example_dags/example_time_delta_sensor_async.py
[2026-05-07T21:31:22.497+0000] {logging_mixin.py:188} INFO - [2026-05-07T21:31:22.497+0000] {dag.py:3096} INFO - Sync 1 DAGs
[2026-05-07T21:31:22.508+0000] {logging_mixin.py:188} INFO - [2026-05-07T21:31:22.508+0000] {dag.py:3954} INFO - Setting next_dagrun for example_time_delta_sensor_async to None, run_after=None
[2026-05-07T21:31:22.528+0000] {processor.py:183} INFO - Processing /home/airflow/.local/lib/python3.12/site-packages/airflow/example_dags/example_time_delta_sensor_async.py took 0.067 seconds
[2026-05-07T21:31:52.654+0000] {processor.py:161} INFO - Started process (PID=8625) to work on /home/airflow/.local/lib/python3.12/site-packages/airflow/example_dags/example_time_delta_sensor_async.py
[2026-05-07T21:31:52.656+0000] {processor.py:830} INFO - Processing file /home/airflow/.local/lib/python3.12/site-packages/airflow/example_dags/example_time_delta_sensor_async.py for tasks to queue
[2026-05-07T21:31:52.660+0000] {logging_mixin.py:188} INFO - [2026-05-07T21:31:52.660+0000] {dagbag.py:545} INFO - Filling up the DagBag from /home/airflow/.local/lib/python3.12/site-packages/airflow/example_dags/example_time_delta_sensor_async.py
[2026-05-07T21:31:52.666+0000] {processor.py:840} INFO - DAG(s) 'example_time_delta_sensor_async' retrieved from /home/airflow/.local/lib/python3.12/site-packages/airflow/example_dags/example_time_delta_sensor_async.py
[2026-05-07T21:31:52.694+0000] {logging_mixin.py:188} INFO - [2026-05-07T21:31:52.693+0000] {dag.py:3096} INFO - Sync 1 DAGs
[2026-05-07T21:31:52.708+0000] {logging_mixin.py:188} INFO - [2026-05-07T21:31:52.708+0000] {dag.py:3954} INFO - Setting next_dagrun for example_time_delta_sensor_async to None, run_after=None
[2026-05-07T21:31:52.731+0000] {processor.py:183} INFO - Processing /home/airflow/.local/lib/python3.12/site-packages/airflow/example_dags/example_time_delta_sensor_async.py took 0.085 seconds
[2026-05-07T21:32:22.803+0000] {processor.py:161} INFO - Started process (PID=8683) to work on /home/airflow/.local/lib/python3.12/site-packages/airflow/example_dags/example_time_delta_sensor_async.py
[2026-05-07T21:32:22.804+0000] {processor.py:830} INFO - Processing file /home/airflow/.local/lib/python3.12/site-packages/airflow/example_dags/example_time_delta_sensor_async.py for tasks to queue
[2026-05-07T21:32:22.806+0000] {logging_mixin.py:188} INFO - [2026-05-07T21:32:22.806+0000] {dagbag.py:545} INFO - Filling up the DagBag from /home/airflow/.local/lib/python3.12/site-packages/airflow/example_dags/example_time_delta_sensor_async.py
[2026-05-07T21:32:22.810+0000] {processor.py:840} INFO - DAG(s) 'example_time_delta_sensor_async' retrieved from /home/airflow/.local/lib/python3.12/site-packages/airflow/example_dags/example_time_delta_sensor_async.py
[2026-05-07T21:32:22.832+0000] {logging_mixin.py:188} INFO - [2026-05-07T21:32:22.832+0000] {dag.py:3096} INFO - Sync 1 DAGs
[2026-05-07T21:32:22.844+0000] {logging_mixin.py:188} INFO - [2026-05-07T21:32:22.843+0000] {dag.py:3954} INFO - Setting next_dagrun for example_time_delta_sensor_async to None, run_after=None
[2026-05-07T21:32:22.863+0000] {processor.py:183} INFO - Processing /home/airflow/.local/lib/python3.12/site-packages/airflow/example_dags/example_time_delta_sensor_async.py took 0.065 seconds
[2026-05-07T21:32:52.941+0000] {processor.py:161} INFO - Started process (PID=8741) to work on /home/airflow/.local/lib/python3.12/site-packages/airflow/example_dags/example_time_delta_sensor_async.py
[2026-05-07T21:32:52.943+0000] {processor.py:830} INFO - Processing file /home/airflow/.local/lib/python3.12/site-packages/airflow/example_dags/example_time_delta_sensor_async.py for tasks to queue
[2026-05-07T21:32:52.945+0000] {logging_mixin.py:188} INFO - [2026-05-07T21:32:52.945+0000] {dagbag.py:545} INFO - Filling up the DagBag from /home/airflow/.local/lib/python3.12/site-packages/airflow/example_dags/example_time_delta_sensor_async.py
[2026-05-07T21:32:52.950+0000] {processor.py:840} INFO - DAG(s) 'example_time_delta_sensor_async' retrieved from /home/airflow/.local/lib/python3.12/site-packages/airflow/example_dags/example_time_delta_sensor_async.py
[2026-05-07T21:32:52.969+0000] {logging_mixin.py:188} INFO - [2026-05-07T21:32:52.969+0000] {dag.py:3096} INFO - Sync 1 DAGs
[2026-05-07T21:32:52.980+0000] {logging_mixin.py:188} INFO - [2026-05-07T21:32:52.980+0000] {dag.py:3954} INFO - Setting next_dagrun for example_time_delta_sensor_async to None, run_after=None
[2026-05-07T21:32:53.001+0000] {processor.py:183} INFO - Processing /home/airflow/.local/lib/python3.12/site-packages/airflow/example_dags/example_time_delta_sensor_async.py took 0.065 seconds
[2026-05-07T21:33:23.221+0000] {processor.py:161} INFO - Started process (PID=8799) to work on /home/airflow/.local/lib/python3.12/site-packages/airflow/example_dags/example_time_delta_sensor_async.py
[2026-05-07T21:33:23.223+0000] {processor.py:830} INFO - Processing file /home/airflow/.local/lib/python3.12/site-packages/airflow/example_dags/example_time_delta_sensor_async.py for tasks to queue
[2026-05-07T21:33:23.225+0000] {logging_mixin.py:188} INFO - [2026-05-07T21:33:23.225+0000] {dagbag.py:545} INFO - Filling up the DagBag from /home/airflow/.local/lib/python3.12/site-packages/airflow/example_dags/example_time_delta_sensor_async.py
[2026-05-07T21:33:23.230+0000] {processor.py:840} INFO - DAG(s) 'example_time_delta_sensor_async' retrieved from /home/airflow/.local/lib/python3.12/site-packages/airflow/example_dags/example_time_delta_sensor_async.py
[2026-05-07T21:33:23.253+0000] {logging_mixin.py:188} INFO - [2026-05-07T21:33:23.253+0000] {dag.py:3096} INFO - Sync 1 DAGs
[2026-05-07T21:33:23.266+0000] {logging_mixin.py:188} INFO - [2026-05-07T21:33:23.266+0000] {dag.py:3954} INFO - Setting next_dagrun for example_time_delta_sensor_async to None, run_after=None
[2026-05-07T21:33:23.293+0000] {processor.py:183} INFO - Processing /home/airflow/.local/lib/python3.12/site-packages/airflow/example_dags/example_time_delta_sensor_async.py took 0.077 seconds
[2026-05-07T21:33:53.843+0000] {processor.py:161} INFO - Started process (PID=8857) to work on /home/airflow/.local/lib/python3.12/site-packages/airflow/example_dags/example_time_delta_sensor_async.py
[2026-05-07T21:33:53.845+0000] {processor.py:830} INFO - Processing file /home/airflow/.local/lib/python3.12/site-packages/airflow/example_dags/example_time_delta_sensor_async.py for tasks to queue
[2026-05-07T21:33:53.848+0000] {logging_mixin.py:188} INFO - [2026-05-07T21:33:53.847+0000] {dagbag.py:545} INFO - Filling up the DagBag from /home/airflow/.local/lib/python3.12/site-packages/airflow/example_dags/example_time_delta_sensor_async.py
[2026-05-07T21:33:53.852+0000] {processor.py:840} INFO - DAG(s) 'example_time_delta_sensor_async' retrieved from /home/airflow/.local/lib/python3.12/site-packages/airflow/example_dags/example_time_delta_sensor_async.py
[2026-05-07T21:33:53.874+0000] {logging_mixin.py:188} INFO - [2026-05-07T21:33:53.874+0000] {dag.py:3096} INFO - Sync 1 DAGs
[2026-05-07T21:33:53.886+0000] {logging_mixin.py:188} INFO - [2026-05-07T21:33:53.886+0000] {dag.py:3954} INFO - Setting next_dagrun for example_time_delta_sensor_async to None, run_after=None
[2026-05-07T21:33:53.911+0000] {processor.py:183} INFO - Processing /home/airflow/.local/lib/python3.12/site-packages/airflow/example_dags/example_time_delta_sensor_async.py took 0.073 seconds
[2026-05-07T21:34:24.120+0000] {processor.py:161} INFO - Started process (PID=8915) to work on /home/airflow/.local/lib/python3.12/site-packages/airflow/example_dags/example_time_delta_sensor_async.py
[2026-05-07T21:34:24.122+0000] {processor.py:830} INFO - Processing file /home/airflow/.local/lib/python3.12/site-packages/airflow/example_dags/example_time_delta_sensor_async.py for tasks to queue
[2026-05-07T21:34:24.124+0000] {logging_mixin.py:188} INFO - [2026-05-07T21:34:24.124+0000] {dagbag.py:545} INFO - Filling up the DagBag from /home/airflow/.local/lib/python3.12/site-packages/airflow/example_dags/example_time_delta_sensor_async.py
[2026-05-07T21:34:24.129+0000] {processor.py:840} INFO - DAG(s) 'example_time_delta_sensor_async' retrieved from /home/airflow/.local/lib/python3.12/site-packages/airflow/example_dags/example_time_delta_sensor_async.py
[2026-05-07T21:34:24.150+0000] {logging_mixin.py:188} INFO - [2026-05-07T21:34:24.149+0000] {dag.py:3096} INFO - Sync 1 DAGs
[2026-05-07T21:34:24.167+0000] {logging_mixin.py:188} INFO - [2026-05-07T21:34:24.167+0000] {dag.py:3954} INFO - Setting next_dagrun for example_time_delta_sensor_async to None, run_after=None
[2026-05-07T21:34:24.190+0000] {processor.py:183} INFO - Processing /home/airflow/.local/lib/python3.12/site-packages/airflow/example_dags/example_time_delta_sensor_async.py took 0.076 seconds
[2026-05-07T21:34:54.404+0000] {processor.py:161} INFO - Started process (PID=8973) to work on /home/airflow/.local/lib/python3.12/site-packages/airflow/example_dags/example_time_delta_sensor_async.py
[2026-05-07T21:34:54.405+0000] {processor.py:830} INFO - Processing file /home/airflow/.local/lib/python3.12/site-packages/airflow/example_dags/example_time_delta_sensor_async.py for tasks to queue
[2026-05-07T21:34:54.408+0000] {logging_mixin.py:188} INFO - [2026-05-07T21:34:54.408+0000] {dagbag.py:545} INFO - Filling up the DagBag from /home/airflow/.local/lib/python3.12/site-packages/airflow/example_dags/example_time_delta_sensor_async.py
[2026-05-07T21:34:54.416+0000] {processor.py:840} INFO - DAG(s) 'example_time_delta_sensor_async' retrieved from /home/airflow/.local/lib/python3.12/site-packages/airflow/example_dags/example_time_delta_sensor_async.py
[2026-05-07T21:34:54.442+0000] {logging_mixin.py:188} INFO - [2026-05-07T21:34:54.442+0000] {dag.py:3096} INFO - Sync 1 DAGs
[2026-05-07T21:34:54.454+0000] {logging_mixin.py:188} INFO - [2026-05-07T21:34:54.453+0000] {dag.py:3954} INFO - Setting next_dagrun for example_time_delta_sensor_async to None, run_after=None
[2026-05-07T21:34:54.476+0000] {processor.py:183} INFO - Processing /home/airflow/.local/lib/python3.12/site-packages/airflow/example_dags/example_time_delta_sensor_async.py took 0.079 seconds
[2026-05-07T21:35:24.708+0000] {processor.py:161} INFO - Started process (PID=9031) to work on /home/airflow/.local/lib/python3.12/site-packages/airflow/example_dags/example_time_delta_sensor_async.py
[2026-05-07T21:35:24.709+0000] {processor.py:830} INFO - Processing file /home/airflow/.local/lib/python3.12/site-packages/airflow/example_dags/example_time_delta_sensor_async.py for tasks to queue
[2026-05-07T21:35:24.711+0000] {logging_mixin.py:188} INFO - [2026-05-07T21:35:24.711+0000] {dagbag.py:545} INFO - Filling up the DagBag from /home/airflow/.local/lib/python3.12/site-packages/airflow/example_dags/example_time_delta_sensor_async.py
[2026-05-07T21:35:24.716+0000] {processor.py:840} INFO - DAG(s) 'example_time_delta_sensor_async' retrieved from /home/airflow/.local/lib/python3.12/site-packages/airflow/example_dags/example_time_delta_sensor_async.py
[2026-05-07T21:35:24.742+0000] {logging_mixin.py:188} INFO - [2026-05-07T21:35:24.741+0000] {dag.py:3096} INFO - Sync 1 DAGs
[2026-05-07T21:35:24.755+0000] {logging_mixin.py:188} INFO - [2026-05-07T21:35:24.754+0000] {dag.py:3954} INFO - Setting next_dagrun for example_time_delta_sensor_async to None, run_after=None
[2026-05-07T21:35:24.780+0000] {processor.py:183} INFO - Processing /home/airflow/.local/lib/python3.12/site-packages/airflow/example_dags/example_time_delta_sensor_async.py took 0.079 seconds
[2026-05-07T21:35:55.339+0000] {processor.py:161} INFO - Started process (PID=9089) to work on /home/airflow/.local/lib/python3.12/site-packages/airflow/example_dags/example_time_delta_sensor_async.py
[2026-05-07T21:35:55.340+0000] {processor.py:830} INFO - Processing file /home/airflow/.local/lib/python3.12/site-packages/airflow/example_dags/example_time_delta_sensor_async.py for tasks to queue
[2026-05-07T21:35:55.342+0000] {logging_mixin.py:188} INFO - [2026-05-07T21:35:55.342+0000] {dagbag.py:545} INFO - Filling up the DagBag from /home/airflow/.local/lib/python3.12/site-packages/airflow/example_dags/example_time_delta_sensor_async.py
[2026-05-07T21:35:55.347+0000] {processor.py:840} INFO - DAG(s) 'example_time_delta_sensor_async' retrieved from /home/airflow/.local/lib/python3.12/site-packages/airflow/example_dags/example_time_delta_sensor_async.py
[2026-05-07T21:35:55.371+0000] {logging_mixin.py:188} INFO - [2026-05-07T21:35:55.371+0000] {dag.py:3096} INFO - Sync 1 DAGs
[2026-05-07T21:35:55.384+0000] {logging_mixin.py:188} INFO - [2026-05-07T21:35:55.383+0000] {dag.py:3954} INFO - Setting next_dagrun for example_time_delta_sensor_async to None, run_after=None
[2026-05-07T21:35:55.404+0000] {processor.py:183} INFO - Processing /home/airflow/.local/lib/python3.12/site-packages/airflow/example_dags/example_time_delta_sensor_async.py took 0.071 seconds
[2026-05-07T21:36:26.152+0000] {processor.py:161} INFO - Started process (PID=9147) to work on /home/airflow/.local/lib/python3.12/site-packages/airflow/example_dags/example_time_delta_sensor_async.py
[2026-05-07T21:36:26.154+0000] {processor.py:830} INFO - Processing file /home/airflow/.local/lib/python3.12/site-packages/airflow/example_dags/example_time_delta_sensor_async.py for tasks to queue
[2026-05-07T21:36:26.156+0000] {logging_mixin.py:188} INFO - [2026-05-07T21:36:26.155+0000] {dagbag.py:545} INFO - Filling up the DagBag from /home/airflow/.local/lib/python3.12/site-packages/airflow/example_dags/example_time_delta_sensor_async.py
[2026-05-07T21:36:26.160+0000] {processor.py:840} INFO - DAG(s) 'example_time_delta_sensor_async' retrieved from /home/airflow/.local/lib/python3.12/site-packages/airflow/example_dags/example_time_delta_sensor_async.py
[2026-05-07T21:36:26.181+0000] {logging_mixin.py:188} INFO - [2026-05-07T21:36:26.181+0000] {dag.py:3096} INFO - Sync 1 DAGs
[2026-05-07T21:36:26.195+0000] {logging_mixin.py:188} INFO - [2026-05-07T21:36:26.195+0000] {dag.py:3954} INFO - Setting next_dagrun for example_time_delta_sensor_async to None, run_after=None
[2026-05-07T21:36:26.225+0000] {processor.py:183} INFO - Processing /home/airflow/.local/lib/python3.12/site-packages/airflow/example_dags/example_time_delta_sensor_async.py took 0.081 seconds
[2026-05-07T21:36:56.907+0000] {processor.py:161} INFO - Started process (PID=9205) to work on /home/airflow/.local/lib/python3.12/site-packages/airflow/example_dags/example_time_delta_sensor_async.py
[2026-05-07T21:36:56.909+0000] {processor.py:830} INFO - Processing file /home/airflow/.local/lib/python3.12/site-packages/airflow/example_dags/example_time_delta_sensor_async.py for tasks to queue
[2026-05-07T21:36:56.911+0000] {logging_mixin.py:188} INFO - [2026-05-07T21:36:56.911+0000] {dagbag.py:545} INFO - Filling up the DagBag from /home/airflow/.local/lib/python3.12/site-packages/airflow/example_dags/example_time_delta_sensor_async.py
[2026-05-07T21:36:56.915+0000] {processor.py:840} INFO - DAG(s) 'example_time_delta_sensor_async' retrieved from /home/airflow/.local/lib/python3.12/site-packages/airflow/example_dags/example_time_delta_sensor_async.py
[2026-05-07T21:36:56.938+0000] {logging_mixin.py:188} INFO - [2026-05-07T21:36:56.938+0000] {dag.py:3096} INFO - Sync 1 DAGs
[2026-05-07T21:36:56.950+0000] {logging_mixin.py:188} INFO - [2026-05-07T21:36:56.950+0000] {dag.py:3954} INFO - Setting next_dagrun for example_time_delta_sensor_async to None, run_after=None
[2026-05-07T21:36:56.975+0000] {processor.py:183} INFO - Processing /home/airflow/.local/lib/python3.12/site-packages/airflow/example_dags/example_time_delta_sensor_async.py took 0.072 seconds
[2026-05-07T21:37:27.825+0000] {processor.py:161} INFO - Started process (PID=9263) to work on /home/airflow/.local/lib/python3.12/site-packages/airflow/example_dags/example_time_delta_sensor_async.py
[2026-05-07T21:37:27.826+0000] {processor.py:830} INFO - Processing file /home/airflow/.local/lib/python3.12/site-packages/airflow/example_dags/example_time_delta_sensor_async.py for tasks to queue
[2026-05-07T21:37:27.830+0000] {logging_mixin.py:188} INFO - [2026-05-07T21:37:27.829+0000] {dagbag.py:545} INFO - Filling up the DagBag from /home/airflow/.local/lib/python3.12/site-packages/airflow/example_dags/example_time_delta_sensor_async.py
[2026-05-07T21:37:27.836+0000] {processor.py:840} INFO - DAG(s) 'example_time_delta_sensor_async' retrieved from /home/airflow/.local/lib/python3.12/site-packages/airflow/example_dags/example_time_delta_sensor_async.py
[2026-05-07T21:37:27.865+0000] {logging_mixin.py:188} INFO - [2026-05-07T21:37:27.865+0000] {dag.py:3096} INFO - Sync 1 DAGs
[2026-05-07T21:37:27.880+0000] {logging_mixin.py:188} INFO - [2026-05-07T21:37:27.880+0000] {dag.py:3954} INFO - Setting next_dagrun for example_time_delta_sensor_async to None, run_after=None
[2026-05-07T21:37:27.902+0000] {processor.py:183} INFO - Processing /home/airflow/.local/lib/python3.12/site-packages/airflow/example_dags/example_time_delta_sensor_async.py took 0.084 seconds
[2026-05-07T21:37:58.545+0000] {processor.py:161} INFO - Started process (PID=9321) to work on /home/airflow/.local/lib/python3.12/site-packages/airflow/example_dags/example_time_delta_sensor_async.py
[2026-05-07T21:37:58.547+0000] {processor.py:830} INFO - Processing file /home/airflow/.local/lib/python3.12/site-packages/airflow/example_dags/example_time_delta_sensor_async.py for tasks to queue
[2026-05-07T21:37:58.551+0000] {logging_mixin.py:188} INFO - [2026-05-07T21:37:58.551+0000] {dagbag.py:545} INFO - Filling up the DagBag from /home/airflow/.local/lib/python3.12/site-packages/airflow/example_dags/example_time_delta_sensor_async.py
[2026-05-07T21:37:58.557+0000] {processor.py:840} INFO - DAG(s) 'example_time_delta_sensor_async' retrieved from /home/airflow/.local/lib/python3.12/site-packages/airflow/example_dags/example_time_delta_sensor_async.py
[2026-05-07T21:37:58.586+0000] {logging_mixin.py:188} INFO - [2026-05-07T21:37:58.586+0000] {dag.py:3096} INFO - Sync 1 DAGs
[2026-05-07T21:37:58.603+0000] {logging_mixin.py:188} INFO - [2026-05-07T21:37:58.603+0000] {dag.py:3954} INFO - Setting next_dagrun for example_time_delta_sensor_async to None, run_after=None
[2026-05-07T21:37:58.637+0000] {processor.py:183} INFO - Processing /home/airflow/.local/lib/python3.12/site-packages/airflow/example_dags/example_time_delta_sensor_async.py took 0.097 seconds
[2026-05-07T21:38:29.351+0000] {processor.py:161} INFO - Started process (PID=9379) to work on /home/airflow/.local/lib/python3.12/site-packages/airflow/example_dags/example_time_delta_sensor_async.py
[2026-05-07T21:38:29.355+0000] {processor.py:830} INFO - Processing file /home/airflow/.local/lib/python3.12/site-packages/airflow/example_dags/example_time_delta_sensor_async.py for tasks to queue
[2026-05-07T21:38:29.358+0000] {logging_mixin.py:188} INFO - [2026-05-07T21:38:29.358+0000] {dagbag.py:545} INFO - Filling up the DagBag from /home/airflow/.local/lib/python3.12/site-packages/airflow/example_dags/example_time_delta_sensor_async.py
[2026-05-07T21:38:29.363+0000] {processor.py:840} INFO - DAG(s) 'example_time_delta_sensor_async' retrieved from /home/airflow/.local/lib/python3.12/site-packages/airflow/example_dags/example_time_delta_sensor_async.py
[2026-05-07T21:38:29.384+0000] {logging_mixin.py:188} INFO - [2026-05-07T21:38:29.384+0000] {dag.py:3096} INFO - Sync 1 DAGs
[2026-05-07T21:38:29.397+0000] {logging_mixin.py:188} INFO - [2026-05-07T21:38:29.397+0000] {dag.py:3954} INFO - Setting next_dagrun for example_time_delta_sensor_async to None, run_after=None
[2026-05-07T21:38:29.422+0000] {processor.py:183} INFO - Processing /home/airflow/.local/lib/python3.12/site-packages/airflow/example_dags/example_time_delta_sensor_async.py took 0.077 seconds
[2026-05-07T21:39:00.286+0000] {processor.py:161} INFO - Started process (PID=9437) to work on /home/airflow/.local/lib/python3.12/site-packages/airflow/example_dags/example_time_delta_sensor_async.py
[2026-05-07T21:39:00.288+0000] {processor.py:830} INFO - Processing file /home/airflow/.local/lib/python3.12/site-packages/airflow/example_dags/example_time_delta_sensor_async.py for tasks to queue
[2026-05-07T21:39:00.291+0000] {logging_mixin.py:188} INFO - [2026-05-07T21:39:00.290+0000] {dagbag.py:545} INFO - Filling up the DagBag from /home/airflow/.local/lib/python3.12/site-packages/airflow/example_dags/example_time_delta_sensor_async.py
[2026-05-07T21:39:00.295+0000] {processor.py:840} INFO - DAG(s) 'example_time_delta_sensor_async' retrieved from /home/airflow/.local/lib/python3.12/site-packages/airflow/example_dags/example_time_delta_sensor_async.py
[2026-05-07T21:39:00.318+0000] {logging_mixin.py:188} INFO - [2026-05-07T21:39:00.318+0000] {dag.py:3096} INFO - Sync 1 DAGs
[2026-05-07T21:39:00.330+0000] {logging_mixin.py:188} INFO - [2026-05-07T21:39:00.330+0000] {dag.py:3954} INFO - Setting next_dagrun for example_time_delta_sensor_async to None, run_after=None
[2026-05-07T21:39:00.352+0000] {processor.py:183} INFO - Processing /home/airflow/.local/lib/python3.12/site-packages/airflow/example_dags/example_time_delta_sensor_async.py took 0.071 seconds
[2026-05-07T21:39:30.519+0000] {processor.py:161} INFO - Started process (PID=9495) to work on /home/airflow/.local/lib/python3.12/site-packages/airflow/example_dags/example_time_delta_sensor_async.py
[2026-05-07T21:39:30.521+0000] {processor.py:830} INFO - Processing file /home/airflow/.local/lib/python3.12/site-packages/airflow/example_dags/example_time_delta_sensor_async.py for tasks to queue
[2026-05-07T21:39:30.523+0000] {logging_mixin.py:188} INFO - [2026-05-07T21:39:30.523+0000] {dagbag.py:545} INFO - Filling up the DagBag from /home/airflow/.local/lib/python3.12/site-packages/airflow/example_dags/example_time_delta_sensor_async.py
[2026-05-07T21:39:30.529+0000] {processor.py:840} INFO - DAG(s) 'example_time_delta_sensor_async' retrieved from /home/airflow/.local/lib/python3.12/site-packages/airflow/example_dags/example_time_delta_sensor_async.py
[2026-05-07T21:39:30.554+0000] {logging_mixin.py:188} INFO - [2026-05-07T21:39:30.554+0000] {dag.py:3096} INFO - Sync 1 DAGs
[2026-05-07T21:39:30.569+0000] {logging_mixin.py:188} INFO - [2026-05-07T21:39:30.569+0000] {dag.py:3954} INFO - Setting next_dagrun for example_time_delta_sensor_async to None, run_after=None
[2026-05-07T21:39:30.595+0000] {processor.py:183} INFO - Processing /home/airflow/.local/lib/python3.12/site-packages/airflow/example_dags/example_time_delta_sensor_async.py took 0.085 seconds
[2026-05-07T21:40:00.832+0000] {processor.py:161} INFO - Started process (PID=9553) to work on /home/airflow/.local/lib/python3.12/site-packages/airflow/example_dags/example_time_delta_sensor_async.py
[2026-05-07T21:40:00.833+0000] {processor.py:830} INFO - Processing file /home/airflow/.local/lib/python3.12/site-packages/airflow/example_dags/example_time_delta_sensor_async.py for tasks to queue
[2026-05-07T21:40:00.835+0000] {logging_mixin.py:188} INFO - [2026-05-07T21:40:00.835+0000] {dagbag.py:545} INFO - Filling up the DagBag from /home/airflow/.local/lib/python3.12/site-packages/airflow/example_dags/example_time_delta_sensor_async.py
[2026-05-07T21:40:00.841+0000] {processor.py:840} INFO - DAG(s) 'example_time_delta_sensor_async' retrieved from /home/airflow/.local/lib/python3.12/site-packages/airflow/example_dags/example_time_delta_sensor_async.py
[2026-05-07T21:40:00.865+0000] {logging_mixin.py:188} INFO - [2026-05-07T21:40:00.865+0000] {dag.py:3096} INFO - Sync 1 DAGs
[2026-05-07T21:40:00.876+0000] {logging_mixin.py:188} INFO - [2026-05-07T21:40:00.876+0000] {dag.py:3954} INFO - Setting next_dagrun for example_time_delta_sensor_async to None, run_after=None
[2026-05-07T21:40:00.899+0000] {processor.py:183} INFO - Processing /home/airflow/.local/lib/python3.12/site-packages/airflow/example_dags/example_time_delta_sensor_async.py took 0.073 seconds
[2026-05-07T21:40:31.263+0000] {processor.py:161} INFO - Started process (PID=9611) to work on /home/airflow/.local/lib/python3.12/site-packages/airflow/example_dags/example_time_delta_sensor_async.py
[2026-05-07T21:40:31.264+0000] {processor.py:830} INFO - Processing file /home/airflow/.local/lib/python3.12/site-packages/airflow/example_dags/example_time_delta_sensor_async.py for tasks to queue
[2026-05-07T21:40:31.267+0000] {logging_mixin.py:188} INFO - [2026-05-07T21:40:31.266+0000] {dagbag.py:545} INFO - Filling up the DagBag from /home/airflow/.local/lib/python3.12/site-packages/airflow/example_dags/example_time_delta_sensor_async.py
[2026-05-07T21:40:31.272+0000] {processor.py:840} INFO - DAG(s) 'example_time_delta_sensor_async' retrieved from /home/airflow/.local/lib/python3.12/site-packages/airflow/example_dags/example_time_delta_sensor_async.py
[2026-05-07T21:40:31.296+0000] {logging_mixin.py:188} INFO - [2026-05-07T21:40:31.296+0000] {dag.py:3096} INFO - Sync 1 DAGs
[2026-05-07T21:40:31.308+0000] {logging_mixin.py:188} INFO - [2026-05-07T21:40:31.308+0000] {dag.py:3954} INFO - Setting next_dagrun for example_time_delta_sensor_async to None, run_after=None
[2026-05-07T21:40:31.333+0000] {processor.py:183} INFO - Processing /home/airflow/.local/lib/python3.12/site-packages/airflow/example_dags/example_time_delta_sensor_async.py took 0.075 seconds
[2026-05-07T21:41:01.447+0000] {processor.py:161} INFO - Started process (PID=9669) to work on /home/airflow/.local/lib/python3.12/site-packages/airflow/example_dags/example_time_delta_sensor_async.py
[2026-05-07T21:41:01.449+0000] {processor.py:830} INFO - Processing file /home/airflow/.local/lib/python3.12/site-packages/airflow/example_dags/example_time_delta_sensor_async.py for tasks to queue
[2026-05-07T21:41:01.451+0000] {logging_mixin.py:188} INFO - [2026-05-07T21:41:01.451+0000] {dagbag.py:545} INFO - Filling up the DagBag from /home/airflow/.local/lib/python3.12/site-packages/airflow/example_dags/example_time_delta_sensor_async.py
[2026-05-07T21:41:01.457+0000] {processor.py:840} INFO - DAG(s) 'example_time_delta_sensor_async' retrieved from /home/airflow/.local/lib/python3.12/site-packages/airflow/example_dags/example_time_delta_sensor_async.py
[2026-05-07T21:41:01.481+0000] {logging_mixin.py:188} INFO - [2026-05-07T21:41:01.481+0000] {dag.py:3096} INFO - Sync 1 DAGs
[2026-05-07T21:41:01.494+0000] {logging_mixin.py:188} INFO - [2026-05-07T21:41:01.494+0000] {dag.py:3954} INFO - Setting next_dagrun for example_time_delta_sensor_async to None, run_after=None
[2026-05-07T21:41:01.516+0000] {processor.py:183} INFO - Processing /home/airflow/.local/lib/python3.12/site-packages/airflow/example_dags/example_time_delta_sensor_async.py took 0.074 seconds
[2026-05-07T21:41:31.959+0000] {processor.py:161} INFO - Started process (PID=9727) to work on /home/airflow/.local/lib/python3.12/site-packages/airflow/example_dags/example_time_delta_sensor_async.py
[2026-05-07T21:41:31.961+0000] {processor.py:830} INFO - Processing file /home/airflow/.local/lib/python3.12/site-packages/airflow/example_dags/example_time_delta_sensor_async.py for tasks to queue
[2026-05-07T21:41:31.965+0000] {logging_mixin.py:188} INFO - [2026-05-07T21:41:31.965+0000] {dagbag.py:545} INFO - Filling up the DagBag from /home/airflow/.local/lib/python3.12/site-packages/airflow/example_dags/example_time_delta_sensor_async.py
[2026-05-07T21:41:31.971+0000] {processor.py:840} INFO - DAG(s) 'example_time_delta_sensor_async' retrieved from /home/airflow/.local/lib/python3.12/site-packages/airflow/example_dags/example_time_delta_sensor_async.py
[2026-05-07T21:41:32.001+0000] {logging_mixin.py:188} INFO - [2026-05-07T21:41:32.001+0000] {dag.py:3096} INFO - Sync 1 DAGs
[2026-05-07T21:41:32.016+0000] {logging_mixin.py:188} INFO - [2026-05-07T21:41:32.016+0000] {dag.py:3954} INFO - Setting next_dagrun for example_time_delta_sensor_async to None, run_after=None
[2026-05-07T21:41:32.045+0000] {processor.py:183} INFO - Processing /home/airflow/.local/lib/python3.12/site-packages/airflow/example_dags/example_time_delta_sensor_async.py took 0.092 seconds
[2026-05-07T21:42:02.252+0000] {processor.py:161} INFO - Started process (PID=9785) to work on /home/airflow/.local/lib/python3.12/site-packages/airflow/example_dags/example_time_delta_sensor_async.py
[2026-05-07T21:42:02.253+0000] {processor.py:830} INFO - Processing file /home/airflow/.local/lib/python3.12/site-packages/airflow/example_dags/example_time_delta_sensor_async.py for tasks to queue
[2026-05-07T21:42:02.256+0000] {logging_mixin.py:188} INFO - [2026-05-07T21:42:02.256+0000] {dagbag.py:545} INFO - Filling up the DagBag from /home/airflow/.local/lib/python3.12/site-packages/airflow/example_dags/example_time_delta_sensor_async.py
[2026-05-07T21:42:02.260+0000] {processor.py:840} INFO - DAG(s) 'example_time_delta_sensor_async' retrieved from /home/airflow/.local/lib/python3.12/site-packages/airflow/example_dags/example_time_delta_sensor_async.py
[2026-05-07T21:42:02.281+0000] {logging_mixin.py:188} INFO - [2026-05-07T21:42:02.281+0000] {dag.py:3096} INFO - Sync 1 DAGs
[2026-05-07T21:42:02.296+0000] {logging_mixin.py:188} INFO - [2026-05-07T21:42:02.296+0000] {dag.py:3954} INFO - Setting next_dagrun for example_time_delta_sensor_async to None, run_after=None
[2026-05-07T21:42:02.319+0000] {processor.py:183} INFO - Processing /home/airflow/.local/lib/python3.12/site-packages/airflow/example_dags/example_time_delta_sensor_async.py took 0.072 seconds
[2026-05-07T21:42:32.768+0000] {processor.py:161} INFO - Started process (PID=9843) to work on /home/airflow/.local/lib/python3.12/site-packages/airflow/example_dags/example_time_delta_sensor_async.py
[2026-05-07T21:42:32.770+0000] {processor.py:830} INFO - Processing file /home/airflow/.local/lib/python3.12/site-packages/airflow/example_dags/example_time_delta_sensor_async.py for tasks to queue
[2026-05-07T21:42:32.774+0000] {logging_mixin.py:188} INFO - [2026-05-07T21:42:32.773+0000] {dagbag.py:545} INFO - Filling up the DagBag from /home/airflow/.local/lib/python3.12/site-packages/airflow/example_dags/example_time_delta_sensor_async.py
[2026-05-07T21:42:32.784+0000] {processor.py:840} INFO - DAG(s) 'example_time_delta_sensor_async' retrieved from /home/airflow/.local/lib/python3.12/site-packages/airflow/example_dags/example_time_delta_sensor_async.py
[2026-05-07T21:42:32.836+0000] {logging_mixin.py:188} INFO - [2026-05-07T21:42:32.835+0000] {dag.py:3096} INFO - Sync 1 DAGs
[2026-05-07T21:42:32.865+0000] {logging_mixin.py:188} INFO - [2026-05-07T21:42:32.865+0000] {dag.py:3954} INFO - Setting next_dagrun for example_time_delta_sensor_async to None, run_after=None
[2026-05-07T21:42:32.902+0000] {processor.py:183} INFO - Processing /home/airflow/.local/lib/python3.12/site-packages/airflow/example_dags/example_time_delta_sensor_async.py took 0.141 seconds
[2026-05-07T21:43:03.257+0000] {processor.py:161} INFO - Started process (PID=9901) to work on /home/airflow/.local/lib/python3.12/site-packages/airflow/example_dags/example_time_delta_sensor_async.py
[2026-05-07T21:43:03.259+0000] {processor.py:830} INFO - Processing file /home/airflow/.local/lib/python3.12/site-packages/airflow/example_dags/example_time_delta_sensor_async.py for tasks to queue
[2026-05-07T21:43:03.261+0000] {logging_mixin.py:188} INFO - [2026-05-07T21:43:03.261+0000] {dagbag.py:545} INFO - Filling up the DagBag from /home/airflow/.local/lib/python3.12/site-packages/airflow/example_dags/example_time_delta_sensor_async.py
[2026-05-07T21:43:03.266+0000] {processor.py:840} INFO - DAG(s) 'example_time_delta_sensor_async' retrieved from /home/airflow/.local/lib/python3.12/site-packages/airflow/example_dags/example_time_delta_sensor_async.py
[2026-05-07T21:43:03.288+0000] {logging_mixin.py:188} INFO - [2026-05-07T21:43:03.288+0000] {dag.py:3096} INFO - Sync 1 DAGs
[2026-05-07T21:43:03.302+0000] {logging_mixin.py:188} INFO - [2026-05-07T21:43:03.302+0000] {dag.py:3954} INFO - Setting next_dagrun for example_time_delta_sensor_async to None, run_after=None
[2026-05-07T21:43:03.324+0000] {processor.py:183} INFO - Processing /home/airflow/.local/lib/python3.12/site-packages/airflow/example_dags/example_time_delta_sensor_async.py took 0.072 seconds
[2026-05-07T21:43:33.962+0000] {processor.py:161} INFO - Started process (PID=9959) to work on /home/airflow/.local/lib/python3.12/site-packages/airflow/example_dags/example_time_delta_sensor_async.py
[2026-05-07T21:43:33.963+0000] {processor.py:830} INFO - Processing file /home/airflow/.local/lib/python3.12/site-packages/airflow/example_dags/example_time_delta_sensor_async.py for tasks to queue
[2026-05-07T21:43:33.966+0000] {logging_mixin.py:188} INFO - [2026-05-07T21:43:33.965+0000] {dagbag.py:545} INFO - Filling up the DagBag from /home/airflow/.local/lib/python3.12/site-packages/airflow/example_dags/example_time_delta_sensor_async.py
[2026-05-07T21:43:33.970+0000] {processor.py:840} INFO - DAG(s) 'example_time_delta_sensor_async' retrieved from /home/airflow/.local/lib/python3.12/site-packages/airflow/example_dags/example_time_delta_sensor_async.py
[2026-05-07T21:43:33.992+0000] {logging_mixin.py:188} INFO - [2026-05-07T21:43:33.992+0000] {dag.py:3096} INFO - Sync 1 DAGs
[2026-05-07T21:43:34.005+0000] {logging_mixin.py:188} INFO - [2026-05-07T21:43:34.005+0000] {dag.py:3954} INFO - Setting next_dagrun for example_time_delta_sensor_async to None, run_after=None
[2026-05-07T21:43:34.028+0000] {processor.py:183} INFO - Processing /home/airflow/.local/lib/python3.12/site-packages/airflow/example_dags/example_time_delta_sensor_async.py took 0.071 seconds
[2026-05-07T21:44:04.694+0000] {processor.py:161} INFO - Started process (PID=10017) to work on /home/airflow/.local/lib/python3.12/site-packages/airflow/example_dags/example_time_delta_sensor_async.py
[2026-05-07T21:44:04.696+0000] {processor.py:830} INFO - Processing file /home/airflow/.local/lib/python3.12/site-packages/airflow/example_dags/example_time_delta_sensor_async.py for tasks to queue
[2026-05-07T21:44:04.698+0000] {logging_mixin.py:188} INFO - [2026-05-07T21:44:04.698+0000] {dagbag.py:545} INFO - Filling up the DagBag from /home/airflow/.local/lib/python3.12/site-packages/airflow/example_dags/example_time_delta_sensor_async.py
[2026-05-07T21:44:04.703+0000] {processor.py:840} INFO - DAG(s) 'example_time_delta_sensor_async' retrieved from /home/airflow/.local/lib/python3.12/site-packages/airflow/example_dags/example_time_delta_sensor_async.py
[2026-05-07T21:44:04.727+0000] {logging_mixin.py:188} INFO - [2026-05-07T21:44:04.727+0000] {dag.py:3096} INFO - Sync 1 DAGs
[2026-05-07T21:44:04.739+0000] {logging_mixin.py:188} INFO - [2026-05-07T21:44:04.739+0000] {dag.py:3954} INFO - Setting next_dagrun for example_time_delta_sensor_async to None, run_after=None
[2026-05-07T21:44:04.762+0000] {processor.py:183} INFO - Processing /home/airflow/.local/lib/python3.12/site-packages/airflow/example_dags/example_time_delta_sensor_async.py took 0.072 seconds
[2026-05-07T21:44:35.474+0000] {processor.py:161} INFO - Started process (PID=10075) to work on /home/airflow/.local/lib/python3.12/site-packages/airflow/example_dags/example_time_delta_sensor_async.py
[2026-05-07T21:44:35.476+0000] {processor.py:830} INFO - Processing file /home/airflow/.local/lib/python3.12/site-packages/airflow/example_dags/example_time_delta_sensor_async.py for tasks to queue
[2026-05-07T21:44:35.478+0000] {logging_mixin.py:188} INFO - [2026-05-07T21:44:35.478+0000] {dagbag.py:545} INFO - Filling up the DagBag from /home/airflow/.local/lib/python3.12/site-packages/airflow/example_dags/example_time_delta_sensor_async.py
[2026-05-07T21:44:35.483+0000] {processor.py:840} INFO - DAG(s) 'example_time_delta_sensor_async' retrieved from /home/airflow/.local/lib/python3.12/site-packages/airflow/example_dags/example_time_delta_sensor_async.py
[2026-05-07T21:44:35.504+0000] {logging_mixin.py:188} INFO - [2026-05-07T21:44:35.504+0000] {dag.py:3096} INFO - Sync 1 DAGs
[2026-05-07T21:44:35.516+0000] {logging_mixin.py:188} INFO - [2026-05-07T21:44:35.516+0000] {dag.py:3954} INFO - Setting next_dagrun for example_time_delta_sensor_async to None, run_after=None
[2026-05-07T21:44:35.537+0000] {processor.py:183} INFO - Processing /home/airflow/.local/lib/python3.12/site-packages/airflow/example_dags/example_time_delta_sensor_async.py took 0.068 seconds
[2026-05-07T21:45:05.772+0000] {processor.py:161} INFO - Started process (PID=10133) to work on /home/airflow/.local/lib/python3.12/site-packages/airflow/example_dags/example_time_delta_sensor_async.py
[2026-05-07T21:45:05.773+0000] {processor.py:830} INFO - Processing file /home/airflow/.local/lib/python3.12/site-packages/airflow/example_dags/example_time_delta_sensor_async.py for tasks to queue
[2026-05-07T21:45:05.775+0000] {logging_mixin.py:188} INFO - [2026-05-07T21:45:05.775+0000] {dagbag.py:545} INFO - Filling up the DagBag from /home/airflow/.local/lib/python3.12/site-packages/airflow/example_dags/example_time_delta_sensor_async.py
[2026-05-07T21:45:05.780+0000] {processor.py:840} INFO - DAG(s) 'example_time_delta_sensor_async' retrieved from /home/airflow/.local/lib/python3.12/site-packages/airflow/example_dags/example_time_delta_sensor_async.py
[2026-05-07T21:45:05.809+0000] {logging_mixin.py:188} INFO - [2026-05-07T21:45:05.808+0000] {dag.py:3096} INFO - Sync 1 DAGs
[2026-05-07T21:45:05.822+0000] {logging_mixin.py:188} INFO - [2026-05-07T21:45:05.822+0000] {dag.py:3954} INFO - Setting next_dagrun for example_time_delta_sensor_async to None, run_after=None
[2026-05-07T21:45:05.845+0000] {processor.py:183} INFO - Processing /home/airflow/.local/lib/python3.12/site-packages/airflow/example_dags/example_time_delta_sensor_async.py took 0.078 seconds
[2026-05-07T21:45:35.963+0000] {processor.py:161} INFO - Started process (PID=10191) to work on /home/airflow/.local/lib/python3.12/site-packages/airflow/example_dags/example_time_delta_sensor_async.py
[2026-05-07T21:45:35.964+0000] {processor.py:830} INFO - Processing file /home/airflow/.local/lib/python3.12/site-packages/airflow/example_dags/example_time_delta_sensor_async.py for tasks to queue
[2026-05-07T21:45:35.967+0000] {logging_mixin.py:188} INFO - [2026-05-07T21:45:35.967+0000] {dagbag.py:545} INFO - Filling up the DagBag from /home/airflow/.local/lib/python3.12/site-packages/airflow/example_dags/example_time_delta_sensor_async.py
[2026-05-07T21:45:35.976+0000] {processor.py:840} INFO - DAG(s) 'example_time_delta_sensor_async' retrieved from /home/airflow/.local/lib/python3.12/site-packages/airflow/example_dags/example_time_delta_sensor_async.py
[2026-05-07T21:45:36.000+0000] {logging_mixin.py:188} INFO - [2026-05-07T21:45:36.000+0000] {dag.py:3096} INFO - Sync 1 DAGs
[2026-05-07T21:45:36.016+0000] {logging_mixin.py:188} INFO - [2026-05-07T21:45:36.016+0000] {dag.py:3954} INFO - Setting next_dagrun for example_time_delta_sensor_async to None, run_after=None
[2026-05-07T21:45:36.041+0000] {processor.py:183} INFO - Processing /home/airflow/.local/lib/python3.12/site-packages/airflow/example_dags/example_time_delta_sensor_async.py took 0.084 seconds
[2026-05-07T21:46:06.637+0000] {processor.py:161} INFO - Started process (PID=10249) to work on /home/airflow/.local/lib/python3.12/site-packages/airflow/example_dags/example_time_delta_sensor_async.py
[2026-05-07T21:46:06.639+0000] {processor.py:830} INFO - Processing file /home/airflow/.local/lib/python3.12/site-packages/airflow/example_dags/example_time_delta_sensor_async.py for tasks to queue
[2026-05-07T21:46:06.642+0000] {logging_mixin.py:188} INFO - [2026-05-07T21:46:06.642+0000] {dagbag.py:545} INFO - Filling up the DagBag from /home/airflow/.local/lib/python3.12/site-packages/airflow/example_dags/example_time_delta_sensor_async.py
[2026-05-07T21:46:06.648+0000] {processor.py:840} INFO - DAG(s) 'example_time_delta_sensor_async' retrieved from /home/airflow/.local/lib/python3.12/site-packages/airflow/example_dags/example_time_delta_sensor_async.py
[2026-05-07T21:46:06.676+0000] {logging_mixin.py:188} INFO - [2026-05-07T21:46:06.676+0000] {dag.py:3096} INFO - Sync 1 DAGs
[2026-05-07T21:46:06.693+0000] {logging_mixin.py:188} INFO - [2026-05-07T21:46:06.693+0000] {dag.py:3954} INFO - Setting next_dagrun for example_time_delta_sensor_async to None, run_after=None
[2026-05-07T21:46:06.724+0000] {processor.py:183} INFO - Processing /home/airflow/.local/lib/python3.12/site-packages/airflow/example_dags/example_time_delta_sensor_async.py took 0.093 seconds
[2026-05-07T21:46:36.881+0000] {processor.py:161} INFO - Started process (PID=10307) to work on /home/airflow/.local/lib/python3.12/site-packages/airflow/example_dags/example_time_delta_sensor_async.py
[2026-05-07T21:46:36.883+0000] {processor.py:830} INFO - Processing file /home/airflow/.local/lib/python3.12/site-packages/airflow/example_dags/example_time_delta_sensor_async.py for tasks to queue
[2026-05-07T21:46:36.888+0000] {logging_mixin.py:188} INFO - [2026-05-07T21:46:36.887+0000] {dagbag.py:545} INFO - Filling up the DagBag from /home/airflow/.local/lib/python3.12/site-packages/airflow/example_dags/example_time_delta_sensor_async.py
[2026-05-07T21:46:36.894+0000] {processor.py:840} INFO - DAG(s) 'example_time_delta_sensor_async' retrieved from /home/airflow/.local/lib/python3.12/site-packages/airflow/example_dags/example_time_delta_sensor_async.py
[2026-05-07T21:46:36.943+0000] {logging_mixin.py:188} INFO - [2026-05-07T21:46:36.942+0000] {dag.py:3096} INFO - Sync 1 DAGs
[2026-05-07T21:46:36.968+0000] {logging_mixin.py:188} INFO - [2026-05-07T21:46:36.968+0000] {dag.py:3954} INFO - Setting next_dagrun for example_time_delta_sensor_async to None, run_after=None
[2026-05-07T21:46:37.010+0000] {processor.py:183} INFO - Processing /home/airflow/.local/lib/python3.12/site-packages/airflow/example_dags/example_time_delta_sensor_async.py took 0.143 seconds
[2026-05-07T21:47:08.021+0000] {processor.py:161} INFO - Started process (PID=10365) to work on /home/airflow/.local/lib/python3.12/site-packages/airflow/example_dags/example_time_delta_sensor_async.py
[2026-05-07T21:47:08.022+0000] {processor.py:830} INFO - Processing file /home/airflow/.local/lib/python3.12/site-packages/airflow/example_dags/example_time_delta_sensor_async.py for tasks to queue
[2026-05-07T21:47:08.025+0000] {logging_mixin.py:188} INFO - [2026-05-07T21:47:08.025+0000] {dagbag.py:545} INFO - Filling up the DagBag from /home/airflow/.local/lib/python3.12/site-packages/airflow/example_dags/example_time_delta_sensor_async.py
[2026-05-07T21:47:08.031+0000] {processor.py:840} INFO - DAG(s) 'example_time_delta_sensor_async' retrieved from /home/airflow/.local/lib/python3.12/site-packages/airflow/example_dags/example_time_delta_sensor_async.py
[2026-05-07T21:47:08.066+0000] {logging_mixin.py:188} INFO - [2026-05-07T21:47:08.065+0000] {dag.py:3096} INFO - Sync 1 DAGs
[2026-05-07T21:47:08.086+0000] {logging_mixin.py:188} INFO - [2026-05-07T21:47:08.085+0000] {dag.py:3954} INFO - Setting next_dagrun for example_time_delta_sensor_async to None, run_after=None
[2026-05-07T21:47:08.114+0000] {processor.py:183} INFO - Processing /home/airflow/.local/lib/python3.12/site-packages/airflow/example_dags/example_time_delta_sensor_async.py took 0.102 seconds
[2026-05-07T21:47:38.535+0000] {processor.py:161} INFO - Started process (PID=10423) to work on /home/airflow/.local/lib/python3.12/site-packages/airflow/example_dags/example_time_delta_sensor_async.py
[2026-05-07T21:47:38.536+0000] {processor.py:830} INFO - Processing file /home/airflow/.local/lib/python3.12/site-packages/airflow/example_dags/example_time_delta_sensor_async.py for tasks to queue
[2026-05-07T21:47:38.541+0000] {logging_mixin.py:188} INFO - [2026-05-07T21:47:38.541+0000] {dagbag.py:545} INFO - Filling up the DagBag from /home/airflow/.local/lib/python3.12/site-packages/airflow/example_dags/example_time_delta_sensor_async.py
[2026-05-07T21:47:38.546+0000] {processor.py:840} INFO - DAG(s) 'example_time_delta_sensor_async' retrieved from /home/airflow/.local/lib/python3.12/site-packages/airflow/example_dags/example_time_delta_sensor_async.py
[2026-05-07T21:47:38.575+0000] {logging_mixin.py:188} INFO - [2026-05-07T21:47:38.575+0000] {dag.py:3096} INFO - Sync 1 DAGs
[2026-05-07T21:47:38.588+0000] {logging_mixin.py:188} INFO - [2026-05-07T21:47:38.588+0000] {dag.py:3954} INFO - Setting next_dagrun for example_time_delta_sensor_async to None, run_after=None
[2026-05-07T21:47:38.613+0000] {processor.py:183} INFO - Processing /home/airflow/.local/lib/python3.12/site-packages/airflow/example_dags/example_time_delta_sensor_async.py took 0.084 seconds
[2026-05-07T21:48:08.680+0000] {processor.py:161} INFO - Started process (PID=10481) to work on /home/airflow/.local/lib/python3.12/site-packages/airflow/example_dags/example_time_delta_sensor_async.py
[2026-05-07T21:48:08.682+0000] {processor.py:830} INFO - Processing file /home/airflow/.local/lib/python3.12/site-packages/airflow/example_dags/example_time_delta_sensor_async.py for tasks to queue
[2026-05-07T21:48:08.684+0000] {logging_mixin.py:188} INFO - [2026-05-07T21:48:08.684+0000] {dagbag.py:545} INFO - Filling up the DagBag from /home/airflow/.local/lib/python3.12/site-packages/airflow/example_dags/example_time_delta_sensor_async.py
[2026-05-07T21:48:08.690+0000] {processor.py:840} INFO - DAG(s) 'example_time_delta_sensor_async' retrieved from /home/airflow/.local/lib/python3.12/site-packages/airflow/example_dags/example_time_delta_sensor_async.py
[2026-05-07T21:48:08.715+0000] {logging_mixin.py:188} INFO - [2026-05-07T21:48:08.714+0000] {dag.py:3096} INFO - Sync 1 DAGs
[2026-05-07T21:48:08.727+0000] {logging_mixin.py:188} INFO - [2026-05-07T21:48:08.727+0000] {dag.py:3954} INFO - Setting next_dagrun for example_time_delta_sensor_async to None, run_after=None
[2026-05-07T21:48:08.751+0000] {processor.py:183} INFO - Processing /home/airflow/.local/lib/python3.12/site-packages/airflow/example_dags/example_time_delta_sensor_async.py took 0.077 seconds
[2026-05-07T21:48:38.941+0000] {processor.py:161} INFO - Started process (PID=10539) to work on /home/airflow/.local/lib/python3.12/site-packages/airflow/example_dags/example_time_delta_sensor_async.py
[2026-05-07T21:48:38.943+0000] {processor.py:830} INFO - Processing file /home/airflow/.local/lib/python3.12/site-packages/airflow/example_dags/example_time_delta_sensor_async.py for tasks to queue
[2026-05-07T21:48:38.945+0000] {logging_mixin.py:188} INFO - [2026-05-07T21:48:38.945+0000] {dagbag.py:545} INFO - Filling up the DagBag from /home/airflow/.local/lib/python3.12/site-packages/airflow/example_dags/example_time_delta_sensor_async.py
[2026-05-07T21:48:38.951+0000] {processor.py:840} INFO - DAG(s) 'example_time_delta_sensor_async' retrieved from /home/airflow/.local/lib/python3.12/site-packages/airflow/example_dags/example_time_delta_sensor_async.py
[2026-05-07T21:48:38.976+0000] {logging_mixin.py:188} INFO - [2026-05-07T21:48:38.976+0000] {dag.py:3096} INFO - Sync 1 DAGs
[2026-05-07T21:48:38.987+0000] {logging_mixin.py:188} INFO - [2026-05-07T21:48:38.987+0000] {dag.py:3954} INFO - Setting next_dagrun for example_time_delta_sensor_async to None, run_after=None
[2026-05-07T21:48:39.011+0000] {processor.py:183} INFO - Processing /home/airflow/.local/lib/python3.12/site-packages/airflow/example_dags/example_time_delta_sensor_async.py took 0.075 seconds
[2026-05-07T21:49:09.089+0000] {processor.py:161} INFO - Started process (PID=10597) to work on /home/airflow/.local/lib/python3.12/site-packages/airflow/example_dags/example_time_delta_sensor_async.py
[2026-05-07T21:49:09.091+0000] {processor.py:830} INFO - Processing file /home/airflow/.local/lib/python3.12/site-packages/airflow/example_dags/example_time_delta_sensor_async.py for tasks to queue
[2026-05-07T21:49:09.093+0000] {logging_mixin.py:188} INFO - [2026-05-07T21:49:09.093+0000] {dagbag.py:545} INFO - Filling up the DagBag from /home/airflow/.local/lib/python3.12/site-packages/airflow/example_dags/example_time_delta_sensor_async.py
[2026-05-07T21:49:09.097+0000] {processor.py:840} INFO - DAG(s) 'example_time_delta_sensor_async' retrieved from /home/airflow/.local/lib/python3.12/site-packages/airflow/example_dags/example_time_delta_sensor_async.py
[2026-05-07T21:49:09.122+0000] {logging_mixin.py:188} INFO - [2026-05-07T21:49:09.122+0000] {dag.py:3096} INFO - Sync 1 DAGs
[2026-05-07T21:49:09.134+0000] {logging_mixin.py:188} INFO - [2026-05-07T21:49:09.134+0000] {dag.py:3954} INFO - Setting next_dagrun for example_time_delta_sensor_async to None, run_after=None
[2026-05-07T21:49:09.158+0000] {processor.py:183} INFO - Processing /home/airflow/.local/lib/python3.12/site-packages/airflow/example_dags/example_time_delta_sensor_async.py took 0.075 seconds
[2026-05-07T21:49:39.466+0000] {processor.py:161} INFO - Started process (PID=10655) to work on /home/airflow/.local/lib/python3.12/site-packages/airflow/example_dags/example_time_delta_sensor_async.py
[2026-05-07T21:49:39.467+0000] {processor.py:830} INFO - Processing file /home/airflow/.local/lib/python3.12/site-packages/airflow/example_dags/example_time_delta_sensor_async.py for tasks to queue
[2026-05-07T21:49:39.469+0000] {logging_mixin.py:188} INFO - [2026-05-07T21:49:39.469+0000] {dagbag.py:545} INFO - Filling up the DagBag from /home/airflow/.local/lib/python3.12/site-packages/airflow/example_dags/example_time_delta_sensor_async.py
[2026-05-07T21:49:39.474+0000] {processor.py:840} INFO - DAG(s) 'example_time_delta_sensor_async' retrieved from /home/airflow/.local/lib/python3.12/site-packages/airflow/example_dags/example_time_delta_sensor_async.py
[2026-05-07T21:49:39.502+0000] {logging_mixin.py:188} INFO - [2026-05-07T21:49:39.501+0000] {dag.py:3096} INFO - Sync 1 DAGs
[2026-05-07T21:49:39.514+0000] {logging_mixin.py:188} INFO - [2026-05-07T21:49:39.513+0000] {dag.py:3954} INFO - Setting next_dagrun for example_time_delta_sensor_async to None, run_after=None
[2026-05-07T21:49:39.535+0000] {processor.py:183} INFO - Processing /home/airflow/.local/lib/python3.12/site-packages/airflow/example_dags/example_time_delta_sensor_async.py took 0.074 seconds
[2026-05-07T21:50:09.903+0000] {processor.py:161} INFO - Started process (PID=10713) to work on /home/airflow/.local/lib/python3.12/site-packages/airflow/example_dags/example_time_delta_sensor_async.py
[2026-05-07T21:50:09.905+0000] {processor.py:830} INFO - Processing file /home/airflow/.local/lib/python3.12/site-packages/airflow/example_dags/example_time_delta_sensor_async.py for tasks to queue
[2026-05-07T21:50:09.907+0000] {logging_mixin.py:188} INFO - [2026-05-07T21:50:09.907+0000] {dagbag.py:545} INFO - Filling up the DagBag from /home/airflow/.local/lib/python3.12/site-packages/airflow/example_dags/example_time_delta_sensor_async.py
[2026-05-07T21:50:09.913+0000] {processor.py:840} INFO - DAG(s) 'example_time_delta_sensor_async' retrieved from /home/airflow/.local/lib/python3.12/site-packages/airflow/example_dags/example_time_delta_sensor_async.py
[2026-05-07T21:50:09.936+0000] {logging_mixin.py:188} INFO - [2026-05-07T21:50:09.936+0000] {dag.py:3096} INFO - Sync 1 DAGs
[2026-05-07T21:50:09.949+0000] {logging_mixin.py:188} INFO - [2026-05-07T21:50:09.949+0000] {dag.py:3954} INFO - Setting next_dagrun for example_time_delta_sensor_async to None, run_after=None
[2026-05-07T21:50:09.974+0000] {processor.py:183} INFO - Processing /home/airflow/.local/lib/python3.12/site-packages/airflow/example_dags/example_time_delta_sensor_async.py took 0.076 seconds
[2026-05-07T21:50:40.055+0000] {processor.py:161} INFO - Started process (PID=10771) to work on /home/airflow/.local/lib/python3.12/site-packages/airflow/example_dags/example_time_delta_sensor_async.py
[2026-05-07T21:50:40.057+0000] {processor.py:830} INFO - Processing file /home/airflow/.local/lib/python3.12/site-packages/airflow/example_dags/example_time_delta_sensor_async.py for tasks to queue
[2026-05-07T21:50:40.060+0000] {logging_mixin.py:188} INFO - [2026-05-07T21:50:40.060+0000] {dagbag.py:545} INFO - Filling up the DagBag from /home/airflow/.local/lib/python3.12/site-packages/airflow/example_dags/example_time_delta_sensor_async.py
[2026-05-07T21:50:40.066+0000] {processor.py:840} INFO - DAG(s) 'example_time_delta_sensor_async' retrieved from /home/airflow/.local/lib/python3.12/site-packages/airflow/example_dags/example_time_delta_sensor_async.py
[2026-05-07T21:50:40.095+0000] {logging_mixin.py:188} INFO - [2026-05-07T21:50:40.094+0000] {dag.py:3096} INFO - Sync 1 DAGs
[2026-05-07T21:50:40.111+0000] {logging_mixin.py:188} INFO - [2026-05-07T21:50:40.110+0000] {dag.py:3954} INFO - Setting next_dagrun for example_time_delta_sensor_async to None, run_after=None
[2026-05-07T21:50:40.141+0000] {processor.py:183} INFO - Processing /home/airflow/.local/lib/python3.12/site-packages/airflow/example_dags/example_time_delta_sensor_async.py took 0.094 seconds
[2026-05-07T21:51:10.765+0000] {processor.py:161} INFO - Started process (PID=10829) to work on /home/airflow/.local/lib/python3.12/site-packages/airflow/example_dags/example_time_delta_sensor_async.py
[2026-05-07T21:51:10.766+0000] {processor.py:830} INFO - Processing file /home/airflow/.local/lib/python3.12/site-packages/airflow/example_dags/example_time_delta_sensor_async.py for tasks to queue
[2026-05-07T21:51:10.768+0000] {logging_mixin.py:188} INFO - [2026-05-07T21:51:10.768+0000] {dagbag.py:545} INFO - Filling up the DagBag from /home/airflow/.local/lib/python3.12/site-packages/airflow/example_dags/example_time_delta_sensor_async.py
[2026-05-07T21:51:10.773+0000] {processor.py:840} INFO - DAG(s) 'example_time_delta_sensor_async' retrieved from /home/airflow/.local/lib/python3.12/site-packages/airflow/example_dags/example_time_delta_sensor_async.py
[2026-05-07T21:51:10.799+0000] {logging_mixin.py:188} INFO - [2026-05-07T21:51:10.799+0000] {dag.py:3096} INFO - Sync 1 DAGs
[2026-05-07T21:51:10.815+0000] {logging_mixin.py:188} INFO - [2026-05-07T21:51:10.814+0000] {dag.py:3954} INFO - Setting next_dagrun for example_time_delta_sensor_async to None, run_after=None
[2026-05-07T21:51:10.842+0000] {processor.py:183} INFO - Processing /home/airflow/.local/lib/python3.12/site-packages/airflow/example_dags/example_time_delta_sensor_async.py took 0.083 seconds
[2026-05-07T21:51:41.278+0000] {processor.py:161} INFO - Started process (PID=10887) to work on /home/airflow/.local/lib/python3.12/site-packages/airflow/example_dags/example_time_delta_sensor_async.py
[2026-05-07T21:51:41.279+0000] {processor.py:830} INFO - Processing file /home/airflow/.local/lib/python3.12/site-packages/airflow/example_dags/example_time_delta_sensor_async.py for tasks to queue
[2026-05-07T21:51:41.282+0000] {logging_mixin.py:188} INFO - [2026-05-07T21:51:41.282+0000] {dagbag.py:545} INFO - Filling up the DagBag from /home/airflow/.local/lib/python3.12/site-packages/airflow/example_dags/example_time_delta_sensor_async.py
[2026-05-07T21:51:41.287+0000] {processor.py:840} INFO - DAG(s) 'example_time_delta_sensor_async' retrieved from /home/airflow/.local/lib/python3.12/site-packages/airflow/example_dags/example_time_delta_sensor_async.py
[2026-05-07T21:51:41.308+0000] {logging_mixin.py:188} INFO - [2026-05-07T21:51:41.308+0000] {dag.py:3096} INFO - Sync 1 DAGs
[2026-05-07T21:51:41.321+0000] {logging_mixin.py:188} INFO - [2026-05-07T21:51:41.321+0000] {dag.py:3954} INFO - Setting next_dagrun for example_time_delta_sensor_async to None, run_after=None
[2026-05-07T21:51:41.348+0000] {processor.py:183} INFO - Processing /home/airflow/.local/lib/python3.12/site-packages/airflow/example_dags/example_time_delta_sensor_async.py took 0.076 seconds
[2026-05-07T21:52:11.496+0000] {processor.py:161} INFO - Started process (PID=10945) to work on /home/airflow/.local/lib/python3.12/site-packages/airflow/example_dags/example_time_delta_sensor_async.py
[2026-05-07T21:52:11.498+0000] {processor.py:830} INFO - Processing file /home/airflow/.local/lib/python3.12/site-packages/airflow/example_dags/example_time_delta_sensor_async.py for tasks to queue
[2026-05-07T21:52:11.502+0000] {logging_mixin.py:188} INFO - [2026-05-07T21:52:11.501+0000] {dagbag.py:545} INFO - Filling up the DagBag from /home/airflow/.local/lib/python3.12/site-packages/airflow/example_dags/example_time_delta_sensor_async.py
[2026-05-07T21:52:11.506+0000] {processor.py:840} INFO - DAG(s) 'example_time_delta_sensor_async' retrieved from /home/airflow/.local/lib/python3.12/site-packages/airflow/example_dags/example_time_delta_sensor_async.py
[2026-05-07T21:52:11.530+0000] {logging_mixin.py:188} INFO - [2026-05-07T21:52:11.530+0000] {dag.py:3096} INFO - Sync 1 DAGs
[2026-05-07T21:52:11.544+0000] {logging_mixin.py:188} INFO - [2026-05-07T21:52:11.544+0000] {dag.py:3954} INFO - Setting next_dagrun for example_time_delta_sensor_async to None, run_after=None
[2026-05-07T21:52:11.576+0000] {processor.py:183} INFO - Processing /home/airflow/.local/lib/python3.12/site-packages/airflow/example_dags/example_time_delta_sensor_async.py took 0.086 seconds
[2026-05-07T21:52:41.717+0000] {processor.py:161} INFO - Started process (PID=11003) to work on /home/airflow/.local/lib/python3.12/site-packages/airflow/example_dags/example_time_delta_sensor_async.py
[2026-05-07T21:52:41.718+0000] {processor.py:830} INFO - Processing file /home/airflow/.local/lib/python3.12/site-packages/airflow/example_dags/example_time_delta_sensor_async.py for tasks to queue
[2026-05-07T21:52:41.721+0000] {logging_mixin.py:188} INFO - [2026-05-07T21:52:41.721+0000] {dagbag.py:545} INFO - Filling up the DagBag from /home/airflow/.local/lib/python3.12/site-packages/airflow/example_dags/example_time_delta_sensor_async.py
[2026-05-07T21:52:41.726+0000] {processor.py:840} INFO - DAG(s) 'example_time_delta_sensor_async' retrieved from /home/airflow/.local/lib/python3.12/site-packages/airflow/example_dags/example_time_delta_sensor_async.py
[2026-05-07T21:52:41.750+0000] {logging_mixin.py:188} INFO - [2026-05-07T21:52:41.749+0000] {dag.py:3096} INFO - Sync 1 DAGs
[2026-05-07T21:52:41.763+0000] {logging_mixin.py:188} INFO - [2026-05-07T21:52:41.763+0000] {dag.py:3954} INFO - Setting next_dagrun for example_time_delta_sensor_async to None, run_after=None
[2026-05-07T21:52:41.791+0000] {processor.py:183} INFO - Processing /home/airflow/.local/lib/python3.12/site-packages/airflow/example_dags/example_time_delta_sensor_async.py took 0.079 seconds
[2026-05-07T21:53:12.016+0000] {processor.py:161} INFO - Started process (PID=11061) to work on /home/airflow/.local/lib/python3.12/site-packages/airflow/example_dags/example_time_delta_sensor_async.py
[2026-05-07T21:53:12.017+0000] {processor.py:830} INFO - Processing file /home/airflow/.local/lib/python3.12/site-packages/airflow/example_dags/example_time_delta_sensor_async.py for tasks to queue
[2026-05-07T21:53:12.019+0000] {logging_mixin.py:188} INFO - [2026-05-07T21:53:12.019+0000] {dagbag.py:545} INFO - Filling up the DagBag from /home/airflow/.local/lib/python3.12/site-packages/airflow/example_dags/example_time_delta_sensor_async.py
[2026-05-07T21:53:12.024+0000] {processor.py:840} INFO - DAG(s) 'example_time_delta_sensor_async' retrieved from /home/airflow/.local/lib/python3.12/site-packages/airflow/example_dags/example_time_delta_sensor_async.py
[2026-05-07T21:53:12.049+0000] {logging_mixin.py:188} INFO - [2026-05-07T21:53:12.049+0000] {dag.py:3096} INFO - Sync 1 DAGs
[2026-05-07T21:53:12.065+0000] {logging_mixin.py:188} INFO - [2026-05-07T21:53:12.065+0000] {dag.py:3954} INFO - Setting next_dagrun for example_time_delta_sensor_async to None, run_after=None
[2026-05-07T21:53:12.087+0000] {processor.py:183} INFO - Processing /home/airflow/.local/lib/python3.12/site-packages/airflow/example_dags/example_time_delta_sensor_async.py took 0.076 seconds
[2026-05-07T21:53:42.209+0000] {processor.py:161} INFO - Started process (PID=11120) to work on /home/airflow/.local/lib/python3.12/site-packages/airflow/example_dags/example_time_delta_sensor_async.py
[2026-05-07T21:53:42.211+0000] {processor.py:830} INFO - Processing file /home/airflow/.local/lib/python3.12/site-packages/airflow/example_dags/example_time_delta_sensor_async.py for tasks to queue
[2026-05-07T21:53:42.214+0000] {logging_mixin.py:188} INFO - [2026-05-07T21:53:42.213+0000] {dagbag.py:545} INFO - Filling up the DagBag from /home/airflow/.local/lib/python3.12/site-packages/airflow/example_dags/example_time_delta_sensor_async.py
[2026-05-07T21:53:42.220+0000] {processor.py:840} INFO - DAG(s) 'example_time_delta_sensor_async' retrieved from /home/airflow/.local/lib/python3.12/site-packages/airflow/example_dags/example_time_delta_sensor_async.py
[2026-05-07T21:53:42.244+0000] {logging_mixin.py:188} INFO - [2026-05-07T21:53:42.244+0000] {dag.py:3096} INFO - Sync 1 DAGs
[2026-05-07T21:53:42.264+0000] {logging_mixin.py:188} INFO - [2026-05-07T21:53:42.263+0000] {dag.py:3954} INFO - Setting next_dagrun for example_time_delta_sensor_async to None, run_after=None
[2026-05-07T21:53:42.318+0000] {processor.py:183} INFO - Processing /home/airflow/.local/lib/python3.12/site-packages/airflow/example_dags/example_time_delta_sensor_async.py took 0.115 seconds
[2026-05-07T21:54:12.645+0000] {processor.py:161} INFO - Started process (PID=11177) to work on /home/airflow/.local/lib/python3.12/site-packages/airflow/example_dags/example_time_delta_sensor_async.py
[2026-05-07T21:54:12.647+0000] {processor.py:830} INFO - Processing file /home/airflow/.local/lib/python3.12/site-packages/airflow/example_dags/example_time_delta_sensor_async.py for tasks to queue
[2026-05-07T21:54:12.650+0000] {logging_mixin.py:188} INFO - [2026-05-07T21:54:12.649+0000] {dagbag.py:545} INFO - Filling up the DagBag from /home/airflow/.local/lib/python3.12/site-packages/airflow/example_dags/example_time_delta_sensor_async.py
[2026-05-07T21:54:12.656+0000] {processor.py:840} INFO - DAG(s) 'example_time_delta_sensor_async' retrieved from /home/airflow/.local/lib/python3.12/site-packages/airflow/example_dags/example_time_delta_sensor_async.py
[2026-05-07T21:54:12.679+0000] {logging_mixin.py:188} INFO - [2026-05-07T21:54:12.678+0000] {dag.py:3096} INFO - Sync 1 DAGs
[2026-05-07T21:54:12.690+0000] {logging_mixin.py:188} INFO - [2026-05-07T21:54:12.690+0000] {dag.py:3954} INFO - Setting next_dagrun for example_time_delta_sensor_async to None, run_after=None
[2026-05-07T21:54:12.713+0000] {processor.py:183} INFO - Processing /home/airflow/.local/lib/python3.12/site-packages/airflow/example_dags/example_time_delta_sensor_async.py took 0.073 seconds
[2026-05-07T21:54:42.870+0000] {processor.py:161} INFO - Started process (PID=11235) to work on /home/airflow/.local/lib/python3.12/site-packages/airflow/example_dags/example_time_delta_sensor_async.py
[2026-05-07T21:54:42.881+0000] {processor.py:830} INFO - Processing file /home/airflow/.local/lib/python3.12/site-packages/airflow/example_dags/example_time_delta_sensor_async.py for tasks to queue
[2026-05-07T21:54:42.882+0000] {logging_mixin.py:188} INFO - [2026-05-07T21:54:42.882+0000] {dagbag.py:545} INFO - Filling up the DagBag from /home/airflow/.local/lib/python3.12/site-packages/airflow/example_dags/example_time_delta_sensor_async.py
[2026-05-07T21:54:42.887+0000] {processor.py:840} INFO - DAG(s) 'example_time_delta_sensor_async' retrieved from /home/airflow/.local/lib/python3.12/site-packages/airflow/example_dags/example_time_delta_sensor_async.py
[2026-05-07T21:54:42.907+0000] {logging_mixin.py:188} INFO - [2026-05-07T21:54:42.906+0000] {dag.py:3096} INFO - Sync 1 DAGs
[2026-05-07T21:54:42.920+0000] {logging_mixin.py:188} INFO - [2026-05-07T21:54:42.920+0000] {dag.py:3954} INFO - Setting next_dagrun for example_time_delta_sensor_async to None, run_after=None
[2026-05-07T21:54:42.939+0000] {processor.py:183} INFO - Processing /home/airflow/.local/lib/python3.12/site-packages/airflow/example_dags/example_time_delta_sensor_async.py took 0.074 seconds
[2026-05-07T21:55:13.152+0000] {processor.py:161} INFO - Started process (PID=11293) to work on /home/airflow/.local/lib/python3.12/site-packages/airflow/example_dags/example_time_delta_sensor_async.py
[2026-05-07T21:55:13.153+0000] {processor.py:830} INFO - Processing file /home/airflow/.local/lib/python3.12/site-packages/airflow/example_dags/example_time_delta_sensor_async.py for tasks to queue
[2026-05-07T21:55:13.155+0000] {logging_mixin.py:188} INFO - [2026-05-07T21:55:13.155+0000] {dagbag.py:545} INFO - Filling up the DagBag from /home/airflow/.local/lib/python3.12/site-packages/airflow/example_dags/example_time_delta_sensor_async.py
[2026-05-07T21:55:13.161+0000] {processor.py:840} INFO - DAG(s) 'example_time_delta_sensor_async' retrieved from /home/airflow/.local/lib/python3.12/site-packages/airflow/example_dags/example_time_delta_sensor_async.py
[2026-05-07T21:55:13.186+0000] {logging_mixin.py:188} INFO - [2026-05-07T21:55:13.186+0000] {dag.py:3096} INFO - Sync 1 DAGs
[2026-05-07T21:55:13.199+0000] {logging_mixin.py:188} INFO - [2026-05-07T21:55:13.198+0000] {dag.py:3954} INFO - Setting next_dagrun for example_time_delta_sensor_async to None, run_after=None
[2026-05-07T21:55:13.229+0000] {processor.py:183} INFO - Processing /home/airflow/.local/lib/python3.12/site-packages/airflow/example_dags/example_time_delta_sensor_async.py took 0.085 seconds
[2026-05-07T21:55:43.971+0000] {processor.py:161} INFO - Started process (PID=11349) to work on /home/airflow/.local/lib/python3.12/site-packages/airflow/example_dags/example_time_delta_sensor_async.py
[2026-05-07T21:55:43.973+0000] {processor.py:830} INFO - Processing file /home/airflow/.local/lib/python3.12/site-packages/airflow/example_dags/example_time_delta_sensor_async.py for tasks to queue
[2026-05-07T21:55:43.975+0000] {logging_mixin.py:188} INFO - [2026-05-07T21:55:43.975+0000] {dagbag.py:545} INFO - Filling up the DagBag from /home/airflow/.local/lib/python3.12/site-packages/airflow/example_dags/example_time_delta_sensor_async.py
[2026-05-07T21:55:43.981+0000] {processor.py:840} INFO - DAG(s) 'example_time_delta_sensor_async' retrieved from /home/airflow/.local/lib/python3.12/site-packages/airflow/example_dags/example_time_delta_sensor_async.py
[2026-05-07T21:55:44.010+0000] {logging_mixin.py:188} INFO - [2026-05-07T21:55:44.010+0000] {dag.py:3096} INFO - Sync 1 DAGs
[2026-05-07T21:55:44.027+0000] {logging_mixin.py:188} INFO - [2026-05-07T21:55:44.026+0000] {dag.py:3954} INFO - Setting next_dagrun for example_time_delta_sensor_async to None, run_after=None
[2026-05-07T21:55:44.056+0000] {processor.py:183} INFO - Processing /home/airflow/.local/lib/python3.12/site-packages/airflow/example_dags/example_time_delta_sensor_async.py took 0.091 seconds
[2026-05-07T21:56:14.154+0000] {processor.py:161} INFO - Started process (PID=11407) to work on /home/airflow/.local/lib/python3.12/site-packages/airflow/example_dags/example_time_delta_sensor_async.py
[2026-05-07T21:56:14.157+0000] {processor.py:830} INFO - Processing file /home/airflow/.local/lib/python3.12/site-packages/airflow/example_dags/example_time_delta_sensor_async.py for tasks to queue
[2026-05-07T21:56:14.159+0000] {logging_mixin.py:188} INFO - [2026-05-07T21:56:14.159+0000] {dagbag.py:545} INFO - Filling up the DagBag from /home/airflow/.local/lib/python3.12/site-packages/airflow/example_dags/example_time_delta_sensor_async.py
[2026-05-07T21:56:14.164+0000] {processor.py:840} INFO - DAG(s) 'example_time_delta_sensor_async' retrieved from /home/airflow/.local/lib/python3.12/site-packages/airflow/example_dags/example_time_delta_sensor_async.py
[2026-05-07T21:56:14.187+0000] {logging_mixin.py:188} INFO - [2026-05-07T21:56:14.186+0000] {dag.py:3096} INFO - Sync 1 DAGs
[2026-05-07T21:56:14.200+0000] {logging_mixin.py:188} INFO - [2026-05-07T21:56:14.199+0000] {dag.py:3954} INFO - Setting next_dagrun for example_time_delta_sensor_async to None, run_after=None
[2026-05-07T21:56:14.223+0000] {processor.py:183} INFO - Processing /home/airflow/.local/lib/python3.12/site-packages/airflow/example_dags/example_time_delta_sensor_async.py took 0.074 seconds
[2026-05-07T21:56:44.340+0000] {processor.py:161} INFO - Started process (PID=11465) to work on /home/airflow/.local/lib/python3.12/site-packages/airflow/example_dags/example_time_delta_sensor_async.py
[2026-05-07T21:56:44.341+0000] {processor.py:830} INFO - Processing file /home/airflow/.local/lib/python3.12/site-packages/airflow/example_dags/example_time_delta_sensor_async.py for tasks to queue
[2026-05-07T21:56:44.343+0000] {logging_mixin.py:188} INFO - [2026-05-07T21:56:44.342+0000] {dagbag.py:545} INFO - Filling up the DagBag from /home/airflow/.local/lib/python3.12/site-packages/airflow/example_dags/example_time_delta_sensor_async.py
[2026-05-07T21:56:44.349+0000] {processor.py:840} INFO - DAG(s) 'example_time_delta_sensor_async' retrieved from /home/airflow/.local/lib/python3.12/site-packages/airflow/example_dags/example_time_delta_sensor_async.py
[2026-05-07T21:56:44.374+0000] {logging_mixin.py:188} INFO - [2026-05-07T21:56:44.374+0000] {dag.py:3096} INFO - Sync 1 DAGs
[2026-05-07T21:56:44.389+0000] {logging_mixin.py:188} INFO - [2026-05-07T21:56:44.389+0000] {dag.py:3954} INFO - Setting next_dagrun for example_time_delta_sensor_async to None, run_after=None
[2026-05-07T21:56:44.414+0000] {processor.py:183} INFO - Processing /home/airflow/.local/lib/python3.12/site-packages/airflow/example_dags/example_time_delta_sensor_async.py took 0.080 seconds
[2026-05-07T21:57:14.618+0000] {processor.py:161} INFO - Started process (PID=11523) to work on /home/airflow/.local/lib/python3.12/site-packages/airflow/example_dags/example_time_delta_sensor_async.py
[2026-05-07T21:57:14.620+0000] {processor.py:830} INFO - Processing file /home/airflow/.local/lib/python3.12/site-packages/airflow/example_dags/example_time_delta_sensor_async.py for tasks to queue
[2026-05-07T21:57:14.623+0000] {logging_mixin.py:188} INFO - [2026-05-07T21:57:14.623+0000] {dagbag.py:545} INFO - Filling up the DagBag from /home/airflow/.local/lib/python3.12/site-packages/airflow/example_dags/example_time_delta_sensor_async.py
[2026-05-07T21:57:14.628+0000] {processor.py:840} INFO - DAG(s) 'example_time_delta_sensor_async' retrieved from /home/airflow/.local/lib/python3.12/site-packages/airflow/example_dags/example_time_delta_sensor_async.py
[2026-05-07T21:57:14.651+0000] {logging_mixin.py:188} INFO - [2026-05-07T21:57:14.650+0000] {dag.py:3096} INFO - Sync 1 DAGs
[2026-05-07T21:57:14.663+0000] {logging_mixin.py:188} INFO - [2026-05-07T21:57:14.663+0000] {dag.py:3954} INFO - Setting next_dagrun for example_time_delta_sensor_async to None, run_after=None
[2026-05-07T21:57:14.688+0000] {processor.py:183} INFO - Processing /home/airflow/.local/lib/python3.12/site-packages/airflow/example_dags/example_time_delta_sensor_async.py took 0.075 seconds
[2026-05-07T21:57:44.853+0000] {processor.py:161} INFO - Started process (PID=11580) to work on /home/airflow/.local/lib/python3.12/site-packages/airflow/example_dags/example_time_delta_sensor_async.py
[2026-05-07T21:57:44.856+0000] {processor.py:830} INFO - Processing file /home/airflow/.local/lib/python3.12/site-packages/airflow/example_dags/example_time_delta_sensor_async.py for tasks to queue
[2026-05-07T21:57:44.858+0000] {logging_mixin.py:188} INFO - [2026-05-07T21:57:44.858+0000] {dagbag.py:545} INFO - Filling up the DagBag from /home/airflow/.local/lib/python3.12/site-packages/airflow/example_dags/example_time_delta_sensor_async.py
[2026-05-07T21:57:44.863+0000] {processor.py:840} INFO - DAG(s) 'example_time_delta_sensor_async' retrieved from /home/airflow/.local/lib/python3.12/site-packages/airflow/example_dags/example_time_delta_sensor_async.py
[2026-05-07T21:57:44.884+0000] {logging_mixin.py:188} INFO - [2026-05-07T21:57:44.884+0000] {dag.py:3096} INFO - Sync 1 DAGs
[2026-05-07T21:57:44.898+0000] {logging_mixin.py:188} INFO - [2026-05-07T21:57:44.898+0000] {dag.py:3954} INFO - Setting next_dagrun for example_time_delta_sensor_async to None, run_after=None
[2026-05-07T21:57:44.921+0000] {processor.py:183} INFO - Processing /home/airflow/.local/lib/python3.12/site-packages/airflow/example_dags/example_time_delta_sensor_async.py took 0.072 seconds
[2026-05-07T21:58:15.020+0000] {processor.py:161} INFO - Started process (PID=11638) to work on /home/airflow/.local/lib/python3.12/site-packages/airflow/example_dags/example_time_delta_sensor_async.py
[2026-05-07T21:58:15.022+0000] {processor.py:830} INFO - Processing file /home/airflow/.local/lib/python3.12/site-packages/airflow/example_dags/example_time_delta_sensor_async.py for tasks to queue
[2026-05-07T21:58:15.024+0000] {logging_mixin.py:188} INFO - [2026-05-07T21:58:15.024+0000] {dagbag.py:545} INFO - Filling up the DagBag from /home/airflow/.local/lib/python3.12/site-packages/airflow/example_dags/example_time_delta_sensor_async.py
[2026-05-07T21:58:15.029+0000] {processor.py:840} INFO - DAG(s) 'example_time_delta_sensor_async' retrieved from /home/airflow/.local/lib/python3.12/site-packages/airflow/example_dags/example_time_delta_sensor_async.py
[2026-05-07T21:58:15.053+0000] {logging_mixin.py:188} INFO - [2026-05-07T21:58:15.053+0000] {dag.py:3096} INFO - Sync 1 DAGs
[2026-05-07T21:58:15.065+0000] {logging_mixin.py:188} INFO - [2026-05-07T21:58:15.065+0000] {dag.py:3954} INFO - Setting next_dagrun for example_time_delta_sensor_async to None, run_after=None
[2026-05-07T21:58:15.090+0000] {processor.py:183} INFO - Processing /home/airflow/.local/lib/python3.12/site-packages/airflow/example_dags/example_time_delta_sensor_async.py took 0.075 seconds
[2026-05-07T21:58:45.281+0000] {processor.py:161} INFO - Started process (PID=11696) to work on /home/airflow/.local/lib/python3.12/site-packages/airflow/example_dags/example_time_delta_sensor_async.py
[2026-05-07T21:58:45.283+0000] {processor.py:830} INFO - Processing file /home/airflow/.local/lib/python3.12/site-packages/airflow/example_dags/example_time_delta_sensor_async.py for tasks to queue
[2026-05-07T21:58:45.285+0000] {logging_mixin.py:188} INFO - [2026-05-07T21:58:45.285+0000] {dagbag.py:545} INFO - Filling up the DagBag from /home/airflow/.local/lib/python3.12/site-packages/airflow/example_dags/example_time_delta_sensor_async.py
[2026-05-07T21:58:45.290+0000] {processor.py:840} INFO - DAG(s) 'example_time_delta_sensor_async' retrieved from /home/airflow/.local/lib/python3.12/site-packages/airflow/example_dags/example_time_delta_sensor_async.py
[2026-05-07T21:58:45.311+0000] {logging_mixin.py:188} INFO - [2026-05-07T21:58:45.310+0000] {dag.py:3096} INFO - Sync 1 DAGs
[2026-05-07T21:58:45.323+0000] {logging_mixin.py:188} INFO - [2026-05-07T21:58:45.323+0000] {dag.py:3954} INFO - Setting next_dagrun for example_time_delta_sensor_async to None, run_after=None
[2026-05-07T21:58:45.346+0000] {processor.py:183} INFO - Processing /home/airflow/.local/lib/python3.12/site-packages/airflow/example_dags/example_time_delta_sensor_async.py took 0.070 seconds
[2026-05-07T21:59:15.713+0000] {processor.py:161} INFO - Started process (PID=11754) to work on /home/airflow/.local/lib/python3.12/site-packages/airflow/example_dags/example_time_delta_sensor_async.py
[2026-05-07T21:59:15.716+0000] {processor.py:830} INFO - Processing file /home/airflow/.local/lib/python3.12/site-packages/airflow/example_dags/example_time_delta_sensor_async.py for tasks to queue
[2026-05-07T21:59:15.720+0000] {logging_mixin.py:188} INFO - [2026-05-07T21:59:15.719+0000] {dagbag.py:545} INFO - Filling up the DagBag from /home/airflow/.local/lib/python3.12/site-packages/airflow/example_dags/example_time_delta_sensor_async.py
[2026-05-07T21:59:15.729+0000] {processor.py:840} INFO - DAG(s) 'example_time_delta_sensor_async' retrieved from /home/airflow/.local/lib/python3.12/site-packages/airflow/example_dags/example_time_delta_sensor_async.py
[2026-05-07T21:59:15.762+0000] {logging_mixin.py:188} INFO - [2026-05-07T21:59:15.762+0000] {dag.py:3096} INFO - Sync 1 DAGs
[2026-05-07T21:59:15.780+0000] {logging_mixin.py:188} INFO - [2026-05-07T21:59:15.780+0000] {dag.py:3954} INFO - Setting next_dagrun for example_time_delta_sensor_async to None, run_after=None
[2026-05-07T21:59:15.811+0000] {processor.py:183} INFO - Processing /home/airflow/.local/lib/python3.12/site-packages/airflow/example_dags/example_time_delta_sensor_async.py took 0.110 seconds
[2026-05-07T21:59:45.988+0000] {processor.py:161} INFO - Started process (PID=11812) to work on /home/airflow/.local/lib/python3.12/site-packages/airflow/example_dags/example_time_delta_sensor_async.py
[2026-05-07T21:59:45.989+0000] {processor.py:830} INFO - Processing file /home/airflow/.local/lib/python3.12/site-packages/airflow/example_dags/example_time_delta_sensor_async.py for tasks to queue
[2026-05-07T21:59:45.993+0000] {logging_mixin.py:188} INFO - [2026-05-07T21:59:45.992+0000] {dagbag.py:545} INFO - Filling up the DagBag from /home/airflow/.local/lib/python3.12/site-packages/airflow/example_dags/example_time_delta_sensor_async.py
[2026-05-07T21:59:45.998+0000] {processor.py:840} INFO - DAG(s) 'example_time_delta_sensor_async' retrieved from /home/airflow/.local/lib/python3.12/site-packages/airflow/example_dags/example_time_delta_sensor_async.py
[2026-05-07T21:59:46.024+0000] {logging_mixin.py:188} INFO - [2026-05-07T21:59:46.024+0000] {dag.py:3096} INFO - Sync 1 DAGs
[2026-05-07T21:59:46.038+0000] {logging_mixin.py:188} INFO - [2026-05-07T21:59:46.037+0000] {dag.py:3954} INFO - Setting next_dagrun for example_time_delta_sensor_async to None, run_after=None
[2026-05-07T21:59:46.063+0000] {processor.py:183} INFO - Processing /home/airflow/.local/lib/python3.12/site-packages/airflow/example_dags/example_time_delta_sensor_async.py took 0.088 seconds
[2026-05-07T22:00:16.376+0000] {processor.py:161} INFO - Started process (PID=11870) to work on /home/airflow/.local/lib/python3.12/site-packages/airflow/example_dags/example_time_delta_sensor_async.py
[2026-05-07T22:00:16.379+0000] {processor.py:830} INFO - Processing file /home/airflow/.local/lib/python3.12/site-packages/airflow/example_dags/example_time_delta_sensor_async.py for tasks to queue
[2026-05-07T22:00:16.382+0000] {logging_mixin.py:188} INFO - [2026-05-07T22:00:16.382+0000] {dagbag.py:545} INFO - Filling up the DagBag from /home/airflow/.local/lib/python3.12/site-packages/airflow/example_dags/example_time_delta_sensor_async.py
[2026-05-07T22:00:16.388+0000] {processor.py:840} INFO - DAG(s) 'example_time_delta_sensor_async' retrieved from /home/airflow/.local/lib/python3.12/site-packages/airflow/example_dags/example_time_delta_sensor_async.py
[2026-05-07T22:00:16.410+0000] {logging_mixin.py:188} INFO - [2026-05-07T22:00:16.410+0000] {dag.py:3096} INFO - Sync 1 DAGs
[2026-05-07T22:00:16.424+0000] {logging_mixin.py:188} INFO - [2026-05-07T22:00:16.423+0000] {dag.py:3954} INFO - Setting next_dagrun for example_time_delta_sensor_async to None, run_after=None
[2026-05-07T22:00:16.448+0000] {processor.py:183} INFO - Processing /home/airflow/.local/lib/python3.12/site-packages/airflow/example_dags/example_time_delta_sensor_async.py took 0.077 seconds
[2026-05-07T22:00:46.717+0000] {processor.py:161} INFO - Started process (PID=11928) to work on /home/airflow/.local/lib/python3.12/site-packages/airflow/example_dags/example_time_delta_sensor_async.py
[2026-05-07T22:00:46.720+0000] {processor.py:830} INFO - Processing file /home/airflow/.local/lib/python3.12/site-packages/airflow/example_dags/example_time_delta_sensor_async.py for tasks to queue
[2026-05-07T22:00:46.722+0000] {logging_mixin.py:188} INFO - [2026-05-07T22:00:46.722+0000] {dagbag.py:545} INFO - Filling up the DagBag from /home/airflow/.local/lib/python3.12/site-packages/airflow/example_dags/example_time_delta_sensor_async.py
[2026-05-07T22:00:46.727+0000] {processor.py:840} INFO - DAG(s) 'example_time_delta_sensor_async' retrieved from /home/airflow/.local/lib/python3.12/site-packages/airflow/example_dags/example_time_delta_sensor_async.py
[2026-05-07T22:00:46.754+0000] {logging_mixin.py:188} INFO - [2026-05-07T22:00:46.754+0000] {dag.py:3096} INFO - Sync 1 DAGs
[2026-05-07T22:00:46.768+0000] {logging_mixin.py:188} INFO - [2026-05-07T22:00:46.768+0000] {dag.py:3954} INFO - Setting next_dagrun for example_time_delta_sensor_async to None, run_after=None
[2026-05-07T22:00:46.949+0000] {processor.py:183} INFO - Processing /home/airflow/.local/lib/python3.12/site-packages/airflow/example_dags/example_time_delta_sensor_async.py took 0.239 seconds
[2026-05-07T22:01:17.041+0000] {processor.py:161} INFO - Started process (PID=11986) to work on /home/airflow/.local/lib/python3.12/site-packages/airflow/example_dags/example_time_delta_sensor_async.py
[2026-05-07T22:01:17.042+0000] {processor.py:830} INFO - Processing file /home/airflow/.local/lib/python3.12/site-packages/airflow/example_dags/example_time_delta_sensor_async.py for tasks to queue
[2026-05-07T22:01:17.045+0000] {logging_mixin.py:188} INFO - [2026-05-07T22:01:17.045+0000] {dagbag.py:545} INFO - Filling up the DagBag from /home/airflow/.local/lib/python3.12/site-packages/airflow/example_dags/example_time_delta_sensor_async.py
[2026-05-07T22:01:17.050+0000] {processor.py:840} INFO - DAG(s) 'example_time_delta_sensor_async' retrieved from /home/airflow/.local/lib/python3.12/site-packages/airflow/example_dags/example_time_delta_sensor_async.py
[2026-05-07T22:01:17.072+0000] {logging_mixin.py:188} INFO - [2026-05-07T22:01:17.072+0000] {dag.py:3096} INFO - Sync 1 DAGs
[2026-05-07T22:01:17.085+0000] {logging_mixin.py:188} INFO - [2026-05-07T22:01:17.084+0000] {dag.py:3954} INFO - Setting next_dagrun for example_time_delta_sensor_async to None, run_after=None
[2026-05-07T22:01:17.107+0000] {processor.py:183} INFO - Processing /home/airflow/.local/lib/python3.12/site-packages/airflow/example_dags/example_time_delta_sensor_async.py took 0.072 seconds
[2026-05-07T22:01:47.533+0000] {processor.py:161} INFO - Started process (PID=12044) to work on /home/airflow/.local/lib/python3.12/site-packages/airflow/example_dags/example_time_delta_sensor_async.py
[2026-05-07T22:01:47.535+0000] {processor.py:830} INFO - Processing file /home/airflow/.local/lib/python3.12/site-packages/airflow/example_dags/example_time_delta_sensor_async.py for tasks to queue
[2026-05-07T22:01:47.537+0000] {logging_mixin.py:188} INFO - [2026-05-07T22:01:47.537+0000] {dagbag.py:545} INFO - Filling up the DagBag from /home/airflow/.local/lib/python3.12/site-packages/airflow/example_dags/example_time_delta_sensor_async.py
[2026-05-07T22:01:47.541+0000] {processor.py:840} INFO - DAG(s) 'example_time_delta_sensor_async' retrieved from /home/airflow/.local/lib/python3.12/site-packages/airflow/example_dags/example_time_delta_sensor_async.py
[2026-05-07T22:01:47.564+0000] {logging_mixin.py:188} INFO - [2026-05-07T22:01:47.564+0000] {dag.py:3096} INFO - Sync 1 DAGs
[2026-05-07T22:01:47.577+0000] {logging_mixin.py:188} INFO - [2026-05-07T22:01:47.576+0000] {dag.py:3954} INFO - Setting next_dagrun for example_time_delta_sensor_async to None, run_after=None
[2026-05-07T22:01:47.599+0000] {processor.py:183} INFO - Processing /home/airflow/.local/lib/python3.12/site-packages/airflow/example_dags/example_time_delta_sensor_async.py took 0.073 seconds
[2026-05-07T22:02:18.288+0000] {processor.py:161} INFO - Started process (PID=12102) to work on /home/airflow/.local/lib/python3.12/site-packages/airflow/example_dags/example_time_delta_sensor_async.py
[2026-05-07T22:02:18.289+0000] {processor.py:830} INFO - Processing file /home/airflow/.local/lib/python3.12/site-packages/airflow/example_dags/example_time_delta_sensor_async.py for tasks to queue
[2026-05-07T22:02:18.291+0000] {logging_mixin.py:188} INFO - [2026-05-07T22:02:18.291+0000] {dagbag.py:545} INFO - Filling up the DagBag from /home/airflow/.local/lib/python3.12/site-packages/airflow/example_dags/example_time_delta_sensor_async.py
[2026-05-07T22:02:18.295+0000] {processor.py:840} INFO - DAG(s) 'example_time_delta_sensor_async' retrieved from /home/airflow/.local/lib/python3.12/site-packages/airflow/example_dags/example_time_delta_sensor_async.py
[2026-05-07T22:02:18.444+0000] {logging_mixin.py:188} INFO - [2026-05-07T22:02:18.443+0000] {dag.py:3096} INFO - Sync 1 DAGs
[2026-05-07T22:02:18.455+0000] {logging_mixin.py:188} INFO - [2026-05-07T22:02:18.455+0000] {dag.py:3954} INFO - Setting next_dagrun for example_time_delta_sensor_async to None, run_after=None
[2026-05-07T22:02:18.476+0000] {processor.py:183} INFO - Processing /home/airflow/.local/lib/python3.12/site-packages/airflow/example_dags/example_time_delta_sensor_async.py took 0.193 seconds
[2026-05-07T22:02:49.252+0000] {processor.py:161} INFO - Started process (PID=12160) to work on /home/airflow/.local/lib/python3.12/site-packages/airflow/example_dags/example_time_delta_sensor_async.py
[2026-05-07T22:02:49.254+0000] {processor.py:830} INFO - Processing file /home/airflow/.local/lib/python3.12/site-packages/airflow/example_dags/example_time_delta_sensor_async.py for tasks to queue
[2026-05-07T22:02:49.257+0000] {logging_mixin.py:188} INFO - [2026-05-07T22:02:49.256+0000] {dagbag.py:545} INFO - Filling up the DagBag from /home/airflow/.local/lib/python3.12/site-packages/airflow/example_dags/example_time_delta_sensor_async.py
[2026-05-07T22:02:49.261+0000] {processor.py:840} INFO - DAG(s) 'example_time_delta_sensor_async' retrieved from /home/airflow/.local/lib/python3.12/site-packages/airflow/example_dags/example_time_delta_sensor_async.py
[2026-05-07T22:02:49.281+0000] {logging_mixin.py:188} INFO - [2026-05-07T22:02:49.281+0000] {dag.py:3096} INFO - Sync 1 DAGs
[2026-05-07T22:02:49.295+0000] {logging_mixin.py:188} INFO - [2026-05-07T22:02:49.294+0000] {dag.py:3954} INFO - Setting next_dagrun for example_time_delta_sensor_async to None, run_after=None
[2026-05-07T22:02:49.317+0000] {processor.py:183} INFO - Processing /home/airflow/.local/lib/python3.12/site-packages/airflow/example_dags/example_time_delta_sensor_async.py took 0.070 seconds
[2026-05-07T22:03:19.567+0000] {processor.py:161} INFO - Started process (PID=12218) to work on /home/airflow/.local/lib/python3.12/site-packages/airflow/example_dags/example_time_delta_sensor_async.py
[2026-05-07T22:03:19.568+0000] {processor.py:830} INFO - Processing file /home/airflow/.local/lib/python3.12/site-packages/airflow/example_dags/example_time_delta_sensor_async.py for tasks to queue
[2026-05-07T22:03:19.571+0000] {logging_mixin.py:188} INFO - [2026-05-07T22:03:19.571+0000] {dagbag.py:545} INFO - Filling up the DagBag from /home/airflow/.local/lib/python3.12/site-packages/airflow/example_dags/example_time_delta_sensor_async.py
[2026-05-07T22:03:19.577+0000] {processor.py:840} INFO - DAG(s) 'example_time_delta_sensor_async' retrieved from /home/airflow/.local/lib/python3.12/site-packages/airflow/example_dags/example_time_delta_sensor_async.py
[2026-05-07T22:03:19.600+0000] {logging_mixin.py:188} INFO - [2026-05-07T22:03:19.599+0000] {dag.py:3096} INFO - Sync 1 DAGs
[2026-05-07T22:03:19.612+0000] {logging_mixin.py:188} INFO - [2026-05-07T22:03:19.611+0000] {dag.py:3954} INFO - Setting next_dagrun for example_time_delta_sensor_async to None, run_after=None
[2026-05-07T22:03:19.634+0000] {processor.py:183} INFO - Processing /home/airflow/.local/lib/python3.12/site-packages/airflow/example_dags/example_time_delta_sensor_async.py took 0.074 seconds
[2026-05-07T22:03:49.690+0000] {processor.py:161} INFO - Started process (PID=12276) to work on /home/airflow/.local/lib/python3.12/site-packages/airflow/example_dags/example_time_delta_sensor_async.py
[2026-05-07T22:03:49.692+0000] {processor.py:830} INFO - Processing file /home/airflow/.local/lib/python3.12/site-packages/airflow/example_dags/example_time_delta_sensor_async.py for tasks to queue
[2026-05-07T22:03:49.694+0000] {logging_mixin.py:188} INFO - [2026-05-07T22:03:49.694+0000] {dagbag.py:545} INFO - Filling up the DagBag from /home/airflow/.local/lib/python3.12/site-packages/airflow/example_dags/example_time_delta_sensor_async.py
[2026-05-07T22:03:49.699+0000] {processor.py:840} INFO - DAG(s) 'example_time_delta_sensor_async' retrieved from /home/airflow/.local/lib/python3.12/site-packages/airflow/example_dags/example_time_delta_sensor_async.py
[2026-05-07T22:03:49.723+0000] {logging_mixin.py:188} INFO - [2026-05-07T22:03:49.723+0000] {dag.py:3096} INFO - Sync 1 DAGs
[2026-05-07T22:03:49.740+0000] {logging_mixin.py:188} INFO - [2026-05-07T22:03:49.740+0000] {dag.py:3954} INFO - Setting next_dagrun for example_time_delta_sensor_async to None, run_after=None
[2026-05-07T22:03:49.768+0000] {processor.py:183} INFO - Processing /home/airflow/.local/lib/python3.12/site-packages/airflow/example_dags/example_time_delta_sensor_async.py took 0.084 seconds
[2026-05-07T22:04:19.859+0000] {processor.py:161} INFO - Started process (PID=12334) to work on /home/airflow/.local/lib/python3.12/site-packages/airflow/example_dags/example_time_delta_sensor_async.py
[2026-05-07T22:04:19.860+0000] {processor.py:830} INFO - Processing file /home/airflow/.local/lib/python3.12/site-packages/airflow/example_dags/example_time_delta_sensor_async.py for tasks to queue
[2026-05-07T22:04:19.862+0000] {logging_mixin.py:188} INFO - [2026-05-07T22:04:19.862+0000] {dagbag.py:545} INFO - Filling up the DagBag from /home/airflow/.local/lib/python3.12/site-packages/airflow/example_dags/example_time_delta_sensor_async.py
[2026-05-07T22:04:19.867+0000] {processor.py:840} INFO - DAG(s) 'example_time_delta_sensor_async' retrieved from /home/airflow/.local/lib/python3.12/site-packages/airflow/example_dags/example_time_delta_sensor_async.py
[2026-05-07T22:04:19.887+0000] {logging_mixin.py:188} INFO - [2026-05-07T22:04:19.887+0000] {dag.py:3096} INFO - Sync 1 DAGs
[2026-05-07T22:04:19.898+0000] {logging_mixin.py:188} INFO - [2026-05-07T22:04:19.898+0000] {dag.py:3954} INFO - Setting next_dagrun for example_time_delta_sensor_async to None, run_after=None
[2026-05-07T22:04:19.918+0000] {processor.py:183} INFO - Processing /home/airflow/.local/lib/python3.12/site-packages/airflow/example_dags/example_time_delta_sensor_async.py took 0.065 seconds
[2026-05-07T22:04:50.063+0000] {processor.py:161} INFO - Started process (PID=12392) to work on /home/airflow/.local/lib/python3.12/site-packages/airflow/example_dags/example_time_delta_sensor_async.py
[2026-05-07T22:04:50.064+0000] {processor.py:830} INFO - Processing file /home/airflow/.local/lib/python3.12/site-packages/airflow/example_dags/example_time_delta_sensor_async.py for tasks to queue
[2026-05-07T22:04:50.066+0000] {logging_mixin.py:188} INFO - [2026-05-07T22:04:50.066+0000] {dagbag.py:545} INFO - Filling up the DagBag from /home/airflow/.local/lib/python3.12/site-packages/airflow/example_dags/example_time_delta_sensor_async.py
[2026-05-07T22:04:50.071+0000] {processor.py:840} INFO - DAG(s) 'example_time_delta_sensor_async' retrieved from /home/airflow/.local/lib/python3.12/site-packages/airflow/example_dags/example_time_delta_sensor_async.py
[2026-05-07T22:04:50.092+0000] {logging_mixin.py:188} INFO - [2026-05-07T22:04:50.092+0000] {dag.py:3096} INFO - Sync 1 DAGs
[2026-05-07T22:04:50.104+0000] {logging_mixin.py:188} INFO - [2026-05-07T22:04:50.104+0000] {dag.py:3954} INFO - Setting next_dagrun for example_time_delta_sensor_async to None, run_after=None
[2026-05-07T22:04:50.125+0000] {processor.py:183} INFO - Processing /home/airflow/.local/lib/python3.12/site-packages/airflow/example_dags/example_time_delta_sensor_async.py took 0.067 seconds
[2026-05-07T22:05:20.573+0000] {processor.py:161} INFO - Started process (PID=12456) to work on /home/airflow/.local/lib/python3.12/site-packages/airflow/example_dags/example_time_delta_sensor_async.py
[2026-05-07T22:05:20.574+0000] {processor.py:830} INFO - Processing file /home/airflow/.local/lib/python3.12/site-packages/airflow/example_dags/example_time_delta_sensor_async.py for tasks to queue
[2026-05-07T22:05:20.576+0000] {logging_mixin.py:188} INFO - [2026-05-07T22:05:20.576+0000] {dagbag.py:545} INFO - Filling up the DagBag from /home/airflow/.local/lib/python3.12/site-packages/airflow/example_dags/example_time_delta_sensor_async.py
[2026-05-07T22:05:20.580+0000] {processor.py:840} INFO - DAG(s) 'example_time_delta_sensor_async' retrieved from /home/airflow/.local/lib/python3.12/site-packages/airflow/example_dags/example_time_delta_sensor_async.py
[2026-05-07T22:05:20.600+0000] {logging_mixin.py:188} INFO - [2026-05-07T22:05:20.599+0000] {dag.py:3096} INFO - Sync 1 DAGs
[2026-05-07T22:05:20.610+0000] {logging_mixin.py:188} INFO - [2026-05-07T22:05:20.610+0000] {dag.py:3954} INFO - Setting next_dagrun for example_time_delta_sensor_async to None, run_after=None
[2026-05-07T22:05:20.629+0000] {processor.py:183} INFO - Processing /home/airflow/.local/lib/python3.12/site-packages/airflow/example_dags/example_time_delta_sensor_async.py took 0.062 seconds
[2026-05-07T22:05:50.759+0000] {processor.py:161} INFO - Started process (PID=12514) to work on /home/airflow/.local/lib/python3.12/site-packages/airflow/example_dags/example_time_delta_sensor_async.py
[2026-05-07T22:05:50.760+0000] {processor.py:830} INFO - Processing file /home/airflow/.local/lib/python3.12/site-packages/airflow/example_dags/example_time_delta_sensor_async.py for tasks to queue
[2026-05-07T22:05:50.763+0000] {logging_mixin.py:188} INFO - [2026-05-07T22:05:50.763+0000] {dagbag.py:545} INFO - Filling up the DagBag from /home/airflow/.local/lib/python3.12/site-packages/airflow/example_dags/example_time_delta_sensor_async.py
[2026-05-07T22:05:50.768+0000] {processor.py:840} INFO - DAG(s) 'example_time_delta_sensor_async' retrieved from /home/airflow/.local/lib/python3.12/site-packages/airflow/example_dags/example_time_delta_sensor_async.py
[2026-05-07T22:05:50.787+0000] {logging_mixin.py:188} INFO - [2026-05-07T22:05:50.787+0000] {dag.py:3096} INFO - Sync 1 DAGs
[2026-05-07T22:05:50.797+0000] {logging_mixin.py:188} INFO - [2026-05-07T22:05:50.797+0000] {dag.py:3954} INFO - Setting next_dagrun for example_time_delta_sensor_async to None, run_after=None
[2026-05-07T22:05:50.816+0000] {processor.py:183} INFO - Processing /home/airflow/.local/lib/python3.12/site-packages/airflow/example_dags/example_time_delta_sensor_async.py took 0.063 seconds
[2026-05-07T22:06:21.060+0000] {processor.py:161} INFO - Started process (PID=12572) to work on /home/airflow/.local/lib/python3.12/site-packages/airflow/example_dags/example_time_delta_sensor_async.py
[2026-05-07T22:06:21.062+0000] {processor.py:830} INFO - Processing file /home/airflow/.local/lib/python3.12/site-packages/airflow/example_dags/example_time_delta_sensor_async.py for tasks to queue
[2026-05-07T22:06:21.064+0000] {logging_mixin.py:188} INFO - [2026-05-07T22:06:21.064+0000] {dagbag.py:545} INFO - Filling up the DagBag from /home/airflow/.local/lib/python3.12/site-packages/airflow/example_dags/example_time_delta_sensor_async.py
[2026-05-07T22:06:21.068+0000] {processor.py:840} INFO - DAG(s) 'example_time_delta_sensor_async' retrieved from /home/airflow/.local/lib/python3.12/site-packages/airflow/example_dags/example_time_delta_sensor_async.py
[2026-05-07T22:06:21.087+0000] {logging_mixin.py:188} INFO - [2026-05-07T22:06:21.087+0000] {dag.py:3096} INFO - Sync 1 DAGs
[2026-05-07T22:06:21.099+0000] {logging_mixin.py:188} INFO - [2026-05-07T22:06:21.098+0000] {dag.py:3954} INFO - Setting next_dagrun for example_time_delta_sensor_async to None, run_after=None
[2026-05-07T22:06:21.119+0000] {processor.py:183} INFO - Processing /home/airflow/.local/lib/python3.12/site-packages/airflow/example_dags/example_time_delta_sensor_async.py took 0.065 seconds
[2026-05-07T22:06:51.546+0000] {processor.py:161} INFO - Started process (PID=12630) to work on /home/airflow/.local/lib/python3.12/site-packages/airflow/example_dags/example_time_delta_sensor_async.py
[2026-05-07T22:06:51.547+0000] {processor.py:830} INFO - Processing file /home/airflow/.local/lib/python3.12/site-packages/airflow/example_dags/example_time_delta_sensor_async.py for tasks to queue
[2026-05-07T22:06:51.549+0000] {logging_mixin.py:188} INFO - [2026-05-07T22:06:51.549+0000] {dagbag.py:545} INFO - Filling up the DagBag from /home/airflow/.local/lib/python3.12/site-packages/airflow/example_dags/example_time_delta_sensor_async.py
[2026-05-07T22:06:51.554+0000] {processor.py:840} INFO - DAG(s) 'example_time_delta_sensor_async' retrieved from /home/airflow/.local/lib/python3.12/site-packages/airflow/example_dags/example_time_delta_sensor_async.py
[2026-05-07T22:06:51.573+0000] {logging_mixin.py:188} INFO - [2026-05-07T22:06:51.573+0000] {dag.py:3096} INFO - Sync 1 DAGs
[2026-05-07T22:06:51.585+0000] {logging_mixin.py:188} INFO - [2026-05-07T22:06:51.584+0000] {dag.py:3954} INFO - Setting next_dagrun for example_time_delta_sensor_async to None, run_after=None
[2026-05-07T22:06:51.605+0000] {processor.py:183} INFO - Processing /home/airflow/.local/lib/python3.12/site-packages/airflow/example_dags/example_time_delta_sensor_async.py took 0.064 seconds
[2026-05-07T22:07:21.764+0000] {processor.py:161} INFO - Started process (PID=12688) to work on /home/airflow/.local/lib/python3.12/site-packages/airflow/example_dags/example_time_delta_sensor_async.py
[2026-05-07T22:07:21.766+0000] {processor.py:830} INFO - Processing file /home/airflow/.local/lib/python3.12/site-packages/airflow/example_dags/example_time_delta_sensor_async.py for tasks to queue
[2026-05-07T22:07:21.769+0000] {logging_mixin.py:188} INFO - [2026-05-07T22:07:21.768+0000] {dagbag.py:545} INFO - Filling up the DagBag from /home/airflow/.local/lib/python3.12/site-packages/airflow/example_dags/example_time_delta_sensor_async.py
[2026-05-07T22:07:21.774+0000] {processor.py:840} INFO - DAG(s) 'example_time_delta_sensor_async' retrieved from /home/airflow/.local/lib/python3.12/site-packages/airflow/example_dags/example_time_delta_sensor_async.py
[2026-05-07T22:07:21.794+0000] {logging_mixin.py:188} INFO - [2026-05-07T22:07:21.794+0000] {dag.py:3096} INFO - Sync 1 DAGs
[2026-05-07T22:07:21.807+0000] {logging_mixin.py:188} INFO - [2026-05-07T22:07:21.807+0000] {dag.py:3954} INFO - Setting next_dagrun for example_time_delta_sensor_async to None, run_after=None
[2026-05-07T22:07:21.824+0000] {processor.py:183} INFO - Processing /home/airflow/.local/lib/python3.12/site-packages/airflow/example_dags/example_time_delta_sensor_async.py took 0.066 seconds
[2026-05-07T22:07:51.967+0000] {processor.py:161} INFO - Started process (PID=12746) to work on /home/airflow/.local/lib/python3.12/site-packages/airflow/example_dags/example_time_delta_sensor_async.py
[2026-05-07T22:07:51.968+0000] {processor.py:830} INFO - Processing file /home/airflow/.local/lib/python3.12/site-packages/airflow/example_dags/example_time_delta_sensor_async.py for tasks to queue
[2026-05-07T22:07:51.971+0000] {logging_mixin.py:188} INFO - [2026-05-07T22:07:51.971+0000] {dagbag.py:545} INFO - Filling up the DagBag from /home/airflow/.local/lib/python3.12/site-packages/airflow/example_dags/example_time_delta_sensor_async.py
[2026-05-07T22:07:51.977+0000] {processor.py:840} INFO - DAG(s) 'example_time_delta_sensor_async' retrieved from /home/airflow/.local/lib/python3.12/site-packages/airflow/example_dags/example_time_delta_sensor_async.py
[2026-05-07T22:07:52.004+0000] {logging_mixin.py:188} INFO - [2026-05-07T22:07:52.003+0000] {dag.py:3096} INFO - Sync 1 DAGs
[2026-05-07T22:07:52.017+0000] {logging_mixin.py:188} INFO - [2026-05-07T22:07:52.016+0000] {dag.py:3954} INFO - Setting next_dagrun for example_time_delta_sensor_async to None, run_after=None
[2026-05-07T22:07:52.038+0000] {processor.py:183} INFO - Processing /home/airflow/.local/lib/python3.12/site-packages/airflow/example_dags/example_time_delta_sensor_async.py took 0.077 seconds
[2026-05-07T22:08:22.219+0000] {processor.py:161} INFO - Started process (PID=12804) to work on /home/airflow/.local/lib/python3.12/site-packages/airflow/example_dags/example_time_delta_sensor_async.py
[2026-05-07T22:08:22.220+0000] {processor.py:830} INFO - Processing file /home/airflow/.local/lib/python3.12/site-packages/airflow/example_dags/example_time_delta_sensor_async.py for tasks to queue
[2026-05-07T22:08:22.222+0000] {logging_mixin.py:188} INFO - [2026-05-07T22:08:22.222+0000] {dagbag.py:545} INFO - Filling up the DagBag from /home/airflow/.local/lib/python3.12/site-packages/airflow/example_dags/example_time_delta_sensor_async.py
[2026-05-07T22:08:22.227+0000] {processor.py:840} INFO - DAG(s) 'example_time_delta_sensor_async' retrieved from /home/airflow/.local/lib/python3.12/site-packages/airflow/example_dags/example_time_delta_sensor_async.py
[2026-05-07T22:08:22.248+0000] {logging_mixin.py:188} INFO - [2026-05-07T22:08:22.247+0000] {dag.py:3096} INFO - Sync 1 DAGs
[2026-05-07T22:08:22.259+0000] {logging_mixin.py:188} INFO - [2026-05-07T22:08:22.259+0000] {dag.py:3954} INFO - Setting next_dagrun for example_time_delta_sensor_async to None, run_after=None
[2026-05-07T22:08:22.283+0000] {processor.py:183} INFO - Processing /home/airflow/.local/lib/python3.12/site-packages/airflow/example_dags/example_time_delta_sensor_async.py took 0.069 seconds
[2026-05-07T22:08:52.411+0000] {processor.py:161} INFO - Started process (PID=12862) to work on /home/airflow/.local/lib/python3.12/site-packages/airflow/example_dags/example_time_delta_sensor_async.py
[2026-05-07T22:08:52.413+0000] {processor.py:830} INFO - Processing file /home/airflow/.local/lib/python3.12/site-packages/airflow/example_dags/example_time_delta_sensor_async.py for tasks to queue
[2026-05-07T22:08:52.416+0000] {logging_mixin.py:188} INFO - [2026-05-07T22:08:52.416+0000] {dagbag.py:545} INFO - Filling up the DagBag from /home/airflow/.local/lib/python3.12/site-packages/airflow/example_dags/example_time_delta_sensor_async.py
[2026-05-07T22:08:52.422+0000] {processor.py:840} INFO - DAG(s) 'example_time_delta_sensor_async' retrieved from /home/airflow/.local/lib/python3.12/site-packages/airflow/example_dags/example_time_delta_sensor_async.py
[2026-05-07T22:08:52.445+0000] {logging_mixin.py:188} INFO - [2026-05-07T22:08:52.445+0000] {dag.py:3096} INFO - Sync 1 DAGs
[2026-05-07T22:08:52.458+0000] {logging_mixin.py:188} INFO - [2026-05-07T22:08:52.458+0000] {dag.py:3954} INFO - Setting next_dagrun for example_time_delta_sensor_async to None, run_after=None
[2026-05-07T22:08:52.479+0000] {processor.py:183} INFO - Processing /home/airflow/.local/lib/python3.12/site-packages/airflow/example_dags/example_time_delta_sensor_async.py took 0.073 seconds
[2026-05-07T22:09:22.767+0000] {processor.py:161} INFO - Started process (PID=12920) to work on /home/airflow/.local/lib/python3.12/site-packages/airflow/example_dags/example_time_delta_sensor_async.py
[2026-05-07T22:09:22.768+0000] {processor.py:830} INFO - Processing file /home/airflow/.local/lib/python3.12/site-packages/airflow/example_dags/example_time_delta_sensor_async.py for tasks to queue
[2026-05-07T22:09:22.770+0000] {logging_mixin.py:188} INFO - [2026-05-07T22:09:22.770+0000] {dagbag.py:545} INFO - Filling up the DagBag from /home/airflow/.local/lib/python3.12/site-packages/airflow/example_dags/example_time_delta_sensor_async.py
[2026-05-07T22:09:22.778+0000] {processor.py:840} INFO - DAG(s) 'example_time_delta_sensor_async' retrieved from /home/airflow/.local/lib/python3.12/site-packages/airflow/example_dags/example_time_delta_sensor_async.py
[2026-05-07T22:09:22.798+0000] {logging_mixin.py:188} INFO - [2026-05-07T22:09:22.798+0000] {dag.py:3096} INFO - Sync 1 DAGs
[2026-05-07T22:09:22.810+0000] {logging_mixin.py:188} INFO - [2026-05-07T22:09:22.810+0000] {dag.py:3954} INFO - Setting next_dagrun for example_time_delta_sensor_async to None, run_after=None
[2026-05-07T22:09:22.842+0000] {processor.py:183} INFO - Processing /home/airflow/.local/lib/python3.12/site-packages/airflow/example_dags/example_time_delta_sensor_async.py took 0.082 seconds
[2026-05-07T22:09:52.973+0000] {processor.py:161} INFO - Started process (PID=12978) to work on /home/airflow/.local/lib/python3.12/site-packages/airflow/example_dags/example_time_delta_sensor_async.py
[2026-05-07T22:09:52.974+0000] {processor.py:830} INFO - Processing file /home/airflow/.local/lib/python3.12/site-packages/airflow/example_dags/example_time_delta_sensor_async.py for tasks to queue
[2026-05-07T22:09:52.977+0000] {logging_mixin.py:188} INFO - [2026-05-07T22:09:52.976+0000] {dagbag.py:545} INFO - Filling up the DagBag from /home/airflow/.local/lib/python3.12/site-packages/airflow/example_dags/example_time_delta_sensor_async.py
[2026-05-07T22:09:52.982+0000] {processor.py:840} INFO - DAG(s) 'example_time_delta_sensor_async' retrieved from /home/airflow/.local/lib/python3.12/site-packages/airflow/example_dags/example_time_delta_sensor_async.py
[2026-05-07T22:09:53.003+0000] {logging_mixin.py:188} INFO - [2026-05-07T22:09:53.003+0000] {dag.py:3096} INFO - Sync 1 DAGs
[2026-05-07T22:09:53.015+0000] {logging_mixin.py:188} INFO - [2026-05-07T22:09:53.015+0000] {dag.py:3954} INFO - Setting next_dagrun for example_time_delta_sensor_async to None, run_after=None
[2026-05-07T22:09:53.035+0000] {processor.py:183} INFO - Processing /home/airflow/.local/lib/python3.12/site-packages/airflow/example_dags/example_time_delta_sensor_async.py took 0.068 seconds
[2026-05-07T22:10:23.214+0000] {processor.py:161} INFO - Started process (PID=13036) to work on /home/airflow/.local/lib/python3.12/site-packages/airflow/example_dags/example_time_delta_sensor_async.py
[2026-05-07T22:10:23.216+0000] {processor.py:830} INFO - Processing file /home/airflow/.local/lib/python3.12/site-packages/airflow/example_dags/example_time_delta_sensor_async.py for tasks to queue
[2026-05-07T22:10:23.218+0000] {logging_mixin.py:188} INFO - [2026-05-07T22:10:23.218+0000] {dagbag.py:545} INFO - Filling up the DagBag from /home/airflow/.local/lib/python3.12/site-packages/airflow/example_dags/example_time_delta_sensor_async.py
[2026-05-07T22:10:23.222+0000] {processor.py:840} INFO - DAG(s) 'example_time_delta_sensor_async' retrieved from /home/airflow/.local/lib/python3.12/site-packages/airflow/example_dags/example_time_delta_sensor_async.py
[2026-05-07T22:10:23.242+0000] {logging_mixin.py:188} INFO - [2026-05-07T22:10:23.242+0000] {dag.py:3096} INFO - Sync 1 DAGs
[2026-05-07T22:10:23.253+0000] {logging_mixin.py:188} INFO - [2026-05-07T22:10:23.253+0000] {dag.py:3954} INFO - Setting next_dagrun for example_time_delta_sensor_async to None, run_after=None
[2026-05-07T22:10:23.274+0000] {processor.py:183} INFO - Processing /home/airflow/.local/lib/python3.12/site-packages/airflow/example_dags/example_time_delta_sensor_async.py took 0.065 seconds
[2026-05-07T22:10:53.676+0000] {processor.py:161} INFO - Started process (PID=13094) to work on /home/airflow/.local/lib/python3.12/site-packages/airflow/example_dags/example_time_delta_sensor_async.py
[2026-05-07T22:10:53.678+0000] {processor.py:830} INFO - Processing file /home/airflow/.local/lib/python3.12/site-packages/airflow/example_dags/example_time_delta_sensor_async.py for tasks to queue
[2026-05-07T22:10:53.680+0000] {logging_mixin.py:188} INFO - [2026-05-07T22:10:53.680+0000] {dagbag.py:545} INFO - Filling up the DagBag from /home/airflow/.local/lib/python3.12/site-packages/airflow/example_dags/example_time_delta_sensor_async.py
[2026-05-07T22:10:53.685+0000] {processor.py:840} INFO - DAG(s) 'example_time_delta_sensor_async' retrieved from /home/airflow/.local/lib/python3.12/site-packages/airflow/example_dags/example_time_delta_sensor_async.py
[2026-05-07T22:10:53.705+0000] {logging_mixin.py:188} INFO - [2026-05-07T22:10:53.705+0000] {dag.py:3096} INFO - Sync 1 DAGs
[2026-05-07T22:10:53.716+0000] {logging_mixin.py:188} INFO - [2026-05-07T22:10:53.716+0000] {dag.py:3954} INFO - Setting next_dagrun for example_time_delta_sensor_async to None, run_after=None
[2026-05-07T22:10:53.738+0000] {processor.py:183} INFO - Processing /home/airflow/.local/lib/python3.12/site-packages/airflow/example_dags/example_time_delta_sensor_async.py took 0.067 seconds
[2026-05-07T22:11:23.913+0000] {processor.py:161} INFO - Started process (PID=13152) to work on /home/airflow/.local/lib/python3.12/site-packages/airflow/example_dags/example_time_delta_sensor_async.py
[2026-05-07T22:11:23.914+0000] {processor.py:830} INFO - Processing file /home/airflow/.local/lib/python3.12/site-packages/airflow/example_dags/example_time_delta_sensor_async.py for tasks to queue
[2026-05-07T22:11:23.916+0000] {logging_mixin.py:188} INFO - [2026-05-07T22:11:23.916+0000] {dagbag.py:545} INFO - Filling up the DagBag from /home/airflow/.local/lib/python3.12/site-packages/airflow/example_dags/example_time_delta_sensor_async.py
[2026-05-07T22:11:23.920+0000] {processor.py:840} INFO - DAG(s) 'example_time_delta_sensor_async' retrieved from /home/airflow/.local/lib/python3.12/site-packages/airflow/example_dags/example_time_delta_sensor_async.py
[2026-05-07T22:11:23.938+0000] {logging_mixin.py:188} INFO - [2026-05-07T22:11:23.937+0000] {dag.py:3096} INFO - Sync 1 DAGs
[2026-05-07T22:11:23.950+0000] {logging_mixin.py:188} INFO - [2026-05-07T22:11:23.950+0000] {dag.py:3954} INFO - Setting next_dagrun for example_time_delta_sensor_async to None, run_after=None
[2026-05-07T22:11:23.976+0000] {processor.py:183} INFO - Processing /home/airflow/.local/lib/python3.12/site-packages/airflow/example_dags/example_time_delta_sensor_async.py took 0.069 seconds
[2026-05-07T22:13:31.838+0000] {processor.py:161} INFO - Started process (PID=85) to work on /home/airflow/.local/lib/python3.12/site-packages/airflow/example_dags/example_time_delta_sensor_async.py
[2026-05-07T22:13:31.841+0000] {processor.py:830} INFO - Processing file /home/airflow/.local/lib/python3.12/site-packages/airflow/example_dags/example_time_delta_sensor_async.py for tasks to queue
[2026-05-07T22:13:31.846+0000] {logging_mixin.py:188} INFO - [2026-05-07T22:13:31.845+0000] {dagbag.py:545} INFO - Filling up the DagBag from /home/airflow/.local/lib/python3.12/site-packages/airflow/example_dags/example_time_delta_sensor_async.py
[2026-05-07T22:13:31.861+0000] {processor.py:840} INFO - DAG(s) 'example_time_delta_sensor_async' retrieved from /home/airflow/.local/lib/python3.12/site-packages/airflow/example_dags/example_time_delta_sensor_async.py
[2026-05-07T22:13:32.299+0000] {logging_mixin.py:188} INFO - [2026-05-07T22:13:32.299+0000] {dag.py:3096} INFO - Sync 1 DAGs
[2026-05-07T22:13:32.352+0000] {logging_mixin.py:188} INFO - [2026-05-07T22:13:32.352+0000] {dag.py:3954} INFO - Setting next_dagrun for example_time_delta_sensor_async to None, run_after=None
[2026-05-07T22:13:32.447+0000] {processor.py:183} INFO - Processing /home/airflow/.local/lib/python3.12/site-packages/airflow/example_dags/example_time_delta_sensor_async.py took 0.621 seconds
[2026-05-07T22:14:02.920+0000] {processor.py:161} INFO - Started process (PID=142) to work on /home/airflow/.local/lib/python3.12/site-packages/airflow/example_dags/example_time_delta_sensor_async.py
[2026-05-07T22:14:02.922+0000] {processor.py:830} INFO - Processing file /home/airflow/.local/lib/python3.12/site-packages/airflow/example_dags/example_time_delta_sensor_async.py for tasks to queue
[2026-05-07T22:14:02.927+0000] {logging_mixin.py:188} INFO - [2026-05-07T22:14:02.926+0000] {dagbag.py:545} INFO - Filling up the DagBag from /home/airflow/.local/lib/python3.12/site-packages/airflow/example_dags/example_time_delta_sensor_async.py
[2026-05-07T22:14:02.937+0000] {processor.py:840} INFO - DAG(s) 'example_time_delta_sensor_async' retrieved from /home/airflow/.local/lib/python3.12/site-packages/airflow/example_dags/example_time_delta_sensor_async.py
[2026-05-07T22:14:02.995+0000] {logging_mixin.py:188} INFO - [2026-05-07T22:14:02.994+0000] {dag.py:3096} INFO - Sync 1 DAGs
[2026-05-07T22:14:03.024+0000] {logging_mixin.py:188} INFO - [2026-05-07T22:14:03.023+0000] {dag.py:3954} INFO - Setting next_dagrun for example_time_delta_sensor_async to None, run_after=None
[2026-05-07T22:14:03.064+0000] {processor.py:183} INFO - Processing /home/airflow/.local/lib/python3.12/site-packages/airflow/example_dags/example_time_delta_sensor_async.py took 0.154 seconds
[2026-05-07T22:14:33.687+0000] {processor.py:161} INFO - Started process (PID=201) to work on /home/airflow/.local/lib/python3.12/site-packages/airflow/example_dags/example_time_delta_sensor_async.py
[2026-05-07T22:14:33.688+0000] {processor.py:830} INFO - Processing file /home/airflow/.local/lib/python3.12/site-packages/airflow/example_dags/example_time_delta_sensor_async.py for tasks to queue
[2026-05-07T22:14:33.690+0000] {logging_mixin.py:188} INFO - [2026-05-07T22:14:33.690+0000] {dagbag.py:545} INFO - Filling up the DagBag from /home/airflow/.local/lib/python3.12/site-packages/airflow/example_dags/example_time_delta_sensor_async.py
[2026-05-07T22:14:33.696+0000] {processor.py:840} INFO - DAG(s) 'example_time_delta_sensor_async' retrieved from /home/airflow/.local/lib/python3.12/site-packages/airflow/example_dags/example_time_delta_sensor_async.py
[2026-05-07T22:14:33.724+0000] {logging_mixin.py:188} INFO - [2026-05-07T22:14:33.723+0000] {dag.py:3096} INFO - Sync 1 DAGs
[2026-05-07T22:14:33.739+0000] {logging_mixin.py:188} INFO - [2026-05-07T22:14:33.738+0000] {dag.py:3954} INFO - Setting next_dagrun for example_time_delta_sensor_async to None, run_after=None
[2026-05-07T22:14:33.764+0000] {processor.py:183} INFO - Processing /home/airflow/.local/lib/python3.12/site-packages/airflow/example_dags/example_time_delta_sensor_async.py took 0.085 seconds
[2026-05-07T22:15:04.252+0000] {processor.py:161} INFO - Started process (PID=259) to work on /home/airflow/.local/lib/python3.12/site-packages/airflow/example_dags/example_time_delta_sensor_async.py
[2026-05-07T22:15:04.255+0000] {processor.py:830} INFO - Processing file /home/airflow/.local/lib/python3.12/site-packages/airflow/example_dags/example_time_delta_sensor_async.py for tasks to queue
[2026-05-07T22:15:04.258+0000] {logging_mixin.py:188} INFO - [2026-05-07T22:15:04.258+0000] {dagbag.py:545} INFO - Filling up the DagBag from /home/airflow/.local/lib/python3.12/site-packages/airflow/example_dags/example_time_delta_sensor_async.py
[2026-05-07T22:15:04.265+0000] {processor.py:840} INFO - DAG(s) 'example_time_delta_sensor_async' retrieved from /home/airflow/.local/lib/python3.12/site-packages/airflow/example_dags/example_time_delta_sensor_async.py
[2026-05-07T22:15:04.299+0000] {logging_mixin.py:188} INFO - [2026-05-07T22:15:04.299+0000] {dag.py:3096} INFO - Sync 1 DAGs
[2026-05-07T22:15:04.322+0000] {logging_mixin.py:188} INFO - [2026-05-07T22:15:04.322+0000] {dag.py:3954} INFO - Setting next_dagrun for example_time_delta_sensor_async to None, run_after=None
[2026-05-07T22:15:04.355+0000] {processor.py:183} INFO - Processing /home/airflow/.local/lib/python3.12/site-packages/airflow/example_dags/example_time_delta_sensor_async.py took 0.112 seconds
[2026-05-07T22:15:34.556+0000] {processor.py:161} INFO - Started process (PID=317) to work on /home/airflow/.local/lib/python3.12/site-packages/airflow/example_dags/example_time_delta_sensor_async.py
[2026-05-07T22:15:34.559+0000] {processor.py:830} INFO - Processing file /home/airflow/.local/lib/python3.12/site-packages/airflow/example_dags/example_time_delta_sensor_async.py for tasks to queue
[2026-05-07T22:15:34.561+0000] {logging_mixin.py:188} INFO - [2026-05-07T22:15:34.561+0000] {dagbag.py:545} INFO - Filling up the DagBag from /home/airflow/.local/lib/python3.12/site-packages/airflow/example_dags/example_time_delta_sensor_async.py
[2026-05-07T22:15:34.569+0000] {processor.py:840} INFO - DAG(s) 'example_time_delta_sensor_async' retrieved from /home/airflow/.local/lib/python3.12/site-packages/airflow/example_dags/example_time_delta_sensor_async.py
[2026-05-07T22:15:34.593+0000] {logging_mixin.py:188} INFO - [2026-05-07T22:15:34.593+0000] {dag.py:3096} INFO - Sync 1 DAGs
[2026-05-07T22:15:34.610+0000] {logging_mixin.py:188} INFO - [2026-05-07T22:15:34.610+0000] {dag.py:3954} INFO - Setting next_dagrun for example_time_delta_sensor_async to None, run_after=None
[2026-05-07T22:15:34.639+0000] {processor.py:183} INFO - Processing /home/airflow/.local/lib/python3.12/site-packages/airflow/example_dags/example_time_delta_sensor_async.py took 0.089 seconds
[2026-05-07T22:16:05.347+0000] {processor.py:161} INFO - Started process (PID=375) to work on /home/airflow/.local/lib/python3.12/site-packages/airflow/example_dags/example_time_delta_sensor_async.py
[2026-05-07T22:16:05.350+0000] {processor.py:830} INFO - Processing file /home/airflow/.local/lib/python3.12/site-packages/airflow/example_dags/example_time_delta_sensor_async.py for tasks to queue
[2026-05-07T22:16:05.353+0000] {logging_mixin.py:188} INFO - [2026-05-07T22:16:05.353+0000] {dagbag.py:545} INFO - Filling up the DagBag from /home/airflow/.local/lib/python3.12/site-packages/airflow/example_dags/example_time_delta_sensor_async.py
[2026-05-07T22:16:05.362+0000] {processor.py:840} INFO - DAG(s) 'example_time_delta_sensor_async' retrieved from /home/airflow/.local/lib/python3.12/site-packages/airflow/example_dags/example_time_delta_sensor_async.py
[2026-05-07T22:16:05.420+0000] {logging_mixin.py:188} INFO - [2026-05-07T22:16:05.420+0000] {dag.py:3096} INFO - Sync 1 DAGs
[2026-05-07T22:16:05.444+0000] {logging_mixin.py:188} INFO - [2026-05-07T22:16:05.443+0000] {dag.py:3954} INFO - Setting next_dagrun for example_time_delta_sensor_async to None, run_after=None
[2026-05-07T22:16:05.478+0000] {processor.py:183} INFO - Processing /home/airflow/.local/lib/python3.12/site-packages/airflow/example_dags/example_time_delta_sensor_async.py took 0.142 seconds
[2026-05-07T22:16:36.085+0000] {processor.py:161} INFO - Started process (PID=433) to work on /home/airflow/.local/lib/python3.12/site-packages/airflow/example_dags/example_time_delta_sensor_async.py
[2026-05-07T22:16:36.087+0000] {processor.py:830} INFO - Processing file /home/airflow/.local/lib/python3.12/site-packages/airflow/example_dags/example_time_delta_sensor_async.py for tasks to queue
[2026-05-07T22:16:36.090+0000] {logging_mixin.py:188} INFO - [2026-05-07T22:16:36.089+0000] {dagbag.py:545} INFO - Filling up the DagBag from /home/airflow/.local/lib/python3.12/site-packages/airflow/example_dags/example_time_delta_sensor_async.py
[2026-05-07T22:16:36.094+0000] {processor.py:840} INFO - DAG(s) 'example_time_delta_sensor_async' retrieved from /home/airflow/.local/lib/python3.12/site-packages/airflow/example_dags/example_time_delta_sensor_async.py
[2026-05-07T22:16:36.124+0000] {logging_mixin.py:188} INFO - [2026-05-07T22:16:36.124+0000] {dag.py:3096} INFO - Sync 1 DAGs
[2026-05-07T22:16:36.142+0000] {logging_mixin.py:188} INFO - [2026-05-07T22:16:36.141+0000] {dag.py:3954} INFO - Setting next_dagrun for example_time_delta_sensor_async to None, run_after=None
[2026-05-07T22:16:36.172+0000] {processor.py:183} INFO - Processing /home/airflow/.local/lib/python3.12/site-packages/airflow/example_dags/example_time_delta_sensor_async.py took 0.096 seconds
[2026-05-07T22:17:06.393+0000] {processor.py:161} INFO - Started process (PID=491) to work on /home/airflow/.local/lib/python3.12/site-packages/airflow/example_dags/example_time_delta_sensor_async.py
[2026-05-07T22:17:06.395+0000] {processor.py:830} INFO - Processing file /home/airflow/.local/lib/python3.12/site-packages/airflow/example_dags/example_time_delta_sensor_async.py for tasks to queue
[2026-05-07T22:17:06.398+0000] {logging_mixin.py:188} INFO - [2026-05-07T22:17:06.398+0000] {dagbag.py:545} INFO - Filling up the DagBag from /home/airflow/.local/lib/python3.12/site-packages/airflow/example_dags/example_time_delta_sensor_async.py
[2026-05-07T22:17:06.404+0000] {processor.py:840} INFO - DAG(s) 'example_time_delta_sensor_async' retrieved from /home/airflow/.local/lib/python3.12/site-packages/airflow/example_dags/example_time_delta_sensor_async.py
[2026-05-07T22:17:06.429+0000] {logging_mixin.py:188} INFO - [2026-05-07T22:17:06.429+0000] {dag.py:3096} INFO - Sync 1 DAGs
[2026-05-07T22:17:06.442+0000] {logging_mixin.py:188} INFO - [2026-05-07T22:17:06.442+0000] {dag.py:3954} INFO - Setting next_dagrun for example_time_delta_sensor_async to None, run_after=None
[2026-05-07T22:17:06.467+0000] {processor.py:183} INFO - Processing /home/airflow/.local/lib/python3.12/site-packages/airflow/example_dags/example_time_delta_sensor_async.py took 0.080 seconds
[2026-05-07T22:17:36.637+0000] {processor.py:161} INFO - Started process (PID=549) to work on /home/airflow/.local/lib/python3.12/site-packages/airflow/example_dags/example_time_delta_sensor_async.py
[2026-05-07T22:17:36.638+0000] {processor.py:830} INFO - Processing file /home/airflow/.local/lib/python3.12/site-packages/airflow/example_dags/example_time_delta_sensor_async.py for tasks to queue
[2026-05-07T22:17:36.640+0000] {logging_mixin.py:188} INFO - [2026-05-07T22:17:36.640+0000] {dagbag.py:545} INFO - Filling up the DagBag from /home/airflow/.local/lib/python3.12/site-packages/airflow/example_dags/example_time_delta_sensor_async.py
[2026-05-07T22:17:36.645+0000] {processor.py:840} INFO - DAG(s) 'example_time_delta_sensor_async' retrieved from /home/airflow/.local/lib/python3.12/site-packages/airflow/example_dags/example_time_delta_sensor_async.py
[2026-05-07T22:17:36.665+0000] {logging_mixin.py:188} INFO - [2026-05-07T22:17:36.664+0000] {dag.py:3096} INFO - Sync 1 DAGs
[2026-05-07T22:17:36.676+0000] {logging_mixin.py:188} INFO - [2026-05-07T22:17:36.675+0000] {dag.py:3954} INFO - Setting next_dagrun for example_time_delta_sensor_async to None, run_after=None
[2026-05-07T22:17:36.698+0000] {processor.py:183} INFO - Processing /home/airflow/.local/lib/python3.12/site-packages/airflow/example_dags/example_time_delta_sensor_async.py took 0.065 seconds
[2026-05-07T22:18:07.593+0000] {processor.py:161} INFO - Started process (PID=607) to work on /home/airflow/.local/lib/python3.12/site-packages/airflow/example_dags/example_time_delta_sensor_async.py
[2026-05-07T22:18:07.594+0000] {processor.py:830} INFO - Processing file /home/airflow/.local/lib/python3.12/site-packages/airflow/example_dags/example_time_delta_sensor_async.py for tasks to queue
[2026-05-07T22:18:07.595+0000] {logging_mixin.py:188} INFO - [2026-05-07T22:18:07.595+0000] {dagbag.py:545} INFO - Filling up the DagBag from /home/airflow/.local/lib/python3.12/site-packages/airflow/example_dags/example_time_delta_sensor_async.py
[2026-05-07T22:18:07.599+0000] {processor.py:840} INFO - DAG(s) 'example_time_delta_sensor_async' retrieved from /home/airflow/.local/lib/python3.12/site-packages/airflow/example_dags/example_time_delta_sensor_async.py
[2026-05-07T22:18:07.620+0000] {logging_mixin.py:188} INFO - [2026-05-07T22:18:07.620+0000] {dag.py:3096} INFO - Sync 1 DAGs
[2026-05-07T22:18:07.633+0000] {logging_mixin.py:188} INFO - [2026-05-07T22:18:07.633+0000] {dag.py:3954} INFO - Setting next_dagrun for example_time_delta_sensor_async to None, run_after=None
[2026-05-07T22:18:07.655+0000] {processor.py:183} INFO - Processing /home/airflow/.local/lib/python3.12/site-packages/airflow/example_dags/example_time_delta_sensor_async.py took 0.068 seconds
[2026-05-07T22:18:37.755+0000] {processor.py:161} INFO - Started process (PID=663) to work on /home/airflow/.local/lib/python3.12/site-packages/airflow/example_dags/example_time_delta_sensor_async.py
[2026-05-07T22:18:37.757+0000] {processor.py:830} INFO - Processing file /home/airflow/.local/lib/python3.12/site-packages/airflow/example_dags/example_time_delta_sensor_async.py for tasks to queue
[2026-05-07T22:18:37.759+0000] {logging_mixin.py:188} INFO - [2026-05-07T22:18:37.758+0000] {dagbag.py:545} INFO - Filling up the DagBag from /home/airflow/.local/lib/python3.12/site-packages/airflow/example_dags/example_time_delta_sensor_async.py
[2026-05-07T22:18:37.763+0000] {processor.py:840} INFO - DAG(s) 'example_time_delta_sensor_async' retrieved from /home/airflow/.local/lib/python3.12/site-packages/airflow/example_dags/example_time_delta_sensor_async.py
[2026-05-07T22:18:37.784+0000] {logging_mixin.py:188} INFO - [2026-05-07T22:18:37.784+0000] {dag.py:3096} INFO - Sync 1 DAGs
[2026-05-07T22:18:37.794+0000] {logging_mixin.py:188} INFO - [2026-05-07T22:18:37.794+0000] {dag.py:3954} INFO - Setting next_dagrun for example_time_delta_sensor_async to None, run_after=None
[2026-05-07T22:18:37.812+0000] {processor.py:183} INFO - Processing /home/airflow/.local/lib/python3.12/site-packages/airflow/example_dags/example_time_delta_sensor_async.py took 0.062 seconds
[2026-05-07T22:19:07.980+0000] {processor.py:161} INFO - Started process (PID=721) to work on /home/airflow/.local/lib/python3.12/site-packages/airflow/example_dags/example_time_delta_sensor_async.py
[2026-05-07T22:19:07.981+0000] {processor.py:830} INFO - Processing file /home/airflow/.local/lib/python3.12/site-packages/airflow/example_dags/example_time_delta_sensor_async.py for tasks to queue
[2026-05-07T22:19:07.986+0000] {logging_mixin.py:188} INFO - [2026-05-07T22:19:07.985+0000] {dagbag.py:545} INFO - Filling up the DagBag from /home/airflow/.local/lib/python3.12/site-packages/airflow/example_dags/example_time_delta_sensor_async.py
[2026-05-07T22:19:07.993+0000] {processor.py:840} INFO - DAG(s) 'example_time_delta_sensor_async' retrieved from /home/airflow/.local/lib/python3.12/site-packages/airflow/example_dags/example_time_delta_sensor_async.py
[2026-05-07T22:19:08.020+0000] {logging_mixin.py:188} INFO - [2026-05-07T22:19:08.019+0000] {dag.py:3096} INFO - Sync 1 DAGs
[2026-05-07T22:19:08.036+0000] {logging_mixin.py:188} INFO - [2026-05-07T22:19:08.036+0000] {dag.py:3954} INFO - Setting next_dagrun for example_time_delta_sensor_async to None, run_after=None
[2026-05-07T22:19:08.065+0000] {processor.py:183} INFO - Processing /home/airflow/.local/lib/python3.12/site-packages/airflow/example_dags/example_time_delta_sensor_async.py took 0.090 seconds
[2026-05-07T22:19:38.401+0000] {processor.py:161} INFO - Started process (PID=780) to work on /home/airflow/.local/lib/python3.12/site-packages/airflow/example_dags/example_time_delta_sensor_async.py
[2026-05-07T22:19:38.402+0000] {processor.py:830} INFO - Processing file /home/airflow/.local/lib/python3.12/site-packages/airflow/example_dags/example_time_delta_sensor_async.py for tasks to queue
[2026-05-07T22:19:38.404+0000] {logging_mixin.py:188} INFO - [2026-05-07T22:19:38.404+0000] {dagbag.py:545} INFO - Filling up the DagBag from /home/airflow/.local/lib/python3.12/site-packages/airflow/example_dags/example_time_delta_sensor_async.py
[2026-05-07T22:19:38.409+0000] {processor.py:840} INFO - DAG(s) 'example_time_delta_sensor_async' retrieved from /home/airflow/.local/lib/python3.12/site-packages/airflow/example_dags/example_time_delta_sensor_async.py
[2026-05-07T22:19:38.432+0000] {logging_mixin.py:188} INFO - [2026-05-07T22:19:38.431+0000] {dag.py:3096} INFO - Sync 1 DAGs
[2026-05-07T22:19:38.444+0000] {logging_mixin.py:188} INFO - [2026-05-07T22:19:38.444+0000] {dag.py:3954} INFO - Setting next_dagrun for example_time_delta_sensor_async to None, run_after=None
[2026-05-07T22:19:38.467+0000] {processor.py:183} INFO - Processing /home/airflow/.local/lib/python3.12/site-packages/airflow/example_dags/example_time_delta_sensor_async.py took 0.072 seconds
[2026-05-07T22:20:08.562+0000] {processor.py:161} INFO - Started process (PID=837) to work on /home/airflow/.local/lib/python3.12/site-packages/airflow/example_dags/example_time_delta_sensor_async.py
[2026-05-07T22:20:08.563+0000] {processor.py:830} INFO - Processing file /home/airflow/.local/lib/python3.12/site-packages/airflow/example_dags/example_time_delta_sensor_async.py for tasks to queue
[2026-05-07T22:20:08.566+0000] {logging_mixin.py:188} INFO - [2026-05-07T22:20:08.566+0000] {dagbag.py:545} INFO - Filling up the DagBag from /home/airflow/.local/lib/python3.12/site-packages/airflow/example_dags/example_time_delta_sensor_async.py
[2026-05-07T22:20:08.572+0000] {processor.py:840} INFO - DAG(s) 'example_time_delta_sensor_async' retrieved from /home/airflow/.local/lib/python3.12/site-packages/airflow/example_dags/example_time_delta_sensor_async.py
[2026-05-07T22:20:08.594+0000] {logging_mixin.py:188} INFO - [2026-05-07T22:20:08.594+0000] {dag.py:3096} INFO - Sync 1 DAGs
[2026-05-07T22:20:08.609+0000] {logging_mixin.py:188} INFO - [2026-05-07T22:20:08.609+0000] {dag.py:3954} INFO - Setting next_dagrun for example_time_delta_sensor_async to None, run_after=None
[2026-05-07T22:20:08.635+0000] {processor.py:183} INFO - Processing /home/airflow/.local/lib/python3.12/site-packages/airflow/example_dags/example_time_delta_sensor_async.py took 0.078 seconds
[2026-05-07T22:20:39.325+0000] {processor.py:161} INFO - Started process (PID=895) to work on /home/airflow/.local/lib/python3.12/site-packages/airflow/example_dags/example_time_delta_sensor_async.py
[2026-05-07T22:20:39.328+0000] {processor.py:830} INFO - Processing file /home/airflow/.local/lib/python3.12/site-packages/airflow/example_dags/example_time_delta_sensor_async.py for tasks to queue
[2026-05-07T22:20:39.331+0000] {logging_mixin.py:188} INFO - [2026-05-07T22:20:39.330+0000] {dagbag.py:545} INFO - Filling up the DagBag from /home/airflow/.local/lib/python3.12/site-packages/airflow/example_dags/example_time_delta_sensor_async.py
[2026-05-07T22:20:39.338+0000] {processor.py:840} INFO - DAG(s) 'example_time_delta_sensor_async' retrieved from /home/airflow/.local/lib/python3.12/site-packages/airflow/example_dags/example_time_delta_sensor_async.py
[2026-05-07T22:20:39.364+0000] {logging_mixin.py:188} INFO - [2026-05-07T22:20:39.363+0000] {dag.py:3096} INFO - Sync 1 DAGs
[2026-05-07T22:20:39.379+0000] {logging_mixin.py:188} INFO - [2026-05-07T22:20:39.378+0000] {dag.py:3954} INFO - Setting next_dagrun for example_time_delta_sensor_async to None, run_after=None
[2026-05-07T22:20:39.401+0000] {processor.py:183} INFO - Processing /home/airflow/.local/lib/python3.12/site-packages/airflow/example_dags/example_time_delta_sensor_async.py took 0.083 seconds
[2026-05-07T22:21:09.686+0000] {processor.py:161} INFO - Started process (PID=953) to work on /home/airflow/.local/lib/python3.12/site-packages/airflow/example_dags/example_time_delta_sensor_async.py
[2026-05-07T22:21:09.687+0000] {processor.py:830} INFO - Processing file /home/airflow/.local/lib/python3.12/site-packages/airflow/example_dags/example_time_delta_sensor_async.py for tasks to queue
[2026-05-07T22:21:09.690+0000] {logging_mixin.py:188} INFO - [2026-05-07T22:21:09.690+0000] {dagbag.py:545} INFO - Filling up the DagBag from /home/airflow/.local/lib/python3.12/site-packages/airflow/example_dags/example_time_delta_sensor_async.py
[2026-05-07T22:21:09.698+0000] {processor.py:840} INFO - DAG(s) 'example_time_delta_sensor_async' retrieved from /home/airflow/.local/lib/python3.12/site-packages/airflow/example_dags/example_time_delta_sensor_async.py
[2026-05-07T22:21:09.726+0000] {logging_mixin.py:188} INFO - [2026-05-07T22:21:09.725+0000] {dag.py:3096} INFO - Sync 1 DAGs
[2026-05-07T22:21:09.740+0000] {logging_mixin.py:188} INFO - [2026-05-07T22:21:09.740+0000] {dag.py:3954} INFO - Setting next_dagrun for example_time_delta_sensor_async to None, run_after=None
[2026-05-07T22:21:09.768+0000] {processor.py:183} INFO - Processing /home/airflow/.local/lib/python3.12/site-packages/airflow/example_dags/example_time_delta_sensor_async.py took 0.087 seconds
[2026-05-07T22:21:39.874+0000] {processor.py:161} INFO - Started process (PID=1011) to work on /home/airflow/.local/lib/python3.12/site-packages/airflow/example_dags/example_time_delta_sensor_async.py
[2026-05-07T22:21:39.875+0000] {processor.py:830} INFO - Processing file /home/airflow/.local/lib/python3.12/site-packages/airflow/example_dags/example_time_delta_sensor_async.py for tasks to queue
[2026-05-07T22:21:39.877+0000] {logging_mixin.py:188} INFO - [2026-05-07T22:21:39.877+0000] {dagbag.py:545} INFO - Filling up the DagBag from /home/airflow/.local/lib/python3.12/site-packages/airflow/example_dags/example_time_delta_sensor_async.py
[2026-05-07T22:21:39.885+0000] {processor.py:840} INFO - DAG(s) 'example_time_delta_sensor_async' retrieved from /home/airflow/.local/lib/python3.12/site-packages/airflow/example_dags/example_time_delta_sensor_async.py
[2026-05-07T22:21:39.909+0000] {logging_mixin.py:188} INFO - [2026-05-07T22:21:39.908+0000] {dag.py:3096} INFO - Sync 1 DAGs
[2026-05-07T22:21:39.920+0000] {logging_mixin.py:188} INFO - [2026-05-07T22:21:39.920+0000] {dag.py:3954} INFO - Setting next_dagrun for example_time_delta_sensor_async to None, run_after=None
[2026-05-07T22:21:39.941+0000] {processor.py:183} INFO - Processing /home/airflow/.local/lib/python3.12/site-packages/airflow/example_dags/example_time_delta_sensor_async.py took 0.076 seconds
[2026-05-07T22:22:10.683+0000] {processor.py:161} INFO - Started process (PID=1069) to work on /home/airflow/.local/lib/python3.12/site-packages/airflow/example_dags/example_time_delta_sensor_async.py
[2026-05-07T22:22:10.685+0000] {processor.py:830} INFO - Processing file /home/airflow/.local/lib/python3.12/site-packages/airflow/example_dags/example_time_delta_sensor_async.py for tasks to queue
[2026-05-07T22:22:10.687+0000] {logging_mixin.py:188} INFO - [2026-05-07T22:22:10.687+0000] {dagbag.py:545} INFO - Filling up the DagBag from /home/airflow/.local/lib/python3.12/site-packages/airflow/example_dags/example_time_delta_sensor_async.py
[2026-05-07T22:22:10.692+0000] {processor.py:840} INFO - DAG(s) 'example_time_delta_sensor_async' retrieved from /home/airflow/.local/lib/python3.12/site-packages/airflow/example_dags/example_time_delta_sensor_async.py
[2026-05-07T22:22:10.714+0000] {logging_mixin.py:188} INFO - [2026-05-07T22:22:10.714+0000] {dag.py:3096} INFO - Sync 1 DAGs
[2026-05-07T22:22:10.727+0000] {logging_mixin.py:188} INFO - [2026-05-07T22:22:10.727+0000] {dag.py:3954} INFO - Setting next_dagrun for example_time_delta_sensor_async to None, run_after=None
[2026-05-07T22:22:10.748+0000] {processor.py:183} INFO - Processing /home/airflow/.local/lib/python3.12/site-packages/airflow/example_dags/example_time_delta_sensor_async.py took 0.070 seconds
[2026-05-07T22:22:41.642+0000] {processor.py:161} INFO - Started process (PID=1127) to work on /home/airflow/.local/lib/python3.12/site-packages/airflow/example_dags/example_time_delta_sensor_async.py
[2026-05-07T22:22:41.643+0000] {processor.py:830} INFO - Processing file /home/airflow/.local/lib/python3.12/site-packages/airflow/example_dags/example_time_delta_sensor_async.py for tasks to queue
[2026-05-07T22:22:41.646+0000] {logging_mixin.py:188} INFO - [2026-05-07T22:22:41.646+0000] {dagbag.py:545} INFO - Filling up the DagBag from /home/airflow/.local/lib/python3.12/site-packages/airflow/example_dags/example_time_delta_sensor_async.py
[2026-05-07T22:22:41.651+0000] {processor.py:840} INFO - DAG(s) 'example_time_delta_sensor_async' retrieved from /home/airflow/.local/lib/python3.12/site-packages/airflow/example_dags/example_time_delta_sensor_async.py
[2026-05-07T22:22:41.677+0000] {logging_mixin.py:188} INFO - [2026-05-07T22:22:41.676+0000] {dag.py:3096} INFO - Sync 1 DAGs
[2026-05-07T22:22:41.689+0000] {logging_mixin.py:188} INFO - [2026-05-07T22:22:41.688+0000] {dag.py:3954} INFO - Setting next_dagrun for example_time_delta_sensor_async to None, run_after=None
[2026-05-07T22:22:41.712+0000] {processor.py:183} INFO - Processing /home/airflow/.local/lib/python3.12/site-packages/airflow/example_dags/example_time_delta_sensor_async.py took 0.075 seconds
[2026-05-07T22:23:12.054+0000] {processor.py:161} INFO - Started process (PID=1185) to work on /home/airflow/.local/lib/python3.12/site-packages/airflow/example_dags/example_time_delta_sensor_async.py
[2026-05-07T22:23:12.056+0000] {processor.py:830} INFO - Processing file /home/airflow/.local/lib/python3.12/site-packages/airflow/example_dags/example_time_delta_sensor_async.py for tasks to queue
[2026-05-07T22:23:12.060+0000] {logging_mixin.py:188} INFO - [2026-05-07T22:23:12.060+0000] {dagbag.py:545} INFO - Filling up the DagBag from /home/airflow/.local/lib/python3.12/site-packages/airflow/example_dags/example_time_delta_sensor_async.py
[2026-05-07T22:23:12.068+0000] {processor.py:840} INFO - DAG(s) 'example_time_delta_sensor_async' retrieved from /home/airflow/.local/lib/python3.12/site-packages/airflow/example_dags/example_time_delta_sensor_async.py
[2026-05-07T22:23:12.097+0000] {logging_mixin.py:188} INFO - [2026-05-07T22:23:12.097+0000] {dag.py:3096} INFO - Sync 1 DAGs
[2026-05-07T22:23:12.115+0000] {logging_mixin.py:188} INFO - [2026-05-07T22:23:12.115+0000] {dag.py:3954} INFO - Setting next_dagrun for example_time_delta_sensor_async to None, run_after=None
[2026-05-07T22:23:12.146+0000] {processor.py:183} INFO - Processing /home/airflow/.local/lib/python3.12/site-packages/airflow/example_dags/example_time_delta_sensor_async.py took 0.101 seconds
[2026-05-07T22:23:42.505+0000] {processor.py:161} INFO - Started process (PID=1243) to work on /home/airflow/.local/lib/python3.12/site-packages/airflow/example_dags/example_time_delta_sensor_async.py
[2026-05-07T22:23:42.507+0000] {processor.py:830} INFO - Processing file /home/airflow/.local/lib/python3.12/site-packages/airflow/example_dags/example_time_delta_sensor_async.py for tasks to queue
[2026-05-07T22:23:42.510+0000] {logging_mixin.py:188} INFO - [2026-05-07T22:23:42.510+0000] {dagbag.py:545} INFO - Filling up the DagBag from /home/airflow/.local/lib/python3.12/site-packages/airflow/example_dags/example_time_delta_sensor_async.py
[2026-05-07T22:23:42.516+0000] {processor.py:840} INFO - DAG(s) 'example_time_delta_sensor_async' retrieved from /home/airflow/.local/lib/python3.12/site-packages/airflow/example_dags/example_time_delta_sensor_async.py
[2026-05-07T22:23:42.541+0000] {logging_mixin.py:188} INFO - [2026-05-07T22:23:42.540+0000] {dag.py:3096} INFO - Sync 1 DAGs
[2026-05-07T22:23:42.557+0000] {logging_mixin.py:188} INFO - [2026-05-07T22:23:42.557+0000] {dag.py:3954} INFO - Setting next_dagrun for example_time_delta_sensor_async to None, run_after=None
[2026-05-07T22:23:42.584+0000] {processor.py:183} INFO - Processing /home/airflow/.local/lib/python3.12/site-packages/airflow/example_dags/example_time_delta_sensor_async.py took 0.084 seconds
[2026-05-07T22:24:12.757+0000] {processor.py:161} INFO - Started process (PID=1301) to work on /home/airflow/.local/lib/python3.12/site-packages/airflow/example_dags/example_time_delta_sensor_async.py
[2026-05-07T22:24:12.758+0000] {processor.py:830} INFO - Processing file /home/airflow/.local/lib/python3.12/site-packages/airflow/example_dags/example_time_delta_sensor_async.py for tasks to queue
[2026-05-07T22:24:12.760+0000] {logging_mixin.py:188} INFO - [2026-05-07T22:24:12.760+0000] {dagbag.py:545} INFO - Filling up the DagBag from /home/airflow/.local/lib/python3.12/site-packages/airflow/example_dags/example_time_delta_sensor_async.py
[2026-05-07T22:24:12.764+0000] {processor.py:840} INFO - DAG(s) 'example_time_delta_sensor_async' retrieved from /home/airflow/.local/lib/python3.12/site-packages/airflow/example_dags/example_time_delta_sensor_async.py
[2026-05-07T22:24:12.783+0000] {logging_mixin.py:188} INFO - [2026-05-07T22:24:12.783+0000] {dag.py:3096} INFO - Sync 1 DAGs
[2026-05-07T22:24:12.795+0000] {logging_mixin.py:188} INFO - [2026-05-07T22:24:12.795+0000] {dag.py:3954} INFO - Setting next_dagrun for example_time_delta_sensor_async to None, run_after=None
[2026-05-07T22:24:12.817+0000] {processor.py:183} INFO - Processing /home/airflow/.local/lib/python3.12/site-packages/airflow/example_dags/example_time_delta_sensor_async.py took 0.065 seconds
[2026-05-07T22:24:42.988+0000] {processor.py:161} INFO - Started process (PID=1359) to work on /home/airflow/.local/lib/python3.12/site-packages/airflow/example_dags/example_time_delta_sensor_async.py
[2026-05-07T22:24:42.989+0000] {processor.py:830} INFO - Processing file /home/airflow/.local/lib/python3.12/site-packages/airflow/example_dags/example_time_delta_sensor_async.py for tasks to queue
[2026-05-07T22:24:42.991+0000] {logging_mixin.py:188} INFO - [2026-05-07T22:24:42.991+0000] {dagbag.py:545} INFO - Filling up the DagBag from /home/airflow/.local/lib/python3.12/site-packages/airflow/example_dags/example_time_delta_sensor_async.py
[2026-05-07T22:24:42.995+0000] {processor.py:840} INFO - DAG(s) 'example_time_delta_sensor_async' retrieved from /home/airflow/.local/lib/python3.12/site-packages/airflow/example_dags/example_time_delta_sensor_async.py
[2026-05-07T22:24:43.015+0000] {logging_mixin.py:188} INFO - [2026-05-07T22:24:43.015+0000] {dag.py:3096} INFO - Sync 1 DAGs
[2026-05-07T22:24:43.026+0000] {logging_mixin.py:188} INFO - [2026-05-07T22:24:43.026+0000] {dag.py:3954} INFO - Setting next_dagrun for example_time_delta_sensor_async to None, run_after=None
[2026-05-07T22:24:43.047+0000] {processor.py:183} INFO - Processing /home/airflow/.local/lib/python3.12/site-packages/airflow/example_dags/example_time_delta_sensor_async.py took 0.065 seconds
[2026-05-07T22:25:13.190+0000] {processor.py:161} INFO - Started process (PID=1417) to work on /home/airflow/.local/lib/python3.12/site-packages/airflow/example_dags/example_time_delta_sensor_async.py
[2026-05-07T22:25:13.192+0000] {processor.py:830} INFO - Processing file /home/airflow/.local/lib/python3.12/site-packages/airflow/example_dags/example_time_delta_sensor_async.py for tasks to queue
[2026-05-07T22:25:13.194+0000] {logging_mixin.py:188} INFO - [2026-05-07T22:25:13.193+0000] {dagbag.py:545} INFO - Filling up the DagBag from /home/airflow/.local/lib/python3.12/site-packages/airflow/example_dags/example_time_delta_sensor_async.py
[2026-05-07T22:25:13.199+0000] {processor.py:840} INFO - DAG(s) 'example_time_delta_sensor_async' retrieved from /home/airflow/.local/lib/python3.12/site-packages/airflow/example_dags/example_time_delta_sensor_async.py
[2026-05-07T22:25:13.236+0000] {logging_mixin.py:188} INFO - [2026-05-07T22:25:13.235+0000] {dag.py:3096} INFO - Sync 1 DAGs
[2026-05-07T22:25:13.257+0000] {logging_mixin.py:188} INFO - [2026-05-07T22:25:13.256+0000] {dag.py:3954} INFO - Setting next_dagrun for example_time_delta_sensor_async to None, run_after=None
[2026-05-07T22:25:13.295+0000] {processor.py:183} INFO - Processing /home/airflow/.local/lib/python3.12/site-packages/airflow/example_dags/example_time_delta_sensor_async.py took 0.112 seconds
[2026-05-07T22:25:43.404+0000] {processor.py:161} INFO - Started process (PID=1474) to work on /home/airflow/.local/lib/python3.12/site-packages/airflow/example_dags/example_time_delta_sensor_async.py
[2026-05-07T22:25:43.406+0000] {processor.py:830} INFO - Processing file /home/airflow/.local/lib/python3.12/site-packages/airflow/example_dags/example_time_delta_sensor_async.py for tasks to queue
[2026-05-07T22:25:43.410+0000] {logging_mixin.py:188} INFO - [2026-05-07T22:25:43.410+0000] {dagbag.py:545} INFO - Filling up the DagBag from /home/airflow/.local/lib/python3.12/site-packages/airflow/example_dags/example_time_delta_sensor_async.py
[2026-05-07T22:25:43.416+0000] {processor.py:840} INFO - DAG(s) 'example_time_delta_sensor_async' retrieved from /home/airflow/.local/lib/python3.12/site-packages/airflow/example_dags/example_time_delta_sensor_async.py
[2026-05-07T22:25:43.446+0000] {logging_mixin.py:188} INFO - [2026-05-07T22:25:43.446+0000] {dag.py:3096} INFO - Sync 1 DAGs
[2026-05-07T22:25:43.463+0000] {logging_mixin.py:188} INFO - [2026-05-07T22:25:43.463+0000] {dag.py:3954} INFO - Setting next_dagrun for example_time_delta_sensor_async to None, run_after=None
[2026-05-07T22:25:43.489+0000] {processor.py:183} INFO - Processing /home/airflow/.local/lib/python3.12/site-packages/airflow/example_dags/example_time_delta_sensor_async.py took 0.094 seconds
[2026-05-07T22:26:13.672+0000] {processor.py:161} INFO - Started process (PID=1532) to work on /home/airflow/.local/lib/python3.12/site-packages/airflow/example_dags/example_time_delta_sensor_async.py
[2026-05-07T22:26:13.673+0000] {processor.py:830} INFO - Processing file /home/airflow/.local/lib/python3.12/site-packages/airflow/example_dags/example_time_delta_sensor_async.py for tasks to queue
[2026-05-07T22:26:13.676+0000] {logging_mixin.py:188} INFO - [2026-05-07T22:26:13.675+0000] {dagbag.py:545} INFO - Filling up the DagBag from /home/airflow/.local/lib/python3.12/site-packages/airflow/example_dags/example_time_delta_sensor_async.py
[2026-05-07T22:26:13.681+0000] {processor.py:840} INFO - DAG(s) 'example_time_delta_sensor_async' retrieved from /home/airflow/.local/lib/python3.12/site-packages/airflow/example_dags/example_time_delta_sensor_async.py
[2026-05-07T22:26:13.700+0000] {logging_mixin.py:188} INFO - [2026-05-07T22:26:13.700+0000] {dag.py:3096} INFO - Sync 1 DAGs
[2026-05-07T22:26:13.712+0000] {logging_mixin.py:188} INFO - [2026-05-07T22:26:13.712+0000] {dag.py:3954} INFO - Setting next_dagrun for example_time_delta_sensor_async to None, run_after=None
[2026-05-07T22:26:13.733+0000] {processor.py:183} INFO - Processing /home/airflow/.local/lib/python3.12/site-packages/airflow/example_dags/example_time_delta_sensor_async.py took 0.066 seconds
[2026-05-07T22:26:44.277+0000] {processor.py:161} INFO - Started process (PID=1590) to work on /home/airflow/.local/lib/python3.12/site-packages/airflow/example_dags/example_time_delta_sensor_async.py
[2026-05-07T22:26:44.278+0000] {processor.py:830} INFO - Processing file /home/airflow/.local/lib/python3.12/site-packages/airflow/example_dags/example_time_delta_sensor_async.py for tasks to queue
[2026-05-07T22:26:44.281+0000] {logging_mixin.py:188} INFO - [2026-05-07T22:26:44.281+0000] {dagbag.py:545} INFO - Filling up the DagBag from /home/airflow/.local/lib/python3.12/site-packages/airflow/example_dags/example_time_delta_sensor_async.py
[2026-05-07T22:26:44.287+0000] {processor.py:840} INFO - DAG(s) 'example_time_delta_sensor_async' retrieved from /home/airflow/.local/lib/python3.12/site-packages/airflow/example_dags/example_time_delta_sensor_async.py
[2026-05-07T22:26:44.309+0000] {logging_mixin.py:188} INFO - [2026-05-07T22:26:44.308+0000] {dag.py:3096} INFO - Sync 1 DAGs
[2026-05-07T22:26:44.320+0000] {logging_mixin.py:188} INFO - [2026-05-07T22:26:44.320+0000] {dag.py:3954} INFO - Setting next_dagrun for example_time_delta_sensor_async to None, run_after=None
[2026-05-07T22:26:44.341+0000] {processor.py:183} INFO - Processing /home/airflow/.local/lib/python3.12/site-packages/airflow/example_dags/example_time_delta_sensor_async.py took 0.071 seconds
[2026-05-07T22:27:15.183+0000] {processor.py:161} INFO - Started process (PID=1647) to work on /home/airflow/.local/lib/python3.12/site-packages/airflow/example_dags/example_time_delta_sensor_async.py
[2026-05-07T22:27:15.185+0000] {processor.py:830} INFO - Processing file /home/airflow/.local/lib/python3.12/site-packages/airflow/example_dags/example_time_delta_sensor_async.py for tasks to queue
[2026-05-07T22:27:15.187+0000] {logging_mixin.py:188} INFO - [2026-05-07T22:27:15.187+0000] {dagbag.py:545} INFO - Filling up the DagBag from /home/airflow/.local/lib/python3.12/site-packages/airflow/example_dags/example_time_delta_sensor_async.py
[2026-05-07T22:27:15.192+0000] {processor.py:840} INFO - DAG(s) 'example_time_delta_sensor_async' retrieved from /home/airflow/.local/lib/python3.12/site-packages/airflow/example_dags/example_time_delta_sensor_async.py
[2026-05-07T22:27:15.212+0000] {logging_mixin.py:188} INFO - [2026-05-07T22:27:15.212+0000] {dag.py:3096} INFO - Sync 1 DAGs
[2026-05-07T22:27:15.224+0000] {logging_mixin.py:188} INFO - [2026-05-07T22:27:15.223+0000] {dag.py:3954} INFO - Setting next_dagrun for example_time_delta_sensor_async to None, run_after=None
[2026-05-07T22:27:15.247+0000] {processor.py:183} INFO - Processing /home/airflow/.local/lib/python3.12/site-packages/airflow/example_dags/example_time_delta_sensor_async.py took 0.069 seconds
[2026-05-07T22:27:45.395+0000] {processor.py:161} INFO - Started process (PID=1704) to work on /home/airflow/.local/lib/python3.12/site-packages/airflow/example_dags/example_time_delta_sensor_async.py
[2026-05-07T22:27:45.396+0000] {processor.py:830} INFO - Processing file /home/airflow/.local/lib/python3.12/site-packages/airflow/example_dags/example_time_delta_sensor_async.py for tasks to queue
[2026-05-07T22:27:45.398+0000] {logging_mixin.py:188} INFO - [2026-05-07T22:27:45.397+0000] {dagbag.py:545} INFO - Filling up the DagBag from /home/airflow/.local/lib/python3.12/site-packages/airflow/example_dags/example_time_delta_sensor_async.py
[2026-05-07T22:27:45.402+0000] {processor.py:840} INFO - DAG(s) 'example_time_delta_sensor_async' retrieved from /home/airflow/.local/lib/python3.12/site-packages/airflow/example_dags/example_time_delta_sensor_async.py
[2026-05-07T22:27:45.421+0000] {logging_mixin.py:188} INFO - [2026-05-07T22:27:45.421+0000] {dag.py:3096} INFO - Sync 1 DAGs
[2026-05-07T22:27:45.432+0000] {logging_mixin.py:188} INFO - [2026-05-07T22:27:45.432+0000] {dag.py:3954} INFO - Setting next_dagrun for example_time_delta_sensor_async to None, run_after=None
[2026-05-07T22:27:45.452+0000] {processor.py:183} INFO - Processing /home/airflow/.local/lib/python3.12/site-packages/airflow/example_dags/example_time_delta_sensor_async.py took 0.062 seconds
[2026-05-07T22:28:15.769+0000] {processor.py:161} INFO - Started process (PID=1762) to work on /home/airflow/.local/lib/python3.12/site-packages/airflow/example_dags/example_time_delta_sensor_async.py
[2026-05-07T22:28:15.771+0000] {processor.py:830} INFO - Processing file /home/airflow/.local/lib/python3.12/site-packages/airflow/example_dags/example_time_delta_sensor_async.py for tasks to queue
[2026-05-07T22:28:15.773+0000] {logging_mixin.py:188} INFO - [2026-05-07T22:28:15.773+0000] {dagbag.py:545} INFO - Filling up the DagBag from /home/airflow/.local/lib/python3.12/site-packages/airflow/example_dags/example_time_delta_sensor_async.py
[2026-05-07T22:28:15.778+0000] {processor.py:840} INFO - DAG(s) 'example_time_delta_sensor_async' retrieved from /home/airflow/.local/lib/python3.12/site-packages/airflow/example_dags/example_time_delta_sensor_async.py
[2026-05-07T22:28:15.800+0000] {logging_mixin.py:188} INFO - [2026-05-07T22:28:15.800+0000] {dag.py:3096} INFO - Sync 1 DAGs
[2026-05-07T22:28:15.939+0000] {logging_mixin.py:188} INFO - [2026-05-07T22:28:15.939+0000] {dag.py:3954} INFO - Setting next_dagrun for example_time_delta_sensor_async to None, run_after=None
[2026-05-07T22:28:15.954+0000] {processor.py:183} INFO - Processing /home/airflow/.local/lib/python3.12/site-packages/airflow/example_dags/example_time_delta_sensor_async.py took 0.189 seconds
[2026-05-07T22:28:46.418+0000] {processor.py:161} INFO - Started process (PID=1820) to work on /home/airflow/.local/lib/python3.12/site-packages/airflow/example_dags/example_time_delta_sensor_async.py
[2026-05-07T22:28:46.419+0000] {processor.py:830} INFO - Processing file /home/airflow/.local/lib/python3.12/site-packages/airflow/example_dags/example_time_delta_sensor_async.py for tasks to queue
[2026-05-07T22:28:46.421+0000] {logging_mixin.py:188} INFO - [2026-05-07T22:28:46.421+0000] {dagbag.py:545} INFO - Filling up the DagBag from /home/airflow/.local/lib/python3.12/site-packages/airflow/example_dags/example_time_delta_sensor_async.py
[2026-05-07T22:28:46.426+0000] {processor.py:840} INFO - DAG(s) 'example_time_delta_sensor_async' retrieved from /home/airflow/.local/lib/python3.12/site-packages/airflow/example_dags/example_time_delta_sensor_async.py
[2026-05-07T22:28:46.448+0000] {logging_mixin.py:188} INFO - [2026-05-07T22:28:46.448+0000] {dag.py:3096} INFO - Sync 1 DAGs
[2026-05-07T22:28:46.459+0000] {logging_mixin.py:188} INFO - [2026-05-07T22:28:46.459+0000] {dag.py:3954} INFO - Setting next_dagrun for example_time_delta_sensor_async to None, run_after=None
[2026-05-07T22:28:46.481+0000] {processor.py:183} INFO - Processing /home/airflow/.local/lib/python3.12/site-packages/airflow/example_dags/example_time_delta_sensor_async.py took 0.069 seconds
[2026-05-07T22:29:17.445+0000] {processor.py:161} INFO - Started process (PID=1878) to work on /home/airflow/.local/lib/python3.12/site-packages/airflow/example_dags/example_time_delta_sensor_async.py
[2026-05-07T22:29:17.447+0000] {processor.py:830} INFO - Processing file /home/airflow/.local/lib/python3.12/site-packages/airflow/example_dags/example_time_delta_sensor_async.py for tasks to queue
[2026-05-07T22:29:17.448+0000] {logging_mixin.py:188} INFO - [2026-05-07T22:29:17.448+0000] {dagbag.py:545} INFO - Filling up the DagBag from /home/airflow/.local/lib/python3.12/site-packages/airflow/example_dags/example_time_delta_sensor_async.py
[2026-05-07T22:29:17.453+0000] {processor.py:840} INFO - DAG(s) 'example_time_delta_sensor_async' retrieved from /home/airflow/.local/lib/python3.12/site-packages/airflow/example_dags/example_time_delta_sensor_async.py
[2026-05-07T22:29:17.480+0000] {logging_mixin.py:188} INFO - [2026-05-07T22:29:17.479+0000] {dag.py:3096} INFO - Sync 1 DAGs
[2026-05-07T22:29:17.493+0000] {logging_mixin.py:188} INFO - [2026-05-07T22:29:17.493+0000] {dag.py:3954} INFO - Setting next_dagrun for example_time_delta_sensor_async to None, run_after=None
[2026-05-07T22:29:17.518+0000] {processor.py:183} INFO - Processing /home/airflow/.local/lib/python3.12/site-packages/airflow/example_dags/example_time_delta_sensor_async.py took 0.078 seconds
[2026-05-07T22:29:48.052+0000] {processor.py:161} INFO - Started process (PID=1937) to work on /home/airflow/.local/lib/python3.12/site-packages/airflow/example_dags/example_time_delta_sensor_async.py
[2026-05-07T22:29:48.054+0000] {processor.py:830} INFO - Processing file /home/airflow/.local/lib/python3.12/site-packages/airflow/example_dags/example_time_delta_sensor_async.py for tasks to queue
[2026-05-07T22:29:48.056+0000] {logging_mixin.py:188} INFO - [2026-05-07T22:29:48.055+0000] {dagbag.py:545} INFO - Filling up the DagBag from /home/airflow/.local/lib/python3.12/site-packages/airflow/example_dags/example_time_delta_sensor_async.py
[2026-05-07T22:29:48.061+0000] {processor.py:840} INFO - DAG(s) 'example_time_delta_sensor_async' retrieved from /home/airflow/.local/lib/python3.12/site-packages/airflow/example_dags/example_time_delta_sensor_async.py
[2026-05-07T22:29:48.079+0000] {logging_mixin.py:188} INFO - [2026-05-07T22:29:48.079+0000] {dag.py:3096} INFO - Sync 1 DAGs
[2026-05-07T22:29:48.091+0000] {logging_mixin.py:188} INFO - [2026-05-07T22:29:48.091+0000] {dag.py:3954} INFO - Setting next_dagrun for example_time_delta_sensor_async to None, run_after=None
[2026-05-07T22:29:48.112+0000] {processor.py:183} INFO - Processing /home/airflow/.local/lib/python3.12/site-packages/airflow/example_dags/example_time_delta_sensor_async.py took 0.065 seconds
[2026-05-07T22:30:18.910+0000] {processor.py:161} INFO - Started process (PID=1996) to work on /home/airflow/.local/lib/python3.12/site-packages/airflow/example_dags/example_time_delta_sensor_async.py
[2026-05-07T22:30:18.912+0000] {processor.py:830} INFO - Processing file /home/airflow/.local/lib/python3.12/site-packages/airflow/example_dags/example_time_delta_sensor_async.py for tasks to queue
[2026-05-07T22:30:18.914+0000] {logging_mixin.py:188} INFO - [2026-05-07T22:30:18.913+0000] {dagbag.py:545} INFO - Filling up the DagBag from /home/airflow/.local/lib/python3.12/site-packages/airflow/example_dags/example_time_delta_sensor_async.py
[2026-05-07T22:30:18.919+0000] {processor.py:840} INFO - DAG(s) 'example_time_delta_sensor_async' retrieved from /home/airflow/.local/lib/python3.12/site-packages/airflow/example_dags/example_time_delta_sensor_async.py
[2026-05-07T22:30:18.940+0000] {logging_mixin.py:188} INFO - [2026-05-07T22:30:18.939+0000] {dag.py:3096} INFO - Sync 1 DAGs
[2026-05-07T22:30:18.951+0000] {logging_mixin.py:188} INFO - [2026-05-07T22:30:18.951+0000] {dag.py:3954} INFO - Setting next_dagrun for example_time_delta_sensor_async to None, run_after=None
[2026-05-07T22:30:18.973+0000] {processor.py:183} INFO - Processing /home/airflow/.local/lib/python3.12/site-packages/airflow/example_dags/example_time_delta_sensor_async.py took 0.067 seconds
[2026-05-07T22:30:49.070+0000] {processor.py:161} INFO - Started process (PID=2054) to work on /home/airflow/.local/lib/python3.12/site-packages/airflow/example_dags/example_time_delta_sensor_async.py
[2026-05-07T22:30:49.071+0000] {processor.py:830} INFO - Processing file /home/airflow/.local/lib/python3.12/site-packages/airflow/example_dags/example_time_delta_sensor_async.py for tasks to queue
[2026-05-07T22:30:49.074+0000] {logging_mixin.py:188} INFO - [2026-05-07T22:30:49.073+0000] {dagbag.py:545} INFO - Filling up the DagBag from /home/airflow/.local/lib/python3.12/site-packages/airflow/example_dags/example_time_delta_sensor_async.py
[2026-05-07T22:30:49.078+0000] {processor.py:840} INFO - DAG(s) 'example_time_delta_sensor_async' retrieved from /home/airflow/.local/lib/python3.12/site-packages/airflow/example_dags/example_time_delta_sensor_async.py
[2026-05-07T22:30:49.098+0000] {logging_mixin.py:188} INFO - [2026-05-07T22:30:49.097+0000] {dag.py:3096} INFO - Sync 1 DAGs
[2026-05-07T22:30:49.110+0000] {logging_mixin.py:188} INFO - [2026-05-07T22:30:49.110+0000] {dag.py:3954} INFO - Setting next_dagrun for example_time_delta_sensor_async to None, run_after=None
[2026-05-07T22:30:49.131+0000] {processor.py:183} INFO - Processing /home/airflow/.local/lib/python3.12/site-packages/airflow/example_dags/example_time_delta_sensor_async.py took 0.066 seconds
[2026-05-07T22:31:19.448+0000] {processor.py:161} INFO - Started process (PID=2112) to work on /home/airflow/.local/lib/python3.12/site-packages/airflow/example_dags/example_time_delta_sensor_async.py
[2026-05-07T22:31:19.449+0000] {processor.py:830} INFO - Processing file /home/airflow/.local/lib/python3.12/site-packages/airflow/example_dags/example_time_delta_sensor_async.py for tasks to queue
[2026-05-07T22:31:19.451+0000] {logging_mixin.py:188} INFO - [2026-05-07T22:31:19.451+0000] {dagbag.py:545} INFO - Filling up the DagBag from /home/airflow/.local/lib/python3.12/site-packages/airflow/example_dags/example_time_delta_sensor_async.py
[2026-05-07T22:31:19.455+0000] {processor.py:840} INFO - DAG(s) 'example_time_delta_sensor_async' retrieved from /home/airflow/.local/lib/python3.12/site-packages/airflow/example_dags/example_time_delta_sensor_async.py
[2026-05-07T22:31:19.473+0000] {logging_mixin.py:188} INFO - [2026-05-07T22:31:19.473+0000] {dag.py:3096} INFO - Sync 1 DAGs
[2026-05-07T22:31:19.483+0000] {logging_mixin.py:188} INFO - [2026-05-07T22:31:19.483+0000] {dag.py:3954} INFO - Setting next_dagrun for example_time_delta_sensor_async to None, run_after=None
[2026-05-07T22:31:19.502+0000] {processor.py:183} INFO - Processing /home/airflow/.local/lib/python3.12/site-packages/airflow/example_dags/example_time_delta_sensor_async.py took 0.059 seconds
[2026-05-07T22:31:49.564+0000] {processor.py:161} INFO - Started process (PID=2170) to work on /home/airflow/.local/lib/python3.12/site-packages/airflow/example_dags/example_time_delta_sensor_async.py
[2026-05-07T22:31:49.565+0000] {processor.py:830} INFO - Processing file /home/airflow/.local/lib/python3.12/site-packages/airflow/example_dags/example_time_delta_sensor_async.py for tasks to queue
[2026-05-07T22:31:49.568+0000] {logging_mixin.py:188} INFO - [2026-05-07T22:31:49.567+0000] {dagbag.py:545} INFO - Filling up the DagBag from /home/airflow/.local/lib/python3.12/site-packages/airflow/example_dags/example_time_delta_sensor_async.py
[2026-05-07T22:31:49.573+0000] {processor.py:840} INFO - DAG(s) 'example_time_delta_sensor_async' retrieved from /home/airflow/.local/lib/python3.12/site-packages/airflow/example_dags/example_time_delta_sensor_async.py
[2026-05-07T22:31:49.593+0000] {logging_mixin.py:188} INFO - [2026-05-07T22:31:49.593+0000] {dag.py:3096} INFO - Sync 1 DAGs
[2026-05-07T22:31:49.605+0000] {logging_mixin.py:188} INFO - [2026-05-07T22:31:49.605+0000] {dag.py:3954} INFO - Setting next_dagrun for example_time_delta_sensor_async to None, run_after=None
[2026-05-07T22:31:49.626+0000] {processor.py:183} INFO - Processing /home/airflow/.local/lib/python3.12/site-packages/airflow/example_dags/example_time_delta_sensor_async.py took 0.067 seconds
[2026-05-07T22:32:20.170+0000] {processor.py:161} INFO - Started process (PID=2228) to work on /home/airflow/.local/lib/python3.12/site-packages/airflow/example_dags/example_time_delta_sensor_async.py
[2026-05-07T22:32:20.171+0000] {processor.py:830} INFO - Processing file /home/airflow/.local/lib/python3.12/site-packages/airflow/example_dags/example_time_delta_sensor_async.py for tasks to queue
[2026-05-07T22:32:20.174+0000] {logging_mixin.py:188} INFO - [2026-05-07T22:32:20.173+0000] {dagbag.py:545} INFO - Filling up the DagBag from /home/airflow/.local/lib/python3.12/site-packages/airflow/example_dags/example_time_delta_sensor_async.py
[2026-05-07T22:32:20.179+0000] {processor.py:840} INFO - DAG(s) 'example_time_delta_sensor_async' retrieved from /home/airflow/.local/lib/python3.12/site-packages/airflow/example_dags/example_time_delta_sensor_async.py
[2026-05-07T22:32:20.198+0000] {logging_mixin.py:188} INFO - [2026-05-07T22:32:20.198+0000] {dag.py:3096} INFO - Sync 1 DAGs
[2026-05-07T22:32:20.208+0000] {logging_mixin.py:188} INFO - [2026-05-07T22:32:20.208+0000] {dag.py:3954} INFO - Setting next_dagrun for example_time_delta_sensor_async to None, run_after=None
[2026-05-07T22:32:20.223+0000] {processor.py:183} INFO - Processing /home/airflow/.local/lib/python3.12/site-packages/airflow/example_dags/example_time_delta_sensor_async.py took 0.060 seconds
[2026-05-07T22:32:50.349+0000] {processor.py:161} INFO - Started process (PID=2286) to work on /home/airflow/.local/lib/python3.12/site-packages/airflow/example_dags/example_time_delta_sensor_async.py
[2026-05-07T22:32:50.351+0000] {processor.py:830} INFO - Processing file /home/airflow/.local/lib/python3.12/site-packages/airflow/example_dags/example_time_delta_sensor_async.py for tasks to queue
[2026-05-07T22:32:50.353+0000] {logging_mixin.py:188} INFO - [2026-05-07T22:32:50.353+0000] {dagbag.py:545} INFO - Filling up the DagBag from /home/airflow/.local/lib/python3.12/site-packages/airflow/example_dags/example_time_delta_sensor_async.py
[2026-05-07T22:32:50.358+0000] {processor.py:840} INFO - DAG(s) 'example_time_delta_sensor_async' retrieved from /home/airflow/.local/lib/python3.12/site-packages/airflow/example_dags/example_time_delta_sensor_async.py
[2026-05-07T22:32:50.376+0000] {logging_mixin.py:188} INFO - [2026-05-07T22:32:50.376+0000] {dag.py:3096} INFO - Sync 1 DAGs
[2026-05-07T22:32:50.386+0000] {logging_mixin.py:188} INFO - [2026-05-07T22:32:50.386+0000] {dag.py:3954} INFO - Setting next_dagrun for example_time_delta_sensor_async to None, run_after=None
[2026-05-07T22:32:50.405+0000] {processor.py:183} INFO - Processing /home/airflow/.local/lib/python3.12/site-packages/airflow/example_dags/example_time_delta_sensor_async.py took 0.062 seconds
[2026-05-07T22:33:21.016+0000] {processor.py:161} INFO - Started process (PID=2344) to work on /home/airflow/.local/lib/python3.12/site-packages/airflow/example_dags/example_time_delta_sensor_async.py
[2026-05-07T22:33:21.017+0000] {processor.py:830} INFO - Processing file /home/airflow/.local/lib/python3.12/site-packages/airflow/example_dags/example_time_delta_sensor_async.py for tasks to queue
[2026-05-07T22:33:21.020+0000] {logging_mixin.py:188} INFO - [2026-05-07T22:33:21.019+0000] {dagbag.py:545} INFO - Filling up the DagBag from /home/airflow/.local/lib/python3.12/site-packages/airflow/example_dags/example_time_delta_sensor_async.py
[2026-05-07T22:33:21.024+0000] {processor.py:840} INFO - DAG(s) 'example_time_delta_sensor_async' retrieved from /home/airflow/.local/lib/python3.12/site-packages/airflow/example_dags/example_time_delta_sensor_async.py
[2026-05-07T22:33:21.044+0000] {logging_mixin.py:188} INFO - [2026-05-07T22:33:21.044+0000] {dag.py:3096} INFO - Sync 1 DAGs
[2026-05-07T22:33:21.057+0000] {logging_mixin.py:188} INFO - [2026-05-07T22:33:21.056+0000] {dag.py:3954} INFO - Setting next_dagrun for example_time_delta_sensor_async to None, run_after=None
[2026-05-07T22:33:21.078+0000] {processor.py:183} INFO - Processing /home/airflow/.local/lib/python3.12/site-packages/airflow/example_dags/example_time_delta_sensor_async.py took 0.067 seconds
[2026-05-07T22:33:51.763+0000] {processor.py:161} INFO - Started process (PID=2401) to work on /home/airflow/.local/lib/python3.12/site-packages/airflow/example_dags/example_time_delta_sensor_async.py
[2026-05-07T22:33:51.764+0000] {processor.py:830} INFO - Processing file /home/airflow/.local/lib/python3.12/site-packages/airflow/example_dags/example_time_delta_sensor_async.py for tasks to queue
[2026-05-07T22:33:51.766+0000] {logging_mixin.py:188} INFO - [2026-05-07T22:33:51.766+0000] {dagbag.py:545} INFO - Filling up the DagBag from /home/airflow/.local/lib/python3.12/site-packages/airflow/example_dags/example_time_delta_sensor_async.py
[2026-05-07T22:33:51.777+0000] {processor.py:840} INFO - DAG(s) 'example_time_delta_sensor_async' retrieved from /home/airflow/.local/lib/python3.12/site-packages/airflow/example_dags/example_time_delta_sensor_async.py
[2026-05-07T22:33:51.799+0000] {logging_mixin.py:188} INFO - [2026-05-07T22:33:51.798+0000] {dag.py:3096} INFO - Sync 1 DAGs
[2026-05-07T22:33:51.811+0000] {logging_mixin.py:188} INFO - [2026-05-07T22:33:51.811+0000] {dag.py:3954} INFO - Setting next_dagrun for example_time_delta_sensor_async to None, run_after=None
[2026-05-07T22:33:51.836+0000] {processor.py:183} INFO - Processing /home/airflow/.local/lib/python3.12/site-packages/airflow/example_dags/example_time_delta_sensor_async.py took 0.078 seconds
[2026-05-07T22:34:22.766+0000] {processor.py:161} INFO - Started process (PID=2459) to work on /home/airflow/.local/lib/python3.12/site-packages/airflow/example_dags/example_time_delta_sensor_async.py
[2026-05-07T22:34:22.767+0000] {processor.py:830} INFO - Processing file /home/airflow/.local/lib/python3.12/site-packages/airflow/example_dags/example_time_delta_sensor_async.py for tasks to queue
[2026-05-07T22:34:22.769+0000] {logging_mixin.py:188} INFO - [2026-05-07T22:34:22.769+0000] {dagbag.py:545} INFO - Filling up the DagBag from /home/airflow/.local/lib/python3.12/site-packages/airflow/example_dags/example_time_delta_sensor_async.py
[2026-05-07T22:34:22.774+0000] {processor.py:840} INFO - DAG(s) 'example_time_delta_sensor_async' retrieved from /home/airflow/.local/lib/python3.12/site-packages/airflow/example_dags/example_time_delta_sensor_async.py
[2026-05-07T22:34:22.796+0000] {logging_mixin.py:188} INFO - [2026-05-07T22:34:22.796+0000] {dag.py:3096} INFO - Sync 1 DAGs
[2026-05-07T22:34:22.809+0000] {logging_mixin.py:188} INFO - [2026-05-07T22:34:22.808+0000] {dag.py:3954} INFO - Setting next_dagrun for example_time_delta_sensor_async to None, run_after=None
[2026-05-07T22:34:22.829+0000] {processor.py:183} INFO - Processing /home/airflow/.local/lib/python3.12/site-packages/airflow/example_dags/example_time_delta_sensor_async.py took 0.068 seconds
[2026-05-07T22:34:52.989+0000] {processor.py:161} INFO - Started process (PID=2517) to work on /home/airflow/.local/lib/python3.12/site-packages/airflow/example_dags/example_time_delta_sensor_async.py
[2026-05-07T22:34:52.991+0000] {processor.py:830} INFO - Processing file /home/airflow/.local/lib/python3.12/site-packages/airflow/example_dags/example_time_delta_sensor_async.py for tasks to queue
[2026-05-07T22:34:52.993+0000] {logging_mixin.py:188} INFO - [2026-05-07T22:34:52.993+0000] {dagbag.py:545} INFO - Filling up the DagBag from /home/airflow/.local/lib/python3.12/site-packages/airflow/example_dags/example_time_delta_sensor_async.py
[2026-05-07T22:34:52.998+0000] {processor.py:840} INFO - DAG(s) 'example_time_delta_sensor_async' retrieved from /home/airflow/.local/lib/python3.12/site-packages/airflow/example_dags/example_time_delta_sensor_async.py
[2026-05-07T22:34:53.016+0000] {logging_mixin.py:188} INFO - [2026-05-07T22:34:53.016+0000] {dag.py:3096} INFO - Sync 1 DAGs
[2026-05-07T22:34:53.027+0000] {logging_mixin.py:188} INFO - [2026-05-07T22:34:53.027+0000] {dag.py:3954} INFO - Setting next_dagrun for example_time_delta_sensor_async to None, run_after=None
[2026-05-07T22:34:53.046+0000] {processor.py:183} INFO - Processing /home/airflow/.local/lib/python3.12/site-packages/airflow/example_dags/example_time_delta_sensor_async.py took 0.061 seconds
[2026-05-07T22:35:23.203+0000] {processor.py:161} INFO - Started process (PID=2575) to work on /home/airflow/.local/lib/python3.12/site-packages/airflow/example_dags/example_time_delta_sensor_async.py
[2026-05-07T22:35:23.204+0000] {processor.py:830} INFO - Processing file /home/airflow/.local/lib/python3.12/site-packages/airflow/example_dags/example_time_delta_sensor_async.py for tasks to queue
[2026-05-07T22:35:23.206+0000] {logging_mixin.py:188} INFO - [2026-05-07T22:35:23.206+0000] {dagbag.py:545} INFO - Filling up the DagBag from /home/airflow/.local/lib/python3.12/site-packages/airflow/example_dags/example_time_delta_sensor_async.py
[2026-05-07T22:35:23.211+0000] {processor.py:840} INFO - DAG(s) 'example_time_delta_sensor_async' retrieved from /home/airflow/.local/lib/python3.12/site-packages/airflow/example_dags/example_time_delta_sensor_async.py
[2026-05-07T22:35:23.229+0000] {logging_mixin.py:188} INFO - [2026-05-07T22:35:23.229+0000] {dag.py:3096} INFO - Sync 1 DAGs
[2026-05-07T22:35:23.239+0000] {logging_mixin.py:188} INFO - [2026-05-07T22:35:23.239+0000] {dag.py:3954} INFO - Setting next_dagrun for example_time_delta_sensor_async to None, run_after=None
[2026-05-07T22:35:23.261+0000] {processor.py:183} INFO - Processing /home/airflow/.local/lib/python3.12/site-packages/airflow/example_dags/example_time_delta_sensor_async.py took 0.064 seconds
[2026-05-07T22:35:53.718+0000] {processor.py:161} INFO - Started process (PID=2633) to work on /home/airflow/.local/lib/python3.12/site-packages/airflow/example_dags/example_time_delta_sensor_async.py
[2026-05-07T22:35:53.719+0000] {processor.py:830} INFO - Processing file /home/airflow/.local/lib/python3.12/site-packages/airflow/example_dags/example_time_delta_sensor_async.py for tasks to queue
[2026-05-07T22:35:53.721+0000] {logging_mixin.py:188} INFO - [2026-05-07T22:35:53.721+0000] {dagbag.py:545} INFO - Filling up the DagBag from /home/airflow/.local/lib/python3.12/site-packages/airflow/example_dags/example_time_delta_sensor_async.py
[2026-05-07T22:35:53.725+0000] {processor.py:840} INFO - DAG(s) 'example_time_delta_sensor_async' retrieved from /home/airflow/.local/lib/python3.12/site-packages/airflow/example_dags/example_time_delta_sensor_async.py
[2026-05-07T22:35:53.743+0000] {logging_mixin.py:188} INFO - [2026-05-07T22:35:53.743+0000] {dag.py:3096} INFO - Sync 1 DAGs
[2026-05-07T22:35:53.753+0000] {logging_mixin.py:188} INFO - [2026-05-07T22:35:53.753+0000] {dag.py:3954} INFO - Setting next_dagrun for example_time_delta_sensor_async to None, run_after=None
[2026-05-07T22:35:53.779+0000] {processor.py:183} INFO - Processing /home/airflow/.local/lib/python3.12/site-packages/airflow/example_dags/example_time_delta_sensor_async.py took 0.066 seconds
[2026-05-07T22:36:24.032+0000] {processor.py:161} INFO - Started process (PID=2691) to work on /home/airflow/.local/lib/python3.12/site-packages/airflow/example_dags/example_time_delta_sensor_async.py
[2026-05-07T22:36:24.033+0000] {processor.py:830} INFO - Processing file /home/airflow/.local/lib/python3.12/site-packages/airflow/example_dags/example_time_delta_sensor_async.py for tasks to queue
[2026-05-07T22:36:24.035+0000] {logging_mixin.py:188} INFO - [2026-05-07T22:36:24.034+0000] {dagbag.py:545} INFO - Filling up the DagBag from /home/airflow/.local/lib/python3.12/site-packages/airflow/example_dags/example_time_delta_sensor_async.py
[2026-05-07T22:36:24.039+0000] {processor.py:840} INFO - DAG(s) 'example_time_delta_sensor_async' retrieved from /home/airflow/.local/lib/python3.12/site-packages/airflow/example_dags/example_time_delta_sensor_async.py
[2026-05-07T22:36:24.057+0000] {logging_mixin.py:188} INFO - [2026-05-07T22:36:24.057+0000] {dag.py:3096} INFO - Sync 1 DAGs
[2026-05-07T22:36:24.067+0000] {logging_mixin.py:188} INFO - [2026-05-07T22:36:24.067+0000] {dag.py:3954} INFO - Setting next_dagrun for example_time_delta_sensor_async to None, run_after=None
[2026-05-07T22:36:24.085+0000] {processor.py:183} INFO - Processing /home/airflow/.local/lib/python3.12/site-packages/airflow/example_dags/example_time_delta_sensor_async.py took 0.059 seconds
[2026-05-07T22:36:54.282+0000] {processor.py:161} INFO - Started process (PID=2749) to work on /home/airflow/.local/lib/python3.12/site-packages/airflow/example_dags/example_time_delta_sensor_async.py
[2026-05-07T22:36:54.283+0000] {processor.py:830} INFO - Processing file /home/airflow/.local/lib/python3.12/site-packages/airflow/example_dags/example_time_delta_sensor_async.py for tasks to queue
[2026-05-07T22:36:54.285+0000] {logging_mixin.py:188} INFO - [2026-05-07T22:36:54.285+0000] {dagbag.py:545} INFO - Filling up the DagBag from /home/airflow/.local/lib/python3.12/site-packages/airflow/example_dags/example_time_delta_sensor_async.py
[2026-05-07T22:36:54.290+0000] {processor.py:840} INFO - DAG(s) 'example_time_delta_sensor_async' retrieved from /home/airflow/.local/lib/python3.12/site-packages/airflow/example_dags/example_time_delta_sensor_async.py
[2026-05-07T22:36:54.307+0000] {logging_mixin.py:188} INFO - [2026-05-07T22:36:54.307+0000] {dag.py:3096} INFO - Sync 1 DAGs
[2026-05-07T22:36:54.318+0000] {logging_mixin.py:188} INFO - [2026-05-07T22:36:54.317+0000] {dag.py:3954} INFO - Setting next_dagrun for example_time_delta_sensor_async to None, run_after=None
[2026-05-07T22:36:54.337+0000] {processor.py:183} INFO - Processing /home/airflow/.local/lib/python3.12/site-packages/airflow/example_dags/example_time_delta_sensor_async.py took 0.060 seconds
[2026-05-07T22:37:25.103+0000] {processor.py:161} INFO - Started process (PID=2807) to work on /home/airflow/.local/lib/python3.12/site-packages/airflow/example_dags/example_time_delta_sensor_async.py
[2026-05-07T22:37:25.105+0000] {processor.py:830} INFO - Processing file /home/airflow/.local/lib/python3.12/site-packages/airflow/example_dags/example_time_delta_sensor_async.py for tasks to queue
[2026-05-07T22:37:25.107+0000] {logging_mixin.py:188} INFO - [2026-05-07T22:37:25.106+0000] {dagbag.py:545} INFO - Filling up the DagBag from /home/airflow/.local/lib/python3.12/site-packages/airflow/example_dags/example_time_delta_sensor_async.py
[2026-05-07T22:37:25.111+0000] {processor.py:840} INFO - DAG(s) 'example_time_delta_sensor_async' retrieved from /home/airflow/.local/lib/python3.12/site-packages/airflow/example_dags/example_time_delta_sensor_async.py
[2026-05-07T22:37:25.129+0000] {logging_mixin.py:188} INFO - [2026-05-07T22:37:25.129+0000] {dag.py:3096} INFO - Sync 1 DAGs
[2026-05-07T22:37:25.140+0000] {logging_mixin.py:188} INFO - [2026-05-07T22:37:25.140+0000] {dag.py:3954} INFO - Setting next_dagrun for example_time_delta_sensor_async to None, run_after=None
[2026-05-07T22:37:25.160+0000] {processor.py:183} INFO - Processing /home/airflow/.local/lib/python3.12/site-packages/airflow/example_dags/example_time_delta_sensor_async.py took 0.062 seconds
[2026-05-07T22:37:55.367+0000] {processor.py:161} INFO - Started process (PID=2865) to work on /home/airflow/.local/lib/python3.12/site-packages/airflow/example_dags/example_time_delta_sensor_async.py
[2026-05-07T22:37:55.368+0000] {processor.py:830} INFO - Processing file /home/airflow/.local/lib/python3.12/site-packages/airflow/example_dags/example_time_delta_sensor_async.py for tasks to queue
[2026-05-07T22:37:55.370+0000] {logging_mixin.py:188} INFO - [2026-05-07T22:37:55.370+0000] {dagbag.py:545} INFO - Filling up the DagBag from /home/airflow/.local/lib/python3.12/site-packages/airflow/example_dags/example_time_delta_sensor_async.py
[2026-05-07T22:37:55.374+0000] {processor.py:840} INFO - DAG(s) 'example_time_delta_sensor_async' retrieved from /home/airflow/.local/lib/python3.12/site-packages/airflow/example_dags/example_time_delta_sensor_async.py
[2026-05-07T22:37:55.394+0000] {logging_mixin.py:188} INFO - [2026-05-07T22:37:55.393+0000] {dag.py:3096} INFO - Sync 1 DAGs
[2026-05-07T22:37:55.404+0000] {logging_mixin.py:188} INFO - [2026-05-07T22:37:55.404+0000] {dag.py:3954} INFO - Setting next_dagrun for example_time_delta_sensor_async to None, run_after=None
[2026-05-07T22:37:55.424+0000] {processor.py:183} INFO - Processing /home/airflow/.local/lib/python3.12/site-packages/airflow/example_dags/example_time_delta_sensor_async.py took 0.062 seconds
[2026-05-07T22:38:25.475+0000] {processor.py:161} INFO - Started process (PID=2923) to work on /home/airflow/.local/lib/python3.12/site-packages/airflow/example_dags/example_time_delta_sensor_async.py
[2026-05-07T22:38:25.477+0000] {processor.py:830} INFO - Processing file /home/airflow/.local/lib/python3.12/site-packages/airflow/example_dags/example_time_delta_sensor_async.py for tasks to queue
[2026-05-07T22:38:25.479+0000] {logging_mixin.py:188} INFO - [2026-05-07T22:38:25.478+0000] {dagbag.py:545} INFO - Filling up the DagBag from /home/airflow/.local/lib/python3.12/site-packages/airflow/example_dags/example_time_delta_sensor_async.py
[2026-05-07T22:38:25.483+0000] {processor.py:840} INFO - DAG(s) 'example_time_delta_sensor_async' retrieved from /home/airflow/.local/lib/python3.12/site-packages/airflow/example_dags/example_time_delta_sensor_async.py
[2026-05-07T22:38:25.500+0000] {logging_mixin.py:188} INFO - [2026-05-07T22:38:25.500+0000] {dag.py:3096} INFO - Sync 1 DAGs
[2026-05-07T22:38:25.510+0000] {logging_mixin.py:188} INFO - [2026-05-07T22:38:25.509+0000] {dag.py:3954} INFO - Setting next_dagrun for example_time_delta_sensor_async to None, run_after=None
[2026-05-07T22:38:25.528+0000] {processor.py:183} INFO - Processing /home/airflow/.local/lib/python3.12/site-packages/airflow/example_dags/example_time_delta_sensor_async.py took 0.058 seconds
[2026-05-07T22:38:55.603+0000] {processor.py:161} INFO - Started process (PID=2981) to work on /home/airflow/.local/lib/python3.12/site-packages/airflow/example_dags/example_time_delta_sensor_async.py
[2026-05-07T22:38:55.604+0000] {processor.py:830} INFO - Processing file /home/airflow/.local/lib/python3.12/site-packages/airflow/example_dags/example_time_delta_sensor_async.py for tasks to queue
[2026-05-07T22:38:55.606+0000] {logging_mixin.py:188} INFO - [2026-05-07T22:38:55.606+0000] {dagbag.py:545} INFO - Filling up the DagBag from /home/airflow/.local/lib/python3.12/site-packages/airflow/example_dags/example_time_delta_sensor_async.py
[2026-05-07T22:38:55.610+0000] {processor.py:840} INFO - DAG(s) 'example_time_delta_sensor_async' retrieved from /home/airflow/.local/lib/python3.12/site-packages/airflow/example_dags/example_time_delta_sensor_async.py
[2026-05-07T22:38:55.628+0000] {logging_mixin.py:188} INFO - [2026-05-07T22:38:55.628+0000] {dag.py:3096} INFO - Sync 1 DAGs
[2026-05-07T22:38:55.640+0000] {logging_mixin.py:188} INFO - [2026-05-07T22:38:55.640+0000] {dag.py:3954} INFO - Setting next_dagrun for example_time_delta_sensor_async to None, run_after=None
[2026-05-07T22:38:55.659+0000] {processor.py:183} INFO - Processing /home/airflow/.local/lib/python3.12/site-packages/airflow/example_dags/example_time_delta_sensor_async.py took 0.062 seconds
[2026-05-07T22:39:25.888+0000] {processor.py:161} INFO - Started process (PID=3039) to work on /home/airflow/.local/lib/python3.12/site-packages/airflow/example_dags/example_time_delta_sensor_async.py
[2026-05-07T22:39:25.889+0000] {processor.py:830} INFO - Processing file /home/airflow/.local/lib/python3.12/site-packages/airflow/example_dags/example_time_delta_sensor_async.py for tasks to queue
[2026-05-07T22:39:25.891+0000] {logging_mixin.py:188} INFO - [2026-05-07T22:39:25.891+0000] {dagbag.py:545} INFO - Filling up the DagBag from /home/airflow/.local/lib/python3.12/site-packages/airflow/example_dags/example_time_delta_sensor_async.py
[2026-05-07T22:39:25.895+0000] {processor.py:840} INFO - DAG(s) 'example_time_delta_sensor_async' retrieved from /home/airflow/.local/lib/python3.12/site-packages/airflow/example_dags/example_time_delta_sensor_async.py
[2026-05-07T22:39:25.914+0000] {logging_mixin.py:188} INFO - [2026-05-07T22:39:25.914+0000] {dag.py:3096} INFO - Sync 1 DAGs
[2026-05-07T22:39:25.924+0000] {logging_mixin.py:188} INFO - [2026-05-07T22:39:25.924+0000] {dag.py:3954} INFO - Setting next_dagrun for example_time_delta_sensor_async to None, run_after=None
[2026-05-07T22:39:25.942+0000] {processor.py:183} INFO - Processing /home/airflow/.local/lib/python3.12/site-packages/airflow/example_dags/example_time_delta_sensor_async.py took 0.059 seconds
[2026-05-07T22:39:56.055+0000] {processor.py:161} INFO - Started process (PID=3097) to work on /home/airflow/.local/lib/python3.12/site-packages/airflow/example_dags/example_time_delta_sensor_async.py
[2026-05-07T22:39:56.057+0000] {processor.py:830} INFO - Processing file /home/airflow/.local/lib/python3.12/site-packages/airflow/example_dags/example_time_delta_sensor_async.py for tasks to queue
[2026-05-07T22:39:56.060+0000] {logging_mixin.py:188} INFO - [2026-05-07T22:39:56.059+0000] {dagbag.py:545} INFO - Filling up the DagBag from /home/airflow/.local/lib/python3.12/site-packages/airflow/example_dags/example_time_delta_sensor_async.py
[2026-05-07T22:39:56.064+0000] {processor.py:840} INFO - DAG(s) 'example_time_delta_sensor_async' retrieved from /home/airflow/.local/lib/python3.12/site-packages/airflow/example_dags/example_time_delta_sensor_async.py
[2026-05-07T22:39:56.083+0000] {logging_mixin.py:188} INFO - [2026-05-07T22:39:56.082+0000] {dag.py:3096} INFO - Sync 1 DAGs
[2026-05-07T22:39:56.093+0000] {logging_mixin.py:188} INFO - [2026-05-07T22:39:56.092+0000] {dag.py:3954} INFO - Setting next_dagrun for example_time_delta_sensor_async to None, run_after=None
[2026-05-07T22:39:56.110+0000] {processor.py:183} INFO - Processing /home/airflow/.local/lib/python3.12/site-packages/airflow/example_dags/example_time_delta_sensor_async.py took 0.060 seconds
[2026-05-07T22:40:26.369+0000] {processor.py:161} INFO - Started process (PID=3155) to work on /home/airflow/.local/lib/python3.12/site-packages/airflow/example_dags/example_time_delta_sensor_async.py
[2026-05-07T22:40:26.371+0000] {processor.py:830} INFO - Processing file /home/airflow/.local/lib/python3.12/site-packages/airflow/example_dags/example_time_delta_sensor_async.py for tasks to queue
[2026-05-07T22:40:26.373+0000] {logging_mixin.py:188} INFO - [2026-05-07T22:40:26.372+0000] {dagbag.py:545} INFO - Filling up the DagBag from /home/airflow/.local/lib/python3.12/site-packages/airflow/example_dags/example_time_delta_sensor_async.py
[2026-05-07T22:40:26.377+0000] {processor.py:840} INFO - DAG(s) 'example_time_delta_sensor_async' retrieved from /home/airflow/.local/lib/python3.12/site-packages/airflow/example_dags/example_time_delta_sensor_async.py
[2026-05-07T22:40:26.396+0000] {logging_mixin.py:188} INFO - [2026-05-07T22:40:26.396+0000] {dag.py:3096} INFO - Sync 1 DAGs
[2026-05-07T22:40:26.407+0000] {logging_mixin.py:188} INFO - [2026-05-07T22:40:26.407+0000] {dag.py:3954} INFO - Setting next_dagrun for example_time_delta_sensor_async to None, run_after=None
[2026-05-07T22:40:26.427+0000] {processor.py:183} INFO - Processing /home/airflow/.local/lib/python3.12/site-packages/airflow/example_dags/example_time_delta_sensor_async.py took 0.064 seconds
[2026-05-07T22:40:56.728+0000] {processor.py:161} INFO - Started process (PID=3213) to work on /home/airflow/.local/lib/python3.12/site-packages/airflow/example_dags/example_time_delta_sensor_async.py
[2026-05-07T22:40:56.729+0000] {processor.py:830} INFO - Processing file /home/airflow/.local/lib/python3.12/site-packages/airflow/example_dags/example_time_delta_sensor_async.py for tasks to queue
[2026-05-07T22:40:56.731+0000] {logging_mixin.py:188} INFO - [2026-05-07T22:40:56.731+0000] {dagbag.py:545} INFO - Filling up the DagBag from /home/airflow/.local/lib/python3.12/site-packages/airflow/example_dags/example_time_delta_sensor_async.py
[2026-05-07T22:40:56.735+0000] {processor.py:840} INFO - DAG(s) 'example_time_delta_sensor_async' retrieved from /home/airflow/.local/lib/python3.12/site-packages/airflow/example_dags/example_time_delta_sensor_async.py
[2026-05-07T22:40:56.754+0000] {logging_mixin.py:188} INFO - [2026-05-07T22:40:56.754+0000] {dag.py:3096} INFO - Sync 1 DAGs
[2026-05-07T22:40:56.764+0000] {logging_mixin.py:188} INFO - [2026-05-07T22:40:56.764+0000] {dag.py:3954} INFO - Setting next_dagrun for example_time_delta_sensor_async to None, run_after=None
[2026-05-07T22:40:56.781+0000] {processor.py:183} INFO - Processing /home/airflow/.local/lib/python3.12/site-packages/airflow/example_dags/example_time_delta_sensor_async.py took 0.058 seconds
[2026-05-07T22:41:27.003+0000] {processor.py:161} INFO - Started process (PID=3271) to work on /home/airflow/.local/lib/python3.12/site-packages/airflow/example_dags/example_time_delta_sensor_async.py
[2026-05-07T22:41:27.004+0000] {processor.py:830} INFO - Processing file /home/airflow/.local/lib/python3.12/site-packages/airflow/example_dags/example_time_delta_sensor_async.py for tasks to queue
[2026-05-07T22:41:27.006+0000] {logging_mixin.py:188} INFO - [2026-05-07T22:41:27.006+0000] {dagbag.py:545} INFO - Filling up the DagBag from /home/airflow/.local/lib/python3.12/site-packages/airflow/example_dags/example_time_delta_sensor_async.py
[2026-05-07T22:41:27.011+0000] {processor.py:840} INFO - DAG(s) 'example_time_delta_sensor_async' retrieved from /home/airflow/.local/lib/python3.12/site-packages/airflow/example_dags/example_time_delta_sensor_async.py
[2026-05-07T22:41:27.031+0000] {logging_mixin.py:188} INFO - [2026-05-07T22:41:27.030+0000] {dag.py:3096} INFO - Sync 1 DAGs
[2026-05-07T22:41:27.041+0000] {logging_mixin.py:188} INFO - [2026-05-07T22:41:27.041+0000] {dag.py:3954} INFO - Setting next_dagrun for example_time_delta_sensor_async to None, run_after=None
[2026-05-07T22:41:27.058+0000] {processor.py:183} INFO - Processing /home/airflow/.local/lib/python3.12/site-packages/airflow/example_dags/example_time_delta_sensor_async.py took 0.061 seconds
[2026-05-07T22:41:57.308+0000] {processor.py:161} INFO - Started process (PID=3329) to work on /home/airflow/.local/lib/python3.12/site-packages/airflow/example_dags/example_time_delta_sensor_async.py
[2026-05-07T22:41:57.309+0000] {processor.py:830} INFO - Processing file /home/airflow/.local/lib/python3.12/site-packages/airflow/example_dags/example_time_delta_sensor_async.py for tasks to queue
[2026-05-07T22:41:57.311+0000] {logging_mixin.py:188} INFO - [2026-05-07T22:41:57.310+0000] {dagbag.py:545} INFO - Filling up the DagBag from /home/airflow/.local/lib/python3.12/site-packages/airflow/example_dags/example_time_delta_sensor_async.py
[2026-05-07T22:41:57.315+0000] {processor.py:840} INFO - DAG(s) 'example_time_delta_sensor_async' retrieved from /home/airflow/.local/lib/python3.12/site-packages/airflow/example_dags/example_time_delta_sensor_async.py
[2026-05-07T22:41:57.333+0000] {logging_mixin.py:188} INFO - [2026-05-07T22:41:57.332+0000] {dag.py:3096} INFO - Sync 1 DAGs
[2026-05-07T22:41:57.343+0000] {logging_mixin.py:188} INFO - [2026-05-07T22:41:57.343+0000] {dag.py:3954} INFO - Setting next_dagrun for example_time_delta_sensor_async to None, run_after=None
[2026-05-07T22:41:57.361+0000] {processor.py:183} INFO - Processing /home/airflow/.local/lib/python3.12/site-packages/airflow/example_dags/example_time_delta_sensor_async.py took 0.058 seconds
[2026-05-07T22:42:28.268+0000] {processor.py:161} INFO - Started process (PID=3387) to work on /home/airflow/.local/lib/python3.12/site-packages/airflow/example_dags/example_time_delta_sensor_async.py
[2026-05-07T22:42:28.269+0000] {processor.py:830} INFO - Processing file /home/airflow/.local/lib/python3.12/site-packages/airflow/example_dags/example_time_delta_sensor_async.py for tasks to queue
[2026-05-07T22:42:28.271+0000] {logging_mixin.py:188} INFO - [2026-05-07T22:42:28.271+0000] {dagbag.py:545} INFO - Filling up the DagBag from /home/airflow/.local/lib/python3.12/site-packages/airflow/example_dags/example_time_delta_sensor_async.py
[2026-05-07T22:42:28.275+0000] {processor.py:840} INFO - DAG(s) 'example_time_delta_sensor_async' retrieved from /home/airflow/.local/lib/python3.12/site-packages/airflow/example_dags/example_time_delta_sensor_async.py
[2026-05-07T22:42:28.293+0000] {logging_mixin.py:188} INFO - [2026-05-07T22:42:28.293+0000] {dag.py:3096} INFO - Sync 1 DAGs
[2026-05-07T22:42:28.303+0000] {logging_mixin.py:188} INFO - [2026-05-07T22:42:28.303+0000] {dag.py:3954} INFO - Setting next_dagrun for example_time_delta_sensor_async to None, run_after=None
[2026-05-07T22:42:28.322+0000] {processor.py:183} INFO - Processing /home/airflow/.local/lib/python3.12/site-packages/airflow/example_dags/example_time_delta_sensor_async.py took 0.059 seconds
[2026-05-07T22:42:58.760+0000] {processor.py:161} INFO - Started process (PID=3445) to work on /home/airflow/.local/lib/python3.12/site-packages/airflow/example_dags/example_time_delta_sensor_async.py
[2026-05-07T22:42:58.761+0000] {processor.py:830} INFO - Processing file /home/airflow/.local/lib/python3.12/site-packages/airflow/example_dags/example_time_delta_sensor_async.py for tasks to queue
[2026-05-07T22:42:58.763+0000] {logging_mixin.py:188} INFO - [2026-05-07T22:42:58.763+0000] {dagbag.py:545} INFO - Filling up the DagBag from /home/airflow/.local/lib/python3.12/site-packages/airflow/example_dags/example_time_delta_sensor_async.py
[2026-05-07T22:42:58.768+0000] {processor.py:840} INFO - DAG(s) 'example_time_delta_sensor_async' retrieved from /home/airflow/.local/lib/python3.12/site-packages/airflow/example_dags/example_time_delta_sensor_async.py
[2026-05-07T22:42:58.785+0000] {logging_mixin.py:188} INFO - [2026-05-07T22:42:58.785+0000] {dag.py:3096} INFO - Sync 1 DAGs
[2026-05-07T22:42:58.796+0000] {logging_mixin.py:188} INFO - [2026-05-07T22:42:58.796+0000] {dag.py:3954} INFO - Setting next_dagrun for example_time_delta_sensor_async to None, run_after=None
[2026-05-07T22:42:58.814+0000] {processor.py:183} INFO - Processing /home/airflow/.local/lib/python3.12/site-packages/airflow/example_dags/example_time_delta_sensor_async.py took 0.060 seconds
[2026-05-07T22:43:29.055+0000] {processor.py:161} INFO - Started process (PID=3502) to work on /home/airflow/.local/lib/python3.12/site-packages/airflow/example_dags/example_time_delta_sensor_async.py
[2026-05-07T22:43:29.056+0000] {processor.py:830} INFO - Processing file /home/airflow/.local/lib/python3.12/site-packages/airflow/example_dags/example_time_delta_sensor_async.py for tasks to queue
[2026-05-07T22:43:29.058+0000] {logging_mixin.py:188} INFO - [2026-05-07T22:43:29.058+0000] {dagbag.py:545} INFO - Filling up the DagBag from /home/airflow/.local/lib/python3.12/site-packages/airflow/example_dags/example_time_delta_sensor_async.py
[2026-05-07T22:43:29.062+0000] {processor.py:840} INFO - DAG(s) 'example_time_delta_sensor_async' retrieved from /home/airflow/.local/lib/python3.12/site-packages/airflow/example_dags/example_time_delta_sensor_async.py
[2026-05-07T22:43:29.082+0000] {logging_mixin.py:188} INFO - [2026-05-07T22:43:29.081+0000] {dag.py:3096} INFO - Sync 1 DAGs
[2026-05-07T22:43:29.094+0000] {logging_mixin.py:188} INFO - [2026-05-07T22:43:29.093+0000] {dag.py:3954} INFO - Setting next_dagrun for example_time_delta_sensor_async to None, run_after=None
[2026-05-07T22:43:29.113+0000] {processor.py:183} INFO - Processing /home/airflow/.local/lib/python3.12/site-packages/airflow/example_dags/example_time_delta_sensor_async.py took 0.063 seconds
[2026-05-07T22:43:59.422+0000] {processor.py:161} INFO - Started process (PID=3560) to work on /home/airflow/.local/lib/python3.12/site-packages/airflow/example_dags/example_time_delta_sensor_async.py
[2026-05-07T22:43:59.423+0000] {processor.py:830} INFO - Processing file /home/airflow/.local/lib/python3.12/site-packages/airflow/example_dags/example_time_delta_sensor_async.py for tasks to queue
[2026-05-07T22:43:59.425+0000] {logging_mixin.py:188} INFO - [2026-05-07T22:43:59.425+0000] {dagbag.py:545} INFO - Filling up the DagBag from /home/airflow/.local/lib/python3.12/site-packages/airflow/example_dags/example_time_delta_sensor_async.py
[2026-05-07T22:43:59.431+0000] {processor.py:840} INFO - DAG(s) 'example_time_delta_sensor_async' retrieved from /home/airflow/.local/lib/python3.12/site-packages/airflow/example_dags/example_time_delta_sensor_async.py
[2026-05-07T22:43:59.452+0000] {logging_mixin.py:188} INFO - [2026-05-07T22:43:59.452+0000] {dag.py:3096} INFO - Sync 1 DAGs
[2026-05-07T22:43:59.464+0000] {logging_mixin.py:188} INFO - [2026-05-07T22:43:59.463+0000] {dag.py:3954} INFO - Setting next_dagrun for example_time_delta_sensor_async to None, run_after=None
[2026-05-07T22:43:59.489+0000] {processor.py:183} INFO - Processing /home/airflow/.local/lib/python3.12/site-packages/airflow/example_dags/example_time_delta_sensor_async.py took 0.073 seconds
[2026-05-07T22:44:29.723+0000] {processor.py:161} INFO - Started process (PID=3618) to work on /home/airflow/.local/lib/python3.12/site-packages/airflow/example_dags/example_time_delta_sensor_async.py
[2026-05-07T22:44:29.724+0000] {processor.py:830} INFO - Processing file /home/airflow/.local/lib/python3.12/site-packages/airflow/example_dags/example_time_delta_sensor_async.py for tasks to queue
[2026-05-07T22:44:29.726+0000] {logging_mixin.py:188} INFO - [2026-05-07T22:44:29.726+0000] {dagbag.py:545} INFO - Filling up the DagBag from /home/airflow/.local/lib/python3.12/site-packages/airflow/example_dags/example_time_delta_sensor_async.py
[2026-05-07T22:44:29.732+0000] {processor.py:840} INFO - DAG(s) 'example_time_delta_sensor_async' retrieved from /home/airflow/.local/lib/python3.12/site-packages/airflow/example_dags/example_time_delta_sensor_async.py
[2026-05-07T22:44:29.753+0000] {logging_mixin.py:188} INFO - [2026-05-07T22:44:29.753+0000] {dag.py:3096} INFO - Sync 1 DAGs
[2026-05-07T22:44:29.764+0000] {logging_mixin.py:188} INFO - [2026-05-07T22:44:29.764+0000] {dag.py:3954} INFO - Setting next_dagrun for example_time_delta_sensor_async to None, run_after=None
[2026-05-07T22:44:29.781+0000] {processor.py:183} INFO - Processing /home/airflow/.local/lib/python3.12/site-packages/airflow/example_dags/example_time_delta_sensor_async.py took 0.064 seconds
[2026-05-07T22:45:00.007+0000] {processor.py:161} INFO - Started process (PID=3676) to work on /home/airflow/.local/lib/python3.12/site-packages/airflow/example_dags/example_time_delta_sensor_async.py
[2026-05-07T22:45:00.008+0000] {processor.py:830} INFO - Processing file /home/airflow/.local/lib/python3.12/site-packages/airflow/example_dags/example_time_delta_sensor_async.py for tasks to queue
[2026-05-07T22:45:00.011+0000] {logging_mixin.py:188} INFO - [2026-05-07T22:45:00.010+0000] {dagbag.py:545} INFO - Filling up the DagBag from /home/airflow/.local/lib/python3.12/site-packages/airflow/example_dags/example_time_delta_sensor_async.py
[2026-05-07T22:45:00.021+0000] {processor.py:840} INFO - DAG(s) 'example_time_delta_sensor_async' retrieved from /home/airflow/.local/lib/python3.12/site-packages/airflow/example_dags/example_time_delta_sensor_async.py
[2026-05-07T22:45:00.042+0000] {logging_mixin.py:188} INFO - [2026-05-07T22:45:00.042+0000] {dag.py:3096} INFO - Sync 1 DAGs
[2026-05-07T22:45:00.052+0000] {logging_mixin.py:188} INFO - [2026-05-07T22:45:00.052+0000] {dag.py:3954} INFO - Setting next_dagrun for example_time_delta_sensor_async to None, run_after=None
[2026-05-07T22:45:00.069+0000] {processor.py:183} INFO - Processing /home/airflow/.local/lib/python3.12/site-packages/airflow/example_dags/example_time_delta_sensor_async.py took 0.068 seconds
[2026-05-07T22:45:30.432+0000] {processor.py:161} INFO - Started process (PID=3733) to work on /home/airflow/.local/lib/python3.12/site-packages/airflow/example_dags/example_time_delta_sensor_async.py
[2026-05-07T22:45:30.433+0000] {processor.py:830} INFO - Processing file /home/airflow/.local/lib/python3.12/site-packages/airflow/example_dags/example_time_delta_sensor_async.py for tasks to queue
[2026-05-07T22:45:30.435+0000] {logging_mixin.py:188} INFO - [2026-05-07T22:45:30.435+0000] {dagbag.py:545} INFO - Filling up the DagBag from /home/airflow/.local/lib/python3.12/site-packages/airflow/example_dags/example_time_delta_sensor_async.py
[2026-05-07T22:45:30.440+0000] {processor.py:840} INFO - DAG(s) 'example_time_delta_sensor_async' retrieved from /home/airflow/.local/lib/python3.12/site-packages/airflow/example_dags/example_time_delta_sensor_async.py
[2026-05-07T22:45:30.458+0000] {logging_mixin.py:188} INFO - [2026-05-07T22:45:30.458+0000] {dag.py:3096} INFO - Sync 1 DAGs
[2026-05-07T22:45:30.470+0000] {logging_mixin.py:188} INFO - [2026-05-07T22:45:30.469+0000] {dag.py:3954} INFO - Setting next_dagrun for example_time_delta_sensor_async to None, run_after=None
[2026-05-07T22:45:30.488+0000] {processor.py:183} INFO - Processing /home/airflow/.local/lib/python3.12/site-packages/airflow/example_dags/example_time_delta_sensor_async.py took 0.062 seconds
[2026-05-07T22:46:00.599+0000] {processor.py:161} INFO - Started process (PID=3791) to work on /home/airflow/.local/lib/python3.12/site-packages/airflow/example_dags/example_time_delta_sensor_async.py
[2026-05-07T22:46:00.600+0000] {processor.py:830} INFO - Processing file /home/airflow/.local/lib/python3.12/site-packages/airflow/example_dags/example_time_delta_sensor_async.py for tasks to queue
[2026-05-07T22:46:00.602+0000] {logging_mixin.py:188} INFO - [2026-05-07T22:46:00.602+0000] {dagbag.py:545} INFO - Filling up the DagBag from /home/airflow/.local/lib/python3.12/site-packages/airflow/example_dags/example_time_delta_sensor_async.py
[2026-05-07T22:46:00.606+0000] {processor.py:840} INFO - DAG(s) 'example_time_delta_sensor_async' retrieved from /home/airflow/.local/lib/python3.12/site-packages/airflow/example_dags/example_time_delta_sensor_async.py
[2026-05-07T22:46:00.624+0000] {logging_mixin.py:188} INFO - [2026-05-07T22:46:00.623+0000] {dag.py:3096} INFO - Sync 1 DAGs
[2026-05-07T22:46:00.634+0000] {logging_mixin.py:188} INFO - [2026-05-07T22:46:00.634+0000] {dag.py:3954} INFO - Setting next_dagrun for example_time_delta_sensor_async to None, run_after=None
[2026-05-07T22:46:00.651+0000] {processor.py:183} INFO - Processing /home/airflow/.local/lib/python3.12/site-packages/airflow/example_dags/example_time_delta_sensor_async.py took 0.057 seconds
[2026-05-07T22:46:30.849+0000] {processor.py:161} INFO - Started process (PID=3849) to work on /home/airflow/.local/lib/python3.12/site-packages/airflow/example_dags/example_time_delta_sensor_async.py
[2026-05-07T22:46:30.850+0000] {processor.py:830} INFO - Processing file /home/airflow/.local/lib/python3.12/site-packages/airflow/example_dags/example_time_delta_sensor_async.py for tasks to queue
[2026-05-07T22:46:30.852+0000] {logging_mixin.py:188} INFO - [2026-05-07T22:46:30.852+0000] {dagbag.py:545} INFO - Filling up the DagBag from /home/airflow/.local/lib/python3.12/site-packages/airflow/example_dags/example_time_delta_sensor_async.py
[2026-05-07T22:46:30.857+0000] {processor.py:840} INFO - DAG(s) 'example_time_delta_sensor_async' retrieved from /home/airflow/.local/lib/python3.12/site-packages/airflow/example_dags/example_time_delta_sensor_async.py
[2026-05-07T22:46:30.875+0000] {logging_mixin.py:188} INFO - [2026-05-07T22:46:30.874+0000] {dag.py:3096} INFO - Sync 1 DAGs
[2026-05-07T22:46:30.885+0000] {logging_mixin.py:188} INFO - [2026-05-07T22:46:30.885+0000] {dag.py:3954} INFO - Setting next_dagrun for example_time_delta_sensor_async to None, run_after=None
[2026-05-07T22:46:30.905+0000] {processor.py:183} INFO - Processing /home/airflow/.local/lib/python3.12/site-packages/airflow/example_dags/example_time_delta_sensor_async.py took 0.062 seconds
[2026-05-07T22:47:01.110+0000] {processor.py:161} INFO - Started process (PID=3907) to work on /home/airflow/.local/lib/python3.12/site-packages/airflow/example_dags/example_time_delta_sensor_async.py
[2026-05-07T22:47:01.111+0000] {processor.py:830} INFO - Processing file /home/airflow/.local/lib/python3.12/site-packages/airflow/example_dags/example_time_delta_sensor_async.py for tasks to queue
[2026-05-07T22:47:01.113+0000] {logging_mixin.py:188} INFO - [2026-05-07T22:47:01.113+0000] {dagbag.py:545} INFO - Filling up the DagBag from /home/airflow/.local/lib/python3.12/site-packages/airflow/example_dags/example_time_delta_sensor_async.py
[2026-05-07T22:47:01.118+0000] {processor.py:840} INFO - DAG(s) 'example_time_delta_sensor_async' retrieved from /home/airflow/.local/lib/python3.12/site-packages/airflow/example_dags/example_time_delta_sensor_async.py
[2026-05-07T22:47:01.137+0000] {logging_mixin.py:188} INFO - [2026-05-07T22:47:01.136+0000] {dag.py:3096} INFO - Sync 1 DAGs
[2026-05-07T22:47:01.147+0000] {logging_mixin.py:188} INFO - [2026-05-07T22:47:01.147+0000] {dag.py:3954} INFO - Setting next_dagrun for example_time_delta_sensor_async to None, run_after=None
[2026-05-07T22:47:01.163+0000] {processor.py:183} INFO - Processing /home/airflow/.local/lib/python3.12/site-packages/airflow/example_dags/example_time_delta_sensor_async.py took 0.058 seconds
[2026-05-07T22:47:31.470+0000] {processor.py:161} INFO - Started process (PID=3965) to work on /home/airflow/.local/lib/python3.12/site-packages/airflow/example_dags/example_time_delta_sensor_async.py
[2026-05-07T22:47:31.475+0000] {processor.py:830} INFO - Processing file /home/airflow/.local/lib/python3.12/site-packages/airflow/example_dags/example_time_delta_sensor_async.py for tasks to queue
[2026-05-07T22:47:31.478+0000] {logging_mixin.py:188} INFO - [2026-05-07T22:47:31.477+0000] {dagbag.py:545} INFO - Filling up the DagBag from /home/airflow/.local/lib/python3.12/site-packages/airflow/example_dags/example_time_delta_sensor_async.py
[2026-05-07T22:47:31.483+0000] {processor.py:840} INFO - DAG(s) 'example_time_delta_sensor_async' retrieved from /home/airflow/.local/lib/python3.12/site-packages/airflow/example_dags/example_time_delta_sensor_async.py
[2026-05-07T22:47:31.503+0000] {logging_mixin.py:188} INFO - [2026-05-07T22:47:31.503+0000] {dag.py:3096} INFO - Sync 1 DAGs
[2026-05-07T22:47:31.515+0000] {logging_mixin.py:188} INFO - [2026-05-07T22:47:31.514+0000] {dag.py:3954} INFO - Setting next_dagrun for example_time_delta_sensor_async to None, run_after=None
[2026-05-07T22:47:31.532+0000] {processor.py:183} INFO - Processing /home/airflow/.local/lib/python3.12/site-packages/airflow/example_dags/example_time_delta_sensor_async.py took 0.067 seconds
[2026-05-07T22:48:01.571+0000] {processor.py:161} INFO - Started process (PID=4023) to work on /home/airflow/.local/lib/python3.12/site-packages/airflow/example_dags/example_time_delta_sensor_async.py
[2026-05-07T22:48:01.572+0000] {processor.py:830} INFO - Processing file /home/airflow/.local/lib/python3.12/site-packages/airflow/example_dags/example_time_delta_sensor_async.py for tasks to queue
[2026-05-07T22:48:01.574+0000] {logging_mixin.py:188} INFO - [2026-05-07T22:48:01.574+0000] {dagbag.py:545} INFO - Filling up the DagBag from /home/airflow/.local/lib/python3.12/site-packages/airflow/example_dags/example_time_delta_sensor_async.py
[2026-05-07T22:48:01.579+0000] {processor.py:840} INFO - DAG(s) 'example_time_delta_sensor_async' retrieved from /home/airflow/.local/lib/python3.12/site-packages/airflow/example_dags/example_time_delta_sensor_async.py
[2026-05-07T22:48:01.599+0000] {logging_mixin.py:188} INFO - [2026-05-07T22:48:01.599+0000] {dag.py:3096} INFO - Sync 1 DAGs
[2026-05-07T22:48:01.610+0000] {logging_mixin.py:188} INFO - [2026-05-07T22:48:01.609+0000] {dag.py:3954} INFO - Setting next_dagrun for example_time_delta_sensor_async to None, run_after=None
[2026-05-07T22:48:01.631+0000] {processor.py:183} INFO - Processing /home/airflow/.local/lib/python3.12/site-packages/airflow/example_dags/example_time_delta_sensor_async.py took 0.066 seconds
[2026-05-07T22:48:31.784+0000] {processor.py:161} INFO - Started process (PID=4080) to work on /home/airflow/.local/lib/python3.12/site-packages/airflow/example_dags/example_time_delta_sensor_async.py
[2026-05-07T22:48:31.785+0000] {processor.py:830} INFO - Processing file /home/airflow/.local/lib/python3.12/site-packages/airflow/example_dags/example_time_delta_sensor_async.py for tasks to queue
[2026-05-07T22:48:31.788+0000] {logging_mixin.py:188} INFO - [2026-05-07T22:48:31.787+0000] {dagbag.py:545} INFO - Filling up the DagBag from /home/airflow/.local/lib/python3.12/site-packages/airflow/example_dags/example_time_delta_sensor_async.py
[2026-05-07T22:48:31.793+0000] {processor.py:840} INFO - DAG(s) 'example_time_delta_sensor_async' retrieved from /home/airflow/.local/lib/python3.12/site-packages/airflow/example_dags/example_time_delta_sensor_async.py
[2026-05-07T22:48:31.813+0000] {logging_mixin.py:188} INFO - [2026-05-07T22:48:31.813+0000] {dag.py:3096} INFO - Sync 1 DAGs
[2026-05-07T22:48:31.825+0000] {logging_mixin.py:188} INFO - [2026-05-07T22:48:31.825+0000] {dag.py:3954} INFO - Setting next_dagrun for example_time_delta_sensor_async to None, run_after=None
[2026-05-07T22:48:31.844+0000] {processor.py:183} INFO - Processing /home/airflow/.local/lib/python3.12/site-packages/airflow/example_dags/example_time_delta_sensor_async.py took 0.066 seconds
[2026-05-07T22:49:02.140+0000] {processor.py:161} INFO - Started process (PID=4144) to work on /home/airflow/.local/lib/python3.12/site-packages/airflow/example_dags/example_time_delta_sensor_async.py
[2026-05-07T22:49:02.141+0000] {processor.py:830} INFO - Processing file /home/airflow/.local/lib/python3.12/site-packages/airflow/example_dags/example_time_delta_sensor_async.py for tasks to queue
[2026-05-07T22:49:02.143+0000] {logging_mixin.py:188} INFO - [2026-05-07T22:49:02.143+0000] {dagbag.py:545} INFO - Filling up the DagBag from /home/airflow/.local/lib/python3.12/site-packages/airflow/example_dags/example_time_delta_sensor_async.py
[2026-05-07T22:49:02.148+0000] {processor.py:840} INFO - DAG(s) 'example_time_delta_sensor_async' retrieved from /home/airflow/.local/lib/python3.12/site-packages/airflow/example_dags/example_time_delta_sensor_async.py
[2026-05-07T22:49:02.167+0000] {logging_mixin.py:188} INFO - [2026-05-07T22:49:02.166+0000] {dag.py:3096} INFO - Sync 1 DAGs
[2026-05-07T22:49:02.177+0000] {logging_mixin.py:188} INFO - [2026-05-07T22:49:02.177+0000] {dag.py:3954} INFO - Setting next_dagrun for example_time_delta_sensor_async to None, run_after=None
[2026-05-07T22:49:02.194+0000] {processor.py:183} INFO - Processing /home/airflow/.local/lib/python3.12/site-packages/airflow/example_dags/example_time_delta_sensor_async.py took 0.060 seconds
[2026-05-07T22:49:32.497+0000] {processor.py:161} INFO - Started process (PID=4202) to work on /home/airflow/.local/lib/python3.12/site-packages/airflow/example_dags/example_time_delta_sensor_async.py
[2026-05-07T22:49:32.498+0000] {processor.py:830} INFO - Processing file /home/airflow/.local/lib/python3.12/site-packages/airflow/example_dags/example_time_delta_sensor_async.py for tasks to queue
[2026-05-07T22:49:32.500+0000] {logging_mixin.py:188} INFO - [2026-05-07T22:49:32.500+0000] {dagbag.py:545} INFO - Filling up the DagBag from /home/airflow/.local/lib/python3.12/site-packages/airflow/example_dags/example_time_delta_sensor_async.py
[2026-05-07T22:49:32.505+0000] {processor.py:840} INFO - DAG(s) 'example_time_delta_sensor_async' retrieved from /home/airflow/.local/lib/python3.12/site-packages/airflow/example_dags/example_time_delta_sensor_async.py
[2026-05-07T22:49:32.523+0000] {logging_mixin.py:188} INFO - [2026-05-07T22:49:32.523+0000] {dag.py:3096} INFO - Sync 1 DAGs
[2026-05-07T22:49:32.534+0000] {logging_mixin.py:188} INFO - [2026-05-07T22:49:32.534+0000] {dag.py:3954} INFO - Setting next_dagrun for example_time_delta_sensor_async to None, run_after=None
[2026-05-07T22:49:32.550+0000] {processor.py:183} INFO - Processing /home/airflow/.local/lib/python3.12/site-packages/airflow/example_dags/example_time_delta_sensor_async.py took 0.058 seconds
[2026-05-07T22:50:02.901+0000] {processor.py:161} INFO - Started process (PID=4260) to work on /home/airflow/.local/lib/python3.12/site-packages/airflow/example_dags/example_time_delta_sensor_async.py
[2026-05-07T22:50:02.902+0000] {processor.py:830} INFO - Processing file /home/airflow/.local/lib/python3.12/site-packages/airflow/example_dags/example_time_delta_sensor_async.py for tasks to queue
[2026-05-07T22:50:02.904+0000] {logging_mixin.py:188} INFO - [2026-05-07T22:50:02.904+0000] {dagbag.py:545} INFO - Filling up the DagBag from /home/airflow/.local/lib/python3.12/site-packages/airflow/example_dags/example_time_delta_sensor_async.py
[2026-05-07T22:50:02.909+0000] {processor.py:840} INFO - DAG(s) 'example_time_delta_sensor_async' retrieved from /home/airflow/.local/lib/python3.12/site-packages/airflow/example_dags/example_time_delta_sensor_async.py
[2026-05-07T22:50:02.927+0000] {logging_mixin.py:188} INFO - [2026-05-07T22:50:02.927+0000] {dag.py:3096} INFO - Sync 1 DAGs
[2026-05-07T22:50:02.937+0000] {logging_mixin.py:188} INFO - [2026-05-07T22:50:02.937+0000] {dag.py:3954} INFO - Setting next_dagrun for example_time_delta_sensor_async to None, run_after=None
[2026-05-07T22:50:02.955+0000] {processor.py:183} INFO - Processing /home/airflow/.local/lib/python3.12/site-packages/airflow/example_dags/example_time_delta_sensor_async.py took 0.059 seconds
[2026-05-07T22:50:33.038+0000] {processor.py:161} INFO - Started process (PID=4318) to work on /home/airflow/.local/lib/python3.12/site-packages/airflow/example_dags/example_time_delta_sensor_async.py
[2026-05-07T22:50:33.039+0000] {processor.py:830} INFO - Processing file /home/airflow/.local/lib/python3.12/site-packages/airflow/example_dags/example_time_delta_sensor_async.py for tasks to queue
[2026-05-07T22:50:33.041+0000] {logging_mixin.py:188} INFO - [2026-05-07T22:50:33.041+0000] {dagbag.py:545} INFO - Filling up the DagBag from /home/airflow/.local/lib/python3.12/site-packages/airflow/example_dags/example_time_delta_sensor_async.py
[2026-05-07T22:50:33.046+0000] {processor.py:840} INFO - DAG(s) 'example_time_delta_sensor_async' retrieved from /home/airflow/.local/lib/python3.12/site-packages/airflow/example_dags/example_time_delta_sensor_async.py
[2026-05-07T22:50:33.065+0000] {logging_mixin.py:188} INFO - [2026-05-07T22:50:33.065+0000] {dag.py:3096} INFO - Sync 1 DAGs
[2026-05-07T22:50:33.076+0000] {logging_mixin.py:188} INFO - [2026-05-07T22:50:33.076+0000] {dag.py:3954} INFO - Setting next_dagrun for example_time_delta_sensor_async to None, run_after=None
[2026-05-07T22:50:33.098+0000] {processor.py:183} INFO - Processing /home/airflow/.local/lib/python3.12/site-packages/airflow/example_dags/example_time_delta_sensor_async.py took 0.065 seconds
[2026-05-07T22:51:03.427+0000] {processor.py:161} INFO - Started process (PID=4376) to work on /home/airflow/.local/lib/python3.12/site-packages/airflow/example_dags/example_time_delta_sensor_async.py
[2026-05-07T22:51:03.428+0000] {processor.py:830} INFO - Processing file /home/airflow/.local/lib/python3.12/site-packages/airflow/example_dags/example_time_delta_sensor_async.py for tasks to queue
[2026-05-07T22:51:03.431+0000] {logging_mixin.py:188} INFO - [2026-05-07T22:51:03.431+0000] {dagbag.py:545} INFO - Filling up the DagBag from /home/airflow/.local/lib/python3.12/site-packages/airflow/example_dags/example_time_delta_sensor_async.py
[2026-05-07T22:51:03.436+0000] {processor.py:840} INFO - DAG(s) 'example_time_delta_sensor_async' retrieved from /home/airflow/.local/lib/python3.12/site-packages/airflow/example_dags/example_time_delta_sensor_async.py
[2026-05-07T22:51:03.460+0000] {logging_mixin.py:188} INFO - [2026-05-07T22:51:03.460+0000] {dag.py:3096} INFO - Sync 1 DAGs
[2026-05-07T22:51:03.478+0000] {logging_mixin.py:188} INFO - [2026-05-07T22:51:03.478+0000] {dag.py:3954} INFO - Setting next_dagrun for example_time_delta_sensor_async to None, run_after=None
[2026-05-07T22:51:03.502+0000] {processor.py:183} INFO - Processing /home/airflow/.local/lib/python3.12/site-packages/airflow/example_dags/example_time_delta_sensor_async.py took 0.081 seconds
[2026-05-07T22:51:33.674+0000] {processor.py:161} INFO - Started process (PID=4433) to work on /home/airflow/.local/lib/python3.12/site-packages/airflow/example_dags/example_time_delta_sensor_async.py
[2026-05-07T22:51:33.676+0000] {processor.py:830} INFO - Processing file /home/airflow/.local/lib/python3.12/site-packages/airflow/example_dags/example_time_delta_sensor_async.py for tasks to queue
[2026-05-07T22:51:33.678+0000] {logging_mixin.py:188} INFO - [2026-05-07T22:51:33.678+0000] {dagbag.py:545} INFO - Filling up the DagBag from /home/airflow/.local/lib/python3.12/site-packages/airflow/example_dags/example_time_delta_sensor_async.py
[2026-05-07T22:51:33.683+0000] {processor.py:840} INFO - DAG(s) 'example_time_delta_sensor_async' retrieved from /home/airflow/.local/lib/python3.12/site-packages/airflow/example_dags/example_time_delta_sensor_async.py
[2026-05-07T22:51:33.704+0000] {logging_mixin.py:188} INFO - [2026-05-07T22:51:33.704+0000] {dag.py:3096} INFO - Sync 1 DAGs
[2026-05-07T22:51:33.717+0000] {logging_mixin.py:188} INFO - [2026-05-07T22:51:33.717+0000] {dag.py:3954} INFO - Setting next_dagrun for example_time_delta_sensor_async to None, run_after=None
[2026-05-07T22:51:33.739+0000] {processor.py:183} INFO - Processing /home/airflow/.local/lib/python3.12/site-packages/airflow/example_dags/example_time_delta_sensor_async.py took 0.070 seconds
[2026-05-07T22:52:03.994+0000] {processor.py:161} INFO - Started process (PID=4491) to work on /home/airflow/.local/lib/python3.12/site-packages/airflow/example_dags/example_time_delta_sensor_async.py
[2026-05-07T22:52:03.995+0000] {processor.py:830} INFO - Processing file /home/airflow/.local/lib/python3.12/site-packages/airflow/example_dags/example_time_delta_sensor_async.py for tasks to queue
[2026-05-07T22:52:03.996+0000] {logging_mixin.py:188} INFO - [2026-05-07T22:52:03.996+0000] {dagbag.py:545} INFO - Filling up the DagBag from /home/airflow/.local/lib/python3.12/site-packages/airflow/example_dags/example_time_delta_sensor_async.py
[2026-05-07T22:52:04.001+0000] {processor.py:840} INFO - DAG(s) 'example_time_delta_sensor_async' retrieved from /home/airflow/.local/lib/python3.12/site-packages/airflow/example_dags/example_time_delta_sensor_async.py
[2026-05-07T22:52:04.019+0000] {logging_mixin.py:188} INFO - [2026-05-07T22:52:04.019+0000] {dag.py:3096} INFO - Sync 1 DAGs
[2026-05-07T22:52:04.030+0000] {logging_mixin.py:188} INFO - [2026-05-07T22:52:04.030+0000] {dag.py:3954} INFO - Setting next_dagrun for example_time_delta_sensor_async to None, run_after=None
[2026-05-07T22:52:04.047+0000] {processor.py:183} INFO - Processing /home/airflow/.local/lib/python3.12/site-packages/airflow/example_dags/example_time_delta_sensor_async.py took 0.058 seconds
[2026-05-07T22:52:34.406+0000] {processor.py:161} INFO - Started process (PID=4549) to work on /home/airflow/.local/lib/python3.12/site-packages/airflow/example_dags/example_time_delta_sensor_async.py
[2026-05-07T22:52:34.407+0000] {processor.py:830} INFO - Processing file /home/airflow/.local/lib/python3.12/site-packages/airflow/example_dags/example_time_delta_sensor_async.py for tasks to queue
[2026-05-07T22:52:34.409+0000] {logging_mixin.py:188} INFO - [2026-05-07T22:52:34.409+0000] {dagbag.py:545} INFO - Filling up the DagBag from /home/airflow/.local/lib/python3.12/site-packages/airflow/example_dags/example_time_delta_sensor_async.py
[2026-05-07T22:52:34.414+0000] {processor.py:840} INFO - DAG(s) 'example_time_delta_sensor_async' retrieved from /home/airflow/.local/lib/python3.12/site-packages/airflow/example_dags/example_time_delta_sensor_async.py
[2026-05-07T22:52:34.432+0000] {logging_mixin.py:188} INFO - [2026-05-07T22:52:34.432+0000] {dag.py:3096} INFO - Sync 1 DAGs
[2026-05-07T22:52:34.444+0000] {logging_mixin.py:188} INFO - [2026-05-07T22:52:34.444+0000] {dag.py:3954} INFO - Setting next_dagrun for example_time_delta_sensor_async to None, run_after=None
[2026-05-07T22:52:34.463+0000] {processor.py:183} INFO - Processing /home/airflow/.local/lib/python3.12/site-packages/airflow/example_dags/example_time_delta_sensor_async.py took 0.063 seconds
[2026-05-07T22:53:04.950+0000] {processor.py:161} INFO - Started process (PID=4608) to work on /home/airflow/.local/lib/python3.12/site-packages/airflow/example_dags/example_time_delta_sensor_async.py
[2026-05-07T22:53:04.954+0000] {processor.py:830} INFO - Processing file /home/airflow/.local/lib/python3.12/site-packages/airflow/example_dags/example_time_delta_sensor_async.py for tasks to queue
[2026-05-07T22:53:04.961+0000] {logging_mixin.py:188} INFO - [2026-05-07T22:53:04.959+0000] {dagbag.py:545} INFO - Filling up the DagBag from /home/airflow/.local/lib/python3.12/site-packages/airflow/example_dags/example_time_delta_sensor_async.py
[2026-05-07T22:53:04.973+0000] {processor.py:840} INFO - DAG(s) 'example_time_delta_sensor_async' retrieved from /home/airflow/.local/lib/python3.12/site-packages/airflow/example_dags/example_time_delta_sensor_async.py
[2026-05-07T22:53:05.011+0000] {logging_mixin.py:188} INFO - [2026-05-07T22:53:05.011+0000] {dag.py:3096} INFO - Sync 1 DAGs
[2026-05-07T22:53:05.026+0000] {logging_mixin.py:188} INFO - [2026-05-07T22:53:05.026+0000] {dag.py:3954} INFO - Setting next_dagrun for example_time_delta_sensor_async to None, run_after=None
[2026-05-07T22:53:05.050+0000] {processor.py:183} INFO - Processing /home/airflow/.local/lib/python3.12/site-packages/airflow/example_dags/example_time_delta_sensor_async.py took 0.110 seconds
[2026-05-07T22:53:35.388+0000] {processor.py:161} INFO - Started process (PID=4666) to work on /home/airflow/.local/lib/python3.12/site-packages/airflow/example_dags/example_time_delta_sensor_async.py
[2026-05-07T22:53:35.389+0000] {processor.py:830} INFO - Processing file /home/airflow/.local/lib/python3.12/site-packages/airflow/example_dags/example_time_delta_sensor_async.py for tasks to queue
[2026-05-07T22:53:35.392+0000] {logging_mixin.py:188} INFO - [2026-05-07T22:53:35.391+0000] {dagbag.py:545} INFO - Filling up the DagBag from /home/airflow/.local/lib/python3.12/site-packages/airflow/example_dags/example_time_delta_sensor_async.py
[2026-05-07T22:53:35.396+0000] {processor.py:840} INFO - DAG(s) 'example_time_delta_sensor_async' retrieved from /home/airflow/.local/lib/python3.12/site-packages/airflow/example_dags/example_time_delta_sensor_async.py
[2026-05-07T22:53:35.414+0000] {logging_mixin.py:188} INFO - [2026-05-07T22:53:35.414+0000] {dag.py:3096} INFO - Sync 1 DAGs
[2026-05-07T22:53:35.424+0000] {logging_mixin.py:188} INFO - [2026-05-07T22:53:35.424+0000] {dag.py:3954} INFO - Setting next_dagrun for example_time_delta_sensor_async to None, run_after=None
[2026-05-07T22:53:35.442+0000] {processor.py:183} INFO - Processing /home/airflow/.local/lib/python3.12/site-packages/airflow/example_dags/example_time_delta_sensor_async.py took 0.059 seconds
[2026-05-07T22:54:05.687+0000] {processor.py:161} INFO - Started process (PID=4723) to work on /home/airflow/.local/lib/python3.12/site-packages/airflow/example_dags/example_time_delta_sensor_async.py
[2026-05-07T22:54:05.689+0000] {processor.py:830} INFO - Processing file /home/airflow/.local/lib/python3.12/site-packages/airflow/example_dags/example_time_delta_sensor_async.py for tasks to queue
[2026-05-07T22:54:05.690+0000] {logging_mixin.py:188} INFO - [2026-05-07T22:54:05.690+0000] {dagbag.py:545} INFO - Filling up the DagBag from /home/airflow/.local/lib/python3.12/site-packages/airflow/example_dags/example_time_delta_sensor_async.py
[2026-05-07T22:54:05.695+0000] {processor.py:840} INFO - DAG(s) 'example_time_delta_sensor_async' retrieved from /home/airflow/.local/lib/python3.12/site-packages/airflow/example_dags/example_time_delta_sensor_async.py
[2026-05-07T22:54:05.715+0000] {logging_mixin.py:188} INFO - [2026-05-07T22:54:05.714+0000] {dag.py:3096} INFO - Sync 1 DAGs
[2026-05-07T22:54:05.725+0000] {logging_mixin.py:188} INFO - [2026-05-07T22:54:05.725+0000] {dag.py:3954} INFO - Setting next_dagrun for example_time_delta_sensor_async to None, run_after=None
[2026-05-07T22:54:05.742+0000] {processor.py:183} INFO - Processing /home/airflow/.local/lib/python3.12/site-packages/airflow/example_dags/example_time_delta_sensor_async.py took 0.060 seconds
[2026-05-07T22:54:35.932+0000] {processor.py:161} INFO - Started process (PID=4781) to work on /home/airflow/.local/lib/python3.12/site-packages/airflow/example_dags/example_time_delta_sensor_async.py
[2026-05-07T22:54:35.933+0000] {processor.py:830} INFO - Processing file /home/airflow/.local/lib/python3.12/site-packages/airflow/example_dags/example_time_delta_sensor_async.py for tasks to queue
[2026-05-07T22:54:35.935+0000] {logging_mixin.py:188} INFO - [2026-05-07T22:54:35.935+0000] {dagbag.py:545} INFO - Filling up the DagBag from /home/airflow/.local/lib/python3.12/site-packages/airflow/example_dags/example_time_delta_sensor_async.py
[2026-05-07T22:54:35.939+0000] {processor.py:840} INFO - DAG(s) 'example_time_delta_sensor_async' retrieved from /home/airflow/.local/lib/python3.12/site-packages/airflow/example_dags/example_time_delta_sensor_async.py
[2026-05-07T22:54:35.956+0000] {logging_mixin.py:188} INFO - [2026-05-07T22:54:35.956+0000] {dag.py:3096} INFO - Sync 1 DAGs
[2026-05-07T22:54:35.966+0000] {logging_mixin.py:188} INFO - [2026-05-07T22:54:35.966+0000] {dag.py:3954} INFO - Setting next_dagrun for example_time_delta_sensor_async to None, run_after=None
[2026-05-07T22:54:35.989+0000] {processor.py:183} INFO - Processing /home/airflow/.local/lib/python3.12/site-packages/airflow/example_dags/example_time_delta_sensor_async.py took 0.062 seconds
[2026-05-07T22:55:06.102+0000] {processor.py:161} INFO - Started process (PID=4839) to work on /home/airflow/.local/lib/python3.12/site-packages/airflow/example_dags/example_time_delta_sensor_async.py
[2026-05-07T22:55:06.103+0000] {processor.py:830} INFO - Processing file /home/airflow/.local/lib/python3.12/site-packages/airflow/example_dags/example_time_delta_sensor_async.py for tasks to queue
[2026-05-07T22:55:06.105+0000] {logging_mixin.py:188} INFO - [2026-05-07T22:55:06.105+0000] {dagbag.py:545} INFO - Filling up the DagBag from /home/airflow/.local/lib/python3.12/site-packages/airflow/example_dags/example_time_delta_sensor_async.py
[2026-05-07T22:55:06.110+0000] {processor.py:840} INFO - DAG(s) 'example_time_delta_sensor_async' retrieved from /home/airflow/.local/lib/python3.12/site-packages/airflow/example_dags/example_time_delta_sensor_async.py
[2026-05-07T22:55:06.130+0000] {logging_mixin.py:188} INFO - [2026-05-07T22:55:06.130+0000] {dag.py:3096} INFO - Sync 1 DAGs
[2026-05-07T22:55:06.141+0000] {logging_mixin.py:188} INFO - [2026-05-07T22:55:06.141+0000] {dag.py:3954} INFO - Setting next_dagrun for example_time_delta_sensor_async to None, run_after=None
[2026-05-07T22:55:06.161+0000] {processor.py:183} INFO - Processing /home/airflow/.local/lib/python3.12/site-packages/airflow/example_dags/example_time_delta_sensor_async.py took 0.064 seconds
[2026-05-07T22:55:36.465+0000] {processor.py:161} INFO - Started process (PID=4897) to work on /home/airflow/.local/lib/python3.12/site-packages/airflow/example_dags/example_time_delta_sensor_async.py
[2026-05-07T22:55:36.466+0000] {processor.py:830} INFO - Processing file /home/airflow/.local/lib/python3.12/site-packages/airflow/example_dags/example_time_delta_sensor_async.py for tasks to queue
[2026-05-07T22:55:36.468+0000] {logging_mixin.py:188} INFO - [2026-05-07T22:55:36.468+0000] {dagbag.py:545} INFO - Filling up the DagBag from /home/airflow/.local/lib/python3.12/site-packages/airflow/example_dags/example_time_delta_sensor_async.py
[2026-05-07T22:55:36.472+0000] {processor.py:840} INFO - DAG(s) 'example_time_delta_sensor_async' retrieved from /home/airflow/.local/lib/python3.12/site-packages/airflow/example_dags/example_time_delta_sensor_async.py
[2026-05-07T22:55:36.494+0000] {logging_mixin.py:188} INFO - [2026-05-07T22:55:36.493+0000] {dag.py:3096} INFO - Sync 1 DAGs
[2026-05-07T22:55:36.505+0000] {logging_mixin.py:188} INFO - [2026-05-07T22:55:36.505+0000] {dag.py:3954} INFO - Setting next_dagrun for example_time_delta_sensor_async to None, run_after=None
[2026-05-07T22:55:36.525+0000] {processor.py:183} INFO - Processing /home/airflow/.local/lib/python3.12/site-packages/airflow/example_dags/example_time_delta_sensor_async.py took 0.065 seconds
[2026-05-07T22:56:06.838+0000] {processor.py:161} INFO - Started process (PID=4955) to work on /home/airflow/.local/lib/python3.12/site-packages/airflow/example_dags/example_time_delta_sensor_async.py
[2026-05-07T22:56:06.840+0000] {processor.py:830} INFO - Processing file /home/airflow/.local/lib/python3.12/site-packages/airflow/example_dags/example_time_delta_sensor_async.py for tasks to queue
[2026-05-07T22:56:06.842+0000] {logging_mixin.py:188} INFO - [2026-05-07T22:56:06.842+0000] {dagbag.py:545} INFO - Filling up the DagBag from /home/airflow/.local/lib/python3.12/site-packages/airflow/example_dags/example_time_delta_sensor_async.py
[2026-05-07T22:56:06.846+0000] {processor.py:840} INFO - DAG(s) 'example_time_delta_sensor_async' retrieved from /home/airflow/.local/lib/python3.12/site-packages/airflow/example_dags/example_time_delta_sensor_async.py
[2026-05-07T22:56:06.864+0000] {logging_mixin.py:188} INFO - [2026-05-07T22:56:06.863+0000] {dag.py:3096} INFO - Sync 1 DAGs
[2026-05-07T22:56:06.874+0000] {logging_mixin.py:188} INFO - [2026-05-07T22:56:06.874+0000] {dag.py:3954} INFO - Setting next_dagrun for example_time_delta_sensor_async to None, run_after=None
[2026-05-07T22:56:06.890+0000] {processor.py:183} INFO - Processing /home/airflow/.local/lib/python3.12/site-packages/airflow/example_dags/example_time_delta_sensor_async.py took 0.056 seconds
[2026-05-07T22:56:37.549+0000] {processor.py:161} INFO - Started process (PID=5013) to work on /home/airflow/.local/lib/python3.12/site-packages/airflow/example_dags/example_time_delta_sensor_async.py
[2026-05-07T22:56:37.551+0000] {processor.py:830} INFO - Processing file /home/airflow/.local/lib/python3.12/site-packages/airflow/example_dags/example_time_delta_sensor_async.py for tasks to queue
[2026-05-07T22:56:37.553+0000] {logging_mixin.py:188} INFO - [2026-05-07T22:56:37.553+0000] {dagbag.py:545} INFO - Filling up the DagBag from /home/airflow/.local/lib/python3.12/site-packages/airflow/example_dags/example_time_delta_sensor_async.py
[2026-05-07T22:56:37.557+0000] {processor.py:840} INFO - DAG(s) 'example_time_delta_sensor_async' retrieved from /home/airflow/.local/lib/python3.12/site-packages/airflow/example_dags/example_time_delta_sensor_async.py
[2026-05-07T22:56:37.576+0000] {logging_mixin.py:188} INFO - [2026-05-07T22:56:37.575+0000] {dag.py:3096} INFO - Sync 1 DAGs
[2026-05-07T22:56:37.586+0000] {logging_mixin.py:188} INFO - [2026-05-07T22:56:37.586+0000] {dag.py:3954} INFO - Setting next_dagrun for example_time_delta_sensor_async to None, run_after=None
[2026-05-07T22:56:37.606+0000] {processor.py:183} INFO - Processing /home/airflow/.local/lib/python3.12/site-packages/airflow/example_dags/example_time_delta_sensor_async.py took 0.062 seconds
[2026-05-07T22:57:07.947+0000] {processor.py:161} INFO - Started process (PID=5071) to work on /home/airflow/.local/lib/python3.12/site-packages/airflow/example_dags/example_time_delta_sensor_async.py
[2026-05-07T22:57:07.949+0000] {processor.py:830} INFO - Processing file /home/airflow/.local/lib/python3.12/site-packages/airflow/example_dags/example_time_delta_sensor_async.py for tasks to queue
[2026-05-07T22:57:07.951+0000] {logging_mixin.py:188} INFO - [2026-05-07T22:57:07.951+0000] {dagbag.py:545} INFO - Filling up the DagBag from /home/airflow/.local/lib/python3.12/site-packages/airflow/example_dags/example_time_delta_sensor_async.py
[2026-05-07T22:57:07.957+0000] {processor.py:840} INFO - DAG(s) 'example_time_delta_sensor_async' retrieved from /home/airflow/.local/lib/python3.12/site-packages/airflow/example_dags/example_time_delta_sensor_async.py
[2026-05-07T22:57:07.975+0000] {logging_mixin.py:188} INFO - [2026-05-07T22:57:07.975+0000] {dag.py:3096} INFO - Sync 1 DAGs
[2026-05-07T22:57:07.985+0000] {logging_mixin.py:188} INFO - [2026-05-07T22:57:07.985+0000] {dag.py:3954} INFO - Setting next_dagrun for example_time_delta_sensor_async to None, run_after=None
[2026-05-07T22:57:08.001+0000] {processor.py:183} INFO - Processing /home/airflow/.local/lib/python3.12/site-packages/airflow/example_dags/example_time_delta_sensor_async.py took 0.061 seconds
[2026-05-07T22:57:38.092+0000] {processor.py:161} INFO - Started process (PID=5129) to work on /home/airflow/.local/lib/python3.12/site-packages/airflow/example_dags/example_time_delta_sensor_async.py
[2026-05-07T22:57:38.093+0000] {processor.py:830} INFO - Processing file /home/airflow/.local/lib/python3.12/site-packages/airflow/example_dags/example_time_delta_sensor_async.py for tasks to queue
[2026-05-07T22:57:38.095+0000] {logging_mixin.py:188} INFO - [2026-05-07T22:57:38.095+0000] {dagbag.py:545} INFO - Filling up the DagBag from /home/airflow/.local/lib/python3.12/site-packages/airflow/example_dags/example_time_delta_sensor_async.py
[2026-05-07T22:57:38.100+0000] {processor.py:840} INFO - DAG(s) 'example_time_delta_sensor_async' retrieved from /home/airflow/.local/lib/python3.12/site-packages/airflow/example_dags/example_time_delta_sensor_async.py
[2026-05-07T22:57:38.118+0000] {logging_mixin.py:188} INFO - [2026-05-07T22:57:38.117+0000] {dag.py:3096} INFO - Sync 1 DAGs
[2026-05-07T22:57:38.128+0000] {logging_mixin.py:188} INFO - [2026-05-07T22:57:38.128+0000] {dag.py:3954} INFO - Setting next_dagrun for example_time_delta_sensor_async to None, run_after=None
[2026-05-07T22:57:38.145+0000] {processor.py:183} INFO - Processing /home/airflow/.local/lib/python3.12/site-packages/airflow/example_dags/example_time_delta_sensor_async.py took 0.059 seconds
[2026-05-07T22:58:08.459+0000] {processor.py:161} INFO - Started process (PID=5187) to work on /home/airflow/.local/lib/python3.12/site-packages/airflow/example_dags/example_time_delta_sensor_async.py
[2026-05-07T22:58:08.461+0000] {processor.py:830} INFO - Processing file /home/airflow/.local/lib/python3.12/site-packages/airflow/example_dags/example_time_delta_sensor_async.py for tasks to queue
[2026-05-07T22:58:08.464+0000] {logging_mixin.py:188} INFO - [2026-05-07T22:58:08.463+0000] {dagbag.py:545} INFO - Filling up the DagBag from /home/airflow/.local/lib/python3.12/site-packages/airflow/example_dags/example_time_delta_sensor_async.py
[2026-05-07T22:58:08.470+0000] {processor.py:840} INFO - DAG(s) 'example_time_delta_sensor_async' retrieved from /home/airflow/.local/lib/python3.12/site-packages/airflow/example_dags/example_time_delta_sensor_async.py
[2026-05-07T22:58:08.495+0000] {logging_mixin.py:188} INFO - [2026-05-07T22:58:08.495+0000] {dag.py:3096} INFO - Sync 1 DAGs
[2026-05-07T22:58:08.508+0000] {logging_mixin.py:188} INFO - [2026-05-07T22:58:08.508+0000] {dag.py:3954} INFO - Setting next_dagrun for example_time_delta_sensor_async to None, run_after=None
[2026-05-07T22:58:08.533+0000] {processor.py:183} INFO - Processing /home/airflow/.local/lib/python3.12/site-packages/airflow/example_dags/example_time_delta_sensor_async.py took 0.080 seconds
[2026-05-07T22:58:38.800+0000] {processor.py:161} INFO - Started process (PID=5245) to work on /home/airflow/.local/lib/python3.12/site-packages/airflow/example_dags/example_time_delta_sensor_async.py
[2026-05-07T22:58:38.801+0000] {processor.py:830} INFO - Processing file /home/airflow/.local/lib/python3.12/site-packages/airflow/example_dags/example_time_delta_sensor_async.py for tasks to queue
[2026-05-07T22:58:38.803+0000] {logging_mixin.py:188} INFO - [2026-05-07T22:58:38.803+0000] {dagbag.py:545} INFO - Filling up the DagBag from /home/airflow/.local/lib/python3.12/site-packages/airflow/example_dags/example_time_delta_sensor_async.py
[2026-05-07T22:58:38.808+0000] {processor.py:840} INFO - DAG(s) 'example_time_delta_sensor_async' retrieved from /home/airflow/.local/lib/python3.12/site-packages/airflow/example_dags/example_time_delta_sensor_async.py
[2026-05-07T22:58:38.828+0000] {logging_mixin.py:188} INFO - [2026-05-07T22:58:38.828+0000] {dag.py:3096} INFO - Sync 1 DAGs
[2026-05-07T22:58:38.840+0000] {logging_mixin.py:188} INFO - [2026-05-07T22:58:38.839+0000] {dag.py:3954} INFO - Setting next_dagrun for example_time_delta_sensor_async to None, run_after=None
[2026-05-07T22:58:38.860+0000] {processor.py:183} INFO - Processing /home/airflow/.local/lib/python3.12/site-packages/airflow/example_dags/example_time_delta_sensor_async.py took 0.065 seconds
[2026-05-07T22:59:09.654+0000] {processor.py:161} INFO - Started process (PID=5303) to work on /home/airflow/.local/lib/python3.12/site-packages/airflow/example_dags/example_time_delta_sensor_async.py
[2026-05-07T22:59:09.655+0000] {processor.py:830} INFO - Processing file /home/airflow/.local/lib/python3.12/site-packages/airflow/example_dags/example_time_delta_sensor_async.py for tasks to queue
[2026-05-07T22:59:09.658+0000] {logging_mixin.py:188} INFO - [2026-05-07T22:59:09.657+0000] {dagbag.py:545} INFO - Filling up the DagBag from /home/airflow/.local/lib/python3.12/site-packages/airflow/example_dags/example_time_delta_sensor_async.py
[2026-05-07T22:59:09.663+0000] {processor.py:840} INFO - DAG(s) 'example_time_delta_sensor_async' retrieved from /home/airflow/.local/lib/python3.12/site-packages/airflow/example_dags/example_time_delta_sensor_async.py
[2026-05-07T22:59:09.683+0000] {logging_mixin.py:188} INFO - [2026-05-07T22:59:09.683+0000] {dag.py:3096} INFO - Sync 1 DAGs
[2026-05-07T22:59:09.693+0000] {logging_mixin.py:188} INFO - [2026-05-07T22:59:09.693+0000] {dag.py:3954} INFO - Setting next_dagrun for example_time_delta_sensor_async to None, run_after=None
[2026-05-07T22:59:09.709+0000] {processor.py:183} INFO - Processing /home/airflow/.local/lib/python3.12/site-packages/airflow/example_dags/example_time_delta_sensor_async.py took 0.060 seconds
[2026-05-07T22:59:40.221+0000] {processor.py:161} INFO - Started process (PID=5361) to work on /home/airflow/.local/lib/python3.12/site-packages/airflow/example_dags/example_time_delta_sensor_async.py
[2026-05-07T22:59:40.223+0000] {processor.py:830} INFO - Processing file /home/airflow/.local/lib/python3.12/site-packages/airflow/example_dags/example_time_delta_sensor_async.py for tasks to queue
[2026-05-07T22:59:40.225+0000] {logging_mixin.py:188} INFO - [2026-05-07T22:59:40.225+0000] {dagbag.py:545} INFO - Filling up the DagBag from /home/airflow/.local/lib/python3.12/site-packages/airflow/example_dags/example_time_delta_sensor_async.py
[2026-05-07T22:59:40.232+0000] {processor.py:840} INFO - DAG(s) 'example_time_delta_sensor_async' retrieved from /home/airflow/.local/lib/python3.12/site-packages/airflow/example_dags/example_time_delta_sensor_async.py
[2026-05-07T22:59:40.253+0000] {logging_mixin.py:188} INFO - [2026-05-07T22:59:40.253+0000] {dag.py:3096} INFO - Sync 1 DAGs
[2026-05-07T22:59:40.264+0000] {logging_mixin.py:188} INFO - [2026-05-07T22:59:40.264+0000] {dag.py:3954} INFO - Setting next_dagrun for example_time_delta_sensor_async to None, run_after=None
[2026-05-07T22:59:40.280+0000] {processor.py:183} INFO - Processing /home/airflow/.local/lib/python3.12/site-packages/airflow/example_dags/example_time_delta_sensor_async.py took 0.066 seconds
[2026-05-07T23:00:10.766+0000] {processor.py:161} INFO - Started process (PID=5419) to work on /home/airflow/.local/lib/python3.12/site-packages/airflow/example_dags/example_time_delta_sensor_async.py
[2026-05-07T23:00:10.767+0000] {processor.py:830} INFO - Processing file /home/airflow/.local/lib/python3.12/site-packages/airflow/example_dags/example_time_delta_sensor_async.py for tasks to queue
[2026-05-07T23:00:10.769+0000] {logging_mixin.py:188} INFO - [2026-05-07T23:00:10.769+0000] {dagbag.py:545} INFO - Filling up the DagBag from /home/airflow/.local/lib/python3.12/site-packages/airflow/example_dags/example_time_delta_sensor_async.py
[2026-05-07T23:00:10.774+0000] {processor.py:840} INFO - DAG(s) 'example_time_delta_sensor_async' retrieved from /home/airflow/.local/lib/python3.12/site-packages/airflow/example_dags/example_time_delta_sensor_async.py
[2026-05-07T23:00:10.793+0000] {logging_mixin.py:188} INFO - [2026-05-07T23:00:10.793+0000] {dag.py:3096} INFO - Sync 1 DAGs
[2026-05-07T23:00:10.803+0000] {logging_mixin.py:188} INFO - [2026-05-07T23:00:10.803+0000] {dag.py:3954} INFO - Setting next_dagrun for example_time_delta_sensor_async to None, run_after=None
[2026-05-07T23:00:10.821+0000] {processor.py:183} INFO - Processing /home/airflow/.local/lib/python3.12/site-packages/airflow/example_dags/example_time_delta_sensor_async.py took 0.060 seconds
[2026-05-07T23:00:41.661+0000] {processor.py:161} INFO - Started process (PID=5475) to work on /home/airflow/.local/lib/python3.12/site-packages/airflow/example_dags/example_time_delta_sensor_async.py
[2026-05-07T23:00:41.662+0000] {processor.py:830} INFO - Processing file /home/airflow/.local/lib/python3.12/site-packages/airflow/example_dags/example_time_delta_sensor_async.py for tasks to queue
[2026-05-07T23:00:41.665+0000] {logging_mixin.py:188} INFO - [2026-05-07T23:00:41.664+0000] {dagbag.py:545} INFO - Filling up the DagBag from /home/airflow/.local/lib/python3.12/site-packages/airflow/example_dags/example_time_delta_sensor_async.py
[2026-05-07T23:00:41.670+0000] {processor.py:840} INFO - DAG(s) 'example_time_delta_sensor_async' retrieved from /home/airflow/.local/lib/python3.12/site-packages/airflow/example_dags/example_time_delta_sensor_async.py
[2026-05-07T23:00:41.690+0000] {logging_mixin.py:188} INFO - [2026-05-07T23:00:41.689+0000] {dag.py:3096} INFO - Sync 1 DAGs
[2026-05-07T23:00:41.701+0000] {logging_mixin.py:188} INFO - [2026-05-07T23:00:41.701+0000] {dag.py:3954} INFO - Setting next_dagrun for example_time_delta_sensor_async to None, run_after=None
[2026-05-07T23:00:41.720+0000] {processor.py:183} INFO - Processing /home/airflow/.local/lib/python3.12/site-packages/airflow/example_dags/example_time_delta_sensor_async.py took 0.064 seconds
[2026-05-07T23:01:12.181+0000] {processor.py:161} INFO - Started process (PID=5533) to work on /home/airflow/.local/lib/python3.12/site-packages/airflow/example_dags/example_time_delta_sensor_async.py
[2026-05-07T23:01:12.190+0000] {processor.py:830} INFO - Processing file /home/airflow/.local/lib/python3.12/site-packages/airflow/example_dags/example_time_delta_sensor_async.py for tasks to queue
[2026-05-07T23:01:12.194+0000] {logging_mixin.py:188} INFO - [2026-05-07T23:01:12.194+0000] {dagbag.py:545} INFO - Filling up the DagBag from /home/airflow/.local/lib/python3.12/site-packages/airflow/example_dags/example_time_delta_sensor_async.py
[2026-05-07T23:01:12.200+0000] {processor.py:840} INFO - DAG(s) 'example_time_delta_sensor_async' retrieved from /home/airflow/.local/lib/python3.12/site-packages/airflow/example_dags/example_time_delta_sensor_async.py
[2026-05-07T23:01:12.223+0000] {logging_mixin.py:188} INFO - [2026-05-07T23:01:12.223+0000] {dag.py:3096} INFO - Sync 1 DAGs
[2026-05-07T23:01:12.235+0000] {logging_mixin.py:188} INFO - [2026-05-07T23:01:12.234+0000] {dag.py:3954} INFO - Setting next_dagrun for example_time_delta_sensor_async to None, run_after=None
[2026-05-07T23:01:12.256+0000] {processor.py:183} INFO - Processing /home/airflow/.local/lib/python3.12/site-packages/airflow/example_dags/example_time_delta_sensor_async.py took 0.080 seconds
[2026-05-07T23:01:42.480+0000] {processor.py:161} INFO - Started process (PID=5591) to work on /home/airflow/.local/lib/python3.12/site-packages/airflow/example_dags/example_time_delta_sensor_async.py
[2026-05-07T23:01:42.481+0000] {processor.py:830} INFO - Processing file /home/airflow/.local/lib/python3.12/site-packages/airflow/example_dags/example_time_delta_sensor_async.py for tasks to queue
[2026-05-07T23:01:42.483+0000] {logging_mixin.py:188} INFO - [2026-05-07T23:01:42.483+0000] {dagbag.py:545} INFO - Filling up the DagBag from /home/airflow/.local/lib/python3.12/site-packages/airflow/example_dags/example_time_delta_sensor_async.py
[2026-05-07T23:01:42.487+0000] {processor.py:840} INFO - DAG(s) 'example_time_delta_sensor_async' retrieved from /home/airflow/.local/lib/python3.12/site-packages/airflow/example_dags/example_time_delta_sensor_async.py
[2026-05-07T23:01:42.507+0000] {logging_mixin.py:188} INFO - [2026-05-07T23:01:42.507+0000] {dag.py:3096} INFO - Sync 1 DAGs
[2026-05-07T23:01:42.518+0000] {logging_mixin.py:188} INFO - [2026-05-07T23:01:42.518+0000] {dag.py:3954} INFO - Setting next_dagrun for example_time_delta_sensor_async to None, run_after=None
[2026-05-07T23:01:42.537+0000] {processor.py:183} INFO - Processing /home/airflow/.local/lib/python3.12/site-packages/airflow/example_dags/example_time_delta_sensor_async.py took 0.062 seconds
[2026-05-07T23:02:12.863+0000] {processor.py:161} INFO - Started process (PID=5648) to work on /home/airflow/.local/lib/python3.12/site-packages/airflow/example_dags/example_time_delta_sensor_async.py
[2026-05-07T23:02:12.864+0000] {processor.py:830} INFO - Processing file /home/airflow/.local/lib/python3.12/site-packages/airflow/example_dags/example_time_delta_sensor_async.py for tasks to queue
[2026-05-07T23:02:12.866+0000] {logging_mixin.py:188} INFO - [2026-05-07T23:02:12.866+0000] {dagbag.py:545} INFO - Filling up the DagBag from /home/airflow/.local/lib/python3.12/site-packages/airflow/example_dags/example_time_delta_sensor_async.py
[2026-05-07T23:02:12.871+0000] {processor.py:840} INFO - DAG(s) 'example_time_delta_sensor_async' retrieved from /home/airflow/.local/lib/python3.12/site-packages/airflow/example_dags/example_time_delta_sensor_async.py
[2026-05-07T23:02:12.889+0000] {logging_mixin.py:188} INFO - [2026-05-07T23:02:12.889+0000] {dag.py:3096} INFO - Sync 1 DAGs
[2026-05-07T23:02:12.900+0000] {logging_mixin.py:188} INFO - [2026-05-07T23:02:12.899+0000] {dag.py:3954} INFO - Setting next_dagrun for example_time_delta_sensor_async to None, run_after=None
[2026-05-07T23:02:12.919+0000] {processor.py:183} INFO - Processing /home/airflow/.local/lib/python3.12/site-packages/airflow/example_dags/example_time_delta_sensor_async.py took 0.061 seconds
[2026-05-07T23:02:43.399+0000] {processor.py:161} INFO - Started process (PID=5705) to work on /home/airflow/.local/lib/python3.12/site-packages/airflow/example_dags/example_time_delta_sensor_async.py
[2026-05-07T23:02:43.400+0000] {processor.py:830} INFO - Processing file /home/airflow/.local/lib/python3.12/site-packages/airflow/example_dags/example_time_delta_sensor_async.py for tasks to queue
[2026-05-07T23:02:43.403+0000] {logging_mixin.py:188} INFO - [2026-05-07T23:02:43.402+0000] {dagbag.py:545} INFO - Filling up the DagBag from /home/airflow/.local/lib/python3.12/site-packages/airflow/example_dags/example_time_delta_sensor_async.py
[2026-05-07T23:02:43.408+0000] {processor.py:840} INFO - DAG(s) 'example_time_delta_sensor_async' retrieved from /home/airflow/.local/lib/python3.12/site-packages/airflow/example_dags/example_time_delta_sensor_async.py
[2026-05-07T23:02:43.428+0000] {logging_mixin.py:188} INFO - [2026-05-07T23:02:43.428+0000] {dag.py:3096} INFO - Sync 1 DAGs
[2026-05-07T23:02:43.438+0000] {logging_mixin.py:188} INFO - [2026-05-07T23:02:43.438+0000] {dag.py:3954} INFO - Setting next_dagrun for example_time_delta_sensor_async to None, run_after=None
[2026-05-07T23:02:43.457+0000] {processor.py:183} INFO - Processing /home/airflow/.local/lib/python3.12/site-packages/airflow/example_dags/example_time_delta_sensor_async.py took 0.065 seconds
[2026-05-07T23:03:13.909+0000] {processor.py:161} INFO - Started process (PID=5763) to work on /home/airflow/.local/lib/python3.12/site-packages/airflow/example_dags/example_time_delta_sensor_async.py
[2026-05-07T23:03:13.910+0000] {processor.py:830} INFO - Processing file /home/airflow/.local/lib/python3.12/site-packages/airflow/example_dags/example_time_delta_sensor_async.py for tasks to queue
[2026-05-07T23:03:13.913+0000] {logging_mixin.py:188} INFO - [2026-05-07T23:03:13.913+0000] {dagbag.py:545} INFO - Filling up the DagBag from /home/airflow/.local/lib/python3.12/site-packages/airflow/example_dags/example_time_delta_sensor_async.py
[2026-05-07T23:03:13.919+0000] {processor.py:840} INFO - DAG(s) 'example_time_delta_sensor_async' retrieved from /home/airflow/.local/lib/python3.12/site-packages/airflow/example_dags/example_time_delta_sensor_async.py
[2026-05-07T23:03:13.939+0000] {logging_mixin.py:188} INFO - [2026-05-07T23:03:13.939+0000] {dag.py:3096} INFO - Sync 1 DAGs
[2026-05-07T23:03:13.950+0000] {logging_mixin.py:188} INFO - [2026-05-07T23:03:13.950+0000] {dag.py:3954} INFO - Setting next_dagrun for example_time_delta_sensor_async to None, run_after=None
[2026-05-07T23:03:13.968+0000] {processor.py:183} INFO - Processing /home/airflow/.local/lib/python3.12/site-packages/airflow/example_dags/example_time_delta_sensor_async.py took 0.065 seconds
[2026-05-07T23:03:44.735+0000] {processor.py:161} INFO - Started process (PID=5821) to work on /home/airflow/.local/lib/python3.12/site-packages/airflow/example_dags/example_time_delta_sensor_async.py
[2026-05-07T23:03:44.736+0000] {processor.py:830} INFO - Processing file /home/airflow/.local/lib/python3.12/site-packages/airflow/example_dags/example_time_delta_sensor_async.py for tasks to queue
[2026-05-07T23:03:44.739+0000] {logging_mixin.py:188} INFO - [2026-05-07T23:03:44.738+0000] {dagbag.py:545} INFO - Filling up the DagBag from /home/airflow/.local/lib/python3.12/site-packages/airflow/example_dags/example_time_delta_sensor_async.py
[2026-05-07T23:03:44.744+0000] {processor.py:840} INFO - DAG(s) 'example_time_delta_sensor_async' retrieved from /home/airflow/.local/lib/python3.12/site-packages/airflow/example_dags/example_time_delta_sensor_async.py
[2026-05-07T23:03:44.764+0000] {logging_mixin.py:188} INFO - [2026-05-07T23:03:44.764+0000] {dag.py:3096} INFO - Sync 1 DAGs
[2026-05-07T23:03:44.775+0000] {logging_mixin.py:188} INFO - [2026-05-07T23:03:44.775+0000] {dag.py:3954} INFO - Setting next_dagrun for example_time_delta_sensor_async to None, run_after=None
[2026-05-07T23:03:44.791+0000] {processor.py:183} INFO - Processing /home/airflow/.local/lib/python3.12/site-packages/airflow/example_dags/example_time_delta_sensor_async.py took 0.061 seconds
[2026-05-07T23:04:15.103+0000] {processor.py:161} INFO - Started process (PID=5879) to work on /home/airflow/.local/lib/python3.12/site-packages/airflow/example_dags/example_time_delta_sensor_async.py
[2026-05-07T23:04:15.104+0000] {processor.py:830} INFO - Processing file /home/airflow/.local/lib/python3.12/site-packages/airflow/example_dags/example_time_delta_sensor_async.py for tasks to queue
[2026-05-07T23:04:15.106+0000] {logging_mixin.py:188} INFO - [2026-05-07T23:04:15.106+0000] {dagbag.py:545} INFO - Filling up the DagBag from /home/airflow/.local/lib/python3.12/site-packages/airflow/example_dags/example_time_delta_sensor_async.py
[2026-05-07T23:04:15.111+0000] {processor.py:840} INFO - DAG(s) 'example_time_delta_sensor_async' retrieved from /home/airflow/.local/lib/python3.12/site-packages/airflow/example_dags/example_time_delta_sensor_async.py
[2026-05-07T23:04:15.131+0000] {logging_mixin.py:188} INFO - [2026-05-07T23:04:15.131+0000] {dag.py:3096} INFO - Sync 1 DAGs
[2026-05-07T23:04:15.141+0000] {logging_mixin.py:188} INFO - [2026-05-07T23:04:15.141+0000] {dag.py:3954} INFO - Setting next_dagrun for example_time_delta_sensor_async to None, run_after=None
[2026-05-07T23:04:15.160+0000] {processor.py:183} INFO - Processing /home/airflow/.local/lib/python3.12/site-packages/airflow/example_dags/example_time_delta_sensor_async.py took 0.062 seconds
[2026-05-07T23:04:45.294+0000] {processor.py:161} INFO - Started process (PID=5937) to work on /home/airflow/.local/lib/python3.12/site-packages/airflow/example_dags/example_time_delta_sensor_async.py
[2026-05-07T23:04:45.296+0000] {processor.py:830} INFO - Processing file /home/airflow/.local/lib/python3.12/site-packages/airflow/example_dags/example_time_delta_sensor_async.py for tasks to queue
[2026-05-07T23:04:45.298+0000] {logging_mixin.py:188} INFO - [2026-05-07T23:04:45.298+0000] {dagbag.py:545} INFO - Filling up the DagBag from /home/airflow/.local/lib/python3.12/site-packages/airflow/example_dags/example_time_delta_sensor_async.py
[2026-05-07T23:04:45.303+0000] {processor.py:840} INFO - DAG(s) 'example_time_delta_sensor_async' retrieved from /home/airflow/.local/lib/python3.12/site-packages/airflow/example_dags/example_time_delta_sensor_async.py
[2026-05-07T23:04:45.346+0000] {logging_mixin.py:188} INFO - [2026-05-07T23:04:45.346+0000] {dag.py:3096} INFO - Sync 1 DAGs
[2026-05-07T23:04:45.371+0000] {logging_mixin.py:188} INFO - [2026-05-07T23:04:45.370+0000] {dag.py:3954} INFO - Setting next_dagrun for example_time_delta_sensor_async to None, run_after=None
[2026-05-07T23:04:45.419+0000] {processor.py:183} INFO - Processing /home/airflow/.local/lib/python3.12/site-packages/airflow/example_dags/example_time_delta_sensor_async.py took 0.130 seconds
[2026-05-07T23:05:15.503+0000] {processor.py:161} INFO - Started process (PID=5995) to work on /home/airflow/.local/lib/python3.12/site-packages/airflow/example_dags/example_time_delta_sensor_async.py
[2026-05-07T23:05:15.505+0000] {processor.py:830} INFO - Processing file /home/airflow/.local/lib/python3.12/site-packages/airflow/example_dags/example_time_delta_sensor_async.py for tasks to queue
[2026-05-07T23:05:15.508+0000] {logging_mixin.py:188} INFO - [2026-05-07T23:05:15.507+0000] {dagbag.py:545} INFO - Filling up the DagBag from /home/airflow/.local/lib/python3.12/site-packages/airflow/example_dags/example_time_delta_sensor_async.py
[2026-05-07T23:05:15.516+0000] {processor.py:840} INFO - DAG(s) 'example_time_delta_sensor_async' retrieved from /home/airflow/.local/lib/python3.12/site-packages/airflow/example_dags/example_time_delta_sensor_async.py
[2026-05-07T23:05:15.548+0000] {logging_mixin.py:188} INFO - [2026-05-07T23:05:15.548+0000] {dag.py:3096} INFO - Sync 1 DAGs
[2026-05-07T23:05:15.561+0000] {logging_mixin.py:188} INFO - [2026-05-07T23:05:15.561+0000] {dag.py:3954} INFO - Setting next_dagrun for example_time_delta_sensor_async to None, run_after=None
[2026-05-07T23:05:15.579+0000] {processor.py:183} INFO - Processing /home/airflow/.local/lib/python3.12/site-packages/airflow/example_dags/example_time_delta_sensor_async.py took 0.082 seconds
[2026-05-07T23:05:46.150+0000] {processor.py:161} INFO - Started process (PID=6053) to work on /home/airflow/.local/lib/python3.12/site-packages/airflow/example_dags/example_time_delta_sensor_async.py
[2026-05-07T23:05:46.151+0000] {processor.py:830} INFO - Processing file /home/airflow/.local/lib/python3.12/site-packages/airflow/example_dags/example_time_delta_sensor_async.py for tasks to queue
[2026-05-07T23:05:46.154+0000] {logging_mixin.py:188} INFO - [2026-05-07T23:05:46.153+0000] {dagbag.py:545} INFO - Filling up the DagBag from /home/airflow/.local/lib/python3.12/site-packages/airflow/example_dags/example_time_delta_sensor_async.py
[2026-05-07T23:05:46.158+0000] {processor.py:840} INFO - DAG(s) 'example_time_delta_sensor_async' retrieved from /home/airflow/.local/lib/python3.12/site-packages/airflow/example_dags/example_time_delta_sensor_async.py
[2026-05-07T23:05:46.178+0000] {logging_mixin.py:188} INFO - [2026-05-07T23:05:46.178+0000] {dag.py:3096} INFO - Sync 1 DAGs
[2026-05-07T23:05:46.189+0000] {logging_mixin.py:188} INFO - [2026-05-07T23:05:46.188+0000] {dag.py:3954} INFO - Setting next_dagrun for example_time_delta_sensor_async to None, run_after=None
[2026-05-07T23:05:46.208+0000] {processor.py:183} INFO - Processing /home/airflow/.local/lib/python3.12/site-packages/airflow/example_dags/example_time_delta_sensor_async.py took 0.064 seconds
[2026-05-07T23:06:16.574+0000] {processor.py:161} INFO - Started process (PID=6111) to work on /home/airflow/.local/lib/python3.12/site-packages/airflow/example_dags/example_time_delta_sensor_async.py
[2026-05-07T23:06:16.575+0000] {processor.py:830} INFO - Processing file /home/airflow/.local/lib/python3.12/site-packages/airflow/example_dags/example_time_delta_sensor_async.py for tasks to queue
[2026-05-07T23:06:16.579+0000] {logging_mixin.py:188} INFO - [2026-05-07T23:06:16.578+0000] {dagbag.py:545} INFO - Filling up the DagBag from /home/airflow/.local/lib/python3.12/site-packages/airflow/example_dags/example_time_delta_sensor_async.py
[2026-05-07T23:06:16.585+0000] {processor.py:840} INFO - DAG(s) 'example_time_delta_sensor_async' retrieved from /home/airflow/.local/lib/python3.12/site-packages/airflow/example_dags/example_time_delta_sensor_async.py
[2026-05-07T23:06:16.604+0000] {logging_mixin.py:188} INFO - [2026-05-07T23:06:16.604+0000] {dag.py:3096} INFO - Sync 1 DAGs
[2026-05-07T23:06:16.614+0000] {logging_mixin.py:188} INFO - [2026-05-07T23:06:16.614+0000] {dag.py:3954} INFO - Setting next_dagrun for example_time_delta_sensor_async to None, run_after=None
[2026-05-07T23:06:16.631+0000] {processor.py:183} INFO - Processing /home/airflow/.local/lib/python3.12/site-packages/airflow/example_dags/example_time_delta_sensor_async.py took 0.062 seconds
[2026-05-07T23:06:46.722+0000] {processor.py:161} INFO - Started process (PID=6170) to work on /home/airflow/.local/lib/python3.12/site-packages/airflow/example_dags/example_time_delta_sensor_async.py
[2026-05-07T23:06:46.723+0000] {processor.py:830} INFO - Processing file /home/airflow/.local/lib/python3.12/site-packages/airflow/example_dags/example_time_delta_sensor_async.py for tasks to queue
[2026-05-07T23:06:46.726+0000] {logging_mixin.py:188} INFO - [2026-05-07T23:06:46.725+0000] {dagbag.py:545} INFO - Filling up the DagBag from /home/airflow/.local/lib/python3.12/site-packages/airflow/example_dags/example_time_delta_sensor_async.py
[2026-05-07T23:06:46.730+0000] {processor.py:840} INFO - DAG(s) 'example_time_delta_sensor_async' retrieved from /home/airflow/.local/lib/python3.12/site-packages/airflow/example_dags/example_time_delta_sensor_async.py
[2026-05-07T23:06:46.749+0000] {logging_mixin.py:188} INFO - [2026-05-07T23:06:46.749+0000] {dag.py:3096} INFO - Sync 1 DAGs
[2026-05-07T23:06:46.759+0000] {logging_mixin.py:188} INFO - [2026-05-07T23:06:46.759+0000] {dag.py:3954} INFO - Setting next_dagrun for example_time_delta_sensor_async to None, run_after=None
[2026-05-07T23:06:46.777+0000] {processor.py:183} INFO - Processing /home/airflow/.local/lib/python3.12/site-packages/airflow/example_dags/example_time_delta_sensor_async.py took 0.060 seconds
[2026-05-07T23:07:16.881+0000] {processor.py:161} INFO - Started process (PID=6227) to work on /home/airflow/.local/lib/python3.12/site-packages/airflow/example_dags/example_time_delta_sensor_async.py
[2026-05-07T23:07:16.882+0000] {processor.py:830} INFO - Processing file /home/airflow/.local/lib/python3.12/site-packages/airflow/example_dags/example_time_delta_sensor_async.py for tasks to queue
[2026-05-07T23:07:16.886+0000] {logging_mixin.py:188} INFO - [2026-05-07T23:07:16.885+0000] {dagbag.py:545} INFO - Filling up the DagBag from /home/airflow/.local/lib/python3.12/site-packages/airflow/example_dags/example_time_delta_sensor_async.py
[2026-05-07T23:07:16.897+0000] {processor.py:840} INFO - DAG(s) 'example_time_delta_sensor_async' retrieved from /home/airflow/.local/lib/python3.12/site-packages/airflow/example_dags/example_time_delta_sensor_async.py
[2026-05-07T23:07:16.929+0000] {logging_mixin.py:188} INFO - [2026-05-07T23:07:16.929+0000] {dag.py:3096} INFO - Sync 1 DAGs
[2026-05-07T23:07:16.940+0000] {logging_mixin.py:188} INFO - [2026-05-07T23:07:16.940+0000] {dag.py:3954} INFO - Setting next_dagrun for example_time_delta_sensor_async to None, run_after=None
[2026-05-07T23:07:16.962+0000] {processor.py:183} INFO - Processing /home/airflow/.local/lib/python3.12/site-packages/airflow/example_dags/example_time_delta_sensor_async.py took 0.086 seconds
[2026-05-07T23:07:47.258+0000] {processor.py:161} INFO - Started process (PID=6285) to work on /home/airflow/.local/lib/python3.12/site-packages/airflow/example_dags/example_time_delta_sensor_async.py
[2026-05-07T23:07:47.260+0000] {processor.py:830} INFO - Processing file /home/airflow/.local/lib/python3.12/site-packages/airflow/example_dags/example_time_delta_sensor_async.py for tasks to queue
[2026-05-07T23:07:47.262+0000] {logging_mixin.py:188} INFO - [2026-05-07T23:07:47.261+0000] {dagbag.py:545} INFO - Filling up the DagBag from /home/airflow/.local/lib/python3.12/site-packages/airflow/example_dags/example_time_delta_sensor_async.py
[2026-05-07T23:07:47.266+0000] {processor.py:840} INFO - DAG(s) 'example_time_delta_sensor_async' retrieved from /home/airflow/.local/lib/python3.12/site-packages/airflow/example_dags/example_time_delta_sensor_async.py
[2026-05-07T23:07:47.284+0000] {logging_mixin.py:188} INFO - [2026-05-07T23:07:47.284+0000] {dag.py:3096} INFO - Sync 1 DAGs
[2026-05-07T23:07:47.295+0000] {logging_mixin.py:188} INFO - [2026-05-07T23:07:47.294+0000] {dag.py:3954} INFO - Setting next_dagrun for example_time_delta_sensor_async to None, run_after=None
[2026-05-07T23:07:47.313+0000] {processor.py:183} INFO - Processing /home/airflow/.local/lib/python3.12/site-packages/airflow/example_dags/example_time_delta_sensor_async.py took 0.060 seconds
[2026-05-07T23:08:17.741+0000] {processor.py:161} INFO - Started process (PID=6343) to work on /home/airflow/.local/lib/python3.12/site-packages/airflow/example_dags/example_time_delta_sensor_async.py
[2026-05-07T23:08:17.742+0000] {processor.py:830} INFO - Processing file /home/airflow/.local/lib/python3.12/site-packages/airflow/example_dags/example_time_delta_sensor_async.py for tasks to queue
[2026-05-07T23:08:17.745+0000] {logging_mixin.py:188} INFO - [2026-05-07T23:08:17.745+0000] {dagbag.py:545} INFO - Filling up the DagBag from /home/airflow/.local/lib/python3.12/site-packages/airflow/example_dags/example_time_delta_sensor_async.py
[2026-05-07T23:08:17.751+0000] {processor.py:840} INFO - DAG(s) 'example_time_delta_sensor_async' retrieved from /home/airflow/.local/lib/python3.12/site-packages/airflow/example_dags/example_time_delta_sensor_async.py
[2026-05-07T23:08:17.772+0000] {logging_mixin.py:188} INFO - [2026-05-07T23:08:17.772+0000] {dag.py:3096} INFO - Sync 1 DAGs
[2026-05-07T23:08:17.782+0000] {logging_mixin.py:188} INFO - [2026-05-07T23:08:17.782+0000] {dag.py:3954} INFO - Setting next_dagrun for example_time_delta_sensor_async to None, run_after=None
[2026-05-07T23:08:17.820+0000] {processor.py:183} INFO - Processing /home/airflow/.local/lib/python3.12/site-packages/airflow/example_dags/example_time_delta_sensor_async.py took 0.086 seconds
[2026-05-07T23:08:48.286+0000] {processor.py:161} INFO - Started process (PID=6401) to work on /home/airflow/.local/lib/python3.12/site-packages/airflow/example_dags/example_time_delta_sensor_async.py
[2026-05-07T23:08:48.287+0000] {processor.py:830} INFO - Processing file /home/airflow/.local/lib/python3.12/site-packages/airflow/example_dags/example_time_delta_sensor_async.py for tasks to queue
[2026-05-07T23:08:48.289+0000] {logging_mixin.py:188} INFO - [2026-05-07T23:08:48.289+0000] {dagbag.py:545} INFO - Filling up the DagBag from /home/airflow/.local/lib/python3.12/site-packages/airflow/example_dags/example_time_delta_sensor_async.py
[2026-05-07T23:08:48.294+0000] {processor.py:840} INFO - DAG(s) 'example_time_delta_sensor_async' retrieved from /home/airflow/.local/lib/python3.12/site-packages/airflow/example_dags/example_time_delta_sensor_async.py
[2026-05-07T23:08:48.311+0000] {logging_mixin.py:188} INFO - [2026-05-07T23:08:48.311+0000] {dag.py:3096} INFO - Sync 1 DAGs
[2026-05-07T23:08:48.322+0000] {logging_mixin.py:188} INFO - [2026-05-07T23:08:48.322+0000] {dag.py:3954} INFO - Setting next_dagrun for example_time_delta_sensor_async to None, run_after=None
[2026-05-07T23:08:48.340+0000] {processor.py:183} INFO - Processing /home/airflow/.local/lib/python3.12/site-packages/airflow/example_dags/example_time_delta_sensor_async.py took 0.059 seconds
[2026-05-07T23:09:18.862+0000] {processor.py:161} INFO - Started process (PID=6459) to work on /home/airflow/.local/lib/python3.12/site-packages/airflow/example_dags/example_time_delta_sensor_async.py
[2026-05-07T23:09:18.863+0000] {processor.py:830} INFO - Processing file /home/airflow/.local/lib/python3.12/site-packages/airflow/example_dags/example_time_delta_sensor_async.py for tasks to queue
[2026-05-07T23:09:18.865+0000] {logging_mixin.py:188} INFO - [2026-05-07T23:09:18.864+0000] {dagbag.py:545} INFO - Filling up the DagBag from /home/airflow/.local/lib/python3.12/site-packages/airflow/example_dags/example_time_delta_sensor_async.py
[2026-05-07T23:09:18.869+0000] {processor.py:840} INFO - DAG(s) 'example_time_delta_sensor_async' retrieved from /home/airflow/.local/lib/python3.12/site-packages/airflow/example_dags/example_time_delta_sensor_async.py
[2026-05-07T23:09:18.890+0000] {logging_mixin.py:188} INFO - [2026-05-07T23:09:18.890+0000] {dag.py:3096} INFO - Sync 1 DAGs
[2026-05-07T23:09:18.904+0000] {logging_mixin.py:188} INFO - [2026-05-07T23:09:18.903+0000] {dag.py:3954} INFO - Setting next_dagrun for example_time_delta_sensor_async to None, run_after=None
[2026-05-07T23:09:18.933+0000] {processor.py:183} INFO - Processing /home/airflow/.local/lib/python3.12/site-packages/airflow/example_dags/example_time_delta_sensor_async.py took 0.077 seconds
[2026-05-07T23:09:49.220+0000] {processor.py:161} INFO - Started process (PID=6517) to work on /home/airflow/.local/lib/python3.12/site-packages/airflow/example_dags/example_time_delta_sensor_async.py
[2026-05-07T23:09:49.221+0000] {processor.py:830} INFO - Processing file /home/airflow/.local/lib/python3.12/site-packages/airflow/example_dags/example_time_delta_sensor_async.py for tasks to queue
[2026-05-07T23:09:49.223+0000] {logging_mixin.py:188} INFO - [2026-05-07T23:09:49.223+0000] {dagbag.py:545} INFO - Filling up the DagBag from /home/airflow/.local/lib/python3.12/site-packages/airflow/example_dags/example_time_delta_sensor_async.py
[2026-05-07T23:09:49.231+0000] {processor.py:840} INFO - DAG(s) 'example_time_delta_sensor_async' retrieved from /home/airflow/.local/lib/python3.12/site-packages/airflow/example_dags/example_time_delta_sensor_async.py
[2026-05-07T23:09:49.255+0000] {logging_mixin.py:188} INFO - [2026-05-07T23:09:49.255+0000] {dag.py:3096} INFO - Sync 1 DAGs
[2026-05-07T23:09:49.267+0000] {logging_mixin.py:188} INFO - [2026-05-07T23:09:49.267+0000] {dag.py:3954} INFO - Setting next_dagrun for example_time_delta_sensor_async to None, run_after=None
[2026-05-07T23:09:49.288+0000] {processor.py:183} INFO - Processing /home/airflow/.local/lib/python3.12/site-packages/airflow/example_dags/example_time_delta_sensor_async.py took 0.074 seconds
[2026-05-07T23:10:19.505+0000] {processor.py:161} INFO - Started process (PID=6575) to work on /home/airflow/.local/lib/python3.12/site-packages/airflow/example_dags/example_time_delta_sensor_async.py
[2026-05-07T23:10:19.507+0000] {processor.py:830} INFO - Processing file /home/airflow/.local/lib/python3.12/site-packages/airflow/example_dags/example_time_delta_sensor_async.py for tasks to queue
[2026-05-07T23:10:19.509+0000] {logging_mixin.py:188} INFO - [2026-05-07T23:10:19.509+0000] {dagbag.py:545} INFO - Filling up the DagBag from /home/airflow/.local/lib/python3.12/site-packages/airflow/example_dags/example_time_delta_sensor_async.py
[2026-05-07T23:10:19.514+0000] {processor.py:840} INFO - DAG(s) 'example_time_delta_sensor_async' retrieved from /home/airflow/.local/lib/python3.12/site-packages/airflow/example_dags/example_time_delta_sensor_async.py
[2026-05-07T23:10:19.532+0000] {logging_mixin.py:188} INFO - [2026-05-07T23:10:19.532+0000] {dag.py:3096} INFO - Sync 1 DAGs
[2026-05-07T23:10:19.542+0000] {logging_mixin.py:188} INFO - [2026-05-07T23:10:19.542+0000] {dag.py:3954} INFO - Setting next_dagrun for example_time_delta_sensor_async to None, run_after=None
[2026-05-07T23:10:19.560+0000] {processor.py:183} INFO - Processing /home/airflow/.local/lib/python3.12/site-packages/airflow/example_dags/example_time_delta_sensor_async.py took 0.060 seconds
[2026-05-07T23:10:49.674+0000] {processor.py:161} INFO - Started process (PID=6633) to work on /home/airflow/.local/lib/python3.12/site-packages/airflow/example_dags/example_time_delta_sensor_async.py
[2026-05-07T23:10:49.675+0000] {processor.py:830} INFO - Processing file /home/airflow/.local/lib/python3.12/site-packages/airflow/example_dags/example_time_delta_sensor_async.py for tasks to queue
[2026-05-07T23:10:49.678+0000] {logging_mixin.py:188} INFO - [2026-05-07T23:10:49.677+0000] {dagbag.py:545} INFO - Filling up the DagBag from /home/airflow/.local/lib/python3.12/site-packages/airflow/example_dags/example_time_delta_sensor_async.py
[2026-05-07T23:10:49.682+0000] {processor.py:840} INFO - DAG(s) 'example_time_delta_sensor_async' retrieved from /home/airflow/.local/lib/python3.12/site-packages/airflow/example_dags/example_time_delta_sensor_async.py
[2026-05-07T23:10:49.704+0000] {logging_mixin.py:188} INFO - [2026-05-07T23:10:49.704+0000] {dag.py:3096} INFO - Sync 1 DAGs
[2026-05-07T23:10:49.715+0000] {logging_mixin.py:188} INFO - [2026-05-07T23:10:49.715+0000] {dag.py:3954} INFO - Setting next_dagrun for example_time_delta_sensor_async to None, run_after=None
[2026-05-07T23:10:49.733+0000] {processor.py:183} INFO - Processing /home/airflow/.local/lib/python3.12/site-packages/airflow/example_dags/example_time_delta_sensor_async.py took 0.064 seconds
[2026-05-07T23:11:20.040+0000] {processor.py:161} INFO - Started process (PID=6691) to work on /home/airflow/.local/lib/python3.12/site-packages/airflow/example_dags/example_time_delta_sensor_async.py
[2026-05-07T23:11:20.041+0000] {processor.py:830} INFO - Processing file /home/airflow/.local/lib/python3.12/site-packages/airflow/example_dags/example_time_delta_sensor_async.py for tasks to queue
[2026-05-07T23:11:20.043+0000] {logging_mixin.py:188} INFO - [2026-05-07T23:11:20.043+0000] {dagbag.py:545} INFO - Filling up the DagBag from /home/airflow/.local/lib/python3.12/site-packages/airflow/example_dags/example_time_delta_sensor_async.py
[2026-05-07T23:11:20.049+0000] {processor.py:840} INFO - DAG(s) 'example_time_delta_sensor_async' retrieved from /home/airflow/.local/lib/python3.12/site-packages/airflow/example_dags/example_time_delta_sensor_async.py
[2026-05-07T23:11:20.069+0000] {logging_mixin.py:188} INFO - [2026-05-07T23:11:20.069+0000] {dag.py:3096} INFO - Sync 1 DAGs
[2026-05-07T23:11:20.080+0000] {logging_mixin.py:188} INFO - [2026-05-07T23:11:20.080+0000] {dag.py:3954} INFO - Setting next_dagrun for example_time_delta_sensor_async to None, run_after=None
[2026-05-07T23:11:20.100+0000] {processor.py:183} INFO - Processing /home/airflow/.local/lib/python3.12/site-packages/airflow/example_dags/example_time_delta_sensor_async.py took 0.065 seconds
[2026-05-07T23:11:50.417+0000] {processor.py:161} INFO - Started process (PID=6749) to work on /home/airflow/.local/lib/python3.12/site-packages/airflow/example_dags/example_time_delta_sensor_async.py
[2026-05-07T23:11:50.418+0000] {processor.py:830} INFO - Processing file /home/airflow/.local/lib/python3.12/site-packages/airflow/example_dags/example_time_delta_sensor_async.py for tasks to queue
[2026-05-07T23:11:50.420+0000] {logging_mixin.py:188} INFO - [2026-05-07T23:11:50.419+0000] {dagbag.py:545} INFO - Filling up the DagBag from /home/airflow/.local/lib/python3.12/site-packages/airflow/example_dags/example_time_delta_sensor_async.py
[2026-05-07T23:11:50.424+0000] {processor.py:840} INFO - DAG(s) 'example_time_delta_sensor_async' retrieved from /home/airflow/.local/lib/python3.12/site-packages/airflow/example_dags/example_time_delta_sensor_async.py
[2026-05-07T23:11:50.442+0000] {logging_mixin.py:188} INFO - [2026-05-07T23:11:50.442+0000] {dag.py:3096} INFO - Sync 1 DAGs
[2026-05-07T23:11:50.453+0000] {logging_mixin.py:188} INFO - [2026-05-07T23:11:50.453+0000] {dag.py:3954} INFO - Setting next_dagrun for example_time_delta_sensor_async to None, run_after=None
[2026-05-07T23:11:50.470+0000] {processor.py:183} INFO - Processing /home/airflow/.local/lib/python3.12/site-packages/airflow/example_dags/example_time_delta_sensor_async.py took 0.059 seconds
[2026-05-07T23:12:20.788+0000] {processor.py:161} INFO - Started process (PID=6807) to work on /home/airflow/.local/lib/python3.12/site-packages/airflow/example_dags/example_time_delta_sensor_async.py
[2026-05-07T23:12:20.789+0000] {processor.py:830} INFO - Processing file /home/airflow/.local/lib/python3.12/site-packages/airflow/example_dags/example_time_delta_sensor_async.py for tasks to queue
[2026-05-07T23:12:20.791+0000] {logging_mixin.py:188} INFO - [2026-05-07T23:12:20.791+0000] {dagbag.py:545} INFO - Filling up the DagBag from /home/airflow/.local/lib/python3.12/site-packages/airflow/example_dags/example_time_delta_sensor_async.py
[2026-05-07T23:12:20.796+0000] {processor.py:840} INFO - DAG(s) 'example_time_delta_sensor_async' retrieved from /home/airflow/.local/lib/python3.12/site-packages/airflow/example_dags/example_time_delta_sensor_async.py
[2026-05-07T23:12:20.814+0000] {logging_mixin.py:188} INFO - [2026-05-07T23:12:20.814+0000] {dag.py:3096} INFO - Sync 1 DAGs
[2026-05-07T23:12:20.825+0000] {logging_mixin.py:188} INFO - [2026-05-07T23:12:20.824+0000] {dag.py:3954} INFO - Setting next_dagrun for example_time_delta_sensor_async to None, run_after=None
[2026-05-07T23:12:20.844+0000] {processor.py:183} INFO - Processing /home/airflow/.local/lib/python3.12/site-packages/airflow/example_dags/example_time_delta_sensor_async.py took 0.062 seconds
[2026-05-07T23:12:51.056+0000] {processor.py:161} INFO - Started process (PID=6865) to work on /home/airflow/.local/lib/python3.12/site-packages/airflow/example_dags/example_time_delta_sensor_async.py
[2026-05-07T23:12:51.057+0000] {processor.py:830} INFO - Processing file /home/airflow/.local/lib/python3.12/site-packages/airflow/example_dags/example_time_delta_sensor_async.py for tasks to queue
[2026-05-07T23:12:51.059+0000] {logging_mixin.py:188} INFO - [2026-05-07T23:12:51.059+0000] {dagbag.py:545} INFO - Filling up the DagBag from /home/airflow/.local/lib/python3.12/site-packages/airflow/example_dags/example_time_delta_sensor_async.py
[2026-05-07T23:12:51.064+0000] {processor.py:840} INFO - DAG(s) 'example_time_delta_sensor_async' retrieved from /home/airflow/.local/lib/python3.12/site-packages/airflow/example_dags/example_time_delta_sensor_async.py
[2026-05-07T23:12:51.084+0000] {logging_mixin.py:188} INFO - [2026-05-07T23:12:51.084+0000] {dag.py:3096} INFO - Sync 1 DAGs
[2026-05-07T23:12:51.095+0000] {logging_mixin.py:188} INFO - [2026-05-07T23:12:51.095+0000] {dag.py:3954} INFO - Setting next_dagrun for example_time_delta_sensor_async to None, run_after=None
[2026-05-07T23:12:51.116+0000] {processor.py:183} INFO - Processing /home/airflow/.local/lib/python3.12/site-packages/airflow/example_dags/example_time_delta_sensor_async.py took 0.065 seconds
[2026-05-07T23:13:22.157+0000] {processor.py:161} INFO - Started process (PID=6923) to work on /home/airflow/.local/lib/python3.12/site-packages/airflow/example_dags/example_time_delta_sensor_async.py
[2026-05-07T23:13:22.159+0000] {processor.py:830} INFO - Processing file /home/airflow/.local/lib/python3.12/site-packages/airflow/example_dags/example_time_delta_sensor_async.py for tasks to queue
[2026-05-07T23:13:22.161+0000] {logging_mixin.py:188} INFO - [2026-05-07T23:13:22.160+0000] {dagbag.py:545} INFO - Filling up the DagBag from /home/airflow/.local/lib/python3.12/site-packages/airflow/example_dags/example_time_delta_sensor_async.py
[2026-05-07T23:13:22.165+0000] {processor.py:840} INFO - DAG(s) 'example_time_delta_sensor_async' retrieved from /home/airflow/.local/lib/python3.12/site-packages/airflow/example_dags/example_time_delta_sensor_async.py
[2026-05-07T23:13:22.183+0000] {logging_mixin.py:188} INFO - [2026-05-07T23:13:22.183+0000] {dag.py:3096} INFO - Sync 1 DAGs
[2026-05-07T23:13:22.194+0000] {logging_mixin.py:188} INFO - [2026-05-07T23:13:22.194+0000] {dag.py:3954} INFO - Setting next_dagrun for example_time_delta_sensor_async to None, run_after=None
[2026-05-07T23:13:22.211+0000] {processor.py:183} INFO - Processing /home/airflow/.local/lib/python3.12/site-packages/airflow/example_dags/example_time_delta_sensor_async.py took 0.059 seconds
[2026-05-07T23:13:53.171+0000] {processor.py:161} INFO - Started process (PID=6981) to work on /home/airflow/.local/lib/python3.12/site-packages/airflow/example_dags/example_time_delta_sensor_async.py
[2026-05-07T23:13:53.173+0000] {processor.py:830} INFO - Processing file /home/airflow/.local/lib/python3.12/site-packages/airflow/example_dags/example_time_delta_sensor_async.py for tasks to queue
[2026-05-07T23:13:53.175+0000] {logging_mixin.py:188} INFO - [2026-05-07T23:13:53.175+0000] {dagbag.py:545} INFO - Filling up the DagBag from /home/airflow/.local/lib/python3.12/site-packages/airflow/example_dags/example_time_delta_sensor_async.py
[2026-05-07T23:13:53.179+0000] {processor.py:840} INFO - DAG(s) 'example_time_delta_sensor_async' retrieved from /home/airflow/.local/lib/python3.12/site-packages/airflow/example_dags/example_time_delta_sensor_async.py
[2026-05-07T23:13:53.197+0000] {logging_mixin.py:188} INFO - [2026-05-07T23:13:53.197+0000] {dag.py:3096} INFO - Sync 1 DAGs
[2026-05-07T23:13:53.208+0000] {logging_mixin.py:188} INFO - [2026-05-07T23:13:53.207+0000] {dag.py:3954} INFO - Setting next_dagrun for example_time_delta_sensor_async to None, run_after=None
[2026-05-07T23:13:53.223+0000] {processor.py:183} INFO - Processing /home/airflow/.local/lib/python3.12/site-packages/airflow/example_dags/example_time_delta_sensor_async.py took 0.057 seconds
[2026-05-07T23:14:23.984+0000] {processor.py:161} INFO - Started process (PID=7039) to work on /home/airflow/.local/lib/python3.12/site-packages/airflow/example_dags/example_time_delta_sensor_async.py
[2026-05-07T23:14:23.986+0000] {processor.py:830} INFO - Processing file /home/airflow/.local/lib/python3.12/site-packages/airflow/example_dags/example_time_delta_sensor_async.py for tasks to queue
[2026-05-07T23:14:23.988+0000] {logging_mixin.py:188} INFO - [2026-05-07T23:14:23.987+0000] {dagbag.py:545} INFO - Filling up the DagBag from /home/airflow/.local/lib/python3.12/site-packages/airflow/example_dags/example_time_delta_sensor_async.py
[2026-05-07T23:14:23.992+0000] {processor.py:840} INFO - DAG(s) 'example_time_delta_sensor_async' retrieved from /home/airflow/.local/lib/python3.12/site-packages/airflow/example_dags/example_time_delta_sensor_async.py
[2026-05-07T23:14:24.011+0000] {logging_mixin.py:188} INFO - [2026-05-07T23:14:24.011+0000] {dag.py:3096} INFO - Sync 1 DAGs
[2026-05-07T23:14:24.021+0000] {logging_mixin.py:188} INFO - [2026-05-07T23:14:24.021+0000] {dag.py:3954} INFO - Setting next_dagrun for example_time_delta_sensor_async to None, run_after=None
[2026-05-07T23:14:24.040+0000] {processor.py:183} INFO - Processing /home/airflow/.local/lib/python3.12/site-packages/airflow/example_dags/example_time_delta_sensor_async.py took 0.061 seconds
[2026-05-07T23:14:54.206+0000] {processor.py:161} INFO - Started process (PID=7097) to work on /home/airflow/.local/lib/python3.12/site-packages/airflow/example_dags/example_time_delta_sensor_async.py
[2026-05-07T23:14:54.212+0000] {processor.py:830} INFO - Processing file /home/airflow/.local/lib/python3.12/site-packages/airflow/example_dags/example_time_delta_sensor_async.py for tasks to queue
[2026-05-07T23:14:54.214+0000] {logging_mixin.py:188} INFO - [2026-05-07T23:14:54.214+0000] {dagbag.py:545} INFO - Filling up the DagBag from /home/airflow/.local/lib/python3.12/site-packages/airflow/example_dags/example_time_delta_sensor_async.py
[2026-05-07T23:14:54.219+0000] {processor.py:840} INFO - DAG(s) 'example_time_delta_sensor_async' retrieved from /home/airflow/.local/lib/python3.12/site-packages/airflow/example_dags/example_time_delta_sensor_async.py
[2026-05-07T23:14:54.242+0000] {logging_mixin.py:188} INFO - [2026-05-07T23:14:54.242+0000] {dag.py:3096} INFO - Sync 1 DAGs
[2026-05-07T23:14:54.255+0000] {logging_mixin.py:188} INFO - [2026-05-07T23:14:54.255+0000] {dag.py:3954} INFO - Setting next_dagrun for example_time_delta_sensor_async to None, run_after=None
[2026-05-07T23:14:54.273+0000] {processor.py:183} INFO - Processing /home/airflow/.local/lib/python3.12/site-packages/airflow/example_dags/example_time_delta_sensor_async.py took 0.072 seconds
[2026-05-07T23:15:24.777+0000] {processor.py:161} INFO - Started process (PID=7155) to work on /home/airflow/.local/lib/python3.12/site-packages/airflow/example_dags/example_time_delta_sensor_async.py
[2026-05-07T23:15:24.779+0000] {processor.py:830} INFO - Processing file /home/airflow/.local/lib/python3.12/site-packages/airflow/example_dags/example_time_delta_sensor_async.py for tasks to queue
[2026-05-07T23:15:24.782+0000] {logging_mixin.py:188} INFO - [2026-05-07T23:15:24.781+0000] {dagbag.py:545} INFO - Filling up the DagBag from /home/airflow/.local/lib/python3.12/site-packages/airflow/example_dags/example_time_delta_sensor_async.py
[2026-05-07T23:15:24.788+0000] {processor.py:840} INFO - DAG(s) 'example_time_delta_sensor_async' retrieved from /home/airflow/.local/lib/python3.12/site-packages/airflow/example_dags/example_time_delta_sensor_async.py
[2026-05-07T23:15:24.814+0000] {logging_mixin.py:188} INFO - [2026-05-07T23:15:24.813+0000] {dag.py:3096} INFO - Sync 1 DAGs
[2026-05-07T23:15:24.829+0000] {logging_mixin.py:188} INFO - [2026-05-07T23:15:24.829+0000] {dag.py:3954} INFO - Setting next_dagrun for example_time_delta_sensor_async to None, run_after=None
[2026-05-07T23:15:24.852+0000] {processor.py:183} INFO - Processing /home/airflow/.local/lib/python3.12/site-packages/airflow/example_dags/example_time_delta_sensor_async.py took 0.080 seconds
[2026-05-07T23:15:55.675+0000] {processor.py:161} INFO - Started process (PID=7213) to work on /home/airflow/.local/lib/python3.12/site-packages/airflow/example_dags/example_time_delta_sensor_async.py
[2026-05-07T23:15:55.676+0000] {processor.py:830} INFO - Processing file /home/airflow/.local/lib/python3.12/site-packages/airflow/example_dags/example_time_delta_sensor_async.py for tasks to queue
[2026-05-07T23:15:55.678+0000] {logging_mixin.py:188} INFO - [2026-05-07T23:15:55.678+0000] {dagbag.py:545} INFO - Filling up the DagBag from /home/airflow/.local/lib/python3.12/site-packages/airflow/example_dags/example_time_delta_sensor_async.py
[2026-05-07T23:15:55.684+0000] {processor.py:840} INFO - DAG(s) 'example_time_delta_sensor_async' retrieved from /home/airflow/.local/lib/python3.12/site-packages/airflow/example_dags/example_time_delta_sensor_async.py
[2026-05-07T23:15:55.709+0000] {logging_mixin.py:188} INFO - [2026-05-07T23:15:55.709+0000] {dag.py:3096} INFO - Sync 1 DAGs
[2026-05-07T23:15:55.729+0000] {logging_mixin.py:188} INFO - [2026-05-07T23:15:55.729+0000] {dag.py:3954} INFO - Setting next_dagrun for example_time_delta_sensor_async to None, run_after=None
[2026-05-07T23:15:55.756+0000] {processor.py:183} INFO - Processing /home/airflow/.local/lib/python3.12/site-packages/airflow/example_dags/example_time_delta_sensor_async.py took 0.087 seconds
[2026-05-07T23:16:26.278+0000] {processor.py:161} INFO - Started process (PID=7271) to work on /home/airflow/.local/lib/python3.12/site-packages/airflow/example_dags/example_time_delta_sensor_async.py
[2026-05-07T23:16:26.280+0000] {processor.py:830} INFO - Processing file /home/airflow/.local/lib/python3.12/site-packages/airflow/example_dags/example_time_delta_sensor_async.py for tasks to queue
[2026-05-07T23:16:26.285+0000] {logging_mixin.py:188} INFO - [2026-05-07T23:16:26.284+0000] {dagbag.py:545} INFO - Filling up the DagBag from /home/airflow/.local/lib/python3.12/site-packages/airflow/example_dags/example_time_delta_sensor_async.py
[2026-05-07T23:16:26.292+0000] {processor.py:840} INFO - DAG(s) 'example_time_delta_sensor_async' retrieved from /home/airflow/.local/lib/python3.12/site-packages/airflow/example_dags/example_time_delta_sensor_async.py
[2026-05-07T23:16:26.311+0000] {logging_mixin.py:188} INFO - [2026-05-07T23:16:26.311+0000] {dag.py:3096} INFO - Sync 1 DAGs
[2026-05-07T23:16:26.323+0000] {logging_mixin.py:188} INFO - [2026-05-07T23:16:26.323+0000] {dag.py:3954} INFO - Setting next_dagrun for example_time_delta_sensor_async to None, run_after=None
[2026-05-07T23:16:26.343+0000] {processor.py:183} INFO - Processing /home/airflow/.local/lib/python3.12/site-packages/airflow/example_dags/example_time_delta_sensor_async.py took 0.072 seconds
[2026-05-07T23:16:56.539+0000] {processor.py:161} INFO - Started process (PID=7329) to work on /home/airflow/.local/lib/python3.12/site-packages/airflow/example_dags/example_time_delta_sensor_async.py
[2026-05-07T23:16:56.541+0000] {processor.py:830} INFO - Processing file /home/airflow/.local/lib/python3.12/site-packages/airflow/example_dags/example_time_delta_sensor_async.py for tasks to queue
[2026-05-07T23:16:56.543+0000] {logging_mixin.py:188} INFO - [2026-05-07T23:16:56.543+0000] {dagbag.py:545} INFO - Filling up the DagBag from /home/airflow/.local/lib/python3.12/site-packages/airflow/example_dags/example_time_delta_sensor_async.py
[2026-05-07T23:16:56.548+0000] {processor.py:840} INFO - DAG(s) 'example_time_delta_sensor_async' retrieved from /home/airflow/.local/lib/python3.12/site-packages/airflow/example_dags/example_time_delta_sensor_async.py
[2026-05-07T23:16:56.570+0000] {logging_mixin.py:188} INFO - [2026-05-07T23:16:56.569+0000] {dag.py:3096} INFO - Sync 1 DAGs
[2026-05-07T23:16:56.581+0000] {logging_mixin.py:188} INFO - [2026-05-07T23:16:56.580+0000] {dag.py:3954} INFO - Setting next_dagrun for example_time_delta_sensor_async to None, run_after=None
[2026-05-07T23:16:56.602+0000] {processor.py:183} INFO - Processing /home/airflow/.local/lib/python3.12/site-packages/airflow/example_dags/example_time_delta_sensor_async.py took 0.068 seconds
[2026-05-07T23:17:27.001+0000] {processor.py:161} INFO - Started process (PID=7387) to work on /home/airflow/.local/lib/python3.12/site-packages/airflow/example_dags/example_time_delta_sensor_async.py
[2026-05-07T23:17:27.002+0000] {processor.py:830} INFO - Processing file /home/airflow/.local/lib/python3.12/site-packages/airflow/example_dags/example_time_delta_sensor_async.py for tasks to queue
[2026-05-07T23:17:27.004+0000] {logging_mixin.py:188} INFO - [2026-05-07T23:17:27.004+0000] {dagbag.py:545} INFO - Filling up the DagBag from /home/airflow/.local/lib/python3.12/site-packages/airflow/example_dags/example_time_delta_sensor_async.py
[2026-05-07T23:17:27.009+0000] {processor.py:840} INFO - DAG(s) 'example_time_delta_sensor_async' retrieved from /home/airflow/.local/lib/python3.12/site-packages/airflow/example_dags/example_time_delta_sensor_async.py
[2026-05-07T23:17:27.030+0000] {logging_mixin.py:188} INFO - [2026-05-07T23:17:27.029+0000] {dag.py:3096} INFO - Sync 1 DAGs
[2026-05-07T23:17:27.043+0000] {logging_mixin.py:188} INFO - [2026-05-07T23:17:27.042+0000] {dag.py:3954} INFO - Setting next_dagrun for example_time_delta_sensor_async to None, run_after=None
[2026-05-07T23:17:27.066+0000] {processor.py:183} INFO - Processing /home/airflow/.local/lib/python3.12/site-packages/airflow/example_dags/example_time_delta_sensor_async.py took 0.070 seconds
[2026-05-07T23:17:57.390+0000] {processor.py:161} INFO - Started process (PID=7445) to work on /home/airflow/.local/lib/python3.12/site-packages/airflow/example_dags/example_time_delta_sensor_async.py
[2026-05-07T23:17:57.392+0000] {processor.py:830} INFO - Processing file /home/airflow/.local/lib/python3.12/site-packages/airflow/example_dags/example_time_delta_sensor_async.py for tasks to queue
[2026-05-07T23:17:57.394+0000] {logging_mixin.py:188} INFO - [2026-05-07T23:17:57.394+0000] {dagbag.py:545} INFO - Filling up the DagBag from /home/airflow/.local/lib/python3.12/site-packages/airflow/example_dags/example_time_delta_sensor_async.py
[2026-05-07T23:17:57.400+0000] {processor.py:840} INFO - DAG(s) 'example_time_delta_sensor_async' retrieved from /home/airflow/.local/lib/python3.12/site-packages/airflow/example_dags/example_time_delta_sensor_async.py
[2026-05-07T23:17:57.420+0000] {logging_mixin.py:188} INFO - [2026-05-07T23:17:57.420+0000] {dag.py:3096} INFO - Sync 1 DAGs
[2026-05-07T23:17:57.431+0000] {logging_mixin.py:188} INFO - [2026-05-07T23:17:57.431+0000] {dag.py:3954} INFO - Setting next_dagrun for example_time_delta_sensor_async to None, run_after=None
[2026-05-07T23:17:57.453+0000] {processor.py:183} INFO - Processing /home/airflow/.local/lib/python3.12/site-packages/airflow/example_dags/example_time_delta_sensor_async.py took 0.070 seconds
[2026-05-07T23:18:27.660+0000] {processor.py:161} INFO - Started process (PID=7503) to work on /home/airflow/.local/lib/python3.12/site-packages/airflow/example_dags/example_time_delta_sensor_async.py
[2026-05-07T23:18:27.661+0000] {processor.py:830} INFO - Processing file /home/airflow/.local/lib/python3.12/site-packages/airflow/example_dags/example_time_delta_sensor_async.py for tasks to queue
[2026-05-07T23:18:27.665+0000] {logging_mixin.py:188} INFO - [2026-05-07T23:18:27.665+0000] {dagbag.py:545} INFO - Filling up the DagBag from /home/airflow/.local/lib/python3.12/site-packages/airflow/example_dags/example_time_delta_sensor_async.py
[2026-05-07T23:18:27.672+0000] {processor.py:840} INFO - DAG(s) 'example_time_delta_sensor_async' retrieved from /home/airflow/.local/lib/python3.12/site-packages/airflow/example_dags/example_time_delta_sensor_async.py
[2026-05-07T23:18:27.694+0000] {logging_mixin.py:188} INFO - [2026-05-07T23:18:27.694+0000] {dag.py:3096} INFO - Sync 1 DAGs
[2026-05-07T23:18:27.706+0000] {logging_mixin.py:188} INFO - [2026-05-07T23:18:27.706+0000] {dag.py:3954} INFO - Setting next_dagrun for example_time_delta_sensor_async to None, run_after=None
[2026-05-07T23:18:27.863+0000] {processor.py:183} INFO - Processing /home/airflow/.local/lib/python3.12/site-packages/airflow/example_dags/example_time_delta_sensor_async.py took 0.211 seconds
[2026-05-07T23:18:58.023+0000] {processor.py:161} INFO - Started process (PID=7561) to work on /home/airflow/.local/lib/python3.12/site-packages/airflow/example_dags/example_time_delta_sensor_async.py
[2026-05-07T23:18:58.024+0000] {processor.py:830} INFO - Processing file /home/airflow/.local/lib/python3.12/site-packages/airflow/example_dags/example_time_delta_sensor_async.py for tasks to queue
[2026-05-07T23:18:58.027+0000] {logging_mixin.py:188} INFO - [2026-05-07T23:18:58.027+0000] {dagbag.py:545} INFO - Filling up the DagBag from /home/airflow/.local/lib/python3.12/site-packages/airflow/example_dags/example_time_delta_sensor_async.py
[2026-05-07T23:18:58.032+0000] {processor.py:840} INFO - DAG(s) 'example_time_delta_sensor_async' retrieved from /home/airflow/.local/lib/python3.12/site-packages/airflow/example_dags/example_time_delta_sensor_async.py
[2026-05-07T23:18:58.053+0000] {logging_mixin.py:188} INFO - [2026-05-07T23:18:58.052+0000] {dag.py:3096} INFO - Sync 1 DAGs
[2026-05-07T23:18:58.064+0000] {logging_mixin.py:188} INFO - [2026-05-07T23:18:58.064+0000] {dag.py:3954} INFO - Setting next_dagrun for example_time_delta_sensor_async to None, run_after=None
[2026-05-07T23:18:58.084+0000] {processor.py:183} INFO - Processing /home/airflow/.local/lib/python3.12/site-packages/airflow/example_dags/example_time_delta_sensor_async.py took 0.066 seconds
[2026-05-07T23:19:28.185+0000] {processor.py:161} INFO - Started process (PID=7617) to work on /home/airflow/.local/lib/python3.12/site-packages/airflow/example_dags/example_time_delta_sensor_async.py
[2026-05-07T23:19:28.187+0000] {processor.py:830} INFO - Processing file /home/airflow/.local/lib/python3.12/site-packages/airflow/example_dags/example_time_delta_sensor_async.py for tasks to queue
[2026-05-07T23:19:28.189+0000] {logging_mixin.py:188} INFO - [2026-05-07T23:19:28.189+0000] {dagbag.py:545} INFO - Filling up the DagBag from /home/airflow/.local/lib/python3.12/site-packages/airflow/example_dags/example_time_delta_sensor_async.py
[2026-05-07T23:19:28.194+0000] {processor.py:840} INFO - DAG(s) 'example_time_delta_sensor_async' retrieved from /home/airflow/.local/lib/python3.12/site-packages/airflow/example_dags/example_time_delta_sensor_async.py
[2026-05-07T23:19:28.217+0000] {logging_mixin.py:188} INFO - [2026-05-07T23:19:28.217+0000] {dag.py:3096} INFO - Sync 1 DAGs
[2026-05-07T23:19:28.228+0000] {logging_mixin.py:188} INFO - [2026-05-07T23:19:28.227+0000] {dag.py:3954} INFO - Setting next_dagrun for example_time_delta_sensor_async to None, run_after=None
[2026-05-07T23:19:28.247+0000] {processor.py:183} INFO - Processing /home/airflow/.local/lib/python3.12/site-packages/airflow/example_dags/example_time_delta_sensor_async.py took 0.067 seconds
[2026-05-07T23:19:58.405+0000] {processor.py:161} INFO - Started process (PID=7675) to work on /home/airflow/.local/lib/python3.12/site-packages/airflow/example_dags/example_time_delta_sensor_async.py
[2026-05-07T23:19:58.406+0000] {processor.py:830} INFO - Processing file /home/airflow/.local/lib/python3.12/site-packages/airflow/example_dags/example_time_delta_sensor_async.py for tasks to queue
[2026-05-07T23:19:58.408+0000] {logging_mixin.py:188} INFO - [2026-05-07T23:19:58.408+0000] {dagbag.py:545} INFO - Filling up the DagBag from /home/airflow/.local/lib/python3.12/site-packages/airflow/example_dags/example_time_delta_sensor_async.py
[2026-05-07T23:19:58.413+0000] {processor.py:840} INFO - DAG(s) 'example_time_delta_sensor_async' retrieved from /home/airflow/.local/lib/python3.12/site-packages/airflow/example_dags/example_time_delta_sensor_async.py
[2026-05-07T23:19:58.459+0000] {logging_mixin.py:188} INFO - [2026-05-07T23:19:58.458+0000] {dag.py:3096} INFO - Sync 1 DAGs
[2026-05-07T23:19:58.472+0000] {logging_mixin.py:188} INFO - [2026-05-07T23:19:58.472+0000] {dag.py:3954} INFO - Setting next_dagrun for example_time_delta_sensor_async to None, run_after=None
[2026-05-07T23:19:58.496+0000] {processor.py:183} INFO - Processing /home/airflow/.local/lib/python3.12/site-packages/airflow/example_dags/example_time_delta_sensor_async.py took 0.096 seconds
[2026-05-07T23:20:28.801+0000] {processor.py:161} INFO - Started process (PID=7733) to work on /home/airflow/.local/lib/python3.12/site-packages/airflow/example_dags/example_time_delta_sensor_async.py
[2026-05-07T23:20:28.803+0000] {processor.py:830} INFO - Processing file /home/airflow/.local/lib/python3.12/site-packages/airflow/example_dags/example_time_delta_sensor_async.py for tasks to queue
[2026-05-07T23:20:28.805+0000] {logging_mixin.py:188} INFO - [2026-05-07T23:20:28.805+0000] {dagbag.py:545} INFO - Filling up the DagBag from /home/airflow/.local/lib/python3.12/site-packages/airflow/example_dags/example_time_delta_sensor_async.py
[2026-05-07T23:20:28.811+0000] {processor.py:840} INFO - DAG(s) 'example_time_delta_sensor_async' retrieved from /home/airflow/.local/lib/python3.12/site-packages/airflow/example_dags/example_time_delta_sensor_async.py
[2026-05-07T23:20:28.835+0000] {logging_mixin.py:188} INFO - [2026-05-07T23:20:28.835+0000] {dag.py:3096} INFO - Sync 1 DAGs
[2026-05-07T23:20:28.847+0000] {logging_mixin.py:188} INFO - [2026-05-07T23:20:28.847+0000] {dag.py:3954} INFO - Setting next_dagrun for example_time_delta_sensor_async to None, run_after=None
[2026-05-07T23:20:28.874+0000] {processor.py:183} INFO - Processing /home/airflow/.local/lib/python3.12/site-packages/airflow/example_dags/example_time_delta_sensor_async.py took 0.078 seconds
[2026-05-07T23:20:58.917+0000] {processor.py:161} INFO - Started process (PID=7791) to work on /home/airflow/.local/lib/python3.12/site-packages/airflow/example_dags/example_time_delta_sensor_async.py
[2026-05-07T23:20:58.919+0000] {processor.py:830} INFO - Processing file /home/airflow/.local/lib/python3.12/site-packages/airflow/example_dags/example_time_delta_sensor_async.py for tasks to queue
[2026-05-07T23:20:58.922+0000] {logging_mixin.py:188} INFO - [2026-05-07T23:20:58.921+0000] {dagbag.py:545} INFO - Filling up the DagBag from /home/airflow/.local/lib/python3.12/site-packages/airflow/example_dags/example_time_delta_sensor_async.py
[2026-05-07T23:20:58.930+0000] {processor.py:840} INFO - DAG(s) 'example_time_delta_sensor_async' retrieved from /home/airflow/.local/lib/python3.12/site-packages/airflow/example_dags/example_time_delta_sensor_async.py
[2026-05-07T23:20:58.959+0000] {logging_mixin.py:188} INFO - [2026-05-07T23:20:58.959+0000] {dag.py:3096} INFO - Sync 1 DAGs
[2026-05-07T23:20:58.973+0000] {logging_mixin.py:188} INFO - [2026-05-07T23:20:58.972+0000] {dag.py:3954} INFO - Setting next_dagrun for example_time_delta_sensor_async to None, run_after=None
[2026-05-07T23:20:58.997+0000] {processor.py:183} INFO - Processing /home/airflow/.local/lib/python3.12/site-packages/airflow/example_dags/example_time_delta_sensor_async.py took 0.086 seconds
[2026-05-07T23:21:29.050+0000] {processor.py:161} INFO - Started process (PID=7849) to work on /home/airflow/.local/lib/python3.12/site-packages/airflow/example_dags/example_time_delta_sensor_async.py
[2026-05-07T23:21:29.052+0000] {processor.py:830} INFO - Processing file /home/airflow/.local/lib/python3.12/site-packages/airflow/example_dags/example_time_delta_sensor_async.py for tasks to queue
[2026-05-07T23:21:29.054+0000] {logging_mixin.py:188} INFO - [2026-05-07T23:21:29.054+0000] {dagbag.py:545} INFO - Filling up the DagBag from /home/airflow/.local/lib/python3.12/site-packages/airflow/example_dags/example_time_delta_sensor_async.py
[2026-05-07T23:21:29.061+0000] {processor.py:840} INFO - DAG(s) 'example_time_delta_sensor_async' retrieved from /home/airflow/.local/lib/python3.12/site-packages/airflow/example_dags/example_time_delta_sensor_async.py
[2026-05-07T23:21:29.083+0000] {logging_mixin.py:188} INFO - [2026-05-07T23:21:29.083+0000] {dag.py:3096} INFO - Sync 1 DAGs
[2026-05-07T23:21:29.097+0000] {logging_mixin.py:188} INFO - [2026-05-07T23:21:29.096+0000] {dag.py:3954} INFO - Setting next_dagrun for example_time_delta_sensor_async to None, run_after=None
[2026-05-07T23:21:29.115+0000] {processor.py:183} INFO - Processing /home/airflow/.local/lib/python3.12/site-packages/airflow/example_dags/example_time_delta_sensor_async.py took 0.070 seconds
[2026-05-07T23:21:59.540+0000] {processor.py:161} INFO - Started process (PID=7907) to work on /home/airflow/.local/lib/python3.12/site-packages/airflow/example_dags/example_time_delta_sensor_async.py
[2026-05-07T23:21:59.541+0000] {processor.py:830} INFO - Processing file /home/airflow/.local/lib/python3.12/site-packages/airflow/example_dags/example_time_delta_sensor_async.py for tasks to queue
[2026-05-07T23:21:59.544+0000] {logging_mixin.py:188} INFO - [2026-05-07T23:21:59.543+0000] {dagbag.py:545} INFO - Filling up the DagBag from /home/airflow/.local/lib/python3.12/site-packages/airflow/example_dags/example_time_delta_sensor_async.py
[2026-05-07T23:21:59.548+0000] {processor.py:840} INFO - DAG(s) 'example_time_delta_sensor_async' retrieved from /home/airflow/.local/lib/python3.12/site-packages/airflow/example_dags/example_time_delta_sensor_async.py
[2026-05-07T23:21:59.565+0000] {logging_mixin.py:188} INFO - [2026-05-07T23:21:59.565+0000] {dag.py:3096} INFO - Sync 1 DAGs
[2026-05-07T23:21:59.575+0000] {logging_mixin.py:188} INFO - [2026-05-07T23:21:59.575+0000] {dag.py:3954} INFO - Setting next_dagrun for example_time_delta_sensor_async to None, run_after=None
[2026-05-07T23:21:59.592+0000] {processor.py:183} INFO - Processing /home/airflow/.local/lib/python3.12/site-packages/airflow/example_dags/example_time_delta_sensor_async.py took 0.057 seconds
[2026-05-07T23:22:30.008+0000] {processor.py:161} INFO - Started process (PID=7964) to work on /home/airflow/.local/lib/python3.12/site-packages/airflow/example_dags/example_time_delta_sensor_async.py
[2026-05-07T23:22:30.009+0000] {processor.py:830} INFO - Processing file /home/airflow/.local/lib/python3.12/site-packages/airflow/example_dags/example_time_delta_sensor_async.py for tasks to queue
[2026-05-07T23:22:30.011+0000] {logging_mixin.py:188} INFO - [2026-05-07T23:22:30.011+0000] {dagbag.py:545} INFO - Filling up the DagBag from /home/airflow/.local/lib/python3.12/site-packages/airflow/example_dags/example_time_delta_sensor_async.py
[2026-05-07T23:22:30.016+0000] {processor.py:840} INFO - DAG(s) 'example_time_delta_sensor_async' retrieved from /home/airflow/.local/lib/python3.12/site-packages/airflow/example_dags/example_time_delta_sensor_async.py
[2026-05-07T23:22:30.034+0000] {logging_mixin.py:188} INFO - [2026-05-07T23:22:30.034+0000] {dag.py:3096} INFO - Sync 1 DAGs
[2026-05-07T23:22:30.044+0000] {logging_mixin.py:188} INFO - [2026-05-07T23:22:30.044+0000] {dag.py:3954} INFO - Setting next_dagrun for example_time_delta_sensor_async to None, run_after=None
[2026-05-07T23:22:30.059+0000] {processor.py:183} INFO - Processing /home/airflow/.local/lib/python3.12/site-packages/airflow/example_dags/example_time_delta_sensor_async.py took 0.057 seconds
[2026-05-07T23:23:00.294+0000] {processor.py:161} INFO - Started process (PID=8022) to work on /home/airflow/.local/lib/python3.12/site-packages/airflow/example_dags/example_time_delta_sensor_async.py
[2026-05-07T23:23:00.296+0000] {processor.py:830} INFO - Processing file /home/airflow/.local/lib/python3.12/site-packages/airflow/example_dags/example_time_delta_sensor_async.py for tasks to queue
[2026-05-07T23:23:00.298+0000] {logging_mixin.py:188} INFO - [2026-05-07T23:23:00.297+0000] {dagbag.py:545} INFO - Filling up the DagBag from /home/airflow/.local/lib/python3.12/site-packages/airflow/example_dags/example_time_delta_sensor_async.py
[2026-05-07T23:23:00.302+0000] {processor.py:840} INFO - DAG(s) 'example_time_delta_sensor_async' retrieved from /home/airflow/.local/lib/python3.12/site-packages/airflow/example_dags/example_time_delta_sensor_async.py
[2026-05-07T23:23:00.320+0000] {logging_mixin.py:188} INFO - [2026-05-07T23:23:00.319+0000] {dag.py:3096} INFO - Sync 1 DAGs
[2026-05-07T23:23:00.330+0000] {logging_mixin.py:188} INFO - [2026-05-07T23:23:00.330+0000] {dag.py:3954} INFO - Setting next_dagrun for example_time_delta_sensor_async to None, run_after=None
[2026-05-07T23:23:00.345+0000] {processor.py:183} INFO - Processing /home/airflow/.local/lib/python3.12/site-packages/airflow/example_dags/example_time_delta_sensor_async.py took 0.056 seconds
[2026-05-07T23:23:30.490+0000] {processor.py:161} INFO - Started process (PID=8079) to work on /home/airflow/.local/lib/python3.12/site-packages/airflow/example_dags/example_time_delta_sensor_async.py
[2026-05-07T23:23:30.491+0000] {processor.py:830} INFO - Processing file /home/airflow/.local/lib/python3.12/site-packages/airflow/example_dags/example_time_delta_sensor_async.py for tasks to queue
[2026-05-07T23:23:30.494+0000] {logging_mixin.py:188} INFO - [2026-05-07T23:23:30.494+0000] {dagbag.py:545} INFO - Filling up the DagBag from /home/airflow/.local/lib/python3.12/site-packages/airflow/example_dags/example_time_delta_sensor_async.py
[2026-05-07T23:23:30.500+0000] {processor.py:840} INFO - DAG(s) 'example_time_delta_sensor_async' retrieved from /home/airflow/.local/lib/python3.12/site-packages/airflow/example_dags/example_time_delta_sensor_async.py
[2026-05-07T23:23:30.519+0000] {logging_mixin.py:188} INFO - [2026-05-07T23:23:30.519+0000] {dag.py:3096} INFO - Sync 1 DAGs
[2026-05-07T23:23:30.531+0000] {logging_mixin.py:188} INFO - [2026-05-07T23:23:30.531+0000] {dag.py:3954} INFO - Setting next_dagrun for example_time_delta_sensor_async to None, run_after=None
[2026-05-07T23:23:30.548+0000] {processor.py:183} INFO - Processing /home/airflow/.local/lib/python3.12/site-packages/airflow/example_dags/example_time_delta_sensor_async.py took 0.065 seconds
[2026-05-07T23:24:00.697+0000] {processor.py:161} INFO - Started process (PID=8137) to work on /home/airflow/.local/lib/python3.12/site-packages/airflow/example_dags/example_time_delta_sensor_async.py
[2026-05-07T23:24:00.699+0000] {processor.py:830} INFO - Processing file /home/airflow/.local/lib/python3.12/site-packages/airflow/example_dags/example_time_delta_sensor_async.py for tasks to queue
[2026-05-07T23:24:00.701+0000] {logging_mixin.py:188} INFO - [2026-05-07T23:24:00.701+0000] {dagbag.py:545} INFO - Filling up the DagBag from /home/airflow/.local/lib/python3.12/site-packages/airflow/example_dags/example_time_delta_sensor_async.py
[2026-05-07T23:24:00.706+0000] {processor.py:840} INFO - DAG(s) 'example_time_delta_sensor_async' retrieved from /home/airflow/.local/lib/python3.12/site-packages/airflow/example_dags/example_time_delta_sensor_async.py
[2026-05-07T23:24:00.724+0000] {logging_mixin.py:188} INFO - [2026-05-07T23:24:00.724+0000] {dag.py:3096} INFO - Sync 1 DAGs
[2026-05-07T23:24:00.735+0000] {logging_mixin.py:188} INFO - [2026-05-07T23:24:00.734+0000] {dag.py:3954} INFO - Setting next_dagrun for example_time_delta_sensor_async to None, run_after=None
[2026-05-07T23:24:00.751+0000] {processor.py:183} INFO - Processing /home/airflow/.local/lib/python3.12/site-packages/airflow/example_dags/example_time_delta_sensor_async.py took 0.060 seconds
[2026-05-07T23:24:30.853+0000] {processor.py:161} INFO - Started process (PID=8195) to work on /home/airflow/.local/lib/python3.12/site-packages/airflow/example_dags/example_time_delta_sensor_async.py
[2026-05-07T23:24:30.854+0000] {processor.py:830} INFO - Processing file /home/airflow/.local/lib/python3.12/site-packages/airflow/example_dags/example_time_delta_sensor_async.py for tasks to queue
[2026-05-07T23:24:30.856+0000] {logging_mixin.py:188} INFO - [2026-05-07T23:24:30.856+0000] {dagbag.py:545} INFO - Filling up the DagBag from /home/airflow/.local/lib/python3.12/site-packages/airflow/example_dags/example_time_delta_sensor_async.py
[2026-05-07T23:24:30.861+0000] {processor.py:840} INFO - DAG(s) 'example_time_delta_sensor_async' retrieved from /home/airflow/.local/lib/python3.12/site-packages/airflow/example_dags/example_time_delta_sensor_async.py
[2026-05-07T23:24:30.879+0000] {logging_mixin.py:188} INFO - [2026-05-07T23:24:30.879+0000] {dag.py:3096} INFO - Sync 1 DAGs
[2026-05-07T23:24:30.890+0000] {logging_mixin.py:188} INFO - [2026-05-07T23:24:30.890+0000] {dag.py:3954} INFO - Setting next_dagrun for example_time_delta_sensor_async to None, run_after=None
[2026-05-07T23:24:30.905+0000] {processor.py:183} INFO - Processing /home/airflow/.local/lib/python3.12/site-packages/airflow/example_dags/example_time_delta_sensor_async.py took 0.059 seconds
[2026-05-07T23:25:01.298+0000] {processor.py:161} INFO - Started process (PID=8253) to work on /home/airflow/.local/lib/python3.12/site-packages/airflow/example_dags/example_time_delta_sensor_async.py
[2026-05-07T23:25:01.299+0000] {processor.py:830} INFO - Processing file /home/airflow/.local/lib/python3.12/site-packages/airflow/example_dags/example_time_delta_sensor_async.py for tasks to queue
[2026-05-07T23:25:01.301+0000] {logging_mixin.py:188} INFO - [2026-05-07T23:25:01.301+0000] {dagbag.py:545} INFO - Filling up the DagBag from /home/airflow/.local/lib/python3.12/site-packages/airflow/example_dags/example_time_delta_sensor_async.py
[2026-05-07T23:25:01.306+0000] {processor.py:840} INFO - DAG(s) 'example_time_delta_sensor_async' retrieved from /home/airflow/.local/lib/python3.12/site-packages/airflow/example_dags/example_time_delta_sensor_async.py
[2026-05-07T23:25:01.323+0000] {logging_mixin.py:188} INFO - [2026-05-07T23:25:01.322+0000] {dag.py:3096} INFO - Sync 1 DAGs
[2026-05-07T23:25:01.333+0000] {logging_mixin.py:188} INFO - [2026-05-07T23:25:01.332+0000] {dag.py:3954} INFO - Setting next_dagrun for example_time_delta_sensor_async to None, run_after=None
[2026-05-07T23:25:01.349+0000] {processor.py:183} INFO - Processing /home/airflow/.local/lib/python3.12/site-packages/airflow/example_dags/example_time_delta_sensor_async.py took 0.056 seconds
[2026-05-07T23:25:31.498+0000] {processor.py:161} INFO - Started process (PID=8311) to work on /home/airflow/.local/lib/python3.12/site-packages/airflow/example_dags/example_time_delta_sensor_async.py
[2026-05-07T23:25:31.499+0000] {processor.py:830} INFO - Processing file /home/airflow/.local/lib/python3.12/site-packages/airflow/example_dags/example_time_delta_sensor_async.py for tasks to queue
[2026-05-07T23:25:31.502+0000] {logging_mixin.py:188} INFO - [2026-05-07T23:25:31.502+0000] {dagbag.py:545} INFO - Filling up the DagBag from /home/airflow/.local/lib/python3.12/site-packages/airflow/example_dags/example_time_delta_sensor_async.py
[2026-05-07T23:25:31.507+0000] {processor.py:840} INFO - DAG(s) 'example_time_delta_sensor_async' retrieved from /home/airflow/.local/lib/python3.12/site-packages/airflow/example_dags/example_time_delta_sensor_async.py
[2026-05-07T23:25:31.527+0000] {logging_mixin.py:188} INFO - [2026-05-07T23:25:31.527+0000] {dag.py:3096} INFO - Sync 1 DAGs
[2026-05-07T23:25:31.538+0000] {logging_mixin.py:188} INFO - [2026-05-07T23:25:31.537+0000] {dag.py:3954} INFO - Setting next_dagrun for example_time_delta_sensor_async to None, run_after=None
[2026-05-07T23:25:31.553+0000] {processor.py:183} INFO - Processing /home/airflow/.local/lib/python3.12/site-packages/airflow/example_dags/example_time_delta_sensor_async.py took 0.063 seconds
[2026-05-07T23:26:01.799+0000] {processor.py:161} INFO - Started process (PID=8369) to work on /home/airflow/.local/lib/python3.12/site-packages/airflow/example_dags/example_time_delta_sensor_async.py
[2026-05-07T23:26:01.802+0000] {processor.py:830} INFO - Processing file /home/airflow/.local/lib/python3.12/site-packages/airflow/example_dags/example_time_delta_sensor_async.py for tasks to queue
[2026-05-07T23:26:01.806+0000] {logging_mixin.py:188} INFO - [2026-05-07T23:26:01.805+0000] {dagbag.py:545} INFO - Filling up the DagBag from /home/airflow/.local/lib/python3.12/site-packages/airflow/example_dags/example_time_delta_sensor_async.py
[2026-05-07T23:26:01.814+0000] {processor.py:840} INFO - DAG(s) 'example_time_delta_sensor_async' retrieved from /home/airflow/.local/lib/python3.12/site-packages/airflow/example_dags/example_time_delta_sensor_async.py
[2026-05-07T23:26:01.852+0000] {logging_mixin.py:188} INFO - [2026-05-07T23:26:01.852+0000] {dag.py:3096} INFO - Sync 1 DAGs
[2026-05-07T23:26:01.875+0000] {logging_mixin.py:188} INFO - [2026-05-07T23:26:01.875+0000] {dag.py:3954} INFO - Setting next_dagrun for example_time_delta_sensor_async to None, run_after=None
[2026-05-07T23:26:01.903+0000] {processor.py:183} INFO - Processing /home/airflow/.local/lib/python3.12/site-packages/airflow/example_dags/example_time_delta_sensor_async.py took 0.115 seconds
[2026-05-07T23:26:31.963+0000] {processor.py:161} INFO - Started process (PID=8427) to work on /home/airflow/.local/lib/python3.12/site-packages/airflow/example_dags/example_time_delta_sensor_async.py
[2026-05-07T23:26:31.964+0000] {processor.py:830} INFO - Processing file /home/airflow/.local/lib/python3.12/site-packages/airflow/example_dags/example_time_delta_sensor_async.py for tasks to queue
[2026-05-07T23:26:31.966+0000] {logging_mixin.py:188} INFO - [2026-05-07T23:26:31.966+0000] {dagbag.py:545} INFO - Filling up the DagBag from /home/airflow/.local/lib/python3.12/site-packages/airflow/example_dags/example_time_delta_sensor_async.py
[2026-05-07T23:26:31.971+0000] {processor.py:840} INFO - DAG(s) 'example_time_delta_sensor_async' retrieved from /home/airflow/.local/lib/python3.12/site-packages/airflow/example_dags/example_time_delta_sensor_async.py
[2026-05-07T23:26:31.988+0000] {logging_mixin.py:188} INFO - [2026-05-07T23:26:31.988+0000] {dag.py:3096} INFO - Sync 1 DAGs
[2026-05-07T23:26:31.998+0000] {logging_mixin.py:188} INFO - [2026-05-07T23:26:31.998+0000] {dag.py:3954} INFO - Setting next_dagrun for example_time_delta_sensor_async to None, run_after=None
[2026-05-07T23:26:32.018+0000] {processor.py:183} INFO - Processing /home/airflow/.local/lib/python3.12/site-packages/airflow/example_dags/example_time_delta_sensor_async.py took 0.060 seconds
[2026-05-07T23:27:02.376+0000] {processor.py:161} INFO - Started process (PID=8485) to work on /home/airflow/.local/lib/python3.12/site-packages/airflow/example_dags/example_time_delta_sensor_async.py
[2026-05-07T23:27:02.378+0000] {processor.py:830} INFO - Processing file /home/airflow/.local/lib/python3.12/site-packages/airflow/example_dags/example_time_delta_sensor_async.py for tasks to queue
[2026-05-07T23:27:02.381+0000] {logging_mixin.py:188} INFO - [2026-05-07T23:27:02.380+0000] {dagbag.py:545} INFO - Filling up the DagBag from /home/airflow/.local/lib/python3.12/site-packages/airflow/example_dags/example_time_delta_sensor_async.py
[2026-05-07T23:27:02.387+0000] {processor.py:840} INFO - DAG(s) 'example_time_delta_sensor_async' retrieved from /home/airflow/.local/lib/python3.12/site-packages/airflow/example_dags/example_time_delta_sensor_async.py
[2026-05-07T23:27:02.409+0000] {logging_mixin.py:188} INFO - [2026-05-07T23:27:02.408+0000] {dag.py:3096} INFO - Sync 1 DAGs
[2026-05-07T23:27:02.425+0000] {logging_mixin.py:188} INFO - [2026-05-07T23:27:02.424+0000] {dag.py:3954} INFO - Setting next_dagrun for example_time_delta_sensor_async to None, run_after=None
[2026-05-07T23:27:02.441+0000] {processor.py:183} INFO - Processing /home/airflow/.local/lib/python3.12/site-packages/airflow/example_dags/example_time_delta_sensor_async.py took 0.071 seconds
[2026-05-07T23:27:32.937+0000] {processor.py:161} INFO - Started process (PID=8544) to work on /home/airflow/.local/lib/python3.12/site-packages/airflow/example_dags/example_time_delta_sensor_async.py
[2026-05-07T23:27:32.938+0000] {processor.py:830} INFO - Processing file /home/airflow/.local/lib/python3.12/site-packages/airflow/example_dags/example_time_delta_sensor_async.py for tasks to queue
[2026-05-07T23:27:32.940+0000] {logging_mixin.py:188} INFO - [2026-05-07T23:27:32.939+0000] {dagbag.py:545} INFO - Filling up the DagBag from /home/airflow/.local/lib/python3.12/site-packages/airflow/example_dags/example_time_delta_sensor_async.py
[2026-05-07T23:27:32.944+0000] {processor.py:840} INFO - DAG(s) 'example_time_delta_sensor_async' retrieved from /home/airflow/.local/lib/python3.12/site-packages/airflow/example_dags/example_time_delta_sensor_async.py
[2026-05-07T23:27:32.961+0000] {logging_mixin.py:188} INFO - [2026-05-07T23:27:32.961+0000] {dag.py:3096} INFO - Sync 1 DAGs
[2026-05-07T23:27:32.971+0000] {logging_mixin.py:188} INFO - [2026-05-07T23:27:32.971+0000] {dag.py:3954} INFO - Setting next_dagrun for example_time_delta_sensor_async to None, run_after=None
[2026-05-07T23:27:32.987+0000] {processor.py:183} INFO - Processing /home/airflow/.local/lib/python3.12/site-packages/airflow/example_dags/example_time_delta_sensor_async.py took 0.057 seconds
[2026-05-07T23:28:03.168+0000] {processor.py:161} INFO - Started process (PID=8601) to work on /home/airflow/.local/lib/python3.12/site-packages/airflow/example_dags/example_time_delta_sensor_async.py
[2026-05-07T23:28:03.170+0000] {processor.py:830} INFO - Processing file /home/airflow/.local/lib/python3.12/site-packages/airflow/example_dags/example_time_delta_sensor_async.py for tasks to queue
[2026-05-07T23:28:03.171+0000] {logging_mixin.py:188} INFO - [2026-05-07T23:28:03.171+0000] {dagbag.py:545} INFO - Filling up the DagBag from /home/airflow/.local/lib/python3.12/site-packages/airflow/example_dags/example_time_delta_sensor_async.py
[2026-05-07T23:28:03.176+0000] {processor.py:840} INFO - DAG(s) 'example_time_delta_sensor_async' retrieved from /home/airflow/.local/lib/python3.12/site-packages/airflow/example_dags/example_time_delta_sensor_async.py
[2026-05-07T23:28:03.193+0000] {logging_mixin.py:188} INFO - [2026-05-07T23:28:03.193+0000] {dag.py:3096} INFO - Sync 1 DAGs
[2026-05-07T23:28:03.203+0000] {logging_mixin.py:188} INFO - [2026-05-07T23:28:03.203+0000] {dag.py:3954} INFO - Setting next_dagrun for example_time_delta_sensor_async to None, run_after=None
[2026-05-07T23:28:03.219+0000] {processor.py:183} INFO - Processing /home/airflow/.local/lib/python3.12/site-packages/airflow/example_dags/example_time_delta_sensor_async.py took 0.056 seconds
[2026-05-07T23:28:33.480+0000] {processor.py:161} INFO - Started process (PID=8659) to work on /home/airflow/.local/lib/python3.12/site-packages/airflow/example_dags/example_time_delta_sensor_async.py
[2026-05-07T23:28:33.481+0000] {processor.py:830} INFO - Processing file /home/airflow/.local/lib/python3.12/site-packages/airflow/example_dags/example_time_delta_sensor_async.py for tasks to queue
[2026-05-07T23:28:33.483+0000] {logging_mixin.py:188} INFO - [2026-05-07T23:28:33.483+0000] {dagbag.py:545} INFO - Filling up the DagBag from /home/airflow/.local/lib/python3.12/site-packages/airflow/example_dags/example_time_delta_sensor_async.py
[2026-05-07T23:28:33.487+0000] {processor.py:840} INFO - DAG(s) 'example_time_delta_sensor_async' retrieved from /home/airflow/.local/lib/python3.12/site-packages/airflow/example_dags/example_time_delta_sensor_async.py
[2026-05-07T23:28:33.504+0000] {logging_mixin.py:188} INFO - [2026-05-07T23:28:33.504+0000] {dag.py:3096} INFO - Sync 1 DAGs
[2026-05-07T23:28:33.514+0000] {logging_mixin.py:188} INFO - [2026-05-07T23:28:33.514+0000] {dag.py:3954} INFO - Setting next_dagrun for example_time_delta_sensor_async to None, run_after=None
[2026-05-07T23:28:33.530+0000] {processor.py:183} INFO - Processing /home/airflow/.local/lib/python3.12/site-packages/airflow/example_dags/example_time_delta_sensor_async.py took 0.055 seconds
[2026-05-07T23:29:03.852+0000] {processor.py:161} INFO - Started process (PID=8716) to work on /home/airflow/.local/lib/python3.12/site-packages/airflow/example_dags/example_time_delta_sensor_async.py
[2026-05-07T23:29:03.854+0000] {processor.py:830} INFO - Processing file /home/airflow/.local/lib/python3.12/site-packages/airflow/example_dags/example_time_delta_sensor_async.py for tasks to queue
[2026-05-07T23:29:03.855+0000] {logging_mixin.py:188} INFO - [2026-05-07T23:29:03.855+0000] {dagbag.py:545} INFO - Filling up the DagBag from /home/airflow/.local/lib/python3.12/site-packages/airflow/example_dags/example_time_delta_sensor_async.py
[2026-05-07T23:29:03.860+0000] {processor.py:840} INFO - DAG(s) 'example_time_delta_sensor_async' retrieved from /home/airflow/.local/lib/python3.12/site-packages/airflow/example_dags/example_time_delta_sensor_async.py
[2026-05-07T23:29:03.877+0000] {logging_mixin.py:188} INFO - [2026-05-07T23:29:03.877+0000] {dag.py:3096} INFO - Sync 1 DAGs
[2026-05-07T23:29:03.888+0000] {logging_mixin.py:188} INFO - [2026-05-07T23:29:03.887+0000] {dag.py:3954} INFO - Setting next_dagrun for example_time_delta_sensor_async to None, run_after=None
[2026-05-07T23:29:03.903+0000] {processor.py:183} INFO - Processing /home/airflow/.local/lib/python3.12/site-packages/airflow/example_dags/example_time_delta_sensor_async.py took 0.056 seconds
[2026-05-07T23:29:34.236+0000] {processor.py:161} INFO - Started process (PID=8773) to work on /home/airflow/.local/lib/python3.12/site-packages/airflow/example_dags/example_time_delta_sensor_async.py
[2026-05-07T23:29:34.237+0000] {processor.py:830} INFO - Processing file /home/airflow/.local/lib/python3.12/site-packages/airflow/example_dags/example_time_delta_sensor_async.py for tasks to queue
[2026-05-07T23:29:34.240+0000] {logging_mixin.py:188} INFO - [2026-05-07T23:29:34.239+0000] {dagbag.py:545} INFO - Filling up the DagBag from /home/airflow/.local/lib/python3.12/site-packages/airflow/example_dags/example_time_delta_sensor_async.py
[2026-05-07T23:29:34.247+0000] {processor.py:840} INFO - DAG(s) 'example_time_delta_sensor_async' retrieved from /home/airflow/.local/lib/python3.12/site-packages/airflow/example_dags/example_time_delta_sensor_async.py
[2026-05-07T23:29:34.264+0000] {logging_mixin.py:188} INFO - [2026-05-07T23:29:34.264+0000] {dag.py:3096} INFO - Sync 1 DAGs
[2026-05-07T23:29:34.275+0000] {logging_mixin.py:188} INFO - [2026-05-07T23:29:34.275+0000] {dag.py:3954} INFO - Setting next_dagrun for example_time_delta_sensor_async to None, run_after=None
[2026-05-07T23:29:34.290+0000] {processor.py:183} INFO - Processing /home/airflow/.local/lib/python3.12/site-packages/airflow/example_dags/example_time_delta_sensor_async.py took 0.059 seconds
[2026-05-07T23:30:05.022+0000] {processor.py:161} INFO - Started process (PID=8831) to work on /home/airflow/.local/lib/python3.12/site-packages/airflow/example_dags/example_time_delta_sensor_async.py
[2026-05-07T23:30:05.024+0000] {processor.py:830} INFO - Processing file /home/airflow/.local/lib/python3.12/site-packages/airflow/example_dags/example_time_delta_sensor_async.py for tasks to queue
[2026-05-07T23:30:05.026+0000] {logging_mixin.py:188} INFO - [2026-05-07T23:30:05.025+0000] {dagbag.py:545} INFO - Filling up the DagBag from /home/airflow/.local/lib/python3.12/site-packages/airflow/example_dags/example_time_delta_sensor_async.py
[2026-05-07T23:30:05.030+0000] {processor.py:840} INFO - DAG(s) 'example_time_delta_sensor_async' retrieved from /home/airflow/.local/lib/python3.12/site-packages/airflow/example_dags/example_time_delta_sensor_async.py
[2026-05-07T23:30:05.049+0000] {logging_mixin.py:188} INFO - [2026-05-07T23:30:05.048+0000] {dag.py:3096} INFO - Sync 1 DAGs
[2026-05-07T23:30:05.059+0000] {logging_mixin.py:188} INFO - [2026-05-07T23:30:05.059+0000] {dag.py:3954} INFO - Setting next_dagrun for example_time_delta_sensor_async to None, run_after=None
[2026-05-07T23:30:05.076+0000] {processor.py:183} INFO - Processing /home/airflow/.local/lib/python3.12/site-packages/airflow/example_dags/example_time_delta_sensor_async.py took 0.060 seconds
[2026-05-07T23:30:35.216+0000] {processor.py:161} INFO - Started process (PID=8889) to work on /home/airflow/.local/lib/python3.12/site-packages/airflow/example_dags/example_time_delta_sensor_async.py
[2026-05-07T23:30:35.217+0000] {processor.py:830} INFO - Processing file /home/airflow/.local/lib/python3.12/site-packages/airflow/example_dags/example_time_delta_sensor_async.py for tasks to queue
[2026-05-07T23:30:35.219+0000] {logging_mixin.py:188} INFO - [2026-05-07T23:30:35.219+0000] {dagbag.py:545} INFO - Filling up the DagBag from /home/airflow/.local/lib/python3.12/site-packages/airflow/example_dags/example_time_delta_sensor_async.py
[2026-05-07T23:30:35.224+0000] {processor.py:840} INFO - DAG(s) 'example_time_delta_sensor_async' retrieved from /home/airflow/.local/lib/python3.12/site-packages/airflow/example_dags/example_time_delta_sensor_async.py
[2026-05-07T23:30:35.242+0000] {logging_mixin.py:188} INFO - [2026-05-07T23:30:35.242+0000] {dag.py:3096} INFO - Sync 1 DAGs
[2026-05-07T23:30:35.252+0000] {logging_mixin.py:188} INFO - [2026-05-07T23:30:35.252+0000] {dag.py:3954} INFO - Setting next_dagrun for example_time_delta_sensor_async to None, run_after=None
[2026-05-07T23:30:35.268+0000] {processor.py:183} INFO - Processing /home/airflow/.local/lib/python3.12/site-packages/airflow/example_dags/example_time_delta_sensor_async.py took 0.058 seconds
[2026-05-07T23:31:05.581+0000] {processor.py:161} INFO - Started process (PID=8947) to work on /home/airflow/.local/lib/python3.12/site-packages/airflow/example_dags/example_time_delta_sensor_async.py
[2026-05-07T23:31:05.583+0000] {processor.py:830} INFO - Processing file /home/airflow/.local/lib/python3.12/site-packages/airflow/example_dags/example_time_delta_sensor_async.py for tasks to queue
[2026-05-07T23:31:05.585+0000] {logging_mixin.py:188} INFO - [2026-05-07T23:31:05.585+0000] {dagbag.py:545} INFO - Filling up the DagBag from /home/airflow/.local/lib/python3.12/site-packages/airflow/example_dags/example_time_delta_sensor_async.py
[2026-05-07T23:31:05.591+0000] {processor.py:840} INFO - DAG(s) 'example_time_delta_sensor_async' retrieved from /home/airflow/.local/lib/python3.12/site-packages/airflow/example_dags/example_time_delta_sensor_async.py
[2026-05-07T23:31:05.609+0000] {logging_mixin.py:188} INFO - [2026-05-07T23:31:05.609+0000] {dag.py:3096} INFO - Sync 1 DAGs
[2026-05-07T23:31:05.620+0000] {logging_mixin.py:188} INFO - [2026-05-07T23:31:05.619+0000] {dag.py:3954} INFO - Setting next_dagrun for example_time_delta_sensor_async to None, run_after=None
[2026-05-07T23:31:05.635+0000] {processor.py:183} INFO - Processing /home/airflow/.local/lib/python3.12/site-packages/airflow/example_dags/example_time_delta_sensor_async.py took 0.060 seconds
[2026-05-07T23:31:35.787+0000] {processor.py:161} INFO - Started process (PID=9005) to work on /home/airflow/.local/lib/python3.12/site-packages/airflow/example_dags/example_time_delta_sensor_async.py
[2026-05-07T23:31:35.789+0000] {processor.py:830} INFO - Processing file /home/airflow/.local/lib/python3.12/site-packages/airflow/example_dags/example_time_delta_sensor_async.py for tasks to queue
[2026-05-07T23:31:35.791+0000] {logging_mixin.py:188} INFO - [2026-05-07T23:31:35.791+0000] {dagbag.py:545} INFO - Filling up the DagBag from /home/airflow/.local/lib/python3.12/site-packages/airflow/example_dags/example_time_delta_sensor_async.py
[2026-05-07T23:31:35.796+0000] {processor.py:840} INFO - DAG(s) 'example_time_delta_sensor_async' retrieved from /home/airflow/.local/lib/python3.12/site-packages/airflow/example_dags/example_time_delta_sensor_async.py
[2026-05-07T23:31:35.819+0000] {logging_mixin.py:188} INFO - [2026-05-07T23:31:35.819+0000] {dag.py:3096} INFO - Sync 1 DAGs
[2026-05-07T23:31:35.831+0000] {logging_mixin.py:188} INFO - [2026-05-07T23:31:35.831+0000] {dag.py:3954} INFO - Setting next_dagrun for example_time_delta_sensor_async to None, run_after=None
[2026-05-07T23:31:35.854+0000] {processor.py:183} INFO - Processing /home/airflow/.local/lib/python3.12/site-packages/airflow/example_dags/example_time_delta_sensor_async.py took 0.074 seconds
[2026-05-07T23:32:06.014+0000] {processor.py:161} INFO - Started process (PID=9063) to work on /home/airflow/.local/lib/python3.12/site-packages/airflow/example_dags/example_time_delta_sensor_async.py
[2026-05-07T23:32:06.016+0000] {processor.py:830} INFO - Processing file /home/airflow/.local/lib/python3.12/site-packages/airflow/example_dags/example_time_delta_sensor_async.py for tasks to queue
[2026-05-07T23:32:06.018+0000] {logging_mixin.py:188} INFO - [2026-05-07T23:32:06.017+0000] {dagbag.py:545} INFO - Filling up the DagBag from /home/airflow/.local/lib/python3.12/site-packages/airflow/example_dags/example_time_delta_sensor_async.py
[2026-05-07T23:32:06.022+0000] {processor.py:840} INFO - DAG(s) 'example_time_delta_sensor_async' retrieved from /home/airflow/.local/lib/python3.12/site-packages/airflow/example_dags/example_time_delta_sensor_async.py
[2026-05-07T23:32:06.040+0000] {logging_mixin.py:188} INFO - [2026-05-07T23:32:06.040+0000] {dag.py:3096} INFO - Sync 1 DAGs
[2026-05-07T23:32:06.050+0000] {logging_mixin.py:188} INFO - [2026-05-07T23:32:06.050+0000] {dag.py:3954} INFO - Setting next_dagrun for example_time_delta_sensor_async to None, run_after=None
[2026-05-07T23:32:06.067+0000] {processor.py:183} INFO - Processing /home/airflow/.local/lib/python3.12/site-packages/airflow/example_dags/example_time_delta_sensor_async.py took 0.059 seconds
[2026-05-07T23:32:36.316+0000] {processor.py:161} INFO - Started process (PID=9121) to work on /home/airflow/.local/lib/python3.12/site-packages/airflow/example_dags/example_time_delta_sensor_async.py
[2026-05-07T23:32:36.317+0000] {processor.py:830} INFO - Processing file /home/airflow/.local/lib/python3.12/site-packages/airflow/example_dags/example_time_delta_sensor_async.py for tasks to queue
[2026-05-07T23:32:36.319+0000] {logging_mixin.py:188} INFO - [2026-05-07T23:32:36.319+0000] {dagbag.py:545} INFO - Filling up the DagBag from /home/airflow/.local/lib/python3.12/site-packages/airflow/example_dags/example_time_delta_sensor_async.py
[2026-05-07T23:32:36.324+0000] {processor.py:840} INFO - DAG(s) 'example_time_delta_sensor_async' retrieved from /home/airflow/.local/lib/python3.12/site-packages/airflow/example_dags/example_time_delta_sensor_async.py
[2026-05-07T23:32:36.341+0000] {logging_mixin.py:188} INFO - [2026-05-07T23:32:36.341+0000] {dag.py:3096} INFO - Sync 1 DAGs
[2026-05-07T23:32:36.352+0000] {logging_mixin.py:188} INFO - [2026-05-07T23:32:36.352+0000] {dag.py:3954} INFO - Setting next_dagrun for example_time_delta_sensor_async to None, run_after=None
[2026-05-07T23:32:36.367+0000] {processor.py:183} INFO - Processing /home/airflow/.local/lib/python3.12/site-packages/airflow/example_dags/example_time_delta_sensor_async.py took 0.057 seconds
[2026-05-07T23:33:06.591+0000] {processor.py:161} INFO - Started process (PID=9179) to work on /home/airflow/.local/lib/python3.12/site-packages/airflow/example_dags/example_time_delta_sensor_async.py
[2026-05-07T23:33:06.592+0000] {processor.py:830} INFO - Processing file /home/airflow/.local/lib/python3.12/site-packages/airflow/example_dags/example_time_delta_sensor_async.py for tasks to queue
[2026-05-07T23:33:06.595+0000] {logging_mixin.py:188} INFO - [2026-05-07T23:33:06.594+0000] {dagbag.py:545} INFO - Filling up the DagBag from /home/airflow/.local/lib/python3.12/site-packages/airflow/example_dags/example_time_delta_sensor_async.py
[2026-05-07T23:33:06.600+0000] {processor.py:840} INFO - DAG(s) 'example_time_delta_sensor_async' retrieved from /home/airflow/.local/lib/python3.12/site-packages/airflow/example_dags/example_time_delta_sensor_async.py
[2026-05-07T23:33:06.618+0000] {logging_mixin.py:188} INFO - [2026-05-07T23:33:06.617+0000] {dag.py:3096} INFO - Sync 1 DAGs
[2026-05-07T23:33:06.628+0000] {logging_mixin.py:188} INFO - [2026-05-07T23:33:06.628+0000] {dag.py:3954} INFO - Setting next_dagrun for example_time_delta_sensor_async to None, run_after=None
[2026-05-07T23:33:06.643+0000] {processor.py:183} INFO - Processing /home/airflow/.local/lib/python3.12/site-packages/airflow/example_dags/example_time_delta_sensor_async.py took 0.057 seconds
[2026-05-07T23:33:37.100+0000] {processor.py:161} INFO - Started process (PID=9237) to work on /home/airflow/.local/lib/python3.12/site-packages/airflow/example_dags/example_time_delta_sensor_async.py
[2026-05-07T23:33:37.101+0000] {processor.py:830} INFO - Processing file /home/airflow/.local/lib/python3.12/site-packages/airflow/example_dags/example_time_delta_sensor_async.py for tasks to queue
[2026-05-07T23:33:37.103+0000] {logging_mixin.py:188} INFO - [2026-05-07T23:33:37.103+0000] {dagbag.py:545} INFO - Filling up the DagBag from /home/airflow/.local/lib/python3.12/site-packages/airflow/example_dags/example_time_delta_sensor_async.py
[2026-05-07T23:33:37.109+0000] {processor.py:840} INFO - DAG(s) 'example_time_delta_sensor_async' retrieved from /home/airflow/.local/lib/python3.12/site-packages/airflow/example_dags/example_time_delta_sensor_async.py
[2026-05-07T23:33:37.127+0000] {logging_mixin.py:188} INFO - [2026-05-07T23:33:37.127+0000] {dag.py:3096} INFO - Sync 1 DAGs
[2026-05-07T23:33:37.140+0000] {logging_mixin.py:188} INFO - [2026-05-07T23:33:37.139+0000] {dag.py:3954} INFO - Setting next_dagrun for example_time_delta_sensor_async to None, run_after=None
[2026-05-07T23:33:37.157+0000] {processor.py:183} INFO - Processing /home/airflow/.local/lib/python3.12/site-packages/airflow/example_dags/example_time_delta_sensor_async.py took 0.067 seconds
[2026-05-07T23:34:07.212+0000] {processor.py:161} INFO - Started process (PID=9295) to work on /home/airflow/.local/lib/python3.12/site-packages/airflow/example_dags/example_time_delta_sensor_async.py
[2026-05-07T23:34:07.213+0000] {processor.py:830} INFO - Processing file /home/airflow/.local/lib/python3.12/site-packages/airflow/example_dags/example_time_delta_sensor_async.py for tasks to queue
[2026-05-07T23:34:07.215+0000] {logging_mixin.py:188} INFO - [2026-05-07T23:34:07.215+0000] {dagbag.py:545} INFO - Filling up the DagBag from /home/airflow/.local/lib/python3.12/site-packages/airflow/example_dags/example_time_delta_sensor_async.py
[2026-05-07T23:34:07.219+0000] {processor.py:840} INFO - DAG(s) 'example_time_delta_sensor_async' retrieved from /home/airflow/.local/lib/python3.12/site-packages/airflow/example_dags/example_time_delta_sensor_async.py
[2026-05-07T23:34:07.239+0000] {logging_mixin.py:188} INFO - [2026-05-07T23:34:07.239+0000] {dag.py:3096} INFO - Sync 1 DAGs
[2026-05-07T23:34:07.251+0000] {logging_mixin.py:188} INFO - [2026-05-07T23:34:07.250+0000] {dag.py:3954} INFO - Setting next_dagrun for example_time_delta_sensor_async to None, run_after=None
[2026-05-07T23:34:07.271+0000] {processor.py:183} INFO - Processing /home/airflow/.local/lib/python3.12/site-packages/airflow/example_dags/example_time_delta_sensor_async.py took 0.065 seconds
[2026-05-07T23:34:37.707+0000] {processor.py:161} INFO - Started process (PID=9353) to work on /home/airflow/.local/lib/python3.12/site-packages/airflow/example_dags/example_time_delta_sensor_async.py
[2026-05-07T23:34:37.708+0000] {processor.py:830} INFO - Processing file /home/airflow/.local/lib/python3.12/site-packages/airflow/example_dags/example_time_delta_sensor_async.py for tasks to queue
[2026-05-07T23:34:37.711+0000] {logging_mixin.py:188} INFO - [2026-05-07T23:34:37.710+0000] {dagbag.py:545} INFO - Filling up the DagBag from /home/airflow/.local/lib/python3.12/site-packages/airflow/example_dags/example_time_delta_sensor_async.py
[2026-05-07T23:34:37.716+0000] {processor.py:840} INFO - DAG(s) 'example_time_delta_sensor_async' retrieved from /home/airflow/.local/lib/python3.12/site-packages/airflow/example_dags/example_time_delta_sensor_async.py
[2026-05-07T23:34:37.737+0000] {logging_mixin.py:188} INFO - [2026-05-07T23:34:37.737+0000] {dag.py:3096} INFO - Sync 1 DAGs
[2026-05-07T23:34:37.751+0000] {logging_mixin.py:188} INFO - [2026-05-07T23:34:37.751+0000] {dag.py:3954} INFO - Setting next_dagrun for example_time_delta_sensor_async to None, run_after=None
[2026-05-07T23:34:37.773+0000] {processor.py:183} INFO - Processing /home/airflow/.local/lib/python3.12/site-packages/airflow/example_dags/example_time_delta_sensor_async.py took 0.071 seconds
[2026-05-07T23:35:07.896+0000] {processor.py:161} INFO - Started process (PID=9411) to work on /home/airflow/.local/lib/python3.12/site-packages/airflow/example_dags/example_time_delta_sensor_async.py
[2026-05-07T23:35:07.898+0000] {processor.py:830} INFO - Processing file /home/airflow/.local/lib/python3.12/site-packages/airflow/example_dags/example_time_delta_sensor_async.py for tasks to queue
[2026-05-07T23:35:07.900+0000] {logging_mixin.py:188} INFO - [2026-05-07T23:35:07.900+0000] {dagbag.py:545} INFO - Filling up the DagBag from /home/airflow/.local/lib/python3.12/site-packages/airflow/example_dags/example_time_delta_sensor_async.py
[2026-05-07T23:35:07.905+0000] {processor.py:840} INFO - DAG(s) 'example_time_delta_sensor_async' retrieved from /home/airflow/.local/lib/python3.12/site-packages/airflow/example_dags/example_time_delta_sensor_async.py
[2026-05-07T23:35:07.925+0000] {logging_mixin.py:188} INFO - [2026-05-07T23:35:07.924+0000] {dag.py:3096} INFO - Sync 1 DAGs
[2026-05-07T23:35:07.935+0000] {logging_mixin.py:188} INFO - [2026-05-07T23:35:07.935+0000] {dag.py:3954} INFO - Setting next_dagrun for example_time_delta_sensor_async to None, run_after=None
[2026-05-07T23:35:07.951+0000] {processor.py:183} INFO - Processing /home/airflow/.local/lib/python3.12/site-packages/airflow/example_dags/example_time_delta_sensor_async.py took 0.061 seconds
[2026-05-07T23:35:38.258+0000] {processor.py:161} INFO - Started process (PID=9469) to work on /home/airflow/.local/lib/python3.12/site-packages/airflow/example_dags/example_time_delta_sensor_async.py
[2026-05-07T23:35:38.259+0000] {processor.py:830} INFO - Processing file /home/airflow/.local/lib/python3.12/site-packages/airflow/example_dags/example_time_delta_sensor_async.py for tasks to queue
[2026-05-07T23:35:38.261+0000] {logging_mixin.py:188} INFO - [2026-05-07T23:35:38.261+0000] {dagbag.py:545} INFO - Filling up the DagBag from /home/airflow/.local/lib/python3.12/site-packages/airflow/example_dags/example_time_delta_sensor_async.py
[2026-05-07T23:35:38.265+0000] {processor.py:840} INFO - DAG(s) 'example_time_delta_sensor_async' retrieved from /home/airflow/.local/lib/python3.12/site-packages/airflow/example_dags/example_time_delta_sensor_async.py
[2026-05-07T23:35:38.283+0000] {logging_mixin.py:188} INFO - [2026-05-07T23:35:38.283+0000] {dag.py:3096} INFO - Sync 1 DAGs
[2026-05-07T23:35:38.293+0000] {logging_mixin.py:188} INFO - [2026-05-07T23:35:38.293+0000] {dag.py:3954} INFO - Setting next_dagrun for example_time_delta_sensor_async to None, run_after=None
[2026-05-07T23:35:38.308+0000] {processor.py:183} INFO - Processing /home/airflow/.local/lib/python3.12/site-packages/airflow/example_dags/example_time_delta_sensor_async.py took 0.056 seconds
[2026-05-07T23:36:08.494+0000] {processor.py:161} INFO - Started process (PID=9527) to work on /home/airflow/.local/lib/python3.12/site-packages/airflow/example_dags/example_time_delta_sensor_async.py
[2026-05-07T23:36:08.498+0000] {processor.py:830} INFO - Processing file /home/airflow/.local/lib/python3.12/site-packages/airflow/example_dags/example_time_delta_sensor_async.py for tasks to queue
[2026-05-07T23:36:08.500+0000] {logging_mixin.py:188} INFO - [2026-05-07T23:36:08.499+0000] {dagbag.py:545} INFO - Filling up the DagBag from /home/airflow/.local/lib/python3.12/site-packages/airflow/example_dags/example_time_delta_sensor_async.py
[2026-05-07T23:36:08.504+0000] {processor.py:840} INFO - DAG(s) 'example_time_delta_sensor_async' retrieved from /home/airflow/.local/lib/python3.12/site-packages/airflow/example_dags/example_time_delta_sensor_async.py
[2026-05-07T23:36:08.521+0000] {logging_mixin.py:188} INFO - [2026-05-07T23:36:08.521+0000] {dag.py:3096} INFO - Sync 1 DAGs
[2026-05-07T23:36:08.533+0000] {logging_mixin.py:188} INFO - [2026-05-07T23:36:08.532+0000] {dag.py:3954} INFO - Setting next_dagrun for example_time_delta_sensor_async to None, run_after=None
[2026-05-07T23:36:08.549+0000] {processor.py:183} INFO - Processing /home/airflow/.local/lib/python3.12/site-packages/airflow/example_dags/example_time_delta_sensor_async.py took 0.060 seconds
[2026-05-07T23:36:39.055+0000] {processor.py:161} INFO - Started process (PID=9585) to work on /home/airflow/.local/lib/python3.12/site-packages/airflow/example_dags/example_time_delta_sensor_async.py
[2026-05-07T23:36:39.056+0000] {processor.py:830} INFO - Processing file /home/airflow/.local/lib/python3.12/site-packages/airflow/example_dags/example_time_delta_sensor_async.py for tasks to queue
[2026-05-07T23:36:39.058+0000] {logging_mixin.py:188} INFO - [2026-05-07T23:36:39.058+0000] {dagbag.py:545} INFO - Filling up the DagBag from /home/airflow/.local/lib/python3.12/site-packages/airflow/example_dags/example_time_delta_sensor_async.py
[2026-05-07T23:36:39.063+0000] {processor.py:840} INFO - DAG(s) 'example_time_delta_sensor_async' retrieved from /home/airflow/.local/lib/python3.12/site-packages/airflow/example_dags/example_time_delta_sensor_async.py
[2026-05-07T23:36:39.080+0000] {logging_mixin.py:188} INFO - [2026-05-07T23:36:39.080+0000] {dag.py:3096} INFO - Sync 1 DAGs
[2026-05-07T23:36:39.091+0000] {logging_mixin.py:188} INFO - [2026-05-07T23:36:39.091+0000] {dag.py:3954} INFO - Setting next_dagrun for example_time_delta_sensor_async to None, run_after=None
[2026-05-07T23:36:39.107+0000] {processor.py:183} INFO - Processing /home/airflow/.local/lib/python3.12/site-packages/airflow/example_dags/example_time_delta_sensor_async.py took 0.058 seconds
[2026-05-07T23:37:09.347+0000] {processor.py:161} INFO - Started process (PID=9642) to work on /home/airflow/.local/lib/python3.12/site-packages/airflow/example_dags/example_time_delta_sensor_async.py
[2026-05-07T23:37:09.349+0000] {processor.py:830} INFO - Processing file /home/airflow/.local/lib/python3.12/site-packages/airflow/example_dags/example_time_delta_sensor_async.py for tasks to queue
[2026-05-07T23:37:09.352+0000] {logging_mixin.py:188} INFO - [2026-05-07T23:37:09.351+0000] {dagbag.py:545} INFO - Filling up the DagBag from /home/airflow/.local/lib/python3.12/site-packages/airflow/example_dags/example_time_delta_sensor_async.py
[2026-05-07T23:37:09.360+0000] {processor.py:840} INFO - DAG(s) 'example_time_delta_sensor_async' retrieved from /home/airflow/.local/lib/python3.12/site-packages/airflow/example_dags/example_time_delta_sensor_async.py
[2026-05-07T23:37:09.391+0000] {logging_mixin.py:188} INFO - [2026-05-07T23:37:09.391+0000] {dag.py:3096} INFO - Sync 1 DAGs
[2026-05-07T23:37:09.410+0000] {logging_mixin.py:188} INFO - [2026-05-07T23:37:09.410+0000] {dag.py:3954} INFO - Setting next_dagrun for example_time_delta_sensor_async to None, run_after=None
[2026-05-07T23:37:09.438+0000] {processor.py:183} INFO - Processing /home/airflow/.local/lib/python3.12/site-packages/airflow/example_dags/example_time_delta_sensor_async.py took 0.098 seconds
[2026-05-07T23:37:40.175+0000] {processor.py:161} INFO - Started process (PID=9699) to work on /home/airflow/.local/lib/python3.12/site-packages/airflow/example_dags/example_time_delta_sensor_async.py
[2026-05-07T23:37:40.176+0000] {processor.py:830} INFO - Processing file /home/airflow/.local/lib/python3.12/site-packages/airflow/example_dags/example_time_delta_sensor_async.py for tasks to queue
[2026-05-07T23:37:40.178+0000] {logging_mixin.py:188} INFO - [2026-05-07T23:37:40.178+0000] {dagbag.py:545} INFO - Filling up the DagBag from /home/airflow/.local/lib/python3.12/site-packages/airflow/example_dags/example_time_delta_sensor_async.py
[2026-05-07T23:37:40.183+0000] {processor.py:840} INFO - DAG(s) 'example_time_delta_sensor_async' retrieved from /home/airflow/.local/lib/python3.12/site-packages/airflow/example_dags/example_time_delta_sensor_async.py
[2026-05-07T23:37:40.202+0000] {logging_mixin.py:188} INFO - [2026-05-07T23:37:40.202+0000] {dag.py:3096} INFO - Sync 1 DAGs
[2026-05-07T23:37:40.213+0000] {logging_mixin.py:188} INFO - [2026-05-07T23:37:40.213+0000] {dag.py:3954} INFO - Setting next_dagrun for example_time_delta_sensor_async to None, run_after=None
[2026-05-07T23:37:40.232+0000] {processor.py:183} INFO - Processing /home/airflow/.local/lib/python3.12/site-packages/airflow/example_dags/example_time_delta_sensor_async.py took 0.063 seconds
[2026-05-07T23:38:10.445+0000] {processor.py:161} INFO - Started process (PID=9756) to work on /home/airflow/.local/lib/python3.12/site-packages/airflow/example_dags/example_time_delta_sensor_async.py
[2026-05-07T23:38:10.446+0000] {processor.py:830} INFO - Processing file /home/airflow/.local/lib/python3.12/site-packages/airflow/example_dags/example_time_delta_sensor_async.py for tasks to queue
[2026-05-07T23:38:10.448+0000] {logging_mixin.py:188} INFO - [2026-05-07T23:38:10.447+0000] {dagbag.py:545} INFO - Filling up the DagBag from /home/airflow/.local/lib/python3.12/site-packages/airflow/example_dags/example_time_delta_sensor_async.py
[2026-05-07T23:38:10.453+0000] {processor.py:840} INFO - DAG(s) 'example_time_delta_sensor_async' retrieved from /home/airflow/.local/lib/python3.12/site-packages/airflow/example_dags/example_time_delta_sensor_async.py
[2026-05-07T23:38:10.472+0000] {logging_mixin.py:188} INFO - [2026-05-07T23:38:10.471+0000] {dag.py:3096} INFO - Sync 1 DAGs
[2026-05-07T23:38:10.482+0000] {logging_mixin.py:188} INFO - [2026-05-07T23:38:10.482+0000] {dag.py:3954} INFO - Setting next_dagrun for example_time_delta_sensor_async to None, run_after=None
[2026-05-07T23:38:10.499+0000] {processor.py:183} INFO - Processing /home/airflow/.local/lib/python3.12/site-packages/airflow/example_dags/example_time_delta_sensor_async.py took 0.060 seconds
[2026-05-07T23:38:40.811+0000] {processor.py:161} INFO - Started process (PID=9814) to work on /home/airflow/.local/lib/python3.12/site-packages/airflow/example_dags/example_time_delta_sensor_async.py
[2026-05-07T23:38:40.812+0000] {processor.py:830} INFO - Processing file /home/airflow/.local/lib/python3.12/site-packages/airflow/example_dags/example_time_delta_sensor_async.py for tasks to queue
[2026-05-07T23:38:40.815+0000] {logging_mixin.py:188} INFO - [2026-05-07T23:38:40.815+0000] {dagbag.py:545} INFO - Filling up the DagBag from /home/airflow/.local/lib/python3.12/site-packages/airflow/example_dags/example_time_delta_sensor_async.py
[2026-05-07T23:38:40.820+0000] {processor.py:840} INFO - DAG(s) 'example_time_delta_sensor_async' retrieved from /home/airflow/.local/lib/python3.12/site-packages/airflow/example_dags/example_time_delta_sensor_async.py
[2026-05-07T23:38:40.839+0000] {logging_mixin.py:188} INFO - [2026-05-07T23:38:40.839+0000] {dag.py:3096} INFO - Sync 1 DAGs
[2026-05-07T23:38:40.851+0000] {logging_mixin.py:188} INFO - [2026-05-07T23:38:40.851+0000] {dag.py:3954} INFO - Setting next_dagrun for example_time_delta_sensor_async to None, run_after=None
[2026-05-07T23:38:40.870+0000] {processor.py:183} INFO - Processing /home/airflow/.local/lib/python3.12/site-packages/airflow/example_dags/example_time_delta_sensor_async.py took 0.065 seconds
[2026-05-07T23:39:10.987+0000] {processor.py:161} INFO - Started process (PID=9871) to work on /home/airflow/.local/lib/python3.12/site-packages/airflow/example_dags/example_time_delta_sensor_async.py
[2026-05-07T23:39:10.988+0000] {processor.py:830} INFO - Processing file /home/airflow/.local/lib/python3.12/site-packages/airflow/example_dags/example_time_delta_sensor_async.py for tasks to queue
[2026-05-07T23:39:10.990+0000] {logging_mixin.py:188} INFO - [2026-05-07T23:39:10.990+0000] {dagbag.py:545} INFO - Filling up the DagBag from /home/airflow/.local/lib/python3.12/site-packages/airflow/example_dags/example_time_delta_sensor_async.py
[2026-05-07T23:39:10.995+0000] {processor.py:840} INFO - DAG(s) 'example_time_delta_sensor_async' retrieved from /home/airflow/.local/lib/python3.12/site-packages/airflow/example_dags/example_time_delta_sensor_async.py
[2026-05-07T23:39:11.012+0000] {logging_mixin.py:188} INFO - [2026-05-07T23:39:11.012+0000] {dag.py:3096} INFO - Sync 1 DAGs
[2026-05-07T23:39:11.023+0000] {logging_mixin.py:188} INFO - [2026-05-07T23:39:11.023+0000] {dag.py:3954} INFO - Setting next_dagrun for example_time_delta_sensor_async to None, run_after=None
[2026-05-07T23:39:11.038+0000] {processor.py:183} INFO - Processing /home/airflow/.local/lib/python3.12/site-packages/airflow/example_dags/example_time_delta_sensor_async.py took 0.056 seconds
[2026-05-07T23:39:41.179+0000] {processor.py:161} INFO - Started process (PID=9929) to work on /home/airflow/.local/lib/python3.12/site-packages/airflow/example_dags/example_time_delta_sensor_async.py
[2026-05-07T23:39:41.180+0000] {processor.py:830} INFO - Processing file /home/airflow/.local/lib/python3.12/site-packages/airflow/example_dags/example_time_delta_sensor_async.py for tasks to queue
[2026-05-07T23:39:41.183+0000] {logging_mixin.py:188} INFO - [2026-05-07T23:39:41.182+0000] {dagbag.py:545} INFO - Filling up the DagBag from /home/airflow/.local/lib/python3.12/site-packages/airflow/example_dags/example_time_delta_sensor_async.py
[2026-05-07T23:39:41.188+0000] {processor.py:840} INFO - DAG(s) 'example_time_delta_sensor_async' retrieved from /home/airflow/.local/lib/python3.12/site-packages/airflow/example_dags/example_time_delta_sensor_async.py
[2026-05-07T23:39:41.206+0000] {logging_mixin.py:188} INFO - [2026-05-07T23:39:41.206+0000] {dag.py:3096} INFO - Sync 1 DAGs
[2026-05-07T23:39:41.217+0000] {logging_mixin.py:188} INFO - [2026-05-07T23:39:41.217+0000] {dag.py:3954} INFO - Setting next_dagrun for example_time_delta_sensor_async to None, run_after=None
[2026-05-07T23:39:41.233+0000] {processor.py:183} INFO - Processing /home/airflow/.local/lib/python3.12/site-packages/airflow/example_dags/example_time_delta_sensor_async.py took 0.060 seconds
[2026-05-07T23:40:11.553+0000] {processor.py:161} INFO - Started process (PID=9987) to work on /home/airflow/.local/lib/python3.12/site-packages/airflow/example_dags/example_time_delta_sensor_async.py
[2026-05-07T23:40:11.555+0000] {processor.py:830} INFO - Processing file /home/airflow/.local/lib/python3.12/site-packages/airflow/example_dags/example_time_delta_sensor_async.py for tasks to queue
[2026-05-07T23:40:11.557+0000] {logging_mixin.py:188} INFO - [2026-05-07T23:40:11.557+0000] {dagbag.py:545} INFO - Filling up the DagBag from /home/airflow/.local/lib/python3.12/site-packages/airflow/example_dags/example_time_delta_sensor_async.py
[2026-05-07T23:40:11.562+0000] {processor.py:840} INFO - DAG(s) 'example_time_delta_sensor_async' retrieved from /home/airflow/.local/lib/python3.12/site-packages/airflow/example_dags/example_time_delta_sensor_async.py
[2026-05-07T23:40:11.580+0000] {logging_mixin.py:188} INFO - [2026-05-07T23:40:11.579+0000] {dag.py:3096} INFO - Sync 1 DAGs
[2026-05-07T23:40:11.590+0000] {logging_mixin.py:188} INFO - [2026-05-07T23:40:11.590+0000] {dag.py:3954} INFO - Setting next_dagrun for example_time_delta_sensor_async to None, run_after=None
[2026-05-07T23:40:11.607+0000] {processor.py:183} INFO - Processing /home/airflow/.local/lib/python3.12/site-packages/airflow/example_dags/example_time_delta_sensor_async.py took 0.059 seconds
[2026-05-07T23:40:41.965+0000] {processor.py:161} INFO - Started process (PID=10045) to work on /home/airflow/.local/lib/python3.12/site-packages/airflow/example_dags/example_time_delta_sensor_async.py
[2026-05-07T23:40:41.967+0000] {processor.py:830} INFO - Processing file /home/airflow/.local/lib/python3.12/site-packages/airflow/example_dags/example_time_delta_sensor_async.py for tasks to queue
[2026-05-07T23:40:41.969+0000] {logging_mixin.py:188} INFO - [2026-05-07T23:40:41.969+0000] {dagbag.py:545} INFO - Filling up the DagBag from /home/airflow/.local/lib/python3.12/site-packages/airflow/example_dags/example_time_delta_sensor_async.py
[2026-05-07T23:40:41.975+0000] {processor.py:840} INFO - DAG(s) 'example_time_delta_sensor_async' retrieved from /home/airflow/.local/lib/python3.12/site-packages/airflow/example_dags/example_time_delta_sensor_async.py
[2026-05-07T23:40:41.993+0000] {logging_mixin.py:188} INFO - [2026-05-07T23:40:41.993+0000] {dag.py:3096} INFO - Sync 1 DAGs
[2026-05-07T23:40:42.003+0000] {logging_mixin.py:188} INFO - [2026-05-07T23:40:42.003+0000] {dag.py:3954} INFO - Setting next_dagrun for example_time_delta_sensor_async to None, run_after=None
[2026-05-07T23:40:42.019+0000] {processor.py:183} INFO - Processing /home/airflow/.local/lib/python3.12/site-packages/airflow/example_dags/example_time_delta_sensor_async.py took 0.060 seconds
[2026-05-07T23:41:12.438+0000] {processor.py:161} INFO - Started process (PID=10103) to work on /home/airflow/.local/lib/python3.12/site-packages/airflow/example_dags/example_time_delta_sensor_async.py
[2026-05-07T23:41:12.440+0000] {processor.py:830} INFO - Processing file /home/airflow/.local/lib/python3.12/site-packages/airflow/example_dags/example_time_delta_sensor_async.py for tasks to queue
[2026-05-07T23:41:12.443+0000] {logging_mixin.py:188} INFO - [2026-05-07T23:41:12.443+0000] {dagbag.py:545} INFO - Filling up the DagBag from /home/airflow/.local/lib/python3.12/site-packages/airflow/example_dags/example_time_delta_sensor_async.py
[2026-05-07T23:41:12.450+0000] {processor.py:840} INFO - DAG(s) 'example_time_delta_sensor_async' retrieved from /home/airflow/.local/lib/python3.12/site-packages/airflow/example_dags/example_time_delta_sensor_async.py
[2026-05-07T23:41:12.468+0000] {logging_mixin.py:188} INFO - [2026-05-07T23:41:12.468+0000] {dag.py:3096} INFO - Sync 1 DAGs
[2026-05-07T23:41:12.479+0000] {logging_mixin.py:188} INFO - [2026-05-07T23:41:12.479+0000] {dag.py:3954} INFO - Setting next_dagrun for example_time_delta_sensor_async to None, run_after=None
[2026-05-07T23:41:12.495+0000] {processor.py:183} INFO - Processing /home/airflow/.local/lib/python3.12/site-packages/airflow/example_dags/example_time_delta_sensor_async.py took 0.064 seconds
[2026-05-07T23:41:42.770+0000] {processor.py:161} INFO - Started process (PID=10161) to work on /home/airflow/.local/lib/python3.12/site-packages/airflow/example_dags/example_time_delta_sensor_async.py
[2026-05-07T23:41:42.771+0000] {processor.py:830} INFO - Processing file /home/airflow/.local/lib/python3.12/site-packages/airflow/example_dags/example_time_delta_sensor_async.py for tasks to queue
[2026-05-07T23:41:42.773+0000] {logging_mixin.py:188} INFO - [2026-05-07T23:41:42.773+0000] {dagbag.py:545} INFO - Filling up the DagBag from /home/airflow/.local/lib/python3.12/site-packages/airflow/example_dags/example_time_delta_sensor_async.py
[2026-05-07T23:41:42.778+0000] {processor.py:840} INFO - DAG(s) 'example_time_delta_sensor_async' retrieved from /home/airflow/.local/lib/python3.12/site-packages/airflow/example_dags/example_time_delta_sensor_async.py
[2026-05-07T23:41:42.796+0000] {logging_mixin.py:188} INFO - [2026-05-07T23:41:42.795+0000] {dag.py:3096} INFO - Sync 1 DAGs
[2026-05-07T23:41:42.806+0000] {logging_mixin.py:188} INFO - [2026-05-07T23:41:42.806+0000] {dag.py:3954} INFO - Setting next_dagrun for example_time_delta_sensor_async to None, run_after=None
[2026-05-07T23:41:42.823+0000] {processor.py:183} INFO - Processing /home/airflow/.local/lib/python3.12/site-packages/airflow/example_dags/example_time_delta_sensor_async.py took 0.058 seconds
[2026-05-07T23:42:13.150+0000] {processor.py:161} INFO - Started process (PID=10218) to work on /home/airflow/.local/lib/python3.12/site-packages/airflow/example_dags/example_time_delta_sensor_async.py
[2026-05-07T23:42:13.151+0000] {processor.py:830} INFO - Processing file /home/airflow/.local/lib/python3.12/site-packages/airflow/example_dags/example_time_delta_sensor_async.py for tasks to queue
[2026-05-07T23:42:13.154+0000] {logging_mixin.py:188} INFO - [2026-05-07T23:42:13.153+0000] {dagbag.py:545} INFO - Filling up the DagBag from /home/airflow/.local/lib/python3.12/site-packages/airflow/example_dags/example_time_delta_sensor_async.py
[2026-05-07T23:42:13.159+0000] {processor.py:840} INFO - DAG(s) 'example_time_delta_sensor_async' retrieved from /home/airflow/.local/lib/python3.12/site-packages/airflow/example_dags/example_time_delta_sensor_async.py
[2026-05-07T23:42:13.176+0000] {logging_mixin.py:188} INFO - [2026-05-07T23:42:13.176+0000] {dag.py:3096} INFO - Sync 1 DAGs
[2026-05-07T23:42:13.187+0000] {logging_mixin.py:188} INFO - [2026-05-07T23:42:13.187+0000] {dag.py:3954} INFO - Setting next_dagrun for example_time_delta_sensor_async to None, run_after=None
[2026-05-07T23:42:13.204+0000] {processor.py:183} INFO - Processing /home/airflow/.local/lib/python3.12/site-packages/airflow/example_dags/example_time_delta_sensor_async.py took 0.059 seconds
[2026-05-07T23:42:43.429+0000] {processor.py:161} INFO - Started process (PID=10276) to work on /home/airflow/.local/lib/python3.12/site-packages/airflow/example_dags/example_time_delta_sensor_async.py
[2026-05-07T23:42:43.430+0000] {processor.py:830} INFO - Processing file /home/airflow/.local/lib/python3.12/site-packages/airflow/example_dags/example_time_delta_sensor_async.py for tasks to queue
[2026-05-07T23:42:43.432+0000] {logging_mixin.py:188} INFO - [2026-05-07T23:42:43.432+0000] {dagbag.py:545} INFO - Filling up the DagBag from /home/airflow/.local/lib/python3.12/site-packages/airflow/example_dags/example_time_delta_sensor_async.py
[2026-05-07T23:42:43.437+0000] {processor.py:840} INFO - DAG(s) 'example_time_delta_sensor_async' retrieved from /home/airflow/.local/lib/python3.12/site-packages/airflow/example_dags/example_time_delta_sensor_async.py
[2026-05-07T23:42:43.458+0000] {logging_mixin.py:188} INFO - [2026-05-07T23:42:43.458+0000] {dag.py:3096} INFO - Sync 1 DAGs
[2026-05-07T23:42:43.470+0000] {logging_mixin.py:188} INFO - [2026-05-07T23:42:43.470+0000] {dag.py:3954} INFO - Setting next_dagrun for example_time_delta_sensor_async to None, run_after=None
[2026-05-07T23:42:43.492+0000] {processor.py:183} INFO - Processing /home/airflow/.local/lib/python3.12/site-packages/airflow/example_dags/example_time_delta_sensor_async.py took 0.069 seconds
[2026-05-07T23:43:14.004+0000] {processor.py:161} INFO - Started process (PID=10335) to work on /home/airflow/.local/lib/python3.12/site-packages/airflow/example_dags/example_time_delta_sensor_async.py
[2026-05-07T23:43:14.005+0000] {processor.py:830} INFO - Processing file /home/airflow/.local/lib/python3.12/site-packages/airflow/example_dags/example_time_delta_sensor_async.py for tasks to queue
[2026-05-07T23:43:14.007+0000] {logging_mixin.py:188} INFO - [2026-05-07T23:43:14.007+0000] {dagbag.py:545} INFO - Filling up the DagBag from /home/airflow/.local/lib/python3.12/site-packages/airflow/example_dags/example_time_delta_sensor_async.py
[2026-05-07T23:43:14.011+0000] {processor.py:840} INFO - DAG(s) 'example_time_delta_sensor_async' retrieved from /home/airflow/.local/lib/python3.12/site-packages/airflow/example_dags/example_time_delta_sensor_async.py
[2026-05-07T23:43:14.029+0000] {logging_mixin.py:188} INFO - [2026-05-07T23:43:14.028+0000] {dag.py:3096} INFO - Sync 1 DAGs
[2026-05-07T23:43:14.039+0000] {logging_mixin.py:188} INFO - [2026-05-07T23:43:14.038+0000] {dag.py:3954} INFO - Setting next_dagrun for example_time_delta_sensor_async to None, run_after=None
[2026-05-07T23:43:14.055+0000] {processor.py:183} INFO - Processing /home/airflow/.local/lib/python3.12/site-packages/airflow/example_dags/example_time_delta_sensor_async.py took 0.056 seconds
[2026-05-07T23:43:44.368+0000] {processor.py:161} INFO - Started process (PID=10393) to work on /home/airflow/.local/lib/python3.12/site-packages/airflow/example_dags/example_time_delta_sensor_async.py
[2026-05-07T23:43:44.369+0000] {processor.py:830} INFO - Processing file /home/airflow/.local/lib/python3.12/site-packages/airflow/example_dags/example_time_delta_sensor_async.py for tasks to queue
[2026-05-07T23:43:44.371+0000] {logging_mixin.py:188} INFO - [2026-05-07T23:43:44.371+0000] {dagbag.py:545} INFO - Filling up the DagBag from /home/airflow/.local/lib/python3.12/site-packages/airflow/example_dags/example_time_delta_sensor_async.py
[2026-05-07T23:43:44.376+0000] {processor.py:840} INFO - DAG(s) 'example_time_delta_sensor_async' retrieved from /home/airflow/.local/lib/python3.12/site-packages/airflow/example_dags/example_time_delta_sensor_async.py
[2026-05-07T23:43:44.393+0000] {logging_mixin.py:188} INFO - [2026-05-07T23:43:44.393+0000] {dag.py:3096} INFO - Sync 1 DAGs
[2026-05-07T23:43:44.403+0000] {logging_mixin.py:188} INFO - [2026-05-07T23:43:44.403+0000] {dag.py:3954} INFO - Setting next_dagrun for example_time_delta_sensor_async to None, run_after=None
[2026-05-07T23:43:44.419+0000] {processor.py:183} INFO - Processing /home/airflow/.local/lib/python3.12/site-packages/airflow/example_dags/example_time_delta_sensor_async.py took 0.057 seconds
[2026-05-07T23:44:14.634+0000] {processor.py:161} INFO - Started process (PID=10451) to work on /home/airflow/.local/lib/python3.12/site-packages/airflow/example_dags/example_time_delta_sensor_async.py
[2026-05-07T23:44:14.635+0000] {processor.py:830} INFO - Processing file /home/airflow/.local/lib/python3.12/site-packages/airflow/example_dags/example_time_delta_sensor_async.py for tasks to queue
[2026-05-07T23:44:14.637+0000] {logging_mixin.py:188} INFO - [2026-05-07T23:44:14.637+0000] {dagbag.py:545} INFO - Filling up the DagBag from /home/airflow/.local/lib/python3.12/site-packages/airflow/example_dags/example_time_delta_sensor_async.py
[2026-05-07T23:44:14.642+0000] {processor.py:840} INFO - DAG(s) 'example_time_delta_sensor_async' retrieved from /home/airflow/.local/lib/python3.12/site-packages/airflow/example_dags/example_time_delta_sensor_async.py
[2026-05-07T23:44:14.659+0000] {logging_mixin.py:188} INFO - [2026-05-07T23:44:14.659+0000] {dag.py:3096} INFO - Sync 1 DAGs
[2026-05-07T23:44:14.669+0000] {logging_mixin.py:188} INFO - [2026-05-07T23:44:14.669+0000] {dag.py:3954} INFO - Setting next_dagrun for example_time_delta_sensor_async to None, run_after=None
[2026-05-07T23:44:14.684+0000] {processor.py:183} INFO - Processing /home/airflow/.local/lib/python3.12/site-packages/airflow/example_dags/example_time_delta_sensor_async.py took 0.056 seconds
[2026-05-07T23:44:45.089+0000] {processor.py:161} INFO - Started process (PID=10509) to work on /home/airflow/.local/lib/python3.12/site-packages/airflow/example_dags/example_time_delta_sensor_async.py
[2026-05-07T23:44:45.090+0000] {processor.py:830} INFO - Processing file /home/airflow/.local/lib/python3.12/site-packages/airflow/example_dags/example_time_delta_sensor_async.py for tasks to queue
[2026-05-07T23:44:45.093+0000] {logging_mixin.py:188} INFO - [2026-05-07T23:44:45.092+0000] {dagbag.py:545} INFO - Filling up the DagBag from /home/airflow/.local/lib/python3.12/site-packages/airflow/example_dags/example_time_delta_sensor_async.py
[2026-05-07T23:44:45.098+0000] {processor.py:840} INFO - DAG(s) 'example_time_delta_sensor_async' retrieved from /home/airflow/.local/lib/python3.12/site-packages/airflow/example_dags/example_time_delta_sensor_async.py
[2026-05-07T23:44:45.118+0000] {logging_mixin.py:188} INFO - [2026-05-07T23:44:45.118+0000] {dag.py:3096} INFO - Sync 1 DAGs
[2026-05-07T23:44:45.129+0000] {logging_mixin.py:188} INFO - [2026-05-07T23:44:45.129+0000] {dag.py:3954} INFO - Setting next_dagrun for example_time_delta_sensor_async to None, run_after=None
[2026-05-07T23:44:45.148+0000] {processor.py:183} INFO - Processing /home/airflow/.local/lib/python3.12/site-packages/airflow/example_dags/example_time_delta_sensor_async.py took 0.065 seconds
[2026-05-07T23:45:15.945+0000] {processor.py:161} INFO - Started process (PID=10567) to work on /home/airflow/.local/lib/python3.12/site-packages/airflow/example_dags/example_time_delta_sensor_async.py
[2026-05-07T23:45:15.946+0000] {processor.py:830} INFO - Processing file /home/airflow/.local/lib/python3.12/site-packages/airflow/example_dags/example_time_delta_sensor_async.py for tasks to queue
[2026-05-07T23:45:15.948+0000] {logging_mixin.py:188} INFO - [2026-05-07T23:45:15.948+0000] {dagbag.py:545} INFO - Filling up the DagBag from /home/airflow/.local/lib/python3.12/site-packages/airflow/example_dags/example_time_delta_sensor_async.py
[2026-05-07T23:45:15.954+0000] {processor.py:840} INFO - DAG(s) 'example_time_delta_sensor_async' retrieved from /home/airflow/.local/lib/python3.12/site-packages/airflow/example_dags/example_time_delta_sensor_async.py
[2026-05-07T23:45:15.973+0000] {logging_mixin.py:188} INFO - [2026-05-07T23:45:15.973+0000] {dag.py:3096} INFO - Sync 1 DAGs
[2026-05-07T23:45:15.984+0000] {logging_mixin.py:188} INFO - [2026-05-07T23:45:15.984+0000] {dag.py:3954} INFO - Setting next_dagrun for example_time_delta_sensor_async to None, run_after=None
[2026-05-07T23:45:16.002+0000] {processor.py:183} INFO - Processing /home/airflow/.local/lib/python3.12/site-packages/airflow/example_dags/example_time_delta_sensor_async.py took 0.064 seconds
[2026-05-07T23:45:46.533+0000] {processor.py:161} INFO - Started process (PID=10625) to work on /home/airflow/.local/lib/python3.12/site-packages/airflow/example_dags/example_time_delta_sensor_async.py
[2026-05-07T23:45:46.534+0000] {processor.py:830} INFO - Processing file /home/airflow/.local/lib/python3.12/site-packages/airflow/example_dags/example_time_delta_sensor_async.py for tasks to queue
[2026-05-07T23:45:46.537+0000] {logging_mixin.py:188} INFO - [2026-05-07T23:45:46.536+0000] {dagbag.py:545} INFO - Filling up the DagBag from /home/airflow/.local/lib/python3.12/site-packages/airflow/example_dags/example_time_delta_sensor_async.py
[2026-05-07T23:45:46.541+0000] {processor.py:840} INFO - DAG(s) 'example_time_delta_sensor_async' retrieved from /home/airflow/.local/lib/python3.12/site-packages/airflow/example_dags/example_time_delta_sensor_async.py
[2026-05-07T23:45:46.559+0000] {logging_mixin.py:188} INFO - [2026-05-07T23:45:46.559+0000] {dag.py:3096} INFO - Sync 1 DAGs
[2026-05-07T23:45:46.569+0000] {logging_mixin.py:188} INFO - [2026-05-07T23:45:46.569+0000] {dag.py:3954} INFO - Setting next_dagrun for example_time_delta_sensor_async to None, run_after=None
[2026-05-07T23:45:46.584+0000] {processor.py:183} INFO - Processing /home/airflow/.local/lib/python3.12/site-packages/airflow/example_dags/example_time_delta_sensor_async.py took 0.058 seconds
[2026-05-07T23:46:17.058+0000] {processor.py:161} INFO - Started process (PID=10688) to work on /home/airflow/.local/lib/python3.12/site-packages/airflow/example_dags/example_time_delta_sensor_async.py
[2026-05-07T23:46:17.059+0000] {processor.py:830} INFO - Processing file /home/airflow/.local/lib/python3.12/site-packages/airflow/example_dags/example_time_delta_sensor_async.py for tasks to queue
[2026-05-07T23:46:17.061+0000] {logging_mixin.py:188} INFO - [2026-05-07T23:46:17.061+0000] {dagbag.py:545} INFO - Filling up the DagBag from /home/airflow/.local/lib/python3.12/site-packages/airflow/example_dags/example_time_delta_sensor_async.py
[2026-05-07T23:46:17.066+0000] {processor.py:840} INFO - DAG(s) 'example_time_delta_sensor_async' retrieved from /home/airflow/.local/lib/python3.12/site-packages/airflow/example_dags/example_time_delta_sensor_async.py
[2026-05-07T23:46:17.084+0000] {logging_mixin.py:188} INFO - [2026-05-07T23:46:17.084+0000] {dag.py:3096} INFO - Sync 1 DAGs
[2026-05-07T23:46:17.094+0000] {logging_mixin.py:188} INFO - [2026-05-07T23:46:17.094+0000] {dag.py:3954} INFO - Setting next_dagrun for example_time_delta_sensor_async to None, run_after=None
[2026-05-07T23:46:17.111+0000] {processor.py:183} INFO - Processing /home/airflow/.local/lib/python3.12/site-packages/airflow/example_dags/example_time_delta_sensor_async.py took 0.058 seconds
[2026-05-07T23:46:47.392+0000] {processor.py:161} INFO - Started process (PID=10745) to work on /home/airflow/.local/lib/python3.12/site-packages/airflow/example_dags/example_time_delta_sensor_async.py
[2026-05-07T23:46:47.393+0000] {processor.py:830} INFO - Processing file /home/airflow/.local/lib/python3.12/site-packages/airflow/example_dags/example_time_delta_sensor_async.py for tasks to queue
[2026-05-07T23:46:47.396+0000] {logging_mixin.py:188} INFO - [2026-05-07T23:46:47.395+0000] {dagbag.py:545} INFO - Filling up the DagBag from /home/airflow/.local/lib/python3.12/site-packages/airflow/example_dags/example_time_delta_sensor_async.py
[2026-05-07T23:46:47.401+0000] {processor.py:840} INFO - DAG(s) 'example_time_delta_sensor_async' retrieved from /home/airflow/.local/lib/python3.12/site-packages/airflow/example_dags/example_time_delta_sensor_async.py
[2026-05-07T23:46:47.435+0000] {logging_mixin.py:188} INFO - [2026-05-07T23:46:47.435+0000] {dag.py:3096} INFO - Sync 1 DAGs
[2026-05-07T23:46:47.456+0000] {logging_mixin.py:188} INFO - [2026-05-07T23:46:47.456+0000] {dag.py:3954} INFO - Setting next_dagrun for example_time_delta_sensor_async to None, run_after=None
[2026-05-07T23:46:47.495+0000] {processor.py:183} INFO - Processing /home/airflow/.local/lib/python3.12/site-packages/airflow/example_dags/example_time_delta_sensor_async.py took 0.108 seconds
[2026-05-07T23:47:17.938+0000] {processor.py:161} INFO - Started process (PID=10803) to work on /home/airflow/.local/lib/python3.12/site-packages/airflow/example_dags/example_time_delta_sensor_async.py
[2026-05-07T23:47:17.940+0000] {processor.py:830} INFO - Processing file /home/airflow/.local/lib/python3.12/site-packages/airflow/example_dags/example_time_delta_sensor_async.py for tasks to queue
[2026-05-07T23:47:17.942+0000] {logging_mixin.py:188} INFO - [2026-05-07T23:47:17.941+0000] {dagbag.py:545} INFO - Filling up the DagBag from /home/airflow/.local/lib/python3.12/site-packages/airflow/example_dags/example_time_delta_sensor_async.py
[2026-05-07T23:47:17.946+0000] {processor.py:840} INFO - DAG(s) 'example_time_delta_sensor_async' retrieved from /home/airflow/.local/lib/python3.12/site-packages/airflow/example_dags/example_time_delta_sensor_async.py
[2026-05-07T23:47:17.965+0000] {logging_mixin.py:188} INFO - [2026-05-07T23:47:17.965+0000] {dag.py:3096} INFO - Sync 1 DAGs
[2026-05-07T23:47:17.976+0000] {logging_mixin.py:188} INFO - [2026-05-07T23:47:17.976+0000] {dag.py:3954} INFO - Setting next_dagrun for example_time_delta_sensor_async to None, run_after=None
[2026-05-07T23:47:17.992+0000] {processor.py:183} INFO - Processing /home/airflow/.local/lib/python3.12/site-packages/airflow/example_dags/example_time_delta_sensor_async.py took 0.059 seconds
[2026-05-07T23:47:48.655+0000] {processor.py:161} INFO - Started process (PID=10861) to work on /home/airflow/.local/lib/python3.12/site-packages/airflow/example_dags/example_time_delta_sensor_async.py
[2026-05-07T23:47:48.657+0000] {processor.py:830} INFO - Processing file /home/airflow/.local/lib/python3.12/site-packages/airflow/example_dags/example_time_delta_sensor_async.py for tasks to queue
[2026-05-07T23:47:48.660+0000] {logging_mixin.py:188} INFO - [2026-05-07T23:47:48.660+0000] {dagbag.py:545} INFO - Filling up the DagBag from /home/airflow/.local/lib/python3.12/site-packages/airflow/example_dags/example_time_delta_sensor_async.py
[2026-05-07T23:47:48.665+0000] {processor.py:840} INFO - DAG(s) 'example_time_delta_sensor_async' retrieved from /home/airflow/.local/lib/python3.12/site-packages/airflow/example_dags/example_time_delta_sensor_async.py
[2026-05-07T23:47:48.683+0000] {logging_mixin.py:188} INFO - [2026-05-07T23:47:48.682+0000] {dag.py:3096} INFO - Sync 1 DAGs
[2026-05-07T23:47:48.693+0000] {logging_mixin.py:188} INFO - [2026-05-07T23:47:48.692+0000] {dag.py:3954} INFO - Setting next_dagrun for example_time_delta_sensor_async to None, run_after=None
[2026-05-07T23:47:48.708+0000] {processor.py:183} INFO - Processing /home/airflow/.local/lib/python3.12/site-packages/airflow/example_dags/example_time_delta_sensor_async.py took 0.058 seconds
[2026-05-07T23:48:19.266+0000] {processor.py:161} INFO - Started process (PID=10919) to work on /home/airflow/.local/lib/python3.12/site-packages/airflow/example_dags/example_time_delta_sensor_async.py
[2026-05-07T23:48:19.268+0000] {processor.py:830} INFO - Processing file /home/airflow/.local/lib/python3.12/site-packages/airflow/example_dags/example_time_delta_sensor_async.py for tasks to queue
[2026-05-07T23:48:19.270+0000] {logging_mixin.py:188} INFO - [2026-05-07T23:48:19.269+0000] {dagbag.py:545} INFO - Filling up the DagBag from /home/airflow/.local/lib/python3.12/site-packages/airflow/example_dags/example_time_delta_sensor_async.py
[2026-05-07T23:48:19.274+0000] {processor.py:840} INFO - DAG(s) 'example_time_delta_sensor_async' retrieved from /home/airflow/.local/lib/python3.12/site-packages/airflow/example_dags/example_time_delta_sensor_async.py
[2026-05-07T23:48:19.292+0000] {logging_mixin.py:188} INFO - [2026-05-07T23:48:19.292+0000] {dag.py:3096} INFO - Sync 1 DAGs
[2026-05-07T23:48:19.303+0000] {logging_mixin.py:188} INFO - [2026-05-07T23:48:19.303+0000] {dag.py:3954} INFO - Setting next_dagrun for example_time_delta_sensor_async to None, run_after=None
[2026-05-07T23:48:19.318+0000] {processor.py:183} INFO - Processing /home/airflow/.local/lib/python3.12/site-packages/airflow/example_dags/example_time_delta_sensor_async.py took 0.058 seconds
[2026-05-07T23:48:49.458+0000] {processor.py:161} INFO - Started process (PID=10977) to work on /home/airflow/.local/lib/python3.12/site-packages/airflow/example_dags/example_time_delta_sensor_async.py
[2026-05-07T23:48:49.459+0000] {processor.py:830} INFO - Processing file /home/airflow/.local/lib/python3.12/site-packages/airflow/example_dags/example_time_delta_sensor_async.py for tasks to queue
[2026-05-07T23:48:49.463+0000] {logging_mixin.py:188} INFO - [2026-05-07T23:48:49.462+0000] {dagbag.py:545} INFO - Filling up the DagBag from /home/airflow/.local/lib/python3.12/site-packages/airflow/example_dags/example_time_delta_sensor_async.py
[2026-05-07T23:48:49.469+0000] {processor.py:840} INFO - DAG(s) 'example_time_delta_sensor_async' retrieved from /home/airflow/.local/lib/python3.12/site-packages/airflow/example_dags/example_time_delta_sensor_async.py
[2026-05-07T23:48:49.493+0000] {logging_mixin.py:188} INFO - [2026-05-07T23:48:49.492+0000] {dag.py:3096} INFO - Sync 1 DAGs
[2026-05-07T23:48:49.505+0000] {logging_mixin.py:188} INFO - [2026-05-07T23:48:49.505+0000] {dag.py:3954} INFO - Setting next_dagrun for example_time_delta_sensor_async to None, run_after=None
[2026-05-07T23:48:49.528+0000] {processor.py:183} INFO - Processing /home/airflow/.local/lib/python3.12/site-packages/airflow/example_dags/example_time_delta_sensor_async.py took 0.076 seconds
[2026-05-07T23:49:19.925+0000] {processor.py:161} INFO - Started process (PID=11035) to work on /home/airflow/.local/lib/python3.12/site-packages/airflow/example_dags/example_time_delta_sensor_async.py
[2026-05-07T23:49:19.927+0000] {processor.py:830} INFO - Processing file /home/airflow/.local/lib/python3.12/site-packages/airflow/example_dags/example_time_delta_sensor_async.py for tasks to queue
[2026-05-07T23:49:19.929+0000] {logging_mixin.py:188} INFO - [2026-05-07T23:49:19.929+0000] {dagbag.py:545} INFO - Filling up the DagBag from /home/airflow/.local/lib/python3.12/site-packages/airflow/example_dags/example_time_delta_sensor_async.py
[2026-05-07T23:49:19.935+0000] {processor.py:840} INFO - DAG(s) 'example_time_delta_sensor_async' retrieved from /home/airflow/.local/lib/python3.12/site-packages/airflow/example_dags/example_time_delta_sensor_async.py
[2026-05-07T23:49:19.953+0000] {logging_mixin.py:188} INFO - [2026-05-07T23:49:19.953+0000] {dag.py:3096} INFO - Sync 1 DAGs
[2026-05-07T23:49:19.965+0000] {logging_mixin.py:188} INFO - [2026-05-07T23:49:19.964+0000] {dag.py:3954} INFO - Setting next_dagrun for example_time_delta_sensor_async to None, run_after=None
[2026-05-07T23:49:19.983+0000] {processor.py:183} INFO - Processing /home/airflow/.local/lib/python3.12/site-packages/airflow/example_dags/example_time_delta_sensor_async.py took 0.063 seconds
[2026-05-07T23:49:50.501+0000] {processor.py:161} INFO - Started process (PID=11093) to work on /home/airflow/.local/lib/python3.12/site-packages/airflow/example_dags/example_time_delta_sensor_async.py
[2026-05-07T23:49:50.503+0000] {processor.py:830} INFO - Processing file /home/airflow/.local/lib/python3.12/site-packages/airflow/example_dags/example_time_delta_sensor_async.py for tasks to queue
[2026-05-07T23:49:50.505+0000] {logging_mixin.py:188} INFO - [2026-05-07T23:49:50.505+0000] {dagbag.py:545} INFO - Filling up the DagBag from /home/airflow/.local/lib/python3.12/site-packages/airflow/example_dags/example_time_delta_sensor_async.py
[2026-05-07T23:49:50.511+0000] {processor.py:840} INFO - DAG(s) 'example_time_delta_sensor_async' retrieved from /home/airflow/.local/lib/python3.12/site-packages/airflow/example_dags/example_time_delta_sensor_async.py
[2026-05-07T23:49:50.531+0000] {logging_mixin.py:188} INFO - [2026-05-07T23:49:50.531+0000] {dag.py:3096} INFO - Sync 1 DAGs
[2026-05-07T23:49:50.542+0000] {logging_mixin.py:188} INFO - [2026-05-07T23:49:50.542+0000] {dag.py:3954} INFO - Setting next_dagrun for example_time_delta_sensor_async to None, run_after=None
[2026-05-07T23:49:50.558+0000] {processor.py:183} INFO - Processing /home/airflow/.local/lib/python3.12/site-packages/airflow/example_dags/example_time_delta_sensor_async.py took 0.062 seconds
[2026-05-07T23:50:20.822+0000] {processor.py:161} INFO - Started process (PID=11151) to work on /home/airflow/.local/lib/python3.12/site-packages/airflow/example_dags/example_time_delta_sensor_async.py
[2026-05-07T23:50:20.824+0000] {processor.py:830} INFO - Processing file /home/airflow/.local/lib/python3.12/site-packages/airflow/example_dags/example_time_delta_sensor_async.py for tasks to queue
[2026-05-07T23:50:20.826+0000] {logging_mixin.py:188} INFO - [2026-05-07T23:50:20.826+0000] {dagbag.py:545} INFO - Filling up the DagBag from /home/airflow/.local/lib/python3.12/site-packages/airflow/example_dags/example_time_delta_sensor_async.py
[2026-05-07T23:50:20.830+0000] {processor.py:840} INFO - DAG(s) 'example_time_delta_sensor_async' retrieved from /home/airflow/.local/lib/python3.12/site-packages/airflow/example_dags/example_time_delta_sensor_async.py
[2026-05-07T23:50:20.848+0000] {logging_mixin.py:188} INFO - [2026-05-07T23:50:20.848+0000] {dag.py:3096} INFO - Sync 1 DAGs
[2026-05-07T23:50:20.859+0000] {logging_mixin.py:188} INFO - [2026-05-07T23:50:20.858+0000] {dag.py:3954} INFO - Setting next_dagrun for example_time_delta_sensor_async to None, run_after=None
[2026-05-07T23:50:20.875+0000] {processor.py:183} INFO - Processing /home/airflow/.local/lib/python3.12/site-packages/airflow/example_dags/example_time_delta_sensor_async.py took 0.059 seconds
[2026-05-07T23:50:51.313+0000] {processor.py:161} INFO - Started process (PID=11209) to work on /home/airflow/.local/lib/python3.12/site-packages/airflow/example_dags/example_time_delta_sensor_async.py
[2026-05-07T23:50:51.314+0000] {processor.py:830} INFO - Processing file /home/airflow/.local/lib/python3.12/site-packages/airflow/example_dags/example_time_delta_sensor_async.py for tasks to queue
[2026-05-07T23:50:51.316+0000] {logging_mixin.py:188} INFO - [2026-05-07T23:50:51.316+0000] {dagbag.py:545} INFO - Filling up the DagBag from /home/airflow/.local/lib/python3.12/site-packages/airflow/example_dags/example_time_delta_sensor_async.py
[2026-05-07T23:50:51.321+0000] {processor.py:840} INFO - DAG(s) 'example_time_delta_sensor_async' retrieved from /home/airflow/.local/lib/python3.12/site-packages/airflow/example_dags/example_time_delta_sensor_async.py
[2026-05-07T23:50:51.339+0000] {logging_mixin.py:188} INFO - [2026-05-07T23:50:51.339+0000] {dag.py:3096} INFO - Sync 1 DAGs
[2026-05-07T23:50:51.349+0000] {logging_mixin.py:188} INFO - [2026-05-07T23:50:51.349+0000] {dag.py:3954} INFO - Setting next_dagrun for example_time_delta_sensor_async to None, run_after=None
[2026-05-07T23:50:51.365+0000] {processor.py:183} INFO - Processing /home/airflow/.local/lib/python3.12/site-packages/airflow/example_dags/example_time_delta_sensor_async.py took 0.057 seconds
[2026-05-07T23:51:21.450+0000] {processor.py:161} INFO - Started process (PID=11267) to work on /home/airflow/.local/lib/python3.12/site-packages/airflow/example_dags/example_time_delta_sensor_async.py
[2026-05-07T23:51:21.451+0000] {processor.py:830} INFO - Processing file /home/airflow/.local/lib/python3.12/site-packages/airflow/example_dags/example_time_delta_sensor_async.py for tasks to queue
[2026-05-07T23:51:21.453+0000] {logging_mixin.py:188} INFO - [2026-05-07T23:51:21.453+0000] {dagbag.py:545} INFO - Filling up the DagBag from /home/airflow/.local/lib/python3.12/site-packages/airflow/example_dags/example_time_delta_sensor_async.py
[2026-05-07T23:51:21.458+0000] {processor.py:840} INFO - DAG(s) 'example_time_delta_sensor_async' retrieved from /home/airflow/.local/lib/python3.12/site-packages/airflow/example_dags/example_time_delta_sensor_async.py
[2026-05-07T23:51:21.479+0000] {logging_mixin.py:188} INFO - [2026-05-07T23:51:21.479+0000] {dag.py:3096} INFO - Sync 1 DAGs
[2026-05-07T23:51:21.490+0000] {logging_mixin.py:188} INFO - [2026-05-07T23:51:21.490+0000] {dag.py:3954} INFO - Setting next_dagrun for example_time_delta_sensor_async to None, run_after=None
[2026-05-07T23:51:21.507+0000] {processor.py:183} INFO - Processing /home/airflow/.local/lib/python3.12/site-packages/airflow/example_dags/example_time_delta_sensor_async.py took 0.062 seconds
[2026-05-07T23:51:51.596+0000] {processor.py:161} INFO - Started process (PID=11325) to work on /home/airflow/.local/lib/python3.12/site-packages/airflow/example_dags/example_time_delta_sensor_async.py
[2026-05-07T23:51:51.597+0000] {processor.py:830} INFO - Processing file /home/airflow/.local/lib/python3.12/site-packages/airflow/example_dags/example_time_delta_sensor_async.py for tasks to queue
[2026-05-07T23:51:51.599+0000] {logging_mixin.py:188} INFO - [2026-05-07T23:51:51.599+0000] {dagbag.py:545} INFO - Filling up the DagBag from /home/airflow/.local/lib/python3.12/site-packages/airflow/example_dags/example_time_delta_sensor_async.py
[2026-05-07T23:51:51.604+0000] {processor.py:840} INFO - DAG(s) 'example_time_delta_sensor_async' retrieved from /home/airflow/.local/lib/python3.12/site-packages/airflow/example_dags/example_time_delta_sensor_async.py
[2026-05-07T23:51:51.621+0000] {logging_mixin.py:188} INFO - [2026-05-07T23:51:51.621+0000] {dag.py:3096} INFO - Sync 1 DAGs
[2026-05-07T23:51:51.631+0000] {logging_mixin.py:188} INFO - [2026-05-07T23:51:51.631+0000] {dag.py:3954} INFO - Setting next_dagrun for example_time_delta_sensor_async to None, run_after=None
[2026-05-07T23:51:51.647+0000] {processor.py:183} INFO - Processing /home/airflow/.local/lib/python3.12/site-packages/airflow/example_dags/example_time_delta_sensor_async.py took 0.056 seconds
[2026-05-07T23:52:22.111+0000] {processor.py:161} INFO - Started process (PID=11383) to work on /home/airflow/.local/lib/python3.12/site-packages/airflow/example_dags/example_time_delta_sensor_async.py
[2026-05-07T23:52:22.112+0000] {processor.py:830} INFO - Processing file /home/airflow/.local/lib/python3.12/site-packages/airflow/example_dags/example_time_delta_sensor_async.py for tasks to queue
[2026-05-07T23:52:22.114+0000] {logging_mixin.py:188} INFO - [2026-05-07T23:52:22.114+0000] {dagbag.py:545} INFO - Filling up the DagBag from /home/airflow/.local/lib/python3.12/site-packages/airflow/example_dags/example_time_delta_sensor_async.py
[2026-05-07T23:52:22.119+0000] {processor.py:840} INFO - DAG(s) 'example_time_delta_sensor_async' retrieved from /home/airflow/.local/lib/python3.12/site-packages/airflow/example_dags/example_time_delta_sensor_async.py
[2026-05-07T23:52:22.136+0000] {logging_mixin.py:188} INFO - [2026-05-07T23:52:22.136+0000] {dag.py:3096} INFO - Sync 1 DAGs
[2026-05-07T23:52:22.146+0000] {logging_mixin.py:188} INFO - [2026-05-07T23:52:22.146+0000] {dag.py:3954} INFO - Setting next_dagrun for example_time_delta_sensor_async to None, run_after=None
[2026-05-07T23:52:22.161+0000] {processor.py:183} INFO - Processing /home/airflow/.local/lib/python3.12/site-packages/airflow/example_dags/example_time_delta_sensor_async.py took 0.056 seconds
[2026-05-07T23:52:52.818+0000] {processor.py:161} INFO - Started process (PID=11441) to work on /home/airflow/.local/lib/python3.12/site-packages/airflow/example_dags/example_time_delta_sensor_async.py
[2026-05-07T23:52:52.819+0000] {processor.py:830} INFO - Processing file /home/airflow/.local/lib/python3.12/site-packages/airflow/example_dags/example_time_delta_sensor_async.py for tasks to queue
[2026-05-07T23:52:52.822+0000] {logging_mixin.py:188} INFO - [2026-05-07T23:52:52.821+0000] {dagbag.py:545} INFO - Filling up the DagBag from /home/airflow/.local/lib/python3.12/site-packages/airflow/example_dags/example_time_delta_sensor_async.py
[2026-05-07T23:52:52.827+0000] {processor.py:840} INFO - DAG(s) 'example_time_delta_sensor_async' retrieved from /home/airflow/.local/lib/python3.12/site-packages/airflow/example_dags/example_time_delta_sensor_async.py
[2026-05-07T23:52:52.847+0000] {logging_mixin.py:188} INFO - [2026-05-07T23:52:52.846+0000] {dag.py:3096} INFO - Sync 1 DAGs
[2026-05-07T23:52:52.858+0000] {logging_mixin.py:188} INFO - [2026-05-07T23:52:52.858+0000] {dag.py:3954} INFO - Setting next_dagrun for example_time_delta_sensor_async to None, run_after=None
[2026-05-07T23:52:52.875+0000] {processor.py:183} INFO - Processing /home/airflow/.local/lib/python3.12/site-packages/airflow/example_dags/example_time_delta_sensor_async.py took 0.064 seconds
[2026-05-07T23:53:23.664+0000] {processor.py:161} INFO - Started process (PID=11499) to work on /home/airflow/.local/lib/python3.12/site-packages/airflow/example_dags/example_time_delta_sensor_async.py
[2026-05-07T23:53:23.665+0000] {processor.py:830} INFO - Processing file /home/airflow/.local/lib/python3.12/site-packages/airflow/example_dags/example_time_delta_sensor_async.py for tasks to queue
[2026-05-07T23:53:23.667+0000] {logging_mixin.py:188} INFO - [2026-05-07T23:53:23.667+0000] {dagbag.py:545} INFO - Filling up the DagBag from /home/airflow/.local/lib/python3.12/site-packages/airflow/example_dags/example_time_delta_sensor_async.py
[2026-05-07T23:53:23.672+0000] {processor.py:840} INFO - DAG(s) 'example_time_delta_sensor_async' retrieved from /home/airflow/.local/lib/python3.12/site-packages/airflow/example_dags/example_time_delta_sensor_async.py
[2026-05-07T23:53:23.689+0000] {logging_mixin.py:188} INFO - [2026-05-07T23:53:23.689+0000] {dag.py:3096} INFO - Sync 1 DAGs
[2026-05-07T23:53:23.700+0000] {logging_mixin.py:188} INFO - [2026-05-07T23:53:23.700+0000] {dag.py:3954} INFO - Setting next_dagrun for example_time_delta_sensor_async to None, run_after=None
[2026-05-07T23:53:23.715+0000] {processor.py:183} INFO - Processing /home/airflow/.local/lib/python3.12/site-packages/airflow/example_dags/example_time_delta_sensor_async.py took 0.058 seconds
[2026-05-07T23:53:53.941+0000] {processor.py:161} INFO - Started process (PID=11557) to work on /home/airflow/.local/lib/python3.12/site-packages/airflow/example_dags/example_time_delta_sensor_async.py
[2026-05-07T23:53:53.943+0000] {processor.py:830} INFO - Processing file /home/airflow/.local/lib/python3.12/site-packages/airflow/example_dags/example_time_delta_sensor_async.py for tasks to queue
[2026-05-07T23:53:53.946+0000] {logging_mixin.py:188} INFO - [2026-05-07T23:53:53.946+0000] {dagbag.py:545} INFO - Filling up the DagBag from /home/airflow/.local/lib/python3.12/site-packages/airflow/example_dags/example_time_delta_sensor_async.py
[2026-05-07T23:53:53.953+0000] {processor.py:840} INFO - DAG(s) 'example_time_delta_sensor_async' retrieved from /home/airflow/.local/lib/python3.12/site-packages/airflow/example_dags/example_time_delta_sensor_async.py
[2026-05-07T23:53:53.974+0000] {logging_mixin.py:188} INFO - [2026-05-07T23:53:53.974+0000] {dag.py:3096} INFO - Sync 1 DAGs
[2026-05-07T23:53:53.987+0000] {logging_mixin.py:188} INFO - [2026-05-07T23:53:53.987+0000] {dag.py:3954} INFO - Setting next_dagrun for example_time_delta_sensor_async to None, run_after=None
[2026-05-07T23:53:54.009+0000] {processor.py:183} INFO - Processing /home/airflow/.local/lib/python3.12/site-packages/airflow/example_dags/example_time_delta_sensor_async.py took 0.076 seconds
[2026-05-07T23:54:24.121+0000] {processor.py:161} INFO - Started process (PID=11615) to work on /home/airflow/.local/lib/python3.12/site-packages/airflow/example_dags/example_time_delta_sensor_async.py
[2026-05-07T23:54:24.122+0000] {processor.py:830} INFO - Processing file /home/airflow/.local/lib/python3.12/site-packages/airflow/example_dags/example_time_delta_sensor_async.py for tasks to queue
[2026-05-07T23:54:24.124+0000] {logging_mixin.py:188} INFO - [2026-05-07T23:54:24.124+0000] {dagbag.py:545} INFO - Filling up the DagBag from /home/airflow/.local/lib/python3.12/site-packages/airflow/example_dags/example_time_delta_sensor_async.py
[2026-05-07T23:54:24.129+0000] {processor.py:840} INFO - DAG(s) 'example_time_delta_sensor_async' retrieved from /home/airflow/.local/lib/python3.12/site-packages/airflow/example_dags/example_time_delta_sensor_async.py
[2026-05-07T23:54:24.146+0000] {logging_mixin.py:188} INFO - [2026-05-07T23:54:24.146+0000] {dag.py:3096} INFO - Sync 1 DAGs
[2026-05-07T23:54:24.157+0000] {logging_mixin.py:188} INFO - [2026-05-07T23:54:24.157+0000] {dag.py:3954} INFO - Setting next_dagrun for example_time_delta_sensor_async to None, run_after=None
[2026-05-07T23:54:24.172+0000] {processor.py:183} INFO - Processing /home/airflow/.local/lib/python3.12/site-packages/airflow/example_dags/example_time_delta_sensor_async.py took 0.057 seconds
[2026-05-07T23:54:54.431+0000] {processor.py:161} INFO - Started process (PID=11673) to work on /home/airflow/.local/lib/python3.12/site-packages/airflow/example_dags/example_time_delta_sensor_async.py
[2026-05-07T23:54:54.432+0000] {processor.py:830} INFO - Processing file /home/airflow/.local/lib/python3.12/site-packages/airflow/example_dags/example_time_delta_sensor_async.py for tasks to queue
[2026-05-07T23:54:54.434+0000] {logging_mixin.py:188} INFO - [2026-05-07T23:54:54.434+0000] {dagbag.py:545} INFO - Filling up the DagBag from /home/airflow/.local/lib/python3.12/site-packages/airflow/example_dags/example_time_delta_sensor_async.py
[2026-05-07T23:54:54.438+0000] {processor.py:840} INFO - DAG(s) 'example_time_delta_sensor_async' retrieved from /home/airflow/.local/lib/python3.12/site-packages/airflow/example_dags/example_time_delta_sensor_async.py
[2026-05-07T23:54:54.456+0000] {logging_mixin.py:188} INFO - [2026-05-07T23:54:54.456+0000] {dag.py:3096} INFO - Sync 1 DAGs
[2026-05-07T23:54:54.467+0000] {logging_mixin.py:188} INFO - [2026-05-07T23:54:54.466+0000] {dag.py:3954} INFO - Setting next_dagrun for example_time_delta_sensor_async to None, run_after=None
[2026-05-07T23:54:54.484+0000] {processor.py:183} INFO - Processing /home/airflow/.local/lib/python3.12/site-packages/airflow/example_dags/example_time_delta_sensor_async.py took 0.058 seconds
[2026-05-07T23:55:24.844+0000] {processor.py:161} INFO - Started process (PID=11730) to work on /home/airflow/.local/lib/python3.12/site-packages/airflow/example_dags/example_time_delta_sensor_async.py
[2026-05-07T23:55:24.845+0000] {processor.py:830} INFO - Processing file /home/airflow/.local/lib/python3.12/site-packages/airflow/example_dags/example_time_delta_sensor_async.py for tasks to queue
[2026-05-07T23:55:24.847+0000] {logging_mixin.py:188} INFO - [2026-05-07T23:55:24.847+0000] {dagbag.py:545} INFO - Filling up the DagBag from /home/airflow/.local/lib/python3.12/site-packages/airflow/example_dags/example_time_delta_sensor_async.py
[2026-05-07T23:55:24.852+0000] {processor.py:840} INFO - DAG(s) 'example_time_delta_sensor_async' retrieved from /home/airflow/.local/lib/python3.12/site-packages/airflow/example_dags/example_time_delta_sensor_async.py
[2026-05-07T23:55:24.869+0000] {logging_mixin.py:188} INFO - [2026-05-07T23:55:24.869+0000] {dag.py:3096} INFO - Sync 1 DAGs
[2026-05-07T23:55:24.880+0000] {logging_mixin.py:188} INFO - [2026-05-07T23:55:24.880+0000] {dag.py:3954} INFO - Setting next_dagrun for example_time_delta_sensor_async to None, run_after=None
[2026-05-07T23:55:24.896+0000] {processor.py:183} INFO - Processing /home/airflow/.local/lib/python3.12/site-packages/airflow/example_dags/example_time_delta_sensor_async.py took 0.057 seconds
[2026-05-07T23:55:55.115+0000] {processor.py:161} INFO - Started process (PID=11788) to work on /home/airflow/.local/lib/python3.12/site-packages/airflow/example_dags/example_time_delta_sensor_async.py
[2026-05-07T23:55:55.117+0000] {processor.py:830} INFO - Processing file /home/airflow/.local/lib/python3.12/site-packages/airflow/example_dags/example_time_delta_sensor_async.py for tasks to queue
[2026-05-07T23:55:55.119+0000] {logging_mixin.py:188} INFO - [2026-05-07T23:55:55.118+0000] {dagbag.py:545} INFO - Filling up the DagBag from /home/airflow/.local/lib/python3.12/site-packages/airflow/example_dags/example_time_delta_sensor_async.py
[2026-05-07T23:55:55.124+0000] {processor.py:840} INFO - DAG(s) 'example_time_delta_sensor_async' retrieved from /home/airflow/.local/lib/python3.12/site-packages/airflow/example_dags/example_time_delta_sensor_async.py
[2026-05-07T23:55:55.146+0000] {logging_mixin.py:188} INFO - [2026-05-07T23:55:55.145+0000] {dag.py:3096} INFO - Sync 1 DAGs
[2026-05-07T23:55:55.158+0000] {logging_mixin.py:188} INFO - [2026-05-07T23:55:55.158+0000] {dag.py:3954} INFO - Setting next_dagrun for example_time_delta_sensor_async to None, run_after=None
[2026-05-07T23:55:55.179+0000] {processor.py:183} INFO - Processing /home/airflow/.local/lib/python3.12/site-packages/airflow/example_dags/example_time_delta_sensor_async.py took 0.069 seconds
[2026-05-07T23:56:25.267+0000] {processor.py:161} INFO - Started process (PID=11844) to work on /home/airflow/.local/lib/python3.12/site-packages/airflow/example_dags/example_time_delta_sensor_async.py
[2026-05-07T23:56:25.268+0000] {processor.py:830} INFO - Processing file /home/airflow/.local/lib/python3.12/site-packages/airflow/example_dags/example_time_delta_sensor_async.py for tasks to queue
[2026-05-07T23:56:25.272+0000] {logging_mixin.py:188} INFO - [2026-05-07T23:56:25.271+0000] {dagbag.py:545} INFO - Filling up the DagBag from /home/airflow/.local/lib/python3.12/site-packages/airflow/example_dags/example_time_delta_sensor_async.py
[2026-05-07T23:56:25.277+0000] {processor.py:840} INFO - DAG(s) 'example_time_delta_sensor_async' retrieved from /home/airflow/.local/lib/python3.12/site-packages/airflow/example_dags/example_time_delta_sensor_async.py
[2026-05-07T23:56:25.300+0000] {logging_mixin.py:188} INFO - [2026-05-07T23:56:25.300+0000] {dag.py:3096} INFO - Sync 1 DAGs
[2026-05-07T23:56:25.312+0000] {logging_mixin.py:188} INFO - [2026-05-07T23:56:25.312+0000] {dag.py:3954} INFO - Setting next_dagrun for example_time_delta_sensor_async to None, run_after=None
[2026-05-07T23:56:25.331+0000] {processor.py:183} INFO - Processing /home/airflow/.local/lib/python3.12/site-packages/airflow/example_dags/example_time_delta_sensor_async.py took 0.070 seconds
[2026-05-07T23:56:55.381+0000] {processor.py:161} INFO - Started process (PID=11902) to work on /home/airflow/.local/lib/python3.12/site-packages/airflow/example_dags/example_time_delta_sensor_async.py
[2026-05-07T23:56:55.382+0000] {processor.py:830} INFO - Processing file /home/airflow/.local/lib/python3.12/site-packages/airflow/example_dags/example_time_delta_sensor_async.py for tasks to queue
[2026-05-07T23:56:55.384+0000] {logging_mixin.py:188} INFO - [2026-05-07T23:56:55.384+0000] {dagbag.py:545} INFO - Filling up the DagBag from /home/airflow/.local/lib/python3.12/site-packages/airflow/example_dags/example_time_delta_sensor_async.py
[2026-05-07T23:56:55.388+0000] {processor.py:840} INFO - DAG(s) 'example_time_delta_sensor_async' retrieved from /home/airflow/.local/lib/python3.12/site-packages/airflow/example_dags/example_time_delta_sensor_async.py
[2026-05-07T23:56:55.406+0000] {logging_mixin.py:188} INFO - [2026-05-07T23:56:55.406+0000] {dag.py:3096} INFO - Sync 1 DAGs
[2026-05-07T23:56:55.418+0000] {logging_mixin.py:188} INFO - [2026-05-07T23:56:55.417+0000] {dag.py:3954} INFO - Setting next_dagrun for example_time_delta_sensor_async to None, run_after=None
[2026-05-07T23:56:55.433+0000] {processor.py:183} INFO - Processing /home/airflow/.local/lib/python3.12/site-packages/airflow/example_dags/example_time_delta_sensor_async.py took 0.061 seconds
[2026-05-07T23:57:25.751+0000] {processor.py:161} INFO - Started process (PID=11960) to work on /home/airflow/.local/lib/python3.12/site-packages/airflow/example_dags/example_time_delta_sensor_async.py
[2026-05-07T23:57:25.752+0000] {processor.py:830} INFO - Processing file /home/airflow/.local/lib/python3.12/site-packages/airflow/example_dags/example_time_delta_sensor_async.py for tasks to queue
[2026-05-07T23:57:25.754+0000] {logging_mixin.py:188} INFO - [2026-05-07T23:57:25.754+0000] {dagbag.py:545} INFO - Filling up the DagBag from /home/airflow/.local/lib/python3.12/site-packages/airflow/example_dags/example_time_delta_sensor_async.py
[2026-05-07T23:57:25.759+0000] {processor.py:840} INFO - DAG(s) 'example_time_delta_sensor_async' retrieved from /home/airflow/.local/lib/python3.12/site-packages/airflow/example_dags/example_time_delta_sensor_async.py
[2026-05-07T23:57:25.776+0000] {logging_mixin.py:188} INFO - [2026-05-07T23:57:25.776+0000] {dag.py:3096} INFO - Sync 1 DAGs
[2026-05-07T23:57:25.786+0000] {logging_mixin.py:188} INFO - [2026-05-07T23:57:25.786+0000] {dag.py:3954} INFO - Setting next_dagrun for example_time_delta_sensor_async to None, run_after=None
[2026-05-07T23:57:25.803+0000] {processor.py:183} INFO - Processing /home/airflow/.local/lib/python3.12/site-packages/airflow/example_dags/example_time_delta_sensor_async.py took 0.058 seconds
[2026-05-07T23:57:55.892+0000] {processor.py:161} INFO - Started process (PID=12018) to work on /home/airflow/.local/lib/python3.12/site-packages/airflow/example_dags/example_time_delta_sensor_async.py
[2026-05-07T23:57:55.894+0000] {processor.py:830} INFO - Processing file /home/airflow/.local/lib/python3.12/site-packages/airflow/example_dags/example_time_delta_sensor_async.py for tasks to queue
[2026-05-07T23:57:55.896+0000] {logging_mixin.py:188} INFO - [2026-05-07T23:57:55.895+0000] {dagbag.py:545} INFO - Filling up the DagBag from /home/airflow/.local/lib/python3.12/site-packages/airflow/example_dags/example_time_delta_sensor_async.py
[2026-05-07T23:57:55.900+0000] {processor.py:840} INFO - DAG(s) 'example_time_delta_sensor_async' retrieved from /home/airflow/.local/lib/python3.12/site-packages/airflow/example_dags/example_time_delta_sensor_async.py
[2026-05-07T23:57:55.919+0000] {logging_mixin.py:188} INFO - [2026-05-07T23:57:55.918+0000] {dag.py:3096} INFO - Sync 1 DAGs
[2026-05-07T23:57:55.929+0000] {logging_mixin.py:188} INFO - [2026-05-07T23:57:55.929+0000] {dag.py:3954} INFO - Setting next_dagrun for example_time_delta_sensor_async to None, run_after=None
[2026-05-07T23:57:55.947+0000] {processor.py:183} INFO - Processing /home/airflow/.local/lib/python3.12/site-packages/airflow/example_dags/example_time_delta_sensor_async.py took 0.060 seconds
[2026-05-07T23:58:26.300+0000] {processor.py:161} INFO - Started process (PID=12076) to work on /home/airflow/.local/lib/python3.12/site-packages/airflow/example_dags/example_time_delta_sensor_async.py
[2026-05-07T23:58:26.301+0000] {processor.py:830} INFO - Processing file /home/airflow/.local/lib/python3.12/site-packages/airflow/example_dags/example_time_delta_sensor_async.py for tasks to queue
[2026-05-07T23:58:26.303+0000] {logging_mixin.py:188} INFO - [2026-05-07T23:58:26.303+0000] {dagbag.py:545} INFO - Filling up the DagBag from /home/airflow/.local/lib/python3.12/site-packages/airflow/example_dags/example_time_delta_sensor_async.py
[2026-05-07T23:58:26.308+0000] {processor.py:840} INFO - DAG(s) 'example_time_delta_sensor_async' retrieved from /home/airflow/.local/lib/python3.12/site-packages/airflow/example_dags/example_time_delta_sensor_async.py
[2026-05-07T23:58:26.325+0000] {logging_mixin.py:188} INFO - [2026-05-07T23:58:26.325+0000] {dag.py:3096} INFO - Sync 1 DAGs
[2026-05-07T23:58:26.335+0000] {logging_mixin.py:188} INFO - [2026-05-07T23:58:26.335+0000] {dag.py:3954} INFO - Setting next_dagrun for example_time_delta_sensor_async to None, run_after=None
[2026-05-07T23:58:26.351+0000] {processor.py:183} INFO - Processing /home/airflow/.local/lib/python3.12/site-packages/airflow/example_dags/example_time_delta_sensor_async.py took 0.057 seconds
[2026-05-07T23:58:56.570+0000] {processor.py:161} INFO - Started process (PID=12134) to work on /home/airflow/.local/lib/python3.12/site-packages/airflow/example_dags/example_time_delta_sensor_async.py
[2026-05-07T23:58:56.572+0000] {processor.py:830} INFO - Processing file /home/airflow/.local/lib/python3.12/site-packages/airflow/example_dags/example_time_delta_sensor_async.py for tasks to queue
[2026-05-07T23:58:56.574+0000] {logging_mixin.py:188} INFO - [2026-05-07T23:58:56.574+0000] {dagbag.py:545} INFO - Filling up the DagBag from /home/airflow/.local/lib/python3.12/site-packages/airflow/example_dags/example_time_delta_sensor_async.py
[2026-05-07T23:58:56.578+0000] {processor.py:840} INFO - DAG(s) 'example_time_delta_sensor_async' retrieved from /home/airflow/.local/lib/python3.12/site-packages/airflow/example_dags/example_time_delta_sensor_async.py
[2026-05-07T23:58:56.598+0000] {logging_mixin.py:188} INFO - [2026-05-07T23:58:56.597+0000] {dag.py:3096} INFO - Sync 1 DAGs
[2026-05-07T23:58:56.608+0000] {logging_mixin.py:188} INFO - [2026-05-07T23:58:56.608+0000] {dag.py:3954} INFO - Setting next_dagrun for example_time_delta_sensor_async to None, run_after=None
[2026-05-07T23:58:56.624+0000] {processor.py:183} INFO - Processing /home/airflow/.local/lib/python3.12/site-packages/airflow/example_dags/example_time_delta_sensor_async.py took 0.059 seconds
[2026-05-07T23:59:26.726+0000] {processor.py:161} INFO - Started process (PID=12192) to work on /home/airflow/.local/lib/python3.12/site-packages/airflow/example_dags/example_time_delta_sensor_async.py
[2026-05-07T23:59:26.728+0000] {processor.py:830} INFO - Processing file /home/airflow/.local/lib/python3.12/site-packages/airflow/example_dags/example_time_delta_sensor_async.py for tasks to queue
[2026-05-07T23:59:26.730+0000] {logging_mixin.py:188} INFO - [2026-05-07T23:59:26.729+0000] {dagbag.py:545} INFO - Filling up the DagBag from /home/airflow/.local/lib/python3.12/site-packages/airflow/example_dags/example_time_delta_sensor_async.py
[2026-05-07T23:59:26.734+0000] {processor.py:840} INFO - DAG(s) 'example_time_delta_sensor_async' retrieved from /home/airflow/.local/lib/python3.12/site-packages/airflow/example_dags/example_time_delta_sensor_async.py
[2026-05-07T23:59:26.751+0000] {logging_mixin.py:188} INFO - [2026-05-07T23:59:26.751+0000] {dag.py:3096} INFO - Sync 1 DAGs
[2026-05-07T23:59:26.761+0000] {logging_mixin.py:188} INFO - [2026-05-07T23:59:26.761+0000] {dag.py:3954} INFO - Setting next_dagrun for example_time_delta_sensor_async to None, run_after=None
[2026-05-07T23:59:26.777+0000] {processor.py:183} INFO - Processing /home/airflow/.local/lib/python3.12/site-packages/airflow/example_dags/example_time_delta_sensor_async.py took 0.056 seconds
[2026-05-07T23:59:56.995+0000] {processor.py:161} INFO - Started process (PID=12250) to work on /home/airflow/.local/lib/python3.12/site-packages/airflow/example_dags/example_time_delta_sensor_async.py
[2026-05-07T23:59:56.996+0000] {processor.py:830} INFO - Processing file /home/airflow/.local/lib/python3.12/site-packages/airflow/example_dags/example_time_delta_sensor_async.py for tasks to queue
[2026-05-07T23:59:56.998+0000] {logging_mixin.py:188} INFO - [2026-05-07T23:59:56.998+0000] {dagbag.py:545} INFO - Filling up the DagBag from /home/airflow/.local/lib/python3.12/site-packages/airflow/example_dags/example_time_delta_sensor_async.py
[2026-05-07T23:59:57.003+0000] {processor.py:840} INFO - DAG(s) 'example_time_delta_sensor_async' retrieved from /home/airflow/.local/lib/python3.12/site-packages/airflow/example_dags/example_time_delta_sensor_async.py
[2026-05-07T23:59:57.021+0000] {logging_mixin.py:188} INFO - [2026-05-07T23:59:57.020+0000] {dag.py:3096} INFO - Sync 1 DAGs
[2026-05-07T23:59:57.032+0000] {logging_mixin.py:188} INFO - [2026-05-07T23:59:57.032+0000] {dag.py:3954} INFO - Setting next_dagrun for example_time_delta_sensor_async to None, run_after=None
[2026-05-07T23:59:57.049+0000] {processor.py:183} INFO - Processing /home/airflow/.local/lib/python3.12/site-packages/airflow/example_dags/example_time_delta_sensor_async.py took 0.060 seconds
