[2026-05-07T20:16:55.328+0000] {processor.py:161} INFO - Started process (PID=65) to work on /home/airflow/.local/lib/python3.12/site-packages/airflow/example_dags/example_branch_datetime_operator.py
[2026-05-07T20:16:55.334+0000] {processor.py:830} INFO - Processing file /home/airflow/.local/lib/python3.12/site-packages/airflow/example_dags/example_branch_datetime_operator.py for tasks to queue
[2026-05-07T20:16:55.343+0000] {logging_mixin.py:188} INFO - [2026-05-07T20:16:55.341+0000] {dagbag.py:545} INFO - Filling up the DagBag from /home/airflow/.local/lib/python3.12/site-packages/airflow/example_dags/example_branch_datetime_operator.py
[2026-05-07T20:16:55.401+0000] {processor.py:840} INFO - DAG(s) 'example_branch_datetime_operator_3', 'example_branch_datetime_operator', 'example_branch_datetime_operator_2' retrieved from /home/airflow/.local/lib/python3.12/site-packages/airflow/example_dags/example_branch_datetime_operator.py
[2026-05-07T20:16:56.101+0000] {logging_mixin.py:188} INFO - [2026-05-07T20:16:56.101+0000] {dag.py:3096} INFO - Sync 3 DAGs
[2026-05-07T20:16:56.212+0000] {logging_mixin.py:188} INFO - [2026-05-07T20:16:56.211+0000] {dag.py:3954} INFO - Setting next_dagrun for example_branch_datetime_operator to 2026-05-06 00:00:00+00:00, run_after=2026-05-07 00:00:00+00:00
[2026-05-07T20:16:56.228+0000] {logging_mixin.py:188} INFO - [2026-05-07T20:16:56.227+0000] {dag.py:3954} INFO - Setting next_dagrun for example_branch_datetime_operator_2 to 2026-05-06 00:00:00+00:00, run_after=2026-05-07 00:00:00+00:00
[2026-05-07T20:16:56.237+0000] {logging_mixin.py:188} INFO - [2026-05-07T20:16:56.236+0000] {dag.py:3954} INFO - Setting next_dagrun for example_branch_datetime_operator_3 to 2026-05-06 00:00:00+00:00, run_after=2026-05-07 00:00:00+00:00
[2026-05-07T20:16:56.308+0000] {processor.py:183} INFO - Processing /home/airflow/.local/lib/python3.12/site-packages/airflow/example_dags/example_branch_datetime_operator.py took 1.013 seconds
[2026-05-07T20:17:27.253+0000] {processor.py:161} INFO - Started process (PID=129) to work on /home/airflow/.local/lib/python3.12/site-packages/airflow/example_dags/example_branch_datetime_operator.py
[2026-05-07T20:17:27.256+0000] {processor.py:830} INFO - Processing file /home/airflow/.local/lib/python3.12/site-packages/airflow/example_dags/example_branch_datetime_operator.py for tasks to queue
[2026-05-07T20:17:27.262+0000] {logging_mixin.py:188} INFO - [2026-05-07T20:17:27.261+0000] {dagbag.py:545} INFO - Filling up the DagBag from /home/airflow/.local/lib/python3.12/site-packages/airflow/example_dags/example_branch_datetime_operator.py
[2026-05-07T20:17:27.279+0000] {processor.py:840} INFO - DAG(s) 'example_branch_datetime_operator', 'example_branch_datetime_operator_2', 'example_branch_datetime_operator_3' retrieved from /home/airflow/.local/lib/python3.12/site-packages/airflow/example_dags/example_branch_datetime_operator.py
[2026-05-07T20:17:27.325+0000] {logging_mixin.py:188} INFO - [2026-05-07T20:17:27.325+0000] {dag.py:3096} INFO - Sync 3 DAGs
[2026-05-07T20:17:27.360+0000] {logging_mixin.py:188} INFO - [2026-05-07T20:17:27.360+0000] {dag.py:3954} INFO - Setting next_dagrun for example_branch_datetime_operator to 2026-05-06 00:00:00+00:00, run_after=2026-05-07 00:00:00+00:00
[2026-05-07T20:17:27.366+0000] {logging_mixin.py:188} INFO - [2026-05-07T20:17:27.366+0000] {dag.py:3954} INFO - Setting next_dagrun for example_branch_datetime_operator_2 to 2026-05-06 00:00:00+00:00, run_after=2026-05-07 00:00:00+00:00
[2026-05-07T20:17:27.373+0000] {logging_mixin.py:188} INFO - [2026-05-07T20:17:27.372+0000] {dag.py:3954} INFO - Setting next_dagrun for example_branch_datetime_operator_3 to 2026-05-06 00:00:00+00:00, run_after=2026-05-07 00:00:00+00:00
[2026-05-07T20:17:27.413+0000] {processor.py:183} INFO - Processing /home/airflow/.local/lib/python3.12/site-packages/airflow/example_dags/example_branch_datetime_operator.py took 0.170 seconds
[2026-05-07T20:17:57.646+0000] {processor.py:161} INFO - Started process (PID=187) to work on /home/airflow/.local/lib/python3.12/site-packages/airflow/example_dags/example_branch_datetime_operator.py
[2026-05-07T20:17:57.706+0000] {processor.py:830} INFO - Processing file /home/airflow/.local/lib/python3.12/site-packages/airflow/example_dags/example_branch_datetime_operator.py for tasks to queue
[2026-05-07T20:17:57.714+0000] {logging_mixin.py:188} INFO - [2026-05-07T20:17:57.713+0000] {dagbag.py:545} INFO - Filling up the DagBag from /home/airflow/.local/lib/python3.12/site-packages/airflow/example_dags/example_branch_datetime_operator.py
[2026-05-07T20:17:57.725+0000] {processor.py:840} INFO - DAG(s) 'example_branch_datetime_operator', 'example_branch_datetime_operator_3', 'example_branch_datetime_operator_2' retrieved from /home/airflow/.local/lib/python3.12/site-packages/airflow/example_dags/example_branch_datetime_operator.py
[2026-05-07T20:17:57.756+0000] {logging_mixin.py:188} INFO - [2026-05-07T20:17:57.756+0000] {dag.py:3096} INFO - Sync 3 DAGs
[2026-05-07T20:17:57.778+0000] {logging_mixin.py:188} INFO - [2026-05-07T20:17:57.778+0000] {dag.py:3954} INFO - Setting next_dagrun for example_branch_datetime_operator to 2026-05-06 00:00:00+00:00, run_after=2026-05-07 00:00:00+00:00
[2026-05-07T20:17:57.784+0000] {logging_mixin.py:188} INFO - [2026-05-07T20:17:57.783+0000] {dag.py:3954} INFO - Setting next_dagrun for example_branch_datetime_operator_2 to 2026-05-06 00:00:00+00:00, run_after=2026-05-07 00:00:00+00:00
[2026-05-07T20:17:57.787+0000] {logging_mixin.py:188} INFO - [2026-05-07T20:17:57.786+0000] {dag.py:3954} INFO - Setting next_dagrun for example_branch_datetime_operator_3 to 2026-05-06 00:00:00+00:00, run_after=2026-05-07 00:00:00+00:00
[2026-05-07T20:17:57.809+0000] {processor.py:183} INFO - Processing /home/airflow/.local/lib/python3.12/site-packages/airflow/example_dags/example_branch_datetime_operator.py took 0.168 seconds
[2026-05-07T20:18:28.509+0000] {processor.py:161} INFO - Started process (PID=245) to work on /home/airflow/.local/lib/python3.12/site-packages/airflow/example_dags/example_branch_datetime_operator.py
[2026-05-07T20:18:28.510+0000] {processor.py:830} INFO - Processing file /home/airflow/.local/lib/python3.12/site-packages/airflow/example_dags/example_branch_datetime_operator.py for tasks to queue
[2026-05-07T20:18:28.513+0000] {logging_mixin.py:188} INFO - [2026-05-07T20:18:28.512+0000] {dagbag.py:545} INFO - Filling up the DagBag from /home/airflow/.local/lib/python3.12/site-packages/airflow/example_dags/example_branch_datetime_operator.py
[2026-05-07T20:18:28.523+0000] {processor.py:840} INFO - DAG(s) 'example_branch_datetime_operator_2', 'example_branch_datetime_operator_3', 'example_branch_datetime_operator' retrieved from /home/airflow/.local/lib/python3.12/site-packages/airflow/example_dags/example_branch_datetime_operator.py
[2026-05-07T20:18:28.554+0000] {logging_mixin.py:188} INFO - [2026-05-07T20:18:28.553+0000] {dag.py:3096} INFO - Sync 3 DAGs
[2026-05-07T20:18:28.576+0000] {logging_mixin.py:188} INFO - [2026-05-07T20:18:28.576+0000] {dag.py:3954} INFO - Setting next_dagrun for example_branch_datetime_operator to 2026-05-06 00:00:00+00:00, run_after=2026-05-07 00:00:00+00:00
[2026-05-07T20:18:28.582+0000] {logging_mixin.py:188} INFO - [2026-05-07T20:18:28.581+0000] {dag.py:3954} INFO - Setting next_dagrun for example_branch_datetime_operator_2 to 2026-05-06 00:00:00+00:00, run_after=2026-05-07 00:00:00+00:00
[2026-05-07T20:18:28.584+0000] {logging_mixin.py:188} INFO - [2026-05-07T20:18:28.584+0000] {dag.py:3954} INFO - Setting next_dagrun for example_branch_datetime_operator_3 to 2026-05-06 00:00:00+00:00, run_after=2026-05-07 00:00:00+00:00
[2026-05-07T20:18:28.606+0000] {processor.py:183} INFO - Processing /home/airflow/.local/lib/python3.12/site-packages/airflow/example_dags/example_branch_datetime_operator.py took 0.103 seconds
[2026-05-07T20:18:58.661+0000] {processor.py:161} INFO - Started process (PID=303) to work on /home/airflow/.local/lib/python3.12/site-packages/airflow/example_dags/example_branch_datetime_operator.py
[2026-05-07T20:18:58.662+0000] {processor.py:830} INFO - Processing file /home/airflow/.local/lib/python3.12/site-packages/airflow/example_dags/example_branch_datetime_operator.py for tasks to queue
[2026-05-07T20:18:58.665+0000] {logging_mixin.py:188} INFO - [2026-05-07T20:18:58.664+0000] {dagbag.py:545} INFO - Filling up the DagBag from /home/airflow/.local/lib/python3.12/site-packages/airflow/example_dags/example_branch_datetime_operator.py
[2026-05-07T20:18:58.675+0000] {processor.py:840} INFO - DAG(s) 'example_branch_datetime_operator_2', 'example_branch_datetime_operator_3', 'example_branch_datetime_operator' retrieved from /home/airflow/.local/lib/python3.12/site-packages/airflow/example_dags/example_branch_datetime_operator.py
[2026-05-07T20:18:58.702+0000] {logging_mixin.py:188} INFO - [2026-05-07T20:18:58.702+0000] {dag.py:3096} INFO - Sync 3 DAGs
[2026-05-07T20:18:58.723+0000] {logging_mixin.py:188} INFO - [2026-05-07T20:18:58.722+0000] {dag.py:3954} INFO - Setting next_dagrun for example_branch_datetime_operator to 2026-05-06 00:00:00+00:00, run_after=2026-05-07 00:00:00+00:00
[2026-05-07T20:18:58.729+0000] {logging_mixin.py:188} INFO - [2026-05-07T20:18:58.728+0000] {dag.py:3954} INFO - Setting next_dagrun for example_branch_datetime_operator_2 to 2026-05-06 00:00:00+00:00, run_after=2026-05-07 00:00:00+00:00
[2026-05-07T20:18:58.731+0000] {logging_mixin.py:188} INFO - [2026-05-07T20:18:58.731+0000] {dag.py:3954} INFO - Setting next_dagrun for example_branch_datetime_operator_3 to 2026-05-06 00:00:00+00:00, run_after=2026-05-07 00:00:00+00:00
[2026-05-07T20:18:58.751+0000] {processor.py:183} INFO - Processing /home/airflow/.local/lib/python3.12/site-packages/airflow/example_dags/example_branch_datetime_operator.py took 0.096 seconds
[2026-05-07T20:19:29.229+0000] {processor.py:161} INFO - Started process (PID=361) to work on /home/airflow/.local/lib/python3.12/site-packages/airflow/example_dags/example_branch_datetime_operator.py
[2026-05-07T20:19:29.237+0000] {processor.py:830} INFO - Processing file /home/airflow/.local/lib/python3.12/site-packages/airflow/example_dags/example_branch_datetime_operator.py for tasks to queue
[2026-05-07T20:19:29.243+0000] {logging_mixin.py:188} INFO - [2026-05-07T20:19:29.242+0000] {dagbag.py:545} INFO - Filling up the DagBag from /home/airflow/.local/lib/python3.12/site-packages/airflow/example_dags/example_branch_datetime_operator.py
[2026-05-07T20:19:29.263+0000] {processor.py:840} INFO - DAG(s) 'example_branch_datetime_operator_2', 'example_branch_datetime_operator_3', 'example_branch_datetime_operator' retrieved from /home/airflow/.local/lib/python3.12/site-packages/airflow/example_dags/example_branch_datetime_operator.py
[2026-05-07T20:19:29.332+0000] {logging_mixin.py:188} INFO - [2026-05-07T20:19:29.331+0000] {dag.py:3096} INFO - Sync 3 DAGs
[2026-05-07T20:19:29.395+0000] {logging_mixin.py:188} INFO - [2026-05-07T20:19:29.395+0000] {dag.py:3954} INFO - Setting next_dagrun for example_branch_datetime_operator to 2026-05-06 00:00:00+00:00, run_after=2026-05-07 00:00:00+00:00
[2026-05-07T20:19:29.405+0000] {logging_mixin.py:188} INFO - [2026-05-07T20:19:29.405+0000] {dag.py:3954} INFO - Setting next_dagrun for example_branch_datetime_operator_2 to 2026-05-06 00:00:00+00:00, run_after=2026-05-07 00:00:00+00:00
[2026-05-07T20:19:29.408+0000] {logging_mixin.py:188} INFO - [2026-05-07T20:19:29.408+0000] {dag.py:3954} INFO - Setting next_dagrun for example_branch_datetime_operator_3 to 2026-05-06 00:00:00+00:00, run_after=2026-05-07 00:00:00+00:00
[2026-05-07T20:19:29.550+0000] {processor.py:183} INFO - Processing /home/airflow/.local/lib/python3.12/site-packages/airflow/example_dags/example_branch_datetime_operator.py took 0.343 seconds
[2026-05-07T20:20:00.355+0000] {processor.py:161} INFO - Started process (PID=419) to work on /home/airflow/.local/lib/python3.12/site-packages/airflow/example_dags/example_branch_datetime_operator.py
[2026-05-07T20:20:00.357+0000] {processor.py:830} INFO - Processing file /home/airflow/.local/lib/python3.12/site-packages/airflow/example_dags/example_branch_datetime_operator.py for tasks to queue
[2026-05-07T20:20:00.359+0000] {logging_mixin.py:188} INFO - [2026-05-07T20:20:00.359+0000] {dagbag.py:545} INFO - Filling up the DagBag from /home/airflow/.local/lib/python3.12/site-packages/airflow/example_dags/example_branch_datetime_operator.py
[2026-05-07T20:20:00.368+0000] {processor.py:840} INFO - DAG(s) 'example_branch_datetime_operator_3', 'example_branch_datetime_operator', 'example_branch_datetime_operator_2' retrieved from /home/airflow/.local/lib/python3.12/site-packages/airflow/example_dags/example_branch_datetime_operator.py
[2026-05-07T20:20:00.401+0000] {logging_mixin.py:188} INFO - [2026-05-07T20:20:00.401+0000] {dag.py:3096} INFO - Sync 3 DAGs
[2026-05-07T20:20:00.425+0000] {logging_mixin.py:188} INFO - [2026-05-07T20:20:00.425+0000] {dag.py:3954} INFO - Setting next_dagrun for example_branch_datetime_operator to 2026-05-06 00:00:00+00:00, run_after=2026-05-07 00:00:00+00:00
[2026-05-07T20:20:00.431+0000] {logging_mixin.py:188} INFO - [2026-05-07T20:20:00.431+0000] {dag.py:3954} INFO - Setting next_dagrun for example_branch_datetime_operator_2 to 2026-05-06 00:00:00+00:00, run_after=2026-05-07 00:00:00+00:00
[2026-05-07T20:20:00.434+0000] {logging_mixin.py:188} INFO - [2026-05-07T20:20:00.434+0000] {dag.py:3954} INFO - Setting next_dagrun for example_branch_datetime_operator_3 to 2026-05-06 00:00:00+00:00, run_after=2026-05-07 00:00:00+00:00
[2026-05-07T20:20:00.522+0000] {processor.py:183} INFO - Processing /home/airflow/.local/lib/python3.12/site-packages/airflow/example_dags/example_branch_datetime_operator.py took 0.173 seconds
[2026-05-07T20:20:31.047+0000] {processor.py:161} INFO - Started process (PID=477) to work on /home/airflow/.local/lib/python3.12/site-packages/airflow/example_dags/example_branch_datetime_operator.py
[2026-05-07T20:20:31.049+0000] {processor.py:830} INFO - Processing file /home/airflow/.local/lib/python3.12/site-packages/airflow/example_dags/example_branch_datetime_operator.py for tasks to queue
[2026-05-07T20:20:31.051+0000] {logging_mixin.py:188} INFO - [2026-05-07T20:20:31.050+0000] {dagbag.py:545} INFO - Filling up the DagBag from /home/airflow/.local/lib/python3.12/site-packages/airflow/example_dags/example_branch_datetime_operator.py
[2026-05-07T20:20:31.060+0000] {processor.py:840} INFO - DAG(s) 'example_branch_datetime_operator_3', 'example_branch_datetime_operator_2', 'example_branch_datetime_operator' retrieved from /home/airflow/.local/lib/python3.12/site-packages/airflow/example_dags/example_branch_datetime_operator.py
[2026-05-07T20:20:31.091+0000] {logging_mixin.py:188} INFO - [2026-05-07T20:20:31.091+0000] {dag.py:3096} INFO - Sync 3 DAGs
[2026-05-07T20:20:31.113+0000] {logging_mixin.py:188} INFO - [2026-05-07T20:20:31.113+0000] {dag.py:3954} INFO - Setting next_dagrun for example_branch_datetime_operator to 2026-05-06 00:00:00+00:00, run_after=2026-05-07 00:00:00+00:00
[2026-05-07T20:20:31.119+0000] {logging_mixin.py:188} INFO - [2026-05-07T20:20:31.119+0000] {dag.py:3954} INFO - Setting next_dagrun for example_branch_datetime_operator_2 to 2026-05-06 00:00:00+00:00, run_after=2026-05-07 00:00:00+00:00
[2026-05-07T20:20:31.122+0000] {logging_mixin.py:188} INFO - [2026-05-07T20:20:31.122+0000] {dag.py:3954} INFO - Setting next_dagrun for example_branch_datetime_operator_3 to 2026-05-06 00:00:00+00:00, run_after=2026-05-07 00:00:00+00:00
[2026-05-07T20:20:31.147+0000] {processor.py:183} INFO - Processing /home/airflow/.local/lib/python3.12/site-packages/airflow/example_dags/example_branch_datetime_operator.py took 0.105 seconds
[2026-05-07T20:21:01.424+0000] {processor.py:161} INFO - Started process (PID=536) to work on /home/airflow/.local/lib/python3.12/site-packages/airflow/example_dags/example_branch_datetime_operator.py
[2026-05-07T20:21:01.425+0000] {processor.py:830} INFO - Processing file /home/airflow/.local/lib/python3.12/site-packages/airflow/example_dags/example_branch_datetime_operator.py for tasks to queue
[2026-05-07T20:21:01.428+0000] {logging_mixin.py:188} INFO - [2026-05-07T20:21:01.428+0000] {dagbag.py:545} INFO - Filling up the DagBag from /home/airflow/.local/lib/python3.12/site-packages/airflow/example_dags/example_branch_datetime_operator.py
[2026-05-07T20:21:01.438+0000] {processor.py:840} INFO - DAG(s) 'example_branch_datetime_operator', 'example_branch_datetime_operator_2', 'example_branch_datetime_operator_3' retrieved from /home/airflow/.local/lib/python3.12/site-packages/airflow/example_dags/example_branch_datetime_operator.py
[2026-05-07T20:21:01.470+0000] {logging_mixin.py:188} INFO - [2026-05-07T20:21:01.469+0000] {dag.py:3096} INFO - Sync 3 DAGs
[2026-05-07T20:21:01.495+0000] {logging_mixin.py:188} INFO - [2026-05-07T20:21:01.495+0000] {dag.py:3954} INFO - Setting next_dagrun for example_branch_datetime_operator to 2026-05-06 00:00:00+00:00, run_after=2026-05-07 00:00:00+00:00
[2026-05-07T20:21:01.501+0000] {logging_mixin.py:188} INFO - [2026-05-07T20:21:01.500+0000] {dag.py:3954} INFO - Setting next_dagrun for example_branch_datetime_operator_2 to 2026-05-06 00:00:00+00:00, run_after=2026-05-07 00:00:00+00:00
[2026-05-07T20:21:01.504+0000] {logging_mixin.py:188} INFO - [2026-05-07T20:21:01.503+0000] {dag.py:3954} INFO - Setting next_dagrun for example_branch_datetime_operator_3 to 2026-05-06 00:00:00+00:00, run_after=2026-05-07 00:00:00+00:00
[2026-05-07T20:21:01.531+0000] {processor.py:183} INFO - Processing /home/airflow/.local/lib/python3.12/site-packages/airflow/example_dags/example_branch_datetime_operator.py took 0.116 seconds
[2026-05-07T20:21:31.640+0000] {processor.py:161} INFO - Started process (PID=594) to work on /home/airflow/.local/lib/python3.12/site-packages/airflow/example_dags/example_branch_datetime_operator.py
[2026-05-07T20:21:31.641+0000] {processor.py:830} INFO - Processing file /home/airflow/.local/lib/python3.12/site-packages/airflow/example_dags/example_branch_datetime_operator.py for tasks to queue
[2026-05-07T20:21:31.644+0000] {logging_mixin.py:188} INFO - [2026-05-07T20:21:31.644+0000] {dagbag.py:545} INFO - Filling up the DagBag from /home/airflow/.local/lib/python3.12/site-packages/airflow/example_dags/example_branch_datetime_operator.py
[2026-05-07T20:21:31.654+0000] {processor.py:840} INFO - DAG(s) 'example_branch_datetime_operator_2', 'example_branch_datetime_operator_3', 'example_branch_datetime_operator' retrieved from /home/airflow/.local/lib/python3.12/site-packages/airflow/example_dags/example_branch_datetime_operator.py
[2026-05-07T20:21:31.687+0000] {logging_mixin.py:188} INFO - [2026-05-07T20:21:31.687+0000] {dag.py:3096} INFO - Sync 3 DAGs
[2026-05-07T20:21:31.709+0000] {logging_mixin.py:188} INFO - [2026-05-07T20:21:31.709+0000] {dag.py:3954} INFO - Setting next_dagrun for example_branch_datetime_operator to 2026-05-06 00:00:00+00:00, run_after=2026-05-07 00:00:00+00:00
[2026-05-07T20:21:31.715+0000] {logging_mixin.py:188} INFO - [2026-05-07T20:21:31.714+0000] {dag.py:3954} INFO - Setting next_dagrun for example_branch_datetime_operator_2 to 2026-05-06 00:00:00+00:00, run_after=2026-05-07 00:00:00+00:00
[2026-05-07T20:21:31.717+0000] {logging_mixin.py:188} INFO - [2026-05-07T20:21:31.717+0000] {dag.py:3954} INFO - Setting next_dagrun for example_branch_datetime_operator_3 to 2026-05-06 00:00:00+00:00, run_after=2026-05-07 00:00:00+00:00
[2026-05-07T20:21:31.782+0000] {processor.py:183} INFO - Processing /home/airflow/.local/lib/python3.12/site-packages/airflow/example_dags/example_branch_datetime_operator.py took 0.149 seconds
[2026-05-07T20:22:01.894+0000] {processor.py:161} INFO - Started process (PID=651) to work on /home/airflow/.local/lib/python3.12/site-packages/airflow/example_dags/example_branch_datetime_operator.py
[2026-05-07T20:22:01.896+0000] {processor.py:830} INFO - Processing file /home/airflow/.local/lib/python3.12/site-packages/airflow/example_dags/example_branch_datetime_operator.py for tasks to queue
[2026-05-07T20:22:01.900+0000] {logging_mixin.py:188} INFO - [2026-05-07T20:22:01.899+0000] {dagbag.py:545} INFO - Filling up the DagBag from /home/airflow/.local/lib/python3.12/site-packages/airflow/example_dags/example_branch_datetime_operator.py
[2026-05-07T20:22:01.915+0000] {processor.py:840} INFO - DAG(s) 'example_branch_datetime_operator_3', 'example_branch_datetime_operator', 'example_branch_datetime_operator_2' retrieved from /home/airflow/.local/lib/python3.12/site-packages/airflow/example_dags/example_branch_datetime_operator.py
[2026-05-07T20:22:01.962+0000] {logging_mixin.py:188} INFO - [2026-05-07T20:22:01.962+0000] {dag.py:3096} INFO - Sync 3 DAGs
[2026-05-07T20:22:01.993+0000] {logging_mixin.py:188} INFO - [2026-05-07T20:22:01.992+0000] {dag.py:3954} INFO - Setting next_dagrun for example_branch_datetime_operator to 2026-05-06 00:00:00+00:00, run_after=2026-05-07 00:00:00+00:00
[2026-05-07T20:22:01.998+0000] {logging_mixin.py:188} INFO - [2026-05-07T20:22:01.997+0000] {dag.py:3954} INFO - Setting next_dagrun for example_branch_datetime_operator_2 to 2026-05-06 00:00:00+00:00, run_after=2026-05-07 00:00:00+00:00
[2026-05-07T20:22:02.006+0000] {logging_mixin.py:188} INFO - [2026-05-07T20:22:02.005+0000] {dag.py:3954} INFO - Setting next_dagrun for example_branch_datetime_operator_3 to 2026-05-06 00:00:00+00:00, run_after=2026-05-07 00:00:00+00:00
[2026-05-07T20:22:02.033+0000] {processor.py:183} INFO - Processing /home/airflow/.local/lib/python3.12/site-packages/airflow/example_dags/example_branch_datetime_operator.py took 0.146 seconds
[2026-05-07T20:22:32.233+0000] {processor.py:161} INFO - Started process (PID=710) to work on /home/airflow/.local/lib/python3.12/site-packages/airflow/example_dags/example_branch_datetime_operator.py
[2026-05-07T20:22:32.234+0000] {processor.py:830} INFO - Processing file /home/airflow/.local/lib/python3.12/site-packages/airflow/example_dags/example_branch_datetime_operator.py for tasks to queue
[2026-05-07T20:22:32.239+0000] {logging_mixin.py:188} INFO - [2026-05-07T20:22:32.238+0000] {dagbag.py:545} INFO - Filling up the DagBag from /home/airflow/.local/lib/python3.12/site-packages/airflow/example_dags/example_branch_datetime_operator.py
[2026-05-07T20:22:32.249+0000] {processor.py:840} INFO - DAG(s) 'example_branch_datetime_operator', 'example_branch_datetime_operator_2', 'example_branch_datetime_operator_3' retrieved from /home/airflow/.local/lib/python3.12/site-packages/airflow/example_dags/example_branch_datetime_operator.py
[2026-05-07T20:22:32.284+0000] {logging_mixin.py:188} INFO - [2026-05-07T20:22:32.284+0000] {dag.py:3096} INFO - Sync 3 DAGs
[2026-05-07T20:22:32.310+0000] {logging_mixin.py:188} INFO - [2026-05-07T20:22:32.310+0000] {dag.py:3954} INFO - Setting next_dagrun for example_branch_datetime_operator to 2026-05-06 00:00:00+00:00, run_after=2026-05-07 00:00:00+00:00
[2026-05-07T20:22:32.316+0000] {logging_mixin.py:188} INFO - [2026-05-07T20:22:32.316+0000] {dag.py:3954} INFO - Setting next_dagrun for example_branch_datetime_operator_2 to 2026-05-06 00:00:00+00:00, run_after=2026-05-07 00:00:00+00:00
[2026-05-07T20:22:32.320+0000] {logging_mixin.py:188} INFO - [2026-05-07T20:22:32.319+0000] {dag.py:3954} INFO - Setting next_dagrun for example_branch_datetime_operator_3 to 2026-05-06 00:00:00+00:00, run_after=2026-05-07 00:00:00+00:00
[2026-05-07T20:22:32.353+0000] {processor.py:183} INFO - Processing /home/airflow/.local/lib/python3.12/site-packages/airflow/example_dags/example_branch_datetime_operator.py took 0.127 seconds
[2026-05-07T20:23:02.782+0000] {processor.py:161} INFO - Started process (PID=768) to work on /home/airflow/.local/lib/python3.12/site-packages/airflow/example_dags/example_branch_datetime_operator.py
[2026-05-07T20:23:02.784+0000] {processor.py:830} INFO - Processing file /home/airflow/.local/lib/python3.12/site-packages/airflow/example_dags/example_branch_datetime_operator.py for tasks to queue
[2026-05-07T20:23:02.787+0000] {logging_mixin.py:188} INFO - [2026-05-07T20:23:02.787+0000] {dagbag.py:545} INFO - Filling up the DagBag from /home/airflow/.local/lib/python3.12/site-packages/airflow/example_dags/example_branch_datetime_operator.py
[2026-05-07T20:23:02.802+0000] {processor.py:840} INFO - DAG(s) 'example_branch_datetime_operator', 'example_branch_datetime_operator_2', 'example_branch_datetime_operator_3' retrieved from /home/airflow/.local/lib/python3.12/site-packages/airflow/example_dags/example_branch_datetime_operator.py
[2026-05-07T20:23:02.835+0000] {logging_mixin.py:188} INFO - [2026-05-07T20:23:02.835+0000] {dag.py:3096} INFO - Sync 3 DAGs
[2026-05-07T20:23:02.858+0000] {logging_mixin.py:188} INFO - [2026-05-07T20:23:02.858+0000] {dag.py:3954} INFO - Setting next_dagrun for example_branch_datetime_operator to 2026-05-06 00:00:00+00:00, run_after=2026-05-07 00:00:00+00:00
[2026-05-07T20:23:02.864+0000] {logging_mixin.py:188} INFO - [2026-05-07T20:23:02.864+0000] {dag.py:3954} INFO - Setting next_dagrun for example_branch_datetime_operator_2 to 2026-05-06 00:00:00+00:00, run_after=2026-05-07 00:00:00+00:00
[2026-05-07T20:23:02.867+0000] {logging_mixin.py:188} INFO - [2026-05-07T20:23:02.867+0000] {dag.py:3954} INFO - Setting next_dagrun for example_branch_datetime_operator_3 to 2026-05-06 00:00:00+00:00, run_after=2026-05-07 00:00:00+00:00
[2026-05-07T20:23:02.893+0000] {processor.py:183} INFO - Processing /home/airflow/.local/lib/python3.12/site-packages/airflow/example_dags/example_branch_datetime_operator.py took 0.116 seconds
[2026-05-07T20:23:33.291+0000] {processor.py:161} INFO - Started process (PID=827) to work on /home/airflow/.local/lib/python3.12/site-packages/airflow/example_dags/example_branch_datetime_operator.py
[2026-05-07T20:23:33.292+0000] {processor.py:830} INFO - Processing file /home/airflow/.local/lib/python3.12/site-packages/airflow/example_dags/example_branch_datetime_operator.py for tasks to queue
[2026-05-07T20:23:33.295+0000] {logging_mixin.py:188} INFO - [2026-05-07T20:23:33.295+0000] {dagbag.py:545} INFO - Filling up the DagBag from /home/airflow/.local/lib/python3.12/site-packages/airflow/example_dags/example_branch_datetime_operator.py
[2026-05-07T20:23:33.310+0000] {processor.py:840} INFO - DAG(s) 'example_branch_datetime_operator', 'example_branch_datetime_operator_2', 'example_branch_datetime_operator_3' retrieved from /home/airflow/.local/lib/python3.12/site-packages/airflow/example_dags/example_branch_datetime_operator.py
[2026-05-07T20:23:33.339+0000] {logging_mixin.py:188} INFO - [2026-05-07T20:23:33.338+0000] {dag.py:3096} INFO - Sync 3 DAGs
[2026-05-07T20:23:33.362+0000] {logging_mixin.py:188} INFO - [2026-05-07T20:23:33.361+0000] {dag.py:3954} INFO - Setting next_dagrun for example_branch_datetime_operator to 2026-05-06 00:00:00+00:00, run_after=2026-05-07 00:00:00+00:00
[2026-05-07T20:23:33.368+0000] {logging_mixin.py:188} INFO - [2026-05-07T20:23:33.368+0000] {dag.py:3954} INFO - Setting next_dagrun for example_branch_datetime_operator_2 to 2026-05-06 00:00:00+00:00, run_after=2026-05-07 00:00:00+00:00
[2026-05-07T20:23:33.371+0000] {logging_mixin.py:188} INFO - [2026-05-07T20:23:33.371+0000] {dag.py:3954} INFO - Setting next_dagrun for example_branch_datetime_operator_3 to 2026-05-06 00:00:00+00:00, run_after=2026-05-07 00:00:00+00:00
[2026-05-07T20:23:33.392+0000] {processor.py:183} INFO - Processing /home/airflow/.local/lib/python3.12/site-packages/airflow/example_dags/example_branch_datetime_operator.py took 0.108 seconds
[2026-05-07T20:24:03.678+0000] {processor.py:161} INFO - Started process (PID=885) to work on /home/airflow/.local/lib/python3.12/site-packages/airflow/example_dags/example_branch_datetime_operator.py
[2026-05-07T20:24:03.679+0000] {processor.py:830} INFO - Processing file /home/airflow/.local/lib/python3.12/site-packages/airflow/example_dags/example_branch_datetime_operator.py for tasks to queue
[2026-05-07T20:24:03.681+0000] {logging_mixin.py:188} INFO - [2026-05-07T20:24:03.681+0000] {dagbag.py:545} INFO - Filling up the DagBag from /home/airflow/.local/lib/python3.12/site-packages/airflow/example_dags/example_branch_datetime_operator.py
[2026-05-07T20:24:03.693+0000] {processor.py:840} INFO - DAG(s) 'example_branch_datetime_operator_3', 'example_branch_datetime_operator_2', 'example_branch_datetime_operator' retrieved from /home/airflow/.local/lib/python3.12/site-packages/airflow/example_dags/example_branch_datetime_operator.py
[2026-05-07T20:24:03.723+0000] {logging_mixin.py:188} INFO - [2026-05-07T20:24:03.722+0000] {dag.py:3096} INFO - Sync 3 DAGs
[2026-05-07T20:24:03.744+0000] {logging_mixin.py:188} INFO - [2026-05-07T20:24:03.744+0000] {dag.py:3954} INFO - Setting next_dagrun for example_branch_datetime_operator to 2026-05-06 00:00:00+00:00, run_after=2026-05-07 00:00:00+00:00
[2026-05-07T20:24:03.750+0000] {logging_mixin.py:188} INFO - [2026-05-07T20:24:03.749+0000] {dag.py:3954} INFO - Setting next_dagrun for example_branch_datetime_operator_2 to 2026-05-06 00:00:00+00:00, run_after=2026-05-07 00:00:00+00:00
[2026-05-07T20:24:03.752+0000] {logging_mixin.py:188} INFO - [2026-05-07T20:24:03.752+0000] {dag.py:3954} INFO - Setting next_dagrun for example_branch_datetime_operator_3 to 2026-05-06 00:00:00+00:00, run_after=2026-05-07 00:00:00+00:00
[2026-05-07T20:24:03.777+0000] {processor.py:183} INFO - Processing /home/airflow/.local/lib/python3.12/site-packages/airflow/example_dags/example_branch_datetime_operator.py took 0.105 seconds
[2026-05-07T20:24:33.897+0000] {processor.py:161} INFO - Started process (PID=943) to work on /home/airflow/.local/lib/python3.12/site-packages/airflow/example_dags/example_branch_datetime_operator.py
[2026-05-07T20:24:33.899+0000] {processor.py:830} INFO - Processing file /home/airflow/.local/lib/python3.12/site-packages/airflow/example_dags/example_branch_datetime_operator.py for tasks to queue
[2026-05-07T20:24:33.901+0000] {logging_mixin.py:188} INFO - [2026-05-07T20:24:33.901+0000] {dagbag.py:545} INFO - Filling up the DagBag from /home/airflow/.local/lib/python3.12/site-packages/airflow/example_dags/example_branch_datetime_operator.py
[2026-05-07T20:24:33.913+0000] {processor.py:840} INFO - DAG(s) 'example_branch_datetime_operator_2', 'example_branch_datetime_operator', 'example_branch_datetime_operator_3' retrieved from /home/airflow/.local/lib/python3.12/site-packages/airflow/example_dags/example_branch_datetime_operator.py
[2026-05-07T20:24:33.944+0000] {logging_mixin.py:188} INFO - [2026-05-07T20:24:33.944+0000] {dag.py:3096} INFO - Sync 3 DAGs
[2026-05-07T20:24:33.966+0000] {logging_mixin.py:188} INFO - [2026-05-07T20:24:33.966+0000] {dag.py:3954} INFO - Setting next_dagrun for example_branch_datetime_operator to 2026-05-06 00:00:00+00:00, run_after=2026-05-07 00:00:00+00:00
[2026-05-07T20:24:33.971+0000] {logging_mixin.py:188} INFO - [2026-05-07T20:24:33.971+0000] {dag.py:3954} INFO - Setting next_dagrun for example_branch_datetime_operator_2 to 2026-05-06 00:00:00+00:00, run_after=2026-05-07 00:00:00+00:00
[2026-05-07T20:24:33.974+0000] {logging_mixin.py:188} INFO - [2026-05-07T20:24:33.974+0000] {dag.py:3954} INFO - Setting next_dagrun for example_branch_datetime_operator_3 to 2026-05-06 00:00:00+00:00, run_after=2026-05-07 00:00:00+00:00
[2026-05-07T20:24:34.054+0000] {processor.py:183} INFO - Processing /home/airflow/.local/lib/python3.12/site-packages/airflow/example_dags/example_branch_datetime_operator.py took 0.162 seconds
[2026-05-07T20:25:04.189+0000] {processor.py:161} INFO - Started process (PID=1001) to work on /home/airflow/.local/lib/python3.12/site-packages/airflow/example_dags/example_branch_datetime_operator.py
[2026-05-07T20:25:04.190+0000] {processor.py:830} INFO - Processing file /home/airflow/.local/lib/python3.12/site-packages/airflow/example_dags/example_branch_datetime_operator.py for tasks to queue
[2026-05-07T20:25:04.193+0000] {logging_mixin.py:188} INFO - [2026-05-07T20:25:04.192+0000] {dagbag.py:545} INFO - Filling up the DagBag from /home/airflow/.local/lib/python3.12/site-packages/airflow/example_dags/example_branch_datetime_operator.py
[2026-05-07T20:25:04.203+0000] {processor.py:840} INFO - DAG(s) 'example_branch_datetime_operator_2', 'example_branch_datetime_operator_3', 'example_branch_datetime_operator' retrieved from /home/airflow/.local/lib/python3.12/site-packages/airflow/example_dags/example_branch_datetime_operator.py
[2026-05-07T20:25:04.231+0000] {logging_mixin.py:188} INFO - [2026-05-07T20:25:04.231+0000] {dag.py:3096} INFO - Sync 3 DAGs
[2026-05-07T20:25:04.254+0000] {logging_mixin.py:188} INFO - [2026-05-07T20:25:04.253+0000] {dag.py:3954} INFO - Setting next_dagrun for example_branch_datetime_operator to 2026-05-06 00:00:00+00:00, run_after=2026-05-07 00:00:00+00:00
[2026-05-07T20:25:04.258+0000] {logging_mixin.py:188} INFO - [2026-05-07T20:25:04.258+0000] {dag.py:3954} INFO - Setting next_dagrun for example_branch_datetime_operator_2 to 2026-05-06 00:00:00+00:00, run_after=2026-05-07 00:00:00+00:00
[2026-05-07T20:25:04.261+0000] {logging_mixin.py:188} INFO - [2026-05-07T20:25:04.261+0000] {dag.py:3954} INFO - Setting next_dagrun for example_branch_datetime_operator_3 to 2026-05-06 00:00:00+00:00, run_after=2026-05-07 00:00:00+00:00
[2026-05-07T20:25:04.285+0000] {processor.py:183} INFO - Processing /home/airflow/.local/lib/python3.12/site-packages/airflow/example_dags/example_branch_datetime_operator.py took 0.101 seconds
[2026-05-07T20:25:34.448+0000] {processor.py:161} INFO - Started process (PID=1059) to work on /home/airflow/.local/lib/python3.12/site-packages/airflow/example_dags/example_branch_datetime_operator.py
[2026-05-07T20:25:34.450+0000] {processor.py:830} INFO - Processing file /home/airflow/.local/lib/python3.12/site-packages/airflow/example_dags/example_branch_datetime_operator.py for tasks to queue
[2026-05-07T20:25:34.454+0000] {logging_mixin.py:188} INFO - [2026-05-07T20:25:34.454+0000] {dagbag.py:545} INFO - Filling up the DagBag from /home/airflow/.local/lib/python3.12/site-packages/airflow/example_dags/example_branch_datetime_operator.py
[2026-05-07T20:25:34.470+0000] {processor.py:840} INFO - DAG(s) 'example_branch_datetime_operator_3', 'example_branch_datetime_operator', 'example_branch_datetime_operator_2' retrieved from /home/airflow/.local/lib/python3.12/site-packages/airflow/example_dags/example_branch_datetime_operator.py
[2026-05-07T20:25:34.511+0000] {logging_mixin.py:188} INFO - [2026-05-07T20:25:34.510+0000] {dag.py:3096} INFO - Sync 3 DAGs
[2026-05-07T20:25:34.546+0000] {logging_mixin.py:188} INFO - [2026-05-07T20:25:34.545+0000] {dag.py:3954} INFO - Setting next_dagrun for example_branch_datetime_operator to 2026-05-06 00:00:00+00:00, run_after=2026-05-07 00:00:00+00:00
[2026-05-07T20:25:34.554+0000] {logging_mixin.py:188} INFO - [2026-05-07T20:25:34.554+0000] {dag.py:3954} INFO - Setting next_dagrun for example_branch_datetime_operator_2 to 2026-05-06 00:00:00+00:00, run_after=2026-05-07 00:00:00+00:00
[2026-05-07T20:25:34.558+0000] {logging_mixin.py:188} INFO - [2026-05-07T20:25:34.558+0000] {dag.py:3954} INFO - Setting next_dagrun for example_branch_datetime_operator_3 to 2026-05-06 00:00:00+00:00, run_after=2026-05-07 00:00:00+00:00
[2026-05-07T20:25:34.592+0000] {processor.py:183} INFO - Processing /home/airflow/.local/lib/python3.12/site-packages/airflow/example_dags/example_branch_datetime_operator.py took 0.151 seconds
[2026-05-07T20:26:05.200+0000] {processor.py:161} INFO - Started process (PID=1117) to work on /home/airflow/.local/lib/python3.12/site-packages/airflow/example_dags/example_branch_datetime_operator.py
[2026-05-07T20:26:05.202+0000] {processor.py:830} INFO - Processing file /home/airflow/.local/lib/python3.12/site-packages/airflow/example_dags/example_branch_datetime_operator.py for tasks to queue
[2026-05-07T20:26:05.206+0000] {logging_mixin.py:188} INFO - [2026-05-07T20:26:05.206+0000] {dagbag.py:545} INFO - Filling up the DagBag from /home/airflow/.local/lib/python3.12/site-packages/airflow/example_dags/example_branch_datetime_operator.py
[2026-05-07T20:26:05.221+0000] {processor.py:840} INFO - DAG(s) 'example_branch_datetime_operator_2', 'example_branch_datetime_operator', 'example_branch_datetime_operator_3' retrieved from /home/airflow/.local/lib/python3.12/site-packages/airflow/example_dags/example_branch_datetime_operator.py
[2026-05-07T20:26:05.263+0000] {logging_mixin.py:188} INFO - [2026-05-07T20:26:05.263+0000] {dag.py:3096} INFO - Sync 3 DAGs
[2026-05-07T20:26:05.302+0000] {logging_mixin.py:188} INFO - [2026-05-07T20:26:05.301+0000] {dag.py:3954} INFO - Setting next_dagrun for example_branch_datetime_operator to 2026-05-06 00:00:00+00:00, run_after=2026-05-07 00:00:00+00:00
[2026-05-07T20:26:05.312+0000] {logging_mixin.py:188} INFO - [2026-05-07T20:26:05.311+0000] {dag.py:3954} INFO - Setting next_dagrun for example_branch_datetime_operator_2 to 2026-05-06 00:00:00+00:00, run_after=2026-05-07 00:00:00+00:00
[2026-05-07T20:26:05.316+0000] {logging_mixin.py:188} INFO - [2026-05-07T20:26:05.315+0000] {dag.py:3954} INFO - Setting next_dagrun for example_branch_datetime_operator_3 to 2026-05-06 00:00:00+00:00, run_after=2026-05-07 00:00:00+00:00
[2026-05-07T20:26:05.355+0000] {processor.py:183} INFO - Processing /home/airflow/.local/lib/python3.12/site-packages/airflow/example_dags/example_branch_datetime_operator.py took 0.161 seconds
[2026-05-07T20:26:35.850+0000] {processor.py:161} INFO - Started process (PID=1176) to work on /home/airflow/.local/lib/python3.12/site-packages/airflow/example_dags/example_branch_datetime_operator.py
[2026-05-07T20:26:35.851+0000] {processor.py:830} INFO - Processing file /home/airflow/.local/lib/python3.12/site-packages/airflow/example_dags/example_branch_datetime_operator.py for tasks to queue
[2026-05-07T20:26:35.854+0000] {logging_mixin.py:188} INFO - [2026-05-07T20:26:35.853+0000] {dagbag.py:545} INFO - Filling up the DagBag from /home/airflow/.local/lib/python3.12/site-packages/airflow/example_dags/example_branch_datetime_operator.py
[2026-05-07T20:26:35.864+0000] {processor.py:840} INFO - DAG(s) 'example_branch_datetime_operator_2', 'example_branch_datetime_operator_3', 'example_branch_datetime_operator' retrieved from /home/airflow/.local/lib/python3.12/site-packages/airflow/example_dags/example_branch_datetime_operator.py
[2026-05-07T20:26:35.895+0000] {logging_mixin.py:188} INFO - [2026-05-07T20:26:35.894+0000] {dag.py:3096} INFO - Sync 3 DAGs
[2026-05-07T20:26:35.917+0000] {logging_mixin.py:188} INFO - [2026-05-07T20:26:35.916+0000] {dag.py:3954} INFO - Setting next_dagrun for example_branch_datetime_operator to 2026-05-06 00:00:00+00:00, run_after=2026-05-07 00:00:00+00:00
[2026-05-07T20:26:35.922+0000] {logging_mixin.py:188} INFO - [2026-05-07T20:26:35.921+0000] {dag.py:3954} INFO - Setting next_dagrun for example_branch_datetime_operator_2 to 2026-05-06 00:00:00+00:00, run_after=2026-05-07 00:00:00+00:00
[2026-05-07T20:26:35.924+0000] {logging_mixin.py:188} INFO - [2026-05-07T20:26:35.924+0000] {dag.py:3954} INFO - Setting next_dagrun for example_branch_datetime_operator_3 to 2026-05-06 00:00:00+00:00, run_after=2026-05-07 00:00:00+00:00
[2026-05-07T20:26:35.950+0000] {processor.py:183} INFO - Processing /home/airflow/.local/lib/python3.12/site-packages/airflow/example_dags/example_branch_datetime_operator.py took 0.108 seconds
[2026-05-07T20:27:06.168+0000] {processor.py:161} INFO - Started process (PID=1234) to work on /home/airflow/.local/lib/python3.12/site-packages/airflow/example_dags/example_branch_datetime_operator.py
[2026-05-07T20:27:06.169+0000] {processor.py:830} INFO - Processing file /home/airflow/.local/lib/python3.12/site-packages/airflow/example_dags/example_branch_datetime_operator.py for tasks to queue
[2026-05-07T20:27:06.173+0000] {logging_mixin.py:188} INFO - [2026-05-07T20:27:06.172+0000] {dagbag.py:545} INFO - Filling up the DagBag from /home/airflow/.local/lib/python3.12/site-packages/airflow/example_dags/example_branch_datetime_operator.py
[2026-05-07T20:27:06.186+0000] {processor.py:840} INFO - DAG(s) 'example_branch_datetime_operator', 'example_branch_datetime_operator_2', 'example_branch_datetime_operator_3' retrieved from /home/airflow/.local/lib/python3.12/site-packages/airflow/example_dags/example_branch_datetime_operator.py
[2026-05-07T20:27:06.222+0000] {logging_mixin.py:188} INFO - [2026-05-07T20:27:06.222+0000] {dag.py:3096} INFO - Sync 3 DAGs
[2026-05-07T20:27:06.259+0000] {logging_mixin.py:188} INFO - [2026-05-07T20:27:06.259+0000] {dag.py:3954} INFO - Setting next_dagrun for example_branch_datetime_operator to 2026-05-06 00:00:00+00:00, run_after=2026-05-07 00:00:00+00:00
[2026-05-07T20:27:06.267+0000] {logging_mixin.py:188} INFO - [2026-05-07T20:27:06.267+0000] {dag.py:3954} INFO - Setting next_dagrun for example_branch_datetime_operator_2 to 2026-05-06 00:00:00+00:00, run_after=2026-05-07 00:00:00+00:00
[2026-05-07T20:27:06.271+0000] {logging_mixin.py:188} INFO - [2026-05-07T20:27:06.271+0000] {dag.py:3954} INFO - Setting next_dagrun for example_branch_datetime_operator_3 to 2026-05-06 00:00:00+00:00, run_after=2026-05-07 00:00:00+00:00
[2026-05-07T20:27:06.299+0000] {processor.py:183} INFO - Processing /home/airflow/.local/lib/python3.12/site-packages/airflow/example_dags/example_branch_datetime_operator.py took 0.138 seconds
[2026-05-07T20:27:36.629+0000] {processor.py:161} INFO - Started process (PID=1290) to work on /home/airflow/.local/lib/python3.12/site-packages/airflow/example_dags/example_branch_datetime_operator.py
[2026-05-07T20:27:36.631+0000] {processor.py:830} INFO - Processing file /home/airflow/.local/lib/python3.12/site-packages/airflow/example_dags/example_branch_datetime_operator.py for tasks to queue
[2026-05-07T20:27:36.635+0000] {logging_mixin.py:188} INFO - [2026-05-07T20:27:36.634+0000] {dagbag.py:545} INFO - Filling up the DagBag from /home/airflow/.local/lib/python3.12/site-packages/airflow/example_dags/example_branch_datetime_operator.py
[2026-05-07T20:27:36.645+0000] {processor.py:840} INFO - DAG(s) 'example_branch_datetime_operator_3', 'example_branch_datetime_operator', 'example_branch_datetime_operator_2' retrieved from /home/airflow/.local/lib/python3.12/site-packages/airflow/example_dags/example_branch_datetime_operator.py
[2026-05-07T20:27:36.678+0000] {logging_mixin.py:188} INFO - [2026-05-07T20:27:36.678+0000] {dag.py:3096} INFO - Sync 3 DAGs
[2026-05-07T20:27:36.700+0000] {logging_mixin.py:188} INFO - [2026-05-07T20:27:36.699+0000] {dag.py:3954} INFO - Setting next_dagrun for example_branch_datetime_operator to 2026-05-06 00:00:00+00:00, run_after=2026-05-07 00:00:00+00:00
[2026-05-07T20:27:36.705+0000] {logging_mixin.py:188} INFO - [2026-05-07T20:27:36.705+0000] {dag.py:3954} INFO - Setting next_dagrun for example_branch_datetime_operator_2 to 2026-05-06 00:00:00+00:00, run_after=2026-05-07 00:00:00+00:00
[2026-05-07T20:27:36.708+0000] {logging_mixin.py:188} INFO - [2026-05-07T20:27:36.708+0000] {dag.py:3954} INFO - Setting next_dagrun for example_branch_datetime_operator_3 to 2026-05-06 00:00:00+00:00, run_after=2026-05-07 00:00:00+00:00
[2026-05-07T20:27:36.737+0000] {processor.py:183} INFO - Processing /home/airflow/.local/lib/python3.12/site-packages/airflow/example_dags/example_branch_datetime_operator.py took 0.122 seconds
[2026-05-07T20:28:06.829+0000] {processor.py:161} INFO - Started process (PID=1348) to work on /home/airflow/.local/lib/python3.12/site-packages/airflow/example_dags/example_branch_datetime_operator.py
[2026-05-07T20:28:06.831+0000] {processor.py:830} INFO - Processing file /home/airflow/.local/lib/python3.12/site-packages/airflow/example_dags/example_branch_datetime_operator.py for tasks to queue
[2026-05-07T20:28:06.834+0000] {logging_mixin.py:188} INFO - [2026-05-07T20:28:06.833+0000] {dagbag.py:545} INFO - Filling up the DagBag from /home/airflow/.local/lib/python3.12/site-packages/airflow/example_dags/example_branch_datetime_operator.py
[2026-05-07T20:28:06.842+0000] {processor.py:840} INFO - DAG(s) 'example_branch_datetime_operator_2', 'example_branch_datetime_operator', 'example_branch_datetime_operator_3' retrieved from /home/airflow/.local/lib/python3.12/site-packages/airflow/example_dags/example_branch_datetime_operator.py
[2026-05-07T20:28:06.870+0000] {logging_mixin.py:188} INFO - [2026-05-07T20:28:06.869+0000] {dag.py:3096} INFO - Sync 3 DAGs
[2026-05-07T20:28:06.892+0000] {logging_mixin.py:188} INFO - [2026-05-07T20:28:06.892+0000] {dag.py:3954} INFO - Setting next_dagrun for example_branch_datetime_operator to 2026-05-06 00:00:00+00:00, run_after=2026-05-07 00:00:00+00:00
[2026-05-07T20:28:06.898+0000] {logging_mixin.py:188} INFO - [2026-05-07T20:28:06.898+0000] {dag.py:3954} INFO - Setting next_dagrun for example_branch_datetime_operator_2 to 2026-05-06 00:00:00+00:00, run_after=2026-05-07 00:00:00+00:00
[2026-05-07T20:28:06.901+0000] {logging_mixin.py:188} INFO - [2026-05-07T20:28:06.901+0000] {dag.py:3954} INFO - Setting next_dagrun for example_branch_datetime_operator_3 to 2026-05-06 00:00:00+00:00, run_after=2026-05-07 00:00:00+00:00
[2026-05-07T20:28:06.922+0000] {processor.py:183} INFO - Processing /home/airflow/.local/lib/python3.12/site-packages/airflow/example_dags/example_branch_datetime_operator.py took 0.098 seconds
[2026-05-07T20:28:37.449+0000] {processor.py:161} INFO - Started process (PID=1406) to work on /home/airflow/.local/lib/python3.12/site-packages/airflow/example_dags/example_branch_datetime_operator.py
[2026-05-07T20:28:37.451+0000] {processor.py:830} INFO - Processing file /home/airflow/.local/lib/python3.12/site-packages/airflow/example_dags/example_branch_datetime_operator.py for tasks to queue
[2026-05-07T20:28:37.454+0000] {logging_mixin.py:188} INFO - [2026-05-07T20:28:37.453+0000] {dagbag.py:545} INFO - Filling up the DagBag from /home/airflow/.local/lib/python3.12/site-packages/airflow/example_dags/example_branch_datetime_operator.py
[2026-05-07T20:28:37.464+0000] {processor.py:840} INFO - DAG(s) 'example_branch_datetime_operator', 'example_branch_datetime_operator_2', 'example_branch_datetime_operator_3' retrieved from /home/airflow/.local/lib/python3.12/site-packages/airflow/example_dags/example_branch_datetime_operator.py
[2026-05-07T20:28:37.494+0000] {logging_mixin.py:188} INFO - [2026-05-07T20:28:37.494+0000] {dag.py:3096} INFO - Sync 3 DAGs
[2026-05-07T20:28:37.519+0000] {logging_mixin.py:188} INFO - [2026-05-07T20:28:37.518+0000] {dag.py:3954} INFO - Setting next_dagrun for example_branch_datetime_operator to 2026-05-06 00:00:00+00:00, run_after=2026-05-07 00:00:00+00:00
[2026-05-07T20:28:37.524+0000] {logging_mixin.py:188} INFO - [2026-05-07T20:28:37.524+0000] {dag.py:3954} INFO - Setting next_dagrun for example_branch_datetime_operator_2 to 2026-05-06 00:00:00+00:00, run_after=2026-05-07 00:00:00+00:00
[2026-05-07T20:28:37.527+0000] {logging_mixin.py:188} INFO - [2026-05-07T20:28:37.527+0000] {dag.py:3954} INFO - Setting next_dagrun for example_branch_datetime_operator_3 to 2026-05-06 00:00:00+00:00, run_after=2026-05-07 00:00:00+00:00
[2026-05-07T20:28:37.596+0000] {processor.py:183} INFO - Processing /home/airflow/.local/lib/python3.12/site-packages/airflow/example_dags/example_branch_datetime_operator.py took 0.153 seconds
[2026-05-07T20:29:07.906+0000] {processor.py:161} INFO - Started process (PID=1464) to work on /home/airflow/.local/lib/python3.12/site-packages/airflow/example_dags/example_branch_datetime_operator.py
[2026-05-07T20:29:07.908+0000] {processor.py:830} INFO - Processing file /home/airflow/.local/lib/python3.12/site-packages/airflow/example_dags/example_branch_datetime_operator.py for tasks to queue
[2026-05-07T20:29:07.911+0000] {logging_mixin.py:188} INFO - [2026-05-07T20:29:07.911+0000] {dagbag.py:545} INFO - Filling up the DagBag from /home/airflow/.local/lib/python3.12/site-packages/airflow/example_dags/example_branch_datetime_operator.py
[2026-05-07T20:29:07.921+0000] {processor.py:840} INFO - DAG(s) 'example_branch_datetime_operator_2', 'example_branch_datetime_operator_3', 'example_branch_datetime_operator' retrieved from /home/airflow/.local/lib/python3.12/site-packages/airflow/example_dags/example_branch_datetime_operator.py
[2026-05-07T20:29:07.952+0000] {logging_mixin.py:188} INFO - [2026-05-07T20:29:07.951+0000] {dag.py:3096} INFO - Sync 3 DAGs
[2026-05-07T20:29:07.977+0000] {logging_mixin.py:188} INFO - [2026-05-07T20:29:07.976+0000] {dag.py:3954} INFO - Setting next_dagrun for example_branch_datetime_operator to 2026-05-06 00:00:00+00:00, run_after=2026-05-07 00:00:00+00:00
[2026-05-07T20:29:07.982+0000] {logging_mixin.py:188} INFO - [2026-05-07T20:29:07.982+0000] {dag.py:3954} INFO - Setting next_dagrun for example_branch_datetime_operator_2 to 2026-05-06 00:00:00+00:00, run_after=2026-05-07 00:00:00+00:00
[2026-05-07T20:29:07.984+0000] {logging_mixin.py:188} INFO - [2026-05-07T20:29:07.984+0000] {dag.py:3954} INFO - Setting next_dagrun for example_branch_datetime_operator_3 to 2026-05-06 00:00:00+00:00, run_after=2026-05-07 00:00:00+00:00
[2026-05-07T20:29:08.005+0000] {processor.py:183} INFO - Processing /home/airflow/.local/lib/python3.12/site-packages/airflow/example_dags/example_branch_datetime_operator.py took 0.104 seconds
[2026-05-07T20:29:38.094+0000] {processor.py:161} INFO - Started process (PID=1522) to work on /home/airflow/.local/lib/python3.12/site-packages/airflow/example_dags/example_branch_datetime_operator.py
[2026-05-07T20:29:38.096+0000] {processor.py:830} INFO - Processing file /home/airflow/.local/lib/python3.12/site-packages/airflow/example_dags/example_branch_datetime_operator.py for tasks to queue
[2026-05-07T20:29:38.098+0000] {logging_mixin.py:188} INFO - [2026-05-07T20:29:38.098+0000] {dagbag.py:545} INFO - Filling up the DagBag from /home/airflow/.local/lib/python3.12/site-packages/airflow/example_dags/example_branch_datetime_operator.py
[2026-05-07T20:29:38.108+0000] {processor.py:840} INFO - DAG(s) 'example_branch_datetime_operator', 'example_branch_datetime_operator_3', 'example_branch_datetime_operator_2' retrieved from /home/airflow/.local/lib/python3.12/site-packages/airflow/example_dags/example_branch_datetime_operator.py
[2026-05-07T20:29:38.137+0000] {logging_mixin.py:188} INFO - [2026-05-07T20:29:38.137+0000] {dag.py:3096} INFO - Sync 3 DAGs
[2026-05-07T20:29:38.160+0000] {logging_mixin.py:188} INFO - [2026-05-07T20:29:38.160+0000] {dag.py:3954} INFO - Setting next_dagrun for example_branch_datetime_operator to 2026-05-06 00:00:00+00:00, run_after=2026-05-07 00:00:00+00:00
[2026-05-07T20:29:38.166+0000] {logging_mixin.py:188} INFO - [2026-05-07T20:29:38.166+0000] {dag.py:3954} INFO - Setting next_dagrun for example_branch_datetime_operator_2 to 2026-05-06 00:00:00+00:00, run_after=2026-05-07 00:00:00+00:00
[2026-05-07T20:29:38.169+0000] {logging_mixin.py:188} INFO - [2026-05-07T20:29:38.169+0000] {dag.py:3954} INFO - Setting next_dagrun for example_branch_datetime_operator_3 to 2026-05-06 00:00:00+00:00, run_after=2026-05-07 00:00:00+00:00
[2026-05-07T20:29:38.388+0000] {processor.py:183} INFO - Processing /home/airflow/.local/lib/python3.12/site-packages/airflow/example_dags/example_branch_datetime_operator.py took 0.301 seconds
[2026-05-07T20:30:08.529+0000] {processor.py:161} INFO - Started process (PID=1580) to work on /home/airflow/.local/lib/python3.12/site-packages/airflow/example_dags/example_branch_datetime_operator.py
[2026-05-07T20:30:08.531+0000] {processor.py:830} INFO - Processing file /home/airflow/.local/lib/python3.12/site-packages/airflow/example_dags/example_branch_datetime_operator.py for tasks to queue
[2026-05-07T20:30:08.534+0000] {logging_mixin.py:188} INFO - [2026-05-07T20:30:08.533+0000] {dagbag.py:545} INFO - Filling up the DagBag from /home/airflow/.local/lib/python3.12/site-packages/airflow/example_dags/example_branch_datetime_operator.py
[2026-05-07T20:30:08.544+0000] {processor.py:840} INFO - DAG(s) 'example_branch_datetime_operator_2', 'example_branch_datetime_operator_3', 'example_branch_datetime_operator' retrieved from /home/airflow/.local/lib/python3.12/site-packages/airflow/example_dags/example_branch_datetime_operator.py
[2026-05-07T20:30:08.578+0000] {logging_mixin.py:188} INFO - [2026-05-07T20:30:08.578+0000] {dag.py:3096} INFO - Sync 3 DAGs
[2026-05-07T20:30:08.604+0000] {logging_mixin.py:188} INFO - [2026-05-07T20:30:08.604+0000] {dag.py:3954} INFO - Setting next_dagrun for example_branch_datetime_operator to 2026-05-06 00:00:00+00:00, run_after=2026-05-07 00:00:00+00:00
[2026-05-07T20:30:08.611+0000] {logging_mixin.py:188} INFO - [2026-05-07T20:30:08.611+0000] {dag.py:3954} INFO - Setting next_dagrun for example_branch_datetime_operator_2 to 2026-05-06 00:00:00+00:00, run_after=2026-05-07 00:00:00+00:00
[2026-05-07T20:30:08.615+0000] {logging_mixin.py:188} INFO - [2026-05-07T20:30:08.615+0000] {dag.py:3954} INFO - Setting next_dagrun for example_branch_datetime_operator_3 to 2026-05-06 00:00:00+00:00, run_after=2026-05-07 00:00:00+00:00
[2026-05-07T20:30:08.641+0000] {processor.py:183} INFO - Processing /home/airflow/.local/lib/python3.12/site-packages/airflow/example_dags/example_branch_datetime_operator.py took 0.119 seconds
[2026-05-07T20:30:38.897+0000] {processor.py:161} INFO - Started process (PID=1638) to work on /home/airflow/.local/lib/python3.12/site-packages/airflow/example_dags/example_branch_datetime_operator.py
[2026-05-07T20:30:38.898+0000] {processor.py:830} INFO - Processing file /home/airflow/.local/lib/python3.12/site-packages/airflow/example_dags/example_branch_datetime_operator.py for tasks to queue
[2026-05-07T20:30:38.900+0000] {logging_mixin.py:188} INFO - [2026-05-07T20:30:38.900+0000] {dagbag.py:545} INFO - Filling up the DagBag from /home/airflow/.local/lib/python3.12/site-packages/airflow/example_dags/example_branch_datetime_operator.py
[2026-05-07T20:30:38.909+0000] {processor.py:840} INFO - DAG(s) 'example_branch_datetime_operator', 'example_branch_datetime_operator_3', 'example_branch_datetime_operator_2' retrieved from /home/airflow/.local/lib/python3.12/site-packages/airflow/example_dags/example_branch_datetime_operator.py
[2026-05-07T20:30:38.936+0000] {logging_mixin.py:188} INFO - [2026-05-07T20:30:38.936+0000] {dag.py:3096} INFO - Sync 3 DAGs
[2026-05-07T20:30:38.961+0000] {logging_mixin.py:188} INFO - [2026-05-07T20:30:38.961+0000] {dag.py:3954} INFO - Setting next_dagrun for example_branch_datetime_operator to 2026-05-06 00:00:00+00:00, run_after=2026-05-07 00:00:00+00:00
[2026-05-07T20:30:38.966+0000] {logging_mixin.py:188} INFO - [2026-05-07T20:30:38.966+0000] {dag.py:3954} INFO - Setting next_dagrun for example_branch_datetime_operator_2 to 2026-05-06 00:00:00+00:00, run_after=2026-05-07 00:00:00+00:00
[2026-05-07T20:30:38.969+0000] {logging_mixin.py:188} INFO - [2026-05-07T20:30:38.969+0000] {dag.py:3954} INFO - Setting next_dagrun for example_branch_datetime_operator_3 to 2026-05-06 00:00:00+00:00, run_after=2026-05-07 00:00:00+00:00
[2026-05-07T20:30:39.049+0000] {processor.py:183} INFO - Processing /home/airflow/.local/lib/python3.12/site-packages/airflow/example_dags/example_branch_datetime_operator.py took 0.157 seconds
[2026-05-07T20:31:09.101+0000] {processor.py:161} INFO - Started process (PID=1696) to work on /home/airflow/.local/lib/python3.12/site-packages/airflow/example_dags/example_branch_datetime_operator.py
[2026-05-07T20:31:09.102+0000] {processor.py:830} INFO - Processing file /home/airflow/.local/lib/python3.12/site-packages/airflow/example_dags/example_branch_datetime_operator.py for tasks to queue
[2026-05-07T20:31:09.105+0000] {logging_mixin.py:188} INFO - [2026-05-07T20:31:09.104+0000] {dagbag.py:545} INFO - Filling up the DagBag from /home/airflow/.local/lib/python3.12/site-packages/airflow/example_dags/example_branch_datetime_operator.py
[2026-05-07T20:31:09.114+0000] {processor.py:840} INFO - DAG(s) 'example_branch_datetime_operator_2', 'example_branch_datetime_operator', 'example_branch_datetime_operator_3' retrieved from /home/airflow/.local/lib/python3.12/site-packages/airflow/example_dags/example_branch_datetime_operator.py
[2026-05-07T20:31:09.164+0000] {logging_mixin.py:188} INFO - [2026-05-07T20:31:09.163+0000] {dag.py:3096} INFO - Sync 3 DAGs
[2026-05-07T20:31:09.186+0000] {logging_mixin.py:188} INFO - [2026-05-07T20:31:09.185+0000] {dag.py:3954} INFO - Setting next_dagrun for example_branch_datetime_operator to 2026-05-06 00:00:00+00:00, run_after=2026-05-07 00:00:00+00:00
[2026-05-07T20:31:09.191+0000] {logging_mixin.py:188} INFO - [2026-05-07T20:31:09.190+0000] {dag.py:3954} INFO - Setting next_dagrun for example_branch_datetime_operator_2 to 2026-05-06 00:00:00+00:00, run_after=2026-05-07 00:00:00+00:00
[2026-05-07T20:31:09.193+0000] {logging_mixin.py:188} INFO - [2026-05-07T20:31:09.193+0000] {dag.py:3954} INFO - Setting next_dagrun for example_branch_datetime_operator_3 to 2026-05-06 00:00:00+00:00, run_after=2026-05-07 00:00:00+00:00
[2026-05-07T20:31:09.213+0000] {processor.py:183} INFO - Processing /home/airflow/.local/lib/python3.12/site-packages/airflow/example_dags/example_branch_datetime_operator.py took 0.117 seconds
[2026-05-07T20:31:39.888+0000] {processor.py:161} INFO - Started process (PID=1755) to work on /home/airflow/.local/lib/python3.12/site-packages/airflow/example_dags/example_branch_datetime_operator.py
[2026-05-07T20:31:39.890+0000] {processor.py:830} INFO - Processing file /home/airflow/.local/lib/python3.12/site-packages/airflow/example_dags/example_branch_datetime_operator.py for tasks to queue
[2026-05-07T20:31:39.892+0000] {logging_mixin.py:188} INFO - [2026-05-07T20:31:39.892+0000] {dagbag.py:545} INFO - Filling up the DagBag from /home/airflow/.local/lib/python3.12/site-packages/airflow/example_dags/example_branch_datetime_operator.py
[2026-05-07T20:31:39.905+0000] {processor.py:840} INFO - DAG(s) 'example_branch_datetime_operator', 'example_branch_datetime_operator_3', 'example_branch_datetime_operator_2' retrieved from /home/airflow/.local/lib/python3.12/site-packages/airflow/example_dags/example_branch_datetime_operator.py
[2026-05-07T20:31:39.939+0000] {logging_mixin.py:188} INFO - [2026-05-07T20:31:39.938+0000] {dag.py:3096} INFO - Sync 3 DAGs
[2026-05-07T20:31:40.135+0000] {logging_mixin.py:188} INFO - [2026-05-07T20:31:40.134+0000] {dag.py:3954} INFO - Setting next_dagrun for example_branch_datetime_operator to 2026-05-06 00:00:00+00:00, run_after=2026-05-07 00:00:00+00:00
[2026-05-07T20:31:40.140+0000] {logging_mixin.py:188} INFO - [2026-05-07T20:31:40.139+0000] {dag.py:3954} INFO - Setting next_dagrun for example_branch_datetime_operator_2 to 2026-05-06 00:00:00+00:00, run_after=2026-05-07 00:00:00+00:00
[2026-05-07T20:31:40.142+0000] {logging_mixin.py:188} INFO - [2026-05-07T20:31:40.142+0000] {dag.py:3954} INFO - Setting next_dagrun for example_branch_datetime_operator_3 to 2026-05-06 00:00:00+00:00, run_after=2026-05-07 00:00:00+00:00
[2026-05-07T20:31:40.159+0000] {processor.py:183} INFO - Processing /home/airflow/.local/lib/python3.12/site-packages/airflow/example_dags/example_branch_datetime_operator.py took 0.279 seconds
[2026-05-07T20:32:10.780+0000] {processor.py:161} INFO - Started process (PID=1813) to work on /home/airflow/.local/lib/python3.12/site-packages/airflow/example_dags/example_branch_datetime_operator.py
[2026-05-07T20:32:10.782+0000] {processor.py:830} INFO - Processing file /home/airflow/.local/lib/python3.12/site-packages/airflow/example_dags/example_branch_datetime_operator.py for tasks to queue
[2026-05-07T20:32:10.784+0000] {logging_mixin.py:188} INFO - [2026-05-07T20:32:10.784+0000] {dagbag.py:545} INFO - Filling up the DagBag from /home/airflow/.local/lib/python3.12/site-packages/airflow/example_dags/example_branch_datetime_operator.py
[2026-05-07T20:32:10.797+0000] {processor.py:840} INFO - DAG(s) 'example_branch_datetime_operator_3', 'example_branch_datetime_operator', 'example_branch_datetime_operator_2' retrieved from /home/airflow/.local/lib/python3.12/site-packages/airflow/example_dags/example_branch_datetime_operator.py
[2026-05-07T20:32:10.826+0000] {logging_mixin.py:188} INFO - [2026-05-07T20:32:10.826+0000] {dag.py:3096} INFO - Sync 3 DAGs
[2026-05-07T20:32:10.849+0000] {logging_mixin.py:188} INFO - [2026-05-07T20:32:10.848+0000] {dag.py:3954} INFO - Setting next_dagrun for example_branch_datetime_operator to 2026-05-06 00:00:00+00:00, run_after=2026-05-07 00:00:00+00:00
[2026-05-07T20:32:11.024+0000] {logging_mixin.py:188} INFO - [2026-05-07T20:32:11.024+0000] {dag.py:3954} INFO - Setting next_dagrun for example_branch_datetime_operator_2 to 2026-05-06 00:00:00+00:00, run_after=2026-05-07 00:00:00+00:00
[2026-05-07T20:32:11.026+0000] {logging_mixin.py:188} INFO - [2026-05-07T20:32:11.026+0000] {dag.py:3954} INFO - Setting next_dagrun for example_branch_datetime_operator_3 to 2026-05-06 00:00:00+00:00, run_after=2026-05-07 00:00:00+00:00
[2026-05-07T20:32:11.110+0000] {processor.py:183} INFO - Processing /home/airflow/.local/lib/python3.12/site-packages/airflow/example_dags/example_branch_datetime_operator.py took 0.336 seconds
[2026-05-07T20:32:41.205+0000] {processor.py:161} INFO - Started process (PID=1871) to work on /home/airflow/.local/lib/python3.12/site-packages/airflow/example_dags/example_branch_datetime_operator.py
[2026-05-07T20:32:41.207+0000] {processor.py:830} INFO - Processing file /home/airflow/.local/lib/python3.12/site-packages/airflow/example_dags/example_branch_datetime_operator.py for tasks to queue
[2026-05-07T20:32:41.209+0000] {logging_mixin.py:188} INFO - [2026-05-07T20:32:41.209+0000] {dagbag.py:545} INFO - Filling up the DagBag from /home/airflow/.local/lib/python3.12/site-packages/airflow/example_dags/example_branch_datetime_operator.py
[2026-05-07T20:32:41.221+0000] {processor.py:840} INFO - DAG(s) 'example_branch_datetime_operator', 'example_branch_datetime_operator_2', 'example_branch_datetime_operator_3' retrieved from /home/airflow/.local/lib/python3.12/site-packages/airflow/example_dags/example_branch_datetime_operator.py
[2026-05-07T20:32:41.252+0000] {logging_mixin.py:188} INFO - [2026-05-07T20:32:41.252+0000] {dag.py:3096} INFO - Sync 3 DAGs
[2026-05-07T20:32:41.279+0000] {logging_mixin.py:188} INFO - [2026-05-07T20:32:41.278+0000] {dag.py:3954} INFO - Setting next_dagrun for example_branch_datetime_operator to 2026-05-06 00:00:00+00:00, run_after=2026-05-07 00:00:00+00:00
[2026-05-07T20:32:41.285+0000] {logging_mixin.py:188} INFO - [2026-05-07T20:32:41.285+0000] {dag.py:3954} INFO - Setting next_dagrun for example_branch_datetime_operator_2 to 2026-05-06 00:00:00+00:00, run_after=2026-05-07 00:00:00+00:00
[2026-05-07T20:32:41.288+0000] {logging_mixin.py:188} INFO - [2026-05-07T20:32:41.287+0000] {dag.py:3954} INFO - Setting next_dagrun for example_branch_datetime_operator_3 to 2026-05-06 00:00:00+00:00, run_after=2026-05-07 00:00:00+00:00
[2026-05-07T20:32:41.354+0000] {processor.py:183} INFO - Processing /home/airflow/.local/lib/python3.12/site-packages/airflow/example_dags/example_branch_datetime_operator.py took 0.156 seconds
[2026-05-07T20:33:11.585+0000] {processor.py:161} INFO - Started process (PID=1929) to work on /home/airflow/.local/lib/python3.12/site-packages/airflow/example_dags/example_branch_datetime_operator.py
[2026-05-07T20:33:11.587+0000] {processor.py:830} INFO - Processing file /home/airflow/.local/lib/python3.12/site-packages/airflow/example_dags/example_branch_datetime_operator.py for tasks to queue
[2026-05-07T20:33:11.589+0000] {logging_mixin.py:188} INFO - [2026-05-07T20:33:11.588+0000] {dagbag.py:545} INFO - Filling up the DagBag from /home/airflow/.local/lib/python3.12/site-packages/airflow/example_dags/example_branch_datetime_operator.py
[2026-05-07T20:33:11.598+0000] {processor.py:840} INFO - DAG(s) 'example_branch_datetime_operator_3', 'example_branch_datetime_operator_2', 'example_branch_datetime_operator' retrieved from /home/airflow/.local/lib/python3.12/site-packages/airflow/example_dags/example_branch_datetime_operator.py
[2026-05-07T20:33:11.624+0000] {logging_mixin.py:188} INFO - [2026-05-07T20:33:11.623+0000] {dag.py:3096} INFO - Sync 3 DAGs
[2026-05-07T20:33:11.647+0000] {logging_mixin.py:188} INFO - [2026-05-07T20:33:11.646+0000] {dag.py:3954} INFO - Setting next_dagrun for example_branch_datetime_operator to 2026-05-06 00:00:00+00:00, run_after=2026-05-07 00:00:00+00:00
[2026-05-07T20:33:11.652+0000] {logging_mixin.py:188} INFO - [2026-05-07T20:33:11.652+0000] {dag.py:3954} INFO - Setting next_dagrun for example_branch_datetime_operator_2 to 2026-05-06 00:00:00+00:00, run_after=2026-05-07 00:00:00+00:00
[2026-05-07T20:33:11.654+0000] {logging_mixin.py:188} INFO - [2026-05-07T20:33:11.654+0000] {dag.py:3954} INFO - Setting next_dagrun for example_branch_datetime_operator_3 to 2026-05-06 00:00:00+00:00, run_after=2026-05-07 00:00:00+00:00
[2026-05-07T20:33:11.674+0000] {processor.py:183} INFO - Processing /home/airflow/.local/lib/python3.12/site-packages/airflow/example_dags/example_branch_datetime_operator.py took 0.096 seconds
[2026-05-07T20:33:41.729+0000] {processor.py:161} INFO - Started process (PID=1987) to work on /home/airflow/.local/lib/python3.12/site-packages/airflow/example_dags/example_branch_datetime_operator.py
[2026-05-07T20:33:41.730+0000] {processor.py:830} INFO - Processing file /home/airflow/.local/lib/python3.12/site-packages/airflow/example_dags/example_branch_datetime_operator.py for tasks to queue
[2026-05-07T20:33:41.732+0000] {logging_mixin.py:188} INFO - [2026-05-07T20:33:41.732+0000] {dagbag.py:545} INFO - Filling up the DagBag from /home/airflow/.local/lib/python3.12/site-packages/airflow/example_dags/example_branch_datetime_operator.py
[2026-05-07T20:33:41.743+0000] {processor.py:840} INFO - DAG(s) 'example_branch_datetime_operator_2', 'example_branch_datetime_operator_3', 'example_branch_datetime_operator' retrieved from /home/airflow/.local/lib/python3.12/site-packages/airflow/example_dags/example_branch_datetime_operator.py
[2026-05-07T20:33:41.768+0000] {logging_mixin.py:188} INFO - [2026-05-07T20:33:41.767+0000] {dag.py:3096} INFO - Sync 3 DAGs
[2026-05-07T20:33:41.791+0000] {logging_mixin.py:188} INFO - [2026-05-07T20:33:41.790+0000] {dag.py:3954} INFO - Setting next_dagrun for example_branch_datetime_operator to 2026-05-06 00:00:00+00:00, run_after=2026-05-07 00:00:00+00:00
[2026-05-07T20:33:41.795+0000] {logging_mixin.py:188} INFO - [2026-05-07T20:33:41.795+0000] {dag.py:3954} INFO - Setting next_dagrun for example_branch_datetime_operator_2 to 2026-05-06 00:00:00+00:00, run_after=2026-05-07 00:00:00+00:00
[2026-05-07T20:33:41.798+0000] {logging_mixin.py:188} INFO - [2026-05-07T20:33:41.798+0000] {dag.py:3954} INFO - Setting next_dagrun for example_branch_datetime_operator_3 to 2026-05-06 00:00:00+00:00, run_after=2026-05-07 00:00:00+00:00
[2026-05-07T20:33:41.816+0000] {processor.py:183} INFO - Processing /home/airflow/.local/lib/python3.12/site-packages/airflow/example_dags/example_branch_datetime_operator.py took 0.094 seconds
[2026-05-07T20:34:12.469+0000] {processor.py:161} INFO - Started process (PID=2046) to work on /home/airflow/.local/lib/python3.12/site-packages/airflow/example_dags/example_branch_datetime_operator.py
[2026-05-07T20:34:12.471+0000] {processor.py:830} INFO - Processing file /home/airflow/.local/lib/python3.12/site-packages/airflow/example_dags/example_branch_datetime_operator.py for tasks to queue
[2026-05-07T20:34:12.473+0000] {logging_mixin.py:188} INFO - [2026-05-07T20:34:12.473+0000] {dagbag.py:545} INFO - Filling up the DagBag from /home/airflow/.local/lib/python3.12/site-packages/airflow/example_dags/example_branch_datetime_operator.py
[2026-05-07T20:34:12.485+0000] {processor.py:840} INFO - DAG(s) 'example_branch_datetime_operator_2', 'example_branch_datetime_operator', 'example_branch_datetime_operator_3' retrieved from /home/airflow/.local/lib/python3.12/site-packages/airflow/example_dags/example_branch_datetime_operator.py
[2026-05-07T20:34:12.521+0000] {logging_mixin.py:188} INFO - [2026-05-07T20:34:12.521+0000] {dag.py:3096} INFO - Sync 3 DAGs
[2026-05-07T20:34:12.552+0000] {logging_mixin.py:188} INFO - [2026-05-07T20:34:12.552+0000] {dag.py:3954} INFO - Setting next_dagrun for example_branch_datetime_operator to 2026-05-06 00:00:00+00:00, run_after=2026-05-07 00:00:00+00:00
[2026-05-07T20:34:12.558+0000] {logging_mixin.py:188} INFO - [2026-05-07T20:34:12.558+0000] {dag.py:3954} INFO - Setting next_dagrun for example_branch_datetime_operator_2 to 2026-05-06 00:00:00+00:00, run_after=2026-05-07 00:00:00+00:00
[2026-05-07T20:34:12.562+0000] {logging_mixin.py:188} INFO - [2026-05-07T20:34:12.562+0000] {dag.py:3954} INFO - Setting next_dagrun for example_branch_datetime_operator_3 to 2026-05-06 00:00:00+00:00, run_after=2026-05-07 00:00:00+00:00
[2026-05-07T20:34:12.590+0000] {processor.py:183} INFO - Processing /home/airflow/.local/lib/python3.12/site-packages/airflow/example_dags/example_branch_datetime_operator.py took 0.128 seconds
[2026-05-07T20:34:42.877+0000] {processor.py:161} INFO - Started process (PID=2104) to work on /home/airflow/.local/lib/python3.12/site-packages/airflow/example_dags/example_branch_datetime_operator.py
[2026-05-07T20:34:42.879+0000] {processor.py:830} INFO - Processing file /home/airflow/.local/lib/python3.12/site-packages/airflow/example_dags/example_branch_datetime_operator.py for tasks to queue
[2026-05-07T20:34:42.881+0000] {logging_mixin.py:188} INFO - [2026-05-07T20:34:42.881+0000] {dagbag.py:545} INFO - Filling up the DagBag from /home/airflow/.local/lib/python3.12/site-packages/airflow/example_dags/example_branch_datetime_operator.py
[2026-05-07T20:34:42.891+0000] {processor.py:840} INFO - DAG(s) 'example_branch_datetime_operator_3', 'example_branch_datetime_operator', 'example_branch_datetime_operator_2' retrieved from /home/airflow/.local/lib/python3.12/site-packages/airflow/example_dags/example_branch_datetime_operator.py
[2026-05-07T20:34:42.920+0000] {logging_mixin.py:188} INFO - [2026-05-07T20:34:42.920+0000] {dag.py:3096} INFO - Sync 3 DAGs
[2026-05-07T20:34:42.949+0000] {logging_mixin.py:188} INFO - [2026-05-07T20:34:42.949+0000] {dag.py:3954} INFO - Setting next_dagrun for example_branch_datetime_operator to 2026-05-06 00:00:00+00:00, run_after=2026-05-07 00:00:00+00:00
[2026-05-07T20:34:42.954+0000] {logging_mixin.py:188} INFO - [2026-05-07T20:34:42.954+0000] {dag.py:3954} INFO - Setting next_dagrun for example_branch_datetime_operator_2 to 2026-05-06 00:00:00+00:00, run_after=2026-05-07 00:00:00+00:00
[2026-05-07T20:34:42.958+0000] {logging_mixin.py:188} INFO - [2026-05-07T20:34:42.958+0000] {dag.py:3954} INFO - Setting next_dagrun for example_branch_datetime_operator_3 to 2026-05-06 00:00:00+00:00, run_after=2026-05-07 00:00:00+00:00
[2026-05-07T20:34:42.980+0000] {processor.py:183} INFO - Processing /home/airflow/.local/lib/python3.12/site-packages/airflow/example_dags/example_branch_datetime_operator.py took 0.109 seconds
[2026-05-07T20:35:13.470+0000] {processor.py:161} INFO - Started process (PID=2162) to work on /home/airflow/.local/lib/python3.12/site-packages/airflow/example_dags/example_branch_datetime_operator.py
[2026-05-07T20:35:13.473+0000] {processor.py:830} INFO - Processing file /home/airflow/.local/lib/python3.12/site-packages/airflow/example_dags/example_branch_datetime_operator.py for tasks to queue
[2026-05-07T20:35:13.475+0000] {logging_mixin.py:188} INFO - [2026-05-07T20:35:13.475+0000] {dagbag.py:545} INFO - Filling up the DagBag from /home/airflow/.local/lib/python3.12/site-packages/airflow/example_dags/example_branch_datetime_operator.py
[2026-05-07T20:35:13.485+0000] {processor.py:840} INFO - DAG(s) 'example_branch_datetime_operator', 'example_branch_datetime_operator_2', 'example_branch_datetime_operator_3' retrieved from /home/airflow/.local/lib/python3.12/site-packages/airflow/example_dags/example_branch_datetime_operator.py
[2026-05-07T20:35:13.512+0000] {logging_mixin.py:188} INFO - [2026-05-07T20:35:13.512+0000] {dag.py:3096} INFO - Sync 3 DAGs
[2026-05-07T20:35:13.532+0000] {logging_mixin.py:188} INFO - [2026-05-07T20:35:13.532+0000] {dag.py:3954} INFO - Setting next_dagrun for example_branch_datetime_operator to 2026-05-06 00:00:00+00:00, run_after=2026-05-07 00:00:00+00:00
[2026-05-07T20:35:13.537+0000] {logging_mixin.py:188} INFO - [2026-05-07T20:35:13.537+0000] {dag.py:3954} INFO - Setting next_dagrun for example_branch_datetime_operator_2 to 2026-05-06 00:00:00+00:00, run_after=2026-05-07 00:00:00+00:00
[2026-05-07T20:35:13.540+0000] {logging_mixin.py:188} INFO - [2026-05-07T20:35:13.540+0000] {dag.py:3954} INFO - Setting next_dagrun for example_branch_datetime_operator_3 to 2026-05-06 00:00:00+00:00, run_after=2026-05-07 00:00:00+00:00
[2026-05-07T20:35:13.621+0000] {processor.py:183} INFO - Processing /home/airflow/.local/lib/python3.12/site-packages/airflow/example_dags/example_branch_datetime_operator.py took 0.157 seconds
[2026-05-07T20:35:43.753+0000] {processor.py:161} INFO - Started process (PID=2219) to work on /home/airflow/.local/lib/python3.12/site-packages/airflow/example_dags/example_branch_datetime_operator.py
[2026-05-07T20:35:43.755+0000] {processor.py:830} INFO - Processing file /home/airflow/.local/lib/python3.12/site-packages/airflow/example_dags/example_branch_datetime_operator.py for tasks to queue
[2026-05-07T20:35:43.758+0000] {logging_mixin.py:188} INFO - [2026-05-07T20:35:43.758+0000] {dagbag.py:545} INFO - Filling up the DagBag from /home/airflow/.local/lib/python3.12/site-packages/airflow/example_dags/example_branch_datetime_operator.py
[2026-05-07T20:35:43.771+0000] {processor.py:840} INFO - DAG(s) 'example_branch_datetime_operator_3', 'example_branch_datetime_operator_2', 'example_branch_datetime_operator' retrieved from /home/airflow/.local/lib/python3.12/site-packages/airflow/example_dags/example_branch_datetime_operator.py
[2026-05-07T20:35:43.802+0000] {logging_mixin.py:188} INFO - [2026-05-07T20:35:43.802+0000] {dag.py:3096} INFO - Sync 3 DAGs
[2026-05-07T20:35:43.837+0000] {logging_mixin.py:188} INFO - [2026-05-07T20:35:43.836+0000] {dag.py:3954} INFO - Setting next_dagrun for example_branch_datetime_operator to 2026-05-06 00:00:00+00:00, run_after=2026-05-07 00:00:00+00:00
[2026-05-07T20:35:43.844+0000] {logging_mixin.py:188} INFO - [2026-05-07T20:35:43.843+0000] {dag.py:3954} INFO - Setting next_dagrun for example_branch_datetime_operator_2 to 2026-05-06 00:00:00+00:00, run_after=2026-05-07 00:00:00+00:00
[2026-05-07T20:35:43.847+0000] {logging_mixin.py:188} INFO - [2026-05-07T20:35:43.847+0000] {dag.py:3954} INFO - Setting next_dagrun for example_branch_datetime_operator_3 to 2026-05-06 00:00:00+00:00, run_after=2026-05-07 00:00:00+00:00
[2026-05-07T20:35:43.936+0000] {processor.py:183} INFO - Processing /home/airflow/.local/lib/python3.12/site-packages/airflow/example_dags/example_branch_datetime_operator.py took 0.190 seconds
[2026-05-07T20:36:14.501+0000] {processor.py:161} INFO - Started process (PID=2277) to work on /home/airflow/.local/lib/python3.12/site-packages/airflow/example_dags/example_branch_datetime_operator.py
[2026-05-07T20:36:14.503+0000] {processor.py:830} INFO - Processing file /home/airflow/.local/lib/python3.12/site-packages/airflow/example_dags/example_branch_datetime_operator.py for tasks to queue
[2026-05-07T20:36:14.506+0000] {logging_mixin.py:188} INFO - [2026-05-07T20:36:14.505+0000] {dagbag.py:545} INFO - Filling up the DagBag from /home/airflow/.local/lib/python3.12/site-packages/airflow/example_dags/example_branch_datetime_operator.py
[2026-05-07T20:36:14.518+0000] {processor.py:840} INFO - DAG(s) 'example_branch_datetime_operator', 'example_branch_datetime_operator_2', 'example_branch_datetime_operator_3' retrieved from /home/airflow/.local/lib/python3.12/site-packages/airflow/example_dags/example_branch_datetime_operator.py
[2026-05-07T20:36:14.550+0000] {logging_mixin.py:188} INFO - [2026-05-07T20:36:14.550+0000] {dag.py:3096} INFO - Sync 3 DAGs
[2026-05-07T20:36:14.579+0000] {logging_mixin.py:188} INFO - [2026-05-07T20:36:14.578+0000] {dag.py:3954} INFO - Setting next_dagrun for example_branch_datetime_operator to 2026-05-06 00:00:00+00:00, run_after=2026-05-07 00:00:00+00:00
[2026-05-07T20:36:14.584+0000] {logging_mixin.py:188} INFO - [2026-05-07T20:36:14.584+0000] {dag.py:3954} INFO - Setting next_dagrun for example_branch_datetime_operator_2 to 2026-05-06 00:00:00+00:00, run_after=2026-05-07 00:00:00+00:00
[2026-05-07T20:36:14.587+0000] {logging_mixin.py:188} INFO - [2026-05-07T20:36:14.586+0000] {dag.py:3954} INFO - Setting next_dagrun for example_branch_datetime_operator_3 to 2026-05-06 00:00:00+00:00, run_after=2026-05-07 00:00:00+00:00
[2026-05-07T20:36:14.676+0000] {processor.py:183} INFO - Processing /home/airflow/.local/lib/python3.12/site-packages/airflow/example_dags/example_branch_datetime_operator.py took 0.183 seconds
[2026-05-07T20:36:45.330+0000] {processor.py:161} INFO - Started process (PID=2335) to work on /home/airflow/.local/lib/python3.12/site-packages/airflow/example_dags/example_branch_datetime_operator.py
[2026-05-07T20:36:45.331+0000] {processor.py:830} INFO - Processing file /home/airflow/.local/lib/python3.12/site-packages/airflow/example_dags/example_branch_datetime_operator.py for tasks to queue
[2026-05-07T20:36:45.333+0000] {logging_mixin.py:188} INFO - [2026-05-07T20:36:45.333+0000] {dagbag.py:545} INFO - Filling up the DagBag from /home/airflow/.local/lib/python3.12/site-packages/airflow/example_dags/example_branch_datetime_operator.py
[2026-05-07T20:36:45.344+0000] {processor.py:840} INFO - DAG(s) 'example_branch_datetime_operator_2', 'example_branch_datetime_operator', 'example_branch_datetime_operator_3' retrieved from /home/airflow/.local/lib/python3.12/site-packages/airflow/example_dags/example_branch_datetime_operator.py
[2026-05-07T20:36:45.368+0000] {logging_mixin.py:188} INFO - [2026-05-07T20:36:45.368+0000] {dag.py:3096} INFO - Sync 3 DAGs
[2026-05-07T20:36:45.389+0000] {logging_mixin.py:188} INFO - [2026-05-07T20:36:45.389+0000] {dag.py:3954} INFO - Setting next_dagrun for example_branch_datetime_operator to 2026-05-06 00:00:00+00:00, run_after=2026-05-07 00:00:00+00:00
[2026-05-07T20:36:45.395+0000] {logging_mixin.py:188} INFO - [2026-05-07T20:36:45.395+0000] {dag.py:3954} INFO - Setting next_dagrun for example_branch_datetime_operator_2 to 2026-05-06 00:00:00+00:00, run_after=2026-05-07 00:00:00+00:00
[2026-05-07T20:36:45.398+0000] {logging_mixin.py:188} INFO - [2026-05-07T20:36:45.398+0000] {dag.py:3954} INFO - Setting next_dagrun for example_branch_datetime_operator_3 to 2026-05-06 00:00:00+00:00, run_after=2026-05-07 00:00:00+00:00
[2026-05-07T20:36:45.487+0000] {processor.py:183} INFO - Processing /home/airflow/.local/lib/python3.12/site-packages/airflow/example_dags/example_branch_datetime_operator.py took 0.163 seconds
[2026-05-07T20:37:15.973+0000] {processor.py:161} INFO - Started process (PID=2393) to work on /home/airflow/.local/lib/python3.12/site-packages/airflow/example_dags/example_branch_datetime_operator.py
[2026-05-07T20:37:15.975+0000] {processor.py:830} INFO - Processing file /home/airflow/.local/lib/python3.12/site-packages/airflow/example_dags/example_branch_datetime_operator.py for tasks to queue
[2026-05-07T20:37:15.977+0000] {logging_mixin.py:188} INFO - [2026-05-07T20:37:15.977+0000] {dagbag.py:545} INFO - Filling up the DagBag from /home/airflow/.local/lib/python3.12/site-packages/airflow/example_dags/example_branch_datetime_operator.py
[2026-05-07T20:37:15.987+0000] {processor.py:840} INFO - DAG(s) 'example_branch_datetime_operator_3', 'example_branch_datetime_operator', 'example_branch_datetime_operator_2' retrieved from /home/airflow/.local/lib/python3.12/site-packages/airflow/example_dags/example_branch_datetime_operator.py
[2026-05-07T20:37:16.013+0000] {logging_mixin.py:188} INFO - [2026-05-07T20:37:16.012+0000] {dag.py:3096} INFO - Sync 3 DAGs
[2026-05-07T20:37:16.036+0000] {logging_mixin.py:188} INFO - [2026-05-07T20:37:16.035+0000] {dag.py:3954} INFO - Setting next_dagrun for example_branch_datetime_operator to 2026-05-06 00:00:00+00:00, run_after=2026-05-07 00:00:00+00:00
[2026-05-07T20:37:16.040+0000] {logging_mixin.py:188} INFO - [2026-05-07T20:37:16.040+0000] {dag.py:3954} INFO - Setting next_dagrun for example_branch_datetime_operator_2 to 2026-05-06 00:00:00+00:00, run_after=2026-05-07 00:00:00+00:00
[2026-05-07T20:37:16.043+0000] {logging_mixin.py:188} INFO - [2026-05-07T20:37:16.043+0000] {dag.py:3954} INFO - Setting next_dagrun for example_branch_datetime_operator_3 to 2026-05-06 00:00:00+00:00, run_after=2026-05-07 00:00:00+00:00
[2026-05-07T20:37:16.063+0000] {processor.py:183} INFO - Processing /home/airflow/.local/lib/python3.12/site-packages/airflow/example_dags/example_branch_datetime_operator.py took 0.096 seconds
[2026-05-07T20:37:46.937+0000] {processor.py:161} INFO - Started process (PID=2451) to work on /home/airflow/.local/lib/python3.12/site-packages/airflow/example_dags/example_branch_datetime_operator.py
[2026-05-07T20:37:46.939+0000] {processor.py:830} INFO - Processing file /home/airflow/.local/lib/python3.12/site-packages/airflow/example_dags/example_branch_datetime_operator.py for tasks to queue
[2026-05-07T20:37:46.942+0000] {logging_mixin.py:188} INFO - [2026-05-07T20:37:46.941+0000] {dagbag.py:545} INFO - Filling up the DagBag from /home/airflow/.local/lib/python3.12/site-packages/airflow/example_dags/example_branch_datetime_operator.py
[2026-05-07T20:37:46.952+0000] {processor.py:840} INFO - DAG(s) 'example_branch_datetime_operator_2', 'example_branch_datetime_operator', 'example_branch_datetime_operator_3' retrieved from /home/airflow/.local/lib/python3.12/site-packages/airflow/example_dags/example_branch_datetime_operator.py
[2026-05-07T20:37:46.978+0000] {logging_mixin.py:188} INFO - [2026-05-07T20:37:46.978+0000] {dag.py:3096} INFO - Sync 3 DAGs
[2026-05-07T20:37:46.999+0000] {logging_mixin.py:188} INFO - [2026-05-07T20:37:46.999+0000] {dag.py:3954} INFO - Setting next_dagrun for example_branch_datetime_operator to 2026-05-06 00:00:00+00:00, run_after=2026-05-07 00:00:00+00:00
[2026-05-07T20:37:47.004+0000] {logging_mixin.py:188} INFO - [2026-05-07T20:37:47.004+0000] {dag.py:3954} INFO - Setting next_dagrun for example_branch_datetime_operator_2 to 2026-05-06 00:00:00+00:00, run_after=2026-05-07 00:00:00+00:00
[2026-05-07T20:37:47.008+0000] {logging_mixin.py:188} INFO - [2026-05-07T20:37:47.007+0000] {dag.py:3954} INFO - Setting next_dagrun for example_branch_datetime_operator_3 to 2026-05-06 00:00:00+00:00, run_after=2026-05-07 00:00:00+00:00
[2026-05-07T20:37:47.027+0000] {processor.py:183} INFO - Processing /home/airflow/.local/lib/python3.12/site-packages/airflow/example_dags/example_branch_datetime_operator.py took 0.096 seconds
[2026-05-07T20:38:17.329+0000] {processor.py:161} INFO - Started process (PID=2509) to work on /home/airflow/.local/lib/python3.12/site-packages/airflow/example_dags/example_branch_datetime_operator.py
[2026-05-07T20:38:17.330+0000] {processor.py:830} INFO - Processing file /home/airflow/.local/lib/python3.12/site-packages/airflow/example_dags/example_branch_datetime_operator.py for tasks to queue
[2026-05-07T20:38:17.332+0000] {logging_mixin.py:188} INFO - [2026-05-07T20:38:17.331+0000] {dagbag.py:545} INFO - Filling up the DagBag from /home/airflow/.local/lib/python3.12/site-packages/airflow/example_dags/example_branch_datetime_operator.py
[2026-05-07T20:38:17.340+0000] {processor.py:840} INFO - DAG(s) 'example_branch_datetime_operator', 'example_branch_datetime_operator_2', 'example_branch_datetime_operator_3' retrieved from /home/airflow/.local/lib/python3.12/site-packages/airflow/example_dags/example_branch_datetime_operator.py
[2026-05-07T20:38:17.369+0000] {logging_mixin.py:188} INFO - [2026-05-07T20:38:17.369+0000] {dag.py:3096} INFO - Sync 3 DAGs
[2026-05-07T20:38:17.389+0000] {logging_mixin.py:188} INFO - [2026-05-07T20:38:17.389+0000] {dag.py:3954} INFO - Setting next_dagrun for example_branch_datetime_operator to 2026-05-06 00:00:00+00:00, run_after=2026-05-07 00:00:00+00:00
[2026-05-07T20:38:17.394+0000] {logging_mixin.py:188} INFO - [2026-05-07T20:38:17.394+0000] {dag.py:3954} INFO - Setting next_dagrun for example_branch_datetime_operator_2 to 2026-05-06 00:00:00+00:00, run_after=2026-05-07 00:00:00+00:00
[2026-05-07T20:38:17.397+0000] {logging_mixin.py:188} INFO - [2026-05-07T20:38:17.397+0000] {dag.py:3954} INFO - Setting next_dagrun for example_branch_datetime_operator_3 to 2026-05-06 00:00:00+00:00, run_after=2026-05-07 00:00:00+00:00
[2026-05-07T20:38:17.419+0000] {processor.py:183} INFO - Processing /home/airflow/.local/lib/python3.12/site-packages/airflow/example_dags/example_branch_datetime_operator.py took 0.098 seconds
[2026-05-07T20:38:47.590+0000] {processor.py:161} INFO - Started process (PID=2567) to work on /home/airflow/.local/lib/python3.12/site-packages/airflow/example_dags/example_branch_datetime_operator.py
[2026-05-07T20:38:47.592+0000] {processor.py:830} INFO - Processing file /home/airflow/.local/lib/python3.12/site-packages/airflow/example_dags/example_branch_datetime_operator.py for tasks to queue
[2026-05-07T20:38:47.594+0000] {logging_mixin.py:188} INFO - [2026-05-07T20:38:47.594+0000] {dagbag.py:545} INFO - Filling up the DagBag from /home/airflow/.local/lib/python3.12/site-packages/airflow/example_dags/example_branch_datetime_operator.py
[2026-05-07T20:38:47.603+0000] {processor.py:840} INFO - DAG(s) 'example_branch_datetime_operator', 'example_branch_datetime_operator_3', 'example_branch_datetime_operator_2' retrieved from /home/airflow/.local/lib/python3.12/site-packages/airflow/example_dags/example_branch_datetime_operator.py
[2026-05-07T20:38:47.631+0000] {logging_mixin.py:188} INFO - [2026-05-07T20:38:47.631+0000] {dag.py:3096} INFO - Sync 3 DAGs
[2026-05-07T20:38:47.651+0000] {logging_mixin.py:188} INFO - [2026-05-07T20:38:47.651+0000] {dag.py:3954} INFO - Setting next_dagrun for example_branch_datetime_operator to 2026-05-06 00:00:00+00:00, run_after=2026-05-07 00:00:00+00:00
[2026-05-07T20:38:47.657+0000] {logging_mixin.py:188} INFO - [2026-05-07T20:38:47.656+0000] {dag.py:3954} INFO - Setting next_dagrun for example_branch_datetime_operator_2 to 2026-05-06 00:00:00+00:00, run_after=2026-05-07 00:00:00+00:00
[2026-05-07T20:38:47.659+0000] {logging_mixin.py:188} INFO - [2026-05-07T20:38:47.659+0000] {dag.py:3954} INFO - Setting next_dagrun for example_branch_datetime_operator_3 to 2026-05-06 00:00:00+00:00, run_after=2026-05-07 00:00:00+00:00
[2026-05-07T20:38:47.741+0000] {processor.py:183} INFO - Processing /home/airflow/.local/lib/python3.12/site-packages/airflow/example_dags/example_branch_datetime_operator.py took 0.158 seconds
[2026-05-07T20:39:18.289+0000] {processor.py:161} INFO - Started process (PID=2625) to work on /home/airflow/.local/lib/python3.12/site-packages/airflow/example_dags/example_branch_datetime_operator.py
[2026-05-07T20:39:18.290+0000] {processor.py:830} INFO - Processing file /home/airflow/.local/lib/python3.12/site-packages/airflow/example_dags/example_branch_datetime_operator.py for tasks to queue
[2026-05-07T20:39:18.292+0000] {logging_mixin.py:188} INFO - [2026-05-07T20:39:18.292+0000] {dagbag.py:545} INFO - Filling up the DagBag from /home/airflow/.local/lib/python3.12/site-packages/airflow/example_dags/example_branch_datetime_operator.py
[2026-05-07T20:39:18.302+0000] {processor.py:840} INFO - DAG(s) 'example_branch_datetime_operator_3', 'example_branch_datetime_operator_2', 'example_branch_datetime_operator' retrieved from /home/airflow/.local/lib/python3.12/site-packages/airflow/example_dags/example_branch_datetime_operator.py
[2026-05-07T20:39:18.329+0000] {logging_mixin.py:188} INFO - [2026-05-07T20:39:18.329+0000] {dag.py:3096} INFO - Sync 3 DAGs
[2026-05-07T20:39:18.350+0000] {logging_mixin.py:188} INFO - [2026-05-07T20:39:18.350+0000] {dag.py:3954} INFO - Setting next_dagrun for example_branch_datetime_operator to 2026-05-06 00:00:00+00:00, run_after=2026-05-07 00:00:00+00:00
[2026-05-07T20:39:18.355+0000] {logging_mixin.py:188} INFO - [2026-05-07T20:39:18.355+0000] {dag.py:3954} INFO - Setting next_dagrun for example_branch_datetime_operator_2 to 2026-05-06 00:00:00+00:00, run_after=2026-05-07 00:00:00+00:00
[2026-05-07T20:39:18.358+0000] {logging_mixin.py:188} INFO - [2026-05-07T20:39:18.358+0000] {dag.py:3954} INFO - Setting next_dagrun for example_branch_datetime_operator_3 to 2026-05-06 00:00:00+00:00, run_after=2026-05-07 00:00:00+00:00
[2026-05-07T20:39:18.440+0000] {processor.py:183} INFO - Processing /home/airflow/.local/lib/python3.12/site-packages/airflow/example_dags/example_branch_datetime_operator.py took 0.158 seconds
[2026-05-07T20:39:49.233+0000] {processor.py:161} INFO - Started process (PID=2683) to work on /home/airflow/.local/lib/python3.12/site-packages/airflow/example_dags/example_branch_datetime_operator.py
[2026-05-07T20:39:49.237+0000] {processor.py:830} INFO - Processing file /home/airflow/.local/lib/python3.12/site-packages/airflow/example_dags/example_branch_datetime_operator.py for tasks to queue
[2026-05-07T20:39:49.247+0000] {logging_mixin.py:188} INFO - [2026-05-07T20:39:49.246+0000] {dagbag.py:545} INFO - Filling up the DagBag from /home/airflow/.local/lib/python3.12/site-packages/airflow/example_dags/example_branch_datetime_operator.py
[2026-05-07T20:39:49.265+0000] {processor.py:840} INFO - DAG(s) 'example_branch_datetime_operator', 'example_branch_datetime_operator_3', 'example_branch_datetime_operator_2' retrieved from /home/airflow/.local/lib/python3.12/site-packages/airflow/example_dags/example_branch_datetime_operator.py
[2026-05-07T20:39:49.305+0000] {logging_mixin.py:188} INFO - [2026-05-07T20:39:49.305+0000] {dag.py:3096} INFO - Sync 3 DAGs
[2026-05-07T20:39:49.343+0000] {logging_mixin.py:188} INFO - [2026-05-07T20:39:49.343+0000] {dag.py:3954} INFO - Setting next_dagrun for example_branch_datetime_operator to 2026-05-06 00:00:00+00:00, run_after=2026-05-07 00:00:00+00:00
[2026-05-07T20:39:49.349+0000] {logging_mixin.py:188} INFO - [2026-05-07T20:39:49.349+0000] {dag.py:3954} INFO - Setting next_dagrun for example_branch_datetime_operator_2 to 2026-05-06 00:00:00+00:00, run_after=2026-05-07 00:00:00+00:00
[2026-05-07T20:39:49.358+0000] {logging_mixin.py:188} INFO - [2026-05-07T20:39:49.358+0000] {dag.py:3954} INFO - Setting next_dagrun for example_branch_datetime_operator_3 to 2026-05-06 00:00:00+00:00, run_after=2026-05-07 00:00:00+00:00
[2026-05-07T20:39:49.386+0000] {processor.py:183} INFO - Processing /home/airflow/.local/lib/python3.12/site-packages/airflow/example_dags/example_branch_datetime_operator.py took 0.187 seconds
[2026-05-07T20:40:19.792+0000] {processor.py:161} INFO - Started process (PID=2741) to work on /home/airflow/.local/lib/python3.12/site-packages/airflow/example_dags/example_branch_datetime_operator.py
[2026-05-07T20:40:19.794+0000] {processor.py:830} INFO - Processing file /home/airflow/.local/lib/python3.12/site-packages/airflow/example_dags/example_branch_datetime_operator.py for tasks to queue
[2026-05-07T20:40:19.800+0000] {logging_mixin.py:188} INFO - [2026-05-07T20:40:19.799+0000] {dagbag.py:545} INFO - Filling up the DagBag from /home/airflow/.local/lib/python3.12/site-packages/airflow/example_dags/example_branch_datetime_operator.py
[2026-05-07T20:40:19.809+0000] {processor.py:840} INFO - DAG(s) 'example_branch_datetime_operator', 'example_branch_datetime_operator_3', 'example_branch_datetime_operator_2' retrieved from /home/airflow/.local/lib/python3.12/site-packages/airflow/example_dags/example_branch_datetime_operator.py
[2026-05-07T20:40:19.842+0000] {logging_mixin.py:188} INFO - [2026-05-07T20:40:19.841+0000] {dag.py:3096} INFO - Sync 3 DAGs
[2026-05-07T20:40:19.867+0000] {logging_mixin.py:188} INFO - [2026-05-07T20:40:19.867+0000] {dag.py:3954} INFO - Setting next_dagrun for example_branch_datetime_operator to 2026-05-06 00:00:00+00:00, run_after=2026-05-07 00:00:00+00:00
[2026-05-07T20:40:19.872+0000] {logging_mixin.py:188} INFO - [2026-05-07T20:40:19.872+0000] {dag.py:3954} INFO - Setting next_dagrun for example_branch_datetime_operator_2 to 2026-05-06 00:00:00+00:00, run_after=2026-05-07 00:00:00+00:00
[2026-05-07T20:40:19.875+0000] {logging_mixin.py:188} INFO - [2026-05-07T20:40:19.875+0000] {dag.py:3954} INFO - Setting next_dagrun for example_branch_datetime_operator_3 to 2026-05-06 00:00:00+00:00, run_after=2026-05-07 00:00:00+00:00
[2026-05-07T20:40:19.939+0000] {processor.py:183} INFO - Processing /home/airflow/.local/lib/python3.12/site-packages/airflow/example_dags/example_branch_datetime_operator.py took 0.154 seconds
[2026-05-07T20:40:50.314+0000] {processor.py:161} INFO - Started process (PID=2799) to work on /home/airflow/.local/lib/python3.12/site-packages/airflow/example_dags/example_branch_datetime_operator.py
[2026-05-07T20:40:50.316+0000] {processor.py:830} INFO - Processing file /home/airflow/.local/lib/python3.12/site-packages/airflow/example_dags/example_branch_datetime_operator.py for tasks to queue
[2026-05-07T20:40:50.319+0000] {logging_mixin.py:188} INFO - [2026-05-07T20:40:50.318+0000] {dagbag.py:545} INFO - Filling up the DagBag from /home/airflow/.local/lib/python3.12/site-packages/airflow/example_dags/example_branch_datetime_operator.py
[2026-05-07T20:40:50.330+0000] {processor.py:840} INFO - DAG(s) 'example_branch_datetime_operator_2', 'example_branch_datetime_operator', 'example_branch_datetime_operator_3' retrieved from /home/airflow/.local/lib/python3.12/site-packages/airflow/example_dags/example_branch_datetime_operator.py
[2026-05-07T20:40:50.371+0000] {logging_mixin.py:188} INFO - [2026-05-07T20:40:50.370+0000] {dag.py:3096} INFO - Sync 3 DAGs
[2026-05-07T20:40:50.398+0000] {logging_mixin.py:188} INFO - [2026-05-07T20:40:50.398+0000] {dag.py:3954} INFO - Setting next_dagrun for example_branch_datetime_operator to 2026-05-06 00:00:00+00:00, run_after=2026-05-07 00:00:00+00:00
[2026-05-07T20:40:50.404+0000] {logging_mixin.py:188} INFO - [2026-05-07T20:40:50.404+0000] {dag.py:3954} INFO - Setting next_dagrun for example_branch_datetime_operator_2 to 2026-05-06 00:00:00+00:00, run_after=2026-05-07 00:00:00+00:00
[2026-05-07T20:40:50.406+0000] {logging_mixin.py:188} INFO - [2026-05-07T20:40:50.406+0000] {dag.py:3954} INFO - Setting next_dagrun for example_branch_datetime_operator_3 to 2026-05-06 00:00:00+00:00, run_after=2026-05-07 00:00:00+00:00
[2026-05-07T20:40:50.480+0000] {processor.py:183} INFO - Processing /home/airflow/.local/lib/python3.12/site-packages/airflow/example_dags/example_branch_datetime_operator.py took 0.175 seconds
[2026-05-07T20:41:21.163+0000] {processor.py:161} INFO - Started process (PID=2857) to work on /home/airflow/.local/lib/python3.12/site-packages/airflow/example_dags/example_branch_datetime_operator.py
[2026-05-07T20:41:21.165+0000] {processor.py:830} INFO - Processing file /home/airflow/.local/lib/python3.12/site-packages/airflow/example_dags/example_branch_datetime_operator.py for tasks to queue
[2026-05-07T20:41:21.168+0000] {logging_mixin.py:188} INFO - [2026-05-07T20:41:21.167+0000] {dagbag.py:545} INFO - Filling up the DagBag from /home/airflow/.local/lib/python3.12/site-packages/airflow/example_dags/example_branch_datetime_operator.py
[2026-05-07T20:41:21.178+0000] {processor.py:840} INFO - DAG(s) 'example_branch_datetime_operator', 'example_branch_datetime_operator_3', 'example_branch_datetime_operator_2' retrieved from /home/airflow/.local/lib/python3.12/site-packages/airflow/example_dags/example_branch_datetime_operator.py
[2026-05-07T20:41:21.212+0000] {logging_mixin.py:188} INFO - [2026-05-07T20:41:21.211+0000] {dag.py:3096} INFO - Sync 3 DAGs
[2026-05-07T20:41:21.238+0000] {logging_mixin.py:188} INFO - [2026-05-07T20:41:21.238+0000] {dag.py:3954} INFO - Setting next_dagrun for example_branch_datetime_operator to 2026-05-06 00:00:00+00:00, run_after=2026-05-07 00:00:00+00:00
[2026-05-07T20:41:21.245+0000] {logging_mixin.py:188} INFO - [2026-05-07T20:41:21.244+0000] {dag.py:3954} INFO - Setting next_dagrun for example_branch_datetime_operator_2 to 2026-05-06 00:00:00+00:00, run_after=2026-05-07 00:00:00+00:00
[2026-05-07T20:41:21.250+0000] {logging_mixin.py:188} INFO - [2026-05-07T20:41:21.250+0000] {dag.py:3954} INFO - Setting next_dagrun for example_branch_datetime_operator_3 to 2026-05-06 00:00:00+00:00, run_after=2026-05-07 00:00:00+00:00
[2026-05-07T20:41:21.332+0000] {processor.py:183} INFO - Processing /home/airflow/.local/lib/python3.12/site-packages/airflow/example_dags/example_branch_datetime_operator.py took 0.176 seconds
[2026-05-07T20:41:51.532+0000] {processor.py:161} INFO - Started process (PID=2916) to work on /home/airflow/.local/lib/python3.12/site-packages/airflow/example_dags/example_branch_datetime_operator.py
[2026-05-07T20:41:51.533+0000] {processor.py:830} INFO - Processing file /home/airflow/.local/lib/python3.12/site-packages/airflow/example_dags/example_branch_datetime_operator.py for tasks to queue
[2026-05-07T20:41:51.537+0000] {logging_mixin.py:188} INFO - [2026-05-07T20:41:51.537+0000] {dagbag.py:545} INFO - Filling up the DagBag from /home/airflow/.local/lib/python3.12/site-packages/airflow/example_dags/example_branch_datetime_operator.py
[2026-05-07T20:41:51.551+0000] {processor.py:840} INFO - DAG(s) 'example_branch_datetime_operator_3', 'example_branch_datetime_operator_2', 'example_branch_datetime_operator' retrieved from /home/airflow/.local/lib/python3.12/site-packages/airflow/example_dags/example_branch_datetime_operator.py
[2026-05-07T20:41:51.584+0000] {logging_mixin.py:188} INFO - [2026-05-07T20:41:51.584+0000] {dag.py:3096} INFO - Sync 3 DAGs
[2026-05-07T20:41:51.614+0000] {logging_mixin.py:188} INFO - [2026-05-07T20:41:51.614+0000] {dag.py:3954} INFO - Setting next_dagrun for example_branch_datetime_operator to 2026-05-06 00:00:00+00:00, run_after=2026-05-07 00:00:00+00:00
[2026-05-07T20:41:51.619+0000] {logging_mixin.py:188} INFO - [2026-05-07T20:41:51.619+0000] {dag.py:3954} INFO - Setting next_dagrun for example_branch_datetime_operator_2 to 2026-05-06 00:00:00+00:00, run_after=2026-05-07 00:00:00+00:00
[2026-05-07T20:41:51.622+0000] {logging_mixin.py:188} INFO - [2026-05-07T20:41:51.622+0000] {dag.py:3954} INFO - Setting next_dagrun for example_branch_datetime_operator_3 to 2026-05-06 00:00:00+00:00, run_after=2026-05-07 00:00:00+00:00
[2026-05-07T20:41:51.691+0000] {processor.py:183} INFO - Processing /home/airflow/.local/lib/python3.12/site-packages/airflow/example_dags/example_branch_datetime_operator.py took 0.166 seconds
[2026-05-07T20:42:21.807+0000] {processor.py:161} INFO - Started process (PID=2973) to work on /home/airflow/.local/lib/python3.12/site-packages/airflow/example_dags/example_branch_datetime_operator.py
[2026-05-07T20:42:21.808+0000] {processor.py:830} INFO - Processing file /home/airflow/.local/lib/python3.12/site-packages/airflow/example_dags/example_branch_datetime_operator.py for tasks to queue
[2026-05-07T20:42:21.810+0000] {logging_mixin.py:188} INFO - [2026-05-07T20:42:21.810+0000] {dagbag.py:545} INFO - Filling up the DagBag from /home/airflow/.local/lib/python3.12/site-packages/airflow/example_dags/example_branch_datetime_operator.py
[2026-05-07T20:42:21.818+0000] {processor.py:840} INFO - DAG(s) 'example_branch_datetime_operator_2', 'example_branch_datetime_operator_3', 'example_branch_datetime_operator' retrieved from /home/airflow/.local/lib/python3.12/site-packages/airflow/example_dags/example_branch_datetime_operator.py
[2026-05-07T20:42:21.846+0000] {logging_mixin.py:188} INFO - [2026-05-07T20:42:21.845+0000] {dag.py:3096} INFO - Sync 3 DAGs
[2026-05-07T20:42:21.868+0000] {logging_mixin.py:188} INFO - [2026-05-07T20:42:21.868+0000] {dag.py:3954} INFO - Setting next_dagrun for example_branch_datetime_operator to 2026-05-06 00:00:00+00:00, run_after=2026-05-07 00:00:00+00:00
[2026-05-07T20:42:21.872+0000] {logging_mixin.py:188} INFO - [2026-05-07T20:42:21.872+0000] {dag.py:3954} INFO - Setting next_dagrun for example_branch_datetime_operator_2 to 2026-05-06 00:00:00+00:00, run_after=2026-05-07 00:00:00+00:00
[2026-05-07T20:42:21.875+0000] {logging_mixin.py:188} INFO - [2026-05-07T20:42:21.874+0000] {dag.py:3954} INFO - Setting next_dagrun for example_branch_datetime_operator_3 to 2026-05-06 00:00:00+00:00, run_after=2026-05-07 00:00:00+00:00
[2026-05-07T20:42:21.964+0000] {processor.py:183} INFO - Processing /home/airflow/.local/lib/python3.12/site-packages/airflow/example_dags/example_branch_datetime_operator.py took 0.162 seconds
[2026-05-07T20:42:52.289+0000] {processor.py:161} INFO - Started process (PID=3031) to work on /home/airflow/.local/lib/python3.12/site-packages/airflow/example_dags/example_branch_datetime_operator.py
[2026-05-07T20:42:52.291+0000] {processor.py:830} INFO - Processing file /home/airflow/.local/lib/python3.12/site-packages/airflow/example_dags/example_branch_datetime_operator.py for tasks to queue
[2026-05-07T20:42:52.294+0000] {logging_mixin.py:188} INFO - [2026-05-07T20:42:52.293+0000] {dagbag.py:545} INFO - Filling up the DagBag from /home/airflow/.local/lib/python3.12/site-packages/airflow/example_dags/example_branch_datetime_operator.py
[2026-05-07T20:42:52.304+0000] {processor.py:840} INFO - DAG(s) 'example_branch_datetime_operator_3', 'example_branch_datetime_operator_2', 'example_branch_datetime_operator' retrieved from /home/airflow/.local/lib/python3.12/site-packages/airflow/example_dags/example_branch_datetime_operator.py
[2026-05-07T20:42:52.344+0000] {logging_mixin.py:188} INFO - [2026-05-07T20:42:52.344+0000] {dag.py:3096} INFO - Sync 3 DAGs
[2026-05-07T20:42:52.384+0000] {logging_mixin.py:188} INFO - [2026-05-07T20:42:52.383+0000] {dag.py:3954} INFO - Setting next_dagrun for example_branch_datetime_operator to 2026-05-06 00:00:00+00:00, run_after=2026-05-07 00:00:00+00:00
[2026-05-07T20:42:52.393+0000] {logging_mixin.py:188} INFO - [2026-05-07T20:42:52.392+0000] {dag.py:3954} INFO - Setting next_dagrun for example_branch_datetime_operator_2 to 2026-05-06 00:00:00+00:00, run_after=2026-05-07 00:00:00+00:00
[2026-05-07T20:42:52.399+0000] {logging_mixin.py:188} INFO - [2026-05-07T20:42:52.398+0000] {dag.py:3954} INFO - Setting next_dagrun for example_branch_datetime_operator_3 to 2026-05-06 00:00:00+00:00, run_after=2026-05-07 00:00:00+00:00
[2026-05-07T20:42:52.566+0000] {processor.py:183} INFO - Processing /home/airflow/.local/lib/python3.12/site-packages/airflow/example_dags/example_branch_datetime_operator.py took 0.284 seconds
[2026-05-07T20:43:23.407+0000] {processor.py:161} INFO - Started process (PID=3089) to work on /home/airflow/.local/lib/python3.12/site-packages/airflow/example_dags/example_branch_datetime_operator.py
[2026-05-07T20:43:23.408+0000] {processor.py:830} INFO - Processing file /home/airflow/.local/lib/python3.12/site-packages/airflow/example_dags/example_branch_datetime_operator.py for tasks to queue
[2026-05-07T20:43:23.412+0000] {logging_mixin.py:188} INFO - [2026-05-07T20:43:23.412+0000] {dagbag.py:545} INFO - Filling up the DagBag from /home/airflow/.local/lib/python3.12/site-packages/airflow/example_dags/example_branch_datetime_operator.py
[2026-05-07T20:43:23.424+0000] {processor.py:840} INFO - DAG(s) 'example_branch_datetime_operator_3', 'example_branch_datetime_operator_2', 'example_branch_datetime_operator' retrieved from /home/airflow/.local/lib/python3.12/site-packages/airflow/example_dags/example_branch_datetime_operator.py
[2026-05-07T20:43:23.462+0000] {logging_mixin.py:188} INFO - [2026-05-07T20:43:23.462+0000] {dag.py:3096} INFO - Sync 3 DAGs
[2026-05-07T20:43:23.488+0000] {logging_mixin.py:188} INFO - [2026-05-07T20:43:23.488+0000] {dag.py:3954} INFO - Setting next_dagrun for example_branch_datetime_operator to 2026-05-06 00:00:00+00:00, run_after=2026-05-07 00:00:00+00:00
[2026-05-07T20:43:23.495+0000] {logging_mixin.py:188} INFO - [2026-05-07T20:43:23.494+0000] {dag.py:3954} INFO - Setting next_dagrun for example_branch_datetime_operator_2 to 2026-05-06 00:00:00+00:00, run_after=2026-05-07 00:00:00+00:00
[2026-05-07T20:43:23.498+0000] {logging_mixin.py:188} INFO - [2026-05-07T20:43:23.498+0000] {dag.py:3954} INFO - Setting next_dagrun for example_branch_datetime_operator_3 to 2026-05-06 00:00:00+00:00, run_after=2026-05-07 00:00:00+00:00
[2026-05-07T20:43:23.525+0000] {processor.py:183} INFO - Processing /home/airflow/.local/lib/python3.12/site-packages/airflow/example_dags/example_branch_datetime_operator.py took 0.127 seconds
[2026-05-07T20:43:53.805+0000] {processor.py:161} INFO - Started process (PID=3147) to work on /home/airflow/.local/lib/python3.12/site-packages/airflow/example_dags/example_branch_datetime_operator.py
[2026-05-07T20:43:53.807+0000] {processor.py:830} INFO - Processing file /home/airflow/.local/lib/python3.12/site-packages/airflow/example_dags/example_branch_datetime_operator.py for tasks to queue
[2026-05-07T20:43:53.810+0000] {logging_mixin.py:188} INFO - [2026-05-07T20:43:53.809+0000] {dagbag.py:545} INFO - Filling up the DagBag from /home/airflow/.local/lib/python3.12/site-packages/airflow/example_dags/example_branch_datetime_operator.py
[2026-05-07T20:43:53.825+0000] {processor.py:840} INFO - DAG(s) 'example_branch_datetime_operator_2', 'example_branch_datetime_operator', 'example_branch_datetime_operator_3' retrieved from /home/airflow/.local/lib/python3.12/site-packages/airflow/example_dags/example_branch_datetime_operator.py
[2026-05-07T20:43:53.869+0000] {logging_mixin.py:188} INFO - [2026-05-07T20:43:53.868+0000] {dag.py:3096} INFO - Sync 3 DAGs
[2026-05-07T20:43:53.898+0000] {logging_mixin.py:188} INFO - [2026-05-07T20:43:53.898+0000] {dag.py:3954} INFO - Setting next_dagrun for example_branch_datetime_operator to 2026-05-06 00:00:00+00:00, run_after=2026-05-07 00:00:00+00:00
[2026-05-07T20:43:53.904+0000] {logging_mixin.py:188} INFO - [2026-05-07T20:43:53.903+0000] {dag.py:3954} INFO - Setting next_dagrun for example_branch_datetime_operator_2 to 2026-05-06 00:00:00+00:00, run_after=2026-05-07 00:00:00+00:00
[2026-05-07T20:43:53.907+0000] {logging_mixin.py:188} INFO - [2026-05-07T20:43:53.906+0000] {dag.py:3954} INFO - Setting next_dagrun for example_branch_datetime_operator_3 to 2026-05-06 00:00:00+00:00, run_after=2026-05-07 00:00:00+00:00
[2026-05-07T20:43:53.932+0000] {processor.py:183} INFO - Processing /home/airflow/.local/lib/python3.12/site-packages/airflow/example_dags/example_branch_datetime_operator.py took 0.136 seconds
[2026-05-07T20:44:23.987+0000] {processor.py:161} INFO - Started process (PID=3205) to work on /home/airflow/.local/lib/python3.12/site-packages/airflow/example_dags/example_branch_datetime_operator.py
[2026-05-07T20:44:23.988+0000] {processor.py:830} INFO - Processing file /home/airflow/.local/lib/python3.12/site-packages/airflow/example_dags/example_branch_datetime_operator.py for tasks to queue
[2026-05-07T20:44:23.991+0000] {logging_mixin.py:188} INFO - [2026-05-07T20:44:23.990+0000] {dagbag.py:545} INFO - Filling up the DagBag from /home/airflow/.local/lib/python3.12/site-packages/airflow/example_dags/example_branch_datetime_operator.py
[2026-05-07T20:44:24.002+0000] {processor.py:840} INFO - DAG(s) 'example_branch_datetime_operator_2', 'example_branch_datetime_operator', 'example_branch_datetime_operator_3' retrieved from /home/airflow/.local/lib/python3.12/site-packages/airflow/example_dags/example_branch_datetime_operator.py
[2026-05-07T20:44:24.032+0000] {logging_mixin.py:188} INFO - [2026-05-07T20:44:24.031+0000] {dag.py:3096} INFO - Sync 3 DAGs
[2026-05-07T20:44:24.055+0000] {logging_mixin.py:188} INFO - [2026-05-07T20:44:24.054+0000] {dag.py:3954} INFO - Setting next_dagrun for example_branch_datetime_operator to 2026-05-06 00:00:00+00:00, run_after=2026-05-07 00:00:00+00:00
[2026-05-07T20:44:24.060+0000] {logging_mixin.py:188} INFO - [2026-05-07T20:44:24.060+0000] {dag.py:3954} INFO - Setting next_dagrun for example_branch_datetime_operator_2 to 2026-05-06 00:00:00+00:00, run_after=2026-05-07 00:00:00+00:00
[2026-05-07T20:44:24.063+0000] {logging_mixin.py:188} INFO - [2026-05-07T20:44:24.063+0000] {dag.py:3954} INFO - Setting next_dagrun for example_branch_datetime_operator_3 to 2026-05-06 00:00:00+00:00, run_after=2026-05-07 00:00:00+00:00
[2026-05-07T20:44:24.083+0000] {processor.py:183} INFO - Processing /home/airflow/.local/lib/python3.12/site-packages/airflow/example_dags/example_branch_datetime_operator.py took 0.102 seconds
[2026-05-07T20:44:54.154+0000] {processor.py:161} INFO - Started process (PID=3263) to work on /home/airflow/.local/lib/python3.12/site-packages/airflow/example_dags/example_branch_datetime_operator.py
[2026-05-07T20:44:54.156+0000] {processor.py:830} INFO - Processing file /home/airflow/.local/lib/python3.12/site-packages/airflow/example_dags/example_branch_datetime_operator.py for tasks to queue
[2026-05-07T20:44:54.159+0000] {logging_mixin.py:188} INFO - [2026-05-07T20:44:54.158+0000] {dagbag.py:545} INFO - Filling up the DagBag from /home/airflow/.local/lib/python3.12/site-packages/airflow/example_dags/example_branch_datetime_operator.py
[2026-05-07T20:44:54.167+0000] {processor.py:840} INFO - DAG(s) 'example_branch_datetime_operator_3', 'example_branch_datetime_operator', 'example_branch_datetime_operator_2' retrieved from /home/airflow/.local/lib/python3.12/site-packages/airflow/example_dags/example_branch_datetime_operator.py
[2026-05-07T20:44:54.195+0000] {logging_mixin.py:188} INFO - [2026-05-07T20:44:54.195+0000] {dag.py:3096} INFO - Sync 3 DAGs
[2026-05-07T20:44:54.218+0000] {logging_mixin.py:188} INFO - [2026-05-07T20:44:54.218+0000] {dag.py:3954} INFO - Setting next_dagrun for example_branch_datetime_operator to 2026-05-06 00:00:00+00:00, run_after=2026-05-07 00:00:00+00:00
[2026-05-07T20:44:54.223+0000] {logging_mixin.py:188} INFO - [2026-05-07T20:44:54.223+0000] {dag.py:3954} INFO - Setting next_dagrun for example_branch_datetime_operator_2 to 2026-05-06 00:00:00+00:00, run_after=2026-05-07 00:00:00+00:00
[2026-05-07T20:44:54.226+0000] {logging_mixin.py:188} INFO - [2026-05-07T20:44:54.226+0000] {dag.py:3954} INFO - Setting next_dagrun for example_branch_datetime_operator_3 to 2026-05-06 00:00:00+00:00, run_after=2026-05-07 00:00:00+00:00
[2026-05-07T20:44:54.249+0000] {processor.py:183} INFO - Processing /home/airflow/.local/lib/python3.12/site-packages/airflow/example_dags/example_branch_datetime_operator.py took 0.101 seconds
[2026-05-07T20:45:24.908+0000] {processor.py:161} INFO - Started process (PID=3321) to work on /home/airflow/.local/lib/python3.12/site-packages/airflow/example_dags/example_branch_datetime_operator.py
[2026-05-07T20:45:24.910+0000] {processor.py:830} INFO - Processing file /home/airflow/.local/lib/python3.12/site-packages/airflow/example_dags/example_branch_datetime_operator.py for tasks to queue
[2026-05-07T20:45:24.912+0000] {logging_mixin.py:188} INFO - [2026-05-07T20:45:24.911+0000] {dagbag.py:545} INFO - Filling up the DagBag from /home/airflow/.local/lib/python3.12/site-packages/airflow/example_dags/example_branch_datetime_operator.py
[2026-05-07T20:45:24.920+0000] {processor.py:840} INFO - DAG(s) 'example_branch_datetime_operator', 'example_branch_datetime_operator_2', 'example_branch_datetime_operator_3' retrieved from /home/airflow/.local/lib/python3.12/site-packages/airflow/example_dags/example_branch_datetime_operator.py
[2026-05-07T20:45:24.944+0000] {logging_mixin.py:188} INFO - [2026-05-07T20:45:24.944+0000] {dag.py:3096} INFO - Sync 3 DAGs
[2026-05-07T20:45:24.964+0000] {logging_mixin.py:188} INFO - [2026-05-07T20:45:24.963+0000] {dag.py:3954} INFO - Setting next_dagrun for example_branch_datetime_operator to 2026-05-06 00:00:00+00:00, run_after=2026-05-07 00:00:00+00:00
[2026-05-07T20:45:24.968+0000] {logging_mixin.py:188} INFO - [2026-05-07T20:45:24.968+0000] {dag.py:3954} INFO - Setting next_dagrun for example_branch_datetime_operator_2 to 2026-05-06 00:00:00+00:00, run_after=2026-05-07 00:00:00+00:00
[2026-05-07T20:45:24.970+0000] {logging_mixin.py:188} INFO - [2026-05-07T20:45:24.970+0000] {dag.py:3954} INFO - Setting next_dagrun for example_branch_datetime_operator_3 to 2026-05-06 00:00:00+00:00, run_after=2026-05-07 00:00:00+00:00
[2026-05-07T20:45:25.044+0000] {processor.py:183} INFO - Processing /home/airflow/.local/lib/python3.12/site-packages/airflow/example_dags/example_branch_datetime_operator.py took 0.141 seconds
[2026-05-07T20:45:55.445+0000] {processor.py:161} INFO - Started process (PID=3379) to work on /home/airflow/.local/lib/python3.12/site-packages/airflow/example_dags/example_branch_datetime_operator.py
[2026-05-07T20:45:55.447+0000] {processor.py:830} INFO - Processing file /home/airflow/.local/lib/python3.12/site-packages/airflow/example_dags/example_branch_datetime_operator.py for tasks to queue
[2026-05-07T20:45:55.449+0000] {logging_mixin.py:188} INFO - [2026-05-07T20:45:55.449+0000] {dagbag.py:545} INFO - Filling up the DagBag from /home/airflow/.local/lib/python3.12/site-packages/airflow/example_dags/example_branch_datetime_operator.py
[2026-05-07T20:45:55.458+0000] {processor.py:840} INFO - DAG(s) 'example_branch_datetime_operator_3', 'example_branch_datetime_operator_2', 'example_branch_datetime_operator' retrieved from /home/airflow/.local/lib/python3.12/site-packages/airflow/example_dags/example_branch_datetime_operator.py
[2026-05-07T20:45:55.490+0000] {logging_mixin.py:188} INFO - [2026-05-07T20:45:55.490+0000] {dag.py:3096} INFO - Sync 3 DAGs
[2026-05-07T20:45:55.517+0000] {logging_mixin.py:188} INFO - [2026-05-07T20:45:55.517+0000] {dag.py:3954} INFO - Setting next_dagrun for example_branch_datetime_operator to 2026-05-06 00:00:00+00:00, run_after=2026-05-07 00:00:00+00:00
[2026-05-07T20:45:55.522+0000] {logging_mixin.py:188} INFO - [2026-05-07T20:45:55.522+0000] {dag.py:3954} INFO - Setting next_dagrun for example_branch_datetime_operator_2 to 2026-05-06 00:00:00+00:00, run_after=2026-05-07 00:00:00+00:00
[2026-05-07T20:45:55.525+0000] {logging_mixin.py:188} INFO - [2026-05-07T20:45:55.525+0000] {dag.py:3954} INFO - Setting next_dagrun for example_branch_datetime_operator_3 to 2026-05-06 00:00:00+00:00, run_after=2026-05-07 00:00:00+00:00
[2026-05-07T20:45:55.545+0000] {processor.py:183} INFO - Processing /home/airflow/.local/lib/python3.12/site-packages/airflow/example_dags/example_branch_datetime_operator.py took 0.108 seconds
[2026-05-07T20:46:26.013+0000] {processor.py:161} INFO - Started process (PID=3437) to work on /home/airflow/.local/lib/python3.12/site-packages/airflow/example_dags/example_branch_datetime_operator.py
[2026-05-07T20:46:26.015+0000] {processor.py:830} INFO - Processing file /home/airflow/.local/lib/python3.12/site-packages/airflow/example_dags/example_branch_datetime_operator.py for tasks to queue
[2026-05-07T20:46:26.018+0000] {logging_mixin.py:188} INFO - [2026-05-07T20:46:26.017+0000] {dagbag.py:545} INFO - Filling up the DagBag from /home/airflow/.local/lib/python3.12/site-packages/airflow/example_dags/example_branch_datetime_operator.py
[2026-05-07T20:46:26.028+0000] {processor.py:840} INFO - DAG(s) 'example_branch_datetime_operator_2', 'example_branch_datetime_operator', 'example_branch_datetime_operator_3' retrieved from /home/airflow/.local/lib/python3.12/site-packages/airflow/example_dags/example_branch_datetime_operator.py
[2026-05-07T20:46:26.059+0000] {logging_mixin.py:188} INFO - [2026-05-07T20:46:26.059+0000] {dag.py:3096} INFO - Sync 3 DAGs
[2026-05-07T20:46:26.082+0000] {logging_mixin.py:188} INFO - [2026-05-07T20:46:26.082+0000] {dag.py:3954} INFO - Setting next_dagrun for example_branch_datetime_operator to 2026-05-06 00:00:00+00:00, run_after=2026-05-07 00:00:00+00:00
[2026-05-07T20:46:26.088+0000] {logging_mixin.py:188} INFO - [2026-05-07T20:46:26.087+0000] {dag.py:3954} INFO - Setting next_dagrun for example_branch_datetime_operator_2 to 2026-05-06 00:00:00+00:00, run_after=2026-05-07 00:00:00+00:00
[2026-05-07T20:46:26.091+0000] {logging_mixin.py:188} INFO - [2026-05-07T20:46:26.091+0000] {dag.py:3954} INFO - Setting next_dagrun for example_branch_datetime_operator_3 to 2026-05-06 00:00:00+00:00, run_after=2026-05-07 00:00:00+00:00
[2026-05-07T20:46:26.115+0000] {processor.py:183} INFO - Processing /home/airflow/.local/lib/python3.12/site-packages/airflow/example_dags/example_branch_datetime_operator.py took 0.107 seconds
[2026-05-07T20:46:56.704+0000] {processor.py:161} INFO - Started process (PID=3495) to work on /home/airflow/.local/lib/python3.12/site-packages/airflow/example_dags/example_branch_datetime_operator.py
[2026-05-07T20:46:56.706+0000] {processor.py:830} INFO - Processing file /home/airflow/.local/lib/python3.12/site-packages/airflow/example_dags/example_branch_datetime_operator.py for tasks to queue
[2026-05-07T20:46:56.710+0000] {logging_mixin.py:188} INFO - [2026-05-07T20:46:56.710+0000] {dagbag.py:545} INFO - Filling up the DagBag from /home/airflow/.local/lib/python3.12/site-packages/airflow/example_dags/example_branch_datetime_operator.py
[2026-05-07T20:46:56.723+0000] {processor.py:840} INFO - DAG(s) 'example_branch_datetime_operator', 'example_branch_datetime_operator_2', 'example_branch_datetime_operator_3' retrieved from /home/airflow/.local/lib/python3.12/site-packages/airflow/example_dags/example_branch_datetime_operator.py
[2026-05-07T20:46:56.773+0000] {logging_mixin.py:188} INFO - [2026-05-07T20:46:56.773+0000] {dag.py:3096} INFO - Sync 3 DAGs
[2026-05-07T20:46:56.813+0000] {logging_mixin.py:188} INFO - [2026-05-07T20:46:56.813+0000] {dag.py:3954} INFO - Setting next_dagrun for example_branch_datetime_operator to 2026-05-06 00:00:00+00:00, run_after=2026-05-07 00:00:00+00:00
[2026-05-07T20:46:56.821+0000] {logging_mixin.py:188} INFO - [2026-05-07T20:46:56.821+0000] {dag.py:3954} INFO - Setting next_dagrun for example_branch_datetime_operator_2 to 2026-05-06 00:00:00+00:00, run_after=2026-05-07 00:00:00+00:00
[2026-05-07T20:46:56.826+0000] {logging_mixin.py:188} INFO - [2026-05-07T20:46:56.826+0000] {dag.py:3954} INFO - Setting next_dagrun for example_branch_datetime_operator_3 to 2026-05-06 00:00:00+00:00, run_after=2026-05-07 00:00:00+00:00
[2026-05-07T20:46:56.936+0000] {processor.py:183} INFO - Processing /home/airflow/.local/lib/python3.12/site-packages/airflow/example_dags/example_branch_datetime_operator.py took 0.242 seconds
[2026-05-07T20:47:28.128+0000] {processor.py:161} INFO - Started process (PID=3554) to work on /home/airflow/.local/lib/python3.12/site-packages/airflow/example_dags/example_branch_datetime_operator.py
[2026-05-07T20:47:28.130+0000] {processor.py:830} INFO - Processing file /home/airflow/.local/lib/python3.12/site-packages/airflow/example_dags/example_branch_datetime_operator.py for tasks to queue
[2026-05-07T20:47:28.132+0000] {logging_mixin.py:188} INFO - [2026-05-07T20:47:28.132+0000] {dagbag.py:545} INFO - Filling up the DagBag from /home/airflow/.local/lib/python3.12/site-packages/airflow/example_dags/example_branch_datetime_operator.py
[2026-05-07T20:47:28.142+0000] {processor.py:840} INFO - DAG(s) 'example_branch_datetime_operator_3', 'example_branch_datetime_operator_2', 'example_branch_datetime_operator' retrieved from /home/airflow/.local/lib/python3.12/site-packages/airflow/example_dags/example_branch_datetime_operator.py
[2026-05-07T20:47:28.173+0000] {logging_mixin.py:188} INFO - [2026-05-07T20:47:28.173+0000] {dag.py:3096} INFO - Sync 3 DAGs
[2026-05-07T20:47:28.199+0000] {logging_mixin.py:188} INFO - [2026-05-07T20:47:28.199+0000] {dag.py:3954} INFO - Setting next_dagrun for example_branch_datetime_operator to 2026-05-06 00:00:00+00:00, run_after=2026-05-07 00:00:00+00:00
[2026-05-07T20:47:28.204+0000] {logging_mixin.py:188} INFO - [2026-05-07T20:47:28.204+0000] {dag.py:3954} INFO - Setting next_dagrun for example_branch_datetime_operator_2 to 2026-05-06 00:00:00+00:00, run_after=2026-05-07 00:00:00+00:00
[2026-05-07T20:47:28.207+0000] {logging_mixin.py:188} INFO - [2026-05-07T20:47:28.206+0000] {dag.py:3954} INFO - Setting next_dagrun for example_branch_datetime_operator_3 to 2026-05-06 00:00:00+00:00, run_after=2026-05-07 00:00:00+00:00
[2026-05-07T20:47:28.303+0000] {processor.py:183} INFO - Processing /home/airflow/.local/lib/python3.12/site-packages/airflow/example_dags/example_branch_datetime_operator.py took 0.181 seconds
[2026-05-07T20:47:58.395+0000] {processor.py:161} INFO - Started process (PID=3612) to work on /home/airflow/.local/lib/python3.12/site-packages/airflow/example_dags/example_branch_datetime_operator.py
[2026-05-07T20:47:58.397+0000] {processor.py:830} INFO - Processing file /home/airflow/.local/lib/python3.12/site-packages/airflow/example_dags/example_branch_datetime_operator.py for tasks to queue
[2026-05-07T20:47:58.400+0000] {logging_mixin.py:188} INFO - [2026-05-07T20:47:58.400+0000] {dagbag.py:545} INFO - Filling up the DagBag from /home/airflow/.local/lib/python3.12/site-packages/airflow/example_dags/example_branch_datetime_operator.py
[2026-05-07T20:47:58.409+0000] {processor.py:840} INFO - DAG(s) 'example_branch_datetime_operator_3', 'example_branch_datetime_operator_2', 'example_branch_datetime_operator' retrieved from /home/airflow/.local/lib/python3.12/site-packages/airflow/example_dags/example_branch_datetime_operator.py
[2026-05-07T20:47:58.441+0000] {logging_mixin.py:188} INFO - [2026-05-07T20:47:58.441+0000] {dag.py:3096} INFO - Sync 3 DAGs
[2026-05-07T20:47:58.464+0000] {logging_mixin.py:188} INFO - [2026-05-07T20:47:58.463+0000] {dag.py:3954} INFO - Setting next_dagrun for example_branch_datetime_operator to 2026-05-06 00:00:00+00:00, run_after=2026-05-07 00:00:00+00:00
[2026-05-07T20:47:58.469+0000] {logging_mixin.py:188} INFO - [2026-05-07T20:47:58.469+0000] {dag.py:3954} INFO - Setting next_dagrun for example_branch_datetime_operator_2 to 2026-05-06 00:00:00+00:00, run_after=2026-05-07 00:00:00+00:00
[2026-05-07T20:47:58.472+0000] {logging_mixin.py:188} INFO - [2026-05-07T20:47:58.472+0000] {dag.py:3954} INFO - Setting next_dagrun for example_branch_datetime_operator_3 to 2026-05-06 00:00:00+00:00, run_after=2026-05-07 00:00:00+00:00
[2026-05-07T20:47:58.556+0000] {processor.py:183} INFO - Processing /home/airflow/.local/lib/python3.12/site-packages/airflow/example_dags/example_branch_datetime_operator.py took 0.174 seconds
[2026-05-07T20:48:28.736+0000] {processor.py:161} INFO - Started process (PID=3670) to work on /home/airflow/.local/lib/python3.12/site-packages/airflow/example_dags/example_branch_datetime_operator.py
[2026-05-07T20:48:28.739+0000] {processor.py:830} INFO - Processing file /home/airflow/.local/lib/python3.12/site-packages/airflow/example_dags/example_branch_datetime_operator.py for tasks to queue
[2026-05-07T20:48:28.742+0000] {logging_mixin.py:188} INFO - [2026-05-07T20:48:28.742+0000] {dagbag.py:545} INFO - Filling up the DagBag from /home/airflow/.local/lib/python3.12/site-packages/airflow/example_dags/example_branch_datetime_operator.py
[2026-05-07T20:48:28.751+0000] {processor.py:840} INFO - DAG(s) 'example_branch_datetime_operator', 'example_branch_datetime_operator_2', 'example_branch_datetime_operator_3' retrieved from /home/airflow/.local/lib/python3.12/site-packages/airflow/example_dags/example_branch_datetime_operator.py
[2026-05-07T20:48:28.784+0000] {logging_mixin.py:188} INFO - [2026-05-07T20:48:28.784+0000] {dag.py:3096} INFO - Sync 3 DAGs
[2026-05-07T20:48:28.810+0000] {logging_mixin.py:188} INFO - [2026-05-07T20:48:28.810+0000] {dag.py:3954} INFO - Setting next_dagrun for example_branch_datetime_operator to 2026-05-06 00:00:00+00:00, run_after=2026-05-07 00:00:00+00:00
[2026-05-07T20:48:28.815+0000] {logging_mixin.py:188} INFO - [2026-05-07T20:48:28.815+0000] {dag.py:3954} INFO - Setting next_dagrun for example_branch_datetime_operator_2 to 2026-05-06 00:00:00+00:00, run_after=2026-05-07 00:00:00+00:00
[2026-05-07T20:48:28.818+0000] {logging_mixin.py:188} INFO - [2026-05-07T20:48:28.817+0000] {dag.py:3954} INFO - Setting next_dagrun for example_branch_datetime_operator_3 to 2026-05-06 00:00:00+00:00, run_after=2026-05-07 00:00:00+00:00
[2026-05-07T20:48:28.894+0000] {processor.py:183} INFO - Processing /home/airflow/.local/lib/python3.12/site-packages/airflow/example_dags/example_branch_datetime_operator.py took 0.165 seconds
[2026-05-07T20:48:59.089+0000] {processor.py:161} INFO - Started process (PID=3728) to work on /home/airflow/.local/lib/python3.12/site-packages/airflow/example_dags/example_branch_datetime_operator.py
[2026-05-07T20:48:59.091+0000] {processor.py:830} INFO - Processing file /home/airflow/.local/lib/python3.12/site-packages/airflow/example_dags/example_branch_datetime_operator.py for tasks to queue
[2026-05-07T20:48:59.097+0000] {logging_mixin.py:188} INFO - [2026-05-07T20:48:59.096+0000] {dagbag.py:545} INFO - Filling up the DagBag from /home/airflow/.local/lib/python3.12/site-packages/airflow/example_dags/example_branch_datetime_operator.py
[2026-05-07T20:48:59.110+0000] {processor.py:840} INFO - DAG(s) 'example_branch_datetime_operator_2', 'example_branch_datetime_operator', 'example_branch_datetime_operator_3' retrieved from /home/airflow/.local/lib/python3.12/site-packages/airflow/example_dags/example_branch_datetime_operator.py
[2026-05-07T20:48:59.152+0000] {logging_mixin.py:188} INFO - [2026-05-07T20:48:59.152+0000] {dag.py:3096} INFO - Sync 3 DAGs
[2026-05-07T20:48:59.180+0000] {logging_mixin.py:188} INFO - [2026-05-07T20:48:59.180+0000] {dag.py:3954} INFO - Setting next_dagrun for example_branch_datetime_operator to 2026-05-06 00:00:00+00:00, run_after=2026-05-07 00:00:00+00:00
[2026-05-07T20:48:59.185+0000] {logging_mixin.py:188} INFO - [2026-05-07T20:48:59.185+0000] {dag.py:3954} INFO - Setting next_dagrun for example_branch_datetime_operator_2 to 2026-05-06 00:00:00+00:00, run_after=2026-05-07 00:00:00+00:00
[2026-05-07T20:48:59.188+0000] {logging_mixin.py:188} INFO - [2026-05-07T20:48:59.188+0000] {dag.py:3954} INFO - Setting next_dagrun for example_branch_datetime_operator_3 to 2026-05-06 00:00:00+00:00, run_after=2026-05-07 00:00:00+00:00
[2026-05-07T20:48:59.216+0000] {processor.py:183} INFO - Processing /home/airflow/.local/lib/python3.12/site-packages/airflow/example_dags/example_branch_datetime_operator.py took 0.138 seconds
[2026-05-07T20:49:29.452+0000] {processor.py:161} INFO - Started process (PID=3786) to work on /home/airflow/.local/lib/python3.12/site-packages/airflow/example_dags/example_branch_datetime_operator.py
[2026-05-07T20:49:29.454+0000] {processor.py:830} INFO - Processing file /home/airflow/.local/lib/python3.12/site-packages/airflow/example_dags/example_branch_datetime_operator.py for tasks to queue
[2026-05-07T20:49:29.456+0000] {logging_mixin.py:188} INFO - [2026-05-07T20:49:29.456+0000] {dagbag.py:545} INFO - Filling up the DagBag from /home/airflow/.local/lib/python3.12/site-packages/airflow/example_dags/example_branch_datetime_operator.py
[2026-05-07T20:49:29.466+0000] {processor.py:840} INFO - DAG(s) 'example_branch_datetime_operator', 'example_branch_datetime_operator_2', 'example_branch_datetime_operator_3' retrieved from /home/airflow/.local/lib/python3.12/site-packages/airflow/example_dags/example_branch_datetime_operator.py
[2026-05-07T20:49:29.499+0000] {logging_mixin.py:188} INFO - [2026-05-07T20:49:29.499+0000] {dag.py:3096} INFO - Sync 3 DAGs
[2026-05-07T20:49:29.528+0000] {logging_mixin.py:188} INFO - [2026-05-07T20:49:29.527+0000] {dag.py:3954} INFO - Setting next_dagrun for example_branch_datetime_operator to 2026-05-06 00:00:00+00:00, run_after=2026-05-07 00:00:00+00:00
[2026-05-07T20:49:29.533+0000] {logging_mixin.py:188} INFO - [2026-05-07T20:49:29.533+0000] {dag.py:3954} INFO - Setting next_dagrun for example_branch_datetime_operator_2 to 2026-05-06 00:00:00+00:00, run_after=2026-05-07 00:00:00+00:00
[2026-05-07T20:49:29.536+0000] {logging_mixin.py:188} INFO - [2026-05-07T20:49:29.535+0000] {dag.py:3954} INFO - Setting next_dagrun for example_branch_datetime_operator_3 to 2026-05-06 00:00:00+00:00, run_after=2026-05-07 00:00:00+00:00
[2026-05-07T20:49:29.607+0000] {processor.py:183} INFO - Processing /home/airflow/.local/lib/python3.12/site-packages/airflow/example_dags/example_branch_datetime_operator.py took 0.160 seconds
[2026-05-07T20:49:59.849+0000] {processor.py:161} INFO - Started process (PID=3844) to work on /home/airflow/.local/lib/python3.12/site-packages/airflow/example_dags/example_branch_datetime_operator.py
[2026-05-07T20:49:59.851+0000] {processor.py:830} INFO - Processing file /home/airflow/.local/lib/python3.12/site-packages/airflow/example_dags/example_branch_datetime_operator.py for tasks to queue
[2026-05-07T20:49:59.855+0000] {logging_mixin.py:188} INFO - [2026-05-07T20:49:59.854+0000] {dagbag.py:545} INFO - Filling up the DagBag from /home/airflow/.local/lib/python3.12/site-packages/airflow/example_dags/example_branch_datetime_operator.py
[2026-05-07T20:49:59.866+0000] {processor.py:840} INFO - DAG(s) 'example_branch_datetime_operator', 'example_branch_datetime_operator_3', 'example_branch_datetime_operator_2' retrieved from /home/airflow/.local/lib/python3.12/site-packages/airflow/example_dags/example_branch_datetime_operator.py
[2026-05-07T20:49:59.920+0000] {logging_mixin.py:188} INFO - [2026-05-07T20:49:59.920+0000] {dag.py:3096} INFO - Sync 3 DAGs
[2026-05-07T20:49:59.949+0000] {logging_mixin.py:188} INFO - [2026-05-07T20:49:59.948+0000] {dag.py:3954} INFO - Setting next_dagrun for example_branch_datetime_operator to 2026-05-06 00:00:00+00:00, run_after=2026-05-07 00:00:00+00:00
[2026-05-07T20:49:59.957+0000] {logging_mixin.py:188} INFO - [2026-05-07T20:49:59.956+0000] {dag.py:3954} INFO - Setting next_dagrun for example_branch_datetime_operator_2 to 2026-05-06 00:00:00+00:00, run_after=2026-05-07 00:00:00+00:00
[2026-05-07T20:49:59.960+0000] {logging_mixin.py:188} INFO - [2026-05-07T20:49:59.960+0000] {dag.py:3954} INFO - Setting next_dagrun for example_branch_datetime_operator_3 to 2026-05-06 00:00:00+00:00, run_after=2026-05-07 00:00:00+00:00
[2026-05-07T20:49:59.997+0000] {processor.py:183} INFO - Processing /home/airflow/.local/lib/python3.12/site-packages/airflow/example_dags/example_branch_datetime_operator.py took 0.155 seconds
[2026-05-07T20:50:31.046+0000] {processor.py:161} INFO - Started process (PID=3902) to work on /home/airflow/.local/lib/python3.12/site-packages/airflow/example_dags/example_branch_datetime_operator.py
[2026-05-07T20:50:31.048+0000] {processor.py:830} INFO - Processing file /home/airflow/.local/lib/python3.12/site-packages/airflow/example_dags/example_branch_datetime_operator.py for tasks to queue
[2026-05-07T20:50:31.052+0000] {logging_mixin.py:188} INFO - [2026-05-07T20:50:31.051+0000] {dagbag.py:545} INFO - Filling up the DagBag from /home/airflow/.local/lib/python3.12/site-packages/airflow/example_dags/example_branch_datetime_operator.py
[2026-05-07T20:50:31.064+0000] {processor.py:840} INFO - DAG(s) 'example_branch_datetime_operator_2', 'example_branch_datetime_operator', 'example_branch_datetime_operator_3' retrieved from /home/airflow/.local/lib/python3.12/site-packages/airflow/example_dags/example_branch_datetime_operator.py
[2026-05-07T20:50:31.099+0000] {logging_mixin.py:188} INFO - [2026-05-07T20:50:31.099+0000] {dag.py:3096} INFO - Sync 3 DAGs
[2026-05-07T20:50:31.126+0000] {logging_mixin.py:188} INFO - [2026-05-07T20:50:31.126+0000] {dag.py:3954} INFO - Setting next_dagrun for example_branch_datetime_operator to 2026-05-06 00:00:00+00:00, run_after=2026-05-07 00:00:00+00:00
[2026-05-07T20:50:31.132+0000] {logging_mixin.py:188} INFO - [2026-05-07T20:50:31.132+0000] {dag.py:3954} INFO - Setting next_dagrun for example_branch_datetime_operator_2 to 2026-05-06 00:00:00+00:00, run_after=2026-05-07 00:00:00+00:00
[2026-05-07T20:50:31.135+0000] {logging_mixin.py:188} INFO - [2026-05-07T20:50:31.135+0000] {dag.py:3954} INFO - Setting next_dagrun for example_branch_datetime_operator_3 to 2026-05-06 00:00:00+00:00, run_after=2026-05-07 00:00:00+00:00
[2026-05-07T20:50:31.164+0000] {processor.py:183} INFO - Processing /home/airflow/.local/lib/python3.12/site-packages/airflow/example_dags/example_branch_datetime_operator.py took 0.126 seconds
[2026-05-07T20:51:01.771+0000] {processor.py:161} INFO - Started process (PID=3960) to work on /home/airflow/.local/lib/python3.12/site-packages/airflow/example_dags/example_branch_datetime_operator.py
[2026-05-07T20:51:01.773+0000] {processor.py:830} INFO - Processing file /home/airflow/.local/lib/python3.12/site-packages/airflow/example_dags/example_branch_datetime_operator.py for tasks to queue
[2026-05-07T20:51:01.778+0000] {logging_mixin.py:188} INFO - [2026-05-07T20:51:01.777+0000] {dagbag.py:545} INFO - Filling up the DagBag from /home/airflow/.local/lib/python3.12/site-packages/airflow/example_dags/example_branch_datetime_operator.py
[2026-05-07T20:51:01.789+0000] {processor.py:840} INFO - DAG(s) 'example_branch_datetime_operator_3', 'example_branch_datetime_operator', 'example_branch_datetime_operator_2' retrieved from /home/airflow/.local/lib/python3.12/site-packages/airflow/example_dags/example_branch_datetime_operator.py
[2026-05-07T20:51:01.826+0000] {logging_mixin.py:188} INFO - [2026-05-07T20:51:01.825+0000] {dag.py:3096} INFO - Sync 3 DAGs
[2026-05-07T20:51:01.852+0000] {logging_mixin.py:188} INFO - [2026-05-07T20:51:01.852+0000] {dag.py:3954} INFO - Setting next_dagrun for example_branch_datetime_operator to 2026-05-06 00:00:00+00:00, run_after=2026-05-07 00:00:00+00:00
[2026-05-07T20:51:01.858+0000] {logging_mixin.py:188} INFO - [2026-05-07T20:51:01.858+0000] {dag.py:3954} INFO - Setting next_dagrun for example_branch_datetime_operator_2 to 2026-05-06 00:00:00+00:00, run_after=2026-05-07 00:00:00+00:00
[2026-05-07T20:51:01.862+0000] {logging_mixin.py:188} INFO - [2026-05-07T20:51:01.862+0000] {dag.py:3954} INFO - Setting next_dagrun for example_branch_datetime_operator_3 to 2026-05-06 00:00:00+00:00, run_after=2026-05-07 00:00:00+00:00
[2026-05-07T20:51:01.888+0000] {processor.py:183} INFO - Processing /home/airflow/.local/lib/python3.12/site-packages/airflow/example_dags/example_branch_datetime_operator.py took 0.125 seconds
[2026-05-07T20:51:32.704+0000] {processor.py:161} INFO - Started process (PID=4018) to work on /home/airflow/.local/lib/python3.12/site-packages/airflow/example_dags/example_branch_datetime_operator.py
[2026-05-07T20:51:32.706+0000] {processor.py:830} INFO - Processing file /home/airflow/.local/lib/python3.12/site-packages/airflow/example_dags/example_branch_datetime_operator.py for tasks to queue
[2026-05-07T20:51:32.708+0000] {logging_mixin.py:188} INFO - [2026-05-07T20:51:32.708+0000] {dagbag.py:545} INFO - Filling up the DagBag from /home/airflow/.local/lib/python3.12/site-packages/airflow/example_dags/example_branch_datetime_operator.py
[2026-05-07T20:51:32.719+0000] {processor.py:840} INFO - DAG(s) 'example_branch_datetime_operator', 'example_branch_datetime_operator_2', 'example_branch_datetime_operator_3' retrieved from /home/airflow/.local/lib/python3.12/site-packages/airflow/example_dags/example_branch_datetime_operator.py
[2026-05-07T20:51:32.747+0000] {logging_mixin.py:188} INFO - [2026-05-07T20:51:32.746+0000] {dag.py:3096} INFO - Sync 3 DAGs
[2026-05-07T20:51:32.769+0000] {logging_mixin.py:188} INFO - [2026-05-07T20:51:32.768+0000] {dag.py:3954} INFO - Setting next_dagrun for example_branch_datetime_operator to 2026-05-06 00:00:00+00:00, run_after=2026-05-07 00:00:00+00:00
[2026-05-07T20:51:32.773+0000] {logging_mixin.py:188} INFO - [2026-05-07T20:51:32.773+0000] {dag.py:3954} INFO - Setting next_dagrun for example_branch_datetime_operator_2 to 2026-05-06 00:00:00+00:00, run_after=2026-05-07 00:00:00+00:00
[2026-05-07T20:51:32.776+0000] {logging_mixin.py:188} INFO - [2026-05-07T20:51:32.775+0000] {dag.py:3954} INFO - Setting next_dagrun for example_branch_datetime_operator_3 to 2026-05-06 00:00:00+00:00, run_after=2026-05-07 00:00:00+00:00
[2026-05-07T20:51:32.869+0000] {processor.py:183} INFO - Processing /home/airflow/.local/lib/python3.12/site-packages/airflow/example_dags/example_branch_datetime_operator.py took 0.173 seconds
[2026-05-07T20:52:03.583+0000] {processor.py:161} INFO - Started process (PID=4077) to work on /home/airflow/.local/lib/python3.12/site-packages/airflow/example_dags/example_branch_datetime_operator.py
[2026-05-07T20:52:03.586+0000] {processor.py:830} INFO - Processing file /home/airflow/.local/lib/python3.12/site-packages/airflow/example_dags/example_branch_datetime_operator.py for tasks to queue
[2026-05-07T20:52:03.589+0000] {logging_mixin.py:188} INFO - [2026-05-07T20:52:03.588+0000] {dagbag.py:545} INFO - Filling up the DagBag from /home/airflow/.local/lib/python3.12/site-packages/airflow/example_dags/example_branch_datetime_operator.py
[2026-05-07T20:52:03.598+0000] {processor.py:840} INFO - DAG(s) 'example_branch_datetime_operator', 'example_branch_datetime_operator_3', 'example_branch_datetime_operator_2' retrieved from /home/airflow/.local/lib/python3.12/site-packages/airflow/example_dags/example_branch_datetime_operator.py
[2026-05-07T20:52:03.634+0000] {logging_mixin.py:188} INFO - [2026-05-07T20:52:03.634+0000] {dag.py:3096} INFO - Sync 3 DAGs
[2026-05-07T20:52:03.656+0000] {logging_mixin.py:188} INFO - [2026-05-07T20:52:03.656+0000] {dag.py:3954} INFO - Setting next_dagrun for example_branch_datetime_operator to 2026-05-06 00:00:00+00:00, run_after=2026-05-07 00:00:00+00:00
[2026-05-07T20:52:03.661+0000] {logging_mixin.py:188} INFO - [2026-05-07T20:52:03.661+0000] {dag.py:3954} INFO - Setting next_dagrun for example_branch_datetime_operator_2 to 2026-05-06 00:00:00+00:00, run_after=2026-05-07 00:00:00+00:00
[2026-05-07T20:52:03.663+0000] {logging_mixin.py:188} INFO - [2026-05-07T20:52:03.663+0000] {dag.py:3954} INFO - Setting next_dagrun for example_branch_datetime_operator_3 to 2026-05-06 00:00:00+00:00, run_after=2026-05-07 00:00:00+00:00
[2026-05-07T20:52:03.741+0000] {processor.py:183} INFO - Processing /home/airflow/.local/lib/python3.12/site-packages/airflow/example_dags/example_branch_datetime_operator.py took 0.164 seconds
[2026-05-07T20:52:34.512+0000] {processor.py:161} INFO - Started process (PID=4135) to work on /home/airflow/.local/lib/python3.12/site-packages/airflow/example_dags/example_branch_datetime_operator.py
[2026-05-07T20:52:34.514+0000] {processor.py:830} INFO - Processing file /home/airflow/.local/lib/python3.12/site-packages/airflow/example_dags/example_branch_datetime_operator.py for tasks to queue
[2026-05-07T20:52:34.516+0000] {logging_mixin.py:188} INFO - [2026-05-07T20:52:34.516+0000] {dagbag.py:545} INFO - Filling up the DagBag from /home/airflow/.local/lib/python3.12/site-packages/airflow/example_dags/example_branch_datetime_operator.py
[2026-05-07T20:52:34.525+0000] {processor.py:840} INFO - DAG(s) 'example_branch_datetime_operator_3', 'example_branch_datetime_operator_2', 'example_branch_datetime_operator' retrieved from /home/airflow/.local/lib/python3.12/site-packages/airflow/example_dags/example_branch_datetime_operator.py
[2026-05-07T20:52:34.554+0000] {logging_mixin.py:188} INFO - [2026-05-07T20:52:34.554+0000] {dag.py:3096} INFO - Sync 3 DAGs
[2026-05-07T20:52:34.577+0000] {logging_mixin.py:188} INFO - [2026-05-07T20:52:34.577+0000] {dag.py:3954} INFO - Setting next_dagrun for example_branch_datetime_operator to 2026-05-06 00:00:00+00:00, run_after=2026-05-07 00:00:00+00:00
[2026-05-07T20:52:34.582+0000] {logging_mixin.py:188} INFO - [2026-05-07T20:52:34.582+0000] {dag.py:3954} INFO - Setting next_dagrun for example_branch_datetime_operator_2 to 2026-05-06 00:00:00+00:00, run_after=2026-05-07 00:00:00+00:00
[2026-05-07T20:52:34.586+0000] {logging_mixin.py:188} INFO - [2026-05-07T20:52:34.586+0000] {dag.py:3954} INFO - Setting next_dagrun for example_branch_datetime_operator_3 to 2026-05-06 00:00:00+00:00, run_after=2026-05-07 00:00:00+00:00
[2026-05-07T20:52:34.686+0000] {processor.py:183} INFO - Processing /home/airflow/.local/lib/python3.12/site-packages/airflow/example_dags/example_branch_datetime_operator.py took 0.181 seconds
[2026-05-07T20:53:05.041+0000] {processor.py:161} INFO - Started process (PID=4193) to work on /home/airflow/.local/lib/python3.12/site-packages/airflow/example_dags/example_branch_datetime_operator.py
[2026-05-07T20:53:05.042+0000] {processor.py:830} INFO - Processing file /home/airflow/.local/lib/python3.12/site-packages/airflow/example_dags/example_branch_datetime_operator.py for tasks to queue
[2026-05-07T20:53:05.045+0000] {logging_mixin.py:188} INFO - [2026-05-07T20:53:05.044+0000] {dagbag.py:545} INFO - Filling up the DagBag from /home/airflow/.local/lib/python3.12/site-packages/airflow/example_dags/example_branch_datetime_operator.py
[2026-05-07T20:53:05.058+0000] {processor.py:840} INFO - DAG(s) 'example_branch_datetime_operator_3', 'example_branch_datetime_operator_2', 'example_branch_datetime_operator' retrieved from /home/airflow/.local/lib/python3.12/site-packages/airflow/example_dags/example_branch_datetime_operator.py
[2026-05-07T20:53:05.092+0000] {logging_mixin.py:188} INFO - [2026-05-07T20:53:05.092+0000] {dag.py:3096} INFO - Sync 3 DAGs
[2026-05-07T20:53:05.130+0000] {logging_mixin.py:188} INFO - [2026-05-07T20:53:05.130+0000] {dag.py:3954} INFO - Setting next_dagrun for example_branch_datetime_operator to 2026-05-06 00:00:00+00:00, run_after=2026-05-07 00:00:00+00:00
[2026-05-07T20:53:05.135+0000] {logging_mixin.py:188} INFO - [2026-05-07T20:53:05.135+0000] {dag.py:3954} INFO - Setting next_dagrun for example_branch_datetime_operator_2 to 2026-05-06 00:00:00+00:00, run_after=2026-05-07 00:00:00+00:00
[2026-05-07T20:53:05.139+0000] {logging_mixin.py:188} INFO - [2026-05-07T20:53:05.139+0000] {dag.py:3954} INFO - Setting next_dagrun for example_branch_datetime_operator_3 to 2026-05-06 00:00:00+00:00, run_after=2026-05-07 00:00:00+00:00
[2026-05-07T20:53:05.165+0000] {processor.py:183} INFO - Processing /home/airflow/.local/lib/python3.12/site-packages/airflow/example_dags/example_branch_datetime_operator.py took 0.134 seconds
[2026-05-07T20:53:36.231+0000] {processor.py:161} INFO - Started process (PID=4251) to work on /home/airflow/.local/lib/python3.12/site-packages/airflow/example_dags/example_branch_datetime_operator.py
[2026-05-07T20:53:36.233+0000] {processor.py:830} INFO - Processing file /home/airflow/.local/lib/python3.12/site-packages/airflow/example_dags/example_branch_datetime_operator.py for tasks to queue
[2026-05-07T20:53:36.236+0000] {logging_mixin.py:188} INFO - [2026-05-07T20:53:36.235+0000] {dagbag.py:545} INFO - Filling up the DagBag from /home/airflow/.local/lib/python3.12/site-packages/airflow/example_dags/example_branch_datetime_operator.py
[2026-05-07T20:53:36.249+0000] {processor.py:840} INFO - DAG(s) 'example_branch_datetime_operator_3', 'example_branch_datetime_operator_2', 'example_branch_datetime_operator' retrieved from /home/airflow/.local/lib/python3.12/site-packages/airflow/example_dags/example_branch_datetime_operator.py
[2026-05-07T20:53:36.276+0000] {logging_mixin.py:188} INFO - [2026-05-07T20:53:36.276+0000] {dag.py:3096} INFO - Sync 3 DAGs
[2026-05-07T20:53:36.299+0000] {logging_mixin.py:188} INFO - [2026-05-07T20:53:36.299+0000] {dag.py:3954} INFO - Setting next_dagrun for example_branch_datetime_operator to 2026-05-06 00:00:00+00:00, run_after=2026-05-07 00:00:00+00:00
[2026-05-07T20:53:36.304+0000] {logging_mixin.py:188} INFO - [2026-05-07T20:53:36.304+0000] {dag.py:3954} INFO - Setting next_dagrun for example_branch_datetime_operator_2 to 2026-05-06 00:00:00+00:00, run_after=2026-05-07 00:00:00+00:00
[2026-05-07T20:53:36.306+0000] {logging_mixin.py:188} INFO - [2026-05-07T20:53:36.306+0000] {dag.py:3954} INFO - Setting next_dagrun for example_branch_datetime_operator_3 to 2026-05-06 00:00:00+00:00, run_after=2026-05-07 00:00:00+00:00
[2026-05-07T20:53:36.407+0000] {processor.py:183} INFO - Processing /home/airflow/.local/lib/python3.12/site-packages/airflow/example_dags/example_branch_datetime_operator.py took 0.182 seconds
[2026-05-07T20:54:07.074+0000] {processor.py:161} INFO - Started process (PID=4309) to work on /home/airflow/.local/lib/python3.12/site-packages/airflow/example_dags/example_branch_datetime_operator.py
[2026-05-07T20:54:07.076+0000] {processor.py:830} INFO - Processing file /home/airflow/.local/lib/python3.12/site-packages/airflow/example_dags/example_branch_datetime_operator.py for tasks to queue
[2026-05-07T20:54:07.080+0000] {logging_mixin.py:188} INFO - [2026-05-07T20:54:07.079+0000] {dagbag.py:545} INFO - Filling up the DagBag from /home/airflow/.local/lib/python3.12/site-packages/airflow/example_dags/example_branch_datetime_operator.py
[2026-05-07T20:54:07.096+0000] {processor.py:840} INFO - DAG(s) 'example_branch_datetime_operator_3', 'example_branch_datetime_operator', 'example_branch_datetime_operator_2' retrieved from /home/airflow/.local/lib/python3.12/site-packages/airflow/example_dags/example_branch_datetime_operator.py
[2026-05-07T20:54:07.171+0000] {logging_mixin.py:188} INFO - [2026-05-07T20:54:07.170+0000] {dag.py:3096} INFO - Sync 3 DAGs
[2026-05-07T20:54:07.208+0000] {logging_mixin.py:188} INFO - [2026-05-07T20:54:07.208+0000] {dag.py:3954} INFO - Setting next_dagrun for example_branch_datetime_operator to 2026-05-06 00:00:00+00:00, run_after=2026-05-07 00:00:00+00:00
[2026-05-07T20:54:07.217+0000] {logging_mixin.py:188} INFO - [2026-05-07T20:54:07.216+0000] {dag.py:3954} INFO - Setting next_dagrun for example_branch_datetime_operator_2 to 2026-05-06 00:00:00+00:00, run_after=2026-05-07 00:00:00+00:00
[2026-05-07T20:54:07.229+0000] {logging_mixin.py:188} INFO - [2026-05-07T20:54:07.228+0000] {dag.py:3954} INFO - Setting next_dagrun for example_branch_datetime_operator_3 to 2026-05-06 00:00:00+00:00, run_after=2026-05-07 00:00:00+00:00
[2026-05-07T20:54:07.343+0000] {processor.py:183} INFO - Processing /home/airflow/.local/lib/python3.12/site-packages/airflow/example_dags/example_branch_datetime_operator.py took 0.284 seconds
[2026-05-07T20:54:38.306+0000] {processor.py:161} INFO - Started process (PID=4373) to work on /home/airflow/.local/lib/python3.12/site-packages/airflow/example_dags/example_branch_datetime_operator.py
[2026-05-07T20:54:38.309+0000] {processor.py:830} INFO - Processing file /home/airflow/.local/lib/python3.12/site-packages/airflow/example_dags/example_branch_datetime_operator.py for tasks to queue
[2026-05-07T20:54:38.313+0000] {logging_mixin.py:188} INFO - [2026-05-07T20:54:38.313+0000] {dagbag.py:545} INFO - Filling up the DagBag from /home/airflow/.local/lib/python3.12/site-packages/airflow/example_dags/example_branch_datetime_operator.py
[2026-05-07T20:54:38.332+0000] {processor.py:840} INFO - DAG(s) 'example_branch_datetime_operator', 'example_branch_datetime_operator_2', 'example_branch_datetime_operator_3' retrieved from /home/airflow/.local/lib/python3.12/site-packages/airflow/example_dags/example_branch_datetime_operator.py
[2026-05-07T20:54:38.372+0000] {logging_mixin.py:188} INFO - [2026-05-07T20:54:38.372+0000] {dag.py:3096} INFO - Sync 3 DAGs
[2026-05-07T20:54:38.396+0000] {logging_mixin.py:188} INFO - [2026-05-07T20:54:38.395+0000] {dag.py:3954} INFO - Setting next_dagrun for example_branch_datetime_operator to 2026-05-06 00:00:00+00:00, run_after=2026-05-07 00:00:00+00:00
[2026-05-07T20:54:38.401+0000] {logging_mixin.py:188} INFO - [2026-05-07T20:54:38.400+0000] {dag.py:3954} INFO - Setting next_dagrun for example_branch_datetime_operator_2 to 2026-05-06 00:00:00+00:00, run_after=2026-05-07 00:00:00+00:00
[2026-05-07T20:54:38.404+0000] {logging_mixin.py:188} INFO - [2026-05-07T20:54:38.403+0000] {dag.py:3954} INFO - Setting next_dagrun for example_branch_datetime_operator_3 to 2026-05-06 00:00:00+00:00, run_after=2026-05-07 00:00:00+00:00
[2026-05-07T20:54:38.424+0000] {processor.py:183} INFO - Processing /home/airflow/.local/lib/python3.12/site-packages/airflow/example_dags/example_branch_datetime_operator.py took 0.136 seconds
[2026-05-07T20:55:08.997+0000] {processor.py:161} INFO - Started process (PID=4431) to work on /home/airflow/.local/lib/python3.12/site-packages/airflow/example_dags/example_branch_datetime_operator.py
[2026-05-07T20:55:08.999+0000] {processor.py:830} INFO - Processing file /home/airflow/.local/lib/python3.12/site-packages/airflow/example_dags/example_branch_datetime_operator.py for tasks to queue
[2026-05-07T20:55:09.001+0000] {logging_mixin.py:188} INFO - [2026-05-07T20:55:09.001+0000] {dagbag.py:545} INFO - Filling up the DagBag from /home/airflow/.local/lib/python3.12/site-packages/airflow/example_dags/example_branch_datetime_operator.py
[2026-05-07T20:55:09.010+0000] {processor.py:840} INFO - DAG(s) 'example_branch_datetime_operator_3', 'example_branch_datetime_operator_2', 'example_branch_datetime_operator' retrieved from /home/airflow/.local/lib/python3.12/site-packages/airflow/example_dags/example_branch_datetime_operator.py
[2026-05-07T20:55:09.041+0000] {logging_mixin.py:188} INFO - [2026-05-07T20:55:09.041+0000] {dag.py:3096} INFO - Sync 3 DAGs
[2026-05-07T20:55:09.066+0000] {logging_mixin.py:188} INFO - [2026-05-07T20:55:09.065+0000] {dag.py:3954} INFO - Setting next_dagrun for example_branch_datetime_operator to 2026-05-06 00:00:00+00:00, run_after=2026-05-07 00:00:00+00:00
[2026-05-07T20:55:09.071+0000] {logging_mixin.py:188} INFO - [2026-05-07T20:55:09.071+0000] {dag.py:3954} INFO - Setting next_dagrun for example_branch_datetime_operator_2 to 2026-05-06 00:00:00+00:00, run_after=2026-05-07 00:00:00+00:00
[2026-05-07T20:55:09.073+0000] {logging_mixin.py:188} INFO - [2026-05-07T20:55:09.073+0000] {dag.py:3954} INFO - Setting next_dagrun for example_branch_datetime_operator_3 to 2026-05-06 00:00:00+00:00, run_after=2026-05-07 00:00:00+00:00
[2026-05-07T20:55:09.156+0000] {processor.py:183} INFO - Processing /home/airflow/.local/lib/python3.12/site-packages/airflow/example_dags/example_branch_datetime_operator.py took 0.168 seconds
[2026-05-07T20:55:39.957+0000] {processor.py:161} INFO - Started process (PID=4489) to work on /home/airflow/.local/lib/python3.12/site-packages/airflow/example_dags/example_branch_datetime_operator.py
[2026-05-07T20:55:39.959+0000] {processor.py:830} INFO - Processing file /home/airflow/.local/lib/python3.12/site-packages/airflow/example_dags/example_branch_datetime_operator.py for tasks to queue
[2026-05-07T20:55:39.962+0000] {logging_mixin.py:188} INFO - [2026-05-07T20:55:39.961+0000] {dagbag.py:545} INFO - Filling up the DagBag from /home/airflow/.local/lib/python3.12/site-packages/airflow/example_dags/example_branch_datetime_operator.py
[2026-05-07T20:55:39.972+0000] {processor.py:840} INFO - DAG(s) 'example_branch_datetime_operator', 'example_branch_datetime_operator_3', 'example_branch_datetime_operator_2' retrieved from /home/airflow/.local/lib/python3.12/site-packages/airflow/example_dags/example_branch_datetime_operator.py
[2026-05-07T20:55:40.002+0000] {logging_mixin.py:188} INFO - [2026-05-07T20:55:40.002+0000] {dag.py:3096} INFO - Sync 3 DAGs
[2026-05-07T20:55:40.025+0000] {logging_mixin.py:188} INFO - [2026-05-07T20:55:40.025+0000] {dag.py:3954} INFO - Setting next_dagrun for example_branch_datetime_operator to 2026-05-06 00:00:00+00:00, run_after=2026-05-07 00:00:00+00:00
[2026-05-07T20:55:40.030+0000] {logging_mixin.py:188} INFO - [2026-05-07T20:55:40.029+0000] {dag.py:3954} INFO - Setting next_dagrun for example_branch_datetime_operator_2 to 2026-05-06 00:00:00+00:00, run_after=2026-05-07 00:00:00+00:00
[2026-05-07T20:55:40.032+0000] {logging_mixin.py:188} INFO - [2026-05-07T20:55:40.032+0000] {dag.py:3954} INFO - Setting next_dagrun for example_branch_datetime_operator_3 to 2026-05-06 00:00:00+00:00, run_after=2026-05-07 00:00:00+00:00
[2026-05-07T20:55:40.054+0000] {processor.py:183} INFO - Processing /home/airflow/.local/lib/python3.12/site-packages/airflow/example_dags/example_branch_datetime_operator.py took 0.107 seconds
[2026-05-07T20:56:10.556+0000] {processor.py:161} INFO - Started process (PID=4547) to work on /home/airflow/.local/lib/python3.12/site-packages/airflow/example_dags/example_branch_datetime_operator.py
[2026-05-07T20:56:10.558+0000] {processor.py:830} INFO - Processing file /home/airflow/.local/lib/python3.12/site-packages/airflow/example_dags/example_branch_datetime_operator.py for tasks to queue
[2026-05-07T20:56:10.560+0000] {logging_mixin.py:188} INFO - [2026-05-07T20:56:10.560+0000] {dagbag.py:545} INFO - Filling up the DagBag from /home/airflow/.local/lib/python3.12/site-packages/airflow/example_dags/example_branch_datetime_operator.py
[2026-05-07T20:56:10.569+0000] {processor.py:840} INFO - DAG(s) 'example_branch_datetime_operator_2', 'example_branch_datetime_operator_3', 'example_branch_datetime_operator' retrieved from /home/airflow/.local/lib/python3.12/site-packages/airflow/example_dags/example_branch_datetime_operator.py
[2026-05-07T20:56:10.600+0000] {logging_mixin.py:188} INFO - [2026-05-07T20:56:10.600+0000] {dag.py:3096} INFO - Sync 3 DAGs
[2026-05-07T20:56:10.626+0000] {logging_mixin.py:188} INFO - [2026-05-07T20:56:10.626+0000] {dag.py:3954} INFO - Setting next_dagrun for example_branch_datetime_operator to 2026-05-06 00:00:00+00:00, run_after=2026-05-07 00:00:00+00:00
[2026-05-07T20:56:10.631+0000] {logging_mixin.py:188} INFO - [2026-05-07T20:56:10.631+0000] {dag.py:3954} INFO - Setting next_dagrun for example_branch_datetime_operator_2 to 2026-05-06 00:00:00+00:00, run_after=2026-05-07 00:00:00+00:00
[2026-05-07T20:56:10.634+0000] {logging_mixin.py:188} INFO - [2026-05-07T20:56:10.634+0000] {dag.py:3954} INFO - Setting next_dagrun for example_branch_datetime_operator_3 to 2026-05-06 00:00:00+00:00, run_after=2026-05-07 00:00:00+00:00
[2026-05-07T20:56:10.712+0000] {processor.py:183} INFO - Processing /home/airflow/.local/lib/python3.12/site-packages/airflow/example_dags/example_branch_datetime_operator.py took 0.164 seconds
[2026-05-07T20:56:41.305+0000] {processor.py:161} INFO - Started process (PID=4605) to work on /home/airflow/.local/lib/python3.12/site-packages/airflow/example_dags/example_branch_datetime_operator.py
[2026-05-07T20:56:41.306+0000] {processor.py:830} INFO - Processing file /home/airflow/.local/lib/python3.12/site-packages/airflow/example_dags/example_branch_datetime_operator.py for tasks to queue
[2026-05-07T20:56:41.310+0000] {logging_mixin.py:188} INFO - [2026-05-07T20:56:41.310+0000] {dagbag.py:545} INFO - Filling up the DagBag from /home/airflow/.local/lib/python3.12/site-packages/airflow/example_dags/example_branch_datetime_operator.py
[2026-05-07T20:56:41.319+0000] {processor.py:840} INFO - DAG(s) 'example_branch_datetime_operator_2', 'example_branch_datetime_operator', 'example_branch_datetime_operator_3' retrieved from /home/airflow/.local/lib/python3.12/site-packages/airflow/example_dags/example_branch_datetime_operator.py
[2026-05-07T20:56:41.352+0000] {logging_mixin.py:188} INFO - [2026-05-07T20:56:41.351+0000] {dag.py:3096} INFO - Sync 3 DAGs
[2026-05-07T20:56:41.376+0000] {logging_mixin.py:188} INFO - [2026-05-07T20:56:41.376+0000] {dag.py:3954} INFO - Setting next_dagrun for example_branch_datetime_operator to 2026-05-06 00:00:00+00:00, run_after=2026-05-07 00:00:00+00:00
[2026-05-07T20:56:41.381+0000] {logging_mixin.py:188} INFO - [2026-05-07T20:56:41.381+0000] {dag.py:3954} INFO - Setting next_dagrun for example_branch_datetime_operator_2 to 2026-05-06 00:00:00+00:00, run_after=2026-05-07 00:00:00+00:00
[2026-05-07T20:56:41.385+0000] {logging_mixin.py:188} INFO - [2026-05-07T20:56:41.384+0000] {dag.py:3954} INFO - Setting next_dagrun for example_branch_datetime_operator_3 to 2026-05-06 00:00:00+00:00, run_after=2026-05-07 00:00:00+00:00
[2026-05-07T20:56:41.407+0000] {processor.py:183} INFO - Processing /home/airflow/.local/lib/python3.12/site-packages/airflow/example_dags/example_branch_datetime_operator.py took 0.110 seconds
[2026-05-07T20:57:11.924+0000] {processor.py:161} INFO - Started process (PID=4663) to work on /home/airflow/.local/lib/python3.12/site-packages/airflow/example_dags/example_branch_datetime_operator.py
[2026-05-07T20:57:11.926+0000] {processor.py:830} INFO - Processing file /home/airflow/.local/lib/python3.12/site-packages/airflow/example_dags/example_branch_datetime_operator.py for tasks to queue
[2026-05-07T20:57:11.929+0000] {logging_mixin.py:188} INFO - [2026-05-07T20:57:11.928+0000] {dagbag.py:545} INFO - Filling up the DagBag from /home/airflow/.local/lib/python3.12/site-packages/airflow/example_dags/example_branch_datetime_operator.py
[2026-05-07T20:57:11.939+0000] {processor.py:840} INFO - DAG(s) 'example_branch_datetime_operator_3', 'example_branch_datetime_operator', 'example_branch_datetime_operator_2' retrieved from /home/airflow/.local/lib/python3.12/site-packages/airflow/example_dags/example_branch_datetime_operator.py
[2026-05-07T20:57:11.972+0000] {logging_mixin.py:188} INFO - [2026-05-07T20:57:11.972+0000] {dag.py:3096} INFO - Sync 3 DAGs
[2026-05-07T20:57:11.994+0000] {logging_mixin.py:188} INFO - [2026-05-07T20:57:11.994+0000] {dag.py:3954} INFO - Setting next_dagrun for example_branch_datetime_operator to 2026-05-06 00:00:00+00:00, run_after=2026-05-07 00:00:00+00:00
[2026-05-07T20:57:12.000+0000] {logging_mixin.py:188} INFO - [2026-05-07T20:57:12.000+0000] {dag.py:3954} INFO - Setting next_dagrun for example_branch_datetime_operator_2 to 2026-05-06 00:00:00+00:00, run_after=2026-05-07 00:00:00+00:00
[2026-05-07T20:57:12.003+0000] {logging_mixin.py:188} INFO - [2026-05-07T20:57:12.003+0000] {dag.py:3954} INFO - Setting next_dagrun for example_branch_datetime_operator_3 to 2026-05-06 00:00:00+00:00, run_after=2026-05-07 00:00:00+00:00
[2026-05-07T20:57:12.045+0000] {processor.py:183} INFO - Processing /home/airflow/.local/lib/python3.12/site-packages/airflow/example_dags/example_branch_datetime_operator.py took 0.135 seconds
[2026-05-07T20:57:42.770+0000] {processor.py:161} INFO - Started process (PID=4721) to work on /home/airflow/.local/lib/python3.12/site-packages/airflow/example_dags/example_branch_datetime_operator.py
[2026-05-07T20:57:42.772+0000] {processor.py:830} INFO - Processing file /home/airflow/.local/lib/python3.12/site-packages/airflow/example_dags/example_branch_datetime_operator.py for tasks to queue
[2026-05-07T20:57:42.776+0000] {logging_mixin.py:188} INFO - [2026-05-07T20:57:42.775+0000] {dagbag.py:545} INFO - Filling up the DagBag from /home/airflow/.local/lib/python3.12/site-packages/airflow/example_dags/example_branch_datetime_operator.py
[2026-05-07T20:57:42.793+0000] {processor.py:840} INFO - DAG(s) 'example_branch_datetime_operator', 'example_branch_datetime_operator_3', 'example_branch_datetime_operator_2' retrieved from /home/airflow/.local/lib/python3.12/site-packages/airflow/example_dags/example_branch_datetime_operator.py
[2026-05-07T20:57:42.840+0000] {logging_mixin.py:188} INFO - [2026-05-07T20:57:42.840+0000] {dag.py:3096} INFO - Sync 3 DAGs
[2026-05-07T20:57:42.882+0000] {logging_mixin.py:188} INFO - [2026-05-07T20:57:42.882+0000] {dag.py:3954} INFO - Setting next_dagrun for example_branch_datetime_operator to 2026-05-06 00:00:00+00:00, run_after=2026-05-07 00:00:00+00:00
[2026-05-07T20:57:42.892+0000] {logging_mixin.py:188} INFO - [2026-05-07T20:57:42.891+0000] {dag.py:3954} INFO - Setting next_dagrun for example_branch_datetime_operator_2 to 2026-05-06 00:00:00+00:00, run_after=2026-05-07 00:00:00+00:00
[2026-05-07T20:57:42.897+0000] {logging_mixin.py:188} INFO - [2026-05-07T20:57:42.896+0000] {dag.py:3954} INFO - Setting next_dagrun for example_branch_datetime_operator_3 to 2026-05-06 00:00:00+00:00, run_after=2026-05-07 00:00:00+00:00
[2026-05-07T20:57:42.969+0000] {processor.py:183} INFO - Processing /home/airflow/.local/lib/python3.12/site-packages/airflow/example_dags/example_branch_datetime_operator.py took 0.211 seconds
[2026-05-07T20:58:13.703+0000] {processor.py:161} INFO - Started process (PID=4779) to work on /home/airflow/.local/lib/python3.12/site-packages/airflow/example_dags/example_branch_datetime_operator.py
[2026-05-07T20:58:13.708+0000] {processor.py:830} INFO - Processing file /home/airflow/.local/lib/python3.12/site-packages/airflow/example_dags/example_branch_datetime_operator.py for tasks to queue
[2026-05-07T20:58:13.714+0000] {logging_mixin.py:188} INFO - [2026-05-07T20:58:13.713+0000] {dagbag.py:545} INFO - Filling up the DagBag from /home/airflow/.local/lib/python3.12/site-packages/airflow/example_dags/example_branch_datetime_operator.py
[2026-05-07T20:58:13.733+0000] {processor.py:840} INFO - DAG(s) 'example_branch_datetime_operator_3', 'example_branch_datetime_operator_2', 'example_branch_datetime_operator' retrieved from /home/airflow/.local/lib/python3.12/site-packages/airflow/example_dags/example_branch_datetime_operator.py
[2026-05-07T20:58:13.799+0000] {logging_mixin.py:188} INFO - [2026-05-07T20:58:13.799+0000] {dag.py:3096} INFO - Sync 3 DAGs
[2026-05-07T20:58:13.857+0000] {logging_mixin.py:188} INFO - [2026-05-07T20:58:13.856+0000] {dag.py:3954} INFO - Setting next_dagrun for example_branch_datetime_operator to 2026-05-06 00:00:00+00:00, run_after=2026-05-07 00:00:00+00:00
[2026-05-07T20:58:13.867+0000] {logging_mixin.py:188} INFO - [2026-05-07T20:58:13.866+0000] {dag.py:3954} INFO - Setting next_dagrun for example_branch_datetime_operator_2 to 2026-05-06 00:00:00+00:00, run_after=2026-05-07 00:00:00+00:00
[2026-05-07T20:58:13.872+0000] {logging_mixin.py:188} INFO - [2026-05-07T20:58:13.871+0000] {dag.py:3954} INFO - Setting next_dagrun for example_branch_datetime_operator_3 to 2026-05-06 00:00:00+00:00, run_after=2026-05-07 00:00:00+00:00
[2026-05-07T20:58:13.913+0000] {processor.py:183} INFO - Processing /home/airflow/.local/lib/python3.12/site-packages/airflow/example_dags/example_branch_datetime_operator.py took 0.219 seconds
[2026-05-07T20:58:44.096+0000] {processor.py:161} INFO - Started process (PID=4837) to work on /home/airflow/.local/lib/python3.12/site-packages/airflow/example_dags/example_branch_datetime_operator.py
[2026-05-07T20:58:44.098+0000] {processor.py:830} INFO - Processing file /home/airflow/.local/lib/python3.12/site-packages/airflow/example_dags/example_branch_datetime_operator.py for tasks to queue
[2026-05-07T20:58:44.102+0000] {logging_mixin.py:188} INFO - [2026-05-07T20:58:44.101+0000] {dagbag.py:545} INFO - Filling up the DagBag from /home/airflow/.local/lib/python3.12/site-packages/airflow/example_dags/example_branch_datetime_operator.py
[2026-05-07T20:58:44.119+0000] {processor.py:840} INFO - DAG(s) 'example_branch_datetime_operator_3', 'example_branch_datetime_operator_2', 'example_branch_datetime_operator' retrieved from /home/airflow/.local/lib/python3.12/site-packages/airflow/example_dags/example_branch_datetime_operator.py
[2026-05-07T20:58:44.164+0000] {logging_mixin.py:188} INFO - [2026-05-07T20:58:44.163+0000] {dag.py:3096} INFO - Sync 3 DAGs
[2026-05-07T20:58:44.198+0000] {logging_mixin.py:188} INFO - [2026-05-07T20:58:44.197+0000] {dag.py:3954} INFO - Setting next_dagrun for example_branch_datetime_operator to 2026-05-06 00:00:00+00:00, run_after=2026-05-07 00:00:00+00:00
[2026-05-07T20:58:44.204+0000] {logging_mixin.py:188} INFO - [2026-05-07T20:58:44.204+0000] {dag.py:3954} INFO - Setting next_dagrun for example_branch_datetime_operator_2 to 2026-05-06 00:00:00+00:00, run_after=2026-05-07 00:00:00+00:00
[2026-05-07T20:58:44.208+0000] {logging_mixin.py:188} INFO - [2026-05-07T20:58:44.208+0000] {dag.py:3954} INFO - Setting next_dagrun for example_branch_datetime_operator_3 to 2026-05-06 00:00:00+00:00, run_after=2026-05-07 00:00:00+00:00
[2026-05-07T20:58:44.246+0000] {processor.py:183} INFO - Processing /home/airflow/.local/lib/python3.12/site-packages/airflow/example_dags/example_branch_datetime_operator.py took 0.159 seconds
[2026-05-07T20:59:14.843+0000] {processor.py:161} INFO - Started process (PID=4896) to work on /home/airflow/.local/lib/python3.12/site-packages/airflow/example_dags/example_branch_datetime_operator.py
[2026-05-07T20:59:14.845+0000] {processor.py:830} INFO - Processing file /home/airflow/.local/lib/python3.12/site-packages/airflow/example_dags/example_branch_datetime_operator.py for tasks to queue
[2026-05-07T20:59:14.848+0000] {logging_mixin.py:188} INFO - [2026-05-07T20:59:14.848+0000] {dagbag.py:545} INFO - Filling up the DagBag from /home/airflow/.local/lib/python3.12/site-packages/airflow/example_dags/example_branch_datetime_operator.py
[2026-05-07T20:59:14.861+0000] {processor.py:840} INFO - DAG(s) 'example_branch_datetime_operator', 'example_branch_datetime_operator_2', 'example_branch_datetime_operator_3' retrieved from /home/airflow/.local/lib/python3.12/site-packages/airflow/example_dags/example_branch_datetime_operator.py
[2026-05-07T20:59:14.906+0000] {logging_mixin.py:188} INFO - [2026-05-07T20:59:14.906+0000] {dag.py:3096} INFO - Sync 3 DAGs
[2026-05-07T20:59:14.931+0000] {logging_mixin.py:188} INFO - [2026-05-07T20:59:14.931+0000] {dag.py:3954} INFO - Setting next_dagrun for example_branch_datetime_operator to 2026-05-06 00:00:00+00:00, run_after=2026-05-07 00:00:00+00:00
[2026-05-07T20:59:14.937+0000] {logging_mixin.py:188} INFO - [2026-05-07T20:59:14.937+0000] {dag.py:3954} INFO - Setting next_dagrun for example_branch_datetime_operator_2 to 2026-05-06 00:00:00+00:00, run_after=2026-05-07 00:00:00+00:00
[2026-05-07T20:59:14.941+0000] {logging_mixin.py:188} INFO - [2026-05-07T20:59:14.941+0000] {dag.py:3954} INFO - Setting next_dagrun for example_branch_datetime_operator_3 to 2026-05-06 00:00:00+00:00, run_after=2026-05-07 00:00:00+00:00
[2026-05-07T20:59:14.970+0000] {processor.py:183} INFO - Processing /home/airflow/.local/lib/python3.12/site-packages/airflow/example_dags/example_branch_datetime_operator.py took 0.137 seconds
[2026-05-07T20:59:45.353+0000] {processor.py:161} INFO - Started process (PID=4954) to work on /home/airflow/.local/lib/python3.12/site-packages/airflow/example_dags/example_branch_datetime_operator.py
[2026-05-07T20:59:45.357+0000] {processor.py:830} INFO - Processing file /home/airflow/.local/lib/python3.12/site-packages/airflow/example_dags/example_branch_datetime_operator.py for tasks to queue
[2026-05-07T20:59:45.361+0000] {logging_mixin.py:188} INFO - [2026-05-07T20:59:45.360+0000] {dagbag.py:545} INFO - Filling up the DagBag from /home/airflow/.local/lib/python3.12/site-packages/airflow/example_dags/example_branch_datetime_operator.py
[2026-05-07T20:59:45.370+0000] {processor.py:840} INFO - DAG(s) 'example_branch_datetime_operator', 'example_branch_datetime_operator_3', 'example_branch_datetime_operator_2' retrieved from /home/airflow/.local/lib/python3.12/site-packages/airflow/example_dags/example_branch_datetime_operator.py
[2026-05-07T20:59:45.422+0000] {logging_mixin.py:188} INFO - [2026-05-07T20:59:45.422+0000] {dag.py:3096} INFO - Sync 3 DAGs
[2026-05-07T20:59:45.456+0000] {logging_mixin.py:188} INFO - [2026-05-07T20:59:45.456+0000] {dag.py:3954} INFO - Setting next_dagrun for example_branch_datetime_operator to 2026-05-06 00:00:00+00:00, run_after=2026-05-07 00:00:00+00:00
[2026-05-07T20:59:45.464+0000] {logging_mixin.py:188} INFO - [2026-05-07T20:59:45.463+0000] {dag.py:3954} INFO - Setting next_dagrun for example_branch_datetime_operator_2 to 2026-05-06 00:00:00+00:00, run_after=2026-05-07 00:00:00+00:00
[2026-05-07T20:59:45.468+0000] {logging_mixin.py:188} INFO - [2026-05-07T20:59:45.468+0000] {dag.py:3954} INFO - Setting next_dagrun for example_branch_datetime_operator_3 to 2026-05-06 00:00:00+00:00, run_after=2026-05-07 00:00:00+00:00
[2026-05-07T20:59:45.499+0000] {processor.py:183} INFO - Processing /home/airflow/.local/lib/python3.12/site-packages/airflow/example_dags/example_branch_datetime_operator.py took 0.158 seconds
[2026-05-07T21:00:15.701+0000] {processor.py:161} INFO - Started process (PID=5012) to work on /home/airflow/.local/lib/python3.12/site-packages/airflow/example_dags/example_branch_datetime_operator.py
[2026-05-07T21:00:15.703+0000] {processor.py:830} INFO - Processing file /home/airflow/.local/lib/python3.12/site-packages/airflow/example_dags/example_branch_datetime_operator.py for tasks to queue
[2026-05-07T21:00:15.705+0000] {logging_mixin.py:188} INFO - [2026-05-07T21:00:15.705+0000] {dagbag.py:545} INFO - Filling up the DagBag from /home/airflow/.local/lib/python3.12/site-packages/airflow/example_dags/example_branch_datetime_operator.py
[2026-05-07T21:00:15.716+0000] {processor.py:840} INFO - DAG(s) 'example_branch_datetime_operator', 'example_branch_datetime_operator_3', 'example_branch_datetime_operator_2' retrieved from /home/airflow/.local/lib/python3.12/site-packages/airflow/example_dags/example_branch_datetime_operator.py
[2026-05-07T21:00:15.745+0000] {logging_mixin.py:188} INFO - [2026-05-07T21:00:15.745+0000] {dag.py:3096} INFO - Sync 3 DAGs
[2026-05-07T21:00:15.767+0000] {logging_mixin.py:188} INFO - [2026-05-07T21:00:15.767+0000] {dag.py:3954} INFO - Setting next_dagrun for example_branch_datetime_operator to 2026-05-06 00:00:00+00:00, run_after=2026-05-07 00:00:00+00:00
[2026-05-07T21:00:15.773+0000] {logging_mixin.py:188} INFO - [2026-05-07T21:00:15.772+0000] {dag.py:3954} INFO - Setting next_dagrun for example_branch_datetime_operator_2 to 2026-05-06 00:00:00+00:00, run_after=2026-05-07 00:00:00+00:00
[2026-05-07T21:00:15.775+0000] {logging_mixin.py:188} INFO - [2026-05-07T21:00:15.775+0000] {dag.py:3954} INFO - Setting next_dagrun for example_branch_datetime_operator_3 to 2026-05-06 00:00:00+00:00, run_after=2026-05-07 00:00:00+00:00
[2026-05-07T21:00:15.863+0000] {processor.py:183} INFO - Processing /home/airflow/.local/lib/python3.12/site-packages/airflow/example_dags/example_branch_datetime_operator.py took 0.169 seconds
[2026-05-07T21:00:45.973+0000] {processor.py:161} INFO - Started process (PID=5070) to work on /home/airflow/.local/lib/python3.12/site-packages/airflow/example_dags/example_branch_datetime_operator.py
[2026-05-07T21:00:45.975+0000] {processor.py:830} INFO - Processing file /home/airflow/.local/lib/python3.12/site-packages/airflow/example_dags/example_branch_datetime_operator.py for tasks to queue
[2026-05-07T21:00:45.977+0000] {logging_mixin.py:188} INFO - [2026-05-07T21:00:45.977+0000] {dagbag.py:545} INFO - Filling up the DagBag from /home/airflow/.local/lib/python3.12/site-packages/airflow/example_dags/example_branch_datetime_operator.py
[2026-05-07T21:00:45.987+0000] {processor.py:840} INFO - DAG(s) 'example_branch_datetime_operator_2', 'example_branch_datetime_operator', 'example_branch_datetime_operator_3' retrieved from /home/airflow/.local/lib/python3.12/site-packages/airflow/example_dags/example_branch_datetime_operator.py
[2026-05-07T21:00:46.017+0000] {logging_mixin.py:188} INFO - [2026-05-07T21:00:46.017+0000] {dag.py:3096} INFO - Sync 3 DAGs
[2026-05-07T21:00:46.040+0000] {logging_mixin.py:188} INFO - [2026-05-07T21:00:46.040+0000] {dag.py:3954} INFO - Setting next_dagrun for example_branch_datetime_operator to 2026-05-06 00:00:00+00:00, run_after=2026-05-07 00:00:00+00:00
[2026-05-07T21:00:46.045+0000] {logging_mixin.py:188} INFO - [2026-05-07T21:00:46.044+0000] {dag.py:3954} INFO - Setting next_dagrun for example_branch_datetime_operator_2 to 2026-05-06 00:00:00+00:00, run_after=2026-05-07 00:00:00+00:00
[2026-05-07T21:00:46.047+0000] {logging_mixin.py:188} INFO - [2026-05-07T21:00:46.047+0000] {dag.py:3954} INFO - Setting next_dagrun for example_branch_datetime_operator_3 to 2026-05-06 00:00:00+00:00, run_after=2026-05-07 00:00:00+00:00
[2026-05-07T21:00:46.071+0000] {processor.py:183} INFO - Processing /home/airflow/.local/lib/python3.12/site-packages/airflow/example_dags/example_branch_datetime_operator.py took 0.104 seconds
[2026-05-07T21:01:16.525+0000] {processor.py:161} INFO - Started process (PID=5128) to work on /home/airflow/.local/lib/python3.12/site-packages/airflow/example_dags/example_branch_datetime_operator.py
[2026-05-07T21:01:16.527+0000] {processor.py:830} INFO - Processing file /home/airflow/.local/lib/python3.12/site-packages/airflow/example_dags/example_branch_datetime_operator.py for tasks to queue
[2026-05-07T21:01:16.530+0000] {logging_mixin.py:188} INFO - [2026-05-07T21:01:16.529+0000] {dagbag.py:545} INFO - Filling up the DagBag from /home/airflow/.local/lib/python3.12/site-packages/airflow/example_dags/example_branch_datetime_operator.py
[2026-05-07T21:01:16.542+0000] {processor.py:840} INFO - DAG(s) 'example_branch_datetime_operator_3', 'example_branch_datetime_operator_2', 'example_branch_datetime_operator' retrieved from /home/airflow/.local/lib/python3.12/site-packages/airflow/example_dags/example_branch_datetime_operator.py
[2026-05-07T21:01:16.576+0000] {logging_mixin.py:188} INFO - [2026-05-07T21:01:16.576+0000] {dag.py:3096} INFO - Sync 3 DAGs
[2026-05-07T21:01:16.605+0000] {logging_mixin.py:188} INFO - [2026-05-07T21:01:16.605+0000] {dag.py:3954} INFO - Setting next_dagrun for example_branch_datetime_operator to 2026-05-06 00:00:00+00:00, run_after=2026-05-07 00:00:00+00:00
[2026-05-07T21:01:16.612+0000] {logging_mixin.py:188} INFO - [2026-05-07T21:01:16.612+0000] {dag.py:3954} INFO - Setting next_dagrun for example_branch_datetime_operator_2 to 2026-05-06 00:00:00+00:00, run_after=2026-05-07 00:00:00+00:00
[2026-05-07T21:01:16.614+0000] {logging_mixin.py:188} INFO - [2026-05-07T21:01:16.614+0000] {dag.py:3954} INFO - Setting next_dagrun for example_branch_datetime_operator_3 to 2026-05-06 00:00:00+00:00, run_after=2026-05-07 00:00:00+00:00
[2026-05-07T21:01:16.683+0000] {processor.py:183} INFO - Processing /home/airflow/.local/lib/python3.12/site-packages/airflow/example_dags/example_branch_datetime_operator.py took 0.166 seconds
[2026-05-07T21:01:47.045+0000] {processor.py:161} INFO - Started process (PID=5186) to work on /home/airflow/.local/lib/python3.12/site-packages/airflow/example_dags/example_branch_datetime_operator.py
[2026-05-07T21:01:47.061+0000] {processor.py:830} INFO - Processing file /home/airflow/.local/lib/python3.12/site-packages/airflow/example_dags/example_branch_datetime_operator.py for tasks to queue
[2026-05-07T21:01:47.066+0000] {logging_mixin.py:188} INFO - [2026-05-07T21:01:47.065+0000] {dagbag.py:545} INFO - Filling up the DagBag from /home/airflow/.local/lib/python3.12/site-packages/airflow/example_dags/example_branch_datetime_operator.py
[2026-05-07T21:01:47.104+0000] {processor.py:840} INFO - DAG(s) 'example_branch_datetime_operator_2', 'example_branch_datetime_operator', 'example_branch_datetime_operator_3' retrieved from /home/airflow/.local/lib/python3.12/site-packages/airflow/example_dags/example_branch_datetime_operator.py
[2026-05-07T21:01:47.193+0000] {logging_mixin.py:188} INFO - [2026-05-07T21:01:47.192+0000] {dag.py:3096} INFO - Sync 3 DAGs
[2026-05-07T21:01:47.233+0000] {logging_mixin.py:188} INFO - [2026-05-07T21:01:47.232+0000] {dag.py:3954} INFO - Setting next_dagrun for example_branch_datetime_operator to 2026-05-06 00:00:00+00:00, run_after=2026-05-07 00:00:00+00:00
[2026-05-07T21:01:47.241+0000] {logging_mixin.py:188} INFO - [2026-05-07T21:01:47.241+0000] {dag.py:3954} INFO - Setting next_dagrun for example_branch_datetime_operator_2 to 2026-05-06 00:00:00+00:00, run_after=2026-05-07 00:00:00+00:00
[2026-05-07T21:01:47.247+0000] {logging_mixin.py:188} INFO - [2026-05-07T21:01:47.247+0000] {dag.py:3954} INFO - Setting next_dagrun for example_branch_datetime_operator_3 to 2026-05-06 00:00:00+00:00, run_after=2026-05-07 00:00:00+00:00
[2026-05-07T21:01:47.302+0000] {processor.py:183} INFO - Processing /home/airflow/.local/lib/python3.12/site-packages/airflow/example_dags/example_branch_datetime_operator.py took 0.284 seconds
[2026-05-07T21:02:17.440+0000] {processor.py:161} INFO - Started process (PID=5244) to work on /home/airflow/.local/lib/python3.12/site-packages/airflow/example_dags/example_branch_datetime_operator.py
[2026-05-07T21:02:17.441+0000] {processor.py:830} INFO - Processing file /home/airflow/.local/lib/python3.12/site-packages/airflow/example_dags/example_branch_datetime_operator.py for tasks to queue
[2026-05-07T21:02:17.445+0000] {logging_mixin.py:188} INFO - [2026-05-07T21:02:17.444+0000] {dagbag.py:545} INFO - Filling up the DagBag from /home/airflow/.local/lib/python3.12/site-packages/airflow/example_dags/example_branch_datetime_operator.py
[2026-05-07T21:02:17.454+0000] {processor.py:840} INFO - DAG(s) 'example_branch_datetime_operator_3', 'example_branch_datetime_operator', 'example_branch_datetime_operator_2' retrieved from /home/airflow/.local/lib/python3.12/site-packages/airflow/example_dags/example_branch_datetime_operator.py
[2026-05-07T21:02:17.483+0000] {logging_mixin.py:188} INFO - [2026-05-07T21:02:17.483+0000] {dag.py:3096} INFO - Sync 3 DAGs
[2026-05-07T21:02:17.507+0000] {logging_mixin.py:188} INFO - [2026-05-07T21:02:17.507+0000] {dag.py:3954} INFO - Setting next_dagrun for example_branch_datetime_operator to 2026-05-06 00:00:00+00:00, run_after=2026-05-07 00:00:00+00:00
[2026-05-07T21:02:17.513+0000] {logging_mixin.py:188} INFO - [2026-05-07T21:02:17.512+0000] {dag.py:3954} INFO - Setting next_dagrun for example_branch_datetime_operator_2 to 2026-05-06 00:00:00+00:00, run_after=2026-05-07 00:00:00+00:00
[2026-05-07T21:02:17.516+0000] {logging_mixin.py:188} INFO - [2026-05-07T21:02:17.516+0000] {dag.py:3954} INFO - Setting next_dagrun for example_branch_datetime_operator_3 to 2026-05-06 00:00:00+00:00, run_after=2026-05-07 00:00:00+00:00
[2026-05-07T21:02:17.536+0000] {processor.py:183} INFO - Processing /home/airflow/.local/lib/python3.12/site-packages/airflow/example_dags/example_branch_datetime_operator.py took 0.103 seconds
[2026-05-07T21:02:47.628+0000] {processor.py:161} INFO - Started process (PID=5302) to work on /home/airflow/.local/lib/python3.12/site-packages/airflow/example_dags/example_branch_datetime_operator.py
[2026-05-07T21:02:47.631+0000] {processor.py:830} INFO - Processing file /home/airflow/.local/lib/python3.12/site-packages/airflow/example_dags/example_branch_datetime_operator.py for tasks to queue
[2026-05-07T21:02:47.634+0000] {logging_mixin.py:188} INFO - [2026-05-07T21:02:47.633+0000] {dagbag.py:545} INFO - Filling up the DagBag from /home/airflow/.local/lib/python3.12/site-packages/airflow/example_dags/example_branch_datetime_operator.py
[2026-05-07T21:02:47.644+0000] {processor.py:840} INFO - DAG(s) 'example_branch_datetime_operator', 'example_branch_datetime_operator_3', 'example_branch_datetime_operator_2' retrieved from /home/airflow/.local/lib/python3.12/site-packages/airflow/example_dags/example_branch_datetime_operator.py
[2026-05-07T21:02:47.691+0000] {logging_mixin.py:188} INFO - [2026-05-07T21:02:47.691+0000] {dag.py:3096} INFO - Sync 3 DAGs
[2026-05-07T21:02:47.720+0000] {logging_mixin.py:188} INFO - [2026-05-07T21:02:47.720+0000] {dag.py:3954} INFO - Setting next_dagrun for example_branch_datetime_operator to 2026-05-06 00:00:00+00:00, run_after=2026-05-07 00:00:00+00:00
[2026-05-07T21:02:47.725+0000] {logging_mixin.py:188} INFO - [2026-05-07T21:02:47.725+0000] {dag.py:3954} INFO - Setting next_dagrun for example_branch_datetime_operator_2 to 2026-05-06 00:00:00+00:00, run_after=2026-05-07 00:00:00+00:00
[2026-05-07T21:02:47.728+0000] {logging_mixin.py:188} INFO - [2026-05-07T21:02:47.728+0000] {dag.py:3954} INFO - Setting next_dagrun for example_branch_datetime_operator_3 to 2026-05-06 00:00:00+00:00, run_after=2026-05-07 00:00:00+00:00
[2026-05-07T21:02:47.780+0000] {processor.py:183} INFO - Processing /home/airflow/.local/lib/python3.12/site-packages/airflow/example_dags/example_branch_datetime_operator.py took 0.166 seconds
[2026-05-07T21:03:18.575+0000] {processor.py:161} INFO - Started process (PID=5360) to work on /home/airflow/.local/lib/python3.12/site-packages/airflow/example_dags/example_branch_datetime_operator.py
[2026-05-07T21:03:18.577+0000] {processor.py:830} INFO - Processing file /home/airflow/.local/lib/python3.12/site-packages/airflow/example_dags/example_branch_datetime_operator.py for tasks to queue
[2026-05-07T21:03:18.580+0000] {logging_mixin.py:188} INFO - [2026-05-07T21:03:18.579+0000] {dagbag.py:545} INFO - Filling up the DagBag from /home/airflow/.local/lib/python3.12/site-packages/airflow/example_dags/example_branch_datetime_operator.py
[2026-05-07T21:03:18.591+0000] {processor.py:840} INFO - DAG(s) 'example_branch_datetime_operator_3', 'example_branch_datetime_operator_2', 'example_branch_datetime_operator' retrieved from /home/airflow/.local/lib/python3.12/site-packages/airflow/example_dags/example_branch_datetime_operator.py
[2026-05-07T21:03:18.629+0000] {logging_mixin.py:188} INFO - [2026-05-07T21:03:18.629+0000] {dag.py:3096} INFO - Sync 3 DAGs
[2026-05-07T21:03:18.657+0000] {logging_mixin.py:188} INFO - [2026-05-07T21:03:18.656+0000] {dag.py:3954} INFO - Setting next_dagrun for example_branch_datetime_operator to 2026-05-06 00:00:00+00:00, run_after=2026-05-07 00:00:00+00:00
[2026-05-07T21:03:18.663+0000] {logging_mixin.py:188} INFO - [2026-05-07T21:03:18.663+0000] {dag.py:3954} INFO - Setting next_dagrun for example_branch_datetime_operator_2 to 2026-05-06 00:00:00+00:00, run_after=2026-05-07 00:00:00+00:00
[2026-05-07T21:03:18.666+0000] {logging_mixin.py:188} INFO - [2026-05-07T21:03:18.666+0000] {dag.py:3954} INFO - Setting next_dagrun for example_branch_datetime_operator_3 to 2026-05-06 00:00:00+00:00, run_after=2026-05-07 00:00:00+00:00
[2026-05-07T21:03:18.697+0000] {processor.py:183} INFO - Processing /home/airflow/.local/lib/python3.12/site-packages/airflow/example_dags/example_branch_datetime_operator.py took 0.128 seconds
[2026-05-07T21:03:48.876+0000] {processor.py:161} INFO - Started process (PID=5418) to work on /home/airflow/.local/lib/python3.12/site-packages/airflow/example_dags/example_branch_datetime_operator.py
[2026-05-07T21:03:48.880+0000] {processor.py:830} INFO - Processing file /home/airflow/.local/lib/python3.12/site-packages/airflow/example_dags/example_branch_datetime_operator.py for tasks to queue
[2026-05-07T21:03:48.883+0000] {logging_mixin.py:188} INFO - [2026-05-07T21:03:48.883+0000] {dagbag.py:545} INFO - Filling up the DagBag from /home/airflow/.local/lib/python3.12/site-packages/airflow/example_dags/example_branch_datetime_operator.py
[2026-05-07T21:03:48.902+0000] {processor.py:840} INFO - DAG(s) 'example_branch_datetime_operator', 'example_branch_datetime_operator_3', 'example_branch_datetime_operator_2' retrieved from /home/airflow/.local/lib/python3.12/site-packages/airflow/example_dags/example_branch_datetime_operator.py
[2026-05-07T21:03:48.961+0000] {logging_mixin.py:188} INFO - [2026-05-07T21:03:48.960+0000] {dag.py:3096} INFO - Sync 3 DAGs
[2026-05-07T21:03:48.997+0000] {logging_mixin.py:188} INFO - [2026-05-07T21:03:48.996+0000] {dag.py:3954} INFO - Setting next_dagrun for example_branch_datetime_operator to 2026-05-06 00:00:00+00:00, run_after=2026-05-07 00:00:00+00:00
[2026-05-07T21:03:49.004+0000] {logging_mixin.py:188} INFO - [2026-05-07T21:03:49.004+0000] {dag.py:3954} INFO - Setting next_dagrun for example_branch_datetime_operator_2 to 2026-05-06 00:00:00+00:00, run_after=2026-05-07 00:00:00+00:00
[2026-05-07T21:03:49.008+0000] {logging_mixin.py:188} INFO - [2026-05-07T21:03:49.007+0000] {dag.py:3954} INFO - Setting next_dagrun for example_branch_datetime_operator_3 to 2026-05-06 00:00:00+00:00, run_after=2026-05-07 00:00:00+00:00
[2026-05-07T21:03:49.088+0000] {processor.py:183} INFO - Processing /home/airflow/.local/lib/python3.12/site-packages/airflow/example_dags/example_branch_datetime_operator.py took 0.223 seconds
[2026-05-07T21:04:19.835+0000] {processor.py:161} INFO - Started process (PID=5476) to work on /home/airflow/.local/lib/python3.12/site-packages/airflow/example_dags/example_branch_datetime_operator.py
[2026-05-07T21:04:19.837+0000] {processor.py:830} INFO - Processing file /home/airflow/.local/lib/python3.12/site-packages/airflow/example_dags/example_branch_datetime_operator.py for tasks to queue
[2026-05-07T21:04:19.842+0000] {logging_mixin.py:188} INFO - [2026-05-07T21:04:19.841+0000] {dagbag.py:545} INFO - Filling up the DagBag from /home/airflow/.local/lib/python3.12/site-packages/airflow/example_dags/example_branch_datetime_operator.py
[2026-05-07T21:04:19.867+0000] {processor.py:840} INFO - DAG(s) 'example_branch_datetime_operator_3', 'example_branch_datetime_operator', 'example_branch_datetime_operator_2' retrieved from /home/airflow/.local/lib/python3.12/site-packages/airflow/example_dags/example_branch_datetime_operator.py
[2026-05-07T21:04:19.960+0000] {logging_mixin.py:188} INFO - [2026-05-07T21:04:19.960+0000] {dag.py:3096} INFO - Sync 3 DAGs
[2026-05-07T21:04:20.017+0000] {logging_mixin.py:188} INFO - [2026-05-07T21:04:20.017+0000] {dag.py:3954} INFO - Setting next_dagrun for example_branch_datetime_operator to 2026-05-06 00:00:00+00:00, run_after=2026-05-07 00:00:00+00:00
[2026-05-07T21:04:20.026+0000] {logging_mixin.py:188} INFO - [2026-05-07T21:04:20.026+0000] {dag.py:3954} INFO - Setting next_dagrun for example_branch_datetime_operator_2 to 2026-05-06 00:00:00+00:00, run_after=2026-05-07 00:00:00+00:00
[2026-05-07T21:04:20.031+0000] {logging_mixin.py:188} INFO - [2026-05-07T21:04:20.030+0000] {dag.py:3954} INFO - Setting next_dagrun for example_branch_datetime_operator_3 to 2026-05-06 00:00:00+00:00, run_after=2026-05-07 00:00:00+00:00
[2026-05-07T21:04:20.070+0000] {processor.py:183} INFO - Processing /home/airflow/.local/lib/python3.12/site-packages/airflow/example_dags/example_branch_datetime_operator.py took 0.249 seconds
[2026-05-07T21:04:50.299+0000] {processor.py:161} INFO - Started process (PID=5535) to work on /home/airflow/.local/lib/python3.12/site-packages/airflow/example_dags/example_branch_datetime_operator.py
[2026-05-07T21:04:50.300+0000] {processor.py:830} INFO - Processing file /home/airflow/.local/lib/python3.12/site-packages/airflow/example_dags/example_branch_datetime_operator.py for tasks to queue
[2026-05-07T21:04:50.305+0000] {logging_mixin.py:188} INFO - [2026-05-07T21:04:50.304+0000] {dagbag.py:545} INFO - Filling up the DagBag from /home/airflow/.local/lib/python3.12/site-packages/airflow/example_dags/example_branch_datetime_operator.py
[2026-05-07T21:04:50.317+0000] {processor.py:840} INFO - DAG(s) 'example_branch_datetime_operator', 'example_branch_datetime_operator_2', 'example_branch_datetime_operator_3' retrieved from /home/airflow/.local/lib/python3.12/site-packages/airflow/example_dags/example_branch_datetime_operator.py
[2026-05-07T21:04:50.361+0000] {logging_mixin.py:188} INFO - [2026-05-07T21:04:50.361+0000] {dag.py:3096} INFO - Sync 3 DAGs
[2026-05-07T21:04:50.398+0000] {logging_mixin.py:188} INFO - [2026-05-07T21:04:50.398+0000] {dag.py:3954} INFO - Setting next_dagrun for example_branch_datetime_operator to 2026-05-06 00:00:00+00:00, run_after=2026-05-07 00:00:00+00:00
[2026-05-07T21:04:50.408+0000] {logging_mixin.py:188} INFO - [2026-05-07T21:04:50.408+0000] {dag.py:3954} INFO - Setting next_dagrun for example_branch_datetime_operator_2 to 2026-05-06 00:00:00+00:00, run_after=2026-05-07 00:00:00+00:00
[2026-05-07T21:04:50.412+0000] {logging_mixin.py:188} INFO - [2026-05-07T21:04:50.412+0000] {dag.py:3954} INFO - Setting next_dagrun for example_branch_datetime_operator_3 to 2026-05-06 00:00:00+00:00, run_after=2026-05-07 00:00:00+00:00
[2026-05-07T21:04:50.431+0000] {processor.py:183} INFO - Processing /home/airflow/.local/lib/python3.12/site-packages/airflow/example_dags/example_branch_datetime_operator.py took 0.140 seconds
[2026-05-07T21:05:21.366+0000] {processor.py:161} INFO - Started process (PID=5593) to work on /home/airflow/.local/lib/python3.12/site-packages/airflow/example_dags/example_branch_datetime_operator.py
[2026-05-07T21:05:21.367+0000] {processor.py:830} INFO - Processing file /home/airflow/.local/lib/python3.12/site-packages/airflow/example_dags/example_branch_datetime_operator.py for tasks to queue
[2026-05-07T21:05:21.369+0000] {logging_mixin.py:188} INFO - [2026-05-07T21:05:21.369+0000] {dagbag.py:545} INFO - Filling up the DagBag from /home/airflow/.local/lib/python3.12/site-packages/airflow/example_dags/example_branch_datetime_operator.py
[2026-05-07T21:05:21.382+0000] {processor.py:840} INFO - DAG(s) 'example_branch_datetime_operator', 'example_branch_datetime_operator_3', 'example_branch_datetime_operator_2' retrieved from /home/airflow/.local/lib/python3.12/site-packages/airflow/example_dags/example_branch_datetime_operator.py
[2026-05-07T21:05:21.425+0000] {logging_mixin.py:188} INFO - [2026-05-07T21:05:21.424+0000] {dag.py:3096} INFO - Sync 3 DAGs
[2026-05-07T21:05:21.453+0000] {logging_mixin.py:188} INFO - [2026-05-07T21:05:21.452+0000] {dag.py:3954} INFO - Setting next_dagrun for example_branch_datetime_operator to 2026-05-06 00:00:00+00:00, run_after=2026-05-07 00:00:00+00:00
[2026-05-07T21:05:21.461+0000] {logging_mixin.py:188} INFO - [2026-05-07T21:05:21.461+0000] {dag.py:3954} INFO - Setting next_dagrun for example_branch_datetime_operator_2 to 2026-05-06 00:00:00+00:00, run_after=2026-05-07 00:00:00+00:00
[2026-05-07T21:05:21.466+0000] {logging_mixin.py:188} INFO - [2026-05-07T21:05:21.466+0000] {dag.py:3954} INFO - Setting next_dagrun for example_branch_datetime_operator_3 to 2026-05-06 00:00:00+00:00, run_after=2026-05-07 00:00:00+00:00
[2026-05-07T21:05:21.505+0000] {processor.py:183} INFO - Processing /home/airflow/.local/lib/python3.12/site-packages/airflow/example_dags/example_branch_datetime_operator.py took 0.145 seconds
[2026-05-07T21:05:51.775+0000] {processor.py:161} INFO - Started process (PID=5651) to work on /home/airflow/.local/lib/python3.12/site-packages/airflow/example_dags/example_branch_datetime_operator.py
[2026-05-07T21:05:51.776+0000] {processor.py:830} INFO - Processing file /home/airflow/.local/lib/python3.12/site-packages/airflow/example_dags/example_branch_datetime_operator.py for tasks to queue
[2026-05-07T21:05:51.779+0000] {logging_mixin.py:188} INFO - [2026-05-07T21:05:51.778+0000] {dagbag.py:545} INFO - Filling up the DagBag from /home/airflow/.local/lib/python3.12/site-packages/airflow/example_dags/example_branch_datetime_operator.py
[2026-05-07T21:05:51.788+0000] {processor.py:840} INFO - DAG(s) 'example_branch_datetime_operator_3', 'example_branch_datetime_operator', 'example_branch_datetime_operator_2' retrieved from /home/airflow/.local/lib/python3.12/site-packages/airflow/example_dags/example_branch_datetime_operator.py
[2026-05-07T21:05:51.817+0000] {logging_mixin.py:188} INFO - [2026-05-07T21:05:51.817+0000] {dag.py:3096} INFO - Sync 3 DAGs
[2026-05-07T21:05:51.840+0000] {logging_mixin.py:188} INFO - [2026-05-07T21:05:51.840+0000] {dag.py:3954} INFO - Setting next_dagrun for example_branch_datetime_operator to 2026-05-06 00:00:00+00:00, run_after=2026-05-07 00:00:00+00:00
[2026-05-07T21:05:51.845+0000] {logging_mixin.py:188} INFO - [2026-05-07T21:05:51.845+0000] {dag.py:3954} INFO - Setting next_dagrun for example_branch_datetime_operator_2 to 2026-05-06 00:00:00+00:00, run_after=2026-05-07 00:00:00+00:00
[2026-05-07T21:05:51.848+0000] {logging_mixin.py:188} INFO - [2026-05-07T21:05:51.848+0000] {dag.py:3954} INFO - Setting next_dagrun for example_branch_datetime_operator_3 to 2026-05-06 00:00:00+00:00, run_after=2026-05-07 00:00:00+00:00
[2026-05-07T21:05:51.867+0000] {processor.py:183} INFO - Processing /home/airflow/.local/lib/python3.12/site-packages/airflow/example_dags/example_branch_datetime_operator.py took 0.098 seconds
[2026-05-07T21:06:21.993+0000] {processor.py:161} INFO - Started process (PID=5709) to work on /home/airflow/.local/lib/python3.12/site-packages/airflow/example_dags/example_branch_datetime_operator.py
[2026-05-07T21:06:21.995+0000] {processor.py:830} INFO - Processing file /home/airflow/.local/lib/python3.12/site-packages/airflow/example_dags/example_branch_datetime_operator.py for tasks to queue
[2026-05-07T21:06:21.997+0000] {logging_mixin.py:188} INFO - [2026-05-07T21:06:21.997+0000] {dagbag.py:545} INFO - Filling up the DagBag from /home/airflow/.local/lib/python3.12/site-packages/airflow/example_dags/example_branch_datetime_operator.py
[2026-05-07T21:06:22.010+0000] {processor.py:840} INFO - DAG(s) 'example_branch_datetime_operator_3', 'example_branch_datetime_operator_2', 'example_branch_datetime_operator' retrieved from /home/airflow/.local/lib/python3.12/site-packages/airflow/example_dags/example_branch_datetime_operator.py
[2026-05-07T21:06:22.042+0000] {logging_mixin.py:188} INFO - [2026-05-07T21:06:22.041+0000] {dag.py:3096} INFO - Sync 3 DAGs
[2026-05-07T21:06:22.064+0000] {logging_mixin.py:188} INFO - [2026-05-07T21:06:22.064+0000] {dag.py:3954} INFO - Setting next_dagrun for example_branch_datetime_operator to 2026-05-06 00:00:00+00:00, run_after=2026-05-07 00:00:00+00:00
[2026-05-07T21:06:22.073+0000] {logging_mixin.py:188} INFO - [2026-05-07T21:06:22.072+0000] {dag.py:3954} INFO - Setting next_dagrun for example_branch_datetime_operator_2 to 2026-05-06 00:00:00+00:00, run_after=2026-05-07 00:00:00+00:00
[2026-05-07T21:06:22.077+0000] {logging_mixin.py:188} INFO - [2026-05-07T21:06:22.077+0000] {dag.py:3954} INFO - Setting next_dagrun for example_branch_datetime_operator_3 to 2026-05-06 00:00:00+00:00, run_after=2026-05-07 00:00:00+00:00
[2026-05-07T21:06:22.103+0000] {processor.py:183} INFO - Processing /home/airflow/.local/lib/python3.12/site-packages/airflow/example_dags/example_branch_datetime_operator.py took 0.119 seconds
[2026-05-07T21:06:52.433+0000] {processor.py:161} INFO - Started process (PID=5767) to work on /home/airflow/.local/lib/python3.12/site-packages/airflow/example_dags/example_branch_datetime_operator.py
[2026-05-07T21:06:52.435+0000] {processor.py:830} INFO - Processing file /home/airflow/.local/lib/python3.12/site-packages/airflow/example_dags/example_branch_datetime_operator.py for tasks to queue
[2026-05-07T21:06:52.438+0000] {logging_mixin.py:188} INFO - [2026-05-07T21:06:52.437+0000] {dagbag.py:545} INFO - Filling up the DagBag from /home/airflow/.local/lib/python3.12/site-packages/airflow/example_dags/example_branch_datetime_operator.py
[2026-05-07T21:06:52.461+0000] {processor.py:840} INFO - DAG(s) 'example_branch_datetime_operator_2', 'example_branch_datetime_operator', 'example_branch_datetime_operator_3' retrieved from /home/airflow/.local/lib/python3.12/site-packages/airflow/example_dags/example_branch_datetime_operator.py
[2026-05-07T21:06:52.505+0000] {logging_mixin.py:188} INFO - [2026-05-07T21:06:52.504+0000] {dag.py:3096} INFO - Sync 3 DAGs
[2026-05-07T21:06:52.537+0000] {logging_mixin.py:188} INFO - [2026-05-07T21:06:52.536+0000] {dag.py:3954} INFO - Setting next_dagrun for example_branch_datetime_operator to 2026-05-06 00:00:00+00:00, run_after=2026-05-07 00:00:00+00:00
[2026-05-07T21:06:52.551+0000] {logging_mixin.py:188} INFO - [2026-05-07T21:06:52.551+0000] {dag.py:3954} INFO - Setting next_dagrun for example_branch_datetime_operator_2 to 2026-05-06 00:00:00+00:00, run_after=2026-05-07 00:00:00+00:00
[2026-05-07T21:06:52.555+0000] {logging_mixin.py:188} INFO - [2026-05-07T21:06:52.555+0000] {dag.py:3954} INFO - Setting next_dagrun for example_branch_datetime_operator_3 to 2026-05-06 00:00:00+00:00, run_after=2026-05-07 00:00:00+00:00
[2026-05-07T21:06:52.585+0000] {processor.py:183} INFO - Processing /home/airflow/.local/lib/python3.12/site-packages/airflow/example_dags/example_branch_datetime_operator.py took 0.163 seconds
[2026-05-07T21:07:24.130+0000] {processor.py:161} INFO - Started process (PID=5825) to work on /home/airflow/.local/lib/python3.12/site-packages/airflow/example_dags/example_branch_datetime_operator.py
[2026-05-07T21:07:24.146+0000] {processor.py:830} INFO - Processing file /home/airflow/.local/lib/python3.12/site-packages/airflow/example_dags/example_branch_datetime_operator.py for tasks to queue
[2026-05-07T21:07:24.187+0000] {logging_mixin.py:188} INFO - [2026-05-07T21:07:24.186+0000] {dagbag.py:545} INFO - Filling up the DagBag from /home/airflow/.local/lib/python3.12/site-packages/airflow/example_dags/example_branch_datetime_operator.py
[2026-05-07T21:07:24.266+0000] {processor.py:840} INFO - DAG(s) 'example_branch_datetime_operator', 'example_branch_datetime_operator_3', 'example_branch_datetime_operator_2' retrieved from /home/airflow/.local/lib/python3.12/site-packages/airflow/example_dags/example_branch_datetime_operator.py
[2026-05-07T21:07:24.484+0000] {logging_mixin.py:188} INFO - [2026-05-07T21:07:24.484+0000] {dag.py:3096} INFO - Sync 3 DAGs
[2026-05-07T21:07:24.712+0000] {logging_mixin.py:188} INFO - [2026-05-07T21:07:24.711+0000] {dag.py:3954} INFO - Setting next_dagrun for example_branch_datetime_operator to 2026-05-06 00:00:00+00:00, run_after=2026-05-07 00:00:00+00:00
[2026-05-07T21:07:24.802+0000] {logging_mixin.py:188} INFO - [2026-05-07T21:07:24.801+0000] {dag.py:3954} INFO - Setting next_dagrun for example_branch_datetime_operator_2 to 2026-05-06 00:00:00+00:00, run_after=2026-05-07 00:00:00+00:00
[2026-05-07T21:07:24.895+0000] {logging_mixin.py:188} INFO - [2026-05-07T21:07:24.893+0000] {dag.py:3954} INFO - Setting next_dagrun for example_branch_datetime_operator_3 to 2026-05-06 00:00:00+00:00, run_after=2026-05-07 00:00:00+00:00
[2026-05-07T21:07:25.166+0000] {processor.py:183} INFO - Processing /home/airflow/.local/lib/python3.12/site-packages/airflow/example_dags/example_branch_datetime_operator.py took 1.063 seconds
[2026-05-07T21:07:55.707+0000] {processor.py:161} INFO - Started process (PID=5884) to work on /home/airflow/.local/lib/python3.12/site-packages/airflow/example_dags/example_branch_datetime_operator.py
[2026-05-07T21:07:55.711+0000] {processor.py:830} INFO - Processing file /home/airflow/.local/lib/python3.12/site-packages/airflow/example_dags/example_branch_datetime_operator.py for tasks to queue
[2026-05-07T21:07:55.713+0000] {logging_mixin.py:188} INFO - [2026-05-07T21:07:55.713+0000] {dagbag.py:545} INFO - Filling up the DagBag from /home/airflow/.local/lib/python3.12/site-packages/airflow/example_dags/example_branch_datetime_operator.py
[2026-05-07T21:07:55.727+0000] {processor.py:840} INFO - DAG(s) 'example_branch_datetime_operator_3', 'example_branch_datetime_operator', 'example_branch_datetime_operator_2' retrieved from /home/airflow/.local/lib/python3.12/site-packages/airflow/example_dags/example_branch_datetime_operator.py
[2026-05-07T21:07:55.758+0000] {logging_mixin.py:188} INFO - [2026-05-07T21:07:55.758+0000] {dag.py:3096} INFO - Sync 3 DAGs
[2026-05-07T21:07:55.781+0000] {logging_mixin.py:188} INFO - [2026-05-07T21:07:55.781+0000] {dag.py:3954} INFO - Setting next_dagrun for example_branch_datetime_operator to 2026-05-06 00:00:00+00:00, run_after=2026-05-07 00:00:00+00:00
[2026-05-07T21:07:55.787+0000] {logging_mixin.py:188} INFO - [2026-05-07T21:07:55.786+0000] {dag.py:3954} INFO - Setting next_dagrun for example_branch_datetime_operator_2 to 2026-05-06 00:00:00+00:00, run_after=2026-05-07 00:00:00+00:00
[2026-05-07T21:07:55.791+0000] {logging_mixin.py:188} INFO - [2026-05-07T21:07:55.790+0000] {dag.py:3954} INFO - Setting next_dagrun for example_branch_datetime_operator_3 to 2026-05-06 00:00:00+00:00, run_after=2026-05-07 00:00:00+00:00
[2026-05-07T21:07:55.810+0000] {processor.py:183} INFO - Processing /home/airflow/.local/lib/python3.12/site-packages/airflow/example_dags/example_branch_datetime_operator.py took 0.110 seconds
[2026-05-07T21:08:26.092+0000] {processor.py:161} INFO - Started process (PID=5942) to work on /home/airflow/.local/lib/python3.12/site-packages/airflow/example_dags/example_branch_datetime_operator.py
[2026-05-07T21:08:26.095+0000] {processor.py:830} INFO - Processing file /home/airflow/.local/lib/python3.12/site-packages/airflow/example_dags/example_branch_datetime_operator.py for tasks to queue
[2026-05-07T21:08:26.098+0000] {logging_mixin.py:188} INFO - [2026-05-07T21:08:26.098+0000] {dagbag.py:545} INFO - Filling up the DagBag from /home/airflow/.local/lib/python3.12/site-packages/airflow/example_dags/example_branch_datetime_operator.py
[2026-05-07T21:08:26.112+0000] {processor.py:840} INFO - DAG(s) 'example_branch_datetime_operator_2', 'example_branch_datetime_operator_3', 'example_branch_datetime_operator' retrieved from /home/airflow/.local/lib/python3.12/site-packages/airflow/example_dags/example_branch_datetime_operator.py
[2026-05-07T21:08:26.152+0000] {logging_mixin.py:188} INFO - [2026-05-07T21:08:26.152+0000] {dag.py:3096} INFO - Sync 3 DAGs
[2026-05-07T21:08:26.179+0000] {logging_mixin.py:188} INFO - [2026-05-07T21:08:26.178+0000] {dag.py:3954} INFO - Setting next_dagrun for example_branch_datetime_operator to 2026-05-06 00:00:00+00:00, run_after=2026-05-07 00:00:00+00:00
[2026-05-07T21:08:26.186+0000] {logging_mixin.py:188} INFO - [2026-05-07T21:08:26.185+0000] {dag.py:3954} INFO - Setting next_dagrun for example_branch_datetime_operator_2 to 2026-05-06 00:00:00+00:00, run_after=2026-05-07 00:00:00+00:00
[2026-05-07T21:08:26.193+0000] {logging_mixin.py:188} INFO - [2026-05-07T21:08:26.193+0000] {dag.py:3954} INFO - Setting next_dagrun for example_branch_datetime_operator_3 to 2026-05-06 00:00:00+00:00, run_after=2026-05-07 00:00:00+00:00
[2026-05-07T21:08:26.218+0000] {processor.py:183} INFO - Processing /home/airflow/.local/lib/python3.12/site-packages/airflow/example_dags/example_branch_datetime_operator.py took 0.133 seconds
[2026-05-07T21:08:56.271+0000] {processor.py:161} INFO - Started process (PID=6000) to work on /home/airflow/.local/lib/python3.12/site-packages/airflow/example_dags/example_branch_datetime_operator.py
[2026-05-07T21:08:56.274+0000] {processor.py:830} INFO - Processing file /home/airflow/.local/lib/python3.12/site-packages/airflow/example_dags/example_branch_datetime_operator.py for tasks to queue
[2026-05-07T21:08:56.279+0000] {logging_mixin.py:188} INFO - [2026-05-07T21:08:56.278+0000] {dagbag.py:545} INFO - Filling up the DagBag from /home/airflow/.local/lib/python3.12/site-packages/airflow/example_dags/example_branch_datetime_operator.py
[2026-05-07T21:08:56.293+0000] {processor.py:840} INFO - DAG(s) 'example_branch_datetime_operator', 'example_branch_datetime_operator_3', 'example_branch_datetime_operator_2' retrieved from /home/airflow/.local/lib/python3.12/site-packages/airflow/example_dags/example_branch_datetime_operator.py
[2026-05-07T21:08:56.328+0000] {logging_mixin.py:188} INFO - [2026-05-07T21:08:56.328+0000] {dag.py:3096} INFO - Sync 3 DAGs
[2026-05-07T21:08:56.356+0000] {logging_mixin.py:188} INFO - [2026-05-07T21:08:56.356+0000] {dag.py:3954} INFO - Setting next_dagrun for example_branch_datetime_operator to 2026-05-06 00:00:00+00:00, run_after=2026-05-07 00:00:00+00:00
[2026-05-07T21:08:56.362+0000] {logging_mixin.py:188} INFO - [2026-05-07T21:08:56.361+0000] {dag.py:3954} INFO - Setting next_dagrun for example_branch_datetime_operator_2 to 2026-05-06 00:00:00+00:00, run_after=2026-05-07 00:00:00+00:00
[2026-05-07T21:08:56.365+0000] {logging_mixin.py:188} INFO - [2026-05-07T21:08:56.365+0000] {dag.py:3954} INFO - Setting next_dagrun for example_branch_datetime_operator_3 to 2026-05-06 00:00:00+00:00, run_after=2026-05-07 00:00:00+00:00
[2026-05-07T21:08:56.390+0000] {processor.py:183} INFO - Processing /home/airflow/.local/lib/python3.12/site-packages/airflow/example_dags/example_branch_datetime_operator.py took 0.129 seconds
[2026-05-07T21:09:26.879+0000] {processor.py:161} INFO - Started process (PID=6058) to work on /home/airflow/.local/lib/python3.12/site-packages/airflow/example_dags/example_branch_datetime_operator.py
[2026-05-07T21:09:26.882+0000] {processor.py:830} INFO - Processing file /home/airflow/.local/lib/python3.12/site-packages/airflow/example_dags/example_branch_datetime_operator.py for tasks to queue
[2026-05-07T21:09:26.886+0000] {logging_mixin.py:188} INFO - [2026-05-07T21:09:26.885+0000] {dagbag.py:545} INFO - Filling up the DagBag from /home/airflow/.local/lib/python3.12/site-packages/airflow/example_dags/example_branch_datetime_operator.py
[2026-05-07T21:09:26.897+0000] {processor.py:840} INFO - DAG(s) 'example_branch_datetime_operator_2', 'example_branch_datetime_operator_3', 'example_branch_datetime_operator' retrieved from /home/airflow/.local/lib/python3.12/site-packages/airflow/example_dags/example_branch_datetime_operator.py
[2026-05-07T21:09:26.931+0000] {logging_mixin.py:188} INFO - [2026-05-07T21:09:26.930+0000] {dag.py:3096} INFO - Sync 3 DAGs
[2026-05-07T21:09:27.004+0000] {logging_mixin.py:188} INFO - [2026-05-07T21:09:27.003+0000] {dag.py:3954} INFO - Setting next_dagrun for example_branch_datetime_operator to 2026-05-06 00:00:00+00:00, run_after=2026-05-07 00:00:00+00:00
[2026-05-07T21:09:27.038+0000] {logging_mixin.py:188} INFO - [2026-05-07T21:09:27.030+0000] {dag.py:3954} INFO - Setting next_dagrun for example_branch_datetime_operator_2 to 2026-05-06 00:00:00+00:00, run_after=2026-05-07 00:00:00+00:00
[2026-05-07T21:09:27.052+0000] {logging_mixin.py:188} INFO - [2026-05-07T21:09:27.051+0000] {dag.py:3954} INFO - Setting next_dagrun for example_branch_datetime_operator_3 to 2026-05-06 00:00:00+00:00, run_after=2026-05-07 00:00:00+00:00
[2026-05-07T21:09:27.113+0000] {processor.py:183} INFO - Processing /home/airflow/.local/lib/python3.12/site-packages/airflow/example_dags/example_branch_datetime_operator.py took 0.241 seconds
[2026-05-07T21:09:57.320+0000] {processor.py:161} INFO - Started process (PID=6116) to work on /home/airflow/.local/lib/python3.12/site-packages/airflow/example_dags/example_branch_datetime_operator.py
[2026-05-07T21:09:57.322+0000] {processor.py:830} INFO - Processing file /home/airflow/.local/lib/python3.12/site-packages/airflow/example_dags/example_branch_datetime_operator.py for tasks to queue
[2026-05-07T21:09:57.324+0000] {logging_mixin.py:188} INFO - [2026-05-07T21:09:57.324+0000] {dagbag.py:545} INFO - Filling up the DagBag from /home/airflow/.local/lib/python3.12/site-packages/airflow/example_dags/example_branch_datetime_operator.py
[2026-05-07T21:09:57.333+0000] {processor.py:840} INFO - DAG(s) 'example_branch_datetime_operator', 'example_branch_datetime_operator_2', 'example_branch_datetime_operator_3' retrieved from /home/airflow/.local/lib/python3.12/site-packages/airflow/example_dags/example_branch_datetime_operator.py
[2026-05-07T21:09:57.359+0000] {logging_mixin.py:188} INFO - [2026-05-07T21:09:57.358+0000] {dag.py:3096} INFO - Sync 3 DAGs
[2026-05-07T21:09:57.379+0000] {logging_mixin.py:188} INFO - [2026-05-07T21:09:57.379+0000] {dag.py:3954} INFO - Setting next_dagrun for example_branch_datetime_operator to 2026-05-06 00:00:00+00:00, run_after=2026-05-07 00:00:00+00:00
[2026-05-07T21:09:57.384+0000] {logging_mixin.py:188} INFO - [2026-05-07T21:09:57.384+0000] {dag.py:3954} INFO - Setting next_dagrun for example_branch_datetime_operator_2 to 2026-05-06 00:00:00+00:00, run_after=2026-05-07 00:00:00+00:00
[2026-05-07T21:09:57.388+0000] {logging_mixin.py:188} INFO - [2026-05-07T21:09:57.388+0000] {dag.py:3954} INFO - Setting next_dagrun for example_branch_datetime_operator_3 to 2026-05-06 00:00:00+00:00, run_after=2026-05-07 00:00:00+00:00
[2026-05-07T21:09:57.407+0000] {processor.py:183} INFO - Processing /home/airflow/.local/lib/python3.12/site-packages/airflow/example_dags/example_branch_datetime_operator.py took 0.092 seconds
[2026-05-07T21:10:27.956+0000] {processor.py:161} INFO - Started process (PID=6174) to work on /home/airflow/.local/lib/python3.12/site-packages/airflow/example_dags/example_branch_datetime_operator.py
[2026-05-07T21:10:27.958+0000] {processor.py:830} INFO - Processing file /home/airflow/.local/lib/python3.12/site-packages/airflow/example_dags/example_branch_datetime_operator.py for tasks to queue
[2026-05-07T21:10:27.961+0000] {logging_mixin.py:188} INFO - [2026-05-07T21:10:27.961+0000] {dagbag.py:545} INFO - Filling up the DagBag from /home/airflow/.local/lib/python3.12/site-packages/airflow/example_dags/example_branch_datetime_operator.py
[2026-05-07T21:10:27.973+0000] {processor.py:840} INFO - DAG(s) 'example_branch_datetime_operator_2', 'example_branch_datetime_operator', 'example_branch_datetime_operator_3' retrieved from /home/airflow/.local/lib/python3.12/site-packages/airflow/example_dags/example_branch_datetime_operator.py
[2026-05-07T21:10:28.009+0000] {logging_mixin.py:188} INFO - [2026-05-07T21:10:28.009+0000] {dag.py:3096} INFO - Sync 3 DAGs
[2026-05-07T21:10:28.040+0000] {logging_mixin.py:188} INFO - [2026-05-07T21:10:28.040+0000] {dag.py:3954} INFO - Setting next_dagrun for example_branch_datetime_operator to 2026-05-06 00:00:00+00:00, run_after=2026-05-07 00:00:00+00:00
[2026-05-07T21:10:28.046+0000] {logging_mixin.py:188} INFO - [2026-05-07T21:10:28.046+0000] {dag.py:3954} INFO - Setting next_dagrun for example_branch_datetime_operator_2 to 2026-05-06 00:00:00+00:00, run_after=2026-05-07 00:00:00+00:00
[2026-05-07T21:10:28.050+0000] {logging_mixin.py:188} INFO - [2026-05-07T21:10:28.050+0000] {dag.py:3954} INFO - Setting next_dagrun for example_branch_datetime_operator_3 to 2026-05-06 00:00:00+00:00, run_after=2026-05-07 00:00:00+00:00
[2026-05-07T21:10:28.072+0000] {processor.py:183} INFO - Processing /home/airflow/.local/lib/python3.12/site-packages/airflow/example_dags/example_branch_datetime_operator.py took 0.123 seconds
[2026-05-07T21:10:58.429+0000] {processor.py:161} INFO - Started process (PID=6232) to work on /home/airflow/.local/lib/python3.12/site-packages/airflow/example_dags/example_branch_datetime_operator.py
[2026-05-07T21:10:58.430+0000] {processor.py:830} INFO - Processing file /home/airflow/.local/lib/python3.12/site-packages/airflow/example_dags/example_branch_datetime_operator.py for tasks to queue
[2026-05-07T21:10:58.433+0000] {logging_mixin.py:188} INFO - [2026-05-07T21:10:58.433+0000] {dagbag.py:545} INFO - Filling up the DagBag from /home/airflow/.local/lib/python3.12/site-packages/airflow/example_dags/example_branch_datetime_operator.py
[2026-05-07T21:10:58.444+0000] {processor.py:840} INFO - DAG(s) 'example_branch_datetime_operator_3', 'example_branch_datetime_operator_2', 'example_branch_datetime_operator' retrieved from /home/airflow/.local/lib/python3.12/site-packages/airflow/example_dags/example_branch_datetime_operator.py
[2026-05-07T21:10:58.480+0000] {logging_mixin.py:188} INFO - [2026-05-07T21:10:58.479+0000] {dag.py:3096} INFO - Sync 3 DAGs
[2026-05-07T21:10:58.509+0000] {logging_mixin.py:188} INFO - [2026-05-07T21:10:58.509+0000] {dag.py:3954} INFO - Setting next_dagrun for example_branch_datetime_operator to 2026-05-06 00:00:00+00:00, run_after=2026-05-07 00:00:00+00:00
[2026-05-07T21:10:58.515+0000] {logging_mixin.py:188} INFO - [2026-05-07T21:10:58.514+0000] {dag.py:3954} INFO - Setting next_dagrun for example_branch_datetime_operator_2 to 2026-05-06 00:00:00+00:00, run_after=2026-05-07 00:00:00+00:00
[2026-05-07T21:10:58.518+0000] {logging_mixin.py:188} INFO - [2026-05-07T21:10:58.518+0000] {dag.py:3954} INFO - Setting next_dagrun for example_branch_datetime_operator_3 to 2026-05-06 00:00:00+00:00, run_after=2026-05-07 00:00:00+00:00
[2026-05-07T21:10:58.548+0000] {processor.py:183} INFO - Processing /home/airflow/.local/lib/python3.12/site-packages/airflow/example_dags/example_branch_datetime_operator.py took 0.125 seconds
[2026-05-07T21:11:28.689+0000] {processor.py:161} INFO - Started process (PID=6292) to work on /home/airflow/.local/lib/python3.12/site-packages/airflow/example_dags/example_branch_datetime_operator.py
[2026-05-07T21:11:28.691+0000] {processor.py:830} INFO - Processing file /home/airflow/.local/lib/python3.12/site-packages/airflow/example_dags/example_branch_datetime_operator.py for tasks to queue
[2026-05-07T21:11:28.693+0000] {logging_mixin.py:188} INFO - [2026-05-07T21:11:28.693+0000] {dagbag.py:545} INFO - Filling up the DagBag from /home/airflow/.local/lib/python3.12/site-packages/airflow/example_dags/example_branch_datetime_operator.py
[2026-05-07T21:11:28.704+0000] {processor.py:840} INFO - DAG(s) 'example_branch_datetime_operator', 'example_branch_datetime_operator_3', 'example_branch_datetime_operator_2' retrieved from /home/airflow/.local/lib/python3.12/site-packages/airflow/example_dags/example_branch_datetime_operator.py
[2026-05-07T21:11:28.730+0000] {logging_mixin.py:188} INFO - [2026-05-07T21:11:28.730+0000] {dag.py:3096} INFO - Sync 3 DAGs
[2026-05-07T21:11:28.752+0000] {logging_mixin.py:188} INFO - [2026-05-07T21:11:28.752+0000] {dag.py:3954} INFO - Setting next_dagrun for example_branch_datetime_operator to 2026-05-06 00:00:00+00:00, run_after=2026-05-07 00:00:00+00:00
[2026-05-07T21:11:28.758+0000] {logging_mixin.py:188} INFO - [2026-05-07T21:11:28.757+0000] {dag.py:3954} INFO - Setting next_dagrun for example_branch_datetime_operator_2 to 2026-05-06 00:00:00+00:00, run_after=2026-05-07 00:00:00+00:00
[2026-05-07T21:11:28.761+0000] {logging_mixin.py:188} INFO - [2026-05-07T21:11:28.761+0000] {dag.py:3954} INFO - Setting next_dagrun for example_branch_datetime_operator_3 to 2026-05-06 00:00:00+00:00, run_after=2026-05-07 00:00:00+00:00
[2026-05-07T21:11:28.781+0000] {processor.py:183} INFO - Processing /home/airflow/.local/lib/python3.12/site-packages/airflow/example_dags/example_branch_datetime_operator.py took 0.098 seconds
[2026-05-07T21:11:58.887+0000] {processor.py:161} INFO - Started process (PID=6349) to work on /home/airflow/.local/lib/python3.12/site-packages/airflow/example_dags/example_branch_datetime_operator.py
[2026-05-07T21:11:58.889+0000] {processor.py:830} INFO - Processing file /home/airflow/.local/lib/python3.12/site-packages/airflow/example_dags/example_branch_datetime_operator.py for tasks to queue
[2026-05-07T21:11:58.893+0000] {logging_mixin.py:188} INFO - [2026-05-07T21:11:58.892+0000] {dagbag.py:545} INFO - Filling up the DagBag from /home/airflow/.local/lib/python3.12/site-packages/airflow/example_dags/example_branch_datetime_operator.py
[2026-05-07T21:11:58.901+0000] {processor.py:840} INFO - DAG(s) 'example_branch_datetime_operator', 'example_branch_datetime_operator_3', 'example_branch_datetime_operator_2' retrieved from /home/airflow/.local/lib/python3.12/site-packages/airflow/example_dags/example_branch_datetime_operator.py
[2026-05-07T21:11:58.929+0000] {logging_mixin.py:188} INFO - [2026-05-07T21:11:58.928+0000] {dag.py:3096} INFO - Sync 3 DAGs
[2026-05-07T21:11:58.952+0000] {logging_mixin.py:188} INFO - [2026-05-07T21:11:58.952+0000] {dag.py:3954} INFO - Setting next_dagrun for example_branch_datetime_operator to 2026-05-06 00:00:00+00:00, run_after=2026-05-07 00:00:00+00:00
[2026-05-07T21:11:58.960+0000] {logging_mixin.py:188} INFO - [2026-05-07T21:11:58.959+0000] {dag.py:3954} INFO - Setting next_dagrun for example_branch_datetime_operator_2 to 2026-05-06 00:00:00+00:00, run_after=2026-05-07 00:00:00+00:00
[2026-05-07T21:11:58.966+0000] {logging_mixin.py:188} INFO - [2026-05-07T21:11:58.966+0000] {dag.py:3954} INFO - Setting next_dagrun for example_branch_datetime_operator_3 to 2026-05-06 00:00:00+00:00, run_after=2026-05-07 00:00:00+00:00
[2026-05-07T21:11:58.984+0000] {processor.py:183} INFO - Processing /home/airflow/.local/lib/python3.12/site-packages/airflow/example_dags/example_branch_datetime_operator.py took 0.102 seconds
[2026-05-07T21:12:29.311+0000] {processor.py:161} INFO - Started process (PID=6407) to work on /home/airflow/.local/lib/python3.12/site-packages/airflow/example_dags/example_branch_datetime_operator.py
[2026-05-07T21:12:29.313+0000] {processor.py:830} INFO - Processing file /home/airflow/.local/lib/python3.12/site-packages/airflow/example_dags/example_branch_datetime_operator.py for tasks to queue
[2026-05-07T21:12:29.316+0000] {logging_mixin.py:188} INFO - [2026-05-07T21:12:29.316+0000] {dagbag.py:545} INFO - Filling up the DagBag from /home/airflow/.local/lib/python3.12/site-packages/airflow/example_dags/example_branch_datetime_operator.py
[2026-05-07T21:12:29.326+0000] {processor.py:840} INFO - DAG(s) 'example_branch_datetime_operator', 'example_branch_datetime_operator_2', 'example_branch_datetime_operator_3' retrieved from /home/airflow/.local/lib/python3.12/site-packages/airflow/example_dags/example_branch_datetime_operator.py
[2026-05-07T21:12:29.357+0000] {logging_mixin.py:188} INFO - [2026-05-07T21:12:29.357+0000] {dag.py:3096} INFO - Sync 3 DAGs
[2026-05-07T21:12:29.379+0000] {logging_mixin.py:188} INFO - [2026-05-07T21:12:29.379+0000] {dag.py:3954} INFO - Setting next_dagrun for example_branch_datetime_operator to 2026-05-06 00:00:00+00:00, run_after=2026-05-07 00:00:00+00:00
[2026-05-07T21:12:29.384+0000] {logging_mixin.py:188} INFO - [2026-05-07T21:12:29.384+0000] {dag.py:3954} INFO - Setting next_dagrun for example_branch_datetime_operator_2 to 2026-05-06 00:00:00+00:00, run_after=2026-05-07 00:00:00+00:00
[2026-05-07T21:12:29.387+0000] {logging_mixin.py:188} INFO - [2026-05-07T21:12:29.386+0000] {dag.py:3954} INFO - Setting next_dagrun for example_branch_datetime_operator_3 to 2026-05-06 00:00:00+00:00, run_after=2026-05-07 00:00:00+00:00
[2026-05-07T21:12:29.405+0000] {processor.py:183} INFO - Processing /home/airflow/.local/lib/python3.12/site-packages/airflow/example_dags/example_branch_datetime_operator.py took 0.100 seconds
[2026-05-07T21:12:59.899+0000] {processor.py:161} INFO - Started process (PID=6465) to work on /home/airflow/.local/lib/python3.12/site-packages/airflow/example_dags/example_branch_datetime_operator.py
[2026-05-07T21:12:59.901+0000] {processor.py:830} INFO - Processing file /home/airflow/.local/lib/python3.12/site-packages/airflow/example_dags/example_branch_datetime_operator.py for tasks to queue
[2026-05-07T21:12:59.904+0000] {logging_mixin.py:188} INFO - [2026-05-07T21:12:59.903+0000] {dagbag.py:545} INFO - Filling up the DagBag from /home/airflow/.local/lib/python3.12/site-packages/airflow/example_dags/example_branch_datetime_operator.py
[2026-05-07T21:12:59.913+0000] {processor.py:840} INFO - DAG(s) 'example_branch_datetime_operator_3', 'example_branch_datetime_operator', 'example_branch_datetime_operator_2' retrieved from /home/airflow/.local/lib/python3.12/site-packages/airflow/example_dags/example_branch_datetime_operator.py
[2026-05-07T21:12:59.945+0000] {logging_mixin.py:188} INFO - [2026-05-07T21:12:59.945+0000] {dag.py:3096} INFO - Sync 3 DAGs
[2026-05-07T21:12:59.966+0000] {logging_mixin.py:188} INFO - [2026-05-07T21:12:59.966+0000] {dag.py:3954} INFO - Setting next_dagrun for example_branch_datetime_operator to 2026-05-06 00:00:00+00:00, run_after=2026-05-07 00:00:00+00:00
[2026-05-07T21:12:59.972+0000] {logging_mixin.py:188} INFO - [2026-05-07T21:12:59.972+0000] {dag.py:3954} INFO - Setting next_dagrun for example_branch_datetime_operator_2 to 2026-05-06 00:00:00+00:00, run_after=2026-05-07 00:00:00+00:00
[2026-05-07T21:12:59.975+0000] {logging_mixin.py:188} INFO - [2026-05-07T21:12:59.975+0000] {dag.py:3954} INFO - Setting next_dagrun for example_branch_datetime_operator_3 to 2026-05-06 00:00:00+00:00, run_after=2026-05-07 00:00:00+00:00
[2026-05-07T21:12:59.995+0000] {processor.py:183} INFO - Processing /home/airflow/.local/lib/python3.12/site-packages/airflow/example_dags/example_branch_datetime_operator.py took 0.101 seconds
[2026-05-07T21:13:30.245+0000] {processor.py:161} INFO - Started process (PID=6523) to work on /home/airflow/.local/lib/python3.12/site-packages/airflow/example_dags/example_branch_datetime_operator.py
[2026-05-07T21:13:30.247+0000] {processor.py:830} INFO - Processing file /home/airflow/.local/lib/python3.12/site-packages/airflow/example_dags/example_branch_datetime_operator.py for tasks to queue
[2026-05-07T21:13:30.249+0000] {logging_mixin.py:188} INFO - [2026-05-07T21:13:30.249+0000] {dagbag.py:545} INFO - Filling up the DagBag from /home/airflow/.local/lib/python3.12/site-packages/airflow/example_dags/example_branch_datetime_operator.py
[2026-05-07T21:13:30.260+0000] {processor.py:840} INFO - DAG(s) 'example_branch_datetime_operator_3', 'example_branch_datetime_operator', 'example_branch_datetime_operator_2' retrieved from /home/airflow/.local/lib/python3.12/site-packages/airflow/example_dags/example_branch_datetime_operator.py
[2026-05-07T21:13:30.288+0000] {logging_mixin.py:188} INFO - [2026-05-07T21:13:30.287+0000] {dag.py:3096} INFO - Sync 3 DAGs
[2026-05-07T21:13:30.309+0000] {logging_mixin.py:188} INFO - [2026-05-07T21:13:30.309+0000] {dag.py:3954} INFO - Setting next_dagrun for example_branch_datetime_operator to 2026-05-06 00:00:00+00:00, run_after=2026-05-07 00:00:00+00:00
[2026-05-07T21:13:30.314+0000] {logging_mixin.py:188} INFO - [2026-05-07T21:13:30.314+0000] {dag.py:3954} INFO - Setting next_dagrun for example_branch_datetime_operator_2 to 2026-05-06 00:00:00+00:00, run_after=2026-05-07 00:00:00+00:00
[2026-05-07T21:13:30.317+0000] {logging_mixin.py:188} INFO - [2026-05-07T21:13:30.317+0000] {dag.py:3954} INFO - Setting next_dagrun for example_branch_datetime_operator_3 to 2026-05-06 00:00:00+00:00, run_after=2026-05-07 00:00:00+00:00
[2026-05-07T21:13:30.340+0000] {processor.py:183} INFO - Processing /home/airflow/.local/lib/python3.12/site-packages/airflow/example_dags/example_branch_datetime_operator.py took 0.100 seconds
[2026-05-07T21:14:00.398+0000] {processor.py:161} INFO - Started process (PID=6579) to work on /home/airflow/.local/lib/python3.12/site-packages/airflow/example_dags/example_branch_datetime_operator.py
[2026-05-07T21:14:00.400+0000] {processor.py:830} INFO - Processing file /home/airflow/.local/lib/python3.12/site-packages/airflow/example_dags/example_branch_datetime_operator.py for tasks to queue
[2026-05-07T21:14:00.403+0000] {logging_mixin.py:188} INFO - [2026-05-07T21:14:00.402+0000] {dagbag.py:545} INFO - Filling up the DagBag from /home/airflow/.local/lib/python3.12/site-packages/airflow/example_dags/example_branch_datetime_operator.py
[2026-05-07T21:14:00.414+0000] {processor.py:840} INFO - DAG(s) 'example_branch_datetime_operator_2', 'example_branch_datetime_operator', 'example_branch_datetime_operator_3' retrieved from /home/airflow/.local/lib/python3.12/site-packages/airflow/example_dags/example_branch_datetime_operator.py
[2026-05-07T21:14:00.442+0000] {logging_mixin.py:188} INFO - [2026-05-07T21:14:00.441+0000] {dag.py:3096} INFO - Sync 3 DAGs
[2026-05-07T21:14:00.464+0000] {logging_mixin.py:188} INFO - [2026-05-07T21:14:00.463+0000] {dag.py:3954} INFO - Setting next_dagrun for example_branch_datetime_operator to 2026-05-06 00:00:00+00:00, run_after=2026-05-07 00:00:00+00:00
[2026-05-07T21:14:00.469+0000] {logging_mixin.py:188} INFO - [2026-05-07T21:14:00.469+0000] {dag.py:3954} INFO - Setting next_dagrun for example_branch_datetime_operator_2 to 2026-05-06 00:00:00+00:00, run_after=2026-05-07 00:00:00+00:00
[2026-05-07T21:14:00.474+0000] {logging_mixin.py:188} INFO - [2026-05-07T21:14:00.473+0000] {dag.py:3954} INFO - Setting next_dagrun for example_branch_datetime_operator_3 to 2026-05-06 00:00:00+00:00, run_after=2026-05-07 00:00:00+00:00
[2026-05-07T21:14:00.634+0000] {processor.py:183} INFO - Processing /home/airflow/.local/lib/python3.12/site-packages/airflow/example_dags/example_branch_datetime_operator.py took 0.242 seconds
[2026-05-07T21:14:30.957+0000] {processor.py:161} INFO - Started process (PID=6637) to work on /home/airflow/.local/lib/python3.12/site-packages/airflow/example_dags/example_branch_datetime_operator.py
[2026-05-07T21:14:30.959+0000] {processor.py:830} INFO - Processing file /home/airflow/.local/lib/python3.12/site-packages/airflow/example_dags/example_branch_datetime_operator.py for tasks to queue
[2026-05-07T21:14:30.964+0000] {logging_mixin.py:188} INFO - [2026-05-07T21:14:30.962+0000] {dagbag.py:545} INFO - Filling up the DagBag from /home/airflow/.local/lib/python3.12/site-packages/airflow/example_dags/example_branch_datetime_operator.py
[2026-05-07T21:14:30.975+0000] {processor.py:840} INFO - DAG(s) 'example_branch_datetime_operator_2', 'example_branch_datetime_operator', 'example_branch_datetime_operator_3' retrieved from /home/airflow/.local/lib/python3.12/site-packages/airflow/example_dags/example_branch_datetime_operator.py
[2026-05-07T21:14:31.007+0000] {logging_mixin.py:188} INFO - [2026-05-07T21:14:31.007+0000] {dag.py:3096} INFO - Sync 3 DAGs
[2026-05-07T21:14:31.034+0000] {logging_mixin.py:188} INFO - [2026-05-07T21:14:31.033+0000] {dag.py:3954} INFO - Setting next_dagrun for example_branch_datetime_operator to 2026-05-06 00:00:00+00:00, run_after=2026-05-07 00:00:00+00:00
[2026-05-07T21:14:31.039+0000] {logging_mixin.py:188} INFO - [2026-05-07T21:14:31.039+0000] {dag.py:3954} INFO - Setting next_dagrun for example_branch_datetime_operator_2 to 2026-05-06 00:00:00+00:00, run_after=2026-05-07 00:00:00+00:00
[2026-05-07T21:14:31.044+0000] {logging_mixin.py:188} INFO - [2026-05-07T21:14:31.043+0000] {dag.py:3954} INFO - Setting next_dagrun for example_branch_datetime_operator_3 to 2026-05-06 00:00:00+00:00, run_after=2026-05-07 00:00:00+00:00
[2026-05-07T21:14:31.067+0000] {processor.py:183} INFO - Processing /home/airflow/.local/lib/python3.12/site-packages/airflow/example_dags/example_branch_datetime_operator.py took 0.115 seconds
[2026-05-07T21:15:01.677+0000] {processor.py:161} INFO - Started process (PID=6695) to work on /home/airflow/.local/lib/python3.12/site-packages/airflow/example_dags/example_branch_datetime_operator.py
[2026-05-07T21:15:01.679+0000] {processor.py:830} INFO - Processing file /home/airflow/.local/lib/python3.12/site-packages/airflow/example_dags/example_branch_datetime_operator.py for tasks to queue
[2026-05-07T21:15:01.683+0000] {logging_mixin.py:188} INFO - [2026-05-07T21:15:01.682+0000] {dagbag.py:545} INFO - Filling up the DagBag from /home/airflow/.local/lib/python3.12/site-packages/airflow/example_dags/example_branch_datetime_operator.py
[2026-05-07T21:15:01.697+0000] {processor.py:840} INFO - DAG(s) 'example_branch_datetime_operator_2', 'example_branch_datetime_operator_3', 'example_branch_datetime_operator' retrieved from /home/airflow/.local/lib/python3.12/site-packages/airflow/example_dags/example_branch_datetime_operator.py
[2026-05-07T21:15:01.736+0000] {logging_mixin.py:188} INFO - [2026-05-07T21:15:01.735+0000] {dag.py:3096} INFO - Sync 3 DAGs
[2026-05-07T21:15:01.767+0000] {logging_mixin.py:188} INFO - [2026-05-07T21:15:01.766+0000] {dag.py:3954} INFO - Setting next_dagrun for example_branch_datetime_operator to 2026-05-06 00:00:00+00:00, run_after=2026-05-07 00:00:00+00:00
[2026-05-07T21:15:01.774+0000] {logging_mixin.py:188} INFO - [2026-05-07T21:15:01.774+0000] {dag.py:3954} INFO - Setting next_dagrun for example_branch_datetime_operator_2 to 2026-05-06 00:00:00+00:00, run_after=2026-05-07 00:00:00+00:00
[2026-05-07T21:15:01.779+0000] {logging_mixin.py:188} INFO - [2026-05-07T21:15:01.778+0000] {dag.py:3954} INFO - Setting next_dagrun for example_branch_datetime_operator_3 to 2026-05-06 00:00:00+00:00, run_after=2026-05-07 00:00:00+00:00
[2026-05-07T21:15:01.804+0000] {processor.py:183} INFO - Processing /home/airflow/.local/lib/python3.12/site-packages/airflow/example_dags/example_branch_datetime_operator.py took 0.133 seconds
[2026-05-07T21:15:32.177+0000] {processor.py:161} INFO - Started process (PID=6753) to work on /home/airflow/.local/lib/python3.12/site-packages/airflow/example_dags/example_branch_datetime_operator.py
[2026-05-07T21:15:32.179+0000] {processor.py:830} INFO - Processing file /home/airflow/.local/lib/python3.12/site-packages/airflow/example_dags/example_branch_datetime_operator.py for tasks to queue
[2026-05-07T21:15:32.181+0000] {logging_mixin.py:188} INFO - [2026-05-07T21:15:32.180+0000] {dagbag.py:545} INFO - Filling up the DagBag from /home/airflow/.local/lib/python3.12/site-packages/airflow/example_dags/example_branch_datetime_operator.py
[2026-05-07T21:15:32.192+0000] {processor.py:840} INFO - DAG(s) 'example_branch_datetime_operator', 'example_branch_datetime_operator_3', 'example_branch_datetime_operator_2' retrieved from /home/airflow/.local/lib/python3.12/site-packages/airflow/example_dags/example_branch_datetime_operator.py
[2026-05-07T21:15:32.221+0000] {logging_mixin.py:188} INFO - [2026-05-07T21:15:32.220+0000] {dag.py:3096} INFO - Sync 3 DAGs
[2026-05-07T21:15:32.243+0000] {logging_mixin.py:188} INFO - [2026-05-07T21:15:32.243+0000] {dag.py:3954} INFO - Setting next_dagrun for example_branch_datetime_operator to 2026-05-06 00:00:00+00:00, run_after=2026-05-07 00:00:00+00:00
[2026-05-07T21:15:32.249+0000] {logging_mixin.py:188} INFO - [2026-05-07T21:15:32.249+0000] {dag.py:3954} INFO - Setting next_dagrun for example_branch_datetime_operator_2 to 2026-05-06 00:00:00+00:00, run_after=2026-05-07 00:00:00+00:00
[2026-05-07T21:15:32.252+0000] {logging_mixin.py:188} INFO - [2026-05-07T21:15:32.252+0000] {dag.py:3954} INFO - Setting next_dagrun for example_branch_datetime_operator_3 to 2026-05-06 00:00:00+00:00, run_after=2026-05-07 00:00:00+00:00
[2026-05-07T21:15:32.275+0000] {processor.py:183} INFO - Processing /home/airflow/.local/lib/python3.12/site-packages/airflow/example_dags/example_branch_datetime_operator.py took 0.103 seconds
[2026-05-07T21:16:02.728+0000] {processor.py:161} INFO - Started process (PID=6811) to work on /home/airflow/.local/lib/python3.12/site-packages/airflow/example_dags/example_branch_datetime_operator.py
[2026-05-07T21:16:02.729+0000] {processor.py:830} INFO - Processing file /home/airflow/.local/lib/python3.12/site-packages/airflow/example_dags/example_branch_datetime_operator.py for tasks to queue
[2026-05-07T21:16:02.732+0000] {logging_mixin.py:188} INFO - [2026-05-07T21:16:02.731+0000] {dagbag.py:545} INFO - Filling up the DagBag from /home/airflow/.local/lib/python3.12/site-packages/airflow/example_dags/example_branch_datetime_operator.py
[2026-05-07T21:16:02.740+0000] {processor.py:840} INFO - DAG(s) 'example_branch_datetime_operator_3', 'example_branch_datetime_operator_2', 'example_branch_datetime_operator' retrieved from /home/airflow/.local/lib/python3.12/site-packages/airflow/example_dags/example_branch_datetime_operator.py
[2026-05-07T21:16:02.906+0000] {logging_mixin.py:188} INFO - [2026-05-07T21:16:02.906+0000] {dag.py:3096} INFO - Sync 3 DAGs
[2026-05-07T21:16:02.923+0000] {logging_mixin.py:188} INFO - [2026-05-07T21:16:02.922+0000] {dag.py:3954} INFO - Setting next_dagrun for example_branch_datetime_operator to 2026-05-06 00:00:00+00:00, run_after=2026-05-07 00:00:00+00:00
[2026-05-07T21:16:02.928+0000] {logging_mixin.py:188} INFO - [2026-05-07T21:16:02.928+0000] {dag.py:3954} INFO - Setting next_dagrun for example_branch_datetime_operator_2 to 2026-05-06 00:00:00+00:00, run_after=2026-05-07 00:00:00+00:00
[2026-05-07T21:16:02.931+0000] {logging_mixin.py:188} INFO - [2026-05-07T21:16:02.931+0000] {dag.py:3954} INFO - Setting next_dagrun for example_branch_datetime_operator_3 to 2026-05-06 00:00:00+00:00, run_after=2026-05-07 00:00:00+00:00
[2026-05-07T21:16:02.950+0000] {processor.py:183} INFO - Processing /home/airflow/.local/lib/python3.12/site-packages/airflow/example_dags/example_branch_datetime_operator.py took 0.228 seconds
[2026-05-07T21:16:33.132+0000] {processor.py:161} INFO - Started process (PID=6869) to work on /home/airflow/.local/lib/python3.12/site-packages/airflow/example_dags/example_branch_datetime_operator.py
[2026-05-07T21:16:33.133+0000] {processor.py:830} INFO - Processing file /home/airflow/.local/lib/python3.12/site-packages/airflow/example_dags/example_branch_datetime_operator.py for tasks to queue
[2026-05-07T21:16:33.135+0000] {logging_mixin.py:188} INFO - [2026-05-07T21:16:33.135+0000] {dagbag.py:545} INFO - Filling up the DagBag from /home/airflow/.local/lib/python3.12/site-packages/airflow/example_dags/example_branch_datetime_operator.py
[2026-05-07T21:16:33.143+0000] {processor.py:840} INFO - DAG(s) 'example_branch_datetime_operator_3', 'example_branch_datetime_operator', 'example_branch_datetime_operator_2' retrieved from /home/airflow/.local/lib/python3.12/site-packages/airflow/example_dags/example_branch_datetime_operator.py
[2026-05-07T21:16:33.176+0000] {logging_mixin.py:188} INFO - [2026-05-07T21:16:33.175+0000] {dag.py:3096} INFO - Sync 3 DAGs
[2026-05-07T21:16:33.374+0000] {logging_mixin.py:188} INFO - [2026-05-07T21:16:33.374+0000] {dag.py:3954} INFO - Setting next_dagrun for example_branch_datetime_operator to 2026-05-06 00:00:00+00:00, run_after=2026-05-07 00:00:00+00:00
[2026-05-07T21:16:33.381+0000] {logging_mixin.py:188} INFO - [2026-05-07T21:16:33.380+0000] {dag.py:3954} INFO - Setting next_dagrun for example_branch_datetime_operator_2 to 2026-05-06 00:00:00+00:00, run_after=2026-05-07 00:00:00+00:00
[2026-05-07T21:16:33.384+0000] {logging_mixin.py:188} INFO - [2026-05-07T21:16:33.384+0000] {dag.py:3954} INFO - Setting next_dagrun for example_branch_datetime_operator_3 to 2026-05-06 00:00:00+00:00, run_after=2026-05-07 00:00:00+00:00
[2026-05-07T21:16:33.407+0000] {processor.py:183} INFO - Processing /home/airflow/.local/lib/python3.12/site-packages/airflow/example_dags/example_branch_datetime_operator.py took 0.282 seconds
[2026-05-07T21:17:03.768+0000] {processor.py:161} INFO - Started process (PID=6926) to work on /home/airflow/.local/lib/python3.12/site-packages/airflow/example_dags/example_branch_datetime_operator.py
[2026-05-07T21:17:03.770+0000] {processor.py:830} INFO - Processing file /home/airflow/.local/lib/python3.12/site-packages/airflow/example_dags/example_branch_datetime_operator.py for tasks to queue
[2026-05-07T21:17:03.772+0000] {logging_mixin.py:188} INFO - [2026-05-07T21:17:03.772+0000] {dagbag.py:545} INFO - Filling up the DagBag from /home/airflow/.local/lib/python3.12/site-packages/airflow/example_dags/example_branch_datetime_operator.py
[2026-05-07T21:17:03.782+0000] {processor.py:840} INFO - DAG(s) 'example_branch_datetime_operator', 'example_branch_datetime_operator_3', 'example_branch_datetime_operator_2' retrieved from /home/airflow/.local/lib/python3.12/site-packages/airflow/example_dags/example_branch_datetime_operator.py
[2026-05-07T21:17:03.810+0000] {logging_mixin.py:188} INFO - [2026-05-07T21:17:03.810+0000] {dag.py:3096} INFO - Sync 3 DAGs
[2026-05-07T21:17:03.834+0000] {logging_mixin.py:188} INFO - [2026-05-07T21:17:03.834+0000] {dag.py:3954} INFO - Setting next_dagrun for example_branch_datetime_operator to 2026-05-06 00:00:00+00:00, run_after=2026-05-07 00:00:00+00:00
[2026-05-07T21:17:03.840+0000] {logging_mixin.py:188} INFO - [2026-05-07T21:17:03.840+0000] {dag.py:3954} INFO - Setting next_dagrun for example_branch_datetime_operator_2 to 2026-05-06 00:00:00+00:00, run_after=2026-05-07 00:00:00+00:00
[2026-05-07T21:17:03.842+0000] {logging_mixin.py:188} INFO - [2026-05-07T21:17:03.842+0000] {dag.py:3954} INFO - Setting next_dagrun for example_branch_datetime_operator_3 to 2026-05-06 00:00:00+00:00, run_after=2026-05-07 00:00:00+00:00
[2026-05-07T21:17:03.867+0000] {processor.py:183} INFO - Processing /home/airflow/.local/lib/python3.12/site-packages/airflow/example_dags/example_branch_datetime_operator.py took 0.113 seconds
[2026-05-07T21:17:34.703+0000] {processor.py:161} INFO - Started process (PID=6984) to work on /home/airflow/.local/lib/python3.12/site-packages/airflow/example_dags/example_branch_datetime_operator.py
[2026-05-07T21:17:34.704+0000] {processor.py:830} INFO - Processing file /home/airflow/.local/lib/python3.12/site-packages/airflow/example_dags/example_branch_datetime_operator.py for tasks to queue
[2026-05-07T21:17:34.706+0000] {logging_mixin.py:188} INFO - [2026-05-07T21:17:34.706+0000] {dagbag.py:545} INFO - Filling up the DagBag from /home/airflow/.local/lib/python3.12/site-packages/airflow/example_dags/example_branch_datetime_operator.py
[2026-05-07T21:17:34.715+0000] {processor.py:840} INFO - DAG(s) 'example_branch_datetime_operator', 'example_branch_datetime_operator_3', 'example_branch_datetime_operator_2' retrieved from /home/airflow/.local/lib/python3.12/site-packages/airflow/example_dags/example_branch_datetime_operator.py
[2026-05-07T21:17:34.742+0000] {logging_mixin.py:188} INFO - [2026-05-07T21:17:34.742+0000] {dag.py:3096} INFO - Sync 3 DAGs
[2026-05-07T21:17:34.763+0000] {logging_mixin.py:188} INFO - [2026-05-07T21:17:34.763+0000] {dag.py:3954} INFO - Setting next_dagrun for example_branch_datetime_operator to 2026-05-06 00:00:00+00:00, run_after=2026-05-07 00:00:00+00:00
[2026-05-07T21:17:34.769+0000] {logging_mixin.py:188} INFO - [2026-05-07T21:17:34.769+0000] {dag.py:3954} INFO - Setting next_dagrun for example_branch_datetime_operator_2 to 2026-05-06 00:00:00+00:00, run_after=2026-05-07 00:00:00+00:00
[2026-05-07T21:17:34.772+0000] {logging_mixin.py:188} INFO - [2026-05-07T21:17:34.772+0000] {dag.py:3954} INFO - Setting next_dagrun for example_branch_datetime_operator_3 to 2026-05-06 00:00:00+00:00, run_after=2026-05-07 00:00:00+00:00
[2026-05-07T21:17:34.795+0000] {processor.py:183} INFO - Processing /home/airflow/.local/lib/python3.12/site-packages/airflow/example_dags/example_branch_datetime_operator.py took 0.098 seconds
[2026-05-07T21:18:05.106+0000] {processor.py:161} INFO - Started process (PID=7042) to work on /home/airflow/.local/lib/python3.12/site-packages/airflow/example_dags/example_branch_datetime_operator.py
[2026-05-07T21:18:05.107+0000] {processor.py:830} INFO - Processing file /home/airflow/.local/lib/python3.12/site-packages/airflow/example_dags/example_branch_datetime_operator.py for tasks to queue
[2026-05-07T21:18:05.109+0000] {logging_mixin.py:188} INFO - [2026-05-07T21:18:05.109+0000] {dagbag.py:545} INFO - Filling up the DagBag from /home/airflow/.local/lib/python3.12/site-packages/airflow/example_dags/example_branch_datetime_operator.py
[2026-05-07T21:18:05.118+0000] {processor.py:840} INFO - DAG(s) 'example_branch_datetime_operator_3', 'example_branch_datetime_operator', 'example_branch_datetime_operator_2' retrieved from /home/airflow/.local/lib/python3.12/site-packages/airflow/example_dags/example_branch_datetime_operator.py
[2026-05-07T21:18:05.143+0000] {logging_mixin.py:188} INFO - [2026-05-07T21:18:05.143+0000] {dag.py:3096} INFO - Sync 3 DAGs
[2026-05-07T21:18:05.163+0000] {logging_mixin.py:188} INFO - [2026-05-07T21:18:05.163+0000] {dag.py:3954} INFO - Setting next_dagrun for example_branch_datetime_operator to 2026-05-06 00:00:00+00:00, run_after=2026-05-07 00:00:00+00:00
[2026-05-07T21:18:05.168+0000] {logging_mixin.py:188} INFO - [2026-05-07T21:18:05.168+0000] {dag.py:3954} INFO - Setting next_dagrun for example_branch_datetime_operator_2 to 2026-05-06 00:00:00+00:00, run_after=2026-05-07 00:00:00+00:00
[2026-05-07T21:18:05.171+0000] {logging_mixin.py:188} INFO - [2026-05-07T21:18:05.170+0000] {dag.py:3954} INFO - Setting next_dagrun for example_branch_datetime_operator_3 to 2026-05-06 00:00:00+00:00, run_after=2026-05-07 00:00:00+00:00
[2026-05-07T21:18:05.189+0000] {processor.py:183} INFO - Processing /home/airflow/.local/lib/python3.12/site-packages/airflow/example_dags/example_branch_datetime_operator.py took 0.088 seconds
[2026-05-07T21:18:35.416+0000] {processor.py:161} INFO - Started process (PID=7100) to work on /home/airflow/.local/lib/python3.12/site-packages/airflow/example_dags/example_branch_datetime_operator.py
[2026-05-07T21:18:35.417+0000] {processor.py:830} INFO - Processing file /home/airflow/.local/lib/python3.12/site-packages/airflow/example_dags/example_branch_datetime_operator.py for tasks to queue
[2026-05-07T21:18:35.419+0000] {logging_mixin.py:188} INFO - [2026-05-07T21:18:35.419+0000] {dagbag.py:545} INFO - Filling up the DagBag from /home/airflow/.local/lib/python3.12/site-packages/airflow/example_dags/example_branch_datetime_operator.py
[2026-05-07T21:18:35.428+0000] {processor.py:840} INFO - DAG(s) 'example_branch_datetime_operator', 'example_branch_datetime_operator_2', 'example_branch_datetime_operator_3' retrieved from /home/airflow/.local/lib/python3.12/site-packages/airflow/example_dags/example_branch_datetime_operator.py
[2026-05-07T21:18:35.455+0000] {logging_mixin.py:188} INFO - [2026-05-07T21:18:35.455+0000] {dag.py:3096} INFO - Sync 3 DAGs
[2026-05-07T21:18:35.477+0000] {logging_mixin.py:188} INFO - [2026-05-07T21:18:35.477+0000] {dag.py:3954} INFO - Setting next_dagrun for example_branch_datetime_operator to 2026-05-06 00:00:00+00:00, run_after=2026-05-07 00:00:00+00:00
[2026-05-07T21:18:35.482+0000] {logging_mixin.py:188} INFO - [2026-05-07T21:18:35.481+0000] {dag.py:3954} INFO - Setting next_dagrun for example_branch_datetime_operator_2 to 2026-05-06 00:00:00+00:00, run_after=2026-05-07 00:00:00+00:00
[2026-05-07T21:18:35.484+0000] {logging_mixin.py:188} INFO - [2026-05-07T21:18:35.484+0000] {dag.py:3954} INFO - Setting next_dagrun for example_branch_datetime_operator_3 to 2026-05-06 00:00:00+00:00, run_after=2026-05-07 00:00:00+00:00
[2026-05-07T21:18:35.502+0000] {processor.py:183} INFO - Processing /home/airflow/.local/lib/python3.12/site-packages/airflow/example_dags/example_branch_datetime_operator.py took 0.092 seconds
[2026-05-07T21:19:05.802+0000] {processor.py:161} INFO - Started process (PID=7158) to work on /home/airflow/.local/lib/python3.12/site-packages/airflow/example_dags/example_branch_datetime_operator.py
[2026-05-07T21:19:05.804+0000] {processor.py:830} INFO - Processing file /home/airflow/.local/lib/python3.12/site-packages/airflow/example_dags/example_branch_datetime_operator.py for tasks to queue
[2026-05-07T21:19:05.806+0000] {logging_mixin.py:188} INFO - [2026-05-07T21:19:05.806+0000] {dagbag.py:545} INFO - Filling up the DagBag from /home/airflow/.local/lib/python3.12/site-packages/airflow/example_dags/example_branch_datetime_operator.py
[2026-05-07T21:19:05.814+0000] {processor.py:840} INFO - DAG(s) 'example_branch_datetime_operator_3', 'example_branch_datetime_operator', 'example_branch_datetime_operator_2' retrieved from /home/airflow/.local/lib/python3.12/site-packages/airflow/example_dags/example_branch_datetime_operator.py
[2026-05-07T21:19:05.837+0000] {logging_mixin.py:188} INFO - [2026-05-07T21:19:05.837+0000] {dag.py:3096} INFO - Sync 3 DAGs
[2026-05-07T21:19:05.858+0000] {logging_mixin.py:188} INFO - [2026-05-07T21:19:05.857+0000] {dag.py:3954} INFO - Setting next_dagrun for example_branch_datetime_operator to 2026-05-06 00:00:00+00:00, run_after=2026-05-07 00:00:00+00:00
[2026-05-07T21:19:05.862+0000] {logging_mixin.py:188} INFO - [2026-05-07T21:19:05.862+0000] {dag.py:3954} INFO - Setting next_dagrun for example_branch_datetime_operator_2 to 2026-05-06 00:00:00+00:00, run_after=2026-05-07 00:00:00+00:00
[2026-05-07T21:19:05.864+0000] {logging_mixin.py:188} INFO - [2026-05-07T21:19:05.864+0000] {dag.py:3954} INFO - Setting next_dagrun for example_branch_datetime_operator_3 to 2026-05-06 00:00:00+00:00, run_after=2026-05-07 00:00:00+00:00
[2026-05-07T21:19:05.879+0000] {processor.py:183} INFO - Processing /home/airflow/.local/lib/python3.12/site-packages/airflow/example_dags/example_branch_datetime_operator.py took 0.082 seconds
[2026-05-07T21:19:36.339+0000] {processor.py:161} INFO - Started process (PID=7216) to work on /home/airflow/.local/lib/python3.12/site-packages/airflow/example_dags/example_branch_datetime_operator.py
[2026-05-07T21:19:36.340+0000] {processor.py:830} INFO - Processing file /home/airflow/.local/lib/python3.12/site-packages/airflow/example_dags/example_branch_datetime_operator.py for tasks to queue
[2026-05-07T21:19:36.343+0000] {logging_mixin.py:188} INFO - [2026-05-07T21:19:36.342+0000] {dagbag.py:545} INFO - Filling up the DagBag from /home/airflow/.local/lib/python3.12/site-packages/airflow/example_dags/example_branch_datetime_operator.py
[2026-05-07T21:19:36.351+0000] {processor.py:840} INFO - DAG(s) 'example_branch_datetime_operator', 'example_branch_datetime_operator_2', 'example_branch_datetime_operator_3' retrieved from /home/airflow/.local/lib/python3.12/site-packages/airflow/example_dags/example_branch_datetime_operator.py
[2026-05-07T21:19:36.376+0000] {logging_mixin.py:188} INFO - [2026-05-07T21:19:36.376+0000] {dag.py:3096} INFO - Sync 3 DAGs
[2026-05-07T21:19:36.396+0000] {logging_mixin.py:188} INFO - [2026-05-07T21:19:36.396+0000] {dag.py:3954} INFO - Setting next_dagrun for example_branch_datetime_operator to 2026-05-06 00:00:00+00:00, run_after=2026-05-07 00:00:00+00:00
[2026-05-07T21:19:36.401+0000] {logging_mixin.py:188} INFO - [2026-05-07T21:19:36.400+0000] {dag.py:3954} INFO - Setting next_dagrun for example_branch_datetime_operator_2 to 2026-05-06 00:00:00+00:00, run_after=2026-05-07 00:00:00+00:00
[2026-05-07T21:19:36.403+0000] {logging_mixin.py:188} INFO - [2026-05-07T21:19:36.403+0000] {dag.py:3954} INFO - Setting next_dagrun for example_branch_datetime_operator_3 to 2026-05-06 00:00:00+00:00, run_after=2026-05-07 00:00:00+00:00
[2026-05-07T21:19:36.421+0000] {processor.py:183} INFO - Processing /home/airflow/.local/lib/python3.12/site-packages/airflow/example_dags/example_branch_datetime_operator.py took 0.087 seconds
[2026-05-07T21:20:06.565+0000] {processor.py:161} INFO - Started process (PID=7274) to work on /home/airflow/.local/lib/python3.12/site-packages/airflow/example_dags/example_branch_datetime_operator.py
[2026-05-07T21:20:06.566+0000] {processor.py:830} INFO - Processing file /home/airflow/.local/lib/python3.12/site-packages/airflow/example_dags/example_branch_datetime_operator.py for tasks to queue
[2026-05-07T21:20:06.569+0000] {logging_mixin.py:188} INFO - [2026-05-07T21:20:06.568+0000] {dagbag.py:545} INFO - Filling up the DagBag from /home/airflow/.local/lib/python3.12/site-packages/airflow/example_dags/example_branch_datetime_operator.py
[2026-05-07T21:20:06.577+0000] {processor.py:840} INFO - DAG(s) 'example_branch_datetime_operator_3', 'example_branch_datetime_operator_2', 'example_branch_datetime_operator' retrieved from /home/airflow/.local/lib/python3.12/site-packages/airflow/example_dags/example_branch_datetime_operator.py
[2026-05-07T21:20:06.612+0000] {logging_mixin.py:188} INFO - [2026-05-07T21:20:06.612+0000] {dag.py:3096} INFO - Sync 3 DAGs
[2026-05-07T21:20:06.636+0000] {logging_mixin.py:188} INFO - [2026-05-07T21:20:06.636+0000] {dag.py:3954} INFO - Setting next_dagrun for example_branch_datetime_operator to 2026-05-06 00:00:00+00:00, run_after=2026-05-07 00:00:00+00:00
[2026-05-07T21:20:06.642+0000] {logging_mixin.py:188} INFO - [2026-05-07T21:20:06.642+0000] {dag.py:3954} INFO - Setting next_dagrun for example_branch_datetime_operator_2 to 2026-05-06 00:00:00+00:00, run_after=2026-05-07 00:00:00+00:00
[2026-05-07T21:20:06.646+0000] {logging_mixin.py:188} INFO - [2026-05-07T21:20:06.645+0000] {dag.py:3954} INFO - Setting next_dagrun for example_branch_datetime_operator_3 to 2026-05-06 00:00:00+00:00, run_after=2026-05-07 00:00:00+00:00
[2026-05-07T21:20:06.671+0000] {processor.py:183} INFO - Processing /home/airflow/.local/lib/python3.12/site-packages/airflow/example_dags/example_branch_datetime_operator.py took 0.112 seconds
[2026-05-07T21:20:36.777+0000] {processor.py:161} INFO - Started process (PID=7332) to work on /home/airflow/.local/lib/python3.12/site-packages/airflow/example_dags/example_branch_datetime_operator.py
[2026-05-07T21:20:36.779+0000] {processor.py:830} INFO - Processing file /home/airflow/.local/lib/python3.12/site-packages/airflow/example_dags/example_branch_datetime_operator.py for tasks to queue
[2026-05-07T21:20:36.781+0000] {logging_mixin.py:188} INFO - [2026-05-07T21:20:36.781+0000] {dagbag.py:545} INFO - Filling up the DagBag from /home/airflow/.local/lib/python3.12/site-packages/airflow/example_dags/example_branch_datetime_operator.py
[2026-05-07T21:20:36.789+0000] {processor.py:840} INFO - DAG(s) 'example_branch_datetime_operator_2', 'example_branch_datetime_operator', 'example_branch_datetime_operator_3' retrieved from /home/airflow/.local/lib/python3.12/site-packages/airflow/example_dags/example_branch_datetime_operator.py
[2026-05-07T21:20:36.814+0000] {logging_mixin.py:188} INFO - [2026-05-07T21:20:36.814+0000] {dag.py:3096} INFO - Sync 3 DAGs
[2026-05-07T21:20:36.836+0000] {logging_mixin.py:188} INFO - [2026-05-07T21:20:36.835+0000] {dag.py:3954} INFO - Setting next_dagrun for example_branch_datetime_operator to 2026-05-06 00:00:00+00:00, run_after=2026-05-07 00:00:00+00:00
[2026-05-07T21:20:36.840+0000] {logging_mixin.py:188} INFO - [2026-05-07T21:20:36.840+0000] {dag.py:3954} INFO - Setting next_dagrun for example_branch_datetime_operator_2 to 2026-05-06 00:00:00+00:00, run_after=2026-05-07 00:00:00+00:00
[2026-05-07T21:20:36.843+0000] {logging_mixin.py:188} INFO - [2026-05-07T21:20:36.843+0000] {dag.py:3954} INFO - Setting next_dagrun for example_branch_datetime_operator_3 to 2026-05-06 00:00:00+00:00, run_after=2026-05-07 00:00:00+00:00
[2026-05-07T21:20:36.860+0000] {processor.py:183} INFO - Processing /home/airflow/.local/lib/python3.12/site-packages/airflow/example_dags/example_branch_datetime_operator.py took 0.088 seconds
[2026-05-07T21:21:06.998+0000] {processor.py:161} INFO - Started process (PID=7390) to work on /home/airflow/.local/lib/python3.12/site-packages/airflow/example_dags/example_branch_datetime_operator.py
[2026-05-07T21:21:07.000+0000] {processor.py:830} INFO - Processing file /home/airflow/.local/lib/python3.12/site-packages/airflow/example_dags/example_branch_datetime_operator.py for tasks to queue
[2026-05-07T21:21:07.002+0000] {logging_mixin.py:188} INFO - [2026-05-07T21:21:07.002+0000] {dagbag.py:545} INFO - Filling up the DagBag from /home/airflow/.local/lib/python3.12/site-packages/airflow/example_dags/example_branch_datetime_operator.py
[2026-05-07T21:21:07.012+0000] {processor.py:840} INFO - DAG(s) 'example_branch_datetime_operator', 'example_branch_datetime_operator_3', 'example_branch_datetime_operator_2' retrieved from /home/airflow/.local/lib/python3.12/site-packages/airflow/example_dags/example_branch_datetime_operator.py
[2026-05-07T21:21:07.037+0000] {logging_mixin.py:188} INFO - [2026-05-07T21:21:07.036+0000] {dag.py:3096} INFO - Sync 3 DAGs
[2026-05-07T21:21:07.058+0000] {logging_mixin.py:188} INFO - [2026-05-07T21:21:07.058+0000] {dag.py:3954} INFO - Setting next_dagrun for example_branch_datetime_operator to 2026-05-06 00:00:00+00:00, run_after=2026-05-07 00:00:00+00:00
[2026-05-07T21:21:07.063+0000] {logging_mixin.py:188} INFO - [2026-05-07T21:21:07.063+0000] {dag.py:3954} INFO - Setting next_dagrun for example_branch_datetime_operator_2 to 2026-05-06 00:00:00+00:00, run_after=2026-05-07 00:00:00+00:00
[2026-05-07T21:21:07.065+0000] {logging_mixin.py:188} INFO - [2026-05-07T21:21:07.065+0000] {dag.py:3954} INFO - Setting next_dagrun for example_branch_datetime_operator_3 to 2026-05-06 00:00:00+00:00, run_after=2026-05-07 00:00:00+00:00
[2026-05-07T21:21:07.080+0000] {processor.py:183} INFO - Processing /home/airflow/.local/lib/python3.12/site-packages/airflow/example_dags/example_branch_datetime_operator.py took 0.088 seconds
[2026-05-07T21:21:37.303+0000] {processor.py:161} INFO - Started process (PID=7448) to work on /home/airflow/.local/lib/python3.12/site-packages/airflow/example_dags/example_branch_datetime_operator.py
[2026-05-07T21:21:37.304+0000] {processor.py:830} INFO - Processing file /home/airflow/.local/lib/python3.12/site-packages/airflow/example_dags/example_branch_datetime_operator.py for tasks to queue
[2026-05-07T21:21:37.306+0000] {logging_mixin.py:188} INFO - [2026-05-07T21:21:37.306+0000] {dagbag.py:545} INFO - Filling up the DagBag from /home/airflow/.local/lib/python3.12/site-packages/airflow/example_dags/example_branch_datetime_operator.py
[2026-05-07T21:21:37.315+0000] {processor.py:840} INFO - DAG(s) 'example_branch_datetime_operator_2', 'example_branch_datetime_operator_3', 'example_branch_datetime_operator' retrieved from /home/airflow/.local/lib/python3.12/site-packages/airflow/example_dags/example_branch_datetime_operator.py
[2026-05-07T21:21:37.338+0000] {logging_mixin.py:188} INFO - [2026-05-07T21:21:37.338+0000] {dag.py:3096} INFO - Sync 3 DAGs
[2026-05-07T21:21:37.359+0000] {logging_mixin.py:188} INFO - [2026-05-07T21:21:37.359+0000] {dag.py:3954} INFO - Setting next_dagrun for example_branch_datetime_operator to 2026-05-06 00:00:00+00:00, run_after=2026-05-07 00:00:00+00:00
[2026-05-07T21:21:37.364+0000] {logging_mixin.py:188} INFO - [2026-05-07T21:21:37.364+0000] {dag.py:3954} INFO - Setting next_dagrun for example_branch_datetime_operator_2 to 2026-05-06 00:00:00+00:00, run_after=2026-05-07 00:00:00+00:00
[2026-05-07T21:21:37.367+0000] {logging_mixin.py:188} INFO - [2026-05-07T21:21:37.366+0000] {dag.py:3954} INFO - Setting next_dagrun for example_branch_datetime_operator_3 to 2026-05-06 00:00:00+00:00, run_after=2026-05-07 00:00:00+00:00
[2026-05-07T21:21:37.382+0000] {processor.py:183} INFO - Processing /home/airflow/.local/lib/python3.12/site-packages/airflow/example_dags/example_branch_datetime_operator.py took 0.085 seconds
[2026-05-07T21:22:07.907+0000] {processor.py:161} INFO - Started process (PID=7506) to work on /home/airflow/.local/lib/python3.12/site-packages/airflow/example_dags/example_branch_datetime_operator.py
[2026-05-07T21:22:07.908+0000] {processor.py:830} INFO - Processing file /home/airflow/.local/lib/python3.12/site-packages/airflow/example_dags/example_branch_datetime_operator.py for tasks to queue
[2026-05-07T21:22:07.911+0000] {logging_mixin.py:188} INFO - [2026-05-07T21:22:07.910+0000] {dagbag.py:545} INFO - Filling up the DagBag from /home/airflow/.local/lib/python3.12/site-packages/airflow/example_dags/example_branch_datetime_operator.py
[2026-05-07T21:22:07.919+0000] {processor.py:840} INFO - DAG(s) 'example_branch_datetime_operator', 'example_branch_datetime_operator_2', 'example_branch_datetime_operator_3' retrieved from /home/airflow/.local/lib/python3.12/site-packages/airflow/example_dags/example_branch_datetime_operator.py
[2026-05-07T21:22:07.946+0000] {logging_mixin.py:188} INFO - [2026-05-07T21:22:07.946+0000] {dag.py:3096} INFO - Sync 3 DAGs
[2026-05-07T21:22:07.967+0000] {logging_mixin.py:188} INFO - [2026-05-07T21:22:07.966+0000] {dag.py:3954} INFO - Setting next_dagrun for example_branch_datetime_operator to 2026-05-06 00:00:00+00:00, run_after=2026-05-07 00:00:00+00:00
[2026-05-07T21:22:07.973+0000] {logging_mixin.py:188} INFO - [2026-05-07T21:22:07.973+0000] {dag.py:3954} INFO - Setting next_dagrun for example_branch_datetime_operator_2 to 2026-05-06 00:00:00+00:00, run_after=2026-05-07 00:00:00+00:00
[2026-05-07T21:22:07.976+0000] {logging_mixin.py:188} INFO - [2026-05-07T21:22:07.975+0000] {dag.py:3954} INFO - Setting next_dagrun for example_branch_datetime_operator_3 to 2026-05-06 00:00:00+00:00, run_after=2026-05-07 00:00:00+00:00
[2026-05-07T21:22:07.996+0000] {processor.py:183} INFO - Processing /home/airflow/.local/lib/python3.12/site-packages/airflow/example_dags/example_branch_datetime_operator.py took 0.094 seconds
[2026-05-07T21:22:38.172+0000] {processor.py:161} INFO - Started process (PID=7564) to work on /home/airflow/.local/lib/python3.12/site-packages/airflow/example_dags/example_branch_datetime_operator.py
[2026-05-07T21:22:38.173+0000] {processor.py:830} INFO - Processing file /home/airflow/.local/lib/python3.12/site-packages/airflow/example_dags/example_branch_datetime_operator.py for tasks to queue
[2026-05-07T21:22:38.176+0000] {logging_mixin.py:188} INFO - [2026-05-07T21:22:38.175+0000] {dagbag.py:545} INFO - Filling up the DagBag from /home/airflow/.local/lib/python3.12/site-packages/airflow/example_dags/example_branch_datetime_operator.py
[2026-05-07T21:22:38.184+0000] {processor.py:840} INFO - DAG(s) 'example_branch_datetime_operator_2', 'example_branch_datetime_operator', 'example_branch_datetime_operator_3' retrieved from /home/airflow/.local/lib/python3.12/site-packages/airflow/example_dags/example_branch_datetime_operator.py
[2026-05-07T21:22:38.211+0000] {logging_mixin.py:188} INFO - [2026-05-07T21:22:38.211+0000] {dag.py:3096} INFO - Sync 3 DAGs
[2026-05-07T21:22:38.231+0000] {logging_mixin.py:188} INFO - [2026-05-07T21:22:38.231+0000] {dag.py:3954} INFO - Setting next_dagrun for example_branch_datetime_operator to 2026-05-06 00:00:00+00:00, run_after=2026-05-07 00:00:00+00:00
[2026-05-07T21:22:38.237+0000] {logging_mixin.py:188} INFO - [2026-05-07T21:22:38.236+0000] {dag.py:3954} INFO - Setting next_dagrun for example_branch_datetime_operator_2 to 2026-05-06 00:00:00+00:00, run_after=2026-05-07 00:00:00+00:00
[2026-05-07T21:22:38.240+0000] {logging_mixin.py:188} INFO - [2026-05-07T21:22:38.239+0000] {dag.py:3954} INFO - Setting next_dagrun for example_branch_datetime_operator_3 to 2026-05-06 00:00:00+00:00, run_after=2026-05-07 00:00:00+00:00
[2026-05-07T21:22:38.264+0000] {processor.py:183} INFO - Processing /home/airflow/.local/lib/python3.12/site-packages/airflow/example_dags/example_branch_datetime_operator.py took 0.097 seconds
[2026-05-07T21:23:08.419+0000] {processor.py:161} INFO - Started process (PID=7623) to work on /home/airflow/.local/lib/python3.12/site-packages/airflow/example_dags/example_branch_datetime_operator.py
[2026-05-07T21:23:08.421+0000] {processor.py:830} INFO - Processing file /home/airflow/.local/lib/python3.12/site-packages/airflow/example_dags/example_branch_datetime_operator.py for tasks to queue
[2026-05-07T21:23:08.423+0000] {logging_mixin.py:188} INFO - [2026-05-07T21:23:08.423+0000] {dagbag.py:545} INFO - Filling up the DagBag from /home/airflow/.local/lib/python3.12/site-packages/airflow/example_dags/example_branch_datetime_operator.py
[2026-05-07T21:23:08.432+0000] {processor.py:840} INFO - DAG(s) 'example_branch_datetime_operator_3', 'example_branch_datetime_operator_2', 'example_branch_datetime_operator' retrieved from /home/airflow/.local/lib/python3.12/site-packages/airflow/example_dags/example_branch_datetime_operator.py
[2026-05-07T21:23:08.456+0000] {logging_mixin.py:188} INFO - [2026-05-07T21:23:08.455+0000] {dag.py:3096} INFO - Sync 3 DAGs
[2026-05-07T21:23:08.476+0000] {logging_mixin.py:188} INFO - [2026-05-07T21:23:08.475+0000] {dag.py:3954} INFO - Setting next_dagrun for example_branch_datetime_operator to 2026-05-06 00:00:00+00:00, run_after=2026-05-07 00:00:00+00:00
[2026-05-07T21:23:08.481+0000] {logging_mixin.py:188} INFO - [2026-05-07T21:23:08.481+0000] {dag.py:3954} INFO - Setting next_dagrun for example_branch_datetime_operator_2 to 2026-05-06 00:00:00+00:00, run_after=2026-05-07 00:00:00+00:00
[2026-05-07T21:23:08.485+0000] {logging_mixin.py:188} INFO - [2026-05-07T21:23:08.485+0000] {dag.py:3954} INFO - Setting next_dagrun for example_branch_datetime_operator_3 to 2026-05-06 00:00:00+00:00, run_after=2026-05-07 00:00:00+00:00
[2026-05-07T21:23:08.502+0000] {processor.py:183} INFO - Processing /home/airflow/.local/lib/python3.12/site-packages/airflow/example_dags/example_branch_datetime_operator.py took 0.088 seconds
[2026-05-07T21:23:38.655+0000] {processor.py:161} INFO - Started process (PID=7681) to work on /home/airflow/.local/lib/python3.12/site-packages/airflow/example_dags/example_branch_datetime_operator.py
[2026-05-07T21:23:38.657+0000] {processor.py:830} INFO - Processing file /home/airflow/.local/lib/python3.12/site-packages/airflow/example_dags/example_branch_datetime_operator.py for tasks to queue
[2026-05-07T21:23:38.659+0000] {logging_mixin.py:188} INFO - [2026-05-07T21:23:38.659+0000] {dagbag.py:545} INFO - Filling up the DagBag from /home/airflow/.local/lib/python3.12/site-packages/airflow/example_dags/example_branch_datetime_operator.py
[2026-05-07T21:23:38.668+0000] {processor.py:840} INFO - DAG(s) 'example_branch_datetime_operator_2', 'example_branch_datetime_operator_3', 'example_branch_datetime_operator' retrieved from /home/airflow/.local/lib/python3.12/site-packages/airflow/example_dags/example_branch_datetime_operator.py
[2026-05-07T21:23:38.693+0000] {logging_mixin.py:188} INFO - [2026-05-07T21:23:38.693+0000] {dag.py:3096} INFO - Sync 3 DAGs
[2026-05-07T21:23:38.715+0000] {logging_mixin.py:188} INFO - [2026-05-07T21:23:38.714+0000] {dag.py:3954} INFO - Setting next_dagrun for example_branch_datetime_operator to 2026-05-06 00:00:00+00:00, run_after=2026-05-07 00:00:00+00:00
[2026-05-07T21:23:38.719+0000] {logging_mixin.py:188} INFO - [2026-05-07T21:23:38.719+0000] {dag.py:3954} INFO - Setting next_dagrun for example_branch_datetime_operator_2 to 2026-05-06 00:00:00+00:00, run_after=2026-05-07 00:00:00+00:00
[2026-05-07T21:23:38.722+0000] {logging_mixin.py:188} INFO - [2026-05-07T21:23:38.722+0000] {dag.py:3954} INFO - Setting next_dagrun for example_branch_datetime_operator_3 to 2026-05-06 00:00:00+00:00, run_after=2026-05-07 00:00:00+00:00
[2026-05-07T21:23:38.738+0000] {processor.py:183} INFO - Processing /home/airflow/.local/lib/python3.12/site-packages/airflow/example_dags/example_branch_datetime_operator.py took 0.087 seconds
[2026-05-07T21:24:08.928+0000] {processor.py:161} INFO - Started process (PID=7738) to work on /home/airflow/.local/lib/python3.12/site-packages/airflow/example_dags/example_branch_datetime_operator.py
[2026-05-07T21:24:08.930+0000] {processor.py:830} INFO - Processing file /home/airflow/.local/lib/python3.12/site-packages/airflow/example_dags/example_branch_datetime_operator.py for tasks to queue
[2026-05-07T21:24:08.932+0000] {logging_mixin.py:188} INFO - [2026-05-07T21:24:08.932+0000] {dagbag.py:545} INFO - Filling up the DagBag from /home/airflow/.local/lib/python3.12/site-packages/airflow/example_dags/example_branch_datetime_operator.py
[2026-05-07T21:24:08.941+0000] {processor.py:840} INFO - DAG(s) 'example_branch_datetime_operator_3', 'example_branch_datetime_operator', 'example_branch_datetime_operator_2' retrieved from /home/airflow/.local/lib/python3.12/site-packages/airflow/example_dags/example_branch_datetime_operator.py
[2026-05-07T21:24:08.967+0000] {logging_mixin.py:188} INFO - [2026-05-07T21:24:08.967+0000] {dag.py:3096} INFO - Sync 3 DAGs
[2026-05-07T21:24:08.990+0000] {logging_mixin.py:188} INFO - [2026-05-07T21:24:08.990+0000] {dag.py:3954} INFO - Setting next_dagrun for example_branch_datetime_operator to 2026-05-06 00:00:00+00:00, run_after=2026-05-07 00:00:00+00:00
[2026-05-07T21:24:08.995+0000] {logging_mixin.py:188} INFO - [2026-05-07T21:24:08.995+0000] {dag.py:3954} INFO - Setting next_dagrun for example_branch_datetime_operator_2 to 2026-05-06 00:00:00+00:00, run_after=2026-05-07 00:00:00+00:00
[2026-05-07T21:24:08.998+0000] {logging_mixin.py:188} INFO - [2026-05-07T21:24:08.998+0000] {dag.py:3954} INFO - Setting next_dagrun for example_branch_datetime_operator_3 to 2026-05-06 00:00:00+00:00, run_after=2026-05-07 00:00:00+00:00
[2026-05-07T21:24:09.017+0000] {processor.py:183} INFO - Processing /home/airflow/.local/lib/python3.12/site-packages/airflow/example_dags/example_branch_datetime_operator.py took 0.096 seconds
[2026-05-07T21:24:39.138+0000] {processor.py:161} INFO - Started process (PID=7796) to work on /home/airflow/.local/lib/python3.12/site-packages/airflow/example_dags/example_branch_datetime_operator.py
[2026-05-07T21:24:39.139+0000] {processor.py:830} INFO - Processing file /home/airflow/.local/lib/python3.12/site-packages/airflow/example_dags/example_branch_datetime_operator.py for tasks to queue
[2026-05-07T21:24:39.142+0000] {logging_mixin.py:188} INFO - [2026-05-07T21:24:39.141+0000] {dagbag.py:545} INFO - Filling up the DagBag from /home/airflow/.local/lib/python3.12/site-packages/airflow/example_dags/example_branch_datetime_operator.py
[2026-05-07T21:24:39.151+0000] {processor.py:840} INFO - DAG(s) 'example_branch_datetime_operator_2', 'example_branch_datetime_operator_3', 'example_branch_datetime_operator' retrieved from /home/airflow/.local/lib/python3.12/site-packages/airflow/example_dags/example_branch_datetime_operator.py
[2026-05-07T21:24:39.177+0000] {logging_mixin.py:188} INFO - [2026-05-07T21:24:39.177+0000] {dag.py:3096} INFO - Sync 3 DAGs
[2026-05-07T21:24:39.199+0000] {logging_mixin.py:188} INFO - [2026-05-07T21:24:39.199+0000] {dag.py:3954} INFO - Setting next_dagrun for example_branch_datetime_operator to 2026-05-06 00:00:00+00:00, run_after=2026-05-07 00:00:00+00:00
[2026-05-07T21:24:39.204+0000] {logging_mixin.py:188} INFO - [2026-05-07T21:24:39.204+0000] {dag.py:3954} INFO - Setting next_dagrun for example_branch_datetime_operator_2 to 2026-05-06 00:00:00+00:00, run_after=2026-05-07 00:00:00+00:00
[2026-05-07T21:24:39.207+0000] {logging_mixin.py:188} INFO - [2026-05-07T21:24:39.206+0000] {dag.py:3954} INFO - Setting next_dagrun for example_branch_datetime_operator_3 to 2026-05-06 00:00:00+00:00, run_after=2026-05-07 00:00:00+00:00
[2026-05-07T21:24:39.229+0000] {processor.py:183} INFO - Processing /home/airflow/.local/lib/python3.12/site-packages/airflow/example_dags/example_branch_datetime_operator.py took 0.096 seconds
[2026-05-07T21:25:10.408+0000] {processor.py:161} INFO - Started process (PID=7854) to work on /home/airflow/.local/lib/python3.12/site-packages/airflow/example_dags/example_branch_datetime_operator.py
[2026-05-07T21:25:10.410+0000] {processor.py:830} INFO - Processing file /home/airflow/.local/lib/python3.12/site-packages/airflow/example_dags/example_branch_datetime_operator.py for tasks to queue
[2026-05-07T21:25:10.412+0000] {logging_mixin.py:188} INFO - [2026-05-07T21:25:10.411+0000] {dagbag.py:545} INFO - Filling up the DagBag from /home/airflow/.local/lib/python3.12/site-packages/airflow/example_dags/example_branch_datetime_operator.py
[2026-05-07T21:25:10.421+0000] {processor.py:840} INFO - DAG(s) 'example_branch_datetime_operator', 'example_branch_datetime_operator_2', 'example_branch_datetime_operator_3' retrieved from /home/airflow/.local/lib/python3.12/site-packages/airflow/example_dags/example_branch_datetime_operator.py
[2026-05-07T21:25:10.456+0000] {logging_mixin.py:188} INFO - [2026-05-07T21:25:10.456+0000] {dag.py:3096} INFO - Sync 3 DAGs
[2026-05-07T21:25:10.478+0000] {logging_mixin.py:188} INFO - [2026-05-07T21:25:10.478+0000] {dag.py:3954} INFO - Setting next_dagrun for example_branch_datetime_operator to 2026-05-06 00:00:00+00:00, run_after=2026-05-07 00:00:00+00:00
[2026-05-07T21:25:10.483+0000] {logging_mixin.py:188} INFO - [2026-05-07T21:25:10.483+0000] {dag.py:3954} INFO - Setting next_dagrun for example_branch_datetime_operator_2 to 2026-05-06 00:00:00+00:00, run_after=2026-05-07 00:00:00+00:00
[2026-05-07T21:25:10.486+0000] {logging_mixin.py:188} INFO - [2026-05-07T21:25:10.486+0000] {dag.py:3954} INFO - Setting next_dagrun for example_branch_datetime_operator_3 to 2026-05-06 00:00:00+00:00, run_after=2026-05-07 00:00:00+00:00
[2026-05-07T21:25:10.504+0000] {processor.py:183} INFO - Processing /home/airflow/.local/lib/python3.12/site-packages/airflow/example_dags/example_branch_datetime_operator.py took 0.101 seconds
[2026-05-07T21:25:40.657+0000] {processor.py:161} INFO - Started process (PID=7912) to work on /home/airflow/.local/lib/python3.12/site-packages/airflow/example_dags/example_branch_datetime_operator.py
[2026-05-07T21:25:40.658+0000] {processor.py:830} INFO - Processing file /home/airflow/.local/lib/python3.12/site-packages/airflow/example_dags/example_branch_datetime_operator.py for tasks to queue
[2026-05-07T21:25:40.661+0000] {logging_mixin.py:188} INFO - [2026-05-07T21:25:40.660+0000] {dagbag.py:545} INFO - Filling up the DagBag from /home/airflow/.local/lib/python3.12/site-packages/airflow/example_dags/example_branch_datetime_operator.py
[2026-05-07T21:25:40.671+0000] {processor.py:840} INFO - DAG(s) 'example_branch_datetime_operator', 'example_branch_datetime_operator_3', 'example_branch_datetime_operator_2' retrieved from /home/airflow/.local/lib/python3.12/site-packages/airflow/example_dags/example_branch_datetime_operator.py
[2026-05-07T21:25:40.700+0000] {logging_mixin.py:188} INFO - [2026-05-07T21:25:40.700+0000] {dag.py:3096} INFO - Sync 3 DAGs
[2026-05-07T21:25:40.722+0000] {logging_mixin.py:188} INFO - [2026-05-07T21:25:40.721+0000] {dag.py:3954} INFO - Setting next_dagrun for example_branch_datetime_operator to 2026-05-06 00:00:00+00:00, run_after=2026-05-07 00:00:00+00:00
[2026-05-07T21:25:40.726+0000] {logging_mixin.py:188} INFO - [2026-05-07T21:25:40.726+0000] {dag.py:3954} INFO - Setting next_dagrun for example_branch_datetime_operator_2 to 2026-05-06 00:00:00+00:00, run_after=2026-05-07 00:00:00+00:00
[2026-05-07T21:25:40.729+0000] {logging_mixin.py:188} INFO - [2026-05-07T21:25:40.728+0000] {dag.py:3954} INFO - Setting next_dagrun for example_branch_datetime_operator_3 to 2026-05-06 00:00:00+00:00, run_after=2026-05-07 00:00:00+00:00
[2026-05-07T21:25:40.746+0000] {processor.py:183} INFO - Processing /home/airflow/.local/lib/python3.12/site-packages/airflow/example_dags/example_branch_datetime_operator.py took 0.097 seconds
[2026-05-07T21:26:11.119+0000] {processor.py:161} INFO - Started process (PID=7969) to work on /home/airflow/.local/lib/python3.12/site-packages/airflow/example_dags/example_branch_datetime_operator.py
[2026-05-07T21:26:11.121+0000] {processor.py:830} INFO - Processing file /home/airflow/.local/lib/python3.12/site-packages/airflow/example_dags/example_branch_datetime_operator.py for tasks to queue
[2026-05-07T21:26:11.125+0000] {logging_mixin.py:188} INFO - [2026-05-07T21:26:11.124+0000] {dagbag.py:545} INFO - Filling up the DagBag from /home/airflow/.local/lib/python3.12/site-packages/airflow/example_dags/example_branch_datetime_operator.py
[2026-05-07T21:26:11.136+0000] {processor.py:840} INFO - DAG(s) 'example_branch_datetime_operator', 'example_branch_datetime_operator_3', 'example_branch_datetime_operator_2' retrieved from /home/airflow/.local/lib/python3.12/site-packages/airflow/example_dags/example_branch_datetime_operator.py
[2026-05-07T21:26:11.175+0000] {logging_mixin.py:188} INFO - [2026-05-07T21:26:11.175+0000] {dag.py:3096} INFO - Sync 3 DAGs
[2026-05-07T21:26:11.209+0000] {logging_mixin.py:188} INFO - [2026-05-07T21:26:11.208+0000] {dag.py:3954} INFO - Setting next_dagrun for example_branch_datetime_operator to 2026-05-06 00:00:00+00:00, run_after=2026-05-07 00:00:00+00:00
[2026-05-07T21:26:11.214+0000] {logging_mixin.py:188} INFO - [2026-05-07T21:26:11.214+0000] {dag.py:3954} INFO - Setting next_dagrun for example_branch_datetime_operator_2 to 2026-05-06 00:00:00+00:00, run_after=2026-05-07 00:00:00+00:00
[2026-05-07T21:26:11.218+0000] {logging_mixin.py:188} INFO - [2026-05-07T21:26:11.217+0000] {dag.py:3954} INFO - Setting next_dagrun for example_branch_datetime_operator_3 to 2026-05-06 00:00:00+00:00, run_after=2026-05-07 00:00:00+00:00
[2026-05-07T21:26:11.245+0000] {processor.py:183} INFO - Processing /home/airflow/.local/lib/python3.12/site-packages/airflow/example_dags/example_branch_datetime_operator.py took 0.135 seconds
[2026-05-07T21:26:41.320+0000] {processor.py:161} INFO - Started process (PID=8027) to work on /home/airflow/.local/lib/python3.12/site-packages/airflow/example_dags/example_branch_datetime_operator.py
[2026-05-07T21:26:41.321+0000] {processor.py:830} INFO - Processing file /home/airflow/.local/lib/python3.12/site-packages/airflow/example_dags/example_branch_datetime_operator.py for tasks to queue
[2026-05-07T21:26:41.323+0000] {logging_mixin.py:188} INFO - [2026-05-07T21:26:41.323+0000] {dagbag.py:545} INFO - Filling up the DagBag from /home/airflow/.local/lib/python3.12/site-packages/airflow/example_dags/example_branch_datetime_operator.py
[2026-05-07T21:26:41.352+0000] {processor.py:840} INFO - DAG(s) 'example_branch_datetime_operator', 'example_branch_datetime_operator_2', 'example_branch_datetime_operator_3' retrieved from /home/airflow/.local/lib/python3.12/site-packages/airflow/example_dags/example_branch_datetime_operator.py
[2026-05-07T21:26:41.401+0000] {logging_mixin.py:188} INFO - [2026-05-07T21:26:41.401+0000] {dag.py:3096} INFO - Sync 3 DAGs
[2026-05-07T21:26:41.424+0000] {logging_mixin.py:188} INFO - [2026-05-07T21:26:41.423+0000] {dag.py:3954} INFO - Setting next_dagrun for example_branch_datetime_operator to 2026-05-06 00:00:00+00:00, run_after=2026-05-07 00:00:00+00:00
[2026-05-07T21:26:41.429+0000] {logging_mixin.py:188} INFO - [2026-05-07T21:26:41.429+0000] {dag.py:3954} INFO - Setting next_dagrun for example_branch_datetime_operator_2 to 2026-05-06 00:00:00+00:00, run_after=2026-05-07 00:00:00+00:00
[2026-05-07T21:26:41.432+0000] {logging_mixin.py:188} INFO - [2026-05-07T21:26:41.432+0000] {dag.py:3954} INFO - Setting next_dagrun for example_branch_datetime_operator_3 to 2026-05-06 00:00:00+00:00, run_after=2026-05-07 00:00:00+00:00
[2026-05-07T21:26:41.466+0000] {processor.py:183} INFO - Processing /home/airflow/.local/lib/python3.12/site-packages/airflow/example_dags/example_branch_datetime_operator.py took 0.151 seconds
[2026-05-07T21:27:11.559+0000] {processor.py:161} INFO - Started process (PID=8085) to work on /home/airflow/.local/lib/python3.12/site-packages/airflow/example_dags/example_branch_datetime_operator.py
[2026-05-07T21:27:11.561+0000] {processor.py:830} INFO - Processing file /home/airflow/.local/lib/python3.12/site-packages/airflow/example_dags/example_branch_datetime_operator.py for tasks to queue
[2026-05-07T21:27:11.563+0000] {logging_mixin.py:188} INFO - [2026-05-07T21:27:11.563+0000] {dagbag.py:545} INFO - Filling up the DagBag from /home/airflow/.local/lib/python3.12/site-packages/airflow/example_dags/example_branch_datetime_operator.py
[2026-05-07T21:27:11.573+0000] {processor.py:840} INFO - DAG(s) 'example_branch_datetime_operator', 'example_branch_datetime_operator_2', 'example_branch_datetime_operator_3' retrieved from /home/airflow/.local/lib/python3.12/site-packages/airflow/example_dags/example_branch_datetime_operator.py
[2026-05-07T21:27:11.602+0000] {logging_mixin.py:188} INFO - [2026-05-07T21:27:11.602+0000] {dag.py:3096} INFO - Sync 3 DAGs
[2026-05-07T21:27:11.625+0000] {logging_mixin.py:188} INFO - [2026-05-07T21:27:11.625+0000] {dag.py:3954} INFO - Setting next_dagrun for example_branch_datetime_operator to 2026-05-06 00:00:00+00:00, run_after=2026-05-07 00:00:00+00:00
[2026-05-07T21:27:11.630+0000] {logging_mixin.py:188} INFO - [2026-05-07T21:27:11.629+0000] {dag.py:3954} INFO - Setting next_dagrun for example_branch_datetime_operator_2 to 2026-05-06 00:00:00+00:00, run_after=2026-05-07 00:00:00+00:00
[2026-05-07T21:27:11.633+0000] {logging_mixin.py:188} INFO - [2026-05-07T21:27:11.633+0000] {dag.py:3954} INFO - Setting next_dagrun for example_branch_datetime_operator_3 to 2026-05-06 00:00:00+00:00, run_after=2026-05-07 00:00:00+00:00
[2026-05-07T21:27:11.656+0000] {processor.py:183} INFO - Processing /home/airflow/.local/lib/python3.12/site-packages/airflow/example_dags/example_branch_datetime_operator.py took 0.101 seconds
[2026-05-07T21:27:42.461+0000] {processor.py:161} INFO - Started process (PID=8143) to work on /home/airflow/.local/lib/python3.12/site-packages/airflow/example_dags/example_branch_datetime_operator.py
[2026-05-07T21:27:42.463+0000] {processor.py:830} INFO - Processing file /home/airflow/.local/lib/python3.12/site-packages/airflow/example_dags/example_branch_datetime_operator.py for tasks to queue
[2026-05-07T21:27:42.466+0000] {logging_mixin.py:188} INFO - [2026-05-07T21:27:42.466+0000] {dagbag.py:545} INFO - Filling up the DagBag from /home/airflow/.local/lib/python3.12/site-packages/airflow/example_dags/example_branch_datetime_operator.py
[2026-05-07T21:27:42.480+0000] {processor.py:840} INFO - DAG(s) 'example_branch_datetime_operator_2', 'example_branch_datetime_operator_3', 'example_branch_datetime_operator' retrieved from /home/airflow/.local/lib/python3.12/site-packages/airflow/example_dags/example_branch_datetime_operator.py
[2026-05-07T21:27:42.518+0000] {logging_mixin.py:188} INFO - [2026-05-07T21:27:42.517+0000] {dag.py:3096} INFO - Sync 3 DAGs
[2026-05-07T21:27:42.548+0000] {logging_mixin.py:188} INFO - [2026-05-07T21:27:42.548+0000] {dag.py:3954} INFO - Setting next_dagrun for example_branch_datetime_operator to 2026-05-06 00:00:00+00:00, run_after=2026-05-07 00:00:00+00:00
[2026-05-07T21:27:42.554+0000] {logging_mixin.py:188} INFO - [2026-05-07T21:27:42.554+0000] {dag.py:3954} INFO - Setting next_dagrun for example_branch_datetime_operator_2 to 2026-05-06 00:00:00+00:00, run_after=2026-05-07 00:00:00+00:00
[2026-05-07T21:27:42.559+0000] {logging_mixin.py:188} INFO - [2026-05-07T21:27:42.558+0000] {dag.py:3954} INFO - Setting next_dagrun for example_branch_datetime_operator_3 to 2026-05-06 00:00:00+00:00, run_after=2026-05-07 00:00:00+00:00
[2026-05-07T21:27:42.580+0000] {processor.py:183} INFO - Processing /home/airflow/.local/lib/python3.12/site-packages/airflow/example_dags/example_branch_datetime_operator.py took 0.125 seconds
[2026-05-07T21:28:13.366+0000] {processor.py:161} INFO - Started process (PID=8202) to work on /home/airflow/.local/lib/python3.12/site-packages/airflow/example_dags/example_branch_datetime_operator.py
[2026-05-07T21:28:13.367+0000] {processor.py:830} INFO - Processing file /home/airflow/.local/lib/python3.12/site-packages/airflow/example_dags/example_branch_datetime_operator.py for tasks to queue
[2026-05-07T21:28:13.369+0000] {logging_mixin.py:188} INFO - [2026-05-07T21:28:13.369+0000] {dagbag.py:545} INFO - Filling up the DagBag from /home/airflow/.local/lib/python3.12/site-packages/airflow/example_dags/example_branch_datetime_operator.py
[2026-05-07T21:28:13.378+0000] {processor.py:840} INFO - DAG(s) 'example_branch_datetime_operator', 'example_branch_datetime_operator_2', 'example_branch_datetime_operator_3' retrieved from /home/airflow/.local/lib/python3.12/site-packages/airflow/example_dags/example_branch_datetime_operator.py
[2026-05-07T21:28:13.404+0000] {logging_mixin.py:188} INFO - [2026-05-07T21:28:13.404+0000] {dag.py:3096} INFO - Sync 3 DAGs
[2026-05-07T21:28:13.427+0000] {logging_mixin.py:188} INFO - [2026-05-07T21:28:13.427+0000] {dag.py:3954} INFO - Setting next_dagrun for example_branch_datetime_operator to 2026-05-06 00:00:00+00:00, run_after=2026-05-07 00:00:00+00:00
[2026-05-07T21:28:13.432+0000] {logging_mixin.py:188} INFO - [2026-05-07T21:28:13.432+0000] {dag.py:3954} INFO - Setting next_dagrun for example_branch_datetime_operator_2 to 2026-05-06 00:00:00+00:00, run_after=2026-05-07 00:00:00+00:00
[2026-05-07T21:28:13.435+0000] {logging_mixin.py:188} INFO - [2026-05-07T21:28:13.435+0000] {dag.py:3954} INFO - Setting next_dagrun for example_branch_datetime_operator_3 to 2026-05-06 00:00:00+00:00, run_after=2026-05-07 00:00:00+00:00
[2026-05-07T21:28:13.455+0000] {processor.py:183} INFO - Processing /home/airflow/.local/lib/python3.12/site-packages/airflow/example_dags/example_branch_datetime_operator.py took 0.094 seconds
[2026-05-07T21:28:43.617+0000] {processor.py:161} INFO - Started process (PID=8261) to work on /home/airflow/.local/lib/python3.12/site-packages/airflow/example_dags/example_branch_datetime_operator.py
[2026-05-07T21:28:43.619+0000] {processor.py:830} INFO - Processing file /home/airflow/.local/lib/python3.12/site-packages/airflow/example_dags/example_branch_datetime_operator.py for tasks to queue
[2026-05-07T21:28:43.621+0000] {logging_mixin.py:188} INFO - [2026-05-07T21:28:43.620+0000] {dagbag.py:545} INFO - Filling up the DagBag from /home/airflow/.local/lib/python3.12/site-packages/airflow/example_dags/example_branch_datetime_operator.py
[2026-05-07T21:28:43.629+0000] {processor.py:840} INFO - DAG(s) 'example_branch_datetime_operator_3', 'example_branch_datetime_operator', 'example_branch_datetime_operator_2' retrieved from /home/airflow/.local/lib/python3.12/site-packages/airflow/example_dags/example_branch_datetime_operator.py
[2026-05-07T21:28:43.655+0000] {logging_mixin.py:188} INFO - [2026-05-07T21:28:43.655+0000] {dag.py:3096} INFO - Sync 3 DAGs
[2026-05-07T21:28:43.675+0000] {logging_mixin.py:188} INFO - [2026-05-07T21:28:43.674+0000] {dag.py:3954} INFO - Setting next_dagrun for example_branch_datetime_operator to 2026-05-06 00:00:00+00:00, run_after=2026-05-07 00:00:00+00:00
[2026-05-07T21:28:43.679+0000] {logging_mixin.py:188} INFO - [2026-05-07T21:28:43.678+0000] {dag.py:3954} INFO - Setting next_dagrun for example_branch_datetime_operator_2 to 2026-05-06 00:00:00+00:00, run_after=2026-05-07 00:00:00+00:00
[2026-05-07T21:28:43.681+0000] {logging_mixin.py:188} INFO - [2026-05-07T21:28:43.681+0000] {dag.py:3954} INFO - Setting next_dagrun for example_branch_datetime_operator_3 to 2026-05-06 00:00:00+00:00, run_after=2026-05-07 00:00:00+00:00
[2026-05-07T21:28:43.698+0000] {processor.py:183} INFO - Processing /home/airflow/.local/lib/python3.12/site-packages/airflow/example_dags/example_branch_datetime_operator.py took 0.086 seconds
[2026-05-07T21:29:13.862+0000] {processor.py:161} INFO - Started process (PID=8319) to work on /home/airflow/.local/lib/python3.12/site-packages/airflow/example_dags/example_branch_datetime_operator.py
[2026-05-07T21:29:13.863+0000] {processor.py:830} INFO - Processing file /home/airflow/.local/lib/python3.12/site-packages/airflow/example_dags/example_branch_datetime_operator.py for tasks to queue
[2026-05-07T21:29:13.866+0000] {logging_mixin.py:188} INFO - [2026-05-07T21:29:13.866+0000] {dagbag.py:545} INFO - Filling up the DagBag from /home/airflow/.local/lib/python3.12/site-packages/airflow/example_dags/example_branch_datetime_operator.py
[2026-05-07T21:29:13.876+0000] {processor.py:840} INFO - DAG(s) 'example_branch_datetime_operator', 'example_branch_datetime_operator_3', 'example_branch_datetime_operator_2' retrieved from /home/airflow/.local/lib/python3.12/site-packages/airflow/example_dags/example_branch_datetime_operator.py
[2026-05-07T21:29:13.917+0000] {logging_mixin.py:188} INFO - [2026-05-07T21:29:13.917+0000] {dag.py:3096} INFO - Sync 3 DAGs
[2026-05-07T21:29:13.951+0000] {logging_mixin.py:188} INFO - [2026-05-07T21:29:13.951+0000] {dag.py:3954} INFO - Setting next_dagrun for example_branch_datetime_operator to 2026-05-06 00:00:00+00:00, run_after=2026-05-07 00:00:00+00:00
[2026-05-07T21:29:13.962+0000] {logging_mixin.py:188} INFO - [2026-05-07T21:29:13.962+0000] {dag.py:3954} INFO - Setting next_dagrun for example_branch_datetime_operator_2 to 2026-05-06 00:00:00+00:00, run_after=2026-05-07 00:00:00+00:00
[2026-05-07T21:29:13.971+0000] {logging_mixin.py:188} INFO - [2026-05-07T21:29:13.970+0000] {dag.py:3954} INFO - Setting next_dagrun for example_branch_datetime_operator_3 to 2026-05-06 00:00:00+00:00, run_after=2026-05-07 00:00:00+00:00
[2026-05-07T21:29:13.998+0000] {processor.py:183} INFO - Processing /home/airflow/.local/lib/python3.12/site-packages/airflow/example_dags/example_branch_datetime_operator.py took 0.141 seconds
[2026-05-07T21:29:44.117+0000] {processor.py:161} INFO - Started process (PID=8378) to work on /home/airflow/.local/lib/python3.12/site-packages/airflow/example_dags/example_branch_datetime_operator.py
[2026-05-07T21:29:44.119+0000] {processor.py:830} INFO - Processing file /home/airflow/.local/lib/python3.12/site-packages/airflow/example_dags/example_branch_datetime_operator.py for tasks to queue
[2026-05-07T21:29:44.122+0000] {logging_mixin.py:188} INFO - [2026-05-07T21:29:44.122+0000] {dagbag.py:545} INFO - Filling up the DagBag from /home/airflow/.local/lib/python3.12/site-packages/airflow/example_dags/example_branch_datetime_operator.py
[2026-05-07T21:29:44.136+0000] {processor.py:840} INFO - DAG(s) 'example_branch_datetime_operator_3', 'example_branch_datetime_operator', 'example_branch_datetime_operator_2' retrieved from /home/airflow/.local/lib/python3.12/site-packages/airflow/example_dags/example_branch_datetime_operator.py
[2026-05-07T21:29:44.166+0000] {logging_mixin.py:188} INFO - [2026-05-07T21:29:44.165+0000] {dag.py:3096} INFO - Sync 3 DAGs
[2026-05-07T21:29:44.190+0000] {logging_mixin.py:188} INFO - [2026-05-07T21:29:44.190+0000] {dag.py:3954} INFO - Setting next_dagrun for example_branch_datetime_operator to 2026-05-06 00:00:00+00:00, run_after=2026-05-07 00:00:00+00:00
[2026-05-07T21:29:44.196+0000] {logging_mixin.py:188} INFO - [2026-05-07T21:29:44.196+0000] {dag.py:3954} INFO - Setting next_dagrun for example_branch_datetime_operator_2 to 2026-05-06 00:00:00+00:00, run_after=2026-05-07 00:00:00+00:00
[2026-05-07T21:29:44.199+0000] {logging_mixin.py:188} INFO - [2026-05-07T21:29:44.199+0000] {dag.py:3954} INFO - Setting next_dagrun for example_branch_datetime_operator_3 to 2026-05-06 00:00:00+00:00, run_after=2026-05-07 00:00:00+00:00
[2026-05-07T21:29:44.218+0000] {processor.py:183} INFO - Processing /home/airflow/.local/lib/python3.12/site-packages/airflow/example_dags/example_branch_datetime_operator.py took 0.108 seconds
[2026-05-07T21:30:14.309+0000] {processor.py:161} INFO - Started process (PID=8436) to work on /home/airflow/.local/lib/python3.12/site-packages/airflow/example_dags/example_branch_datetime_operator.py
[2026-05-07T21:30:14.310+0000] {processor.py:830} INFO - Processing file /home/airflow/.local/lib/python3.12/site-packages/airflow/example_dags/example_branch_datetime_operator.py for tasks to queue
[2026-05-07T21:30:14.312+0000] {logging_mixin.py:188} INFO - [2026-05-07T21:30:14.312+0000] {dagbag.py:545} INFO - Filling up the DagBag from /home/airflow/.local/lib/python3.12/site-packages/airflow/example_dags/example_branch_datetime_operator.py
[2026-05-07T21:30:14.334+0000] {processor.py:840} INFO - DAG(s) 'example_branch_datetime_operator_2', 'example_branch_datetime_operator', 'example_branch_datetime_operator_3' retrieved from /home/airflow/.local/lib/python3.12/site-packages/airflow/example_dags/example_branch_datetime_operator.py
[2026-05-07T21:30:14.371+0000] {logging_mixin.py:188} INFO - [2026-05-07T21:30:14.371+0000] {dag.py:3096} INFO - Sync 3 DAGs
[2026-05-07T21:30:14.392+0000] {logging_mixin.py:188} INFO - [2026-05-07T21:30:14.391+0000] {dag.py:3954} INFO - Setting next_dagrun for example_branch_datetime_operator to 2026-05-06 00:00:00+00:00, run_after=2026-05-07 00:00:00+00:00
[2026-05-07T21:30:14.396+0000] {logging_mixin.py:188} INFO - [2026-05-07T21:30:14.396+0000] {dag.py:3954} INFO - Setting next_dagrun for example_branch_datetime_operator_2 to 2026-05-06 00:00:00+00:00, run_after=2026-05-07 00:00:00+00:00
[2026-05-07T21:30:14.400+0000] {logging_mixin.py:188} INFO - [2026-05-07T21:30:14.400+0000] {dag.py:3954} INFO - Setting next_dagrun for example_branch_datetime_operator_3 to 2026-05-06 00:00:00+00:00, run_after=2026-05-07 00:00:00+00:00
[2026-05-07T21:30:14.418+0000] {processor.py:183} INFO - Processing /home/airflow/.local/lib/python3.12/site-packages/airflow/example_dags/example_branch_datetime_operator.py took 0.114 seconds
[2026-05-07T21:30:44.637+0000] {processor.py:161} INFO - Started process (PID=8492) to work on /home/airflow/.local/lib/python3.12/site-packages/airflow/example_dags/example_branch_datetime_operator.py
[2026-05-07T21:30:44.639+0000] {processor.py:830} INFO - Processing file /home/airflow/.local/lib/python3.12/site-packages/airflow/example_dags/example_branch_datetime_operator.py for tasks to queue
[2026-05-07T21:30:44.641+0000] {logging_mixin.py:188} INFO - [2026-05-07T21:30:44.641+0000] {dagbag.py:545} INFO - Filling up the DagBag from /home/airflow/.local/lib/python3.12/site-packages/airflow/example_dags/example_branch_datetime_operator.py
[2026-05-07T21:30:44.650+0000] {processor.py:840} INFO - DAG(s) 'example_branch_datetime_operator_3', 'example_branch_datetime_operator', 'example_branch_datetime_operator_2' retrieved from /home/airflow/.local/lib/python3.12/site-packages/airflow/example_dags/example_branch_datetime_operator.py
[2026-05-07T21:30:44.677+0000] {logging_mixin.py:188} INFO - [2026-05-07T21:30:44.677+0000] {dag.py:3096} INFO - Sync 3 DAGs
[2026-05-07T21:30:44.699+0000] {logging_mixin.py:188} INFO - [2026-05-07T21:30:44.699+0000] {dag.py:3954} INFO - Setting next_dagrun for example_branch_datetime_operator to 2026-05-06 00:00:00+00:00, run_after=2026-05-07 00:00:00+00:00
[2026-05-07T21:30:44.704+0000] {logging_mixin.py:188} INFO - [2026-05-07T21:30:44.704+0000] {dag.py:3954} INFO - Setting next_dagrun for example_branch_datetime_operator_2 to 2026-05-06 00:00:00+00:00, run_after=2026-05-07 00:00:00+00:00
[2026-05-07T21:30:44.707+0000] {logging_mixin.py:188} INFO - [2026-05-07T21:30:44.707+0000] {dag.py:3954} INFO - Setting next_dagrun for example_branch_datetime_operator_3 to 2026-05-06 00:00:00+00:00, run_after=2026-05-07 00:00:00+00:00
[2026-05-07T21:30:44.727+0000] {processor.py:183} INFO - Processing /home/airflow/.local/lib/python3.12/site-packages/airflow/example_dags/example_branch_datetime_operator.py took 0.096 seconds
[2026-05-07T21:31:14.861+0000] {processor.py:161} INFO - Started process (PID=8551) to work on /home/airflow/.local/lib/python3.12/site-packages/airflow/example_dags/example_branch_datetime_operator.py
[2026-05-07T21:31:14.862+0000] {processor.py:830} INFO - Processing file /home/airflow/.local/lib/python3.12/site-packages/airflow/example_dags/example_branch_datetime_operator.py for tasks to queue
[2026-05-07T21:31:14.864+0000] {logging_mixin.py:188} INFO - [2026-05-07T21:31:14.864+0000] {dagbag.py:545} INFO - Filling up the DagBag from /home/airflow/.local/lib/python3.12/site-packages/airflow/example_dags/example_branch_datetime_operator.py
[2026-05-07T21:31:14.873+0000] {processor.py:840} INFO - DAG(s) 'example_branch_datetime_operator_2', 'example_branch_datetime_operator', 'example_branch_datetime_operator_3' retrieved from /home/airflow/.local/lib/python3.12/site-packages/airflow/example_dags/example_branch_datetime_operator.py
[2026-05-07T21:31:14.904+0000] {logging_mixin.py:188} INFO - [2026-05-07T21:31:14.903+0000] {dag.py:3096} INFO - Sync 3 DAGs
[2026-05-07T21:31:14.928+0000] {logging_mixin.py:188} INFO - [2026-05-07T21:31:14.928+0000] {dag.py:3954} INFO - Setting next_dagrun for example_branch_datetime_operator to 2026-05-06 00:00:00+00:00, run_after=2026-05-07 00:00:00+00:00
[2026-05-07T21:31:14.934+0000] {logging_mixin.py:188} INFO - [2026-05-07T21:31:14.933+0000] {dag.py:3954} INFO - Setting next_dagrun for example_branch_datetime_operator_2 to 2026-05-06 00:00:00+00:00, run_after=2026-05-07 00:00:00+00:00
[2026-05-07T21:31:14.937+0000] {logging_mixin.py:188} INFO - [2026-05-07T21:31:14.937+0000] {dag.py:3954} INFO - Setting next_dagrun for example_branch_datetime_operator_3 to 2026-05-06 00:00:00+00:00, run_after=2026-05-07 00:00:00+00:00
[2026-05-07T21:31:14.965+0000] {processor.py:183} INFO - Processing /home/airflow/.local/lib/python3.12/site-packages/airflow/example_dags/example_branch_datetime_operator.py took 0.109 seconds
[2026-05-07T21:31:45.019+0000] {processor.py:161} INFO - Started process (PID=8614) to work on /home/airflow/.local/lib/python3.12/site-packages/airflow/example_dags/example_branch_datetime_operator.py
[2026-05-07T21:31:45.020+0000] {processor.py:830} INFO - Processing file /home/airflow/.local/lib/python3.12/site-packages/airflow/example_dags/example_branch_datetime_operator.py for tasks to queue
[2026-05-07T21:31:45.022+0000] {logging_mixin.py:188} INFO - [2026-05-07T21:31:45.022+0000] {dagbag.py:545} INFO - Filling up the DagBag from /home/airflow/.local/lib/python3.12/site-packages/airflow/example_dags/example_branch_datetime_operator.py
[2026-05-07T21:31:45.032+0000] {processor.py:840} INFO - DAG(s) 'example_branch_datetime_operator_2', 'example_branch_datetime_operator_3', 'example_branch_datetime_operator' retrieved from /home/airflow/.local/lib/python3.12/site-packages/airflow/example_dags/example_branch_datetime_operator.py
[2026-05-07T21:31:45.057+0000] {logging_mixin.py:188} INFO - [2026-05-07T21:31:45.057+0000] {dag.py:3096} INFO - Sync 3 DAGs
[2026-05-07T21:31:45.080+0000] {logging_mixin.py:188} INFO - [2026-05-07T21:31:45.079+0000] {dag.py:3954} INFO - Setting next_dagrun for example_branch_datetime_operator to 2026-05-06 00:00:00+00:00, run_after=2026-05-07 00:00:00+00:00
[2026-05-07T21:31:45.085+0000] {logging_mixin.py:188} INFO - [2026-05-07T21:31:45.084+0000] {dag.py:3954} INFO - Setting next_dagrun for example_branch_datetime_operator_2 to 2026-05-06 00:00:00+00:00, run_after=2026-05-07 00:00:00+00:00
[2026-05-07T21:31:45.087+0000] {logging_mixin.py:188} INFO - [2026-05-07T21:31:45.087+0000] {dag.py:3954} INFO - Setting next_dagrun for example_branch_datetime_operator_3 to 2026-05-06 00:00:00+00:00, run_after=2026-05-07 00:00:00+00:00
[2026-05-07T21:31:45.107+0000] {processor.py:183} INFO - Processing /home/airflow/.local/lib/python3.12/site-packages/airflow/example_dags/example_branch_datetime_operator.py took 0.093 seconds
[2026-05-07T21:32:15.212+0000] {processor.py:161} INFO - Started process (PID=8672) to work on /home/airflow/.local/lib/python3.12/site-packages/airflow/example_dags/example_branch_datetime_operator.py
[2026-05-07T21:32:15.213+0000] {processor.py:830} INFO - Processing file /home/airflow/.local/lib/python3.12/site-packages/airflow/example_dags/example_branch_datetime_operator.py for tasks to queue
[2026-05-07T21:32:15.215+0000] {logging_mixin.py:188} INFO - [2026-05-07T21:32:15.215+0000] {dagbag.py:545} INFO - Filling up the DagBag from /home/airflow/.local/lib/python3.12/site-packages/airflow/example_dags/example_branch_datetime_operator.py
[2026-05-07T21:32:15.225+0000] {processor.py:840} INFO - DAG(s) 'example_branch_datetime_operator', 'example_branch_datetime_operator_2', 'example_branch_datetime_operator_3' retrieved from /home/airflow/.local/lib/python3.12/site-packages/airflow/example_dags/example_branch_datetime_operator.py
[2026-05-07T21:32:15.256+0000] {logging_mixin.py:188} INFO - [2026-05-07T21:32:15.255+0000] {dag.py:3096} INFO - Sync 3 DAGs
[2026-05-07T21:32:15.280+0000] {logging_mixin.py:188} INFO - [2026-05-07T21:32:15.280+0000] {dag.py:3954} INFO - Setting next_dagrun for example_branch_datetime_operator to 2026-05-06 00:00:00+00:00, run_after=2026-05-07 00:00:00+00:00
[2026-05-07T21:32:15.287+0000] {logging_mixin.py:188} INFO - [2026-05-07T21:32:15.287+0000] {dag.py:3954} INFO - Setting next_dagrun for example_branch_datetime_operator_2 to 2026-05-06 00:00:00+00:00, run_after=2026-05-07 00:00:00+00:00
[2026-05-07T21:32:15.290+0000] {logging_mixin.py:188} INFO - [2026-05-07T21:32:15.290+0000] {dag.py:3954} INFO - Setting next_dagrun for example_branch_datetime_operator_3 to 2026-05-06 00:00:00+00:00, run_after=2026-05-07 00:00:00+00:00
[2026-05-07T21:32:15.313+0000] {processor.py:183} INFO - Processing /home/airflow/.local/lib/python3.12/site-packages/airflow/example_dags/example_branch_datetime_operator.py took 0.107 seconds
[2026-05-07T21:32:45.369+0000] {processor.py:161} INFO - Started process (PID=8730) to work on /home/airflow/.local/lib/python3.12/site-packages/airflow/example_dags/example_branch_datetime_operator.py
[2026-05-07T21:32:45.371+0000] {processor.py:830} INFO - Processing file /home/airflow/.local/lib/python3.12/site-packages/airflow/example_dags/example_branch_datetime_operator.py for tasks to queue
[2026-05-07T21:32:45.374+0000] {logging_mixin.py:188} INFO - [2026-05-07T21:32:45.373+0000] {dagbag.py:545} INFO - Filling up the DagBag from /home/airflow/.local/lib/python3.12/site-packages/airflow/example_dags/example_branch_datetime_operator.py
[2026-05-07T21:32:45.382+0000] {processor.py:840} INFO - DAG(s) 'example_branch_datetime_operator_2', 'example_branch_datetime_operator_3', 'example_branch_datetime_operator' retrieved from /home/airflow/.local/lib/python3.12/site-packages/airflow/example_dags/example_branch_datetime_operator.py
[2026-05-07T21:32:45.411+0000] {logging_mixin.py:188} INFO - [2026-05-07T21:32:45.411+0000] {dag.py:3096} INFO - Sync 3 DAGs
[2026-05-07T21:32:45.432+0000] {logging_mixin.py:188} INFO - [2026-05-07T21:32:45.432+0000] {dag.py:3954} INFO - Setting next_dagrun for example_branch_datetime_operator to 2026-05-06 00:00:00+00:00, run_after=2026-05-07 00:00:00+00:00
[2026-05-07T21:32:45.437+0000] {logging_mixin.py:188} INFO - [2026-05-07T21:32:45.437+0000] {dag.py:3954} INFO - Setting next_dagrun for example_branch_datetime_operator_2 to 2026-05-06 00:00:00+00:00, run_after=2026-05-07 00:00:00+00:00
[2026-05-07T21:32:45.441+0000] {logging_mixin.py:188} INFO - [2026-05-07T21:32:45.440+0000] {dag.py:3954} INFO - Setting next_dagrun for example_branch_datetime_operator_3 to 2026-05-06 00:00:00+00:00, run_after=2026-05-07 00:00:00+00:00
[2026-05-07T21:32:45.463+0000] {processor.py:183} INFO - Processing /home/airflow/.local/lib/python3.12/site-packages/airflow/example_dags/example_branch_datetime_operator.py took 0.099 seconds
[2026-05-07T21:33:15.673+0000] {processor.py:161} INFO - Started process (PID=8788) to work on /home/airflow/.local/lib/python3.12/site-packages/airflow/example_dags/example_branch_datetime_operator.py
[2026-05-07T21:33:15.674+0000] {processor.py:830} INFO - Processing file /home/airflow/.local/lib/python3.12/site-packages/airflow/example_dags/example_branch_datetime_operator.py for tasks to queue
[2026-05-07T21:33:15.678+0000] {logging_mixin.py:188} INFO - [2026-05-07T21:33:15.677+0000] {dagbag.py:545} INFO - Filling up the DagBag from /home/airflow/.local/lib/python3.12/site-packages/airflow/example_dags/example_branch_datetime_operator.py
[2026-05-07T21:33:15.686+0000] {processor.py:840} INFO - DAG(s) 'example_branch_datetime_operator_3', 'example_branch_datetime_operator_2', 'example_branch_datetime_operator' retrieved from /home/airflow/.local/lib/python3.12/site-packages/airflow/example_dags/example_branch_datetime_operator.py
[2026-05-07T21:33:15.713+0000] {logging_mixin.py:188} INFO - [2026-05-07T21:33:15.713+0000] {dag.py:3096} INFO - Sync 3 DAGs
[2026-05-07T21:33:15.735+0000] {logging_mixin.py:188} INFO - [2026-05-07T21:33:15.734+0000] {dag.py:3954} INFO - Setting next_dagrun for example_branch_datetime_operator to 2026-05-06 00:00:00+00:00, run_after=2026-05-07 00:00:00+00:00
[2026-05-07T21:33:15.739+0000] {logging_mixin.py:188} INFO - [2026-05-07T21:33:15.739+0000] {dag.py:3954} INFO - Setting next_dagrun for example_branch_datetime_operator_2 to 2026-05-06 00:00:00+00:00, run_after=2026-05-07 00:00:00+00:00
[2026-05-07T21:33:15.742+0000] {logging_mixin.py:188} INFO - [2026-05-07T21:33:15.742+0000] {dag.py:3954} INFO - Setting next_dagrun for example_branch_datetime_operator_3 to 2026-05-06 00:00:00+00:00, run_after=2026-05-07 00:00:00+00:00
[2026-05-07T21:33:15.761+0000] {processor.py:183} INFO - Processing /home/airflow/.local/lib/python3.12/site-packages/airflow/example_dags/example_branch_datetime_operator.py took 0.093 seconds
[2026-05-07T21:33:46.169+0000] {processor.py:161} INFO - Started process (PID=8846) to work on /home/airflow/.local/lib/python3.12/site-packages/airflow/example_dags/example_branch_datetime_operator.py
[2026-05-07T21:33:46.170+0000] {processor.py:830} INFO - Processing file /home/airflow/.local/lib/python3.12/site-packages/airflow/example_dags/example_branch_datetime_operator.py for tasks to queue
[2026-05-07T21:33:46.172+0000] {logging_mixin.py:188} INFO - [2026-05-07T21:33:46.172+0000] {dagbag.py:545} INFO - Filling up the DagBag from /home/airflow/.local/lib/python3.12/site-packages/airflow/example_dags/example_branch_datetime_operator.py
[2026-05-07T21:33:46.181+0000] {processor.py:840} INFO - DAG(s) 'example_branch_datetime_operator_3', 'example_branch_datetime_operator', 'example_branch_datetime_operator_2' retrieved from /home/airflow/.local/lib/python3.12/site-packages/airflow/example_dags/example_branch_datetime_operator.py
[2026-05-07T21:33:46.209+0000] {logging_mixin.py:188} INFO - [2026-05-07T21:33:46.209+0000] {dag.py:3096} INFO - Sync 3 DAGs
[2026-05-07T21:33:46.230+0000] {logging_mixin.py:188} INFO - [2026-05-07T21:33:46.230+0000] {dag.py:3954} INFO - Setting next_dagrun for example_branch_datetime_operator to 2026-05-06 00:00:00+00:00, run_after=2026-05-07 00:00:00+00:00
[2026-05-07T21:33:46.235+0000] {logging_mixin.py:188} INFO - [2026-05-07T21:33:46.235+0000] {dag.py:3954} INFO - Setting next_dagrun for example_branch_datetime_operator_2 to 2026-05-06 00:00:00+00:00, run_after=2026-05-07 00:00:00+00:00
[2026-05-07T21:33:46.238+0000] {logging_mixin.py:188} INFO - [2026-05-07T21:33:46.237+0000] {dag.py:3954} INFO - Setting next_dagrun for example_branch_datetime_operator_3 to 2026-05-06 00:00:00+00:00, run_after=2026-05-07 00:00:00+00:00
[2026-05-07T21:33:46.257+0000] {processor.py:183} INFO - Processing /home/airflow/.local/lib/python3.12/site-packages/airflow/example_dags/example_branch_datetime_operator.py took 0.094 seconds
[2026-05-07T21:34:16.456+0000] {processor.py:161} INFO - Started process (PID=8904) to work on /home/airflow/.local/lib/python3.12/site-packages/airflow/example_dags/example_branch_datetime_operator.py
[2026-05-07T21:34:16.457+0000] {processor.py:830} INFO - Processing file /home/airflow/.local/lib/python3.12/site-packages/airflow/example_dags/example_branch_datetime_operator.py for tasks to queue
[2026-05-07T21:34:16.460+0000] {logging_mixin.py:188} INFO - [2026-05-07T21:34:16.460+0000] {dagbag.py:545} INFO - Filling up the DagBag from /home/airflow/.local/lib/python3.12/site-packages/airflow/example_dags/example_branch_datetime_operator.py
[2026-05-07T21:34:16.469+0000] {processor.py:840} INFO - DAG(s) 'example_branch_datetime_operator_3', 'example_branch_datetime_operator_2', 'example_branch_datetime_operator' retrieved from /home/airflow/.local/lib/python3.12/site-packages/airflow/example_dags/example_branch_datetime_operator.py
[2026-05-07T21:34:16.502+0000] {logging_mixin.py:188} INFO - [2026-05-07T21:34:16.502+0000] {dag.py:3096} INFO - Sync 3 DAGs
[2026-05-07T21:34:16.525+0000] {logging_mixin.py:188} INFO - [2026-05-07T21:34:16.525+0000] {dag.py:3954} INFO - Setting next_dagrun for example_branch_datetime_operator to 2026-05-06 00:00:00+00:00, run_after=2026-05-07 00:00:00+00:00
[2026-05-07T21:34:16.529+0000] {logging_mixin.py:188} INFO - [2026-05-07T21:34:16.529+0000] {dag.py:3954} INFO - Setting next_dagrun for example_branch_datetime_operator_2 to 2026-05-06 00:00:00+00:00, run_after=2026-05-07 00:00:00+00:00
[2026-05-07T21:34:16.532+0000] {logging_mixin.py:188} INFO - [2026-05-07T21:34:16.532+0000] {dag.py:3954} INFO - Setting next_dagrun for example_branch_datetime_operator_3 to 2026-05-06 00:00:00+00:00, run_after=2026-05-07 00:00:00+00:00
[2026-05-07T21:34:16.550+0000] {processor.py:183} INFO - Processing /home/airflow/.local/lib/python3.12/site-packages/airflow/example_dags/example_branch_datetime_operator.py took 0.101 seconds
[2026-05-07T21:34:46.831+0000] {processor.py:161} INFO - Started process (PID=8962) to work on /home/airflow/.local/lib/python3.12/site-packages/airflow/example_dags/example_branch_datetime_operator.py
[2026-05-07T21:34:46.833+0000] {processor.py:830} INFO - Processing file /home/airflow/.local/lib/python3.12/site-packages/airflow/example_dags/example_branch_datetime_operator.py for tasks to queue
[2026-05-07T21:34:46.835+0000] {logging_mixin.py:188} INFO - [2026-05-07T21:34:46.835+0000] {dagbag.py:545} INFO - Filling up the DagBag from /home/airflow/.local/lib/python3.12/site-packages/airflow/example_dags/example_branch_datetime_operator.py
[2026-05-07T21:34:46.846+0000] {processor.py:840} INFO - DAG(s) 'example_branch_datetime_operator_2', 'example_branch_datetime_operator_3', 'example_branch_datetime_operator' retrieved from /home/airflow/.local/lib/python3.12/site-packages/airflow/example_dags/example_branch_datetime_operator.py
[2026-05-07T21:34:46.872+0000] {logging_mixin.py:188} INFO - [2026-05-07T21:34:46.872+0000] {dag.py:3096} INFO - Sync 3 DAGs
[2026-05-07T21:34:46.893+0000] {logging_mixin.py:188} INFO - [2026-05-07T21:34:46.893+0000] {dag.py:3954} INFO - Setting next_dagrun for example_branch_datetime_operator to 2026-05-06 00:00:00+00:00, run_after=2026-05-07 00:00:00+00:00
[2026-05-07T21:34:46.898+0000] {logging_mixin.py:188} INFO - [2026-05-07T21:34:46.898+0000] {dag.py:3954} INFO - Setting next_dagrun for example_branch_datetime_operator_2 to 2026-05-06 00:00:00+00:00, run_after=2026-05-07 00:00:00+00:00
[2026-05-07T21:34:46.900+0000] {logging_mixin.py:188} INFO - [2026-05-07T21:34:46.900+0000] {dag.py:3954} INFO - Setting next_dagrun for example_branch_datetime_operator_3 to 2026-05-06 00:00:00+00:00, run_after=2026-05-07 00:00:00+00:00
[2026-05-07T21:34:46.919+0000] {processor.py:183} INFO - Processing /home/airflow/.local/lib/python3.12/site-packages/airflow/example_dags/example_branch_datetime_operator.py took 0.092 seconds
[2026-05-07T21:35:17.075+0000] {processor.py:161} INFO - Started process (PID=9020) to work on /home/airflow/.local/lib/python3.12/site-packages/airflow/example_dags/example_branch_datetime_operator.py
[2026-05-07T21:35:17.076+0000] {processor.py:830} INFO - Processing file /home/airflow/.local/lib/python3.12/site-packages/airflow/example_dags/example_branch_datetime_operator.py for tasks to queue
[2026-05-07T21:35:17.079+0000] {logging_mixin.py:188} INFO - [2026-05-07T21:35:17.079+0000] {dagbag.py:545} INFO - Filling up the DagBag from /home/airflow/.local/lib/python3.12/site-packages/airflow/example_dags/example_branch_datetime_operator.py
[2026-05-07T21:35:17.089+0000] {processor.py:840} INFO - DAG(s) 'example_branch_datetime_operator_2', 'example_branch_datetime_operator_3', 'example_branch_datetime_operator' retrieved from /home/airflow/.local/lib/python3.12/site-packages/airflow/example_dags/example_branch_datetime_operator.py
[2026-05-07T21:35:17.121+0000] {logging_mixin.py:188} INFO - [2026-05-07T21:35:17.120+0000] {dag.py:3096} INFO - Sync 3 DAGs
[2026-05-07T21:35:17.153+0000] {logging_mixin.py:188} INFO - [2026-05-07T21:35:17.153+0000] {dag.py:3954} INFO - Setting next_dagrun for example_branch_datetime_operator to 2026-05-06 00:00:00+00:00, run_after=2026-05-07 00:00:00+00:00
[2026-05-07T21:35:17.161+0000] {logging_mixin.py:188} INFO - [2026-05-07T21:35:17.161+0000] {dag.py:3954} INFO - Setting next_dagrun for example_branch_datetime_operator_2 to 2026-05-06 00:00:00+00:00, run_after=2026-05-07 00:00:00+00:00
[2026-05-07T21:35:17.166+0000] {logging_mixin.py:188} INFO - [2026-05-07T21:35:17.166+0000] {dag.py:3954} INFO - Setting next_dagrun for example_branch_datetime_operator_3 to 2026-05-06 00:00:00+00:00, run_after=2026-05-07 00:00:00+00:00
[2026-05-07T21:35:17.197+0000] {processor.py:183} INFO - Processing /home/airflow/.local/lib/python3.12/site-packages/airflow/example_dags/example_branch_datetime_operator.py took 0.128 seconds
[2026-05-07T21:35:47.851+0000] {processor.py:161} INFO - Started process (PID=9078) to work on /home/airflow/.local/lib/python3.12/site-packages/airflow/example_dags/example_branch_datetime_operator.py
[2026-05-07T21:35:47.853+0000] {processor.py:830} INFO - Processing file /home/airflow/.local/lib/python3.12/site-packages/airflow/example_dags/example_branch_datetime_operator.py for tasks to queue
[2026-05-07T21:35:47.855+0000] {logging_mixin.py:188} INFO - [2026-05-07T21:35:47.855+0000] {dagbag.py:545} INFO - Filling up the DagBag from /home/airflow/.local/lib/python3.12/site-packages/airflow/example_dags/example_branch_datetime_operator.py
[2026-05-07T21:35:47.864+0000] {processor.py:840} INFO - DAG(s) 'example_branch_datetime_operator', 'example_branch_datetime_operator_2', 'example_branch_datetime_operator_3' retrieved from /home/airflow/.local/lib/python3.12/site-packages/airflow/example_dags/example_branch_datetime_operator.py
[2026-05-07T21:35:47.891+0000] {logging_mixin.py:188} INFO - [2026-05-07T21:35:47.891+0000] {dag.py:3096} INFO - Sync 3 DAGs
[2026-05-07T21:35:47.912+0000] {logging_mixin.py:188} INFO - [2026-05-07T21:35:47.911+0000] {dag.py:3954} INFO - Setting next_dagrun for example_branch_datetime_operator to 2026-05-06 00:00:00+00:00, run_after=2026-05-07 00:00:00+00:00
[2026-05-07T21:35:47.917+0000] {logging_mixin.py:188} INFO - [2026-05-07T21:35:47.916+0000] {dag.py:3954} INFO - Setting next_dagrun for example_branch_datetime_operator_2 to 2026-05-06 00:00:00+00:00, run_after=2026-05-07 00:00:00+00:00
[2026-05-07T21:35:47.920+0000] {logging_mixin.py:188} INFO - [2026-05-07T21:35:47.920+0000] {dag.py:3954} INFO - Setting next_dagrun for example_branch_datetime_operator_3 to 2026-05-06 00:00:00+00:00, run_after=2026-05-07 00:00:00+00:00
[2026-05-07T21:35:47.940+0000] {processor.py:183} INFO - Processing /home/airflow/.local/lib/python3.12/site-packages/airflow/example_dags/example_branch_datetime_operator.py took 0.093 seconds
[2026-05-07T21:36:18.555+0000] {processor.py:161} INFO - Started process (PID=9136) to work on /home/airflow/.local/lib/python3.12/site-packages/airflow/example_dags/example_branch_datetime_operator.py
[2026-05-07T21:36:18.558+0000] {processor.py:830} INFO - Processing file /home/airflow/.local/lib/python3.12/site-packages/airflow/example_dags/example_branch_datetime_operator.py for tasks to queue
[2026-05-07T21:36:18.561+0000] {logging_mixin.py:188} INFO - [2026-05-07T21:36:18.561+0000] {dagbag.py:545} INFO - Filling up the DagBag from /home/airflow/.local/lib/python3.12/site-packages/airflow/example_dags/example_branch_datetime_operator.py
[2026-05-07T21:36:18.571+0000] {processor.py:840} INFO - DAG(s) 'example_branch_datetime_operator_3', 'example_branch_datetime_operator_2', 'example_branch_datetime_operator' retrieved from /home/airflow/.local/lib/python3.12/site-packages/airflow/example_dags/example_branch_datetime_operator.py
[2026-05-07T21:36:18.599+0000] {logging_mixin.py:188} INFO - [2026-05-07T21:36:18.598+0000] {dag.py:3096} INFO - Sync 3 DAGs
[2026-05-07T21:36:18.619+0000] {logging_mixin.py:188} INFO - [2026-05-07T21:36:18.619+0000] {dag.py:3954} INFO - Setting next_dagrun for example_branch_datetime_operator to 2026-05-06 00:00:00+00:00, run_after=2026-05-07 00:00:00+00:00
[2026-05-07T21:36:18.625+0000] {logging_mixin.py:188} INFO - [2026-05-07T21:36:18.624+0000] {dag.py:3954} INFO - Setting next_dagrun for example_branch_datetime_operator_2 to 2026-05-06 00:00:00+00:00, run_after=2026-05-07 00:00:00+00:00
[2026-05-07T21:36:18.628+0000] {logging_mixin.py:188} INFO - [2026-05-07T21:36:18.628+0000] {dag.py:3954} INFO - Setting next_dagrun for example_branch_datetime_operator_3 to 2026-05-06 00:00:00+00:00, run_after=2026-05-07 00:00:00+00:00
[2026-05-07T21:36:18.648+0000] {processor.py:183} INFO - Processing /home/airflow/.local/lib/python3.12/site-packages/airflow/example_dags/example_branch_datetime_operator.py took 0.101 seconds
[2026-05-07T21:36:49.348+0000] {processor.py:161} INFO - Started process (PID=9194) to work on /home/airflow/.local/lib/python3.12/site-packages/airflow/example_dags/example_branch_datetime_operator.py
[2026-05-07T21:36:49.350+0000] {processor.py:830} INFO - Processing file /home/airflow/.local/lib/python3.12/site-packages/airflow/example_dags/example_branch_datetime_operator.py for tasks to queue
[2026-05-07T21:36:49.353+0000] {logging_mixin.py:188} INFO - [2026-05-07T21:36:49.352+0000] {dagbag.py:545} INFO - Filling up the DagBag from /home/airflow/.local/lib/python3.12/site-packages/airflow/example_dags/example_branch_datetime_operator.py
[2026-05-07T21:36:49.362+0000] {processor.py:840} INFO - DAG(s) 'example_branch_datetime_operator', 'example_branch_datetime_operator_2', 'example_branch_datetime_operator_3' retrieved from /home/airflow/.local/lib/python3.12/site-packages/airflow/example_dags/example_branch_datetime_operator.py
[2026-05-07T21:36:49.389+0000] {logging_mixin.py:188} INFO - [2026-05-07T21:36:49.388+0000] {dag.py:3096} INFO - Sync 3 DAGs
[2026-05-07T21:36:49.412+0000] {logging_mixin.py:188} INFO - [2026-05-07T21:36:49.411+0000] {dag.py:3954} INFO - Setting next_dagrun for example_branch_datetime_operator to 2026-05-06 00:00:00+00:00, run_after=2026-05-07 00:00:00+00:00
[2026-05-07T21:36:49.417+0000] {logging_mixin.py:188} INFO - [2026-05-07T21:36:49.417+0000] {dag.py:3954} INFO - Setting next_dagrun for example_branch_datetime_operator_2 to 2026-05-06 00:00:00+00:00, run_after=2026-05-07 00:00:00+00:00
[2026-05-07T21:36:49.419+0000] {logging_mixin.py:188} INFO - [2026-05-07T21:36:49.419+0000] {dag.py:3954} INFO - Setting next_dagrun for example_branch_datetime_operator_3 to 2026-05-06 00:00:00+00:00, run_after=2026-05-07 00:00:00+00:00
[2026-05-07T21:36:49.438+0000] {processor.py:183} INFO - Processing /home/airflow/.local/lib/python3.12/site-packages/airflow/example_dags/example_branch_datetime_operator.py took 0.096 seconds
[2026-05-07T21:37:20.193+0000] {processor.py:161} INFO - Started process (PID=9252) to work on /home/airflow/.local/lib/python3.12/site-packages/airflow/example_dags/example_branch_datetime_operator.py
[2026-05-07T21:37:20.194+0000] {processor.py:830} INFO - Processing file /home/airflow/.local/lib/python3.12/site-packages/airflow/example_dags/example_branch_datetime_operator.py for tasks to queue
[2026-05-07T21:37:20.197+0000] {logging_mixin.py:188} INFO - [2026-05-07T21:37:20.196+0000] {dagbag.py:545} INFO - Filling up the DagBag from /home/airflow/.local/lib/python3.12/site-packages/airflow/example_dags/example_branch_datetime_operator.py
[2026-05-07T21:37:20.205+0000] {processor.py:840} INFO - DAG(s) 'example_branch_datetime_operator_3', 'example_branch_datetime_operator_2', 'example_branch_datetime_operator' retrieved from /home/airflow/.local/lib/python3.12/site-packages/airflow/example_dags/example_branch_datetime_operator.py
[2026-05-07T21:37:20.233+0000] {logging_mixin.py:188} INFO - [2026-05-07T21:37:20.232+0000] {dag.py:3096} INFO - Sync 3 DAGs
[2026-05-07T21:37:20.257+0000] {logging_mixin.py:188} INFO - [2026-05-07T21:37:20.257+0000] {dag.py:3954} INFO - Setting next_dagrun for example_branch_datetime_operator to 2026-05-06 00:00:00+00:00, run_after=2026-05-07 00:00:00+00:00
[2026-05-07T21:37:20.262+0000] {logging_mixin.py:188} INFO - [2026-05-07T21:37:20.262+0000] {dag.py:3954} INFO - Setting next_dagrun for example_branch_datetime_operator_2 to 2026-05-06 00:00:00+00:00, run_after=2026-05-07 00:00:00+00:00
[2026-05-07T21:37:20.265+0000] {logging_mixin.py:188} INFO - [2026-05-07T21:37:20.265+0000] {dag.py:3954} INFO - Setting next_dagrun for example_branch_datetime_operator_3 to 2026-05-06 00:00:00+00:00, run_after=2026-05-07 00:00:00+00:00
[2026-05-07T21:37:20.287+0000] {processor.py:183} INFO - Processing /home/airflow/.local/lib/python3.12/site-packages/airflow/example_dags/example_branch_datetime_operator.py took 0.099 seconds
[2026-05-07T21:37:50.992+0000] {processor.py:161} INFO - Started process (PID=9310) to work on /home/airflow/.local/lib/python3.12/site-packages/airflow/example_dags/example_branch_datetime_operator.py
[2026-05-07T21:37:50.993+0000] {processor.py:830} INFO - Processing file /home/airflow/.local/lib/python3.12/site-packages/airflow/example_dags/example_branch_datetime_operator.py for tasks to queue
[2026-05-07T21:37:50.996+0000] {logging_mixin.py:188} INFO - [2026-05-07T21:37:50.995+0000] {dagbag.py:545} INFO - Filling up the DagBag from /home/airflow/.local/lib/python3.12/site-packages/airflow/example_dags/example_branch_datetime_operator.py
[2026-05-07T21:37:51.005+0000] {processor.py:840} INFO - DAG(s) 'example_branch_datetime_operator', 'example_branch_datetime_operator_2', 'example_branch_datetime_operator_3' retrieved from /home/airflow/.local/lib/python3.12/site-packages/airflow/example_dags/example_branch_datetime_operator.py
[2026-05-07T21:37:51.034+0000] {logging_mixin.py:188} INFO - [2026-05-07T21:37:51.034+0000] {dag.py:3096} INFO - Sync 3 DAGs
[2026-05-07T21:37:51.057+0000] {logging_mixin.py:188} INFO - [2026-05-07T21:37:51.057+0000] {dag.py:3954} INFO - Setting next_dagrun for example_branch_datetime_operator to 2026-05-06 00:00:00+00:00, run_after=2026-05-07 00:00:00+00:00
[2026-05-07T21:37:51.062+0000] {logging_mixin.py:188} INFO - [2026-05-07T21:37:51.062+0000] {dag.py:3954} INFO - Setting next_dagrun for example_branch_datetime_operator_2 to 2026-05-06 00:00:00+00:00, run_after=2026-05-07 00:00:00+00:00
[2026-05-07T21:37:51.064+0000] {logging_mixin.py:188} INFO - [2026-05-07T21:37:51.064+0000] {dag.py:3954} INFO - Setting next_dagrun for example_branch_datetime_operator_3 to 2026-05-06 00:00:00+00:00, run_after=2026-05-07 00:00:00+00:00
[2026-05-07T21:37:51.085+0000] {processor.py:183} INFO - Processing /home/airflow/.local/lib/python3.12/site-packages/airflow/example_dags/example_branch_datetime_operator.py took 0.100 seconds
[2026-05-07T21:38:21.776+0000] {processor.py:161} INFO - Started process (PID=9368) to work on /home/airflow/.local/lib/python3.12/site-packages/airflow/example_dags/example_branch_datetime_operator.py
[2026-05-07T21:38:21.777+0000] {processor.py:830} INFO - Processing file /home/airflow/.local/lib/python3.12/site-packages/airflow/example_dags/example_branch_datetime_operator.py for tasks to queue
[2026-05-07T21:38:21.779+0000] {logging_mixin.py:188} INFO - [2026-05-07T21:38:21.779+0000] {dagbag.py:545} INFO - Filling up the DagBag from /home/airflow/.local/lib/python3.12/site-packages/airflow/example_dags/example_branch_datetime_operator.py
[2026-05-07T21:38:21.790+0000] {processor.py:840} INFO - DAG(s) 'example_branch_datetime_operator_2', 'example_branch_datetime_operator', 'example_branch_datetime_operator_3' retrieved from /home/airflow/.local/lib/python3.12/site-packages/airflow/example_dags/example_branch_datetime_operator.py
[2026-05-07T21:38:21.817+0000] {logging_mixin.py:188} INFO - [2026-05-07T21:38:21.817+0000] {dag.py:3096} INFO - Sync 3 DAGs
[2026-05-07T21:38:21.839+0000] {logging_mixin.py:188} INFO - [2026-05-07T21:38:21.839+0000] {dag.py:3954} INFO - Setting next_dagrun for example_branch_datetime_operator to 2026-05-06 00:00:00+00:00, run_after=2026-05-07 00:00:00+00:00
[2026-05-07T21:38:21.844+0000] {logging_mixin.py:188} INFO - [2026-05-07T21:38:21.844+0000] {dag.py:3954} INFO - Setting next_dagrun for example_branch_datetime_operator_2 to 2026-05-06 00:00:00+00:00, run_after=2026-05-07 00:00:00+00:00
[2026-05-07T21:38:21.847+0000] {logging_mixin.py:188} INFO - [2026-05-07T21:38:21.847+0000] {dag.py:3954} INFO - Setting next_dagrun for example_branch_datetime_operator_3 to 2026-05-06 00:00:00+00:00, run_after=2026-05-07 00:00:00+00:00
[2026-05-07T21:38:21.868+0000] {processor.py:183} INFO - Processing /home/airflow/.local/lib/python3.12/site-packages/airflow/example_dags/example_branch_datetime_operator.py took 0.098 seconds
[2026-05-07T21:38:52.630+0000] {processor.py:161} INFO - Started process (PID=9426) to work on /home/airflow/.local/lib/python3.12/site-packages/airflow/example_dags/example_branch_datetime_operator.py
[2026-05-07T21:38:52.632+0000] {processor.py:830} INFO - Processing file /home/airflow/.local/lib/python3.12/site-packages/airflow/example_dags/example_branch_datetime_operator.py for tasks to queue
[2026-05-07T21:38:52.635+0000] {logging_mixin.py:188} INFO - [2026-05-07T21:38:52.635+0000] {dagbag.py:545} INFO - Filling up the DagBag from /home/airflow/.local/lib/python3.12/site-packages/airflow/example_dags/example_branch_datetime_operator.py
[2026-05-07T21:38:52.655+0000] {processor.py:840} INFO - DAG(s) 'example_branch_datetime_operator_2', 'example_branch_datetime_operator_3', 'example_branch_datetime_operator' retrieved from /home/airflow/.local/lib/python3.12/site-packages/airflow/example_dags/example_branch_datetime_operator.py
[2026-05-07T21:38:52.701+0000] {logging_mixin.py:188} INFO - [2026-05-07T21:38:52.701+0000] {dag.py:3096} INFO - Sync 3 DAGs
[2026-05-07T21:38:52.736+0000] {logging_mixin.py:188} INFO - [2026-05-07T21:38:52.736+0000] {dag.py:3954} INFO - Setting next_dagrun for example_branch_datetime_operator to 2026-05-06 00:00:00+00:00, run_after=2026-05-07 00:00:00+00:00
[2026-05-07T21:38:52.744+0000] {logging_mixin.py:188} INFO - [2026-05-07T21:38:52.744+0000] {dag.py:3954} INFO - Setting next_dagrun for example_branch_datetime_operator_2 to 2026-05-06 00:00:00+00:00, run_after=2026-05-07 00:00:00+00:00
[2026-05-07T21:38:52.748+0000] {logging_mixin.py:188} INFO - [2026-05-07T21:38:52.747+0000] {dag.py:3954} INFO - Setting next_dagrun for example_branch_datetime_operator_3 to 2026-05-06 00:00:00+00:00, run_after=2026-05-07 00:00:00+00:00
[2026-05-07T21:38:52.777+0000] {processor.py:183} INFO - Processing /home/airflow/.local/lib/python3.12/site-packages/airflow/example_dags/example_branch_datetime_operator.py took 0.153 seconds
[2026-05-07T21:39:22.834+0000] {processor.py:161} INFO - Started process (PID=9484) to work on /home/airflow/.local/lib/python3.12/site-packages/airflow/example_dags/example_branch_datetime_operator.py
[2026-05-07T21:39:22.835+0000] {processor.py:830} INFO - Processing file /home/airflow/.local/lib/python3.12/site-packages/airflow/example_dags/example_branch_datetime_operator.py for tasks to queue
[2026-05-07T21:39:22.838+0000] {logging_mixin.py:188} INFO - [2026-05-07T21:39:22.838+0000] {dagbag.py:545} INFO - Filling up the DagBag from /home/airflow/.local/lib/python3.12/site-packages/airflow/example_dags/example_branch_datetime_operator.py
[2026-05-07T21:39:22.851+0000] {processor.py:840} INFO - DAG(s) 'example_branch_datetime_operator', 'example_branch_datetime_operator_2', 'example_branch_datetime_operator_3' retrieved from /home/airflow/.local/lib/python3.12/site-packages/airflow/example_dags/example_branch_datetime_operator.py
[2026-05-07T21:39:22.893+0000] {logging_mixin.py:188} INFO - [2026-05-07T21:39:22.893+0000] {dag.py:3096} INFO - Sync 3 DAGs
[2026-05-07T21:39:22.927+0000] {logging_mixin.py:188} INFO - [2026-05-07T21:39:22.926+0000] {dag.py:3954} INFO - Setting next_dagrun for example_branch_datetime_operator to 2026-05-06 00:00:00+00:00, run_after=2026-05-07 00:00:00+00:00
[2026-05-07T21:39:22.936+0000] {logging_mixin.py:188} INFO - [2026-05-07T21:39:22.935+0000] {dag.py:3954} INFO - Setting next_dagrun for example_branch_datetime_operator_2 to 2026-05-06 00:00:00+00:00, run_after=2026-05-07 00:00:00+00:00
[2026-05-07T21:39:22.940+0000] {logging_mixin.py:188} INFO - [2026-05-07T21:39:22.940+0000] {dag.py:3954} INFO - Setting next_dagrun for example_branch_datetime_operator_3 to 2026-05-06 00:00:00+00:00, run_after=2026-05-07 00:00:00+00:00
[2026-05-07T21:39:22.974+0000] {processor.py:183} INFO - Processing /home/airflow/.local/lib/python3.12/site-packages/airflow/example_dags/example_branch_datetime_operator.py took 0.146 seconds
[2026-05-07T21:39:53.331+0000] {processor.py:161} INFO - Started process (PID=9542) to work on /home/airflow/.local/lib/python3.12/site-packages/airflow/example_dags/example_branch_datetime_operator.py
[2026-05-07T21:39:53.333+0000] {processor.py:830} INFO - Processing file /home/airflow/.local/lib/python3.12/site-packages/airflow/example_dags/example_branch_datetime_operator.py for tasks to queue
[2026-05-07T21:39:53.335+0000] {logging_mixin.py:188} INFO - [2026-05-07T21:39:53.335+0000] {dagbag.py:545} INFO - Filling up the DagBag from /home/airflow/.local/lib/python3.12/site-packages/airflow/example_dags/example_branch_datetime_operator.py
[2026-05-07T21:39:53.344+0000] {processor.py:840} INFO - DAG(s) 'example_branch_datetime_operator_2', 'example_branch_datetime_operator', 'example_branch_datetime_operator_3' retrieved from /home/airflow/.local/lib/python3.12/site-packages/airflow/example_dags/example_branch_datetime_operator.py
[2026-05-07T21:39:53.370+0000] {logging_mixin.py:188} INFO - [2026-05-07T21:39:53.369+0000] {dag.py:3096} INFO - Sync 3 DAGs
[2026-05-07T21:39:53.393+0000] {logging_mixin.py:188} INFO - [2026-05-07T21:39:53.393+0000] {dag.py:3954} INFO - Setting next_dagrun for example_branch_datetime_operator to 2026-05-06 00:00:00+00:00, run_after=2026-05-07 00:00:00+00:00
[2026-05-07T21:39:53.397+0000] {logging_mixin.py:188} INFO - [2026-05-07T21:39:53.397+0000] {dag.py:3954} INFO - Setting next_dagrun for example_branch_datetime_operator_2 to 2026-05-06 00:00:00+00:00, run_after=2026-05-07 00:00:00+00:00
[2026-05-07T21:39:53.400+0000] {logging_mixin.py:188} INFO - [2026-05-07T21:39:53.400+0000] {dag.py:3954} INFO - Setting next_dagrun for example_branch_datetime_operator_3 to 2026-05-06 00:00:00+00:00, run_after=2026-05-07 00:00:00+00:00
[2026-05-07T21:39:53.420+0000] {processor.py:183} INFO - Processing /home/airflow/.local/lib/python3.12/site-packages/airflow/example_dags/example_branch_datetime_operator.py took 0.094 seconds
[2026-05-07T21:40:23.676+0000] {processor.py:161} INFO - Started process (PID=9600) to work on /home/airflow/.local/lib/python3.12/site-packages/airflow/example_dags/example_branch_datetime_operator.py
[2026-05-07T21:40:23.679+0000] {processor.py:830} INFO - Processing file /home/airflow/.local/lib/python3.12/site-packages/airflow/example_dags/example_branch_datetime_operator.py for tasks to queue
[2026-05-07T21:40:23.681+0000] {logging_mixin.py:188} INFO - [2026-05-07T21:40:23.681+0000] {dagbag.py:545} INFO - Filling up the DagBag from /home/airflow/.local/lib/python3.12/site-packages/airflow/example_dags/example_branch_datetime_operator.py
[2026-05-07T21:40:23.690+0000] {processor.py:840} INFO - DAG(s) 'example_branch_datetime_operator_3', 'example_branch_datetime_operator_2', 'example_branch_datetime_operator' retrieved from /home/airflow/.local/lib/python3.12/site-packages/airflow/example_dags/example_branch_datetime_operator.py
[2026-05-07T21:40:23.717+0000] {logging_mixin.py:188} INFO - [2026-05-07T21:40:23.717+0000] {dag.py:3096} INFO - Sync 3 DAGs
[2026-05-07T21:40:23.739+0000] {logging_mixin.py:188} INFO - [2026-05-07T21:40:23.739+0000] {dag.py:3954} INFO - Setting next_dagrun for example_branch_datetime_operator to 2026-05-06 00:00:00+00:00, run_after=2026-05-07 00:00:00+00:00
[2026-05-07T21:40:23.744+0000] {logging_mixin.py:188} INFO - [2026-05-07T21:40:23.743+0000] {dag.py:3954} INFO - Setting next_dagrun for example_branch_datetime_operator_2 to 2026-05-06 00:00:00+00:00, run_after=2026-05-07 00:00:00+00:00
[2026-05-07T21:40:23.747+0000] {logging_mixin.py:188} INFO - [2026-05-07T21:40:23.746+0000] {dag.py:3954} INFO - Setting next_dagrun for example_branch_datetime_operator_3 to 2026-05-06 00:00:00+00:00, run_after=2026-05-07 00:00:00+00:00
[2026-05-07T21:40:23.770+0000] {processor.py:183} INFO - Processing /home/airflow/.local/lib/python3.12/site-packages/airflow/example_dags/example_branch_datetime_operator.py took 0.099 seconds
[2026-05-07T21:40:53.875+0000] {processor.py:161} INFO - Started process (PID=9658) to work on /home/airflow/.local/lib/python3.12/site-packages/airflow/example_dags/example_branch_datetime_operator.py
[2026-05-07T21:40:53.876+0000] {processor.py:830} INFO - Processing file /home/airflow/.local/lib/python3.12/site-packages/airflow/example_dags/example_branch_datetime_operator.py for tasks to queue
[2026-05-07T21:40:53.878+0000] {logging_mixin.py:188} INFO - [2026-05-07T21:40:53.878+0000] {dagbag.py:545} INFO - Filling up the DagBag from /home/airflow/.local/lib/python3.12/site-packages/airflow/example_dags/example_branch_datetime_operator.py
[2026-05-07T21:40:53.888+0000] {processor.py:840} INFO - DAG(s) 'example_branch_datetime_operator', 'example_branch_datetime_operator_2', 'example_branch_datetime_operator_3' retrieved from /home/airflow/.local/lib/python3.12/site-packages/airflow/example_dags/example_branch_datetime_operator.py
[2026-05-07T21:40:53.914+0000] {logging_mixin.py:188} INFO - [2026-05-07T21:40:53.914+0000] {dag.py:3096} INFO - Sync 3 DAGs
[2026-05-07T21:40:53.938+0000] {logging_mixin.py:188} INFO - [2026-05-07T21:40:53.938+0000] {dag.py:3954} INFO - Setting next_dagrun for example_branch_datetime_operator to 2026-05-06 00:00:00+00:00, run_after=2026-05-07 00:00:00+00:00
[2026-05-07T21:40:53.942+0000] {logging_mixin.py:188} INFO - [2026-05-07T21:40:53.942+0000] {dag.py:3954} INFO - Setting next_dagrun for example_branch_datetime_operator_2 to 2026-05-06 00:00:00+00:00, run_after=2026-05-07 00:00:00+00:00
[2026-05-07T21:40:53.945+0000] {logging_mixin.py:188} INFO - [2026-05-07T21:40:53.945+0000] {dag.py:3954} INFO - Setting next_dagrun for example_branch_datetime_operator_3 to 2026-05-06 00:00:00+00:00, run_after=2026-05-07 00:00:00+00:00
[2026-05-07T21:40:53.966+0000] {processor.py:183} INFO - Processing /home/airflow/.local/lib/python3.12/site-packages/airflow/example_dags/example_branch_datetime_operator.py took 0.096 seconds
[2026-05-07T21:41:24.281+0000] {processor.py:161} INFO - Started process (PID=9716) to work on /home/airflow/.local/lib/python3.12/site-packages/airflow/example_dags/example_branch_datetime_operator.py
[2026-05-07T21:41:24.283+0000] {processor.py:830} INFO - Processing file /home/airflow/.local/lib/python3.12/site-packages/airflow/example_dags/example_branch_datetime_operator.py for tasks to queue
[2026-05-07T21:41:24.285+0000] {logging_mixin.py:188} INFO - [2026-05-07T21:41:24.285+0000] {dagbag.py:545} INFO - Filling up the DagBag from /home/airflow/.local/lib/python3.12/site-packages/airflow/example_dags/example_branch_datetime_operator.py
[2026-05-07T21:41:24.297+0000] {processor.py:840} INFO - DAG(s) 'example_branch_datetime_operator_2', 'example_branch_datetime_operator_3', 'example_branch_datetime_operator' retrieved from /home/airflow/.local/lib/python3.12/site-packages/airflow/example_dags/example_branch_datetime_operator.py
[2026-05-07T21:41:24.327+0000] {logging_mixin.py:188} INFO - [2026-05-07T21:41:24.327+0000] {dag.py:3096} INFO - Sync 3 DAGs
[2026-05-07T21:41:24.350+0000] {logging_mixin.py:188} INFO - [2026-05-07T21:41:24.350+0000] {dag.py:3954} INFO - Setting next_dagrun for example_branch_datetime_operator to 2026-05-06 00:00:00+00:00, run_after=2026-05-07 00:00:00+00:00
[2026-05-07T21:41:24.358+0000] {logging_mixin.py:188} INFO - [2026-05-07T21:41:24.358+0000] {dag.py:3954} INFO - Setting next_dagrun for example_branch_datetime_operator_2 to 2026-05-06 00:00:00+00:00, run_after=2026-05-07 00:00:00+00:00
[2026-05-07T21:41:24.361+0000] {logging_mixin.py:188} INFO - [2026-05-07T21:41:24.361+0000] {dag.py:3954} INFO - Setting next_dagrun for example_branch_datetime_operator_3 to 2026-05-06 00:00:00+00:00, run_after=2026-05-07 00:00:00+00:00
[2026-05-07T21:41:24.390+0000] {processor.py:183} INFO - Processing /home/airflow/.local/lib/python3.12/site-packages/airflow/example_dags/example_branch_datetime_operator.py took 0.114 seconds
[2026-05-07T21:41:54.626+0000] {processor.py:161} INFO - Started process (PID=9774) to work on /home/airflow/.local/lib/python3.12/site-packages/airflow/example_dags/example_branch_datetime_operator.py
[2026-05-07T21:41:54.628+0000] {processor.py:830} INFO - Processing file /home/airflow/.local/lib/python3.12/site-packages/airflow/example_dags/example_branch_datetime_operator.py for tasks to queue
[2026-05-07T21:41:54.631+0000] {logging_mixin.py:188} INFO - [2026-05-07T21:41:54.631+0000] {dagbag.py:545} INFO - Filling up the DagBag from /home/airflow/.local/lib/python3.12/site-packages/airflow/example_dags/example_branch_datetime_operator.py
[2026-05-07T21:41:54.641+0000] {processor.py:840} INFO - DAG(s) 'example_branch_datetime_operator', 'example_branch_datetime_operator_3', 'example_branch_datetime_operator_2' retrieved from /home/airflow/.local/lib/python3.12/site-packages/airflow/example_dags/example_branch_datetime_operator.py
[2026-05-07T21:41:54.669+0000] {logging_mixin.py:188} INFO - [2026-05-07T21:41:54.669+0000] {dag.py:3096} INFO - Sync 3 DAGs
[2026-05-07T21:41:54.690+0000] {logging_mixin.py:188} INFO - [2026-05-07T21:41:54.690+0000] {dag.py:3954} INFO - Setting next_dagrun for example_branch_datetime_operator to 2026-05-06 00:00:00+00:00, run_after=2026-05-07 00:00:00+00:00
[2026-05-07T21:41:54.695+0000] {logging_mixin.py:188} INFO - [2026-05-07T21:41:54.695+0000] {dag.py:3954} INFO - Setting next_dagrun for example_branch_datetime_operator_2 to 2026-05-06 00:00:00+00:00, run_after=2026-05-07 00:00:00+00:00
[2026-05-07T21:41:54.698+0000] {logging_mixin.py:188} INFO - [2026-05-07T21:41:54.698+0000] {dag.py:3954} INFO - Setting next_dagrun for example_branch_datetime_operator_3 to 2026-05-06 00:00:00+00:00, run_after=2026-05-07 00:00:00+00:00
[2026-05-07T21:41:54.716+0000] {processor.py:183} INFO - Processing /home/airflow/.local/lib/python3.12/site-packages/airflow/example_dags/example_branch_datetime_operator.py took 0.096 seconds
[2026-05-07T21:42:25.086+0000] {processor.py:161} INFO - Started process (PID=9832) to work on /home/airflow/.local/lib/python3.12/site-packages/airflow/example_dags/example_branch_datetime_operator.py
[2026-05-07T21:42:25.088+0000] {processor.py:830} INFO - Processing file /home/airflow/.local/lib/python3.12/site-packages/airflow/example_dags/example_branch_datetime_operator.py for tasks to queue
[2026-05-07T21:42:25.091+0000] {logging_mixin.py:188} INFO - [2026-05-07T21:42:25.091+0000] {dagbag.py:545} INFO - Filling up the DagBag from /home/airflow/.local/lib/python3.12/site-packages/airflow/example_dags/example_branch_datetime_operator.py
[2026-05-07T21:42:25.100+0000] {processor.py:840} INFO - DAG(s) 'example_branch_datetime_operator_3', 'example_branch_datetime_operator_2', 'example_branch_datetime_operator' retrieved from /home/airflow/.local/lib/python3.12/site-packages/airflow/example_dags/example_branch_datetime_operator.py
[2026-05-07T21:42:25.140+0000] {logging_mixin.py:188} INFO - [2026-05-07T21:42:25.140+0000] {dag.py:3096} INFO - Sync 3 DAGs
[2026-05-07T21:42:25.170+0000] {logging_mixin.py:188} INFO - [2026-05-07T21:42:25.169+0000] {dag.py:3954} INFO - Setting next_dagrun for example_branch_datetime_operator to 2026-05-06 00:00:00+00:00, run_after=2026-05-07 00:00:00+00:00
[2026-05-07T21:42:25.177+0000] {logging_mixin.py:188} INFO - [2026-05-07T21:42:25.177+0000] {dag.py:3954} INFO - Setting next_dagrun for example_branch_datetime_operator_2 to 2026-05-06 00:00:00+00:00, run_after=2026-05-07 00:00:00+00:00
[2026-05-07T21:42:25.180+0000] {logging_mixin.py:188} INFO - [2026-05-07T21:42:25.180+0000] {dag.py:3954} INFO - Setting next_dagrun for example_branch_datetime_operator_3 to 2026-05-06 00:00:00+00:00, run_after=2026-05-07 00:00:00+00:00
[2026-05-07T21:42:25.212+0000] {processor.py:183} INFO - Processing /home/airflow/.local/lib/python3.12/site-packages/airflow/example_dags/example_branch_datetime_operator.py took 0.133 seconds
[2026-05-07T21:42:55.691+0000] {processor.py:161} INFO - Started process (PID=9890) to work on /home/airflow/.local/lib/python3.12/site-packages/airflow/example_dags/example_branch_datetime_operator.py
[2026-05-07T21:42:55.693+0000] {processor.py:830} INFO - Processing file /home/airflow/.local/lib/python3.12/site-packages/airflow/example_dags/example_branch_datetime_operator.py for tasks to queue
[2026-05-07T21:42:55.696+0000] {logging_mixin.py:188} INFO - [2026-05-07T21:42:55.695+0000] {dagbag.py:545} INFO - Filling up the DagBag from /home/airflow/.local/lib/python3.12/site-packages/airflow/example_dags/example_branch_datetime_operator.py
[2026-05-07T21:42:55.705+0000] {processor.py:840} INFO - DAG(s) 'example_branch_datetime_operator', 'example_branch_datetime_operator_2', 'example_branch_datetime_operator_3' retrieved from /home/airflow/.local/lib/python3.12/site-packages/airflow/example_dags/example_branch_datetime_operator.py
[2026-05-07T21:42:55.729+0000] {logging_mixin.py:188} INFO - [2026-05-07T21:42:55.729+0000] {dag.py:3096} INFO - Sync 3 DAGs
[2026-05-07T21:42:55.749+0000] {logging_mixin.py:188} INFO - [2026-05-07T21:42:55.748+0000] {dag.py:3954} INFO - Setting next_dagrun for example_branch_datetime_operator to 2026-05-06 00:00:00+00:00, run_after=2026-05-07 00:00:00+00:00
[2026-05-07T21:42:55.753+0000] {logging_mixin.py:188} INFO - [2026-05-07T21:42:55.753+0000] {dag.py:3954} INFO - Setting next_dagrun for example_branch_datetime_operator_2 to 2026-05-06 00:00:00+00:00, run_after=2026-05-07 00:00:00+00:00
[2026-05-07T21:42:55.756+0000] {logging_mixin.py:188} INFO - [2026-05-07T21:42:55.756+0000] {dag.py:3954} INFO - Setting next_dagrun for example_branch_datetime_operator_3 to 2026-05-06 00:00:00+00:00, run_after=2026-05-07 00:00:00+00:00
[2026-05-07T21:42:55.775+0000] {processor.py:183} INFO - Processing /home/airflow/.local/lib/python3.12/site-packages/airflow/example_dags/example_branch_datetime_operator.py took 0.088 seconds
[2026-05-07T21:43:26.394+0000] {processor.py:161} INFO - Started process (PID=9948) to work on /home/airflow/.local/lib/python3.12/site-packages/airflow/example_dags/example_branch_datetime_operator.py
[2026-05-07T21:43:26.396+0000] {processor.py:830} INFO - Processing file /home/airflow/.local/lib/python3.12/site-packages/airflow/example_dags/example_branch_datetime_operator.py for tasks to queue
[2026-05-07T21:43:26.399+0000] {logging_mixin.py:188} INFO - [2026-05-07T21:43:26.398+0000] {dagbag.py:545} INFO - Filling up the DagBag from /home/airflow/.local/lib/python3.12/site-packages/airflow/example_dags/example_branch_datetime_operator.py
[2026-05-07T21:43:26.409+0000] {processor.py:840} INFO - DAG(s) 'example_branch_datetime_operator_2', 'example_branch_datetime_operator', 'example_branch_datetime_operator_3' retrieved from /home/airflow/.local/lib/python3.12/site-packages/airflow/example_dags/example_branch_datetime_operator.py
[2026-05-07T21:43:26.436+0000] {logging_mixin.py:188} INFO - [2026-05-07T21:43:26.436+0000] {dag.py:3096} INFO - Sync 3 DAGs
[2026-05-07T21:43:26.459+0000] {logging_mixin.py:188} INFO - [2026-05-07T21:43:26.459+0000] {dag.py:3954} INFO - Setting next_dagrun for example_branch_datetime_operator to 2026-05-06 00:00:00+00:00, run_after=2026-05-07 00:00:00+00:00
[2026-05-07T21:43:26.464+0000] {logging_mixin.py:188} INFO - [2026-05-07T21:43:26.464+0000] {dag.py:3954} INFO - Setting next_dagrun for example_branch_datetime_operator_2 to 2026-05-06 00:00:00+00:00, run_after=2026-05-07 00:00:00+00:00
[2026-05-07T21:43:26.467+0000] {logging_mixin.py:188} INFO - [2026-05-07T21:43:26.466+0000] {dag.py:3954} INFO - Setting next_dagrun for example_branch_datetime_operator_3 to 2026-05-06 00:00:00+00:00, run_after=2026-05-07 00:00:00+00:00
[2026-05-07T21:43:26.492+0000] {processor.py:183} INFO - Processing /home/airflow/.local/lib/python3.12/site-packages/airflow/example_dags/example_branch_datetime_operator.py took 0.104 seconds
[2026-05-07T21:43:57.077+0000] {processor.py:161} INFO - Started process (PID=10006) to work on /home/airflow/.local/lib/python3.12/site-packages/airflow/example_dags/example_branch_datetime_operator.py
[2026-05-07T21:43:57.079+0000] {processor.py:830} INFO - Processing file /home/airflow/.local/lib/python3.12/site-packages/airflow/example_dags/example_branch_datetime_operator.py for tasks to queue
[2026-05-07T21:43:57.082+0000] {logging_mixin.py:188} INFO - [2026-05-07T21:43:57.081+0000] {dagbag.py:545} INFO - Filling up the DagBag from /home/airflow/.local/lib/python3.12/site-packages/airflow/example_dags/example_branch_datetime_operator.py
[2026-05-07T21:43:57.091+0000] {processor.py:840} INFO - DAG(s) 'example_branch_datetime_operator_3', 'example_branch_datetime_operator_2', 'example_branch_datetime_operator' retrieved from /home/airflow/.local/lib/python3.12/site-packages/airflow/example_dags/example_branch_datetime_operator.py
[2026-05-07T21:43:57.119+0000] {logging_mixin.py:188} INFO - [2026-05-07T21:43:57.118+0000] {dag.py:3096} INFO - Sync 3 DAGs
[2026-05-07T21:43:57.140+0000] {logging_mixin.py:188} INFO - [2026-05-07T21:43:57.140+0000] {dag.py:3954} INFO - Setting next_dagrun for example_branch_datetime_operator to 2026-05-06 00:00:00+00:00, run_after=2026-05-07 00:00:00+00:00
[2026-05-07T21:43:57.146+0000] {logging_mixin.py:188} INFO - [2026-05-07T21:43:57.146+0000] {dag.py:3954} INFO - Setting next_dagrun for example_branch_datetime_operator_2 to 2026-05-06 00:00:00+00:00, run_after=2026-05-07 00:00:00+00:00
[2026-05-07T21:43:57.149+0000] {logging_mixin.py:188} INFO - [2026-05-07T21:43:57.149+0000] {dag.py:3954} INFO - Setting next_dagrun for example_branch_datetime_operator_3 to 2026-05-06 00:00:00+00:00, run_after=2026-05-07 00:00:00+00:00
[2026-05-07T21:43:57.168+0000] {processor.py:183} INFO - Processing /home/airflow/.local/lib/python3.12/site-packages/airflow/example_dags/example_branch_datetime_operator.py took 0.096 seconds
[2026-05-07T21:44:27.892+0000] {processor.py:161} INFO - Started process (PID=10064) to work on /home/airflow/.local/lib/python3.12/site-packages/airflow/example_dags/example_branch_datetime_operator.py
[2026-05-07T21:44:27.893+0000] {processor.py:830} INFO - Processing file /home/airflow/.local/lib/python3.12/site-packages/airflow/example_dags/example_branch_datetime_operator.py for tasks to queue
[2026-05-07T21:44:27.896+0000] {logging_mixin.py:188} INFO - [2026-05-07T21:44:27.895+0000] {dagbag.py:545} INFO - Filling up the DagBag from /home/airflow/.local/lib/python3.12/site-packages/airflow/example_dags/example_branch_datetime_operator.py
[2026-05-07T21:44:27.904+0000] {processor.py:840} INFO - DAG(s) 'example_branch_datetime_operator_3', 'example_branch_datetime_operator', 'example_branch_datetime_operator_2' retrieved from /home/airflow/.local/lib/python3.12/site-packages/airflow/example_dags/example_branch_datetime_operator.py
[2026-05-07T21:44:27.934+0000] {logging_mixin.py:188} INFO - [2026-05-07T21:44:27.933+0000] {dag.py:3096} INFO - Sync 3 DAGs
[2026-05-07T21:44:27.957+0000] {logging_mixin.py:188} INFO - [2026-05-07T21:44:27.957+0000] {dag.py:3954} INFO - Setting next_dagrun for example_branch_datetime_operator to 2026-05-06 00:00:00+00:00, run_after=2026-05-07 00:00:00+00:00
[2026-05-07T21:44:27.961+0000] {logging_mixin.py:188} INFO - [2026-05-07T21:44:27.961+0000] {dag.py:3954} INFO - Setting next_dagrun for example_branch_datetime_operator_2 to 2026-05-06 00:00:00+00:00, run_after=2026-05-07 00:00:00+00:00
[2026-05-07T21:44:27.964+0000] {logging_mixin.py:188} INFO - [2026-05-07T21:44:27.963+0000] {dag.py:3954} INFO - Setting next_dagrun for example_branch_datetime_operator_3 to 2026-05-06 00:00:00+00:00, run_after=2026-05-07 00:00:00+00:00
[2026-05-07T21:44:27.987+0000] {processor.py:183} INFO - Processing /home/airflow/.local/lib/python3.12/site-packages/airflow/example_dags/example_branch_datetime_operator.py took 0.100 seconds
[2026-05-07T21:44:58.148+0000] {processor.py:161} INFO - Started process (PID=10122) to work on /home/airflow/.local/lib/python3.12/site-packages/airflow/example_dags/example_branch_datetime_operator.py
[2026-05-07T21:44:58.149+0000] {processor.py:830} INFO - Processing file /home/airflow/.local/lib/python3.12/site-packages/airflow/example_dags/example_branch_datetime_operator.py for tasks to queue
[2026-05-07T21:44:58.152+0000] {logging_mixin.py:188} INFO - [2026-05-07T21:44:58.152+0000] {dagbag.py:545} INFO - Filling up the DagBag from /home/airflow/.local/lib/python3.12/site-packages/airflow/example_dags/example_branch_datetime_operator.py
[2026-05-07T21:44:58.167+0000] {processor.py:840} INFO - DAG(s) 'example_branch_datetime_operator_2', 'example_branch_datetime_operator_3', 'example_branch_datetime_operator' retrieved from /home/airflow/.local/lib/python3.12/site-packages/airflow/example_dags/example_branch_datetime_operator.py
[2026-05-07T21:44:58.206+0000] {logging_mixin.py:188} INFO - [2026-05-07T21:44:58.205+0000] {dag.py:3096} INFO - Sync 3 DAGs
[2026-05-07T21:44:58.235+0000] {logging_mixin.py:188} INFO - [2026-05-07T21:44:58.234+0000] {dag.py:3954} INFO - Setting next_dagrun for example_branch_datetime_operator to 2026-05-06 00:00:00+00:00, run_after=2026-05-07 00:00:00+00:00
[2026-05-07T21:44:58.241+0000] {logging_mixin.py:188} INFO - [2026-05-07T21:44:58.240+0000] {dag.py:3954} INFO - Setting next_dagrun for example_branch_datetime_operator_2 to 2026-05-06 00:00:00+00:00, run_after=2026-05-07 00:00:00+00:00
[2026-05-07T21:44:58.244+0000] {logging_mixin.py:188} INFO - [2026-05-07T21:44:58.244+0000] {dag.py:3954} INFO - Setting next_dagrun for example_branch_datetime_operator_3 to 2026-05-06 00:00:00+00:00, run_after=2026-05-07 00:00:00+00:00
[2026-05-07T21:44:58.271+0000] {processor.py:183} INFO - Processing /home/airflow/.local/lib/python3.12/site-packages/airflow/example_dags/example_branch_datetime_operator.py took 0.132 seconds
[2026-05-07T21:45:28.414+0000] {processor.py:161} INFO - Started process (PID=10180) to work on /home/airflow/.local/lib/python3.12/site-packages/airflow/example_dags/example_branch_datetime_operator.py
[2026-05-07T21:45:28.417+0000] {processor.py:830} INFO - Processing file /home/airflow/.local/lib/python3.12/site-packages/airflow/example_dags/example_branch_datetime_operator.py for tasks to queue
[2026-05-07T21:45:28.421+0000] {logging_mixin.py:188} INFO - [2026-05-07T21:45:28.420+0000] {dagbag.py:545} INFO - Filling up the DagBag from /home/airflow/.local/lib/python3.12/site-packages/airflow/example_dags/example_branch_datetime_operator.py
[2026-05-07T21:45:28.438+0000] {processor.py:840} INFO - DAG(s) 'example_branch_datetime_operator', 'example_branch_datetime_operator_2', 'example_branch_datetime_operator_3' retrieved from /home/airflow/.local/lib/python3.12/site-packages/airflow/example_dags/example_branch_datetime_operator.py
[2026-05-07T21:45:28.469+0000] {logging_mixin.py:188} INFO - [2026-05-07T21:45:28.468+0000] {dag.py:3096} INFO - Sync 3 DAGs
[2026-05-07T21:45:28.490+0000] {logging_mixin.py:188} INFO - [2026-05-07T21:45:28.489+0000] {dag.py:3954} INFO - Setting next_dagrun for example_branch_datetime_operator to 2026-05-06 00:00:00+00:00, run_after=2026-05-07 00:00:00+00:00
[2026-05-07T21:45:28.495+0000] {logging_mixin.py:188} INFO - [2026-05-07T21:45:28.495+0000] {dag.py:3954} INFO - Setting next_dagrun for example_branch_datetime_operator_2 to 2026-05-06 00:00:00+00:00, run_after=2026-05-07 00:00:00+00:00
[2026-05-07T21:45:28.498+0000] {logging_mixin.py:188} INFO - [2026-05-07T21:45:28.498+0000] {dag.py:3954} INFO - Setting next_dagrun for example_branch_datetime_operator_3 to 2026-05-06 00:00:00+00:00, run_after=2026-05-07 00:00:00+00:00
[2026-05-07T21:45:28.520+0000] {processor.py:183} INFO - Processing /home/airflow/.local/lib/python3.12/site-packages/airflow/example_dags/example_branch_datetime_operator.py took 0.118 seconds
[2026-05-07T21:45:58.598+0000] {processor.py:161} INFO - Started process (PID=10238) to work on /home/airflow/.local/lib/python3.12/site-packages/airflow/example_dags/example_branch_datetime_operator.py
[2026-05-07T21:45:58.599+0000] {processor.py:830} INFO - Processing file /home/airflow/.local/lib/python3.12/site-packages/airflow/example_dags/example_branch_datetime_operator.py for tasks to queue
[2026-05-07T21:45:58.602+0000] {logging_mixin.py:188} INFO - [2026-05-07T21:45:58.602+0000] {dagbag.py:545} INFO - Filling up the DagBag from /home/airflow/.local/lib/python3.12/site-packages/airflow/example_dags/example_branch_datetime_operator.py
[2026-05-07T21:45:58.613+0000] {processor.py:840} INFO - DAG(s) 'example_branch_datetime_operator_2', 'example_branch_datetime_operator_3', 'example_branch_datetime_operator' retrieved from /home/airflow/.local/lib/python3.12/site-packages/airflow/example_dags/example_branch_datetime_operator.py
[2026-05-07T21:45:58.644+0000] {logging_mixin.py:188} INFO - [2026-05-07T21:45:58.644+0000] {dag.py:3096} INFO - Sync 3 DAGs
[2026-05-07T21:45:58.668+0000] {logging_mixin.py:188} INFO - [2026-05-07T21:45:58.668+0000] {dag.py:3954} INFO - Setting next_dagrun for example_branch_datetime_operator to 2026-05-06 00:00:00+00:00, run_after=2026-05-07 00:00:00+00:00
[2026-05-07T21:45:58.674+0000] {logging_mixin.py:188} INFO - [2026-05-07T21:45:58.674+0000] {dag.py:3954} INFO - Setting next_dagrun for example_branch_datetime_operator_2 to 2026-05-06 00:00:00+00:00, run_after=2026-05-07 00:00:00+00:00
[2026-05-07T21:45:58.677+0000] {logging_mixin.py:188} INFO - [2026-05-07T21:45:58.677+0000] {dag.py:3954} INFO - Setting next_dagrun for example_branch_datetime_operator_3 to 2026-05-06 00:00:00+00:00, run_after=2026-05-07 00:00:00+00:00
[2026-05-07T21:45:58.699+0000] {processor.py:183} INFO - Processing /home/airflow/.local/lib/python3.12/site-packages/airflow/example_dags/example_branch_datetime_operator.py took 0.108 seconds
[2026-05-07T21:46:28.920+0000] {processor.py:161} INFO - Started process (PID=10296) to work on /home/airflow/.local/lib/python3.12/site-packages/airflow/example_dags/example_branch_datetime_operator.py
[2026-05-07T21:46:28.922+0000] {processor.py:830} INFO - Processing file /home/airflow/.local/lib/python3.12/site-packages/airflow/example_dags/example_branch_datetime_operator.py for tasks to queue
[2026-05-07T21:46:28.927+0000] {logging_mixin.py:188} INFO - [2026-05-07T21:46:28.926+0000] {dagbag.py:545} INFO - Filling up the DagBag from /home/airflow/.local/lib/python3.12/site-packages/airflow/example_dags/example_branch_datetime_operator.py
[2026-05-07T21:46:28.937+0000] {processor.py:840} INFO - DAG(s) 'example_branch_datetime_operator', 'example_branch_datetime_operator_3', 'example_branch_datetime_operator_2' retrieved from /home/airflow/.local/lib/python3.12/site-packages/airflow/example_dags/example_branch_datetime_operator.py
[2026-05-07T21:46:28.969+0000] {logging_mixin.py:188} INFO - [2026-05-07T21:46:28.969+0000] {dag.py:3096} INFO - Sync 3 DAGs
[2026-05-07T21:46:28.996+0000] {logging_mixin.py:188} INFO - [2026-05-07T21:46:28.996+0000] {dag.py:3954} INFO - Setting next_dagrun for example_branch_datetime_operator to 2026-05-06 00:00:00+00:00, run_after=2026-05-07 00:00:00+00:00
[2026-05-07T21:46:29.003+0000] {logging_mixin.py:188} INFO - [2026-05-07T21:46:29.002+0000] {dag.py:3954} INFO - Setting next_dagrun for example_branch_datetime_operator_2 to 2026-05-06 00:00:00+00:00, run_after=2026-05-07 00:00:00+00:00
[2026-05-07T21:46:29.007+0000] {logging_mixin.py:188} INFO - [2026-05-07T21:46:29.007+0000] {dag.py:3954} INFO - Setting next_dagrun for example_branch_datetime_operator_3 to 2026-05-06 00:00:00+00:00, run_after=2026-05-07 00:00:00+00:00
[2026-05-07T21:46:29.031+0000] {processor.py:183} INFO - Processing /home/airflow/.local/lib/python3.12/site-packages/airflow/example_dags/example_branch_datetime_operator.py took 0.117 seconds
[2026-05-07T21:46:59.199+0000] {processor.py:161} INFO - Started process (PID=10354) to work on /home/airflow/.local/lib/python3.12/site-packages/airflow/example_dags/example_branch_datetime_operator.py
[2026-05-07T21:46:59.201+0000] {processor.py:830} INFO - Processing file /home/airflow/.local/lib/python3.12/site-packages/airflow/example_dags/example_branch_datetime_operator.py for tasks to queue
[2026-05-07T21:46:59.205+0000] {logging_mixin.py:188} INFO - [2026-05-07T21:46:59.205+0000] {dagbag.py:545} INFO - Filling up the DagBag from /home/airflow/.local/lib/python3.12/site-packages/airflow/example_dags/example_branch_datetime_operator.py
[2026-05-07T21:46:59.220+0000] {processor.py:840} INFO - DAG(s) 'example_branch_datetime_operator_3', 'example_branch_datetime_operator_2', 'example_branch_datetime_operator' retrieved from /home/airflow/.local/lib/python3.12/site-packages/airflow/example_dags/example_branch_datetime_operator.py
[2026-05-07T21:46:59.256+0000] {logging_mixin.py:188} INFO - [2026-05-07T21:46:59.256+0000] {dag.py:3096} INFO - Sync 3 DAGs
[2026-05-07T21:46:59.280+0000] {logging_mixin.py:188} INFO - [2026-05-07T21:46:59.280+0000] {dag.py:3954} INFO - Setting next_dagrun for example_branch_datetime_operator to 2026-05-06 00:00:00+00:00, run_after=2026-05-07 00:00:00+00:00
[2026-05-07T21:46:59.285+0000] {logging_mixin.py:188} INFO - [2026-05-07T21:46:59.285+0000] {dag.py:3954} INFO - Setting next_dagrun for example_branch_datetime_operator_2 to 2026-05-06 00:00:00+00:00, run_after=2026-05-07 00:00:00+00:00
[2026-05-07T21:46:59.288+0000] {logging_mixin.py:188} INFO - [2026-05-07T21:46:59.287+0000] {dag.py:3954} INFO - Setting next_dagrun for example_branch_datetime_operator_3 to 2026-05-06 00:00:00+00:00, run_after=2026-05-07 00:00:00+00:00
[2026-05-07T21:46:59.309+0000] {processor.py:183} INFO - Processing /home/airflow/.local/lib/python3.12/site-packages/airflow/example_dags/example_branch_datetime_operator.py took 0.119 seconds
[2026-05-07T21:47:29.835+0000] {processor.py:161} INFO - Started process (PID=10412) to work on /home/airflow/.local/lib/python3.12/site-packages/airflow/example_dags/example_branch_datetime_operator.py
[2026-05-07T21:47:29.837+0000] {processor.py:830} INFO - Processing file /home/airflow/.local/lib/python3.12/site-packages/airflow/example_dags/example_branch_datetime_operator.py for tasks to queue
[2026-05-07T21:47:29.839+0000] {logging_mixin.py:188} INFO - [2026-05-07T21:47:29.839+0000] {dagbag.py:545} INFO - Filling up the DagBag from /home/airflow/.local/lib/python3.12/site-packages/airflow/example_dags/example_branch_datetime_operator.py
[2026-05-07T21:47:29.848+0000] {processor.py:840} INFO - DAG(s) 'example_branch_datetime_operator', 'example_branch_datetime_operator_2', 'example_branch_datetime_operator_3' retrieved from /home/airflow/.local/lib/python3.12/site-packages/airflow/example_dags/example_branch_datetime_operator.py
[2026-05-07T21:47:29.886+0000] {logging_mixin.py:188} INFO - [2026-05-07T21:47:29.885+0000] {dag.py:3096} INFO - Sync 3 DAGs
[2026-05-07T21:47:29.912+0000] {logging_mixin.py:188} INFO - [2026-05-07T21:47:29.912+0000] {dag.py:3954} INFO - Setting next_dagrun for example_branch_datetime_operator to 2026-05-06 00:00:00+00:00, run_after=2026-05-07 00:00:00+00:00
[2026-05-07T21:47:29.917+0000] {logging_mixin.py:188} INFO - [2026-05-07T21:47:29.917+0000] {dag.py:3954} INFO - Setting next_dagrun for example_branch_datetime_operator_2 to 2026-05-06 00:00:00+00:00, run_after=2026-05-07 00:00:00+00:00
[2026-05-07T21:47:29.919+0000] {logging_mixin.py:188} INFO - [2026-05-07T21:47:29.919+0000] {dag.py:3954} INFO - Setting next_dagrun for example_branch_datetime_operator_3 to 2026-05-06 00:00:00+00:00, run_after=2026-05-07 00:00:00+00:00
[2026-05-07T21:47:29.941+0000] {processor.py:183} INFO - Processing /home/airflow/.local/lib/python3.12/site-packages/airflow/example_dags/example_branch_datetime_operator.py took 0.114 seconds
[2026-05-07T21:48:00.014+0000] {processor.py:161} INFO - Started process (PID=10470) to work on /home/airflow/.local/lib/python3.12/site-packages/airflow/example_dags/example_branch_datetime_operator.py
[2026-05-07T21:48:00.016+0000] {processor.py:830} INFO - Processing file /home/airflow/.local/lib/python3.12/site-packages/airflow/example_dags/example_branch_datetime_operator.py for tasks to queue
[2026-05-07T21:48:00.022+0000] {logging_mixin.py:188} INFO - [2026-05-07T21:48:00.021+0000] {dagbag.py:545} INFO - Filling up the DagBag from /home/airflow/.local/lib/python3.12/site-packages/airflow/example_dags/example_branch_datetime_operator.py
[2026-05-07T21:48:00.034+0000] {processor.py:840} INFO - DAG(s) 'example_branch_datetime_operator', 'example_branch_datetime_operator_2', 'example_branch_datetime_operator_3' retrieved from /home/airflow/.local/lib/python3.12/site-packages/airflow/example_dags/example_branch_datetime_operator.py
[2026-05-07T21:48:00.076+0000] {logging_mixin.py:188} INFO - [2026-05-07T21:48:00.076+0000] {dag.py:3096} INFO - Sync 3 DAGs
[2026-05-07T21:48:00.111+0000] {logging_mixin.py:188} INFO - [2026-05-07T21:48:00.110+0000] {dag.py:3954} INFO - Setting next_dagrun for example_branch_datetime_operator to 2026-05-06 00:00:00+00:00, run_after=2026-05-07 00:00:00+00:00
[2026-05-07T21:48:00.117+0000] {logging_mixin.py:188} INFO - [2026-05-07T21:48:00.117+0000] {dag.py:3954} INFO - Setting next_dagrun for example_branch_datetime_operator_2 to 2026-05-06 00:00:00+00:00, run_after=2026-05-07 00:00:00+00:00
[2026-05-07T21:48:00.121+0000] {logging_mixin.py:188} INFO - [2026-05-07T21:48:00.121+0000] {dag.py:3954} INFO - Setting next_dagrun for example_branch_datetime_operator_3 to 2026-05-06 00:00:00+00:00, run_after=2026-05-07 00:00:00+00:00
[2026-05-07T21:48:00.147+0000] {processor.py:183} INFO - Processing /home/airflow/.local/lib/python3.12/site-packages/airflow/example_dags/example_branch_datetime_operator.py took 0.146 seconds
[2026-05-07T21:48:30.267+0000] {processor.py:161} INFO - Started process (PID=10528) to work on /home/airflow/.local/lib/python3.12/site-packages/airflow/example_dags/example_branch_datetime_operator.py
[2026-05-07T21:48:30.268+0000] {processor.py:830} INFO - Processing file /home/airflow/.local/lib/python3.12/site-packages/airflow/example_dags/example_branch_datetime_operator.py for tasks to queue
[2026-05-07T21:48:30.271+0000] {logging_mixin.py:188} INFO - [2026-05-07T21:48:30.270+0000] {dagbag.py:545} INFO - Filling up the DagBag from /home/airflow/.local/lib/python3.12/site-packages/airflow/example_dags/example_branch_datetime_operator.py
[2026-05-07T21:48:30.283+0000] {processor.py:840} INFO - DAG(s) 'example_branch_datetime_operator', 'example_branch_datetime_operator_2', 'example_branch_datetime_operator_3' retrieved from /home/airflow/.local/lib/python3.12/site-packages/airflow/example_dags/example_branch_datetime_operator.py
[2026-05-07T21:48:30.318+0000] {logging_mixin.py:188} INFO - [2026-05-07T21:48:30.318+0000] {dag.py:3096} INFO - Sync 3 DAGs
[2026-05-07T21:48:30.346+0000] {logging_mixin.py:188} INFO - [2026-05-07T21:48:30.346+0000] {dag.py:3954} INFO - Setting next_dagrun for example_branch_datetime_operator to 2026-05-06 00:00:00+00:00, run_after=2026-05-07 00:00:00+00:00
[2026-05-07T21:48:30.351+0000] {logging_mixin.py:188} INFO - [2026-05-07T21:48:30.350+0000] {dag.py:3954} INFO - Setting next_dagrun for example_branch_datetime_operator_2 to 2026-05-06 00:00:00+00:00, run_after=2026-05-07 00:00:00+00:00
[2026-05-07T21:48:30.353+0000] {logging_mixin.py:188} INFO - [2026-05-07T21:48:30.353+0000] {dag.py:3954} INFO - Setting next_dagrun for example_branch_datetime_operator_3 to 2026-05-06 00:00:00+00:00, run_after=2026-05-07 00:00:00+00:00
[2026-05-07T21:48:30.379+0000] {processor.py:183} INFO - Processing /home/airflow/.local/lib/python3.12/site-packages/airflow/example_dags/example_branch_datetime_operator.py took 0.118 seconds
[2026-05-07T21:49:00.521+0000] {processor.py:161} INFO - Started process (PID=10586) to work on /home/airflow/.local/lib/python3.12/site-packages/airflow/example_dags/example_branch_datetime_operator.py
[2026-05-07T21:49:00.523+0000] {processor.py:830} INFO - Processing file /home/airflow/.local/lib/python3.12/site-packages/airflow/example_dags/example_branch_datetime_operator.py for tasks to queue
[2026-05-07T21:49:00.525+0000] {logging_mixin.py:188} INFO - [2026-05-07T21:49:00.525+0000] {dagbag.py:545} INFO - Filling up the DagBag from /home/airflow/.local/lib/python3.12/site-packages/airflow/example_dags/example_branch_datetime_operator.py
[2026-05-07T21:49:00.535+0000] {processor.py:840} INFO - DAG(s) 'example_branch_datetime_operator', 'example_branch_datetime_operator_2', 'example_branch_datetime_operator_3' retrieved from /home/airflow/.local/lib/python3.12/site-packages/airflow/example_dags/example_branch_datetime_operator.py
[2026-05-07T21:49:00.564+0000] {logging_mixin.py:188} INFO - [2026-05-07T21:49:00.564+0000] {dag.py:3096} INFO - Sync 3 DAGs
[2026-05-07T21:49:00.586+0000] {logging_mixin.py:188} INFO - [2026-05-07T21:49:00.586+0000] {dag.py:3954} INFO - Setting next_dagrun for example_branch_datetime_operator to 2026-05-06 00:00:00+00:00, run_after=2026-05-07 00:00:00+00:00
[2026-05-07T21:49:00.591+0000] {logging_mixin.py:188} INFO - [2026-05-07T21:49:00.591+0000] {dag.py:3954} INFO - Setting next_dagrun for example_branch_datetime_operator_2 to 2026-05-06 00:00:00+00:00, run_after=2026-05-07 00:00:00+00:00
[2026-05-07T21:49:00.593+0000] {logging_mixin.py:188} INFO - [2026-05-07T21:49:00.593+0000] {dag.py:3954} INFO - Setting next_dagrun for example_branch_datetime_operator_3 to 2026-05-06 00:00:00+00:00, run_after=2026-05-07 00:00:00+00:00
[2026-05-07T21:49:00.616+0000] {processor.py:183} INFO - Processing /home/airflow/.local/lib/python3.12/site-packages/airflow/example_dags/example_branch_datetime_operator.py took 0.106 seconds
[2026-05-07T21:49:30.760+0000] {processor.py:161} INFO - Started process (PID=10644) to work on /home/airflow/.local/lib/python3.12/site-packages/airflow/example_dags/example_branch_datetime_operator.py
[2026-05-07T21:49:30.762+0000] {processor.py:830} INFO - Processing file /home/airflow/.local/lib/python3.12/site-packages/airflow/example_dags/example_branch_datetime_operator.py for tasks to queue
[2026-05-07T21:49:30.764+0000] {logging_mixin.py:188} INFO - [2026-05-07T21:49:30.764+0000] {dagbag.py:545} INFO - Filling up the DagBag from /home/airflow/.local/lib/python3.12/site-packages/airflow/example_dags/example_branch_datetime_operator.py
[2026-05-07T21:49:30.773+0000] {processor.py:840} INFO - DAG(s) 'example_branch_datetime_operator_3', 'example_branch_datetime_operator_2', 'example_branch_datetime_operator' retrieved from /home/airflow/.local/lib/python3.12/site-packages/airflow/example_dags/example_branch_datetime_operator.py
[2026-05-07T21:49:30.801+0000] {logging_mixin.py:188} INFO - [2026-05-07T21:49:30.801+0000] {dag.py:3096} INFO - Sync 3 DAGs
[2026-05-07T21:49:30.822+0000] {logging_mixin.py:188} INFO - [2026-05-07T21:49:30.822+0000] {dag.py:3954} INFO - Setting next_dagrun for example_branch_datetime_operator to 2026-05-06 00:00:00+00:00, run_after=2026-05-07 00:00:00+00:00
[2026-05-07T21:49:30.827+0000] {logging_mixin.py:188} INFO - [2026-05-07T21:49:30.826+0000] {dag.py:3954} INFO - Setting next_dagrun for example_branch_datetime_operator_2 to 2026-05-06 00:00:00+00:00, run_after=2026-05-07 00:00:00+00:00
[2026-05-07T21:49:30.829+0000] {logging_mixin.py:188} INFO - [2026-05-07T21:49:30.829+0000] {dag.py:3954} INFO - Setting next_dagrun for example_branch_datetime_operator_3 to 2026-05-06 00:00:00+00:00, run_after=2026-05-07 00:00:00+00:00
[2026-05-07T21:49:30.848+0000] {processor.py:183} INFO - Processing /home/airflow/.local/lib/python3.12/site-packages/airflow/example_dags/example_branch_datetime_operator.py took 0.093 seconds
[2026-05-07T21:50:01.281+0000] {processor.py:161} INFO - Started process (PID=10702) to work on /home/airflow/.local/lib/python3.12/site-packages/airflow/example_dags/example_branch_datetime_operator.py
[2026-05-07T21:50:01.282+0000] {processor.py:830} INFO - Processing file /home/airflow/.local/lib/python3.12/site-packages/airflow/example_dags/example_branch_datetime_operator.py for tasks to queue
[2026-05-07T21:50:01.285+0000] {logging_mixin.py:188} INFO - [2026-05-07T21:50:01.285+0000] {dagbag.py:545} INFO - Filling up the DagBag from /home/airflow/.local/lib/python3.12/site-packages/airflow/example_dags/example_branch_datetime_operator.py
[2026-05-07T21:50:01.294+0000] {processor.py:840} INFO - DAG(s) 'example_branch_datetime_operator', 'example_branch_datetime_operator_3', 'example_branch_datetime_operator_2' retrieved from /home/airflow/.local/lib/python3.12/site-packages/airflow/example_dags/example_branch_datetime_operator.py
[2026-05-07T21:50:01.323+0000] {logging_mixin.py:188} INFO - [2026-05-07T21:50:01.323+0000] {dag.py:3096} INFO - Sync 3 DAGs
[2026-05-07T21:50:01.346+0000] {logging_mixin.py:188} INFO - [2026-05-07T21:50:01.346+0000] {dag.py:3954} INFO - Setting next_dagrun for example_branch_datetime_operator to 2026-05-06 00:00:00+00:00, run_after=2026-05-07 00:00:00+00:00
[2026-05-07T21:50:01.351+0000] {logging_mixin.py:188} INFO - [2026-05-07T21:50:01.351+0000] {dag.py:3954} INFO - Setting next_dagrun for example_branch_datetime_operator_2 to 2026-05-06 00:00:00+00:00, run_after=2026-05-07 00:00:00+00:00
[2026-05-07T21:50:01.355+0000] {logging_mixin.py:188} INFO - [2026-05-07T21:50:01.355+0000] {dag.py:3954} INFO - Setting next_dagrun for example_branch_datetime_operator_3 to 2026-05-06 00:00:00+00:00, run_after=2026-05-07 00:00:00+00:00
[2026-05-07T21:50:01.377+0000] {processor.py:183} INFO - Processing /home/airflow/.local/lib/python3.12/site-packages/airflow/example_dags/example_branch_datetime_operator.py took 0.101 seconds
[2026-05-07T21:50:31.452+0000] {processor.py:161} INFO - Started process (PID=10760) to work on /home/airflow/.local/lib/python3.12/site-packages/airflow/example_dags/example_branch_datetime_operator.py
[2026-05-07T21:50:31.453+0000] {processor.py:830} INFO - Processing file /home/airflow/.local/lib/python3.12/site-packages/airflow/example_dags/example_branch_datetime_operator.py for tasks to queue
[2026-05-07T21:50:31.455+0000] {logging_mixin.py:188} INFO - [2026-05-07T21:50:31.455+0000] {dagbag.py:545} INFO - Filling up the DagBag from /home/airflow/.local/lib/python3.12/site-packages/airflow/example_dags/example_branch_datetime_operator.py
[2026-05-07T21:50:31.466+0000] {processor.py:840} INFO - DAG(s) 'example_branch_datetime_operator_3', 'example_branch_datetime_operator', 'example_branch_datetime_operator_2' retrieved from /home/airflow/.local/lib/python3.12/site-packages/airflow/example_dags/example_branch_datetime_operator.py
[2026-05-07T21:50:31.496+0000] {logging_mixin.py:188} INFO - [2026-05-07T21:50:31.495+0000] {dag.py:3096} INFO - Sync 3 DAGs
[2026-05-07T21:50:31.528+0000] {logging_mixin.py:188} INFO - [2026-05-07T21:50:31.527+0000] {dag.py:3954} INFO - Setting next_dagrun for example_branch_datetime_operator to 2026-05-06 00:00:00+00:00, run_after=2026-05-07 00:00:00+00:00
[2026-05-07T21:50:31.532+0000] {logging_mixin.py:188} INFO - [2026-05-07T21:50:31.532+0000] {dag.py:3954} INFO - Setting next_dagrun for example_branch_datetime_operator_2 to 2026-05-06 00:00:00+00:00, run_after=2026-05-07 00:00:00+00:00
[2026-05-07T21:50:31.535+0000] {logging_mixin.py:188} INFO - [2026-05-07T21:50:31.535+0000] {dag.py:3954} INFO - Setting next_dagrun for example_branch_datetime_operator_3 to 2026-05-06 00:00:00+00:00, run_after=2026-05-07 00:00:00+00:00
[2026-05-07T21:50:31.556+0000] {processor.py:183} INFO - Processing /home/airflow/.local/lib/python3.12/site-packages/airflow/example_dags/example_branch_datetime_operator.py took 0.109 seconds
[2026-05-07T21:51:02.119+0000] {processor.py:161} INFO - Started process (PID=10816) to work on /home/airflow/.local/lib/python3.12/site-packages/airflow/example_dags/example_branch_datetime_operator.py
[2026-05-07T21:51:02.121+0000] {processor.py:830} INFO - Processing file /home/airflow/.local/lib/python3.12/site-packages/airflow/example_dags/example_branch_datetime_operator.py for tasks to queue
[2026-05-07T21:51:02.123+0000] {logging_mixin.py:188} INFO - [2026-05-07T21:51:02.123+0000] {dagbag.py:545} INFO - Filling up the DagBag from /home/airflow/.local/lib/python3.12/site-packages/airflow/example_dags/example_branch_datetime_operator.py
[2026-05-07T21:51:02.135+0000] {processor.py:840} INFO - DAG(s) 'example_branch_datetime_operator_3', 'example_branch_datetime_operator_2', 'example_branch_datetime_operator' retrieved from /home/airflow/.local/lib/python3.12/site-packages/airflow/example_dags/example_branch_datetime_operator.py
[2026-05-07T21:51:02.162+0000] {logging_mixin.py:188} INFO - [2026-05-07T21:51:02.161+0000] {dag.py:3096} INFO - Sync 3 DAGs
[2026-05-07T21:51:02.187+0000] {logging_mixin.py:188} INFO - [2026-05-07T21:51:02.186+0000] {dag.py:3954} INFO - Setting next_dagrun for example_branch_datetime_operator to 2026-05-06 00:00:00+00:00, run_after=2026-05-07 00:00:00+00:00
[2026-05-07T21:51:02.192+0000] {logging_mixin.py:188} INFO - [2026-05-07T21:51:02.191+0000] {dag.py:3954} INFO - Setting next_dagrun for example_branch_datetime_operator_2 to 2026-05-06 00:00:00+00:00, run_after=2026-05-07 00:00:00+00:00
[2026-05-07T21:51:02.194+0000] {logging_mixin.py:188} INFO - [2026-05-07T21:51:02.194+0000] {dag.py:3954} INFO - Setting next_dagrun for example_branch_datetime_operator_3 to 2026-05-06 00:00:00+00:00, run_after=2026-05-07 00:00:00+00:00
[2026-05-07T21:51:02.217+0000] {processor.py:183} INFO - Processing /home/airflow/.local/lib/python3.12/site-packages/airflow/example_dags/example_branch_datetime_operator.py took 0.103 seconds
[2026-05-07T21:51:33.112+0000] {processor.py:161} INFO - Started process (PID=10874) to work on /home/airflow/.local/lib/python3.12/site-packages/airflow/example_dags/example_branch_datetime_operator.py
[2026-05-07T21:51:33.113+0000] {processor.py:830} INFO - Processing file /home/airflow/.local/lib/python3.12/site-packages/airflow/example_dags/example_branch_datetime_operator.py for tasks to queue
[2026-05-07T21:51:33.116+0000] {logging_mixin.py:188} INFO - [2026-05-07T21:51:33.116+0000] {dagbag.py:545} INFO - Filling up the DagBag from /home/airflow/.local/lib/python3.12/site-packages/airflow/example_dags/example_branch_datetime_operator.py
[2026-05-07T21:51:33.129+0000] {processor.py:840} INFO - DAG(s) 'example_branch_datetime_operator', 'example_branch_datetime_operator_3', 'example_branch_datetime_operator_2' retrieved from /home/airflow/.local/lib/python3.12/site-packages/airflow/example_dags/example_branch_datetime_operator.py
[2026-05-07T21:51:33.163+0000] {logging_mixin.py:188} INFO - [2026-05-07T21:51:33.162+0000] {dag.py:3096} INFO - Sync 3 DAGs
[2026-05-07T21:51:33.207+0000] {logging_mixin.py:188} INFO - [2026-05-07T21:51:33.207+0000] {dag.py:3954} INFO - Setting next_dagrun for example_branch_datetime_operator to 2026-05-06 00:00:00+00:00, run_after=2026-05-07 00:00:00+00:00
[2026-05-07T21:51:33.214+0000] {logging_mixin.py:188} INFO - [2026-05-07T21:51:33.214+0000] {dag.py:3954} INFO - Setting next_dagrun for example_branch_datetime_operator_2 to 2026-05-06 00:00:00+00:00, run_after=2026-05-07 00:00:00+00:00
[2026-05-07T21:51:33.220+0000] {logging_mixin.py:188} INFO - [2026-05-07T21:51:33.219+0000] {dag.py:3954} INFO - Setting next_dagrun for example_branch_datetime_operator_3 to 2026-05-06 00:00:00+00:00, run_after=2026-05-07 00:00:00+00:00
[2026-05-07T21:51:33.265+0000] {processor.py:183} INFO - Processing /home/airflow/.local/lib/python3.12/site-packages/airflow/example_dags/example_branch_datetime_operator.py took 0.158 seconds
[2026-05-07T21:52:03.340+0000] {processor.py:161} INFO - Started process (PID=10932) to work on /home/airflow/.local/lib/python3.12/site-packages/airflow/example_dags/example_branch_datetime_operator.py
[2026-05-07T21:52:03.342+0000] {processor.py:830} INFO - Processing file /home/airflow/.local/lib/python3.12/site-packages/airflow/example_dags/example_branch_datetime_operator.py for tasks to queue
[2026-05-07T21:52:03.345+0000] {logging_mixin.py:188} INFO - [2026-05-07T21:52:03.345+0000] {dagbag.py:545} INFO - Filling up the DagBag from /home/airflow/.local/lib/python3.12/site-packages/airflow/example_dags/example_branch_datetime_operator.py
[2026-05-07T21:52:03.354+0000] {processor.py:840} INFO - DAG(s) 'example_branch_datetime_operator_2', 'example_branch_datetime_operator', 'example_branch_datetime_operator_3' retrieved from /home/airflow/.local/lib/python3.12/site-packages/airflow/example_dags/example_branch_datetime_operator.py
[2026-05-07T21:52:03.383+0000] {logging_mixin.py:188} INFO - [2026-05-07T21:52:03.382+0000] {dag.py:3096} INFO - Sync 3 DAGs
[2026-05-07T21:52:03.410+0000] {logging_mixin.py:188} INFO - [2026-05-07T21:52:03.410+0000] {dag.py:3954} INFO - Setting next_dagrun for example_branch_datetime_operator to 2026-05-06 00:00:00+00:00, run_after=2026-05-07 00:00:00+00:00
[2026-05-07T21:52:03.417+0000] {logging_mixin.py:188} INFO - [2026-05-07T21:52:03.416+0000] {dag.py:3954} INFO - Setting next_dagrun for example_branch_datetime_operator_2 to 2026-05-06 00:00:00+00:00, run_after=2026-05-07 00:00:00+00:00
[2026-05-07T21:52:03.420+0000] {logging_mixin.py:188} INFO - [2026-05-07T21:52:03.420+0000] {dag.py:3954} INFO - Setting next_dagrun for example_branch_datetime_operator_3 to 2026-05-06 00:00:00+00:00, run_after=2026-05-07 00:00:00+00:00
[2026-05-07T21:52:03.446+0000] {processor.py:183} INFO - Processing /home/airflow/.local/lib/python3.12/site-packages/airflow/example_dags/example_branch_datetime_operator.py took 0.112 seconds
[2026-05-07T21:52:33.551+0000] {processor.py:161} INFO - Started process (PID=10990) to work on /home/airflow/.local/lib/python3.12/site-packages/airflow/example_dags/example_branch_datetime_operator.py
[2026-05-07T21:52:33.553+0000] {processor.py:830} INFO - Processing file /home/airflow/.local/lib/python3.12/site-packages/airflow/example_dags/example_branch_datetime_operator.py for tasks to queue
[2026-05-07T21:52:33.555+0000] {logging_mixin.py:188} INFO - [2026-05-07T21:52:33.555+0000] {dagbag.py:545} INFO - Filling up the DagBag from /home/airflow/.local/lib/python3.12/site-packages/airflow/example_dags/example_branch_datetime_operator.py
[2026-05-07T21:52:33.569+0000] {processor.py:840} INFO - DAG(s) 'example_branch_datetime_operator', 'example_branch_datetime_operator_2', 'example_branch_datetime_operator_3' retrieved from /home/airflow/.local/lib/python3.12/site-packages/airflow/example_dags/example_branch_datetime_operator.py
[2026-05-07T21:52:33.600+0000] {logging_mixin.py:188} INFO - [2026-05-07T21:52:33.600+0000] {dag.py:3096} INFO - Sync 3 DAGs
[2026-05-07T21:52:33.624+0000] {logging_mixin.py:188} INFO - [2026-05-07T21:52:33.624+0000] {dag.py:3954} INFO - Setting next_dagrun for example_branch_datetime_operator to 2026-05-06 00:00:00+00:00, run_after=2026-05-07 00:00:00+00:00
[2026-05-07T21:52:33.628+0000] {logging_mixin.py:188} INFO - [2026-05-07T21:52:33.628+0000] {dag.py:3954} INFO - Setting next_dagrun for example_branch_datetime_operator_2 to 2026-05-06 00:00:00+00:00, run_after=2026-05-07 00:00:00+00:00
[2026-05-07T21:52:33.631+0000] {logging_mixin.py:188} INFO - [2026-05-07T21:52:33.631+0000] {dag.py:3954} INFO - Setting next_dagrun for example_branch_datetime_operator_3 to 2026-05-06 00:00:00+00:00, run_after=2026-05-07 00:00:00+00:00
[2026-05-07T21:52:33.653+0000] {processor.py:183} INFO - Processing /home/airflow/.local/lib/python3.12/site-packages/airflow/example_dags/example_branch_datetime_operator.py took 0.109 seconds
[2026-05-07T21:53:03.876+0000] {processor.py:161} INFO - Started process (PID=11048) to work on /home/airflow/.local/lib/python3.12/site-packages/airflow/example_dags/example_branch_datetime_operator.py
[2026-05-07T21:53:03.878+0000] {processor.py:830} INFO - Processing file /home/airflow/.local/lib/python3.12/site-packages/airflow/example_dags/example_branch_datetime_operator.py for tasks to queue
[2026-05-07T21:53:03.880+0000] {logging_mixin.py:188} INFO - [2026-05-07T21:53:03.880+0000] {dagbag.py:545} INFO - Filling up the DagBag from /home/airflow/.local/lib/python3.12/site-packages/airflow/example_dags/example_branch_datetime_operator.py
[2026-05-07T21:53:03.894+0000] {processor.py:840} INFO - DAG(s) 'example_branch_datetime_operator', 'example_branch_datetime_operator_3', 'example_branch_datetime_operator_2' retrieved from /home/airflow/.local/lib/python3.12/site-packages/airflow/example_dags/example_branch_datetime_operator.py
[2026-05-07T21:53:03.929+0000] {logging_mixin.py:188} INFO - [2026-05-07T21:53:03.929+0000] {dag.py:3096} INFO - Sync 3 DAGs
[2026-05-07T21:53:03.962+0000] {logging_mixin.py:188} INFO - [2026-05-07T21:53:03.961+0000] {dag.py:3954} INFO - Setting next_dagrun for example_branch_datetime_operator to 2026-05-06 00:00:00+00:00, run_after=2026-05-07 00:00:00+00:00
[2026-05-07T21:53:03.969+0000] {logging_mixin.py:188} INFO - [2026-05-07T21:53:03.969+0000] {dag.py:3954} INFO - Setting next_dagrun for example_branch_datetime_operator_2 to 2026-05-06 00:00:00+00:00, run_after=2026-05-07 00:00:00+00:00
[2026-05-07T21:53:03.972+0000] {logging_mixin.py:188} INFO - [2026-05-07T21:53:03.972+0000] {dag.py:3954} INFO - Setting next_dagrun for example_branch_datetime_operator_3 to 2026-05-06 00:00:00+00:00, run_after=2026-05-07 00:00:00+00:00
[2026-05-07T21:53:03.993+0000] {processor.py:183} INFO - Processing /home/airflow/.local/lib/python3.12/site-packages/airflow/example_dags/example_branch_datetime_operator.py took 0.123 seconds
[2026-05-07T21:53:34.161+0000] {processor.py:161} INFO - Started process (PID=11107) to work on /home/airflow/.local/lib/python3.12/site-packages/airflow/example_dags/example_branch_datetime_operator.py
[2026-05-07T21:53:34.162+0000] {processor.py:830} INFO - Processing file /home/airflow/.local/lib/python3.12/site-packages/airflow/example_dags/example_branch_datetime_operator.py for tasks to queue
[2026-05-07T21:53:34.165+0000] {logging_mixin.py:188} INFO - [2026-05-07T21:53:34.165+0000] {dagbag.py:545} INFO - Filling up the DagBag from /home/airflow/.local/lib/python3.12/site-packages/airflow/example_dags/example_branch_datetime_operator.py
[2026-05-07T21:53:34.175+0000] {processor.py:840} INFO - DAG(s) 'example_branch_datetime_operator_2', 'example_branch_datetime_operator_3', 'example_branch_datetime_operator' retrieved from /home/airflow/.local/lib/python3.12/site-packages/airflow/example_dags/example_branch_datetime_operator.py
[2026-05-07T21:53:34.206+0000] {logging_mixin.py:188} INFO - [2026-05-07T21:53:34.206+0000] {dag.py:3096} INFO - Sync 3 DAGs
[2026-05-07T21:53:34.227+0000] {logging_mixin.py:188} INFO - [2026-05-07T21:53:34.227+0000] {dag.py:3954} INFO - Setting next_dagrun for example_branch_datetime_operator to 2026-05-06 00:00:00+00:00, run_after=2026-05-07 00:00:00+00:00
[2026-05-07T21:53:34.232+0000] {logging_mixin.py:188} INFO - [2026-05-07T21:53:34.232+0000] {dag.py:3954} INFO - Setting next_dagrun for example_branch_datetime_operator_2 to 2026-05-06 00:00:00+00:00, run_after=2026-05-07 00:00:00+00:00
[2026-05-07T21:53:34.235+0000] {logging_mixin.py:188} INFO - [2026-05-07T21:53:34.235+0000] {dag.py:3954} INFO - Setting next_dagrun for example_branch_datetime_operator_3 to 2026-05-06 00:00:00+00:00, run_after=2026-05-07 00:00:00+00:00
[2026-05-07T21:53:34.255+0000] {processor.py:183} INFO - Processing /home/airflow/.local/lib/python3.12/site-packages/airflow/example_dags/example_branch_datetime_operator.py took 0.103 seconds
[2026-05-07T21:54:04.569+0000] {processor.py:161} INFO - Started process (PID=11164) to work on /home/airflow/.local/lib/python3.12/site-packages/airflow/example_dags/example_branch_datetime_operator.py
[2026-05-07T21:54:04.570+0000] {processor.py:830} INFO - Processing file /home/airflow/.local/lib/python3.12/site-packages/airflow/example_dags/example_branch_datetime_operator.py for tasks to queue
[2026-05-07T21:54:04.573+0000] {logging_mixin.py:188} INFO - [2026-05-07T21:54:04.573+0000] {dagbag.py:545} INFO - Filling up the DagBag from /home/airflow/.local/lib/python3.12/site-packages/airflow/example_dags/example_branch_datetime_operator.py
[2026-05-07T21:54:04.583+0000] {processor.py:840} INFO - DAG(s) 'example_branch_datetime_operator_2', 'example_branch_datetime_operator', 'example_branch_datetime_operator_3' retrieved from /home/airflow/.local/lib/python3.12/site-packages/airflow/example_dags/example_branch_datetime_operator.py
[2026-05-07T21:54:04.614+0000] {logging_mixin.py:188} INFO - [2026-05-07T21:54:04.614+0000] {dag.py:3096} INFO - Sync 3 DAGs
[2026-05-07T21:54:04.637+0000] {logging_mixin.py:188} INFO - [2026-05-07T21:54:04.637+0000] {dag.py:3954} INFO - Setting next_dagrun for example_branch_datetime_operator to 2026-05-06 00:00:00+00:00, run_after=2026-05-07 00:00:00+00:00
[2026-05-07T21:54:04.643+0000] {logging_mixin.py:188} INFO - [2026-05-07T21:54:04.642+0000] {dag.py:3954} INFO - Setting next_dagrun for example_branch_datetime_operator_2 to 2026-05-06 00:00:00+00:00, run_after=2026-05-07 00:00:00+00:00
[2026-05-07T21:54:04.647+0000] {logging_mixin.py:188} INFO - [2026-05-07T21:54:04.646+0000] {dag.py:3954} INFO - Setting next_dagrun for example_branch_datetime_operator_3 to 2026-05-06 00:00:00+00:00, run_after=2026-05-07 00:00:00+00:00
[2026-05-07T21:54:04.669+0000] {processor.py:183} INFO - Processing /home/airflow/.local/lib/python3.12/site-packages/airflow/example_dags/example_branch_datetime_operator.py took 0.105 seconds
[2026-05-07T21:54:34.868+0000] {processor.py:161} INFO - Started process (PID=11222) to work on /home/airflow/.local/lib/python3.12/site-packages/airflow/example_dags/example_branch_datetime_operator.py
[2026-05-07T21:54:34.869+0000] {processor.py:830} INFO - Processing file /home/airflow/.local/lib/python3.12/site-packages/airflow/example_dags/example_branch_datetime_operator.py for tasks to queue
[2026-05-07T21:54:34.871+0000] {logging_mixin.py:188} INFO - [2026-05-07T21:54:34.871+0000] {dagbag.py:545} INFO - Filling up the DagBag from /home/airflow/.local/lib/python3.12/site-packages/airflow/example_dags/example_branch_datetime_operator.py
[2026-05-07T21:54:34.879+0000] {processor.py:840} INFO - DAG(s) 'example_branch_datetime_operator', 'example_branch_datetime_operator_3', 'example_branch_datetime_operator_2' retrieved from /home/airflow/.local/lib/python3.12/site-packages/airflow/example_dags/example_branch_datetime_operator.py
[2026-05-07T21:54:34.906+0000] {logging_mixin.py:188} INFO - [2026-05-07T21:54:34.905+0000] {dag.py:3096} INFO - Sync 3 DAGs
[2026-05-07T21:54:34.927+0000] {logging_mixin.py:188} INFO - [2026-05-07T21:54:34.927+0000] {dag.py:3954} INFO - Setting next_dagrun for example_branch_datetime_operator to 2026-05-06 00:00:00+00:00, run_after=2026-05-07 00:00:00+00:00
[2026-05-07T21:54:34.933+0000] {logging_mixin.py:188} INFO - [2026-05-07T21:54:34.933+0000] {dag.py:3954} INFO - Setting next_dagrun for example_branch_datetime_operator_2 to 2026-05-06 00:00:00+00:00, run_after=2026-05-07 00:00:00+00:00
[2026-05-07T21:54:34.936+0000] {logging_mixin.py:188} INFO - [2026-05-07T21:54:34.936+0000] {dag.py:3954} INFO - Setting next_dagrun for example_branch_datetime_operator_3 to 2026-05-06 00:00:00+00:00, run_after=2026-05-07 00:00:00+00:00
[2026-05-07T21:54:34.957+0000] {processor.py:183} INFO - Processing /home/airflow/.local/lib/python3.12/site-packages/airflow/example_dags/example_branch_datetime_operator.py took 0.094 seconds
[2026-05-07T21:55:05.092+0000] {processor.py:161} INFO - Started process (PID=11280) to work on /home/airflow/.local/lib/python3.12/site-packages/airflow/example_dags/example_branch_datetime_operator.py
[2026-05-07T21:55:05.093+0000] {processor.py:830} INFO - Processing file /home/airflow/.local/lib/python3.12/site-packages/airflow/example_dags/example_branch_datetime_operator.py for tasks to queue
[2026-05-07T21:55:05.097+0000] {logging_mixin.py:188} INFO - [2026-05-07T21:55:05.097+0000] {dagbag.py:545} INFO - Filling up the DagBag from /home/airflow/.local/lib/python3.12/site-packages/airflow/example_dags/example_branch_datetime_operator.py
[2026-05-07T21:55:05.109+0000] {processor.py:840} INFO - DAG(s) 'example_branch_datetime_operator_2', 'example_branch_datetime_operator', 'example_branch_datetime_operator_3' retrieved from /home/airflow/.local/lib/python3.12/site-packages/airflow/example_dags/example_branch_datetime_operator.py
[2026-05-07T21:55:05.134+0000] {logging_mixin.py:188} INFO - [2026-05-07T21:55:05.134+0000] {dag.py:3096} INFO - Sync 3 DAGs
[2026-05-07T21:55:05.157+0000] {logging_mixin.py:188} INFO - [2026-05-07T21:55:05.157+0000] {dag.py:3954} INFO - Setting next_dagrun for example_branch_datetime_operator to 2026-05-06 00:00:00+00:00, run_after=2026-05-07 00:00:00+00:00
[2026-05-07T21:55:05.162+0000] {logging_mixin.py:188} INFO - [2026-05-07T21:55:05.161+0000] {dag.py:3954} INFO - Setting next_dagrun for example_branch_datetime_operator_2 to 2026-05-06 00:00:00+00:00, run_after=2026-05-07 00:00:00+00:00
[2026-05-07T21:55:05.164+0000] {logging_mixin.py:188} INFO - [2026-05-07T21:55:05.164+0000] {dag.py:3954} INFO - Setting next_dagrun for example_branch_datetime_operator_3 to 2026-05-06 00:00:00+00:00, run_after=2026-05-07 00:00:00+00:00
[2026-05-07T21:55:05.181+0000] {processor.py:183} INFO - Processing /home/airflow/.local/lib/python3.12/site-packages/airflow/example_dags/example_branch_datetime_operator.py took 0.095 seconds
[2026-05-07T21:55:35.358+0000] {processor.py:161} INFO - Started process (PID=11338) to work on /home/airflow/.local/lib/python3.12/site-packages/airflow/example_dags/example_branch_datetime_operator.py
[2026-05-07T21:55:35.360+0000] {processor.py:830} INFO - Processing file /home/airflow/.local/lib/python3.12/site-packages/airflow/example_dags/example_branch_datetime_operator.py for tasks to queue
[2026-05-07T21:55:35.363+0000] {logging_mixin.py:188} INFO - [2026-05-07T21:55:35.362+0000] {dagbag.py:545} INFO - Filling up the DagBag from /home/airflow/.local/lib/python3.12/site-packages/airflow/example_dags/example_branch_datetime_operator.py
[2026-05-07T21:55:35.372+0000] {processor.py:840} INFO - DAG(s) 'example_branch_datetime_operator_3', 'example_branch_datetime_operator', 'example_branch_datetime_operator_2' retrieved from /home/airflow/.local/lib/python3.12/site-packages/airflow/example_dags/example_branch_datetime_operator.py
[2026-05-07T21:55:35.400+0000] {logging_mixin.py:188} INFO - [2026-05-07T21:55:35.400+0000] {dag.py:3096} INFO - Sync 3 DAGs
[2026-05-07T21:55:35.424+0000] {logging_mixin.py:188} INFO - [2026-05-07T21:55:35.424+0000] {dag.py:3954} INFO - Setting next_dagrun for example_branch_datetime_operator to 2026-05-06 00:00:00+00:00, run_after=2026-05-07 00:00:00+00:00
[2026-05-07T21:55:35.430+0000] {logging_mixin.py:188} INFO - [2026-05-07T21:55:35.430+0000] {dag.py:3954} INFO - Setting next_dagrun for example_branch_datetime_operator_2 to 2026-05-06 00:00:00+00:00, run_after=2026-05-07 00:00:00+00:00
[2026-05-07T21:55:35.433+0000] {logging_mixin.py:188} INFO - [2026-05-07T21:55:35.433+0000] {dag.py:3954} INFO - Setting next_dagrun for example_branch_datetime_operator_3 to 2026-05-06 00:00:00+00:00, run_after=2026-05-07 00:00:00+00:00
[2026-05-07T21:55:35.455+0000] {processor.py:183} INFO - Processing /home/airflow/.local/lib/python3.12/site-packages/airflow/example_dags/example_branch_datetime_operator.py took 0.102 seconds
[2026-05-07T21:56:05.565+0000] {processor.py:161} INFO - Started process (PID=11396) to work on /home/airflow/.local/lib/python3.12/site-packages/airflow/example_dags/example_branch_datetime_operator.py
[2026-05-07T21:56:05.566+0000] {processor.py:830} INFO - Processing file /home/airflow/.local/lib/python3.12/site-packages/airflow/example_dags/example_branch_datetime_operator.py for tasks to queue
[2026-05-07T21:56:05.570+0000] {logging_mixin.py:188} INFO - [2026-05-07T21:56:05.569+0000] {dagbag.py:545} INFO - Filling up the DagBag from /home/airflow/.local/lib/python3.12/site-packages/airflow/example_dags/example_branch_datetime_operator.py
[2026-05-07T21:56:05.579+0000] {processor.py:840} INFO - DAG(s) 'example_branch_datetime_operator_3', 'example_branch_datetime_operator_2', 'example_branch_datetime_operator' retrieved from /home/airflow/.local/lib/python3.12/site-packages/airflow/example_dags/example_branch_datetime_operator.py
[2026-05-07T21:56:05.611+0000] {logging_mixin.py:188} INFO - [2026-05-07T21:56:05.611+0000] {dag.py:3096} INFO - Sync 3 DAGs
[2026-05-07T21:56:05.636+0000] {logging_mixin.py:188} INFO - [2026-05-07T21:56:05.636+0000] {dag.py:3954} INFO - Setting next_dagrun for example_branch_datetime_operator to 2026-05-06 00:00:00+00:00, run_after=2026-05-07 00:00:00+00:00
[2026-05-07T21:56:05.641+0000] {logging_mixin.py:188} INFO - [2026-05-07T21:56:05.641+0000] {dag.py:3954} INFO - Setting next_dagrun for example_branch_datetime_operator_2 to 2026-05-06 00:00:00+00:00, run_after=2026-05-07 00:00:00+00:00
[2026-05-07T21:56:05.644+0000] {logging_mixin.py:188} INFO - [2026-05-07T21:56:05.644+0000] {dag.py:3954} INFO - Setting next_dagrun for example_branch_datetime_operator_3 to 2026-05-06 00:00:00+00:00, run_after=2026-05-07 00:00:00+00:00
[2026-05-07T21:56:05.670+0000] {processor.py:183} INFO - Processing /home/airflow/.local/lib/python3.12/site-packages/airflow/example_dags/example_branch_datetime_operator.py took 0.113 seconds
[2026-05-07T21:56:35.721+0000] {processor.py:161} INFO - Started process (PID=11454) to work on /home/airflow/.local/lib/python3.12/site-packages/airflow/example_dags/example_branch_datetime_operator.py
[2026-05-07T21:56:35.723+0000] {processor.py:830} INFO - Processing file /home/airflow/.local/lib/python3.12/site-packages/airflow/example_dags/example_branch_datetime_operator.py for tasks to queue
[2026-05-07T21:56:35.726+0000] {logging_mixin.py:188} INFO - [2026-05-07T21:56:35.725+0000] {dagbag.py:545} INFO - Filling up the DagBag from /home/airflow/.local/lib/python3.12/site-packages/airflow/example_dags/example_branch_datetime_operator.py
[2026-05-07T21:56:35.736+0000] {processor.py:840} INFO - DAG(s) 'example_branch_datetime_operator_3', 'example_branch_datetime_operator_2', 'example_branch_datetime_operator' retrieved from /home/airflow/.local/lib/python3.12/site-packages/airflow/example_dags/example_branch_datetime_operator.py
[2026-05-07T21:56:35.765+0000] {logging_mixin.py:188} INFO - [2026-05-07T21:56:35.764+0000] {dag.py:3096} INFO - Sync 3 DAGs
[2026-05-07T21:56:35.790+0000] {logging_mixin.py:188} INFO - [2026-05-07T21:56:35.790+0000] {dag.py:3954} INFO - Setting next_dagrun for example_branch_datetime_operator to 2026-05-06 00:00:00+00:00, run_after=2026-05-07 00:00:00+00:00
[2026-05-07T21:56:35.795+0000] {logging_mixin.py:188} INFO - [2026-05-07T21:56:35.794+0000] {dag.py:3954} INFO - Setting next_dagrun for example_branch_datetime_operator_2 to 2026-05-06 00:00:00+00:00, run_after=2026-05-07 00:00:00+00:00
[2026-05-07T21:56:35.797+0000] {logging_mixin.py:188} INFO - [2026-05-07T21:56:35.797+0000] {dag.py:3954} INFO - Setting next_dagrun for example_branch_datetime_operator_3 to 2026-05-06 00:00:00+00:00, run_after=2026-05-07 00:00:00+00:00
[2026-05-07T21:56:35.816+0000] {processor.py:183} INFO - Processing /home/airflow/.local/lib/python3.12/site-packages/airflow/example_dags/example_branch_datetime_operator.py took 0.102 seconds
[2026-05-07T21:57:05.964+0000] {processor.py:161} INFO - Started process (PID=11512) to work on /home/airflow/.local/lib/python3.12/site-packages/airflow/example_dags/example_branch_datetime_operator.py
[2026-05-07T21:57:05.966+0000] {processor.py:830} INFO - Processing file /home/airflow/.local/lib/python3.12/site-packages/airflow/example_dags/example_branch_datetime_operator.py for tasks to queue
[2026-05-07T21:57:05.969+0000] {logging_mixin.py:188} INFO - [2026-05-07T21:57:05.969+0000] {dagbag.py:545} INFO - Filling up the DagBag from /home/airflow/.local/lib/python3.12/site-packages/airflow/example_dags/example_branch_datetime_operator.py
[2026-05-07T21:57:05.981+0000] {processor.py:840} INFO - DAG(s) 'example_branch_datetime_operator', 'example_branch_datetime_operator_2', 'example_branch_datetime_operator_3' retrieved from /home/airflow/.local/lib/python3.12/site-packages/airflow/example_dags/example_branch_datetime_operator.py
[2026-05-07T21:57:06.019+0000] {logging_mixin.py:188} INFO - [2026-05-07T21:57:06.019+0000] {dag.py:3096} INFO - Sync 3 DAGs
[2026-05-07T21:57:06.051+0000] {logging_mixin.py:188} INFO - [2026-05-07T21:57:06.051+0000] {dag.py:3954} INFO - Setting next_dagrun for example_branch_datetime_operator to 2026-05-06 00:00:00+00:00, run_after=2026-05-07 00:00:00+00:00
[2026-05-07T21:57:06.059+0000] {logging_mixin.py:188} INFO - [2026-05-07T21:57:06.058+0000] {dag.py:3954} INFO - Setting next_dagrun for example_branch_datetime_operator_2 to 2026-05-06 00:00:00+00:00, run_after=2026-05-07 00:00:00+00:00
[2026-05-07T21:57:06.063+0000] {logging_mixin.py:188} INFO - [2026-05-07T21:57:06.063+0000] {dag.py:3954} INFO - Setting next_dagrun for example_branch_datetime_operator_3 to 2026-05-06 00:00:00+00:00, run_after=2026-05-07 00:00:00+00:00
[2026-05-07T21:57:06.098+0000] {processor.py:183} INFO - Processing /home/airflow/.local/lib/python3.12/site-packages/airflow/example_dags/example_branch_datetime_operator.py took 0.141 seconds
[2026-05-07T21:57:36.189+0000] {processor.py:161} INFO - Started process (PID=11569) to work on /home/airflow/.local/lib/python3.12/site-packages/airflow/example_dags/example_branch_datetime_operator.py
[2026-05-07T21:57:36.190+0000] {processor.py:830} INFO - Processing file /home/airflow/.local/lib/python3.12/site-packages/airflow/example_dags/example_branch_datetime_operator.py for tasks to queue
[2026-05-07T21:57:36.193+0000] {logging_mixin.py:188} INFO - [2026-05-07T21:57:36.192+0000] {dagbag.py:545} INFO - Filling up the DagBag from /home/airflow/.local/lib/python3.12/site-packages/airflow/example_dags/example_branch_datetime_operator.py
[2026-05-07T21:57:36.203+0000] {processor.py:840} INFO - DAG(s) 'example_branch_datetime_operator', 'example_branch_datetime_operator_2', 'example_branch_datetime_operator_3' retrieved from /home/airflow/.local/lib/python3.12/site-packages/airflow/example_dags/example_branch_datetime_operator.py
[2026-05-07T21:57:36.231+0000] {logging_mixin.py:188} INFO - [2026-05-07T21:57:36.230+0000] {dag.py:3096} INFO - Sync 3 DAGs
[2026-05-07T21:57:36.253+0000] {logging_mixin.py:188} INFO - [2026-05-07T21:57:36.253+0000] {dag.py:3954} INFO - Setting next_dagrun for example_branch_datetime_operator to 2026-05-06 00:00:00+00:00, run_after=2026-05-07 00:00:00+00:00
[2026-05-07T21:57:36.258+0000] {logging_mixin.py:188} INFO - [2026-05-07T21:57:36.258+0000] {dag.py:3954} INFO - Setting next_dagrun for example_branch_datetime_operator_2 to 2026-05-06 00:00:00+00:00, run_after=2026-05-07 00:00:00+00:00
[2026-05-07T21:57:36.262+0000] {logging_mixin.py:188} INFO - [2026-05-07T21:57:36.261+0000] {dag.py:3954} INFO - Setting next_dagrun for example_branch_datetime_operator_3 to 2026-05-06 00:00:00+00:00, run_after=2026-05-07 00:00:00+00:00
[2026-05-07T21:57:36.285+0000] {processor.py:183} INFO - Processing /home/airflow/.local/lib/python3.12/site-packages/airflow/example_dags/example_branch_datetime_operator.py took 0.102 seconds
[2026-05-07T21:58:06.401+0000] {processor.py:161} INFO - Started process (PID=11627) to work on /home/airflow/.local/lib/python3.12/site-packages/airflow/example_dags/example_branch_datetime_operator.py
[2026-05-07T21:58:06.402+0000] {processor.py:830} INFO - Processing file /home/airflow/.local/lib/python3.12/site-packages/airflow/example_dags/example_branch_datetime_operator.py for tasks to queue
[2026-05-07T21:58:06.406+0000] {logging_mixin.py:188} INFO - [2026-05-07T21:58:06.406+0000] {dagbag.py:545} INFO - Filling up the DagBag from /home/airflow/.local/lib/python3.12/site-packages/airflow/example_dags/example_branch_datetime_operator.py
[2026-05-07T21:58:06.415+0000] {processor.py:840} INFO - DAG(s) 'example_branch_datetime_operator_2', 'example_branch_datetime_operator_3', 'example_branch_datetime_operator' retrieved from /home/airflow/.local/lib/python3.12/site-packages/airflow/example_dags/example_branch_datetime_operator.py
[2026-05-07T21:58:06.444+0000] {logging_mixin.py:188} INFO - [2026-05-07T21:58:06.444+0000] {dag.py:3096} INFO - Sync 3 DAGs
[2026-05-07T21:58:06.465+0000] {logging_mixin.py:188} INFO - [2026-05-07T21:58:06.465+0000] {dag.py:3954} INFO - Setting next_dagrun for example_branch_datetime_operator to 2026-05-06 00:00:00+00:00, run_after=2026-05-07 00:00:00+00:00
[2026-05-07T21:58:06.473+0000] {logging_mixin.py:188} INFO - [2026-05-07T21:58:06.473+0000] {dag.py:3954} INFO - Setting next_dagrun for example_branch_datetime_operator_2 to 2026-05-06 00:00:00+00:00, run_after=2026-05-07 00:00:00+00:00
[2026-05-07T21:58:06.476+0000] {logging_mixin.py:188} INFO - [2026-05-07T21:58:06.476+0000] {dag.py:3954} INFO - Setting next_dagrun for example_branch_datetime_operator_3 to 2026-05-06 00:00:00+00:00, run_after=2026-05-07 00:00:00+00:00
[2026-05-07T21:58:06.503+0000] {processor.py:183} INFO - Processing /home/airflow/.local/lib/python3.12/site-packages/airflow/example_dags/example_branch_datetime_operator.py took 0.108 seconds
[2026-05-07T21:58:36.693+0000] {processor.py:161} INFO - Started process (PID=11685) to work on /home/airflow/.local/lib/python3.12/site-packages/airflow/example_dags/example_branch_datetime_operator.py
[2026-05-07T21:58:36.695+0000] {processor.py:830} INFO - Processing file /home/airflow/.local/lib/python3.12/site-packages/airflow/example_dags/example_branch_datetime_operator.py for tasks to queue
[2026-05-07T21:58:36.697+0000] {logging_mixin.py:188} INFO - [2026-05-07T21:58:36.697+0000] {dagbag.py:545} INFO - Filling up the DagBag from /home/airflow/.local/lib/python3.12/site-packages/airflow/example_dags/example_branch_datetime_operator.py
[2026-05-07T21:58:36.705+0000] {processor.py:840} INFO - DAG(s) 'example_branch_datetime_operator_3', 'example_branch_datetime_operator_2', 'example_branch_datetime_operator' retrieved from /home/airflow/.local/lib/python3.12/site-packages/airflow/example_dags/example_branch_datetime_operator.py
[2026-05-07T21:58:36.732+0000] {logging_mixin.py:188} INFO - [2026-05-07T21:58:36.732+0000] {dag.py:3096} INFO - Sync 3 DAGs
[2026-05-07T21:58:36.753+0000] {logging_mixin.py:188} INFO - [2026-05-07T21:58:36.752+0000] {dag.py:3954} INFO - Setting next_dagrun for example_branch_datetime_operator to 2026-05-06 00:00:00+00:00, run_after=2026-05-07 00:00:00+00:00
[2026-05-07T21:58:36.759+0000] {logging_mixin.py:188} INFO - [2026-05-07T21:58:36.758+0000] {dag.py:3954} INFO - Setting next_dagrun for example_branch_datetime_operator_2 to 2026-05-06 00:00:00+00:00, run_after=2026-05-07 00:00:00+00:00
[2026-05-07T21:58:36.762+0000] {logging_mixin.py:188} INFO - [2026-05-07T21:58:36.761+0000] {dag.py:3954} INFO - Setting next_dagrun for example_branch_datetime_operator_3 to 2026-05-06 00:00:00+00:00, run_after=2026-05-07 00:00:00+00:00
[2026-05-07T21:58:36.782+0000] {processor.py:183} INFO - Processing /home/airflow/.local/lib/python3.12/site-packages/airflow/example_dags/example_branch_datetime_operator.py took 0.096 seconds
[2026-05-07T21:59:07.061+0000] {processor.py:161} INFO - Started process (PID=11743) to work on /home/airflow/.local/lib/python3.12/site-packages/airflow/example_dags/example_branch_datetime_operator.py
[2026-05-07T21:59:07.063+0000] {processor.py:830} INFO - Processing file /home/airflow/.local/lib/python3.12/site-packages/airflow/example_dags/example_branch_datetime_operator.py for tasks to queue
[2026-05-07T21:59:07.066+0000] {logging_mixin.py:188} INFO - [2026-05-07T21:59:07.065+0000] {dagbag.py:545} INFO - Filling up the DagBag from /home/airflow/.local/lib/python3.12/site-packages/airflow/example_dags/example_branch_datetime_operator.py
[2026-05-07T21:59:07.076+0000] {processor.py:840} INFO - DAG(s) 'example_branch_datetime_operator_3', 'example_branch_datetime_operator_2', 'example_branch_datetime_operator' retrieved from /home/airflow/.local/lib/python3.12/site-packages/airflow/example_dags/example_branch_datetime_operator.py
[2026-05-07T21:59:07.107+0000] {logging_mixin.py:188} INFO - [2026-05-07T21:59:07.107+0000] {dag.py:3096} INFO - Sync 3 DAGs
[2026-05-07T21:59:07.133+0000] {logging_mixin.py:188} INFO - [2026-05-07T21:59:07.133+0000] {dag.py:3954} INFO - Setting next_dagrun for example_branch_datetime_operator to 2026-05-06 00:00:00+00:00, run_after=2026-05-07 00:00:00+00:00
[2026-05-07T21:59:07.138+0000] {logging_mixin.py:188} INFO - [2026-05-07T21:59:07.138+0000] {dag.py:3954} INFO - Setting next_dagrun for example_branch_datetime_operator_2 to 2026-05-06 00:00:00+00:00, run_after=2026-05-07 00:00:00+00:00
[2026-05-07T21:59:07.142+0000] {logging_mixin.py:188} INFO - [2026-05-07T21:59:07.141+0000] {dag.py:3954} INFO - Setting next_dagrun for example_branch_datetime_operator_3 to 2026-05-06 00:00:00+00:00, run_after=2026-05-07 00:00:00+00:00
[2026-05-07T21:59:07.167+0000] {processor.py:183} INFO - Processing /home/airflow/.local/lib/python3.12/site-packages/airflow/example_dags/example_branch_datetime_operator.py took 0.111 seconds
[2026-05-07T21:59:37.406+0000] {processor.py:161} INFO - Started process (PID=11801) to work on /home/airflow/.local/lib/python3.12/site-packages/airflow/example_dags/example_branch_datetime_operator.py
[2026-05-07T21:59:37.407+0000] {processor.py:830} INFO - Processing file /home/airflow/.local/lib/python3.12/site-packages/airflow/example_dags/example_branch_datetime_operator.py for tasks to queue
[2026-05-07T21:59:37.409+0000] {logging_mixin.py:188} INFO - [2026-05-07T21:59:37.409+0000] {dagbag.py:545} INFO - Filling up the DagBag from /home/airflow/.local/lib/python3.12/site-packages/airflow/example_dags/example_branch_datetime_operator.py
[2026-05-07T21:59:37.418+0000] {processor.py:840} INFO - DAG(s) 'example_branch_datetime_operator_2', 'example_branch_datetime_operator', 'example_branch_datetime_operator_3' retrieved from /home/airflow/.local/lib/python3.12/site-packages/airflow/example_dags/example_branch_datetime_operator.py
[2026-05-07T21:59:37.445+0000] {logging_mixin.py:188} INFO - [2026-05-07T21:59:37.444+0000] {dag.py:3096} INFO - Sync 3 DAGs
[2026-05-07T21:59:37.467+0000] {logging_mixin.py:188} INFO - [2026-05-07T21:59:37.466+0000] {dag.py:3954} INFO - Setting next_dagrun for example_branch_datetime_operator to 2026-05-06 00:00:00+00:00, run_after=2026-05-07 00:00:00+00:00
[2026-05-07T21:59:37.472+0000] {logging_mixin.py:188} INFO - [2026-05-07T21:59:37.472+0000] {dag.py:3954} INFO - Setting next_dagrun for example_branch_datetime_operator_2 to 2026-05-06 00:00:00+00:00, run_after=2026-05-07 00:00:00+00:00
[2026-05-07T21:59:37.474+0000] {logging_mixin.py:188} INFO - [2026-05-07T21:59:37.474+0000] {dag.py:3954} INFO - Setting next_dagrun for example_branch_datetime_operator_3 to 2026-05-06 00:00:00+00:00, run_after=2026-05-07 00:00:00+00:00
[2026-05-07T21:59:37.493+0000] {processor.py:183} INFO - Processing /home/airflow/.local/lib/python3.12/site-packages/airflow/example_dags/example_branch_datetime_operator.py took 0.093 seconds
[2026-05-07T22:00:07.793+0000] {processor.py:161} INFO - Started process (PID=11859) to work on /home/airflow/.local/lib/python3.12/site-packages/airflow/example_dags/example_branch_datetime_operator.py
[2026-05-07T22:00:07.794+0000] {processor.py:830} INFO - Processing file /home/airflow/.local/lib/python3.12/site-packages/airflow/example_dags/example_branch_datetime_operator.py for tasks to queue
[2026-05-07T22:00:07.796+0000] {logging_mixin.py:188} INFO - [2026-05-07T22:00:07.796+0000] {dagbag.py:545} INFO - Filling up the DagBag from /home/airflow/.local/lib/python3.12/site-packages/airflow/example_dags/example_branch_datetime_operator.py
[2026-05-07T22:00:07.805+0000] {processor.py:840} INFO - DAG(s) 'example_branch_datetime_operator_3', 'example_branch_datetime_operator', 'example_branch_datetime_operator_2' retrieved from /home/airflow/.local/lib/python3.12/site-packages/airflow/example_dags/example_branch_datetime_operator.py
[2026-05-07T22:00:07.830+0000] {logging_mixin.py:188} INFO - [2026-05-07T22:00:07.830+0000] {dag.py:3096} INFO - Sync 3 DAGs
[2026-05-07T22:00:07.851+0000] {logging_mixin.py:188} INFO - [2026-05-07T22:00:07.851+0000] {dag.py:3954} INFO - Setting next_dagrun for example_branch_datetime_operator to 2026-05-06 00:00:00+00:00, run_after=2026-05-07 00:00:00+00:00
[2026-05-07T22:00:07.857+0000] {logging_mixin.py:188} INFO - [2026-05-07T22:00:07.857+0000] {dag.py:3954} INFO - Setting next_dagrun for example_branch_datetime_operator_2 to 2026-05-06 00:00:00+00:00, run_after=2026-05-07 00:00:00+00:00
[2026-05-07T22:00:07.860+0000] {logging_mixin.py:188} INFO - [2026-05-07T22:00:07.860+0000] {dag.py:3954} INFO - Setting next_dagrun for example_branch_datetime_operator_3 to 2026-05-06 00:00:00+00:00, run_after=2026-05-07 00:00:00+00:00
[2026-05-07T22:00:07.880+0000] {processor.py:183} INFO - Processing /home/airflow/.local/lib/python3.12/site-packages/airflow/example_dags/example_branch_datetime_operator.py took 0.092 seconds
[2026-05-07T22:00:38.035+0000] {processor.py:161} INFO - Started process (PID=11918) to work on /home/airflow/.local/lib/python3.12/site-packages/airflow/example_dags/example_branch_datetime_operator.py
[2026-05-07T22:00:38.036+0000] {processor.py:830} INFO - Processing file /home/airflow/.local/lib/python3.12/site-packages/airflow/example_dags/example_branch_datetime_operator.py for tasks to queue
[2026-05-07T22:00:38.039+0000] {logging_mixin.py:188} INFO - [2026-05-07T22:00:38.038+0000] {dagbag.py:545} INFO - Filling up the DagBag from /home/airflow/.local/lib/python3.12/site-packages/airflow/example_dags/example_branch_datetime_operator.py
[2026-05-07T22:00:38.049+0000] {processor.py:840} INFO - DAG(s) 'example_branch_datetime_operator_2', 'example_branch_datetime_operator_3', 'example_branch_datetime_operator' retrieved from /home/airflow/.local/lib/python3.12/site-packages/airflow/example_dags/example_branch_datetime_operator.py
[2026-05-07T22:00:38.081+0000] {logging_mixin.py:188} INFO - [2026-05-07T22:00:38.080+0000] {dag.py:3096} INFO - Sync 3 DAGs
[2026-05-07T22:00:38.106+0000] {logging_mixin.py:188} INFO - [2026-05-07T22:00:38.106+0000] {dag.py:3954} INFO - Setting next_dagrun for example_branch_datetime_operator to 2026-05-06 00:00:00+00:00, run_after=2026-05-07 00:00:00+00:00
[2026-05-07T22:00:38.113+0000] {logging_mixin.py:188} INFO - [2026-05-07T22:00:38.113+0000] {dag.py:3954} INFO - Setting next_dagrun for example_branch_datetime_operator_2 to 2026-05-06 00:00:00+00:00, run_after=2026-05-07 00:00:00+00:00
[2026-05-07T22:00:38.118+0000] {logging_mixin.py:188} INFO - [2026-05-07T22:00:38.117+0000] {dag.py:3954} INFO - Setting next_dagrun for example_branch_datetime_operator_3 to 2026-05-06 00:00:00+00:00, run_after=2026-05-07 00:00:00+00:00
[2026-05-07T22:00:38.142+0000] {processor.py:183} INFO - Processing /home/airflow/.local/lib/python3.12/site-packages/airflow/example_dags/example_branch_datetime_operator.py took 0.113 seconds
[2026-05-07T22:01:08.285+0000] {processor.py:161} INFO - Started process (PID=11976) to work on /home/airflow/.local/lib/python3.12/site-packages/airflow/example_dags/example_branch_datetime_operator.py
[2026-05-07T22:01:08.287+0000] {processor.py:830} INFO - Processing file /home/airflow/.local/lib/python3.12/site-packages/airflow/example_dags/example_branch_datetime_operator.py for tasks to queue
[2026-05-07T22:01:08.291+0000] {logging_mixin.py:188} INFO - [2026-05-07T22:01:08.291+0000] {dagbag.py:545} INFO - Filling up the DagBag from /home/airflow/.local/lib/python3.12/site-packages/airflow/example_dags/example_branch_datetime_operator.py
[2026-05-07T22:01:08.306+0000] {processor.py:840} INFO - DAG(s) 'example_branch_datetime_operator_3', 'example_branch_datetime_operator', 'example_branch_datetime_operator_2' retrieved from /home/airflow/.local/lib/python3.12/site-packages/airflow/example_dags/example_branch_datetime_operator.py
[2026-05-07T22:01:08.357+0000] {logging_mixin.py:188} INFO - [2026-05-07T22:01:08.356+0000] {dag.py:3096} INFO - Sync 3 DAGs
[2026-05-07T22:01:08.393+0000] {logging_mixin.py:188} INFO - [2026-05-07T22:01:08.393+0000] {dag.py:3954} INFO - Setting next_dagrun for example_branch_datetime_operator to 2026-05-06 00:00:00+00:00, run_after=2026-05-07 00:00:00+00:00
[2026-05-07T22:01:08.401+0000] {logging_mixin.py:188} INFO - [2026-05-07T22:01:08.401+0000] {dag.py:3954} INFO - Setting next_dagrun for example_branch_datetime_operator_2 to 2026-05-06 00:00:00+00:00, run_after=2026-05-07 00:00:00+00:00
[2026-05-07T22:01:08.405+0000] {logging_mixin.py:188} INFO - [2026-05-07T22:01:08.405+0000] {dag.py:3954} INFO - Setting next_dagrun for example_branch_datetime_operator_3 to 2026-05-06 00:00:00+00:00, run_after=2026-05-07 00:00:00+00:00
[2026-05-07T22:01:08.430+0000] {processor.py:183} INFO - Processing /home/airflow/.local/lib/python3.12/site-packages/airflow/example_dags/example_branch_datetime_operator.py took 0.154 seconds
[2026-05-07T22:01:38.798+0000] {processor.py:161} INFO - Started process (PID=12032) to work on /home/airflow/.local/lib/python3.12/site-packages/airflow/example_dags/example_branch_datetime_operator.py
[2026-05-07T22:01:38.800+0000] {processor.py:830} INFO - Processing file /home/airflow/.local/lib/python3.12/site-packages/airflow/example_dags/example_branch_datetime_operator.py for tasks to queue
[2026-05-07T22:01:38.802+0000] {logging_mixin.py:188} INFO - [2026-05-07T22:01:38.801+0000] {dagbag.py:545} INFO - Filling up the DagBag from /home/airflow/.local/lib/python3.12/site-packages/airflow/example_dags/example_branch_datetime_operator.py
[2026-05-07T22:01:38.811+0000] {processor.py:840} INFO - DAG(s) 'example_branch_datetime_operator', 'example_branch_datetime_operator_2', 'example_branch_datetime_operator_3' retrieved from /home/airflow/.local/lib/python3.12/site-packages/airflow/example_dags/example_branch_datetime_operator.py
[2026-05-07T22:01:38.843+0000] {logging_mixin.py:188} INFO - [2026-05-07T22:01:38.842+0000] {dag.py:3096} INFO - Sync 3 DAGs
[2026-05-07T22:01:38.867+0000] {logging_mixin.py:188} INFO - [2026-05-07T22:01:38.867+0000] {dag.py:3954} INFO - Setting next_dagrun for example_branch_datetime_operator to 2026-05-06 00:00:00+00:00, run_after=2026-05-07 00:00:00+00:00
[2026-05-07T22:01:38.872+0000] {logging_mixin.py:188} INFO - [2026-05-07T22:01:38.872+0000] {dag.py:3954} INFO - Setting next_dagrun for example_branch_datetime_operator_2 to 2026-05-06 00:00:00+00:00, run_after=2026-05-07 00:00:00+00:00
[2026-05-07T22:01:38.875+0000] {logging_mixin.py:188} INFO - [2026-05-07T22:01:38.875+0000] {dag.py:3954} INFO - Setting next_dagrun for example_branch_datetime_operator_3 to 2026-05-06 00:00:00+00:00, run_after=2026-05-07 00:00:00+00:00
[2026-05-07T22:01:38.900+0000] {processor.py:183} INFO - Processing /home/airflow/.local/lib/python3.12/site-packages/airflow/example_dags/example_branch_datetime_operator.py took 0.110 seconds
[2026-05-07T22:02:09.214+0000] {processor.py:161} INFO - Started process (PID=12090) to work on /home/airflow/.local/lib/python3.12/site-packages/airflow/example_dags/example_branch_datetime_operator.py
[2026-05-07T22:02:09.216+0000] {processor.py:830} INFO - Processing file /home/airflow/.local/lib/python3.12/site-packages/airflow/example_dags/example_branch_datetime_operator.py for tasks to queue
[2026-05-07T22:02:09.219+0000] {logging_mixin.py:188} INFO - [2026-05-07T22:02:09.219+0000] {dagbag.py:545} INFO - Filling up the DagBag from /home/airflow/.local/lib/python3.12/site-packages/airflow/example_dags/example_branch_datetime_operator.py
[2026-05-07T22:02:09.229+0000] {processor.py:840} INFO - DAG(s) 'example_branch_datetime_operator_3', 'example_branch_datetime_operator_2', 'example_branch_datetime_operator' retrieved from /home/airflow/.local/lib/python3.12/site-packages/airflow/example_dags/example_branch_datetime_operator.py
[2026-05-07T22:02:09.401+0000] {logging_mixin.py:188} INFO - [2026-05-07T22:02:09.401+0000] {dag.py:3096} INFO - Sync 3 DAGs
[2026-05-07T22:02:09.418+0000] {logging_mixin.py:188} INFO - [2026-05-07T22:02:09.418+0000] {dag.py:3954} INFO - Setting next_dagrun for example_branch_datetime_operator to 2026-05-06 00:00:00+00:00, run_after=2026-05-07 00:00:00+00:00
[2026-05-07T22:02:09.423+0000] {logging_mixin.py:188} INFO - [2026-05-07T22:02:09.422+0000] {dag.py:3954} INFO - Setting next_dagrun for example_branch_datetime_operator_2 to 2026-05-06 00:00:00+00:00, run_after=2026-05-07 00:00:00+00:00
[2026-05-07T22:02:09.426+0000] {logging_mixin.py:188} INFO - [2026-05-07T22:02:09.426+0000] {dag.py:3954} INFO - Setting next_dagrun for example_branch_datetime_operator_3 to 2026-05-06 00:00:00+00:00, run_after=2026-05-07 00:00:00+00:00
[2026-05-07T22:02:09.445+0000] {processor.py:183} INFO - Processing /home/airflow/.local/lib/python3.12/site-packages/airflow/example_dags/example_branch_datetime_operator.py took 0.236 seconds
[2026-05-07T22:02:39.537+0000] {processor.py:161} INFO - Started process (PID=12148) to work on /home/airflow/.local/lib/python3.12/site-packages/airflow/example_dags/example_branch_datetime_operator.py
[2026-05-07T22:02:39.538+0000] {processor.py:830} INFO - Processing file /home/airflow/.local/lib/python3.12/site-packages/airflow/example_dags/example_branch_datetime_operator.py for tasks to queue
[2026-05-07T22:02:39.540+0000] {logging_mixin.py:188} INFO - [2026-05-07T22:02:39.540+0000] {dagbag.py:545} INFO - Filling up the DagBag from /home/airflow/.local/lib/python3.12/site-packages/airflow/example_dags/example_branch_datetime_operator.py
[2026-05-07T22:02:39.553+0000] {processor.py:840} INFO - DAG(s) 'example_branch_datetime_operator_3', 'example_branch_datetime_operator_2', 'example_branch_datetime_operator' retrieved from /home/airflow/.local/lib/python3.12/site-packages/airflow/example_dags/example_branch_datetime_operator.py
[2026-05-07T22:02:39.583+0000] {logging_mixin.py:188} INFO - [2026-05-07T22:02:39.583+0000] {dag.py:3096} INFO - Sync 3 DAGs
[2026-05-07T22:02:39.609+0000] {logging_mixin.py:188} INFO - [2026-05-07T22:02:39.608+0000] {dag.py:3954} INFO - Setting next_dagrun for example_branch_datetime_operator to 2026-05-06 00:00:00+00:00, run_after=2026-05-07 00:00:00+00:00
[2026-05-07T22:02:39.614+0000] {logging_mixin.py:188} INFO - [2026-05-07T22:02:39.614+0000] {dag.py:3954} INFO - Setting next_dagrun for example_branch_datetime_operator_2 to 2026-05-06 00:00:00+00:00, run_after=2026-05-07 00:00:00+00:00
[2026-05-07T22:02:39.617+0000] {logging_mixin.py:188} INFO - [2026-05-07T22:02:39.616+0000] {dag.py:3954} INFO - Setting next_dagrun for example_branch_datetime_operator_3 to 2026-05-06 00:00:00+00:00, run_after=2026-05-07 00:00:00+00:00
[2026-05-07T22:02:39.637+0000] {processor.py:183} INFO - Processing /home/airflow/.local/lib/python3.12/site-packages/airflow/example_dags/example_branch_datetime_operator.py took 0.105 seconds
[2026-05-07T22:03:09.852+0000] {processor.py:161} INFO - Started process (PID=12206) to work on /home/airflow/.local/lib/python3.12/site-packages/airflow/example_dags/example_branch_datetime_operator.py
[2026-05-07T22:03:09.854+0000] {processor.py:830} INFO - Processing file /home/airflow/.local/lib/python3.12/site-packages/airflow/example_dags/example_branch_datetime_operator.py for tasks to queue
[2026-05-07T22:03:09.857+0000] {logging_mixin.py:188} INFO - [2026-05-07T22:03:09.856+0000] {dagbag.py:545} INFO - Filling up the DagBag from /home/airflow/.local/lib/python3.12/site-packages/airflow/example_dags/example_branch_datetime_operator.py
[2026-05-07T22:03:09.866+0000] {processor.py:840} INFO - DAG(s) 'example_branch_datetime_operator_3', 'example_branch_datetime_operator_2', 'example_branch_datetime_operator' retrieved from /home/airflow/.local/lib/python3.12/site-packages/airflow/example_dags/example_branch_datetime_operator.py
[2026-05-07T22:03:09.895+0000] {logging_mixin.py:188} INFO - [2026-05-07T22:03:09.895+0000] {dag.py:3096} INFO - Sync 3 DAGs
[2026-05-07T22:03:09.915+0000] {logging_mixin.py:188} INFO - [2026-05-07T22:03:09.915+0000] {dag.py:3954} INFO - Setting next_dagrun for example_branch_datetime_operator to 2026-05-06 00:00:00+00:00, run_after=2026-05-07 00:00:00+00:00
[2026-05-07T22:03:09.921+0000] {logging_mixin.py:188} INFO - [2026-05-07T22:03:09.921+0000] {dag.py:3954} INFO - Setting next_dagrun for example_branch_datetime_operator_2 to 2026-05-06 00:00:00+00:00, run_after=2026-05-07 00:00:00+00:00
[2026-05-07T22:03:09.924+0000] {logging_mixin.py:188} INFO - [2026-05-07T22:03:09.924+0000] {dag.py:3954} INFO - Setting next_dagrun for example_branch_datetime_operator_3 to 2026-05-06 00:00:00+00:00, run_after=2026-05-07 00:00:00+00:00
[2026-05-07T22:03:09.944+0000] {processor.py:183} INFO - Processing /home/airflow/.local/lib/python3.12/site-packages/airflow/example_dags/example_branch_datetime_operator.py took 0.098 seconds
[2026-05-07T22:03:40.020+0000] {processor.py:161} INFO - Started process (PID=12264) to work on /home/airflow/.local/lib/python3.12/site-packages/airflow/example_dags/example_branch_datetime_operator.py
[2026-05-07T22:03:40.021+0000] {processor.py:830} INFO - Processing file /home/airflow/.local/lib/python3.12/site-packages/airflow/example_dags/example_branch_datetime_operator.py for tasks to queue
[2026-05-07T22:03:40.023+0000] {logging_mixin.py:188} INFO - [2026-05-07T22:03:40.023+0000] {dagbag.py:545} INFO - Filling up the DagBag from /home/airflow/.local/lib/python3.12/site-packages/airflow/example_dags/example_branch_datetime_operator.py
[2026-05-07T22:03:40.033+0000] {processor.py:840} INFO - DAG(s) 'example_branch_datetime_operator_3', 'example_branch_datetime_operator', 'example_branch_datetime_operator_2' retrieved from /home/airflow/.local/lib/python3.12/site-packages/airflow/example_dags/example_branch_datetime_operator.py
[2026-05-07T22:03:40.062+0000] {logging_mixin.py:188} INFO - [2026-05-07T22:03:40.061+0000] {dag.py:3096} INFO - Sync 3 DAGs
[2026-05-07T22:03:40.084+0000] {logging_mixin.py:188} INFO - [2026-05-07T22:03:40.083+0000] {dag.py:3954} INFO - Setting next_dagrun for example_branch_datetime_operator to 2026-05-06 00:00:00+00:00, run_after=2026-05-07 00:00:00+00:00
[2026-05-07T22:03:40.090+0000] {logging_mixin.py:188} INFO - [2026-05-07T22:03:40.089+0000] {dag.py:3954} INFO - Setting next_dagrun for example_branch_datetime_operator_2 to 2026-05-06 00:00:00+00:00, run_after=2026-05-07 00:00:00+00:00
[2026-05-07T22:03:40.093+0000] {logging_mixin.py:188} INFO - [2026-05-07T22:03:40.093+0000] {dag.py:3954} INFO - Setting next_dagrun for example_branch_datetime_operator_3 to 2026-05-06 00:00:00+00:00, run_after=2026-05-07 00:00:00+00:00
[2026-05-07T22:03:40.114+0000] {processor.py:183} INFO - Processing /home/airflow/.local/lib/python3.12/site-packages/airflow/example_dags/example_branch_datetime_operator.py took 0.099 seconds
[2026-05-07T22:04:10.182+0000] {processor.py:161} INFO - Started process (PID=12322) to work on /home/airflow/.local/lib/python3.12/site-packages/airflow/example_dags/example_branch_datetime_operator.py
[2026-05-07T22:04:10.183+0000] {processor.py:830} INFO - Processing file /home/airflow/.local/lib/python3.12/site-packages/airflow/example_dags/example_branch_datetime_operator.py for tasks to queue
[2026-05-07T22:04:10.186+0000] {logging_mixin.py:188} INFO - [2026-05-07T22:04:10.185+0000] {dagbag.py:545} INFO - Filling up the DagBag from /home/airflow/.local/lib/python3.12/site-packages/airflow/example_dags/example_branch_datetime_operator.py
[2026-05-07T22:04:10.196+0000] {processor.py:840} INFO - DAG(s) 'example_branch_datetime_operator_3', 'example_branch_datetime_operator_2', 'example_branch_datetime_operator' retrieved from /home/airflow/.local/lib/python3.12/site-packages/airflow/example_dags/example_branch_datetime_operator.py
[2026-05-07T22:04:10.224+0000] {logging_mixin.py:188} INFO - [2026-05-07T22:04:10.224+0000] {dag.py:3096} INFO - Sync 3 DAGs
[2026-05-07T22:04:10.249+0000] {logging_mixin.py:188} INFO - [2026-05-07T22:04:10.249+0000] {dag.py:3954} INFO - Setting next_dagrun for example_branch_datetime_operator to 2026-05-06 00:00:00+00:00, run_after=2026-05-07 00:00:00+00:00
[2026-05-07T22:04:10.254+0000] {logging_mixin.py:188} INFO - [2026-05-07T22:04:10.253+0000] {dag.py:3954} INFO - Setting next_dagrun for example_branch_datetime_operator_2 to 2026-05-06 00:00:00+00:00, run_after=2026-05-07 00:00:00+00:00
[2026-05-07T22:04:10.256+0000] {logging_mixin.py:188} INFO - [2026-05-07T22:04:10.256+0000] {dag.py:3954} INFO - Setting next_dagrun for example_branch_datetime_operator_3 to 2026-05-06 00:00:00+00:00, run_after=2026-05-07 00:00:00+00:00
[2026-05-07T22:04:10.275+0000] {processor.py:183} INFO - Processing /home/airflow/.local/lib/python3.12/site-packages/airflow/example_dags/example_branch_datetime_operator.py took 0.098 seconds
[2026-05-07T22:04:40.345+0000] {processor.py:161} INFO - Started process (PID=12380) to work on /home/airflow/.local/lib/python3.12/site-packages/airflow/example_dags/example_branch_datetime_operator.py
[2026-05-07T22:04:40.347+0000] {processor.py:830} INFO - Processing file /home/airflow/.local/lib/python3.12/site-packages/airflow/example_dags/example_branch_datetime_operator.py for tasks to queue
[2026-05-07T22:04:40.349+0000] {logging_mixin.py:188} INFO - [2026-05-07T22:04:40.349+0000] {dagbag.py:545} INFO - Filling up the DagBag from /home/airflow/.local/lib/python3.12/site-packages/airflow/example_dags/example_branch_datetime_operator.py
[2026-05-07T22:04:40.359+0000] {processor.py:840} INFO - DAG(s) 'example_branch_datetime_operator', 'example_branch_datetime_operator_2', 'example_branch_datetime_operator_3' retrieved from /home/airflow/.local/lib/python3.12/site-packages/airflow/example_dags/example_branch_datetime_operator.py
[2026-05-07T22:04:40.387+0000] {logging_mixin.py:188} INFO - [2026-05-07T22:04:40.386+0000] {dag.py:3096} INFO - Sync 3 DAGs
[2026-05-07T22:04:40.409+0000] {logging_mixin.py:188} INFO - [2026-05-07T22:04:40.409+0000] {dag.py:3954} INFO - Setting next_dagrun for example_branch_datetime_operator to 2026-05-06 00:00:00+00:00, run_after=2026-05-07 00:00:00+00:00
[2026-05-07T22:04:40.414+0000] {logging_mixin.py:188} INFO - [2026-05-07T22:04:40.414+0000] {dag.py:3954} INFO - Setting next_dagrun for example_branch_datetime_operator_2 to 2026-05-06 00:00:00+00:00, run_after=2026-05-07 00:00:00+00:00
[2026-05-07T22:04:40.417+0000] {logging_mixin.py:188} INFO - [2026-05-07T22:04:40.417+0000] {dag.py:3954} INFO - Setting next_dagrun for example_branch_datetime_operator_3 to 2026-05-06 00:00:00+00:00, run_after=2026-05-07 00:00:00+00:00
[2026-05-07T22:04:40.439+0000] {processor.py:183} INFO - Processing /home/airflow/.local/lib/python3.12/site-packages/airflow/example_dags/example_branch_datetime_operator.py took 0.099 seconds
[2026-05-07T22:05:10.863+0000] {processor.py:161} INFO - Started process (PID=12438) to work on /home/airflow/.local/lib/python3.12/site-packages/airflow/example_dags/example_branch_datetime_operator.py
[2026-05-07T22:05:10.864+0000] {processor.py:830} INFO - Processing file /home/airflow/.local/lib/python3.12/site-packages/airflow/example_dags/example_branch_datetime_operator.py for tasks to queue
[2026-05-07T22:05:10.867+0000] {logging_mixin.py:188} INFO - [2026-05-07T22:05:10.866+0000] {dagbag.py:545} INFO - Filling up the DagBag from /home/airflow/.local/lib/python3.12/site-packages/airflow/example_dags/example_branch_datetime_operator.py
[2026-05-07T22:05:10.877+0000] {processor.py:840} INFO - DAG(s) 'example_branch_datetime_operator', 'example_branch_datetime_operator_2', 'example_branch_datetime_operator_3' retrieved from /home/airflow/.local/lib/python3.12/site-packages/airflow/example_dags/example_branch_datetime_operator.py
[2026-05-07T22:05:10.906+0000] {logging_mixin.py:188} INFO - [2026-05-07T22:05:10.906+0000] {dag.py:3096} INFO - Sync 3 DAGs
[2026-05-07T22:05:10.927+0000] {logging_mixin.py:188} INFO - [2026-05-07T22:05:10.927+0000] {dag.py:3954} INFO - Setting next_dagrun for example_branch_datetime_operator to 2026-05-06 00:00:00+00:00, run_after=2026-05-07 00:00:00+00:00
[2026-05-07T22:05:10.932+0000] {logging_mixin.py:188} INFO - [2026-05-07T22:05:10.932+0000] {dag.py:3954} INFO - Setting next_dagrun for example_branch_datetime_operator_2 to 2026-05-06 00:00:00+00:00, run_after=2026-05-07 00:00:00+00:00
[2026-05-07T22:05:10.934+0000] {logging_mixin.py:188} INFO - [2026-05-07T22:05:10.934+0000] {dag.py:3954} INFO - Setting next_dagrun for example_branch_datetime_operator_3 to 2026-05-06 00:00:00+00:00, run_after=2026-05-07 00:00:00+00:00
[2026-05-07T22:05:10.957+0000] {processor.py:183} INFO - Processing /home/airflow/.local/lib/python3.12/site-packages/airflow/example_dags/example_branch_datetime_operator.py took 0.099 seconds
[2026-05-07T22:05:41.006+0000] {processor.py:161} INFO - Started process (PID=12496) to work on /home/airflow/.local/lib/python3.12/site-packages/airflow/example_dags/example_branch_datetime_operator.py
[2026-05-07T22:05:41.007+0000] {processor.py:830} INFO - Processing file /home/airflow/.local/lib/python3.12/site-packages/airflow/example_dags/example_branch_datetime_operator.py for tasks to queue
[2026-05-07T22:05:41.011+0000] {logging_mixin.py:188} INFO - [2026-05-07T22:05:41.010+0000] {dagbag.py:545} INFO - Filling up the DagBag from /home/airflow/.local/lib/python3.12/site-packages/airflow/example_dags/example_branch_datetime_operator.py
[2026-05-07T22:05:41.023+0000] {processor.py:840} INFO - DAG(s) 'example_branch_datetime_operator_2', 'example_branch_datetime_operator_3', 'example_branch_datetime_operator' retrieved from /home/airflow/.local/lib/python3.12/site-packages/airflow/example_dags/example_branch_datetime_operator.py
[2026-05-07T22:05:41.057+0000] {logging_mixin.py:188} INFO - [2026-05-07T22:05:41.057+0000] {dag.py:3096} INFO - Sync 3 DAGs
[2026-05-07T22:05:41.086+0000] {logging_mixin.py:188} INFO - [2026-05-07T22:05:41.085+0000] {dag.py:3954} INFO - Setting next_dagrun for example_branch_datetime_operator to 2026-05-06 00:00:00+00:00, run_after=2026-05-07 00:00:00+00:00
[2026-05-07T22:05:41.091+0000] {logging_mixin.py:188} INFO - [2026-05-07T22:05:41.091+0000] {dag.py:3954} INFO - Setting next_dagrun for example_branch_datetime_operator_2 to 2026-05-06 00:00:00+00:00, run_after=2026-05-07 00:00:00+00:00
[2026-05-07T22:05:41.094+0000] {logging_mixin.py:188} INFO - [2026-05-07T22:05:41.094+0000] {dag.py:3954} INFO - Setting next_dagrun for example_branch_datetime_operator_3 to 2026-05-06 00:00:00+00:00, run_after=2026-05-07 00:00:00+00:00
[2026-05-07T22:05:41.117+0000] {processor.py:183} INFO - Processing /home/airflow/.local/lib/python3.12/site-packages/airflow/example_dags/example_branch_datetime_operator.py took 0.116 seconds
[2026-05-07T22:06:11.344+0000] {processor.py:161} INFO - Started process (PID=12554) to work on /home/airflow/.local/lib/python3.12/site-packages/airflow/example_dags/example_branch_datetime_operator.py
[2026-05-07T22:06:11.345+0000] {processor.py:830} INFO - Processing file /home/airflow/.local/lib/python3.12/site-packages/airflow/example_dags/example_branch_datetime_operator.py for tasks to queue
[2026-05-07T22:06:11.348+0000] {logging_mixin.py:188} INFO - [2026-05-07T22:06:11.348+0000] {dagbag.py:545} INFO - Filling up the DagBag from /home/airflow/.local/lib/python3.12/site-packages/airflow/example_dags/example_branch_datetime_operator.py
[2026-05-07T22:06:11.356+0000] {processor.py:840} INFO - DAG(s) 'example_branch_datetime_operator', 'example_branch_datetime_operator_2', 'example_branch_datetime_operator_3' retrieved from /home/airflow/.local/lib/python3.12/site-packages/airflow/example_dags/example_branch_datetime_operator.py
[2026-05-07T22:06:11.388+0000] {logging_mixin.py:188} INFO - [2026-05-07T22:06:11.388+0000] {dag.py:3096} INFO - Sync 3 DAGs
[2026-05-07T22:06:11.410+0000] {logging_mixin.py:188} INFO - [2026-05-07T22:06:11.410+0000] {dag.py:3954} INFO - Setting next_dagrun for example_branch_datetime_operator to 2026-05-06 00:00:00+00:00, run_after=2026-05-07 00:00:00+00:00
[2026-05-07T22:06:11.415+0000] {logging_mixin.py:188} INFO - [2026-05-07T22:06:11.415+0000] {dag.py:3954} INFO - Setting next_dagrun for example_branch_datetime_operator_2 to 2026-05-06 00:00:00+00:00, run_after=2026-05-07 00:00:00+00:00
[2026-05-07T22:06:11.419+0000] {logging_mixin.py:188} INFO - [2026-05-07T22:06:11.419+0000] {dag.py:3954} INFO - Setting next_dagrun for example_branch_datetime_operator_3 to 2026-05-06 00:00:00+00:00, run_after=2026-05-07 00:00:00+00:00
[2026-05-07T22:06:11.439+0000] {processor.py:183} INFO - Processing /home/airflow/.local/lib/python3.12/site-packages/airflow/example_dags/example_branch_datetime_operator.py took 0.100 seconds
[2026-05-07T22:06:42.015+0000] {processor.py:161} INFO - Started process (PID=12612) to work on /home/airflow/.local/lib/python3.12/site-packages/airflow/example_dags/example_branch_datetime_operator.py
[2026-05-07T22:06:42.016+0000] {processor.py:830} INFO - Processing file /home/airflow/.local/lib/python3.12/site-packages/airflow/example_dags/example_branch_datetime_operator.py for tasks to queue
[2026-05-07T22:06:42.019+0000] {logging_mixin.py:188} INFO - [2026-05-07T22:06:42.018+0000] {dagbag.py:545} INFO - Filling up the DagBag from /home/airflow/.local/lib/python3.12/site-packages/airflow/example_dags/example_branch_datetime_operator.py
[2026-05-07T22:06:42.028+0000] {processor.py:840} INFO - DAG(s) 'example_branch_datetime_operator_2', 'example_branch_datetime_operator_3', 'example_branch_datetime_operator' retrieved from /home/airflow/.local/lib/python3.12/site-packages/airflow/example_dags/example_branch_datetime_operator.py
[2026-05-07T22:06:42.057+0000] {logging_mixin.py:188} INFO - [2026-05-07T22:06:42.057+0000] {dag.py:3096} INFO - Sync 3 DAGs
[2026-05-07T22:06:42.079+0000] {logging_mixin.py:188} INFO - [2026-05-07T22:06:42.079+0000] {dag.py:3954} INFO - Setting next_dagrun for example_branch_datetime_operator to 2026-05-06 00:00:00+00:00, run_after=2026-05-07 00:00:00+00:00
[2026-05-07T22:06:42.083+0000] {logging_mixin.py:188} INFO - [2026-05-07T22:06:42.083+0000] {dag.py:3954} INFO - Setting next_dagrun for example_branch_datetime_operator_2 to 2026-05-06 00:00:00+00:00, run_after=2026-05-07 00:00:00+00:00
[2026-05-07T22:06:42.087+0000] {logging_mixin.py:188} INFO - [2026-05-07T22:06:42.087+0000] {dag.py:3954} INFO - Setting next_dagrun for example_branch_datetime_operator_3 to 2026-05-06 00:00:00+00:00, run_after=2026-05-07 00:00:00+00:00
[2026-05-07T22:06:42.107+0000] {processor.py:183} INFO - Processing /home/airflow/.local/lib/python3.12/site-packages/airflow/example_dags/example_branch_datetime_operator.py took 0.098 seconds
[2026-05-07T22:07:12.786+0000] {processor.py:161} INFO - Started process (PID=12670) to work on /home/airflow/.local/lib/python3.12/site-packages/airflow/example_dags/example_branch_datetime_operator.py
[2026-05-07T22:07:12.787+0000] {processor.py:830} INFO - Processing file /home/airflow/.local/lib/python3.12/site-packages/airflow/example_dags/example_branch_datetime_operator.py for tasks to queue
[2026-05-07T22:07:12.790+0000] {logging_mixin.py:188} INFO - [2026-05-07T22:07:12.790+0000] {dagbag.py:545} INFO - Filling up the DagBag from /home/airflow/.local/lib/python3.12/site-packages/airflow/example_dags/example_branch_datetime_operator.py
[2026-05-07T22:07:12.800+0000] {processor.py:840} INFO - DAG(s) 'example_branch_datetime_operator_3', 'example_branch_datetime_operator', 'example_branch_datetime_operator_2' retrieved from /home/airflow/.local/lib/python3.12/site-packages/airflow/example_dags/example_branch_datetime_operator.py
[2026-05-07T22:07:12.829+0000] {logging_mixin.py:188} INFO - [2026-05-07T22:07:12.829+0000] {dag.py:3096} INFO - Sync 3 DAGs
[2026-05-07T22:07:12.851+0000] {logging_mixin.py:188} INFO - [2026-05-07T22:07:12.851+0000] {dag.py:3954} INFO - Setting next_dagrun for example_branch_datetime_operator to 2026-05-06 00:00:00+00:00, run_after=2026-05-07 00:00:00+00:00
[2026-05-07T22:07:12.858+0000] {logging_mixin.py:188} INFO - [2026-05-07T22:07:12.858+0000] {dag.py:3954} INFO - Setting next_dagrun for example_branch_datetime_operator_2 to 2026-05-06 00:00:00+00:00, run_after=2026-05-07 00:00:00+00:00
[2026-05-07T22:07:12.861+0000] {logging_mixin.py:188} INFO - [2026-05-07T22:07:12.861+0000] {dag.py:3954} INFO - Setting next_dagrun for example_branch_datetime_operator_3 to 2026-05-06 00:00:00+00:00, run_after=2026-05-07 00:00:00+00:00
[2026-05-07T22:07:12.882+0000] {processor.py:183} INFO - Processing /home/airflow/.local/lib/python3.12/site-packages/airflow/example_dags/example_branch_datetime_operator.py took 0.103 seconds
[2026-05-07T22:07:42.955+0000] {processor.py:161} INFO - Started process (PID=12728) to work on /home/airflow/.local/lib/python3.12/site-packages/airflow/example_dags/example_branch_datetime_operator.py
[2026-05-07T22:07:42.957+0000] {processor.py:830} INFO - Processing file /home/airflow/.local/lib/python3.12/site-packages/airflow/example_dags/example_branch_datetime_operator.py for tasks to queue
[2026-05-07T22:07:42.961+0000] {logging_mixin.py:188} INFO - [2026-05-07T22:07:42.960+0000] {dagbag.py:545} INFO - Filling up the DagBag from /home/airflow/.local/lib/python3.12/site-packages/airflow/example_dags/example_branch_datetime_operator.py
[2026-05-07T22:07:42.975+0000] {processor.py:840} INFO - DAG(s) 'example_branch_datetime_operator_3', 'example_branch_datetime_operator_2', 'example_branch_datetime_operator' retrieved from /home/airflow/.local/lib/python3.12/site-packages/airflow/example_dags/example_branch_datetime_operator.py
[2026-05-07T22:07:43.008+0000] {logging_mixin.py:188} INFO - [2026-05-07T22:07:43.008+0000] {dag.py:3096} INFO - Sync 3 DAGs
[2026-05-07T22:07:43.034+0000] {logging_mixin.py:188} INFO - [2026-05-07T22:07:43.034+0000] {dag.py:3954} INFO - Setting next_dagrun for example_branch_datetime_operator to 2026-05-06 00:00:00+00:00, run_after=2026-05-07 00:00:00+00:00
[2026-05-07T22:07:43.041+0000] {logging_mixin.py:188} INFO - [2026-05-07T22:07:43.040+0000] {dag.py:3954} INFO - Setting next_dagrun for example_branch_datetime_operator_2 to 2026-05-06 00:00:00+00:00, run_after=2026-05-07 00:00:00+00:00
[2026-05-07T22:07:43.043+0000] {logging_mixin.py:188} INFO - [2026-05-07T22:07:43.043+0000] {dag.py:3954} INFO - Setting next_dagrun for example_branch_datetime_operator_3 to 2026-05-06 00:00:00+00:00, run_after=2026-05-07 00:00:00+00:00
[2026-05-07T22:07:43.067+0000] {processor.py:183} INFO - Processing /home/airflow/.local/lib/python3.12/site-packages/airflow/example_dags/example_branch_datetime_operator.py took 0.117 seconds
[2026-05-07T22:08:13.426+0000] {processor.py:161} INFO - Started process (PID=12786) to work on /home/airflow/.local/lib/python3.12/site-packages/airflow/example_dags/example_branch_datetime_operator.py
[2026-05-07T22:08:13.428+0000] {processor.py:830} INFO - Processing file /home/airflow/.local/lib/python3.12/site-packages/airflow/example_dags/example_branch_datetime_operator.py for tasks to queue
[2026-05-07T22:08:13.430+0000] {logging_mixin.py:188} INFO - [2026-05-07T22:08:13.430+0000] {dagbag.py:545} INFO - Filling up the DagBag from /home/airflow/.local/lib/python3.12/site-packages/airflow/example_dags/example_branch_datetime_operator.py
[2026-05-07T22:08:13.441+0000] {processor.py:840} INFO - DAG(s) 'example_branch_datetime_operator', 'example_branch_datetime_operator_3', 'example_branch_datetime_operator_2' retrieved from /home/airflow/.local/lib/python3.12/site-packages/airflow/example_dags/example_branch_datetime_operator.py
[2026-05-07T22:08:13.468+0000] {logging_mixin.py:188} INFO - [2026-05-07T22:08:13.468+0000] {dag.py:3096} INFO - Sync 3 DAGs
[2026-05-07T22:08:13.490+0000] {logging_mixin.py:188} INFO - [2026-05-07T22:08:13.490+0000] {dag.py:3954} INFO - Setting next_dagrun for example_branch_datetime_operator to 2026-05-06 00:00:00+00:00, run_after=2026-05-07 00:00:00+00:00
[2026-05-07T22:08:13.495+0000] {logging_mixin.py:188} INFO - [2026-05-07T22:08:13.495+0000] {dag.py:3954} INFO - Setting next_dagrun for example_branch_datetime_operator_2 to 2026-05-06 00:00:00+00:00, run_after=2026-05-07 00:00:00+00:00
[2026-05-07T22:08:13.498+0000] {logging_mixin.py:188} INFO - [2026-05-07T22:08:13.498+0000] {dag.py:3954} INFO - Setting next_dagrun for example_branch_datetime_operator_3 to 2026-05-06 00:00:00+00:00, run_after=2026-05-07 00:00:00+00:00
[2026-05-07T22:08:13.525+0000] {processor.py:183} INFO - Processing /home/airflow/.local/lib/python3.12/site-packages/airflow/example_dags/example_branch_datetime_operator.py took 0.103 seconds
[2026-05-07T22:08:43.614+0000] {processor.py:161} INFO - Started process (PID=12844) to work on /home/airflow/.local/lib/python3.12/site-packages/airflow/example_dags/example_branch_datetime_operator.py
[2026-05-07T22:08:43.615+0000] {processor.py:830} INFO - Processing file /home/airflow/.local/lib/python3.12/site-packages/airflow/example_dags/example_branch_datetime_operator.py for tasks to queue
[2026-05-07T22:08:43.617+0000] {logging_mixin.py:188} INFO - [2026-05-07T22:08:43.617+0000] {dagbag.py:545} INFO - Filling up the DagBag from /home/airflow/.local/lib/python3.12/site-packages/airflow/example_dags/example_branch_datetime_operator.py
[2026-05-07T22:08:43.625+0000] {processor.py:840} INFO - DAG(s) 'example_branch_datetime_operator', 'example_branch_datetime_operator_3', 'example_branch_datetime_operator_2' retrieved from /home/airflow/.local/lib/python3.12/site-packages/airflow/example_dags/example_branch_datetime_operator.py
[2026-05-07T22:08:43.651+0000] {logging_mixin.py:188} INFO - [2026-05-07T22:08:43.651+0000] {dag.py:3096} INFO - Sync 3 DAGs
[2026-05-07T22:08:43.671+0000] {logging_mixin.py:188} INFO - [2026-05-07T22:08:43.670+0000] {dag.py:3954} INFO - Setting next_dagrun for example_branch_datetime_operator to 2026-05-06 00:00:00+00:00, run_after=2026-05-07 00:00:00+00:00
[2026-05-07T22:08:43.676+0000] {logging_mixin.py:188} INFO - [2026-05-07T22:08:43.676+0000] {dag.py:3954} INFO - Setting next_dagrun for example_branch_datetime_operator_2 to 2026-05-06 00:00:00+00:00, run_after=2026-05-07 00:00:00+00:00
[2026-05-07T22:08:43.678+0000] {logging_mixin.py:188} INFO - [2026-05-07T22:08:43.678+0000] {dag.py:3954} INFO - Setting next_dagrun for example_branch_datetime_operator_3 to 2026-05-06 00:00:00+00:00, run_after=2026-05-07 00:00:00+00:00
[2026-05-07T22:08:43.698+0000] {processor.py:183} INFO - Processing /home/airflow/.local/lib/python3.12/site-packages/airflow/example_dags/example_branch_datetime_operator.py took 0.089 seconds
[2026-05-07T22:09:13.920+0000] {processor.py:161} INFO - Started process (PID=12902) to work on /home/airflow/.local/lib/python3.12/site-packages/airflow/example_dags/example_branch_datetime_operator.py
[2026-05-07T22:09:13.922+0000] {processor.py:830} INFO - Processing file /home/airflow/.local/lib/python3.12/site-packages/airflow/example_dags/example_branch_datetime_operator.py for tasks to queue
[2026-05-07T22:09:13.926+0000] {logging_mixin.py:188} INFO - [2026-05-07T22:09:13.925+0000] {dagbag.py:545} INFO - Filling up the DagBag from /home/airflow/.local/lib/python3.12/site-packages/airflow/example_dags/example_branch_datetime_operator.py
[2026-05-07T22:09:13.951+0000] {processor.py:840} INFO - DAG(s) 'example_branch_datetime_operator', 'example_branch_datetime_operator_2', 'example_branch_datetime_operator_3' retrieved from /home/airflow/.local/lib/python3.12/site-packages/airflow/example_dags/example_branch_datetime_operator.py
[2026-05-07T22:09:14.041+0000] {logging_mixin.py:188} INFO - [2026-05-07T22:09:14.040+0000] {dag.py:3096} INFO - Sync 3 DAGs
[2026-05-07T22:09:14.105+0000] {logging_mixin.py:188} INFO - [2026-05-07T22:09:14.103+0000] {dag.py:3954} INFO - Setting next_dagrun for example_branch_datetime_operator to 2026-05-06 00:00:00+00:00, run_after=2026-05-07 00:00:00+00:00
[2026-05-07T22:09:14.118+0000] {logging_mixin.py:188} INFO - [2026-05-07T22:09:14.117+0000] {dag.py:3954} INFO - Setting next_dagrun for example_branch_datetime_operator_2 to 2026-05-06 00:00:00+00:00, run_after=2026-05-07 00:00:00+00:00
[2026-05-07T22:09:14.125+0000] {logging_mixin.py:188} INFO - [2026-05-07T22:09:14.125+0000] {dag.py:3954} INFO - Setting next_dagrun for example_branch_datetime_operator_3 to 2026-05-06 00:00:00+00:00, run_after=2026-05-07 00:00:00+00:00
[2026-05-07T22:09:14.169+0000] {processor.py:183} INFO - Processing /home/airflow/.local/lib/python3.12/site-packages/airflow/example_dags/example_branch_datetime_operator.py took 0.257 seconds
[2026-05-07T22:09:45.101+0000] {processor.py:161} INFO - Started process (PID=12960) to work on /home/airflow/.local/lib/python3.12/site-packages/airflow/example_dags/example_branch_datetime_operator.py
[2026-05-07T22:09:45.104+0000] {processor.py:830} INFO - Processing file /home/airflow/.local/lib/python3.12/site-packages/airflow/example_dags/example_branch_datetime_operator.py for tasks to queue
[2026-05-07T22:09:45.108+0000] {logging_mixin.py:188} INFO - [2026-05-07T22:09:45.107+0000] {dagbag.py:545} INFO - Filling up the DagBag from /home/airflow/.local/lib/python3.12/site-packages/airflow/example_dags/example_branch_datetime_operator.py
[2026-05-07T22:09:45.127+0000] {processor.py:840} INFO - DAG(s) 'example_branch_datetime_operator_2', 'example_branch_datetime_operator', 'example_branch_datetime_operator_3' retrieved from /home/airflow/.local/lib/python3.12/site-packages/airflow/example_dags/example_branch_datetime_operator.py
[2026-05-07T22:09:45.174+0000] {logging_mixin.py:188} INFO - [2026-05-07T22:09:45.174+0000] {dag.py:3096} INFO - Sync 3 DAGs
[2026-05-07T22:09:45.203+0000] {logging_mixin.py:188} INFO - [2026-05-07T22:09:45.203+0000] {dag.py:3954} INFO - Setting next_dagrun for example_branch_datetime_operator to 2026-05-06 00:00:00+00:00, run_after=2026-05-07 00:00:00+00:00
[2026-05-07T22:09:45.209+0000] {logging_mixin.py:188} INFO - [2026-05-07T22:09:45.208+0000] {dag.py:3954} INFO - Setting next_dagrun for example_branch_datetime_operator_2 to 2026-05-06 00:00:00+00:00, run_after=2026-05-07 00:00:00+00:00
[2026-05-07T22:09:45.211+0000] {logging_mixin.py:188} INFO - [2026-05-07T22:09:45.211+0000] {dag.py:3954} INFO - Setting next_dagrun for example_branch_datetime_operator_3 to 2026-05-06 00:00:00+00:00, run_after=2026-05-07 00:00:00+00:00
[2026-05-07T22:09:45.239+0000] {processor.py:183} INFO - Processing /home/airflow/.local/lib/python3.12/site-packages/airflow/example_dags/example_branch_datetime_operator.py took 0.150 seconds
[2026-05-07T22:10:15.296+0000] {processor.py:161} INFO - Started process (PID=13018) to work on /home/airflow/.local/lib/python3.12/site-packages/airflow/example_dags/example_branch_datetime_operator.py
[2026-05-07T22:10:15.297+0000] {processor.py:830} INFO - Processing file /home/airflow/.local/lib/python3.12/site-packages/airflow/example_dags/example_branch_datetime_operator.py for tasks to queue
[2026-05-07T22:10:15.300+0000] {logging_mixin.py:188} INFO - [2026-05-07T22:10:15.300+0000] {dagbag.py:545} INFO - Filling up the DagBag from /home/airflow/.local/lib/python3.12/site-packages/airflow/example_dags/example_branch_datetime_operator.py
[2026-05-07T22:10:15.311+0000] {processor.py:840} INFO - DAG(s) 'example_branch_datetime_operator', 'example_branch_datetime_operator_3', 'example_branch_datetime_operator_2' retrieved from /home/airflow/.local/lib/python3.12/site-packages/airflow/example_dags/example_branch_datetime_operator.py
[2026-05-07T22:10:15.343+0000] {logging_mixin.py:188} INFO - [2026-05-07T22:10:15.343+0000] {dag.py:3096} INFO - Sync 3 DAGs
[2026-05-07T22:10:15.367+0000] {logging_mixin.py:188} INFO - [2026-05-07T22:10:15.367+0000] {dag.py:3954} INFO - Setting next_dagrun for example_branch_datetime_operator to 2026-05-06 00:00:00+00:00, run_after=2026-05-07 00:00:00+00:00
[2026-05-07T22:10:15.373+0000] {logging_mixin.py:188} INFO - [2026-05-07T22:10:15.373+0000] {dag.py:3954} INFO - Setting next_dagrun for example_branch_datetime_operator_2 to 2026-05-06 00:00:00+00:00, run_after=2026-05-07 00:00:00+00:00
[2026-05-07T22:10:15.377+0000] {logging_mixin.py:188} INFO - [2026-05-07T22:10:15.377+0000] {dag.py:3954} INFO - Setting next_dagrun for example_branch_datetime_operator_3 to 2026-05-06 00:00:00+00:00, run_after=2026-05-07 00:00:00+00:00
[2026-05-07T22:10:15.401+0000] {processor.py:183} INFO - Processing /home/airflow/.local/lib/python3.12/site-packages/airflow/example_dags/example_branch_datetime_operator.py took 0.110 seconds
[2026-05-07T22:10:45.807+0000] {processor.py:161} INFO - Started process (PID=13076) to work on /home/airflow/.local/lib/python3.12/site-packages/airflow/example_dags/example_branch_datetime_operator.py
[2026-05-07T22:10:45.810+0000] {processor.py:830} INFO - Processing file /home/airflow/.local/lib/python3.12/site-packages/airflow/example_dags/example_branch_datetime_operator.py for tasks to queue
[2026-05-07T22:10:45.813+0000] {logging_mixin.py:188} INFO - [2026-05-07T22:10:45.813+0000] {dagbag.py:545} INFO - Filling up the DagBag from /home/airflow/.local/lib/python3.12/site-packages/airflow/example_dags/example_branch_datetime_operator.py
[2026-05-07T22:10:45.821+0000] {processor.py:840} INFO - DAG(s) 'example_branch_datetime_operator', 'example_branch_datetime_operator_2', 'example_branch_datetime_operator_3' retrieved from /home/airflow/.local/lib/python3.12/site-packages/airflow/example_dags/example_branch_datetime_operator.py
[2026-05-07T22:10:45.850+0000] {logging_mixin.py:188} INFO - [2026-05-07T22:10:45.849+0000] {dag.py:3096} INFO - Sync 3 DAGs
[2026-05-07T22:10:45.870+0000] {logging_mixin.py:188} INFO - [2026-05-07T22:10:45.870+0000] {dag.py:3954} INFO - Setting next_dagrun for example_branch_datetime_operator to 2026-05-06 00:00:00+00:00, run_after=2026-05-07 00:00:00+00:00
[2026-05-07T22:10:45.877+0000] {logging_mixin.py:188} INFO - [2026-05-07T22:10:45.876+0000] {dag.py:3954} INFO - Setting next_dagrun for example_branch_datetime_operator_2 to 2026-05-06 00:00:00+00:00, run_after=2026-05-07 00:00:00+00:00
[2026-05-07T22:10:45.879+0000] {logging_mixin.py:188} INFO - [2026-05-07T22:10:45.879+0000] {dag.py:3954} INFO - Setting next_dagrun for example_branch_datetime_operator_3 to 2026-05-06 00:00:00+00:00, run_after=2026-05-07 00:00:00+00:00
[2026-05-07T22:10:45.899+0000] {processor.py:183} INFO - Processing /home/airflow/.local/lib/python3.12/site-packages/airflow/example_dags/example_branch_datetime_operator.py took 0.098 seconds
[2026-05-07T22:11:16.160+0000] {processor.py:161} INFO - Started process (PID=13134) to work on /home/airflow/.local/lib/python3.12/site-packages/airflow/example_dags/example_branch_datetime_operator.py
[2026-05-07T22:11:16.162+0000] {processor.py:830} INFO - Processing file /home/airflow/.local/lib/python3.12/site-packages/airflow/example_dags/example_branch_datetime_operator.py for tasks to queue
[2026-05-07T22:11:16.165+0000] {logging_mixin.py:188} INFO - [2026-05-07T22:11:16.164+0000] {dagbag.py:545} INFO - Filling up the DagBag from /home/airflow/.local/lib/python3.12/site-packages/airflow/example_dags/example_branch_datetime_operator.py
[2026-05-07T22:11:16.176+0000] {processor.py:840} INFO - DAG(s) 'example_branch_datetime_operator', 'example_branch_datetime_operator_3', 'example_branch_datetime_operator_2' retrieved from /home/airflow/.local/lib/python3.12/site-packages/airflow/example_dags/example_branch_datetime_operator.py
[2026-05-07T22:11:16.237+0000] {logging_mixin.py:188} INFO - [2026-05-07T22:11:16.237+0000] {dag.py:3096} INFO - Sync 3 DAGs
[2026-05-07T22:11:16.262+0000] {logging_mixin.py:188} INFO - [2026-05-07T22:11:16.262+0000] {dag.py:3954} INFO - Setting next_dagrun for example_branch_datetime_operator to 2026-05-06 00:00:00+00:00, run_after=2026-05-07 00:00:00+00:00
[2026-05-07T22:11:16.270+0000] {logging_mixin.py:188} INFO - [2026-05-07T22:11:16.270+0000] {dag.py:3954} INFO - Setting next_dagrun for example_branch_datetime_operator_2 to 2026-05-06 00:00:00+00:00, run_after=2026-05-07 00:00:00+00:00
[2026-05-07T22:11:16.274+0000] {logging_mixin.py:188} INFO - [2026-05-07T22:11:16.274+0000] {dag.py:3954} INFO - Setting next_dagrun for example_branch_datetime_operator_3 to 2026-05-06 00:00:00+00:00, run_after=2026-05-07 00:00:00+00:00
[2026-05-07T22:11:16.303+0000] {processor.py:183} INFO - Processing /home/airflow/.local/lib/python3.12/site-packages/airflow/example_dags/example_branch_datetime_operator.py took 0.148 seconds
[2026-05-07T22:13:27.396+0000] {processor.py:161} INFO - Started process (PID=73) to work on /home/airflow/.local/lib/python3.12/site-packages/airflow/example_dags/example_branch_datetime_operator.py
[2026-05-07T22:13:27.399+0000] {processor.py:830} INFO - Processing file /home/airflow/.local/lib/python3.12/site-packages/airflow/example_dags/example_branch_datetime_operator.py for tasks to queue
[2026-05-07T22:13:27.406+0000] {logging_mixin.py:188} INFO - [2026-05-07T22:13:27.405+0000] {dagbag.py:545} INFO - Filling up the DagBag from /home/airflow/.local/lib/python3.12/site-packages/airflow/example_dags/example_branch_datetime_operator.py
[2026-05-07T22:13:27.462+0000] {processor.py:840} INFO - DAG(s) 'example_branch_datetime_operator', 'example_branch_datetime_operator_3', 'example_branch_datetime_operator_2' retrieved from /home/airflow/.local/lib/python3.12/site-packages/airflow/example_dags/example_branch_datetime_operator.py
[2026-05-07T22:13:27.916+0000] {logging_mixin.py:188} INFO - [2026-05-07T22:13:27.916+0000] {dag.py:3096} INFO - Sync 3 DAGs
[2026-05-07T22:13:27.981+0000] {logging_mixin.py:188} INFO - [2026-05-07T22:13:27.980+0000] {dag.py:3954} INFO - Setting next_dagrun for example_branch_datetime_operator to 2026-05-06 00:00:00+00:00, run_after=2026-05-07 00:00:00+00:00
[2026-05-07T22:13:27.991+0000] {logging_mixin.py:188} INFO - [2026-05-07T22:13:27.990+0000] {dag.py:3954} INFO - Setting next_dagrun for example_branch_datetime_operator_2 to 2026-05-06 00:00:00+00:00, run_after=2026-05-07 00:00:00+00:00
[2026-05-07T22:13:27.997+0000] {logging_mixin.py:188} INFO - [2026-05-07T22:13:27.997+0000] {dag.py:3954} INFO - Setting next_dagrun for example_branch_datetime_operator_3 to 2026-05-06 00:00:00+00:00, run_after=2026-05-07 00:00:00+00:00
[2026-05-07T22:13:28.056+0000] {processor.py:183} INFO - Processing /home/airflow/.local/lib/python3.12/site-packages/airflow/example_dags/example_branch_datetime_operator.py took 0.681 seconds
[2026-05-07T22:13:58.872+0000] {processor.py:161} INFO - Started process (PID=131) to work on /home/airflow/.local/lib/python3.12/site-packages/airflow/example_dags/example_branch_datetime_operator.py
[2026-05-07T22:13:58.875+0000] {processor.py:830} INFO - Processing file /home/airflow/.local/lib/python3.12/site-packages/airflow/example_dags/example_branch_datetime_operator.py for tasks to queue
[2026-05-07T22:13:58.882+0000] {logging_mixin.py:188} INFO - [2026-05-07T22:13:58.881+0000] {dagbag.py:545} INFO - Filling up the DagBag from /home/airflow/.local/lib/python3.12/site-packages/airflow/example_dags/example_branch_datetime_operator.py
[2026-05-07T22:13:58.920+0000] {processor.py:840} INFO - DAG(s) 'example_branch_datetime_operator_2', 'example_branch_datetime_operator', 'example_branch_datetime_operator_3' retrieved from /home/airflow/.local/lib/python3.12/site-packages/airflow/example_dags/example_branch_datetime_operator.py
[2026-05-07T22:13:58.994+0000] {logging_mixin.py:188} INFO - [2026-05-07T22:13:58.993+0000] {dag.py:3096} INFO - Sync 3 DAGs
[2026-05-07T22:13:59.068+0000] {logging_mixin.py:188} INFO - [2026-05-07T22:13:59.068+0000] {dag.py:3954} INFO - Setting next_dagrun for example_branch_datetime_operator to 2026-05-06 00:00:00+00:00, run_after=2026-05-07 00:00:00+00:00
[2026-05-07T22:13:59.075+0000] {logging_mixin.py:188} INFO - [2026-05-07T22:13:59.075+0000] {dag.py:3954} INFO - Setting next_dagrun for example_branch_datetime_operator_2 to 2026-05-06 00:00:00+00:00, run_after=2026-05-07 00:00:00+00:00
[2026-05-07T22:13:59.081+0000] {logging_mixin.py:188} INFO - [2026-05-07T22:13:59.080+0000] {dag.py:3954} INFO - Setting next_dagrun for example_branch_datetime_operator_3 to 2026-05-06 00:00:00+00:00, run_after=2026-05-07 00:00:00+00:00
[2026-05-07T22:13:59.122+0000] {processor.py:183} INFO - Processing /home/airflow/.local/lib/python3.12/site-packages/airflow/example_dags/example_branch_datetime_operator.py took 0.283 seconds
[2026-05-07T22:14:29.791+0000] {processor.py:161} INFO - Started process (PID=189) to work on /home/airflow/.local/lib/python3.12/site-packages/airflow/example_dags/example_branch_datetime_operator.py
[2026-05-07T22:14:29.793+0000] {processor.py:830} INFO - Processing file /home/airflow/.local/lib/python3.12/site-packages/airflow/example_dags/example_branch_datetime_operator.py for tasks to queue
[2026-05-07T22:14:29.796+0000] {logging_mixin.py:188} INFO - [2026-05-07T22:14:29.795+0000] {dagbag.py:545} INFO - Filling up the DagBag from /home/airflow/.local/lib/python3.12/site-packages/airflow/example_dags/example_branch_datetime_operator.py
[2026-05-07T22:14:29.807+0000] {processor.py:840} INFO - DAG(s) 'example_branch_datetime_operator_3', 'example_branch_datetime_operator', 'example_branch_datetime_operator_2' retrieved from /home/airflow/.local/lib/python3.12/site-packages/airflow/example_dags/example_branch_datetime_operator.py
[2026-05-07T22:14:29.840+0000] {logging_mixin.py:188} INFO - [2026-05-07T22:14:29.840+0000] {dag.py:3096} INFO - Sync 3 DAGs
[2026-05-07T22:14:29.864+0000] {logging_mixin.py:188} INFO - [2026-05-07T22:14:29.864+0000] {dag.py:3954} INFO - Setting next_dagrun for example_branch_datetime_operator to 2026-05-06 00:00:00+00:00, run_after=2026-05-07 00:00:00+00:00
[2026-05-07T22:14:29.871+0000] {logging_mixin.py:188} INFO - [2026-05-07T22:14:29.871+0000] {dag.py:3954} INFO - Setting next_dagrun for example_branch_datetime_operator_2 to 2026-05-06 00:00:00+00:00, run_after=2026-05-07 00:00:00+00:00
[2026-05-07T22:14:29.874+0000] {logging_mixin.py:188} INFO - [2026-05-07T22:14:29.874+0000] {dag.py:3954} INFO - Setting next_dagrun for example_branch_datetime_operator_3 to 2026-05-06 00:00:00+00:00, run_after=2026-05-07 00:00:00+00:00
[2026-05-07T22:14:29.904+0000] {processor.py:183} INFO - Processing /home/airflow/.local/lib/python3.12/site-packages/airflow/example_dags/example_branch_datetime_operator.py took 0.122 seconds
[2026-05-07T22:15:00.452+0000] {processor.py:161} INFO - Started process (PID=247) to work on /home/airflow/.local/lib/python3.12/site-packages/airflow/example_dags/example_branch_datetime_operator.py
[2026-05-07T22:15:00.454+0000] {processor.py:830} INFO - Processing file /home/airflow/.local/lib/python3.12/site-packages/airflow/example_dags/example_branch_datetime_operator.py for tasks to queue
[2026-05-07T22:15:00.458+0000] {logging_mixin.py:188} INFO - [2026-05-07T22:15:00.457+0000] {dagbag.py:545} INFO - Filling up the DagBag from /home/airflow/.local/lib/python3.12/site-packages/airflow/example_dags/example_branch_datetime_operator.py
[2026-05-07T22:15:00.470+0000] {processor.py:840} INFO - DAG(s) 'example_branch_datetime_operator_3', 'example_branch_datetime_operator', 'example_branch_datetime_operator_2' retrieved from /home/airflow/.local/lib/python3.12/site-packages/airflow/example_dags/example_branch_datetime_operator.py
[2026-05-07T22:15:00.513+0000] {logging_mixin.py:188} INFO - [2026-05-07T22:15:00.513+0000] {dag.py:3096} INFO - Sync 3 DAGs
[2026-05-07T22:15:00.550+0000] {logging_mixin.py:188} INFO - [2026-05-07T22:15:00.550+0000] {dag.py:3954} INFO - Setting next_dagrun for example_branch_datetime_operator to 2026-05-06 00:00:00+00:00, run_after=2026-05-07 00:00:00+00:00
[2026-05-07T22:15:00.560+0000] {logging_mixin.py:188} INFO - [2026-05-07T22:15:00.560+0000] {dag.py:3954} INFO - Setting next_dagrun for example_branch_datetime_operator_2 to 2026-05-06 00:00:00+00:00, run_after=2026-05-07 00:00:00+00:00
[2026-05-07T22:15:00.564+0000] {logging_mixin.py:188} INFO - [2026-05-07T22:15:00.563+0000] {dag.py:3954} INFO - Setting next_dagrun for example_branch_datetime_operator_3 to 2026-05-06 00:00:00+00:00, run_after=2026-05-07 00:00:00+00:00
[2026-05-07T22:15:00.588+0000] {processor.py:183} INFO - Processing /home/airflow/.local/lib/python3.12/site-packages/airflow/example_dags/example_branch_datetime_operator.py took 0.141 seconds
[2026-05-07T22:15:31.436+0000] {processor.py:161} INFO - Started process (PID=305) to work on /home/airflow/.local/lib/python3.12/site-packages/airflow/example_dags/example_branch_datetime_operator.py
[2026-05-07T22:15:31.439+0000] {processor.py:830} INFO - Processing file /home/airflow/.local/lib/python3.12/site-packages/airflow/example_dags/example_branch_datetime_operator.py for tasks to queue
[2026-05-07T22:15:31.444+0000] {logging_mixin.py:188} INFO - [2026-05-07T22:15:31.443+0000] {dagbag.py:545} INFO - Filling up the DagBag from /home/airflow/.local/lib/python3.12/site-packages/airflow/example_dags/example_branch_datetime_operator.py
[2026-05-07T22:15:31.460+0000] {processor.py:840} INFO - DAG(s) 'example_branch_datetime_operator_2', 'example_branch_datetime_operator_3', 'example_branch_datetime_operator' retrieved from /home/airflow/.local/lib/python3.12/site-packages/airflow/example_dags/example_branch_datetime_operator.py
[2026-05-07T22:15:31.577+0000] {logging_mixin.py:188} INFO - [2026-05-07T22:15:31.576+0000] {dag.py:3096} INFO - Sync 3 DAGs
[2026-05-07T22:15:31.621+0000] {logging_mixin.py:188} INFO - [2026-05-07T22:15:31.621+0000] {dag.py:3954} INFO - Setting next_dagrun for example_branch_datetime_operator to 2026-05-06 00:00:00+00:00, run_after=2026-05-07 00:00:00+00:00
[2026-05-07T22:15:31.629+0000] {logging_mixin.py:188} INFO - [2026-05-07T22:15:31.629+0000] {dag.py:3954} INFO - Setting next_dagrun for example_branch_datetime_operator_2 to 2026-05-06 00:00:00+00:00, run_after=2026-05-07 00:00:00+00:00
[2026-05-07T22:15:31.632+0000] {logging_mixin.py:188} INFO - [2026-05-07T22:15:31.632+0000] {dag.py:3954} INFO - Setting next_dagrun for example_branch_datetime_operator_3 to 2026-05-06 00:00:00+00:00, run_after=2026-05-07 00:00:00+00:00
[2026-05-07T22:15:31.661+0000] {processor.py:183} INFO - Processing /home/airflow/.local/lib/python3.12/site-packages/airflow/example_dags/example_branch_datetime_operator.py took 0.237 seconds
[2026-05-07T22:16:02.623+0000] {processor.py:161} INFO - Started process (PID=363) to work on /home/airflow/.local/lib/python3.12/site-packages/airflow/example_dags/example_branch_datetime_operator.py
[2026-05-07T22:16:02.624+0000] {processor.py:830} INFO - Processing file /home/airflow/.local/lib/python3.12/site-packages/airflow/example_dags/example_branch_datetime_operator.py for tasks to queue
[2026-05-07T22:16:02.627+0000] {logging_mixin.py:188} INFO - [2026-05-07T22:16:02.626+0000] {dagbag.py:545} INFO - Filling up the DagBag from /home/airflow/.local/lib/python3.12/site-packages/airflow/example_dags/example_branch_datetime_operator.py
[2026-05-07T22:16:02.638+0000] {processor.py:840} INFO - DAG(s) 'example_branch_datetime_operator_3', 'example_branch_datetime_operator', 'example_branch_datetime_operator_2' retrieved from /home/airflow/.local/lib/python3.12/site-packages/airflow/example_dags/example_branch_datetime_operator.py
[2026-05-07T22:16:02.666+0000] {logging_mixin.py:188} INFO - [2026-05-07T22:16:02.666+0000] {dag.py:3096} INFO - Sync 3 DAGs
[2026-05-07T22:16:02.692+0000] {logging_mixin.py:188} INFO - [2026-05-07T22:16:02.692+0000] {dag.py:3954} INFO - Setting next_dagrun for example_branch_datetime_operator to 2026-05-06 00:00:00+00:00, run_after=2026-05-07 00:00:00+00:00
[2026-05-07T22:16:02.697+0000] {logging_mixin.py:188} INFO - [2026-05-07T22:16:02.697+0000] {dag.py:3954} INFO - Setting next_dagrun for example_branch_datetime_operator_2 to 2026-05-06 00:00:00+00:00, run_after=2026-05-07 00:00:00+00:00
[2026-05-07T22:16:02.700+0000] {logging_mixin.py:188} INFO - [2026-05-07T22:16:02.700+0000] {dag.py:3954} INFO - Setting next_dagrun for example_branch_datetime_operator_3 to 2026-05-06 00:00:00+00:00, run_after=2026-05-07 00:00:00+00:00
[2026-05-07T22:16:02.720+0000] {processor.py:183} INFO - Processing /home/airflow/.local/lib/python3.12/site-packages/airflow/example_dags/example_branch_datetime_operator.py took 0.102 seconds
[2026-05-07T22:16:33.116+0000] {processor.py:161} INFO - Started process (PID=421) to work on /home/airflow/.local/lib/python3.12/site-packages/airflow/example_dags/example_branch_datetime_operator.py
[2026-05-07T22:16:33.118+0000] {processor.py:830} INFO - Processing file /home/airflow/.local/lib/python3.12/site-packages/airflow/example_dags/example_branch_datetime_operator.py for tasks to queue
[2026-05-07T22:16:33.121+0000] {logging_mixin.py:188} INFO - [2026-05-07T22:16:33.121+0000] {dagbag.py:545} INFO - Filling up the DagBag from /home/airflow/.local/lib/python3.12/site-packages/airflow/example_dags/example_branch_datetime_operator.py
[2026-05-07T22:16:33.130+0000] {processor.py:840} INFO - DAG(s) 'example_branch_datetime_operator_2', 'example_branch_datetime_operator', 'example_branch_datetime_operator_3' retrieved from /home/airflow/.local/lib/python3.12/site-packages/airflow/example_dags/example_branch_datetime_operator.py
[2026-05-07T22:16:33.160+0000] {logging_mixin.py:188} INFO - [2026-05-07T22:16:33.159+0000] {dag.py:3096} INFO - Sync 3 DAGs
[2026-05-07T22:16:33.182+0000] {logging_mixin.py:188} INFO - [2026-05-07T22:16:33.181+0000] {dag.py:3954} INFO - Setting next_dagrun for example_branch_datetime_operator to 2026-05-06 00:00:00+00:00, run_after=2026-05-07 00:00:00+00:00
[2026-05-07T22:16:33.187+0000] {logging_mixin.py:188} INFO - [2026-05-07T22:16:33.187+0000] {dag.py:3954} INFO - Setting next_dagrun for example_branch_datetime_operator_2 to 2026-05-06 00:00:00+00:00, run_after=2026-05-07 00:00:00+00:00
[2026-05-07T22:16:33.190+0000] {logging_mixin.py:188} INFO - [2026-05-07T22:16:33.190+0000] {dag.py:3954} INFO - Setting next_dagrun for example_branch_datetime_operator_3 to 2026-05-06 00:00:00+00:00, run_after=2026-05-07 00:00:00+00:00
[2026-05-07T22:16:33.212+0000] {processor.py:183} INFO - Processing /home/airflow/.local/lib/python3.12/site-packages/airflow/example_dags/example_branch_datetime_operator.py took 0.102 seconds
[2026-05-07T22:17:03.767+0000] {processor.py:161} INFO - Started process (PID=479) to work on /home/airflow/.local/lib/python3.12/site-packages/airflow/example_dags/example_branch_datetime_operator.py
[2026-05-07T22:17:03.768+0000] {processor.py:830} INFO - Processing file /home/airflow/.local/lib/python3.12/site-packages/airflow/example_dags/example_branch_datetime_operator.py for tasks to queue
[2026-05-07T22:17:03.771+0000] {logging_mixin.py:188} INFO - [2026-05-07T22:17:03.770+0000] {dagbag.py:545} INFO - Filling up the DagBag from /home/airflow/.local/lib/python3.12/site-packages/airflow/example_dags/example_branch_datetime_operator.py
[2026-05-07T22:17:03.781+0000] {processor.py:840} INFO - DAG(s) 'example_branch_datetime_operator', 'example_branch_datetime_operator_2', 'example_branch_datetime_operator_3' retrieved from /home/airflow/.local/lib/python3.12/site-packages/airflow/example_dags/example_branch_datetime_operator.py
[2026-05-07T22:17:03.808+0000] {logging_mixin.py:188} INFO - [2026-05-07T22:17:03.808+0000] {dag.py:3096} INFO - Sync 3 DAGs
[2026-05-07T22:17:03.833+0000] {logging_mixin.py:188} INFO - [2026-05-07T22:17:03.833+0000] {dag.py:3954} INFO - Setting next_dagrun for example_branch_datetime_operator to 2026-05-06 00:00:00+00:00, run_after=2026-05-07 00:00:00+00:00
[2026-05-07T22:17:03.839+0000] {logging_mixin.py:188} INFO - [2026-05-07T22:17:03.839+0000] {dag.py:3954} INFO - Setting next_dagrun for example_branch_datetime_operator_2 to 2026-05-06 00:00:00+00:00, run_after=2026-05-07 00:00:00+00:00
[2026-05-07T22:17:03.843+0000] {logging_mixin.py:188} INFO - [2026-05-07T22:17:03.842+0000] {dag.py:3954} INFO - Setting next_dagrun for example_branch_datetime_operator_3 to 2026-05-06 00:00:00+00:00, run_after=2026-05-07 00:00:00+00:00
[2026-05-07T22:17:03.866+0000] {processor.py:183} INFO - Processing /home/airflow/.local/lib/python3.12/site-packages/airflow/example_dags/example_branch_datetime_operator.py took 0.104 seconds
[2026-05-07T22:17:34.017+0000] {processor.py:161} INFO - Started process (PID=537) to work on /home/airflow/.local/lib/python3.12/site-packages/airflow/example_dags/example_branch_datetime_operator.py
[2026-05-07T22:17:34.018+0000] {processor.py:830} INFO - Processing file /home/airflow/.local/lib/python3.12/site-packages/airflow/example_dags/example_branch_datetime_operator.py for tasks to queue
[2026-05-07T22:17:34.021+0000] {logging_mixin.py:188} INFO - [2026-05-07T22:17:34.020+0000] {dagbag.py:545} INFO - Filling up the DagBag from /home/airflow/.local/lib/python3.12/site-packages/airflow/example_dags/example_branch_datetime_operator.py
[2026-05-07T22:17:34.029+0000] {processor.py:840} INFO - DAG(s) 'example_branch_datetime_operator', 'example_branch_datetime_operator_2', 'example_branch_datetime_operator_3' retrieved from /home/airflow/.local/lib/python3.12/site-packages/airflow/example_dags/example_branch_datetime_operator.py
[2026-05-07T22:17:34.058+0000] {logging_mixin.py:188} INFO - [2026-05-07T22:17:34.058+0000] {dag.py:3096} INFO - Sync 3 DAGs
[2026-05-07T22:17:34.082+0000] {logging_mixin.py:188} INFO - [2026-05-07T22:17:34.082+0000] {dag.py:3954} INFO - Setting next_dagrun for example_branch_datetime_operator to 2026-05-06 00:00:00+00:00, run_after=2026-05-07 00:00:00+00:00
[2026-05-07T22:17:34.095+0000] {logging_mixin.py:188} INFO - [2026-05-07T22:17:34.095+0000] {dag.py:3954} INFO - Setting next_dagrun for example_branch_datetime_operator_2 to 2026-05-06 00:00:00+00:00, run_after=2026-05-07 00:00:00+00:00
[2026-05-07T22:17:34.098+0000] {logging_mixin.py:188} INFO - [2026-05-07T22:17:34.098+0000] {dag.py:3954} INFO - Setting next_dagrun for example_branch_datetime_operator_3 to 2026-05-06 00:00:00+00:00, run_after=2026-05-07 00:00:00+00:00
[2026-05-07T22:17:34.120+0000] {processor.py:183} INFO - Processing /home/airflow/.local/lib/python3.12/site-packages/airflow/example_dags/example_branch_datetime_operator.py took 0.108 seconds
[2026-05-07T22:18:04.876+0000] {processor.py:161} INFO - Started process (PID=595) to work on /home/airflow/.local/lib/python3.12/site-packages/airflow/example_dags/example_branch_datetime_operator.py
[2026-05-07T22:18:04.879+0000] {processor.py:830} INFO - Processing file /home/airflow/.local/lib/python3.12/site-packages/airflow/example_dags/example_branch_datetime_operator.py for tasks to queue
[2026-05-07T22:18:04.883+0000] {logging_mixin.py:188} INFO - [2026-05-07T22:18:04.883+0000] {dagbag.py:545} INFO - Filling up the DagBag from /home/airflow/.local/lib/python3.12/site-packages/airflow/example_dags/example_branch_datetime_operator.py
[2026-05-07T22:18:04.897+0000] {processor.py:840} INFO - DAG(s) 'example_branch_datetime_operator', 'example_branch_datetime_operator_3', 'example_branch_datetime_operator_2' retrieved from /home/airflow/.local/lib/python3.12/site-packages/airflow/example_dags/example_branch_datetime_operator.py
[2026-05-07T22:18:04.939+0000] {logging_mixin.py:188} INFO - [2026-05-07T22:18:04.939+0000] {dag.py:3096} INFO - Sync 3 DAGs
[2026-05-07T22:18:04.971+0000] {logging_mixin.py:188} INFO - [2026-05-07T22:18:04.971+0000] {dag.py:3954} INFO - Setting next_dagrun for example_branch_datetime_operator to 2026-05-06 00:00:00+00:00, run_after=2026-05-07 00:00:00+00:00
[2026-05-07T22:18:04.977+0000] {logging_mixin.py:188} INFO - [2026-05-07T22:18:04.977+0000] {dag.py:3954} INFO - Setting next_dagrun for example_branch_datetime_operator_2 to 2026-05-06 00:00:00+00:00, run_after=2026-05-07 00:00:00+00:00
[2026-05-07T22:18:04.981+0000] {logging_mixin.py:188} INFO - [2026-05-07T22:18:04.981+0000] {dag.py:3954} INFO - Setting next_dagrun for example_branch_datetime_operator_3 to 2026-05-06 00:00:00+00:00, run_after=2026-05-07 00:00:00+00:00
[2026-05-07T22:18:05.006+0000] {processor.py:183} INFO - Processing /home/airflow/.local/lib/python3.12/site-packages/airflow/example_dags/example_branch_datetime_operator.py took 0.147 seconds
[2026-05-07T22:18:35.165+0000] {processor.py:161} INFO - Started process (PID=653) to work on /home/airflow/.local/lib/python3.12/site-packages/airflow/example_dags/example_branch_datetime_operator.py
[2026-05-07T22:18:35.166+0000] {processor.py:830} INFO - Processing file /home/airflow/.local/lib/python3.12/site-packages/airflow/example_dags/example_branch_datetime_operator.py for tasks to queue
[2026-05-07T22:18:35.169+0000] {logging_mixin.py:188} INFO - [2026-05-07T22:18:35.168+0000] {dagbag.py:545} INFO - Filling up the DagBag from /home/airflow/.local/lib/python3.12/site-packages/airflow/example_dags/example_branch_datetime_operator.py
[2026-05-07T22:18:35.180+0000] {processor.py:840} INFO - DAG(s) 'example_branch_datetime_operator_3', 'example_branch_datetime_operator_2', 'example_branch_datetime_operator' retrieved from /home/airflow/.local/lib/python3.12/site-packages/airflow/example_dags/example_branch_datetime_operator.py
[2026-05-07T22:18:35.238+0000] {logging_mixin.py:188} INFO - [2026-05-07T22:18:35.238+0000] {dag.py:3096} INFO - Sync 3 DAGs
[2026-05-07T22:18:35.264+0000] {logging_mixin.py:188} INFO - [2026-05-07T22:18:35.264+0000] {dag.py:3954} INFO - Setting next_dagrun for example_branch_datetime_operator to 2026-05-06 00:00:00+00:00, run_after=2026-05-07 00:00:00+00:00
[2026-05-07T22:18:35.271+0000] {logging_mixin.py:188} INFO - [2026-05-07T22:18:35.271+0000] {dag.py:3954} INFO - Setting next_dagrun for example_branch_datetime_operator_2 to 2026-05-06 00:00:00+00:00, run_after=2026-05-07 00:00:00+00:00
[2026-05-07T22:18:35.275+0000] {logging_mixin.py:188} INFO - [2026-05-07T22:18:35.275+0000] {dag.py:3954} INFO - Setting next_dagrun for example_branch_datetime_operator_3 to 2026-05-06 00:00:00+00:00, run_after=2026-05-07 00:00:00+00:00
[2026-05-07T22:18:35.298+0000] {processor.py:183} INFO - Processing /home/airflow/.local/lib/python3.12/site-packages/airflow/example_dags/example_branch_datetime_operator.py took 0.139 seconds
[2026-05-07T22:19:05.342+0000] {processor.py:161} INFO - Started process (PID=711) to work on /home/airflow/.local/lib/python3.12/site-packages/airflow/example_dags/example_branch_datetime_operator.py
[2026-05-07T22:19:05.344+0000] {processor.py:830} INFO - Processing file /home/airflow/.local/lib/python3.12/site-packages/airflow/example_dags/example_branch_datetime_operator.py for tasks to queue
[2026-05-07T22:19:05.346+0000] {logging_mixin.py:188} INFO - [2026-05-07T22:19:05.346+0000] {dagbag.py:545} INFO - Filling up the DagBag from /home/airflow/.local/lib/python3.12/site-packages/airflow/example_dags/example_branch_datetime_operator.py
[2026-05-07T22:19:05.356+0000] {processor.py:840} INFO - DAG(s) 'example_branch_datetime_operator_2', 'example_branch_datetime_operator', 'example_branch_datetime_operator_3' retrieved from /home/airflow/.local/lib/python3.12/site-packages/airflow/example_dags/example_branch_datetime_operator.py
[2026-05-07T22:19:05.390+0000] {logging_mixin.py:188} INFO - [2026-05-07T22:19:05.390+0000] {dag.py:3096} INFO - Sync 3 DAGs
[2026-05-07T22:19:05.419+0000] {logging_mixin.py:188} INFO - [2026-05-07T22:19:05.419+0000] {dag.py:3954} INFO - Setting next_dagrun for example_branch_datetime_operator to 2026-05-06 00:00:00+00:00, run_after=2026-05-07 00:00:00+00:00
[2026-05-07T22:19:05.424+0000] {logging_mixin.py:188} INFO - [2026-05-07T22:19:05.424+0000] {dag.py:3954} INFO - Setting next_dagrun for example_branch_datetime_operator_2 to 2026-05-06 00:00:00+00:00, run_after=2026-05-07 00:00:00+00:00
[2026-05-07T22:19:05.427+0000] {logging_mixin.py:188} INFO - [2026-05-07T22:19:05.427+0000] {dag.py:3954} INFO - Setting next_dagrun for example_branch_datetime_operator_3 to 2026-05-06 00:00:00+00:00, run_after=2026-05-07 00:00:00+00:00
[2026-05-07T22:19:05.446+0000] {processor.py:183} INFO - Processing /home/airflow/.local/lib/python3.12/site-packages/airflow/example_dags/example_branch_datetime_operator.py took 0.111 seconds
[2026-05-07T22:19:35.785+0000] {processor.py:161} INFO - Started process (PID=768) to work on /home/airflow/.local/lib/python3.12/site-packages/airflow/example_dags/example_branch_datetime_operator.py
[2026-05-07T22:19:35.786+0000] {processor.py:830} INFO - Processing file /home/airflow/.local/lib/python3.12/site-packages/airflow/example_dags/example_branch_datetime_operator.py for tasks to queue
[2026-05-07T22:19:35.789+0000] {logging_mixin.py:188} INFO - [2026-05-07T22:19:35.788+0000] {dagbag.py:545} INFO - Filling up the DagBag from /home/airflow/.local/lib/python3.12/site-packages/airflow/example_dags/example_branch_datetime_operator.py
[2026-05-07T22:19:35.798+0000] {processor.py:840} INFO - DAG(s) 'example_branch_datetime_operator_2', 'example_branch_datetime_operator_3', 'example_branch_datetime_operator' retrieved from /home/airflow/.local/lib/python3.12/site-packages/airflow/example_dags/example_branch_datetime_operator.py
[2026-05-07T22:19:35.827+0000] {logging_mixin.py:188} INFO - [2026-05-07T22:19:35.826+0000] {dag.py:3096} INFO - Sync 3 DAGs
[2026-05-07T22:19:35.849+0000] {logging_mixin.py:188} INFO - [2026-05-07T22:19:35.849+0000] {dag.py:3954} INFO - Setting next_dagrun for example_branch_datetime_operator to 2026-05-06 00:00:00+00:00, run_after=2026-05-07 00:00:00+00:00
[2026-05-07T22:19:35.854+0000] {logging_mixin.py:188} INFO - [2026-05-07T22:19:35.854+0000] {dag.py:3954} INFO - Setting next_dagrun for example_branch_datetime_operator_2 to 2026-05-06 00:00:00+00:00, run_after=2026-05-07 00:00:00+00:00
[2026-05-07T22:19:35.858+0000] {logging_mixin.py:188} INFO - [2026-05-07T22:19:35.858+0000] {dag.py:3954} INFO - Setting next_dagrun for example_branch_datetime_operator_3 to 2026-05-06 00:00:00+00:00, run_after=2026-05-07 00:00:00+00:00
[2026-05-07T22:19:35.878+0000] {processor.py:183} INFO - Processing /home/airflow/.local/lib/python3.12/site-packages/airflow/example_dags/example_branch_datetime_operator.py took 0.099 seconds
[2026-05-07T22:20:05.968+0000] {processor.py:161} INFO - Started process (PID=826) to work on /home/airflow/.local/lib/python3.12/site-packages/airflow/example_dags/example_branch_datetime_operator.py
[2026-05-07T22:20:05.970+0000] {processor.py:830} INFO - Processing file /home/airflow/.local/lib/python3.12/site-packages/airflow/example_dags/example_branch_datetime_operator.py for tasks to queue
[2026-05-07T22:20:05.972+0000] {logging_mixin.py:188} INFO - [2026-05-07T22:20:05.971+0000] {dagbag.py:545} INFO - Filling up the DagBag from /home/airflow/.local/lib/python3.12/site-packages/airflow/example_dags/example_branch_datetime_operator.py
[2026-05-07T22:20:05.980+0000] {processor.py:840} INFO - DAG(s) 'example_branch_datetime_operator_2', 'example_branch_datetime_operator_3', 'example_branch_datetime_operator' retrieved from /home/airflow/.local/lib/python3.12/site-packages/airflow/example_dags/example_branch_datetime_operator.py
[2026-05-07T22:20:06.005+0000] {logging_mixin.py:188} INFO - [2026-05-07T22:20:06.005+0000] {dag.py:3096} INFO - Sync 3 DAGs
[2026-05-07T22:20:06.027+0000] {logging_mixin.py:188} INFO - [2026-05-07T22:20:06.027+0000] {dag.py:3954} INFO - Setting next_dagrun for example_branch_datetime_operator to 2026-05-06 00:00:00+00:00, run_after=2026-05-07 00:00:00+00:00
[2026-05-07T22:20:06.032+0000] {logging_mixin.py:188} INFO - [2026-05-07T22:20:06.032+0000] {dag.py:3954} INFO - Setting next_dagrun for example_branch_datetime_operator_2 to 2026-05-06 00:00:00+00:00, run_after=2026-05-07 00:00:00+00:00
[2026-05-07T22:20:06.035+0000] {logging_mixin.py:188} INFO - [2026-05-07T22:20:06.035+0000] {dag.py:3954} INFO - Setting next_dagrun for example_branch_datetime_operator_3 to 2026-05-06 00:00:00+00:00, run_after=2026-05-07 00:00:00+00:00
[2026-05-07T22:20:06.052+0000] {processor.py:183} INFO - Processing /home/airflow/.local/lib/python3.12/site-packages/airflow/example_dags/example_branch_datetime_operator.py took 0.089 seconds
[2026-05-07T22:20:36.680+0000] {processor.py:161} INFO - Started process (PID=884) to work on /home/airflow/.local/lib/python3.12/site-packages/airflow/example_dags/example_branch_datetime_operator.py
[2026-05-07T22:20:36.682+0000] {processor.py:830} INFO - Processing file /home/airflow/.local/lib/python3.12/site-packages/airflow/example_dags/example_branch_datetime_operator.py for tasks to queue
[2026-05-07T22:20:36.684+0000] {logging_mixin.py:188} INFO - [2026-05-07T22:20:36.684+0000] {dagbag.py:545} INFO - Filling up the DagBag from /home/airflow/.local/lib/python3.12/site-packages/airflow/example_dags/example_branch_datetime_operator.py
[2026-05-07T22:20:36.696+0000] {processor.py:840} INFO - DAG(s) 'example_branch_datetime_operator_2', 'example_branch_datetime_operator', 'example_branch_datetime_operator_3' retrieved from /home/airflow/.local/lib/python3.12/site-packages/airflow/example_dags/example_branch_datetime_operator.py
[2026-05-07T22:20:36.730+0000] {logging_mixin.py:188} INFO - [2026-05-07T22:20:36.730+0000] {dag.py:3096} INFO - Sync 3 DAGs
[2026-05-07T22:20:36.754+0000] {logging_mixin.py:188} INFO - [2026-05-07T22:20:36.754+0000] {dag.py:3954} INFO - Setting next_dagrun for example_branch_datetime_operator to 2026-05-06 00:00:00+00:00, run_after=2026-05-07 00:00:00+00:00
[2026-05-07T22:20:36.761+0000] {logging_mixin.py:188} INFO - [2026-05-07T22:20:36.761+0000] {dag.py:3954} INFO - Setting next_dagrun for example_branch_datetime_operator_2 to 2026-05-06 00:00:00+00:00, run_after=2026-05-07 00:00:00+00:00
[2026-05-07T22:20:36.764+0000] {logging_mixin.py:188} INFO - [2026-05-07T22:20:36.764+0000] {dag.py:3954} INFO - Setting next_dagrun for example_branch_datetime_operator_3 to 2026-05-06 00:00:00+00:00, run_after=2026-05-07 00:00:00+00:00
[2026-05-07T22:20:36.789+0000] {processor.py:183} INFO - Processing /home/airflow/.local/lib/python3.12/site-packages/airflow/example_dags/example_branch_datetime_operator.py took 0.116 seconds
[2026-05-07T22:21:06.886+0000] {processor.py:161} INFO - Started process (PID=942) to work on /home/airflow/.local/lib/python3.12/site-packages/airflow/example_dags/example_branch_datetime_operator.py
[2026-05-07T22:21:06.887+0000] {processor.py:830} INFO - Processing file /home/airflow/.local/lib/python3.12/site-packages/airflow/example_dags/example_branch_datetime_operator.py for tasks to queue
[2026-05-07T22:21:06.889+0000] {logging_mixin.py:188} INFO - [2026-05-07T22:21:06.889+0000] {dagbag.py:545} INFO - Filling up the DagBag from /home/airflow/.local/lib/python3.12/site-packages/airflow/example_dags/example_branch_datetime_operator.py
[2026-05-07T22:21:06.900+0000] {processor.py:840} INFO - DAG(s) 'example_branch_datetime_operator', 'example_branch_datetime_operator_3', 'example_branch_datetime_operator_2' retrieved from /home/airflow/.local/lib/python3.12/site-packages/airflow/example_dags/example_branch_datetime_operator.py
[2026-05-07T22:21:06.929+0000] {logging_mixin.py:188} INFO - [2026-05-07T22:21:06.929+0000] {dag.py:3096} INFO - Sync 3 DAGs
[2026-05-07T22:21:06.955+0000] {logging_mixin.py:188} INFO - [2026-05-07T22:21:06.955+0000] {dag.py:3954} INFO - Setting next_dagrun for example_branch_datetime_operator to 2026-05-06 00:00:00+00:00, run_after=2026-05-07 00:00:00+00:00
[2026-05-07T22:21:06.960+0000] {logging_mixin.py:188} INFO - [2026-05-07T22:21:06.960+0000] {dag.py:3954} INFO - Setting next_dagrun for example_branch_datetime_operator_2 to 2026-05-06 00:00:00+00:00, run_after=2026-05-07 00:00:00+00:00
[2026-05-07T22:21:06.964+0000] {logging_mixin.py:188} INFO - [2026-05-07T22:21:06.963+0000] {dag.py:3954} INFO - Setting next_dagrun for example_branch_datetime_operator_3 to 2026-05-06 00:00:00+00:00, run_after=2026-05-07 00:00:00+00:00
[2026-05-07T22:21:06.988+0000] {processor.py:183} INFO - Processing /home/airflow/.local/lib/python3.12/site-packages/airflow/example_dags/example_branch_datetime_operator.py took 0.107 seconds
[2026-05-07T22:21:37.285+0000] {processor.py:161} INFO - Started process (PID=1000) to work on /home/airflow/.local/lib/python3.12/site-packages/airflow/example_dags/example_branch_datetime_operator.py
[2026-05-07T22:21:37.286+0000] {processor.py:830} INFO - Processing file /home/airflow/.local/lib/python3.12/site-packages/airflow/example_dags/example_branch_datetime_operator.py for tasks to queue
[2026-05-07T22:21:37.288+0000] {logging_mixin.py:188} INFO - [2026-05-07T22:21:37.288+0000] {dagbag.py:545} INFO - Filling up the DagBag from /home/airflow/.local/lib/python3.12/site-packages/airflow/example_dags/example_branch_datetime_operator.py
[2026-05-07T22:21:37.297+0000] {processor.py:840} INFO - DAG(s) 'example_branch_datetime_operator_3', 'example_branch_datetime_operator_2', 'example_branch_datetime_operator' retrieved from /home/airflow/.local/lib/python3.12/site-packages/airflow/example_dags/example_branch_datetime_operator.py
[2026-05-07T22:21:37.325+0000] {logging_mixin.py:188} INFO - [2026-05-07T22:21:37.325+0000] {dag.py:3096} INFO - Sync 3 DAGs
[2026-05-07T22:21:37.347+0000] {logging_mixin.py:188} INFO - [2026-05-07T22:21:37.347+0000] {dag.py:3954} INFO - Setting next_dagrun for example_branch_datetime_operator to 2026-05-06 00:00:00+00:00, run_after=2026-05-07 00:00:00+00:00
[2026-05-07T22:21:37.353+0000] {logging_mixin.py:188} INFO - [2026-05-07T22:21:37.353+0000] {dag.py:3954} INFO - Setting next_dagrun for example_branch_datetime_operator_2 to 2026-05-06 00:00:00+00:00, run_after=2026-05-07 00:00:00+00:00
[2026-05-07T22:21:37.357+0000] {logging_mixin.py:188} INFO - [2026-05-07T22:21:37.357+0000] {dag.py:3954} INFO - Setting next_dagrun for example_branch_datetime_operator_3 to 2026-05-06 00:00:00+00:00, run_after=2026-05-07 00:00:00+00:00
[2026-05-07T22:21:37.374+0000] {processor.py:183} INFO - Processing /home/airflow/.local/lib/python3.12/site-packages/airflow/example_dags/example_branch_datetime_operator.py took 0.095 seconds
[2026-05-07T22:22:07.735+0000] {processor.py:161} INFO - Started process (PID=1058) to work on /home/airflow/.local/lib/python3.12/site-packages/airflow/example_dags/example_branch_datetime_operator.py
[2026-05-07T22:22:07.737+0000] {processor.py:830} INFO - Processing file /home/airflow/.local/lib/python3.12/site-packages/airflow/example_dags/example_branch_datetime_operator.py for tasks to queue
[2026-05-07T22:22:07.739+0000] {logging_mixin.py:188} INFO - [2026-05-07T22:22:07.738+0000] {dagbag.py:545} INFO - Filling up the DagBag from /home/airflow/.local/lib/python3.12/site-packages/airflow/example_dags/example_branch_datetime_operator.py
[2026-05-07T22:22:07.749+0000] {processor.py:840} INFO - DAG(s) 'example_branch_datetime_operator', 'example_branch_datetime_operator_2', 'example_branch_datetime_operator_3' retrieved from /home/airflow/.local/lib/python3.12/site-packages/airflow/example_dags/example_branch_datetime_operator.py
[2026-05-07T22:22:07.784+0000] {logging_mixin.py:188} INFO - [2026-05-07T22:22:07.783+0000] {dag.py:3096} INFO - Sync 3 DAGs
[2026-05-07T22:22:07.812+0000] {logging_mixin.py:188} INFO - [2026-05-07T22:22:07.812+0000] {dag.py:3954} INFO - Setting next_dagrun for example_branch_datetime_operator to 2026-05-06 00:00:00+00:00, run_after=2026-05-07 00:00:00+00:00
[2026-05-07T22:22:07.818+0000] {logging_mixin.py:188} INFO - [2026-05-07T22:22:07.818+0000] {dag.py:3954} INFO - Setting next_dagrun for example_branch_datetime_operator_2 to 2026-05-06 00:00:00+00:00, run_after=2026-05-07 00:00:00+00:00
[2026-05-07T22:22:07.822+0000] {logging_mixin.py:188} INFO - [2026-05-07T22:22:07.822+0000] {dag.py:3954} INFO - Setting next_dagrun for example_branch_datetime_operator_3 to 2026-05-06 00:00:00+00:00, run_after=2026-05-07 00:00:00+00:00
[2026-05-07T22:22:07.853+0000] {processor.py:183} INFO - Processing /home/airflow/.local/lib/python3.12/site-packages/airflow/example_dags/example_branch_datetime_operator.py took 0.125 seconds
[2026-05-07T22:22:37.957+0000] {processor.py:161} INFO - Started process (PID=1116) to work on /home/airflow/.local/lib/python3.12/site-packages/airflow/example_dags/example_branch_datetime_operator.py
[2026-05-07T22:22:37.958+0000] {processor.py:830} INFO - Processing file /home/airflow/.local/lib/python3.12/site-packages/airflow/example_dags/example_branch_datetime_operator.py for tasks to queue
[2026-05-07T22:22:37.961+0000] {logging_mixin.py:188} INFO - [2026-05-07T22:22:37.961+0000] {dagbag.py:545} INFO - Filling up the DagBag from /home/airflow/.local/lib/python3.12/site-packages/airflow/example_dags/example_branch_datetime_operator.py
[2026-05-07T22:22:37.971+0000] {processor.py:840} INFO - DAG(s) 'example_branch_datetime_operator', 'example_branch_datetime_operator_2', 'example_branch_datetime_operator_3' retrieved from /home/airflow/.local/lib/python3.12/site-packages/airflow/example_dags/example_branch_datetime_operator.py
[2026-05-07T22:22:38.003+0000] {logging_mixin.py:188} INFO - [2026-05-07T22:22:38.003+0000] {dag.py:3096} INFO - Sync 3 DAGs
[2026-05-07T22:22:38.031+0000] {logging_mixin.py:188} INFO - [2026-05-07T22:22:38.029+0000] {dag.py:3954} INFO - Setting next_dagrun for example_branch_datetime_operator to 2026-05-06 00:00:00+00:00, run_after=2026-05-07 00:00:00+00:00
[2026-05-07T22:22:38.036+0000] {logging_mixin.py:188} INFO - [2026-05-07T22:22:38.036+0000] {dag.py:3954} INFO - Setting next_dagrun for example_branch_datetime_operator_2 to 2026-05-06 00:00:00+00:00, run_after=2026-05-07 00:00:00+00:00
[2026-05-07T22:22:38.038+0000] {logging_mixin.py:188} INFO - [2026-05-07T22:22:38.038+0000] {dag.py:3954} INFO - Setting next_dagrun for example_branch_datetime_operator_3 to 2026-05-06 00:00:00+00:00, run_after=2026-05-07 00:00:00+00:00
[2026-05-07T22:22:38.059+0000] {processor.py:183} INFO - Processing /home/airflow/.local/lib/python3.12/site-packages/airflow/example_dags/example_branch_datetime_operator.py took 0.107 seconds
[2026-05-07T22:23:08.292+0000] {processor.py:161} INFO - Started process (PID=1174) to work on /home/airflow/.local/lib/python3.12/site-packages/airflow/example_dags/example_branch_datetime_operator.py
[2026-05-07T22:23:08.294+0000] {processor.py:830} INFO - Processing file /home/airflow/.local/lib/python3.12/site-packages/airflow/example_dags/example_branch_datetime_operator.py for tasks to queue
[2026-05-07T22:23:08.302+0000] {logging_mixin.py:188} INFO - [2026-05-07T22:23:08.300+0000] {dagbag.py:545} INFO - Filling up the DagBag from /home/airflow/.local/lib/python3.12/site-packages/airflow/example_dags/example_branch_datetime_operator.py
[2026-05-07T22:23:08.332+0000] {processor.py:840} INFO - DAG(s) 'example_branch_datetime_operator_2', 'example_branch_datetime_operator', 'example_branch_datetime_operator_3' retrieved from /home/airflow/.local/lib/python3.12/site-packages/airflow/example_dags/example_branch_datetime_operator.py
[2026-05-07T22:23:08.406+0000] {logging_mixin.py:188} INFO - [2026-05-07T22:23:08.406+0000] {dag.py:3096} INFO - Sync 3 DAGs
[2026-05-07T22:23:08.467+0000] {logging_mixin.py:188} INFO - [2026-05-07T22:23:08.466+0000] {dag.py:3954} INFO - Setting next_dagrun for example_branch_datetime_operator to 2026-05-06 00:00:00+00:00, run_after=2026-05-07 00:00:00+00:00
[2026-05-07T22:23:08.473+0000] {logging_mixin.py:188} INFO - [2026-05-07T22:23:08.473+0000] {dag.py:3954} INFO - Setting next_dagrun for example_branch_datetime_operator_2 to 2026-05-06 00:00:00+00:00, run_after=2026-05-07 00:00:00+00:00
[2026-05-07T22:23:08.477+0000] {logging_mixin.py:188} INFO - [2026-05-07T22:23:08.476+0000] {dag.py:3954} INFO - Setting next_dagrun for example_branch_datetime_operator_3 to 2026-05-06 00:00:00+00:00, run_after=2026-05-07 00:00:00+00:00
[2026-05-07T22:23:08.520+0000] {processor.py:183} INFO - Processing /home/airflow/.local/lib/python3.12/site-packages/airflow/example_dags/example_branch_datetime_operator.py took 0.243 seconds
[2026-05-07T22:23:38.865+0000] {processor.py:161} INFO - Started process (PID=1232) to work on /home/airflow/.local/lib/python3.12/site-packages/airflow/example_dags/example_branch_datetime_operator.py
[2026-05-07T22:23:38.867+0000] {processor.py:830} INFO - Processing file /home/airflow/.local/lib/python3.12/site-packages/airflow/example_dags/example_branch_datetime_operator.py for tasks to queue
[2026-05-07T22:23:38.869+0000] {logging_mixin.py:188} INFO - [2026-05-07T22:23:38.869+0000] {dagbag.py:545} INFO - Filling up the DagBag from /home/airflow/.local/lib/python3.12/site-packages/airflow/example_dags/example_branch_datetime_operator.py
[2026-05-07T22:23:38.878+0000] {processor.py:840} INFO - DAG(s) 'example_branch_datetime_operator_3', 'example_branch_datetime_operator_2', 'example_branch_datetime_operator' retrieved from /home/airflow/.local/lib/python3.12/site-packages/airflow/example_dags/example_branch_datetime_operator.py
[2026-05-07T22:23:38.906+0000] {logging_mixin.py:188} INFO - [2026-05-07T22:23:38.905+0000] {dag.py:3096} INFO - Sync 3 DAGs
[2026-05-07T22:23:38.927+0000] {logging_mixin.py:188} INFO - [2026-05-07T22:23:38.926+0000] {dag.py:3954} INFO - Setting next_dagrun for example_branch_datetime_operator to 2026-05-06 00:00:00+00:00, run_after=2026-05-07 00:00:00+00:00
[2026-05-07T22:23:38.932+0000] {logging_mixin.py:188} INFO - [2026-05-07T22:23:38.932+0000] {dag.py:3954} INFO - Setting next_dagrun for example_branch_datetime_operator_2 to 2026-05-06 00:00:00+00:00, run_after=2026-05-07 00:00:00+00:00
[2026-05-07T22:23:38.935+0000] {logging_mixin.py:188} INFO - [2026-05-07T22:23:38.935+0000] {dag.py:3954} INFO - Setting next_dagrun for example_branch_datetime_operator_3 to 2026-05-06 00:00:00+00:00, run_after=2026-05-07 00:00:00+00:00
[2026-05-07T22:23:38.952+0000] {processor.py:183} INFO - Processing /home/airflow/.local/lib/python3.12/site-packages/airflow/example_dags/example_branch_datetime_operator.py took 0.091 seconds
[2026-05-07T22:24:09.060+0000] {processor.py:161} INFO - Started process (PID=1290) to work on /home/airflow/.local/lib/python3.12/site-packages/airflow/example_dags/example_branch_datetime_operator.py
[2026-05-07T22:24:09.061+0000] {processor.py:830} INFO - Processing file /home/airflow/.local/lib/python3.12/site-packages/airflow/example_dags/example_branch_datetime_operator.py for tasks to queue
[2026-05-07T22:24:09.063+0000] {logging_mixin.py:188} INFO - [2026-05-07T22:24:09.063+0000] {dagbag.py:545} INFO - Filling up the DagBag from /home/airflow/.local/lib/python3.12/site-packages/airflow/example_dags/example_branch_datetime_operator.py
[2026-05-07T22:24:09.073+0000] {processor.py:840} INFO - DAG(s) 'example_branch_datetime_operator_3', 'example_branch_datetime_operator_2', 'example_branch_datetime_operator' retrieved from /home/airflow/.local/lib/python3.12/site-packages/airflow/example_dags/example_branch_datetime_operator.py
[2026-05-07T22:24:09.107+0000] {logging_mixin.py:188} INFO - [2026-05-07T22:24:09.107+0000] {dag.py:3096} INFO - Sync 3 DAGs
[2026-05-07T22:24:09.135+0000] {logging_mixin.py:188} INFO - [2026-05-07T22:24:09.135+0000] {dag.py:3954} INFO - Setting next_dagrun for example_branch_datetime_operator to 2026-05-06 00:00:00+00:00, run_after=2026-05-07 00:00:00+00:00
[2026-05-07T22:24:09.141+0000] {logging_mixin.py:188} INFO - [2026-05-07T22:24:09.140+0000] {dag.py:3954} INFO - Setting next_dagrun for example_branch_datetime_operator_2 to 2026-05-06 00:00:00+00:00, run_after=2026-05-07 00:00:00+00:00
[2026-05-07T22:24:09.145+0000] {logging_mixin.py:188} INFO - [2026-05-07T22:24:09.145+0000] {dag.py:3954} INFO - Setting next_dagrun for example_branch_datetime_operator_3 to 2026-05-06 00:00:00+00:00, run_after=2026-05-07 00:00:00+00:00
[2026-05-07T22:24:09.179+0000] {processor.py:183} INFO - Processing /home/airflow/.local/lib/python3.12/site-packages/airflow/example_dags/example_branch_datetime_operator.py took 0.125 seconds
[2026-05-07T22:24:39.245+0000] {processor.py:161} INFO - Started process (PID=1348) to work on /home/airflow/.local/lib/python3.12/site-packages/airflow/example_dags/example_branch_datetime_operator.py
[2026-05-07T22:24:39.247+0000] {processor.py:830} INFO - Processing file /home/airflow/.local/lib/python3.12/site-packages/airflow/example_dags/example_branch_datetime_operator.py for tasks to queue
[2026-05-07T22:24:39.250+0000] {logging_mixin.py:188} INFO - [2026-05-07T22:24:39.249+0000] {dagbag.py:545} INFO - Filling up the DagBag from /home/airflow/.local/lib/python3.12/site-packages/airflow/example_dags/example_branch_datetime_operator.py
[2026-05-07T22:24:39.260+0000] {processor.py:840} INFO - DAG(s) 'example_branch_datetime_operator_2', 'example_branch_datetime_operator_3', 'example_branch_datetime_operator' retrieved from /home/airflow/.local/lib/python3.12/site-packages/airflow/example_dags/example_branch_datetime_operator.py
[2026-05-07T22:24:39.286+0000] {logging_mixin.py:188} INFO - [2026-05-07T22:24:39.285+0000] {dag.py:3096} INFO - Sync 3 DAGs
[2026-05-07T22:24:39.307+0000] {logging_mixin.py:188} INFO - [2026-05-07T22:24:39.306+0000] {dag.py:3954} INFO - Setting next_dagrun for example_branch_datetime_operator to 2026-05-06 00:00:00+00:00, run_after=2026-05-07 00:00:00+00:00
[2026-05-07T22:24:39.312+0000] {logging_mixin.py:188} INFO - [2026-05-07T22:24:39.312+0000] {dag.py:3954} INFO - Setting next_dagrun for example_branch_datetime_operator_2 to 2026-05-06 00:00:00+00:00, run_after=2026-05-07 00:00:00+00:00
[2026-05-07T22:24:39.315+0000] {logging_mixin.py:188} INFO - [2026-05-07T22:24:39.314+0000] {dag.py:3954} INFO - Setting next_dagrun for example_branch_datetime_operator_3 to 2026-05-06 00:00:00+00:00, run_after=2026-05-07 00:00:00+00:00
[2026-05-07T22:24:39.334+0000] {processor.py:183} INFO - Processing /home/airflow/.local/lib/python3.12/site-packages/airflow/example_dags/example_branch_datetime_operator.py took 0.095 seconds
[2026-05-07T22:25:09.537+0000] {processor.py:161} INFO - Started process (PID=1406) to work on /home/airflow/.local/lib/python3.12/site-packages/airflow/example_dags/example_branch_datetime_operator.py
[2026-05-07T22:25:09.539+0000] {processor.py:830} INFO - Processing file /home/airflow/.local/lib/python3.12/site-packages/airflow/example_dags/example_branch_datetime_operator.py for tasks to queue
[2026-05-07T22:25:09.541+0000] {logging_mixin.py:188} INFO - [2026-05-07T22:25:09.541+0000] {dagbag.py:545} INFO - Filling up the DagBag from /home/airflow/.local/lib/python3.12/site-packages/airflow/example_dags/example_branch_datetime_operator.py
[2026-05-07T22:25:09.549+0000] {processor.py:840} INFO - DAG(s) 'example_branch_datetime_operator_3', 'example_branch_datetime_operator_2', 'example_branch_datetime_operator' retrieved from /home/airflow/.local/lib/python3.12/site-packages/airflow/example_dags/example_branch_datetime_operator.py
[2026-05-07T22:25:09.578+0000] {logging_mixin.py:188} INFO - [2026-05-07T22:25:09.577+0000] {dag.py:3096} INFO - Sync 3 DAGs
[2026-05-07T22:25:09.598+0000] {logging_mixin.py:188} INFO - [2026-05-07T22:25:09.597+0000] {dag.py:3954} INFO - Setting next_dagrun for example_branch_datetime_operator to 2026-05-06 00:00:00+00:00, run_after=2026-05-07 00:00:00+00:00
[2026-05-07T22:25:09.604+0000] {logging_mixin.py:188} INFO - [2026-05-07T22:25:09.603+0000] {dag.py:3954} INFO - Setting next_dagrun for example_branch_datetime_operator_2 to 2026-05-06 00:00:00+00:00, run_after=2026-05-07 00:00:00+00:00
[2026-05-07T22:25:09.607+0000] {logging_mixin.py:188} INFO - [2026-05-07T22:25:09.606+0000] {dag.py:3954} INFO - Setting next_dagrun for example_branch_datetime_operator_3 to 2026-05-06 00:00:00+00:00, run_after=2026-05-07 00:00:00+00:00
[2026-05-07T22:25:09.627+0000] {processor.py:183} INFO - Processing /home/airflow/.local/lib/python3.12/site-packages/airflow/example_dags/example_branch_datetime_operator.py took 0.095 seconds
[2026-05-07T22:25:39.840+0000] {processor.py:161} INFO - Started process (PID=1463) to work on /home/airflow/.local/lib/python3.12/site-packages/airflow/example_dags/example_branch_datetime_operator.py
[2026-05-07T22:25:39.842+0000] {processor.py:830} INFO - Processing file /home/airflow/.local/lib/python3.12/site-packages/airflow/example_dags/example_branch_datetime_operator.py for tasks to queue
[2026-05-07T22:25:39.844+0000] {logging_mixin.py:188} INFO - [2026-05-07T22:25:39.844+0000] {dagbag.py:545} INFO - Filling up the DagBag from /home/airflow/.local/lib/python3.12/site-packages/airflow/example_dags/example_branch_datetime_operator.py
[2026-05-07T22:25:39.854+0000] {processor.py:840} INFO - DAG(s) 'example_branch_datetime_operator_2', 'example_branch_datetime_operator', 'example_branch_datetime_operator_3' retrieved from /home/airflow/.local/lib/python3.12/site-packages/airflow/example_dags/example_branch_datetime_operator.py
[2026-05-07T22:25:39.884+0000] {logging_mixin.py:188} INFO - [2026-05-07T22:25:39.883+0000] {dag.py:3096} INFO - Sync 3 DAGs
[2026-05-07T22:25:39.906+0000] {logging_mixin.py:188} INFO - [2026-05-07T22:25:39.906+0000] {dag.py:3954} INFO - Setting next_dagrun for example_branch_datetime_operator to 2026-05-06 00:00:00+00:00, run_after=2026-05-07 00:00:00+00:00
[2026-05-07T22:25:39.912+0000] {logging_mixin.py:188} INFO - [2026-05-07T22:25:39.912+0000] {dag.py:3954} INFO - Setting next_dagrun for example_branch_datetime_operator_2 to 2026-05-06 00:00:00+00:00, run_after=2026-05-07 00:00:00+00:00
[2026-05-07T22:25:39.915+0000] {logging_mixin.py:188} INFO - [2026-05-07T22:25:39.915+0000] {dag.py:3954} INFO - Setting next_dagrun for example_branch_datetime_operator_3 to 2026-05-06 00:00:00+00:00, run_after=2026-05-07 00:00:00+00:00
[2026-05-07T22:25:39.937+0000] {processor.py:183} INFO - Processing /home/airflow/.local/lib/python3.12/site-packages/airflow/example_dags/example_branch_datetime_operator.py took 0.102 seconds
[2026-05-07T22:26:09.999+0000] {processor.py:161} INFO - Started process (PID=1521) to work on /home/airflow/.local/lib/python3.12/site-packages/airflow/example_dags/example_branch_datetime_operator.py
[2026-05-07T22:26:10.001+0000] {processor.py:830} INFO - Processing file /home/airflow/.local/lib/python3.12/site-packages/airflow/example_dags/example_branch_datetime_operator.py for tasks to queue
[2026-05-07T22:26:10.002+0000] {logging_mixin.py:188} INFO - [2026-05-07T22:26:10.002+0000] {dagbag.py:545} INFO - Filling up the DagBag from /home/airflow/.local/lib/python3.12/site-packages/airflow/example_dags/example_branch_datetime_operator.py
[2026-05-07T22:26:10.011+0000] {processor.py:840} INFO - DAG(s) 'example_branch_datetime_operator', 'example_branch_datetime_operator_2', 'example_branch_datetime_operator_3' retrieved from /home/airflow/.local/lib/python3.12/site-packages/airflow/example_dags/example_branch_datetime_operator.py
[2026-05-07T22:26:10.038+0000] {logging_mixin.py:188} INFO - [2026-05-07T22:26:10.038+0000] {dag.py:3096} INFO - Sync 3 DAGs
[2026-05-07T22:26:10.060+0000] {logging_mixin.py:188} INFO - [2026-05-07T22:26:10.059+0000] {dag.py:3954} INFO - Setting next_dagrun for example_branch_datetime_operator to 2026-05-06 00:00:00+00:00, run_after=2026-05-07 00:00:00+00:00
[2026-05-07T22:26:10.065+0000] {logging_mixin.py:188} INFO - [2026-05-07T22:26:10.065+0000] {dag.py:3954} INFO - Setting next_dagrun for example_branch_datetime_operator_2 to 2026-05-06 00:00:00+00:00, run_after=2026-05-07 00:00:00+00:00
[2026-05-07T22:26:10.069+0000] {logging_mixin.py:188} INFO - [2026-05-07T22:26:10.068+0000] {dag.py:3954} INFO - Setting next_dagrun for example_branch_datetime_operator_3 to 2026-05-06 00:00:00+00:00, run_after=2026-05-07 00:00:00+00:00
[2026-05-07T22:26:10.089+0000] {processor.py:183} INFO - Processing /home/airflow/.local/lib/python3.12/site-packages/airflow/example_dags/example_branch_datetime_operator.py took 0.097 seconds
[2026-05-07T22:26:40.381+0000] {processor.py:161} INFO - Started process (PID=1579) to work on /home/airflow/.local/lib/python3.12/site-packages/airflow/example_dags/example_branch_datetime_operator.py
[2026-05-07T22:26:40.383+0000] {processor.py:830} INFO - Processing file /home/airflow/.local/lib/python3.12/site-packages/airflow/example_dags/example_branch_datetime_operator.py for tasks to queue
[2026-05-07T22:26:40.385+0000] {logging_mixin.py:188} INFO - [2026-05-07T22:26:40.384+0000] {dagbag.py:545} INFO - Filling up the DagBag from /home/airflow/.local/lib/python3.12/site-packages/airflow/example_dags/example_branch_datetime_operator.py
[2026-05-07T22:26:40.394+0000] {processor.py:840} INFO - DAG(s) 'example_branch_datetime_operator_2', 'example_branch_datetime_operator', 'example_branch_datetime_operator_3' retrieved from /home/airflow/.local/lib/python3.12/site-packages/airflow/example_dags/example_branch_datetime_operator.py
[2026-05-07T22:26:40.419+0000] {logging_mixin.py:188} INFO - [2026-05-07T22:26:40.419+0000] {dag.py:3096} INFO - Sync 3 DAGs
[2026-05-07T22:26:40.439+0000] {logging_mixin.py:188} INFO - [2026-05-07T22:26:40.439+0000] {dag.py:3954} INFO - Setting next_dagrun for example_branch_datetime_operator to 2026-05-06 00:00:00+00:00, run_after=2026-05-07 00:00:00+00:00
[2026-05-07T22:26:40.445+0000] {logging_mixin.py:188} INFO - [2026-05-07T22:26:40.445+0000] {dag.py:3954} INFO - Setting next_dagrun for example_branch_datetime_operator_2 to 2026-05-06 00:00:00+00:00, run_after=2026-05-07 00:00:00+00:00
[2026-05-07T22:26:40.448+0000] {logging_mixin.py:188} INFO - [2026-05-07T22:26:40.447+0000] {dag.py:3954} INFO - Setting next_dagrun for example_branch_datetime_operator_3 to 2026-05-06 00:00:00+00:00, run_after=2026-05-07 00:00:00+00:00
[2026-05-07T22:26:40.468+0000] {processor.py:183} INFO - Processing /home/airflow/.local/lib/python3.12/site-packages/airflow/example_dags/example_branch_datetime_operator.py took 0.092 seconds
[2026-05-07T22:27:10.638+0000] {processor.py:161} INFO - Started process (PID=1636) to work on /home/airflow/.local/lib/python3.12/site-packages/airflow/example_dags/example_branch_datetime_operator.py
[2026-05-07T22:27:10.639+0000] {processor.py:830} INFO - Processing file /home/airflow/.local/lib/python3.12/site-packages/airflow/example_dags/example_branch_datetime_operator.py for tasks to queue
[2026-05-07T22:27:10.641+0000] {logging_mixin.py:188} INFO - [2026-05-07T22:27:10.641+0000] {dagbag.py:545} INFO - Filling up the DagBag from /home/airflow/.local/lib/python3.12/site-packages/airflow/example_dags/example_branch_datetime_operator.py
[2026-05-07T22:27:10.650+0000] {processor.py:840} INFO - DAG(s) 'example_branch_datetime_operator', 'example_branch_datetime_operator_2', 'example_branch_datetime_operator_3' retrieved from /home/airflow/.local/lib/python3.12/site-packages/airflow/example_dags/example_branch_datetime_operator.py
[2026-05-07T22:27:10.676+0000] {logging_mixin.py:188} INFO - [2026-05-07T22:27:10.676+0000] {dag.py:3096} INFO - Sync 3 DAGs
[2026-05-07T22:27:10.697+0000] {logging_mixin.py:188} INFO - [2026-05-07T22:27:10.696+0000] {dag.py:3954} INFO - Setting next_dagrun for example_branch_datetime_operator to 2026-05-06 00:00:00+00:00, run_after=2026-05-07 00:00:00+00:00
[2026-05-07T22:27:10.703+0000] {logging_mixin.py:188} INFO - [2026-05-07T22:27:10.703+0000] {dag.py:3954} INFO - Setting next_dagrun for example_branch_datetime_operator_2 to 2026-05-06 00:00:00+00:00, run_after=2026-05-07 00:00:00+00:00
[2026-05-07T22:27:10.705+0000] {logging_mixin.py:188} INFO - [2026-05-07T22:27:10.705+0000] {dag.py:3954} INFO - Setting next_dagrun for example_branch_datetime_operator_3 to 2026-05-06 00:00:00+00:00, run_after=2026-05-07 00:00:00+00:00
[2026-05-07T22:27:10.726+0000] {processor.py:183} INFO - Processing /home/airflow/.local/lib/python3.12/site-packages/airflow/example_dags/example_branch_datetime_operator.py took 0.093 seconds
[2026-05-07T22:27:40.813+0000] {processor.py:161} INFO - Started process (PID=1693) to work on /home/airflow/.local/lib/python3.12/site-packages/airflow/example_dags/example_branch_datetime_operator.py
[2026-05-07T22:27:40.815+0000] {processor.py:830} INFO - Processing file /home/airflow/.local/lib/python3.12/site-packages/airflow/example_dags/example_branch_datetime_operator.py for tasks to queue
[2026-05-07T22:27:40.817+0000] {logging_mixin.py:188} INFO - [2026-05-07T22:27:40.817+0000] {dagbag.py:545} INFO - Filling up the DagBag from /home/airflow/.local/lib/python3.12/site-packages/airflow/example_dags/example_branch_datetime_operator.py
[2026-05-07T22:27:40.827+0000] {processor.py:840} INFO - DAG(s) 'example_branch_datetime_operator_3', 'example_branch_datetime_operator_2', 'example_branch_datetime_operator' retrieved from /home/airflow/.local/lib/python3.12/site-packages/airflow/example_dags/example_branch_datetime_operator.py
[2026-05-07T22:27:40.853+0000] {logging_mixin.py:188} INFO - [2026-05-07T22:27:40.853+0000] {dag.py:3096} INFO - Sync 3 DAGs
[2026-05-07T22:27:40.876+0000] {logging_mixin.py:188} INFO - [2026-05-07T22:27:40.875+0000] {dag.py:3954} INFO - Setting next_dagrun for example_branch_datetime_operator to 2026-05-06 00:00:00+00:00, run_after=2026-05-07 00:00:00+00:00
[2026-05-07T22:27:40.880+0000] {logging_mixin.py:188} INFO - [2026-05-07T22:27:40.880+0000] {dag.py:3954} INFO - Setting next_dagrun for example_branch_datetime_operator_2 to 2026-05-06 00:00:00+00:00, run_after=2026-05-07 00:00:00+00:00
[2026-05-07T22:27:40.883+0000] {logging_mixin.py:188} INFO - [2026-05-07T22:27:40.883+0000] {dag.py:3954} INFO - Setting next_dagrun for example_branch_datetime_operator_3 to 2026-05-06 00:00:00+00:00, run_after=2026-05-07 00:00:00+00:00
[2026-05-07T22:27:40.903+0000] {processor.py:183} INFO - Processing /home/airflow/.local/lib/python3.12/site-packages/airflow/example_dags/example_branch_datetime_operator.py took 0.095 seconds
[2026-05-07T22:28:11.192+0000] {processor.py:161} INFO - Started process (PID=1751) to work on /home/airflow/.local/lib/python3.12/site-packages/airflow/example_dags/example_branch_datetime_operator.py
[2026-05-07T22:28:11.195+0000] {processor.py:830} INFO - Processing file /home/airflow/.local/lib/python3.12/site-packages/airflow/example_dags/example_branch_datetime_operator.py for tasks to queue
[2026-05-07T22:28:11.198+0000] {logging_mixin.py:188} INFO - [2026-05-07T22:28:11.197+0000] {dagbag.py:545} INFO - Filling up the DagBag from /home/airflow/.local/lib/python3.12/site-packages/airflow/example_dags/example_branch_datetime_operator.py
[2026-05-07T22:28:11.209+0000] {processor.py:840} INFO - DAG(s) 'example_branch_datetime_operator', 'example_branch_datetime_operator_3', 'example_branch_datetime_operator_2' retrieved from /home/airflow/.local/lib/python3.12/site-packages/airflow/example_dags/example_branch_datetime_operator.py
[2026-05-07T22:28:11.240+0000] {logging_mixin.py:188} INFO - [2026-05-07T22:28:11.240+0000] {dag.py:3096} INFO - Sync 3 DAGs
[2026-05-07T22:28:11.422+0000] {logging_mixin.py:188} INFO - [2026-05-07T22:28:11.421+0000] {dag.py:3954} INFO - Setting next_dagrun for example_branch_datetime_operator to 2026-05-06 00:00:00+00:00, run_after=2026-05-07 00:00:00+00:00
[2026-05-07T22:28:11.426+0000] {logging_mixin.py:188} INFO - [2026-05-07T22:28:11.426+0000] {dag.py:3954} INFO - Setting next_dagrun for example_branch_datetime_operator_2 to 2026-05-06 00:00:00+00:00, run_after=2026-05-07 00:00:00+00:00
[2026-05-07T22:28:11.429+0000] {logging_mixin.py:188} INFO - [2026-05-07T22:28:11.429+0000] {dag.py:3954} INFO - Setting next_dagrun for example_branch_datetime_operator_3 to 2026-05-06 00:00:00+00:00, run_after=2026-05-07 00:00:00+00:00
[2026-05-07T22:28:11.447+0000] {processor.py:183} INFO - Processing /home/airflow/.local/lib/python3.12/site-packages/airflow/example_dags/example_branch_datetime_operator.py took 0.264 seconds
[2026-05-07T22:28:41.501+0000] {processor.py:161} INFO - Started process (PID=1809) to work on /home/airflow/.local/lib/python3.12/site-packages/airflow/example_dags/example_branch_datetime_operator.py
[2026-05-07T22:28:41.502+0000] {processor.py:830} INFO - Processing file /home/airflow/.local/lib/python3.12/site-packages/airflow/example_dags/example_branch_datetime_operator.py for tasks to queue
[2026-05-07T22:28:41.505+0000] {logging_mixin.py:188} INFO - [2026-05-07T22:28:41.504+0000] {dagbag.py:545} INFO - Filling up the DagBag from /home/airflow/.local/lib/python3.12/site-packages/airflow/example_dags/example_branch_datetime_operator.py
[2026-05-07T22:28:41.513+0000] {processor.py:840} INFO - DAG(s) 'example_branch_datetime_operator', 'example_branch_datetime_operator_3', 'example_branch_datetime_operator_2' retrieved from /home/airflow/.local/lib/python3.12/site-packages/airflow/example_dags/example_branch_datetime_operator.py
[2026-05-07T22:28:41.541+0000] {logging_mixin.py:188} INFO - [2026-05-07T22:28:41.541+0000] {dag.py:3096} INFO - Sync 3 DAGs
[2026-05-07T22:28:41.564+0000] {logging_mixin.py:188} INFO - [2026-05-07T22:28:41.563+0000] {dag.py:3954} INFO - Setting next_dagrun for example_branch_datetime_operator to 2026-05-06 00:00:00+00:00, run_after=2026-05-07 00:00:00+00:00
[2026-05-07T22:28:41.569+0000] {logging_mixin.py:188} INFO - [2026-05-07T22:28:41.569+0000] {dag.py:3954} INFO - Setting next_dagrun for example_branch_datetime_operator_2 to 2026-05-06 00:00:00+00:00, run_after=2026-05-07 00:00:00+00:00
[2026-05-07T22:28:41.572+0000] {logging_mixin.py:188} INFO - [2026-05-07T22:28:41.572+0000] {dag.py:3954} INFO - Setting next_dagrun for example_branch_datetime_operator_3 to 2026-05-06 00:00:00+00:00, run_after=2026-05-07 00:00:00+00:00
[2026-05-07T22:28:41.590+0000] {processor.py:183} INFO - Processing /home/airflow/.local/lib/python3.12/site-packages/airflow/example_dags/example_branch_datetime_operator.py took 0.095 seconds
[2026-05-07T22:29:11.630+0000] {processor.py:161} INFO - Started process (PID=1867) to work on /home/airflow/.local/lib/python3.12/site-packages/airflow/example_dags/example_branch_datetime_operator.py
[2026-05-07T22:29:11.631+0000] {processor.py:830} INFO - Processing file /home/airflow/.local/lib/python3.12/site-packages/airflow/example_dags/example_branch_datetime_operator.py for tasks to queue
[2026-05-07T22:29:11.633+0000] {logging_mixin.py:188} INFO - [2026-05-07T22:29:11.633+0000] {dagbag.py:545} INFO - Filling up the DagBag from /home/airflow/.local/lib/python3.12/site-packages/airflow/example_dags/example_branch_datetime_operator.py
[2026-05-07T22:29:11.645+0000] {processor.py:840} INFO - DAG(s) 'example_branch_datetime_operator_3', 'example_branch_datetime_operator', 'example_branch_datetime_operator_2' retrieved from /home/airflow/.local/lib/python3.12/site-packages/airflow/example_dags/example_branch_datetime_operator.py
[2026-05-07T22:29:11.679+0000] {logging_mixin.py:188} INFO - [2026-05-07T22:29:11.678+0000] {dag.py:3096} INFO - Sync 3 DAGs
[2026-05-07T22:29:11.704+0000] {logging_mixin.py:188} INFO - [2026-05-07T22:29:11.704+0000] {dag.py:3954} INFO - Setting next_dagrun for example_branch_datetime_operator to 2026-05-06 00:00:00+00:00, run_after=2026-05-07 00:00:00+00:00
[2026-05-07T22:29:11.710+0000] {logging_mixin.py:188} INFO - [2026-05-07T22:29:11.709+0000] {dag.py:3954} INFO - Setting next_dagrun for example_branch_datetime_operator_2 to 2026-05-06 00:00:00+00:00, run_after=2026-05-07 00:00:00+00:00
[2026-05-07T22:29:11.713+0000] {logging_mixin.py:188} INFO - [2026-05-07T22:29:11.713+0000] {dag.py:3954} INFO - Setting next_dagrun for example_branch_datetime_operator_3 to 2026-05-06 00:00:00+00:00, run_after=2026-05-07 00:00:00+00:00
[2026-05-07T22:29:11.737+0000] {processor.py:183} INFO - Processing /home/airflow/.local/lib/python3.12/site-packages/airflow/example_dags/example_branch_datetime_operator.py took 0.112 seconds
[2026-05-07T22:29:42.383+0000] {processor.py:161} INFO - Started process (PID=1924) to work on /home/airflow/.local/lib/python3.12/site-packages/airflow/example_dags/example_branch_datetime_operator.py
[2026-05-07T22:29:42.385+0000] {processor.py:830} INFO - Processing file /home/airflow/.local/lib/python3.12/site-packages/airflow/example_dags/example_branch_datetime_operator.py for tasks to queue
[2026-05-07T22:29:42.387+0000] {logging_mixin.py:188} INFO - [2026-05-07T22:29:42.387+0000] {dagbag.py:545} INFO - Filling up the DagBag from /home/airflow/.local/lib/python3.12/site-packages/airflow/example_dags/example_branch_datetime_operator.py
[2026-05-07T22:29:42.396+0000] {processor.py:840} INFO - DAG(s) 'example_branch_datetime_operator_2', 'example_branch_datetime_operator', 'example_branch_datetime_operator_3' retrieved from /home/airflow/.local/lib/python3.12/site-packages/airflow/example_dags/example_branch_datetime_operator.py
[2026-05-07T22:29:42.577+0000] {logging_mixin.py:188} INFO - [2026-05-07T22:29:42.577+0000] {dag.py:3096} INFO - Sync 3 DAGs
[2026-05-07T22:29:42.595+0000] {logging_mixin.py:188} INFO - [2026-05-07T22:29:42.595+0000] {dag.py:3954} INFO - Setting next_dagrun for example_branch_datetime_operator to 2026-05-06 00:00:00+00:00, run_after=2026-05-07 00:00:00+00:00
[2026-05-07T22:29:42.600+0000] {logging_mixin.py:188} INFO - [2026-05-07T22:29:42.600+0000] {dag.py:3954} INFO - Setting next_dagrun for example_branch_datetime_operator_2 to 2026-05-06 00:00:00+00:00, run_after=2026-05-07 00:00:00+00:00
[2026-05-07T22:29:42.603+0000] {logging_mixin.py:188} INFO - [2026-05-07T22:29:42.603+0000] {dag.py:3954} INFO - Setting next_dagrun for example_branch_datetime_operator_3 to 2026-05-06 00:00:00+00:00, run_after=2026-05-07 00:00:00+00:00
[2026-05-07T22:29:42.620+0000] {processor.py:183} INFO - Processing /home/airflow/.local/lib/python3.12/site-packages/airflow/example_dags/example_branch_datetime_operator.py took 0.242 seconds
[2026-05-07T22:30:13.202+0000] {processor.py:161} INFO - Started process (PID=1983) to work on /home/airflow/.local/lib/python3.12/site-packages/airflow/example_dags/example_branch_datetime_operator.py
[2026-05-07T22:30:13.204+0000] {processor.py:830} INFO - Processing file /home/airflow/.local/lib/python3.12/site-packages/airflow/example_dags/example_branch_datetime_operator.py for tasks to queue
[2026-05-07T22:30:13.206+0000] {logging_mixin.py:188} INFO - [2026-05-07T22:30:13.206+0000] {dagbag.py:545} INFO - Filling up the DagBag from /home/airflow/.local/lib/python3.12/site-packages/airflow/example_dags/example_branch_datetime_operator.py
[2026-05-07T22:30:13.215+0000] {processor.py:840} INFO - DAG(s) 'example_branch_datetime_operator_3', 'example_branch_datetime_operator_2', 'example_branch_datetime_operator' retrieved from /home/airflow/.local/lib/python3.12/site-packages/airflow/example_dags/example_branch_datetime_operator.py
[2026-05-07T22:30:13.242+0000] {logging_mixin.py:188} INFO - [2026-05-07T22:30:13.242+0000] {dag.py:3096} INFO - Sync 3 DAGs
[2026-05-07T22:30:13.263+0000] {logging_mixin.py:188} INFO - [2026-05-07T22:30:13.263+0000] {dag.py:3954} INFO - Setting next_dagrun for example_branch_datetime_operator to 2026-05-06 00:00:00+00:00, run_after=2026-05-07 00:00:00+00:00
[2026-05-07T22:30:13.270+0000] {logging_mixin.py:188} INFO - [2026-05-07T22:30:13.270+0000] {dag.py:3954} INFO - Setting next_dagrun for example_branch_datetime_operator_2 to 2026-05-06 00:00:00+00:00, run_after=2026-05-07 00:00:00+00:00
[2026-05-07T22:30:13.273+0000] {logging_mixin.py:188} INFO - [2026-05-07T22:30:13.273+0000] {dag.py:3954} INFO - Setting next_dagrun for example_branch_datetime_operator_3 to 2026-05-06 00:00:00+00:00, run_after=2026-05-07 00:00:00+00:00
[2026-05-07T22:30:13.292+0000] {processor.py:183} INFO - Processing /home/airflow/.local/lib/python3.12/site-packages/airflow/example_dags/example_branch_datetime_operator.py took 0.095 seconds
[2026-05-07T22:30:44.224+0000] {processor.py:161} INFO - Started process (PID=2041) to work on /home/airflow/.local/lib/python3.12/site-packages/airflow/example_dags/example_branch_datetime_operator.py
[2026-05-07T22:30:44.225+0000] {processor.py:830} INFO - Processing file /home/airflow/.local/lib/python3.12/site-packages/airflow/example_dags/example_branch_datetime_operator.py for tasks to queue
[2026-05-07T22:30:44.228+0000] {logging_mixin.py:188} INFO - [2026-05-07T22:30:44.228+0000] {dagbag.py:545} INFO - Filling up the DagBag from /home/airflow/.local/lib/python3.12/site-packages/airflow/example_dags/example_branch_datetime_operator.py
[2026-05-07T22:30:44.237+0000] {processor.py:840} INFO - DAG(s) 'example_branch_datetime_operator', 'example_branch_datetime_operator_2', 'example_branch_datetime_operator_3' retrieved from /home/airflow/.local/lib/python3.12/site-packages/airflow/example_dags/example_branch_datetime_operator.py
[2026-05-07T22:30:44.265+0000] {logging_mixin.py:188} INFO - [2026-05-07T22:30:44.265+0000] {dag.py:3096} INFO - Sync 3 DAGs
[2026-05-07T22:30:44.288+0000] {logging_mixin.py:188} INFO - [2026-05-07T22:30:44.287+0000] {dag.py:3954} INFO - Setting next_dagrun for example_branch_datetime_operator to 2026-05-06 00:00:00+00:00, run_after=2026-05-07 00:00:00+00:00
[2026-05-07T22:30:44.296+0000] {logging_mixin.py:188} INFO - [2026-05-07T22:30:44.296+0000] {dag.py:3954} INFO - Setting next_dagrun for example_branch_datetime_operator_2 to 2026-05-06 00:00:00+00:00, run_after=2026-05-07 00:00:00+00:00
[2026-05-07T22:30:44.299+0000] {logging_mixin.py:188} INFO - [2026-05-07T22:30:44.299+0000] {dag.py:3954} INFO - Setting next_dagrun for example_branch_datetime_operator_3 to 2026-05-06 00:00:00+00:00, run_after=2026-05-07 00:00:00+00:00
[2026-05-07T22:30:44.318+0000] {processor.py:183} INFO - Processing /home/airflow/.local/lib/python3.12/site-packages/airflow/example_dags/example_branch_datetime_operator.py took 0.100 seconds
[2026-05-07T22:31:14.476+0000] {processor.py:161} INFO - Started process (PID=2099) to work on /home/airflow/.local/lib/python3.12/site-packages/airflow/example_dags/example_branch_datetime_operator.py
[2026-05-07T22:31:14.478+0000] {processor.py:830} INFO - Processing file /home/airflow/.local/lib/python3.12/site-packages/airflow/example_dags/example_branch_datetime_operator.py for tasks to queue
[2026-05-07T22:31:14.480+0000] {logging_mixin.py:188} INFO - [2026-05-07T22:31:14.479+0000] {dagbag.py:545} INFO - Filling up the DagBag from /home/airflow/.local/lib/python3.12/site-packages/airflow/example_dags/example_branch_datetime_operator.py
[2026-05-07T22:31:14.489+0000] {processor.py:840} INFO - DAG(s) 'example_branch_datetime_operator', 'example_branch_datetime_operator_2', 'example_branch_datetime_operator_3' retrieved from /home/airflow/.local/lib/python3.12/site-packages/airflow/example_dags/example_branch_datetime_operator.py
[2026-05-07T22:31:14.513+0000] {logging_mixin.py:188} INFO - [2026-05-07T22:31:14.513+0000] {dag.py:3096} INFO - Sync 3 DAGs
[2026-05-07T22:31:14.535+0000] {logging_mixin.py:188} INFO - [2026-05-07T22:31:14.535+0000] {dag.py:3954} INFO - Setting next_dagrun for example_branch_datetime_operator to 2026-05-06 00:00:00+00:00, run_after=2026-05-07 00:00:00+00:00
[2026-05-07T22:31:14.541+0000] {logging_mixin.py:188} INFO - [2026-05-07T22:31:14.541+0000] {dag.py:3954} INFO - Setting next_dagrun for example_branch_datetime_operator_2 to 2026-05-06 00:00:00+00:00, run_after=2026-05-07 00:00:00+00:00
[2026-05-07T22:31:14.544+0000] {logging_mixin.py:188} INFO - [2026-05-07T22:31:14.544+0000] {dag.py:3954} INFO - Setting next_dagrun for example_branch_datetime_operator_3 to 2026-05-06 00:00:00+00:00, run_after=2026-05-07 00:00:00+00:00
[2026-05-07T22:31:14.563+0000] {processor.py:183} INFO - Processing /home/airflow/.local/lib/python3.12/site-packages/airflow/example_dags/example_branch_datetime_operator.py took 0.092 seconds
[2026-05-07T22:31:44.697+0000] {processor.py:161} INFO - Started process (PID=2157) to work on /home/airflow/.local/lib/python3.12/site-packages/airflow/example_dags/example_branch_datetime_operator.py
[2026-05-07T22:31:44.699+0000] {processor.py:830} INFO - Processing file /home/airflow/.local/lib/python3.12/site-packages/airflow/example_dags/example_branch_datetime_operator.py for tasks to queue
[2026-05-07T22:31:44.703+0000] {logging_mixin.py:188} INFO - [2026-05-07T22:31:44.702+0000] {dagbag.py:545} INFO - Filling up the DagBag from /home/airflow/.local/lib/python3.12/site-packages/airflow/example_dags/example_branch_datetime_operator.py
[2026-05-07T22:31:44.720+0000] {processor.py:840} INFO - DAG(s) 'example_branch_datetime_operator_2', 'example_branch_datetime_operator_3', 'example_branch_datetime_operator' retrieved from /home/airflow/.local/lib/python3.12/site-packages/airflow/example_dags/example_branch_datetime_operator.py
[2026-05-07T22:31:44.759+0000] {logging_mixin.py:188} INFO - [2026-05-07T22:31:44.759+0000] {dag.py:3096} INFO - Sync 3 DAGs
[2026-05-07T22:31:44.780+0000] {logging_mixin.py:188} INFO - [2026-05-07T22:31:44.780+0000] {dag.py:3954} INFO - Setting next_dagrun for example_branch_datetime_operator to 2026-05-06 00:00:00+00:00, run_after=2026-05-07 00:00:00+00:00
[2026-05-07T22:31:44.786+0000] {logging_mixin.py:188} INFO - [2026-05-07T22:31:44.786+0000] {dag.py:3954} INFO - Setting next_dagrun for example_branch_datetime_operator_2 to 2026-05-06 00:00:00+00:00, run_after=2026-05-07 00:00:00+00:00
[2026-05-07T22:31:44.789+0000] {logging_mixin.py:188} INFO - [2026-05-07T22:31:44.789+0000] {dag.py:3954} INFO - Setting next_dagrun for example_branch_datetime_operator_3 to 2026-05-06 00:00:00+00:00, run_after=2026-05-07 00:00:00+00:00
[2026-05-07T22:31:44.806+0000] {processor.py:183} INFO - Processing /home/airflow/.local/lib/python3.12/site-packages/airflow/example_dags/example_branch_datetime_operator.py took 0.116 seconds
[2026-05-07T22:32:15.391+0000] {processor.py:161} INFO - Started process (PID=2215) to work on /home/airflow/.local/lib/python3.12/site-packages/airflow/example_dags/example_branch_datetime_operator.py
[2026-05-07T22:32:15.392+0000] {processor.py:830} INFO - Processing file /home/airflow/.local/lib/python3.12/site-packages/airflow/example_dags/example_branch_datetime_operator.py for tasks to queue
[2026-05-07T22:32:15.395+0000] {logging_mixin.py:188} INFO - [2026-05-07T22:32:15.394+0000] {dagbag.py:545} INFO - Filling up the DagBag from /home/airflow/.local/lib/python3.12/site-packages/airflow/example_dags/example_branch_datetime_operator.py
[2026-05-07T22:32:15.406+0000] {processor.py:840} INFO - DAG(s) 'example_branch_datetime_operator', 'example_branch_datetime_operator_3', 'example_branch_datetime_operator_2' retrieved from /home/airflow/.local/lib/python3.12/site-packages/airflow/example_dags/example_branch_datetime_operator.py
[2026-05-07T22:32:15.434+0000] {logging_mixin.py:188} INFO - [2026-05-07T22:32:15.434+0000] {dag.py:3096} INFO - Sync 3 DAGs
[2026-05-07T22:32:15.457+0000] {logging_mixin.py:188} INFO - [2026-05-07T22:32:15.457+0000] {dag.py:3954} INFO - Setting next_dagrun for example_branch_datetime_operator to 2026-05-06 00:00:00+00:00, run_after=2026-05-07 00:00:00+00:00
[2026-05-07T22:32:15.461+0000] {logging_mixin.py:188} INFO - [2026-05-07T22:32:15.461+0000] {dag.py:3954} INFO - Setting next_dagrun for example_branch_datetime_operator_2 to 2026-05-06 00:00:00+00:00, run_after=2026-05-07 00:00:00+00:00
[2026-05-07T22:32:15.464+0000] {logging_mixin.py:188} INFO - [2026-05-07T22:32:15.464+0000] {dag.py:3954} INFO - Setting next_dagrun for example_branch_datetime_operator_3 to 2026-05-06 00:00:00+00:00, run_after=2026-05-07 00:00:00+00:00
[2026-05-07T22:32:15.491+0000] {processor.py:183} INFO - Processing /home/airflow/.local/lib/python3.12/site-packages/airflow/example_dags/example_branch_datetime_operator.py took 0.108 seconds
[2026-05-07T22:32:45.600+0000] {processor.py:161} INFO - Started process (PID=2273) to work on /home/airflow/.local/lib/python3.12/site-packages/airflow/example_dags/example_branch_datetime_operator.py
[2026-05-07T22:32:45.602+0000] {processor.py:830} INFO - Processing file /home/airflow/.local/lib/python3.12/site-packages/airflow/example_dags/example_branch_datetime_operator.py for tasks to queue
[2026-05-07T22:32:45.604+0000] {logging_mixin.py:188} INFO - [2026-05-07T22:32:45.604+0000] {dagbag.py:545} INFO - Filling up the DagBag from /home/airflow/.local/lib/python3.12/site-packages/airflow/example_dags/example_branch_datetime_operator.py
[2026-05-07T22:32:45.613+0000] {processor.py:840} INFO - DAG(s) 'example_branch_datetime_operator_3', 'example_branch_datetime_operator', 'example_branch_datetime_operator_2' retrieved from /home/airflow/.local/lib/python3.12/site-packages/airflow/example_dags/example_branch_datetime_operator.py
[2026-05-07T22:32:45.646+0000] {logging_mixin.py:188} INFO - [2026-05-07T22:32:45.646+0000] {dag.py:3096} INFO - Sync 3 DAGs
[2026-05-07T22:32:45.676+0000] {logging_mixin.py:188} INFO - [2026-05-07T22:32:45.675+0000] {dag.py:3954} INFO - Setting next_dagrun for example_branch_datetime_operator to 2026-05-06 00:00:00+00:00, run_after=2026-05-07 00:00:00+00:00
[2026-05-07T22:32:45.687+0000] {logging_mixin.py:188} INFO - [2026-05-07T22:32:45.687+0000] {dag.py:3954} INFO - Setting next_dagrun for example_branch_datetime_operator_2 to 2026-05-06 00:00:00+00:00, run_after=2026-05-07 00:00:00+00:00
[2026-05-07T22:32:45.692+0000] {logging_mixin.py:188} INFO - [2026-05-07T22:32:45.691+0000] {dag.py:3954} INFO - Setting next_dagrun for example_branch_datetime_operator_3 to 2026-05-06 00:00:00+00:00, run_after=2026-05-07 00:00:00+00:00
[2026-05-07T22:32:45.716+0000] {processor.py:183} INFO - Processing /home/airflow/.local/lib/python3.12/site-packages/airflow/example_dags/example_branch_datetime_operator.py took 0.120 seconds
[2026-05-07T22:33:15.868+0000] {processor.py:161} INFO - Started process (PID=2331) to work on /home/airflow/.local/lib/python3.12/site-packages/airflow/example_dags/example_branch_datetime_operator.py
[2026-05-07T22:33:15.870+0000] {processor.py:830} INFO - Processing file /home/airflow/.local/lib/python3.12/site-packages/airflow/example_dags/example_branch_datetime_operator.py for tasks to queue
[2026-05-07T22:33:15.873+0000] {logging_mixin.py:188} INFO - [2026-05-07T22:33:15.872+0000] {dagbag.py:545} INFO - Filling up the DagBag from /home/airflow/.local/lib/python3.12/site-packages/airflow/example_dags/example_branch_datetime_operator.py
[2026-05-07T22:33:15.885+0000] {processor.py:840} INFO - DAG(s) 'example_branch_datetime_operator_3', 'example_branch_datetime_operator_2', 'example_branch_datetime_operator' retrieved from /home/airflow/.local/lib/python3.12/site-packages/airflow/example_dags/example_branch_datetime_operator.py
[2026-05-07T22:33:15.920+0000] {logging_mixin.py:188} INFO - [2026-05-07T22:33:15.919+0000] {dag.py:3096} INFO - Sync 3 DAGs
[2026-05-07T22:33:15.950+0000] {logging_mixin.py:188} INFO - [2026-05-07T22:33:15.949+0000] {dag.py:3954} INFO - Setting next_dagrun for example_branch_datetime_operator to 2026-05-06 00:00:00+00:00, run_after=2026-05-07 00:00:00+00:00
[2026-05-07T22:33:15.955+0000] {logging_mixin.py:188} INFO - [2026-05-07T22:33:15.955+0000] {dag.py:3954} INFO - Setting next_dagrun for example_branch_datetime_operator_2 to 2026-05-06 00:00:00+00:00, run_after=2026-05-07 00:00:00+00:00
[2026-05-07T22:33:15.958+0000] {logging_mixin.py:188} INFO - [2026-05-07T22:33:15.958+0000] {dag.py:3954} INFO - Setting next_dagrun for example_branch_datetime_operator_3 to 2026-05-06 00:00:00+00:00, run_after=2026-05-07 00:00:00+00:00
[2026-05-07T22:33:15.985+0000] {processor.py:183} INFO - Processing /home/airflow/.local/lib/python3.12/site-packages/airflow/example_dags/example_branch_datetime_operator.py took 0.124 seconds
[2026-05-07T22:33:46.128+0000] {processor.py:161} INFO - Started process (PID=2390) to work on /home/airflow/.local/lib/python3.12/site-packages/airflow/example_dags/example_branch_datetime_operator.py
[2026-05-07T22:33:46.130+0000] {processor.py:830} INFO - Processing file /home/airflow/.local/lib/python3.12/site-packages/airflow/example_dags/example_branch_datetime_operator.py for tasks to queue
[2026-05-07T22:33:46.136+0000] {logging_mixin.py:188} INFO - [2026-05-07T22:33:46.135+0000] {dagbag.py:545} INFO - Filling up the DagBag from /home/airflow/.local/lib/python3.12/site-packages/airflow/example_dags/example_branch_datetime_operator.py
[2026-05-07T22:33:46.145+0000] {processor.py:840} INFO - DAG(s) 'example_branch_datetime_operator_2', 'example_branch_datetime_operator', 'example_branch_datetime_operator_3' retrieved from /home/airflow/.local/lib/python3.12/site-packages/airflow/example_dags/example_branch_datetime_operator.py
[2026-05-07T22:33:46.172+0000] {logging_mixin.py:188} INFO - [2026-05-07T22:33:46.171+0000] {dag.py:3096} INFO - Sync 3 DAGs
[2026-05-07T22:33:46.193+0000] {logging_mixin.py:188} INFO - [2026-05-07T22:33:46.193+0000] {dag.py:3954} INFO - Setting next_dagrun for example_branch_datetime_operator to 2026-05-06 00:00:00+00:00, run_after=2026-05-07 00:00:00+00:00
[2026-05-07T22:33:46.201+0000] {logging_mixin.py:188} INFO - [2026-05-07T22:33:46.201+0000] {dag.py:3954} INFO - Setting next_dagrun for example_branch_datetime_operator_2 to 2026-05-06 00:00:00+00:00, run_after=2026-05-07 00:00:00+00:00
[2026-05-07T22:33:46.204+0000] {logging_mixin.py:188} INFO - [2026-05-07T22:33:46.204+0000] {dag.py:3954} INFO - Setting next_dagrun for example_branch_datetime_operator_3 to 2026-05-06 00:00:00+00:00, run_after=2026-05-07 00:00:00+00:00
[2026-05-07T22:33:46.224+0000] {processor.py:183} INFO - Processing /home/airflow/.local/lib/python3.12/site-packages/airflow/example_dags/example_branch_datetime_operator.py took 0.108 seconds
[2026-05-07T22:34:17.101+0000] {processor.py:161} INFO - Started process (PID=2448) to work on /home/airflow/.local/lib/python3.12/site-packages/airflow/example_dags/example_branch_datetime_operator.py
[2026-05-07T22:34:17.102+0000] {processor.py:830} INFO - Processing file /home/airflow/.local/lib/python3.12/site-packages/airflow/example_dags/example_branch_datetime_operator.py for tasks to queue
[2026-05-07T22:34:17.105+0000] {logging_mixin.py:188} INFO - [2026-05-07T22:34:17.104+0000] {dagbag.py:545} INFO - Filling up the DagBag from /home/airflow/.local/lib/python3.12/site-packages/airflow/example_dags/example_branch_datetime_operator.py
[2026-05-07T22:34:17.114+0000] {processor.py:840} INFO - DAG(s) 'example_branch_datetime_operator_2', 'example_branch_datetime_operator_3', 'example_branch_datetime_operator' retrieved from /home/airflow/.local/lib/python3.12/site-packages/airflow/example_dags/example_branch_datetime_operator.py
[2026-05-07T22:34:17.140+0000] {logging_mixin.py:188} INFO - [2026-05-07T22:34:17.140+0000] {dag.py:3096} INFO - Sync 3 DAGs
[2026-05-07T22:34:17.162+0000] {logging_mixin.py:188} INFO - [2026-05-07T22:34:17.162+0000] {dag.py:3954} INFO - Setting next_dagrun for example_branch_datetime_operator to 2026-05-06 00:00:00+00:00, run_after=2026-05-07 00:00:00+00:00
[2026-05-07T22:34:17.167+0000] {logging_mixin.py:188} INFO - [2026-05-07T22:34:17.167+0000] {dag.py:3954} INFO - Setting next_dagrun for example_branch_datetime_operator_2 to 2026-05-06 00:00:00+00:00, run_after=2026-05-07 00:00:00+00:00
[2026-05-07T22:34:17.170+0000] {logging_mixin.py:188} INFO - [2026-05-07T22:34:17.170+0000] {dag.py:3954} INFO - Setting next_dagrun for example_branch_datetime_operator_3 to 2026-05-06 00:00:00+00:00, run_after=2026-05-07 00:00:00+00:00
[2026-05-07T22:34:17.189+0000] {processor.py:183} INFO - Processing /home/airflow/.local/lib/python3.12/site-packages/airflow/example_dags/example_branch_datetime_operator.py took 0.094 seconds
[2026-05-07T22:34:47.350+0000] {processor.py:161} INFO - Started process (PID=2506) to work on /home/airflow/.local/lib/python3.12/site-packages/airflow/example_dags/example_branch_datetime_operator.py
[2026-05-07T22:34:47.351+0000] {processor.py:830} INFO - Processing file /home/airflow/.local/lib/python3.12/site-packages/airflow/example_dags/example_branch_datetime_operator.py for tasks to queue
[2026-05-07T22:34:47.353+0000] {logging_mixin.py:188} INFO - [2026-05-07T22:34:47.353+0000] {dagbag.py:545} INFO - Filling up the DagBag from /home/airflow/.local/lib/python3.12/site-packages/airflow/example_dags/example_branch_datetime_operator.py
[2026-05-07T22:34:47.362+0000] {processor.py:840} INFO - DAG(s) 'example_branch_datetime_operator_3', 'example_branch_datetime_operator', 'example_branch_datetime_operator_2' retrieved from /home/airflow/.local/lib/python3.12/site-packages/airflow/example_dags/example_branch_datetime_operator.py
[2026-05-07T22:34:47.389+0000] {logging_mixin.py:188} INFO - [2026-05-07T22:34:47.389+0000] {dag.py:3096} INFO - Sync 3 DAGs
[2026-05-07T22:34:47.411+0000] {logging_mixin.py:188} INFO - [2026-05-07T22:34:47.411+0000] {dag.py:3954} INFO - Setting next_dagrun for example_branch_datetime_operator to 2026-05-06 00:00:00+00:00, run_after=2026-05-07 00:00:00+00:00
[2026-05-07T22:34:47.416+0000] {logging_mixin.py:188} INFO - [2026-05-07T22:34:47.416+0000] {dag.py:3954} INFO - Setting next_dagrun for example_branch_datetime_operator_2 to 2026-05-06 00:00:00+00:00, run_after=2026-05-07 00:00:00+00:00
[2026-05-07T22:34:47.419+0000] {logging_mixin.py:188} INFO - [2026-05-07T22:34:47.419+0000] {dag.py:3954} INFO - Setting next_dagrun for example_branch_datetime_operator_3 to 2026-05-06 00:00:00+00:00, run_after=2026-05-07 00:00:00+00:00
[2026-05-07T22:34:47.439+0000] {processor.py:183} INFO - Processing /home/airflow/.local/lib/python3.12/site-packages/airflow/example_dags/example_branch_datetime_operator.py took 0.095 seconds
[2026-05-07T22:35:17.582+0000] {processor.py:161} INFO - Started process (PID=2564) to work on /home/airflow/.local/lib/python3.12/site-packages/airflow/example_dags/example_branch_datetime_operator.py
[2026-05-07T22:35:17.583+0000] {processor.py:830} INFO - Processing file /home/airflow/.local/lib/python3.12/site-packages/airflow/example_dags/example_branch_datetime_operator.py for tasks to queue
[2026-05-07T22:35:17.586+0000] {logging_mixin.py:188} INFO - [2026-05-07T22:35:17.585+0000] {dagbag.py:545} INFO - Filling up the DagBag from /home/airflow/.local/lib/python3.12/site-packages/airflow/example_dags/example_branch_datetime_operator.py
[2026-05-07T22:35:17.597+0000] {processor.py:840} INFO - DAG(s) 'example_branch_datetime_operator', 'example_branch_datetime_operator_2', 'example_branch_datetime_operator_3' retrieved from /home/airflow/.local/lib/python3.12/site-packages/airflow/example_dags/example_branch_datetime_operator.py
[2026-05-07T22:35:17.623+0000] {logging_mixin.py:188} INFO - [2026-05-07T22:35:17.623+0000] {dag.py:3096} INFO - Sync 3 DAGs
[2026-05-07T22:35:17.645+0000] {logging_mixin.py:188} INFO - [2026-05-07T22:35:17.645+0000] {dag.py:3954} INFO - Setting next_dagrun for example_branch_datetime_operator to 2026-05-06 00:00:00+00:00, run_after=2026-05-07 00:00:00+00:00
[2026-05-07T22:35:17.651+0000] {logging_mixin.py:188} INFO - [2026-05-07T22:35:17.650+0000] {dag.py:3954} INFO - Setting next_dagrun for example_branch_datetime_operator_2 to 2026-05-06 00:00:00+00:00, run_after=2026-05-07 00:00:00+00:00
[2026-05-07T22:35:17.653+0000] {logging_mixin.py:188} INFO - [2026-05-07T22:35:17.653+0000] {dag.py:3954} INFO - Setting next_dagrun for example_branch_datetime_operator_3 to 2026-05-06 00:00:00+00:00, run_after=2026-05-07 00:00:00+00:00
[2026-05-07T22:35:17.672+0000] {processor.py:183} INFO - Processing /home/airflow/.local/lib/python3.12/site-packages/airflow/example_dags/example_branch_datetime_operator.py took 0.095 seconds
[2026-05-07T22:35:48.113+0000] {processor.py:161} INFO - Started process (PID=2622) to work on /home/airflow/.local/lib/python3.12/site-packages/airflow/example_dags/example_branch_datetime_operator.py
[2026-05-07T22:35:48.114+0000] {processor.py:830} INFO - Processing file /home/airflow/.local/lib/python3.12/site-packages/airflow/example_dags/example_branch_datetime_operator.py for tasks to queue
[2026-05-07T22:35:48.117+0000] {logging_mixin.py:188} INFO - [2026-05-07T22:35:48.116+0000] {dagbag.py:545} INFO - Filling up the DagBag from /home/airflow/.local/lib/python3.12/site-packages/airflow/example_dags/example_branch_datetime_operator.py
[2026-05-07T22:35:48.126+0000] {processor.py:840} INFO - DAG(s) 'example_branch_datetime_operator_3', 'example_branch_datetime_operator', 'example_branch_datetime_operator_2' retrieved from /home/airflow/.local/lib/python3.12/site-packages/airflow/example_dags/example_branch_datetime_operator.py
[2026-05-07T22:35:48.154+0000] {logging_mixin.py:188} INFO - [2026-05-07T22:35:48.154+0000] {dag.py:3096} INFO - Sync 3 DAGs
[2026-05-07T22:35:48.175+0000] {logging_mixin.py:188} INFO - [2026-05-07T22:35:48.174+0000] {dag.py:3954} INFO - Setting next_dagrun for example_branch_datetime_operator to 2026-05-06 00:00:00+00:00, run_after=2026-05-07 00:00:00+00:00
[2026-05-07T22:35:48.180+0000] {logging_mixin.py:188} INFO - [2026-05-07T22:35:48.180+0000] {dag.py:3954} INFO - Setting next_dagrun for example_branch_datetime_operator_2 to 2026-05-06 00:00:00+00:00, run_after=2026-05-07 00:00:00+00:00
[2026-05-07T22:35:48.184+0000] {logging_mixin.py:188} INFO - [2026-05-07T22:35:48.184+0000] {dag.py:3954} INFO - Setting next_dagrun for example_branch_datetime_operator_3 to 2026-05-06 00:00:00+00:00, run_after=2026-05-07 00:00:00+00:00
[2026-05-07T22:35:48.205+0000] {processor.py:183} INFO - Processing /home/airflow/.local/lib/python3.12/site-packages/airflow/example_dags/example_branch_datetime_operator.py took 0.097 seconds
[2026-05-07T22:36:18.391+0000] {processor.py:161} INFO - Started process (PID=2680) to work on /home/airflow/.local/lib/python3.12/site-packages/airflow/example_dags/example_branch_datetime_operator.py
[2026-05-07T22:36:18.392+0000] {processor.py:830} INFO - Processing file /home/airflow/.local/lib/python3.12/site-packages/airflow/example_dags/example_branch_datetime_operator.py for tasks to queue
[2026-05-07T22:36:18.394+0000] {logging_mixin.py:188} INFO - [2026-05-07T22:36:18.394+0000] {dagbag.py:545} INFO - Filling up the DagBag from /home/airflow/.local/lib/python3.12/site-packages/airflow/example_dags/example_branch_datetime_operator.py
[2026-05-07T22:36:18.404+0000] {processor.py:840} INFO - DAG(s) 'example_branch_datetime_operator_2', 'example_branch_datetime_operator', 'example_branch_datetime_operator_3' retrieved from /home/airflow/.local/lib/python3.12/site-packages/airflow/example_dags/example_branch_datetime_operator.py
[2026-05-07T22:36:18.432+0000] {logging_mixin.py:188} INFO - [2026-05-07T22:36:18.432+0000] {dag.py:3096} INFO - Sync 3 DAGs
[2026-05-07T22:36:18.453+0000] {logging_mixin.py:188} INFO - [2026-05-07T22:36:18.453+0000] {dag.py:3954} INFO - Setting next_dagrun for example_branch_datetime_operator to 2026-05-06 00:00:00+00:00, run_after=2026-05-07 00:00:00+00:00
[2026-05-07T22:36:18.459+0000] {logging_mixin.py:188} INFO - [2026-05-07T22:36:18.458+0000] {dag.py:3954} INFO - Setting next_dagrun for example_branch_datetime_operator_2 to 2026-05-06 00:00:00+00:00, run_after=2026-05-07 00:00:00+00:00
[2026-05-07T22:36:18.461+0000] {logging_mixin.py:188} INFO - [2026-05-07T22:36:18.461+0000] {dag.py:3954} INFO - Setting next_dagrun for example_branch_datetime_operator_3 to 2026-05-06 00:00:00+00:00, run_after=2026-05-07 00:00:00+00:00
[2026-05-07T22:36:18.480+0000] {processor.py:183} INFO - Processing /home/airflow/.local/lib/python3.12/site-packages/airflow/example_dags/example_branch_datetime_operator.py took 0.095 seconds
[2026-05-07T22:36:48.672+0000] {processor.py:161} INFO - Started process (PID=2738) to work on /home/airflow/.local/lib/python3.12/site-packages/airflow/example_dags/example_branch_datetime_operator.py
[2026-05-07T22:36:48.673+0000] {processor.py:830} INFO - Processing file /home/airflow/.local/lib/python3.12/site-packages/airflow/example_dags/example_branch_datetime_operator.py for tasks to queue
[2026-05-07T22:36:48.675+0000] {logging_mixin.py:188} INFO - [2026-05-07T22:36:48.675+0000] {dagbag.py:545} INFO - Filling up the DagBag from /home/airflow/.local/lib/python3.12/site-packages/airflow/example_dags/example_branch_datetime_operator.py
[2026-05-07T22:36:48.684+0000] {processor.py:840} INFO - DAG(s) 'example_branch_datetime_operator_2', 'example_branch_datetime_operator', 'example_branch_datetime_operator_3' retrieved from /home/airflow/.local/lib/python3.12/site-packages/airflow/example_dags/example_branch_datetime_operator.py
[2026-05-07T22:36:48.710+0000] {logging_mixin.py:188} INFO - [2026-05-07T22:36:48.710+0000] {dag.py:3096} INFO - Sync 3 DAGs
[2026-05-07T22:36:48.730+0000] {logging_mixin.py:188} INFO - [2026-05-07T22:36:48.730+0000] {dag.py:3954} INFO - Setting next_dagrun for example_branch_datetime_operator to 2026-05-06 00:00:00+00:00, run_after=2026-05-07 00:00:00+00:00
[2026-05-07T22:36:48.736+0000] {logging_mixin.py:188} INFO - [2026-05-07T22:36:48.735+0000] {dag.py:3954} INFO - Setting next_dagrun for example_branch_datetime_operator_2 to 2026-05-06 00:00:00+00:00, run_after=2026-05-07 00:00:00+00:00
[2026-05-07T22:36:48.738+0000] {logging_mixin.py:188} INFO - [2026-05-07T22:36:48.738+0000] {dag.py:3954} INFO - Setting next_dagrun for example_branch_datetime_operator_3 to 2026-05-06 00:00:00+00:00, run_after=2026-05-07 00:00:00+00:00
[2026-05-07T22:36:48.758+0000] {processor.py:183} INFO - Processing /home/airflow/.local/lib/python3.12/site-packages/airflow/example_dags/example_branch_datetime_operator.py took 0.092 seconds
[2026-05-07T22:37:19.398+0000] {processor.py:161} INFO - Started process (PID=2796) to work on /home/airflow/.local/lib/python3.12/site-packages/airflow/example_dags/example_branch_datetime_operator.py
[2026-05-07T22:37:19.399+0000] {processor.py:830} INFO - Processing file /home/airflow/.local/lib/python3.12/site-packages/airflow/example_dags/example_branch_datetime_operator.py for tasks to queue
[2026-05-07T22:37:19.401+0000] {logging_mixin.py:188} INFO - [2026-05-07T22:37:19.401+0000] {dagbag.py:545} INFO - Filling up the DagBag from /home/airflow/.local/lib/python3.12/site-packages/airflow/example_dags/example_branch_datetime_operator.py
[2026-05-07T22:37:19.411+0000] {processor.py:840} INFO - DAG(s) 'example_branch_datetime_operator', 'example_branch_datetime_operator_3', 'example_branch_datetime_operator_2' retrieved from /home/airflow/.local/lib/python3.12/site-packages/airflow/example_dags/example_branch_datetime_operator.py
[2026-05-07T22:37:19.439+0000] {logging_mixin.py:188} INFO - [2026-05-07T22:37:19.438+0000] {dag.py:3096} INFO - Sync 3 DAGs
[2026-05-07T22:37:19.459+0000] {logging_mixin.py:188} INFO - [2026-05-07T22:37:19.458+0000] {dag.py:3954} INFO - Setting next_dagrun for example_branch_datetime_operator to 2026-05-06 00:00:00+00:00, run_after=2026-05-07 00:00:00+00:00
[2026-05-07T22:37:19.464+0000] {logging_mixin.py:188} INFO - [2026-05-07T22:37:19.464+0000] {dag.py:3954} INFO - Setting next_dagrun for example_branch_datetime_operator_2 to 2026-05-06 00:00:00+00:00, run_after=2026-05-07 00:00:00+00:00
[2026-05-07T22:37:19.467+0000] {logging_mixin.py:188} INFO - [2026-05-07T22:37:19.467+0000] {dag.py:3954} INFO - Setting next_dagrun for example_branch_datetime_operator_3 to 2026-05-06 00:00:00+00:00, run_after=2026-05-07 00:00:00+00:00
[2026-05-07T22:37:19.486+0000] {processor.py:183} INFO - Processing /home/airflow/.local/lib/python3.12/site-packages/airflow/example_dags/example_branch_datetime_operator.py took 0.094 seconds
[2026-05-07T22:37:49.752+0000] {processor.py:161} INFO - Started process (PID=2854) to work on /home/airflow/.local/lib/python3.12/site-packages/airflow/example_dags/example_branch_datetime_operator.py
[2026-05-07T22:37:49.754+0000] {processor.py:830} INFO - Processing file /home/airflow/.local/lib/python3.12/site-packages/airflow/example_dags/example_branch_datetime_operator.py for tasks to queue
[2026-05-07T22:37:49.756+0000] {logging_mixin.py:188} INFO - [2026-05-07T22:37:49.756+0000] {dagbag.py:545} INFO - Filling up the DagBag from /home/airflow/.local/lib/python3.12/site-packages/airflow/example_dags/example_branch_datetime_operator.py
[2026-05-07T22:37:49.766+0000] {processor.py:840} INFO - DAG(s) 'example_branch_datetime_operator_3', 'example_branch_datetime_operator_2', 'example_branch_datetime_operator' retrieved from /home/airflow/.local/lib/python3.12/site-packages/airflow/example_dags/example_branch_datetime_operator.py
[2026-05-07T22:37:49.793+0000] {logging_mixin.py:188} INFO - [2026-05-07T22:37:49.792+0000] {dag.py:3096} INFO - Sync 3 DAGs
[2026-05-07T22:37:49.816+0000] {logging_mixin.py:188} INFO - [2026-05-07T22:37:49.816+0000] {dag.py:3954} INFO - Setting next_dagrun for example_branch_datetime_operator to 2026-05-06 00:00:00+00:00, run_after=2026-05-07 00:00:00+00:00
[2026-05-07T22:37:49.820+0000] {logging_mixin.py:188} INFO - [2026-05-07T22:37:49.820+0000] {dag.py:3954} INFO - Setting next_dagrun for example_branch_datetime_operator_2 to 2026-05-06 00:00:00+00:00, run_after=2026-05-07 00:00:00+00:00
[2026-05-07T22:37:49.824+0000] {logging_mixin.py:188} INFO - [2026-05-07T22:37:49.823+0000] {dag.py:3954} INFO - Setting next_dagrun for example_branch_datetime_operator_3 to 2026-05-06 00:00:00+00:00, run_after=2026-05-07 00:00:00+00:00
[2026-05-07T22:37:49.844+0000] {processor.py:183} INFO - Processing /home/airflow/.local/lib/python3.12/site-packages/airflow/example_dags/example_branch_datetime_operator.py took 0.097 seconds
[2026-05-07T22:38:20.747+0000] {processor.py:161} INFO - Started process (PID=2912) to work on /home/airflow/.local/lib/python3.12/site-packages/airflow/example_dags/example_branch_datetime_operator.py
[2026-05-07T22:38:20.748+0000] {processor.py:830} INFO - Processing file /home/airflow/.local/lib/python3.12/site-packages/airflow/example_dags/example_branch_datetime_operator.py for tasks to queue
[2026-05-07T22:38:20.751+0000] {logging_mixin.py:188} INFO - [2026-05-07T22:38:20.750+0000] {dagbag.py:545} INFO - Filling up the DagBag from /home/airflow/.local/lib/python3.12/site-packages/airflow/example_dags/example_branch_datetime_operator.py
[2026-05-07T22:38:20.760+0000] {processor.py:840} INFO - DAG(s) 'example_branch_datetime_operator_3', 'example_branch_datetime_operator', 'example_branch_datetime_operator_2' retrieved from /home/airflow/.local/lib/python3.12/site-packages/airflow/example_dags/example_branch_datetime_operator.py
[2026-05-07T22:38:20.788+0000] {logging_mixin.py:188} INFO - [2026-05-07T22:38:20.788+0000] {dag.py:3096} INFO - Sync 3 DAGs
[2026-05-07T22:38:20.809+0000] {logging_mixin.py:188} INFO - [2026-05-07T22:38:20.809+0000] {dag.py:3954} INFO - Setting next_dagrun for example_branch_datetime_operator to 2026-05-06 00:00:00+00:00, run_after=2026-05-07 00:00:00+00:00
[2026-05-07T22:38:20.814+0000] {logging_mixin.py:188} INFO - [2026-05-07T22:38:20.814+0000] {dag.py:3954} INFO - Setting next_dagrun for example_branch_datetime_operator_2 to 2026-05-06 00:00:00+00:00, run_after=2026-05-07 00:00:00+00:00
[2026-05-07T22:38:20.817+0000] {logging_mixin.py:188} INFO - [2026-05-07T22:38:20.817+0000] {dag.py:3954} INFO - Setting next_dagrun for example_branch_datetime_operator_3 to 2026-05-06 00:00:00+00:00, run_after=2026-05-07 00:00:00+00:00
[2026-05-07T22:38:20.835+0000] {processor.py:183} INFO - Processing /home/airflow/.local/lib/python3.12/site-packages/airflow/example_dags/example_branch_datetime_operator.py took 0.095 seconds
[2026-05-07T22:38:50.931+0000] {processor.py:161} INFO - Started process (PID=2970) to work on /home/airflow/.local/lib/python3.12/site-packages/airflow/example_dags/example_branch_datetime_operator.py
[2026-05-07T22:38:50.932+0000] {processor.py:830} INFO - Processing file /home/airflow/.local/lib/python3.12/site-packages/airflow/example_dags/example_branch_datetime_operator.py for tasks to queue
[2026-05-07T22:38:50.934+0000] {logging_mixin.py:188} INFO - [2026-05-07T22:38:50.934+0000] {dagbag.py:545} INFO - Filling up the DagBag from /home/airflow/.local/lib/python3.12/site-packages/airflow/example_dags/example_branch_datetime_operator.py
[2026-05-07T22:38:50.942+0000] {processor.py:840} INFO - DAG(s) 'example_branch_datetime_operator_2', 'example_branch_datetime_operator_3', 'example_branch_datetime_operator' retrieved from /home/airflow/.local/lib/python3.12/site-packages/airflow/example_dags/example_branch_datetime_operator.py
[2026-05-07T22:38:50.970+0000] {logging_mixin.py:188} INFO - [2026-05-07T22:38:50.970+0000] {dag.py:3096} INFO - Sync 3 DAGs
[2026-05-07T22:38:50.991+0000] {logging_mixin.py:188} INFO - [2026-05-07T22:38:50.991+0000] {dag.py:3954} INFO - Setting next_dagrun for example_branch_datetime_operator to 2026-05-06 00:00:00+00:00, run_after=2026-05-07 00:00:00+00:00
[2026-05-07T22:38:50.996+0000] {logging_mixin.py:188} INFO - [2026-05-07T22:38:50.996+0000] {dag.py:3954} INFO - Setting next_dagrun for example_branch_datetime_operator_2 to 2026-05-06 00:00:00+00:00, run_after=2026-05-07 00:00:00+00:00
[2026-05-07T22:38:50.999+0000] {logging_mixin.py:188} INFO - [2026-05-07T22:38:50.999+0000] {dag.py:3954} INFO - Setting next_dagrun for example_branch_datetime_operator_3 to 2026-05-06 00:00:00+00:00, run_after=2026-05-07 00:00:00+00:00
[2026-05-07T22:38:51.018+0000] {processor.py:183} INFO - Processing /home/airflow/.local/lib/python3.12/site-packages/airflow/example_dags/example_branch_datetime_operator.py took 0.092 seconds
[2026-05-07T22:39:21.190+0000] {processor.py:161} INFO - Started process (PID=3028) to work on /home/airflow/.local/lib/python3.12/site-packages/airflow/example_dags/example_branch_datetime_operator.py
[2026-05-07T22:39:21.191+0000] {processor.py:830} INFO - Processing file /home/airflow/.local/lib/python3.12/site-packages/airflow/example_dags/example_branch_datetime_operator.py for tasks to queue
[2026-05-07T22:39:21.193+0000] {logging_mixin.py:188} INFO - [2026-05-07T22:39:21.193+0000] {dagbag.py:545} INFO - Filling up the DagBag from /home/airflow/.local/lib/python3.12/site-packages/airflow/example_dags/example_branch_datetime_operator.py
[2026-05-07T22:39:21.202+0000] {processor.py:840} INFO - DAG(s) 'example_branch_datetime_operator', 'example_branch_datetime_operator_3', 'example_branch_datetime_operator_2' retrieved from /home/airflow/.local/lib/python3.12/site-packages/airflow/example_dags/example_branch_datetime_operator.py
[2026-05-07T22:39:21.229+0000] {logging_mixin.py:188} INFO - [2026-05-07T22:39:21.229+0000] {dag.py:3096} INFO - Sync 3 DAGs
[2026-05-07T22:39:21.250+0000] {logging_mixin.py:188} INFO - [2026-05-07T22:39:21.250+0000] {dag.py:3954} INFO - Setting next_dagrun for example_branch_datetime_operator to 2026-05-06 00:00:00+00:00, run_after=2026-05-07 00:00:00+00:00
[2026-05-07T22:39:21.255+0000] {logging_mixin.py:188} INFO - [2026-05-07T22:39:21.255+0000] {dag.py:3954} INFO - Setting next_dagrun for example_branch_datetime_operator_2 to 2026-05-06 00:00:00+00:00, run_after=2026-05-07 00:00:00+00:00
[2026-05-07T22:39:21.258+0000] {logging_mixin.py:188} INFO - [2026-05-07T22:39:21.257+0000] {dag.py:3954} INFO - Setting next_dagrun for example_branch_datetime_operator_3 to 2026-05-06 00:00:00+00:00, run_after=2026-05-07 00:00:00+00:00
[2026-05-07T22:39:21.278+0000] {processor.py:183} INFO - Processing /home/airflow/.local/lib/python3.12/site-packages/airflow/example_dags/example_branch_datetime_operator.py took 0.093 seconds
[2026-05-07T22:39:51.440+0000] {processor.py:161} INFO - Started process (PID=3086) to work on /home/airflow/.local/lib/python3.12/site-packages/airflow/example_dags/example_branch_datetime_operator.py
[2026-05-07T22:39:51.442+0000] {processor.py:830} INFO - Processing file /home/airflow/.local/lib/python3.12/site-packages/airflow/example_dags/example_branch_datetime_operator.py for tasks to queue
[2026-05-07T22:39:51.444+0000] {logging_mixin.py:188} INFO - [2026-05-07T22:39:51.444+0000] {dagbag.py:545} INFO - Filling up the DagBag from /home/airflow/.local/lib/python3.12/site-packages/airflow/example_dags/example_branch_datetime_operator.py
[2026-05-07T22:39:51.454+0000] {processor.py:840} INFO - DAG(s) 'example_branch_datetime_operator_3', 'example_branch_datetime_operator_2', 'example_branch_datetime_operator' retrieved from /home/airflow/.local/lib/python3.12/site-packages/airflow/example_dags/example_branch_datetime_operator.py
[2026-05-07T22:39:51.480+0000] {logging_mixin.py:188} INFO - [2026-05-07T22:39:51.479+0000] {dag.py:3096} INFO - Sync 3 DAGs
[2026-05-07T22:39:51.507+0000] {logging_mixin.py:188} INFO - [2026-05-07T22:39:51.506+0000] {dag.py:3954} INFO - Setting next_dagrun for example_branch_datetime_operator to 2026-05-06 00:00:00+00:00, run_after=2026-05-07 00:00:00+00:00
[2026-05-07T22:39:51.513+0000] {logging_mixin.py:188} INFO - [2026-05-07T22:39:51.513+0000] {dag.py:3954} INFO - Setting next_dagrun for example_branch_datetime_operator_2 to 2026-05-06 00:00:00+00:00, run_after=2026-05-07 00:00:00+00:00
[2026-05-07T22:39:51.517+0000] {logging_mixin.py:188} INFO - [2026-05-07T22:39:51.516+0000] {dag.py:3954} INFO - Setting next_dagrun for example_branch_datetime_operator_3 to 2026-05-06 00:00:00+00:00, run_after=2026-05-07 00:00:00+00:00
[2026-05-07T22:39:51.539+0000] {processor.py:183} INFO - Processing /home/airflow/.local/lib/python3.12/site-packages/airflow/example_dags/example_branch_datetime_operator.py took 0.104 seconds
[2026-05-07T22:40:21.615+0000] {processor.py:161} INFO - Started process (PID=3144) to work on /home/airflow/.local/lib/python3.12/site-packages/airflow/example_dags/example_branch_datetime_operator.py
[2026-05-07T22:40:21.620+0000] {processor.py:830} INFO - Processing file /home/airflow/.local/lib/python3.12/site-packages/airflow/example_dags/example_branch_datetime_operator.py for tasks to queue
[2026-05-07T22:40:21.622+0000] {logging_mixin.py:188} INFO - [2026-05-07T22:40:21.621+0000] {dagbag.py:545} INFO - Filling up the DagBag from /home/airflow/.local/lib/python3.12/site-packages/airflow/example_dags/example_branch_datetime_operator.py
[2026-05-07T22:40:21.634+0000] {processor.py:840} INFO - DAG(s) 'example_branch_datetime_operator_2', 'example_branch_datetime_operator_3', 'example_branch_datetime_operator' retrieved from /home/airflow/.local/lib/python3.12/site-packages/airflow/example_dags/example_branch_datetime_operator.py
[2026-05-07T22:40:21.662+0000] {logging_mixin.py:188} INFO - [2026-05-07T22:40:21.662+0000] {dag.py:3096} INFO - Sync 3 DAGs
[2026-05-07T22:40:21.684+0000] {logging_mixin.py:188} INFO - [2026-05-07T22:40:21.684+0000] {dag.py:3954} INFO - Setting next_dagrun for example_branch_datetime_operator to 2026-05-06 00:00:00+00:00, run_after=2026-05-07 00:00:00+00:00
[2026-05-07T22:40:21.690+0000] {logging_mixin.py:188} INFO - [2026-05-07T22:40:21.689+0000] {dag.py:3954} INFO - Setting next_dagrun for example_branch_datetime_operator_2 to 2026-05-06 00:00:00+00:00, run_after=2026-05-07 00:00:00+00:00
[2026-05-07T22:40:21.692+0000] {logging_mixin.py:188} INFO - [2026-05-07T22:40:21.692+0000] {dag.py:3954} INFO - Setting next_dagrun for example_branch_datetime_operator_3 to 2026-05-06 00:00:00+00:00, run_after=2026-05-07 00:00:00+00:00
[2026-05-07T22:40:21.710+0000] {processor.py:183} INFO - Processing /home/airflow/.local/lib/python3.12/site-packages/airflow/example_dags/example_branch_datetime_operator.py took 0.100 seconds
[2026-05-07T22:40:51.965+0000] {processor.py:161} INFO - Started process (PID=3202) to work on /home/airflow/.local/lib/python3.12/site-packages/airflow/example_dags/example_branch_datetime_operator.py
[2026-05-07T22:40:51.968+0000] {processor.py:830} INFO - Processing file /home/airflow/.local/lib/python3.12/site-packages/airflow/example_dags/example_branch_datetime_operator.py for tasks to queue
[2026-05-07T22:40:51.971+0000] {logging_mixin.py:188} INFO - [2026-05-07T22:40:51.970+0000] {dagbag.py:545} INFO - Filling up the DagBag from /home/airflow/.local/lib/python3.12/site-packages/airflow/example_dags/example_branch_datetime_operator.py
[2026-05-07T22:40:51.980+0000] {processor.py:840} INFO - DAG(s) 'example_branch_datetime_operator_3', 'example_branch_datetime_operator', 'example_branch_datetime_operator_2' retrieved from /home/airflow/.local/lib/python3.12/site-packages/airflow/example_dags/example_branch_datetime_operator.py
[2026-05-07T22:40:52.005+0000] {logging_mixin.py:188} INFO - [2026-05-07T22:40:52.005+0000] {dag.py:3096} INFO - Sync 3 DAGs
[2026-05-07T22:40:52.026+0000] {logging_mixin.py:188} INFO - [2026-05-07T22:40:52.025+0000] {dag.py:3954} INFO - Setting next_dagrun for example_branch_datetime_operator to 2026-05-06 00:00:00+00:00, run_after=2026-05-07 00:00:00+00:00
[2026-05-07T22:40:52.032+0000] {logging_mixin.py:188} INFO - [2026-05-07T22:40:52.031+0000] {dag.py:3954} INFO - Setting next_dagrun for example_branch_datetime_operator_2 to 2026-05-06 00:00:00+00:00, run_after=2026-05-07 00:00:00+00:00
[2026-05-07T22:40:52.034+0000] {logging_mixin.py:188} INFO - [2026-05-07T22:40:52.034+0000] {dag.py:3954} INFO - Setting next_dagrun for example_branch_datetime_operator_3 to 2026-05-06 00:00:00+00:00, run_after=2026-05-07 00:00:00+00:00
[2026-05-07T22:40:52.053+0000] {processor.py:183} INFO - Processing /home/airflow/.local/lib/python3.12/site-packages/airflow/example_dags/example_branch_datetime_operator.py took 0.093 seconds
[2026-05-07T22:41:22.281+0000] {processor.py:161} INFO - Started process (PID=3260) to work on /home/airflow/.local/lib/python3.12/site-packages/airflow/example_dags/example_branch_datetime_operator.py
[2026-05-07T22:41:22.282+0000] {processor.py:830} INFO - Processing file /home/airflow/.local/lib/python3.12/site-packages/airflow/example_dags/example_branch_datetime_operator.py for tasks to queue
[2026-05-07T22:41:22.284+0000] {logging_mixin.py:188} INFO - [2026-05-07T22:41:22.284+0000] {dagbag.py:545} INFO - Filling up the DagBag from /home/airflow/.local/lib/python3.12/site-packages/airflow/example_dags/example_branch_datetime_operator.py
[2026-05-07T22:41:22.292+0000] {processor.py:840} INFO - DAG(s) 'example_branch_datetime_operator', 'example_branch_datetime_operator_2', 'example_branch_datetime_operator_3' retrieved from /home/airflow/.local/lib/python3.12/site-packages/airflow/example_dags/example_branch_datetime_operator.py
[2026-05-07T22:41:22.320+0000] {logging_mixin.py:188} INFO - [2026-05-07T22:41:22.319+0000] {dag.py:3096} INFO - Sync 3 DAGs
[2026-05-07T22:41:22.341+0000] {logging_mixin.py:188} INFO - [2026-05-07T22:41:22.341+0000] {dag.py:3954} INFO - Setting next_dagrun for example_branch_datetime_operator to 2026-05-06 00:00:00+00:00, run_after=2026-05-07 00:00:00+00:00
[2026-05-07T22:41:22.346+0000] {logging_mixin.py:188} INFO - [2026-05-07T22:41:22.346+0000] {dag.py:3954} INFO - Setting next_dagrun for example_branch_datetime_operator_2 to 2026-05-06 00:00:00+00:00, run_after=2026-05-07 00:00:00+00:00
[2026-05-07T22:41:22.349+0000] {logging_mixin.py:188} INFO - [2026-05-07T22:41:22.349+0000] {dag.py:3954} INFO - Setting next_dagrun for example_branch_datetime_operator_3 to 2026-05-06 00:00:00+00:00, run_after=2026-05-07 00:00:00+00:00
[2026-05-07T22:41:22.370+0000] {processor.py:183} INFO - Processing /home/airflow/.local/lib/python3.12/site-packages/airflow/example_dags/example_branch_datetime_operator.py took 0.095 seconds
[2026-05-07T22:41:52.697+0000] {processor.py:161} INFO - Started process (PID=3318) to work on /home/airflow/.local/lib/python3.12/site-packages/airflow/example_dags/example_branch_datetime_operator.py
[2026-05-07T22:41:52.699+0000] {processor.py:830} INFO - Processing file /home/airflow/.local/lib/python3.12/site-packages/airflow/example_dags/example_branch_datetime_operator.py for tasks to queue
[2026-05-07T22:41:52.701+0000] {logging_mixin.py:188} INFO - [2026-05-07T22:41:52.701+0000] {dagbag.py:545} INFO - Filling up the DagBag from /home/airflow/.local/lib/python3.12/site-packages/airflow/example_dags/example_branch_datetime_operator.py
[2026-05-07T22:41:52.714+0000] {processor.py:840} INFO - DAG(s) 'example_branch_datetime_operator_2', 'example_branch_datetime_operator', 'example_branch_datetime_operator_3' retrieved from /home/airflow/.local/lib/python3.12/site-packages/airflow/example_dags/example_branch_datetime_operator.py
[2026-05-07T22:41:52.742+0000] {logging_mixin.py:188} INFO - [2026-05-07T22:41:52.742+0000] {dag.py:3096} INFO - Sync 3 DAGs
[2026-05-07T22:41:52.765+0000] {logging_mixin.py:188} INFO - [2026-05-07T22:41:52.765+0000] {dag.py:3954} INFO - Setting next_dagrun for example_branch_datetime_operator to 2026-05-06 00:00:00+00:00, run_after=2026-05-07 00:00:00+00:00
[2026-05-07T22:41:52.770+0000] {logging_mixin.py:188} INFO - [2026-05-07T22:41:52.770+0000] {dag.py:3954} INFO - Setting next_dagrun for example_branch_datetime_operator_2 to 2026-05-06 00:00:00+00:00, run_after=2026-05-07 00:00:00+00:00
[2026-05-07T22:41:52.772+0000] {logging_mixin.py:188} INFO - [2026-05-07T22:41:52.772+0000] {dag.py:3954} INFO - Setting next_dagrun for example_branch_datetime_operator_3 to 2026-05-06 00:00:00+00:00, run_after=2026-05-07 00:00:00+00:00
[2026-05-07T22:41:52.793+0000] {processor.py:183} INFO - Processing /home/airflow/.local/lib/python3.12/site-packages/airflow/example_dags/example_branch_datetime_operator.py took 0.101 seconds
[2026-05-07T22:42:23.564+0000] {processor.py:161} INFO - Started process (PID=3376) to work on /home/airflow/.local/lib/python3.12/site-packages/airflow/example_dags/example_branch_datetime_operator.py
[2026-05-07T22:42:23.565+0000] {processor.py:830} INFO - Processing file /home/airflow/.local/lib/python3.12/site-packages/airflow/example_dags/example_branch_datetime_operator.py for tasks to queue
[2026-05-07T22:42:23.567+0000] {logging_mixin.py:188} INFO - [2026-05-07T22:42:23.567+0000] {dagbag.py:545} INFO - Filling up the DagBag from /home/airflow/.local/lib/python3.12/site-packages/airflow/example_dags/example_branch_datetime_operator.py
[2026-05-07T22:42:23.576+0000] {processor.py:840} INFO - DAG(s) 'example_branch_datetime_operator_2', 'example_branch_datetime_operator', 'example_branch_datetime_operator_3' retrieved from /home/airflow/.local/lib/python3.12/site-packages/airflow/example_dags/example_branch_datetime_operator.py
[2026-05-07T22:42:23.609+0000] {logging_mixin.py:188} INFO - [2026-05-07T22:42:23.609+0000] {dag.py:3096} INFO - Sync 3 DAGs
[2026-05-07T22:42:23.633+0000] {logging_mixin.py:188} INFO - [2026-05-07T22:42:23.633+0000] {dag.py:3954} INFO - Setting next_dagrun for example_branch_datetime_operator to 2026-05-06 00:00:00+00:00, run_after=2026-05-07 00:00:00+00:00
[2026-05-07T22:42:23.638+0000] {logging_mixin.py:188} INFO - [2026-05-07T22:42:23.638+0000] {dag.py:3954} INFO - Setting next_dagrun for example_branch_datetime_operator_2 to 2026-05-06 00:00:00+00:00, run_after=2026-05-07 00:00:00+00:00
[2026-05-07T22:42:23.641+0000] {logging_mixin.py:188} INFO - [2026-05-07T22:42:23.641+0000] {dag.py:3954} INFO - Setting next_dagrun for example_branch_datetime_operator_3 to 2026-05-06 00:00:00+00:00, run_after=2026-05-07 00:00:00+00:00
[2026-05-07T22:42:23.663+0000] {processor.py:183} INFO - Processing /home/airflow/.local/lib/python3.12/site-packages/airflow/example_dags/example_branch_datetime_operator.py took 0.104 seconds
[2026-05-07T22:42:53.931+0000] {processor.py:161} INFO - Started process (PID=3434) to work on /home/airflow/.local/lib/python3.12/site-packages/airflow/example_dags/example_branch_datetime_operator.py
[2026-05-07T22:42:53.936+0000] {processor.py:830} INFO - Processing file /home/airflow/.local/lib/python3.12/site-packages/airflow/example_dags/example_branch_datetime_operator.py for tasks to queue
[2026-05-07T22:42:53.939+0000] {logging_mixin.py:188} INFO - [2026-05-07T22:42:53.938+0000] {dagbag.py:545} INFO - Filling up the DagBag from /home/airflow/.local/lib/python3.12/site-packages/airflow/example_dags/example_branch_datetime_operator.py
[2026-05-07T22:42:53.971+0000] {processor.py:840} INFO - DAG(s) 'example_branch_datetime_operator_2', 'example_branch_datetime_operator_3', 'example_branch_datetime_operator' retrieved from /home/airflow/.local/lib/python3.12/site-packages/airflow/example_dags/example_branch_datetime_operator.py
[2026-05-07T22:42:54.007+0000] {logging_mixin.py:188} INFO - [2026-05-07T22:42:54.007+0000] {dag.py:3096} INFO - Sync 3 DAGs
[2026-05-07T22:42:54.032+0000] {logging_mixin.py:188} INFO - [2026-05-07T22:42:54.032+0000] {dag.py:3954} INFO - Setting next_dagrun for example_branch_datetime_operator to 2026-05-06 00:00:00+00:00, run_after=2026-05-07 00:00:00+00:00
[2026-05-07T22:42:54.039+0000] {logging_mixin.py:188} INFO - [2026-05-07T22:42:54.038+0000] {dag.py:3954} INFO - Setting next_dagrun for example_branch_datetime_operator_2 to 2026-05-06 00:00:00+00:00, run_after=2026-05-07 00:00:00+00:00
[2026-05-07T22:42:54.042+0000] {logging_mixin.py:188} INFO - [2026-05-07T22:42:54.041+0000] {dag.py:3954} INFO - Setting next_dagrun for example_branch_datetime_operator_3 to 2026-05-06 00:00:00+00:00, run_after=2026-05-07 00:00:00+00:00
[2026-05-07T22:42:54.063+0000] {processor.py:183} INFO - Processing /home/airflow/.local/lib/python3.12/site-packages/airflow/example_dags/example_branch_datetime_operator.py took 0.138 seconds
[2026-05-07T22:43:24.290+0000] {processor.py:161} INFO - Started process (PID=3491) to work on /home/airflow/.local/lib/python3.12/site-packages/airflow/example_dags/example_branch_datetime_operator.py
[2026-05-07T22:43:24.292+0000] {processor.py:830} INFO - Processing file /home/airflow/.local/lib/python3.12/site-packages/airflow/example_dags/example_branch_datetime_operator.py for tasks to queue
[2026-05-07T22:43:24.296+0000] {logging_mixin.py:188} INFO - [2026-05-07T22:43:24.295+0000] {dagbag.py:545} INFO - Filling up the DagBag from /home/airflow/.local/lib/python3.12/site-packages/airflow/example_dags/example_branch_datetime_operator.py
[2026-05-07T22:43:24.325+0000] {processor.py:840} INFO - DAG(s) 'example_branch_datetime_operator_2', 'example_branch_datetime_operator', 'example_branch_datetime_operator_3' retrieved from /home/airflow/.local/lib/python3.12/site-packages/airflow/example_dags/example_branch_datetime_operator.py
[2026-05-07T22:43:24.369+0000] {logging_mixin.py:188} INFO - [2026-05-07T22:43:24.369+0000] {dag.py:3096} INFO - Sync 3 DAGs
[2026-05-07T22:43:24.401+0000] {logging_mixin.py:188} INFO - [2026-05-07T22:43:24.401+0000] {dag.py:3954} INFO - Setting next_dagrun for example_branch_datetime_operator to 2026-05-06 00:00:00+00:00, run_after=2026-05-07 00:00:00+00:00
[2026-05-07T22:43:24.407+0000] {logging_mixin.py:188} INFO - [2026-05-07T22:43:24.407+0000] {dag.py:3954} INFO - Setting next_dagrun for example_branch_datetime_operator_2 to 2026-05-06 00:00:00+00:00, run_after=2026-05-07 00:00:00+00:00
[2026-05-07T22:43:24.412+0000] {logging_mixin.py:188} INFO - [2026-05-07T22:43:24.412+0000] {dag.py:3954} INFO - Setting next_dagrun for example_branch_datetime_operator_3 to 2026-05-06 00:00:00+00:00, run_after=2026-05-07 00:00:00+00:00
[2026-05-07T22:43:24.447+0000] {processor.py:183} INFO - Processing /home/airflow/.local/lib/python3.12/site-packages/airflow/example_dags/example_branch_datetime_operator.py took 0.168 seconds
[2026-05-07T22:43:54.790+0000] {processor.py:161} INFO - Started process (PID=3549) to work on /home/airflow/.local/lib/python3.12/site-packages/airflow/example_dags/example_branch_datetime_operator.py
[2026-05-07T22:43:54.792+0000] {processor.py:830} INFO - Processing file /home/airflow/.local/lib/python3.12/site-packages/airflow/example_dags/example_branch_datetime_operator.py for tasks to queue
[2026-05-07T22:43:54.794+0000] {logging_mixin.py:188} INFO - [2026-05-07T22:43:54.794+0000] {dagbag.py:545} INFO - Filling up the DagBag from /home/airflow/.local/lib/python3.12/site-packages/airflow/example_dags/example_branch_datetime_operator.py
[2026-05-07T22:43:54.803+0000] {processor.py:840} INFO - DAG(s) 'example_branch_datetime_operator', 'example_branch_datetime_operator_2', 'example_branch_datetime_operator_3' retrieved from /home/airflow/.local/lib/python3.12/site-packages/airflow/example_dags/example_branch_datetime_operator.py
[2026-05-07T22:43:54.829+0000] {logging_mixin.py:188} INFO - [2026-05-07T22:43:54.829+0000] {dag.py:3096} INFO - Sync 3 DAGs
[2026-05-07T22:43:54.851+0000] {logging_mixin.py:188} INFO - [2026-05-07T22:43:54.851+0000] {dag.py:3954} INFO - Setting next_dagrun for example_branch_datetime_operator to 2026-05-06 00:00:00+00:00, run_after=2026-05-07 00:00:00+00:00
[2026-05-07T22:43:54.856+0000] {logging_mixin.py:188} INFO - [2026-05-07T22:43:54.856+0000] {dag.py:3954} INFO - Setting next_dagrun for example_branch_datetime_operator_2 to 2026-05-06 00:00:00+00:00, run_after=2026-05-07 00:00:00+00:00
[2026-05-07T22:43:54.859+0000] {logging_mixin.py:188} INFO - [2026-05-07T22:43:54.858+0000] {dag.py:3954} INFO - Setting next_dagrun for example_branch_datetime_operator_3 to 2026-05-06 00:00:00+00:00, run_after=2026-05-07 00:00:00+00:00
[2026-05-07T22:43:54.879+0000] {processor.py:183} INFO - Processing /home/airflow/.local/lib/python3.12/site-packages/airflow/example_dags/example_branch_datetime_operator.py took 0.095 seconds
[2026-05-07T22:44:25.000+0000] {processor.py:161} INFO - Started process (PID=3608) to work on /home/airflow/.local/lib/python3.12/site-packages/airflow/example_dags/example_branch_datetime_operator.py
[2026-05-07T22:44:25.001+0000] {processor.py:830} INFO - Processing file /home/airflow/.local/lib/python3.12/site-packages/airflow/example_dags/example_branch_datetime_operator.py for tasks to queue
[2026-05-07T22:44:25.003+0000] {logging_mixin.py:188} INFO - [2026-05-07T22:44:25.003+0000] {dagbag.py:545} INFO - Filling up the DagBag from /home/airflow/.local/lib/python3.12/site-packages/airflow/example_dags/example_branch_datetime_operator.py
[2026-05-07T22:44:25.012+0000] {processor.py:840} INFO - DAG(s) 'example_branch_datetime_operator_2', 'example_branch_datetime_operator', 'example_branch_datetime_operator_3' retrieved from /home/airflow/.local/lib/python3.12/site-packages/airflow/example_dags/example_branch_datetime_operator.py
[2026-05-07T22:44:25.036+0000] {logging_mixin.py:188} INFO - [2026-05-07T22:44:25.036+0000] {dag.py:3096} INFO - Sync 3 DAGs
[2026-05-07T22:44:25.055+0000] {logging_mixin.py:188} INFO - [2026-05-07T22:44:25.055+0000] {dag.py:3954} INFO - Setting next_dagrun for example_branch_datetime_operator to 2026-05-06 00:00:00+00:00, run_after=2026-05-07 00:00:00+00:00
[2026-05-07T22:44:25.060+0000] {logging_mixin.py:188} INFO - [2026-05-07T22:44:25.059+0000] {dag.py:3954} INFO - Setting next_dagrun for example_branch_datetime_operator_2 to 2026-05-06 00:00:00+00:00, run_after=2026-05-07 00:00:00+00:00
[2026-05-07T22:44:25.062+0000] {logging_mixin.py:188} INFO - [2026-05-07T22:44:25.062+0000] {dag.py:3954} INFO - Setting next_dagrun for example_branch_datetime_operator_3 to 2026-05-06 00:00:00+00:00, run_after=2026-05-07 00:00:00+00:00
[2026-05-07T22:44:25.081+0000] {processor.py:183} INFO - Processing /home/airflow/.local/lib/python3.12/site-packages/airflow/example_dags/example_branch_datetime_operator.py took 0.086 seconds
[2026-05-07T22:44:55.342+0000] {processor.py:161} INFO - Started process (PID=3665) to work on /home/airflow/.local/lib/python3.12/site-packages/airflow/example_dags/example_branch_datetime_operator.py
[2026-05-07T22:44:55.343+0000] {processor.py:830} INFO - Processing file /home/airflow/.local/lib/python3.12/site-packages/airflow/example_dags/example_branch_datetime_operator.py for tasks to queue
[2026-05-07T22:44:55.345+0000] {logging_mixin.py:188} INFO - [2026-05-07T22:44:55.345+0000] {dagbag.py:545} INFO - Filling up the DagBag from /home/airflow/.local/lib/python3.12/site-packages/airflow/example_dags/example_branch_datetime_operator.py
[2026-05-07T22:44:55.354+0000] {processor.py:840} INFO - DAG(s) 'example_branch_datetime_operator_2', 'example_branch_datetime_operator_3', 'example_branch_datetime_operator' retrieved from /home/airflow/.local/lib/python3.12/site-packages/airflow/example_dags/example_branch_datetime_operator.py
[2026-05-07T22:44:55.383+0000] {logging_mixin.py:188} INFO - [2026-05-07T22:44:55.382+0000] {dag.py:3096} INFO - Sync 3 DAGs
[2026-05-07T22:44:55.404+0000] {logging_mixin.py:188} INFO - [2026-05-07T22:44:55.404+0000] {dag.py:3954} INFO - Setting next_dagrun for example_branch_datetime_operator to 2026-05-06 00:00:00+00:00, run_after=2026-05-07 00:00:00+00:00
[2026-05-07T22:44:55.409+0000] {logging_mixin.py:188} INFO - [2026-05-07T22:44:55.408+0000] {dag.py:3954} INFO - Setting next_dagrun for example_branch_datetime_operator_2 to 2026-05-06 00:00:00+00:00, run_after=2026-05-07 00:00:00+00:00
[2026-05-07T22:44:55.411+0000] {logging_mixin.py:188} INFO - [2026-05-07T22:44:55.411+0000] {dag.py:3954} INFO - Setting next_dagrun for example_branch_datetime_operator_3 to 2026-05-06 00:00:00+00:00, run_after=2026-05-07 00:00:00+00:00
[2026-05-07T22:44:55.431+0000] {processor.py:183} INFO - Processing /home/airflow/.local/lib/python3.12/site-packages/airflow/example_dags/example_branch_datetime_operator.py took 0.095 seconds
[2026-05-07T22:45:25.829+0000] {processor.py:161} INFO - Started process (PID=3722) to work on /home/airflow/.local/lib/python3.12/site-packages/airflow/example_dags/example_branch_datetime_operator.py
[2026-05-07T22:45:25.830+0000] {processor.py:830} INFO - Processing file /home/airflow/.local/lib/python3.12/site-packages/airflow/example_dags/example_branch_datetime_operator.py for tasks to queue
[2026-05-07T22:45:25.832+0000] {logging_mixin.py:188} INFO - [2026-05-07T22:45:25.832+0000] {dagbag.py:545} INFO - Filling up the DagBag from /home/airflow/.local/lib/python3.12/site-packages/airflow/example_dags/example_branch_datetime_operator.py
[2026-05-07T22:45:25.842+0000] {processor.py:840} INFO - DAG(s) 'example_branch_datetime_operator_3', 'example_branch_datetime_operator_2', 'example_branch_datetime_operator' retrieved from /home/airflow/.local/lib/python3.12/site-packages/airflow/example_dags/example_branch_datetime_operator.py
[2026-05-07T22:45:25.869+0000] {logging_mixin.py:188} INFO - [2026-05-07T22:45:25.869+0000] {dag.py:3096} INFO - Sync 3 DAGs
[2026-05-07T22:45:25.891+0000] {logging_mixin.py:188} INFO - [2026-05-07T22:45:25.891+0000] {dag.py:3954} INFO - Setting next_dagrun for example_branch_datetime_operator to 2026-05-06 00:00:00+00:00, run_after=2026-05-07 00:00:00+00:00
[2026-05-07T22:45:25.896+0000] {logging_mixin.py:188} INFO - [2026-05-07T22:45:25.896+0000] {dag.py:3954} INFO - Setting next_dagrun for example_branch_datetime_operator_2 to 2026-05-06 00:00:00+00:00, run_after=2026-05-07 00:00:00+00:00
[2026-05-07T22:45:25.899+0000] {logging_mixin.py:188} INFO - [2026-05-07T22:45:25.898+0000] {dag.py:3954} INFO - Setting next_dagrun for example_branch_datetime_operator_3 to 2026-05-06 00:00:00+00:00, run_after=2026-05-07 00:00:00+00:00
[2026-05-07T22:45:25.918+0000] {processor.py:183} INFO - Processing /home/airflow/.local/lib/python3.12/site-packages/airflow/example_dags/example_branch_datetime_operator.py took 0.094 seconds
[2026-05-07T22:45:55.979+0000] {processor.py:161} INFO - Started process (PID=3780) to work on /home/airflow/.local/lib/python3.12/site-packages/airflow/example_dags/example_branch_datetime_operator.py
[2026-05-07T22:45:55.980+0000] {processor.py:830} INFO - Processing file /home/airflow/.local/lib/python3.12/site-packages/airflow/example_dags/example_branch_datetime_operator.py for tasks to queue
[2026-05-07T22:45:55.981+0000] {logging_mixin.py:188} INFO - [2026-05-07T22:45:55.981+0000] {dagbag.py:545} INFO - Filling up the DagBag from /home/airflow/.local/lib/python3.12/site-packages/airflow/example_dags/example_branch_datetime_operator.py
[2026-05-07T22:45:55.991+0000] {processor.py:840} INFO - DAG(s) 'example_branch_datetime_operator_3', 'example_branch_datetime_operator', 'example_branch_datetime_operator_2' retrieved from /home/airflow/.local/lib/python3.12/site-packages/airflow/example_dags/example_branch_datetime_operator.py
[2026-05-07T22:45:56.017+0000] {logging_mixin.py:188} INFO - [2026-05-07T22:45:56.017+0000] {dag.py:3096} INFO - Sync 3 DAGs
[2026-05-07T22:45:56.041+0000] {logging_mixin.py:188} INFO - [2026-05-07T22:45:56.040+0000] {dag.py:3954} INFO - Setting next_dagrun for example_branch_datetime_operator to 2026-05-06 00:00:00+00:00, run_after=2026-05-07 00:00:00+00:00
[2026-05-07T22:45:56.046+0000] {logging_mixin.py:188} INFO - [2026-05-07T22:45:56.046+0000] {dag.py:3954} INFO - Setting next_dagrun for example_branch_datetime_operator_2 to 2026-05-06 00:00:00+00:00, run_after=2026-05-07 00:00:00+00:00
[2026-05-07T22:45:56.049+0000] {logging_mixin.py:188} INFO - [2026-05-07T22:45:56.049+0000] {dag.py:3954} INFO - Setting next_dagrun for example_branch_datetime_operator_3 to 2026-05-06 00:00:00+00:00, run_after=2026-05-07 00:00:00+00:00
[2026-05-07T22:45:56.067+0000] {processor.py:183} INFO - Processing /home/airflow/.local/lib/python3.12/site-packages/airflow/example_dags/example_branch_datetime_operator.py took 0.094 seconds
[2026-05-07T22:46:26.165+0000] {processor.py:161} INFO - Started process (PID=3838) to work on /home/airflow/.local/lib/python3.12/site-packages/airflow/example_dags/example_branch_datetime_operator.py
[2026-05-07T22:46:26.166+0000] {processor.py:830} INFO - Processing file /home/airflow/.local/lib/python3.12/site-packages/airflow/example_dags/example_branch_datetime_operator.py for tasks to queue
[2026-05-07T22:46:26.168+0000] {logging_mixin.py:188} INFO - [2026-05-07T22:46:26.168+0000] {dagbag.py:545} INFO - Filling up the DagBag from /home/airflow/.local/lib/python3.12/site-packages/airflow/example_dags/example_branch_datetime_operator.py
[2026-05-07T22:46:26.177+0000] {processor.py:840} INFO - DAG(s) 'example_branch_datetime_operator', 'example_branch_datetime_operator_3', 'example_branch_datetime_operator_2' retrieved from /home/airflow/.local/lib/python3.12/site-packages/airflow/example_dags/example_branch_datetime_operator.py
[2026-05-07T22:46:26.203+0000] {logging_mixin.py:188} INFO - [2026-05-07T22:46:26.203+0000] {dag.py:3096} INFO - Sync 3 DAGs
[2026-05-07T22:46:26.224+0000] {logging_mixin.py:188} INFO - [2026-05-07T22:46:26.223+0000] {dag.py:3954} INFO - Setting next_dagrun for example_branch_datetime_operator to 2026-05-06 00:00:00+00:00, run_after=2026-05-07 00:00:00+00:00
[2026-05-07T22:46:26.229+0000] {logging_mixin.py:188} INFO - [2026-05-07T22:46:26.228+0000] {dag.py:3954} INFO - Setting next_dagrun for example_branch_datetime_operator_2 to 2026-05-06 00:00:00+00:00, run_after=2026-05-07 00:00:00+00:00
[2026-05-07T22:46:26.231+0000] {logging_mixin.py:188} INFO - [2026-05-07T22:46:26.231+0000] {dag.py:3954} INFO - Setting next_dagrun for example_branch_datetime_operator_3 to 2026-05-06 00:00:00+00:00, run_after=2026-05-07 00:00:00+00:00
[2026-05-07T22:46:26.251+0000] {processor.py:183} INFO - Processing /home/airflow/.local/lib/python3.12/site-packages/airflow/example_dags/example_branch_datetime_operator.py took 0.091 seconds
[2026-05-07T22:46:56.409+0000] {processor.py:161} INFO - Started process (PID=3896) to work on /home/airflow/.local/lib/python3.12/site-packages/airflow/example_dags/example_branch_datetime_operator.py
[2026-05-07T22:46:56.410+0000] {processor.py:830} INFO - Processing file /home/airflow/.local/lib/python3.12/site-packages/airflow/example_dags/example_branch_datetime_operator.py for tasks to queue
[2026-05-07T22:46:56.412+0000] {logging_mixin.py:188} INFO - [2026-05-07T22:46:56.412+0000] {dagbag.py:545} INFO - Filling up the DagBag from /home/airflow/.local/lib/python3.12/site-packages/airflow/example_dags/example_branch_datetime_operator.py
[2026-05-07T22:46:56.423+0000] {processor.py:840} INFO - DAG(s) 'example_branch_datetime_operator_2', 'example_branch_datetime_operator_3', 'example_branch_datetime_operator' retrieved from /home/airflow/.local/lib/python3.12/site-packages/airflow/example_dags/example_branch_datetime_operator.py
[2026-05-07T22:46:56.449+0000] {logging_mixin.py:188} INFO - [2026-05-07T22:46:56.449+0000] {dag.py:3096} INFO - Sync 3 DAGs
[2026-05-07T22:46:56.469+0000] {logging_mixin.py:188} INFO - [2026-05-07T22:46:56.468+0000] {dag.py:3954} INFO - Setting next_dagrun for example_branch_datetime_operator to 2026-05-06 00:00:00+00:00, run_after=2026-05-07 00:00:00+00:00
[2026-05-07T22:46:56.474+0000] {logging_mixin.py:188} INFO - [2026-05-07T22:46:56.473+0000] {dag.py:3954} INFO - Setting next_dagrun for example_branch_datetime_operator_2 to 2026-05-06 00:00:00+00:00, run_after=2026-05-07 00:00:00+00:00
[2026-05-07T22:46:56.476+0000] {logging_mixin.py:188} INFO - [2026-05-07T22:46:56.476+0000] {dag.py:3954} INFO - Setting next_dagrun for example_branch_datetime_operator_3 to 2026-05-06 00:00:00+00:00, run_after=2026-05-07 00:00:00+00:00
[2026-05-07T22:46:56.499+0000] {processor.py:183} INFO - Processing /home/airflow/.local/lib/python3.12/site-packages/airflow/example_dags/example_branch_datetime_operator.py took 0.096 seconds
[2026-05-07T22:47:26.839+0000] {processor.py:161} INFO - Started process (PID=3954) to work on /home/airflow/.local/lib/python3.12/site-packages/airflow/example_dags/example_branch_datetime_operator.py
[2026-05-07T22:47:26.841+0000] {processor.py:830} INFO - Processing file /home/airflow/.local/lib/python3.12/site-packages/airflow/example_dags/example_branch_datetime_operator.py for tasks to queue
[2026-05-07T22:47:26.844+0000] {logging_mixin.py:188} INFO - [2026-05-07T22:47:26.843+0000] {dagbag.py:545} INFO - Filling up the DagBag from /home/airflow/.local/lib/python3.12/site-packages/airflow/example_dags/example_branch_datetime_operator.py
[2026-05-07T22:47:26.853+0000] {processor.py:840} INFO - DAG(s) 'example_branch_datetime_operator_3', 'example_branch_datetime_operator_2', 'example_branch_datetime_operator' retrieved from /home/airflow/.local/lib/python3.12/site-packages/airflow/example_dags/example_branch_datetime_operator.py
[2026-05-07T22:47:26.882+0000] {logging_mixin.py:188} INFO - [2026-05-07T22:47:26.881+0000] {dag.py:3096} INFO - Sync 3 DAGs
[2026-05-07T22:47:26.906+0000] {logging_mixin.py:188} INFO - [2026-05-07T22:47:26.906+0000] {dag.py:3954} INFO - Setting next_dagrun for example_branch_datetime_operator to 2026-05-06 00:00:00+00:00, run_after=2026-05-07 00:00:00+00:00
[2026-05-07T22:47:26.912+0000] {logging_mixin.py:188} INFO - [2026-05-07T22:47:26.911+0000] {dag.py:3954} INFO - Setting next_dagrun for example_branch_datetime_operator_2 to 2026-05-06 00:00:00+00:00, run_after=2026-05-07 00:00:00+00:00
[2026-05-07T22:47:26.915+0000] {logging_mixin.py:188} INFO - [2026-05-07T22:47:26.915+0000] {dag.py:3954} INFO - Setting next_dagrun for example_branch_datetime_operator_3 to 2026-05-06 00:00:00+00:00, run_after=2026-05-07 00:00:00+00:00
[2026-05-07T22:47:26.936+0000] {processor.py:183} INFO - Processing /home/airflow/.local/lib/python3.12/site-packages/airflow/example_dags/example_branch_datetime_operator.py took 0.104 seconds
[2026-05-07T22:47:57.040+0000] {processor.py:161} INFO - Started process (PID=4012) to work on /home/airflow/.local/lib/python3.12/site-packages/airflow/example_dags/example_branch_datetime_operator.py
[2026-05-07T22:47:57.041+0000] {processor.py:830} INFO - Processing file /home/airflow/.local/lib/python3.12/site-packages/airflow/example_dags/example_branch_datetime_operator.py for tasks to queue
[2026-05-07T22:47:57.044+0000] {logging_mixin.py:188} INFO - [2026-05-07T22:47:57.044+0000] {dagbag.py:545} INFO - Filling up the DagBag from /home/airflow/.local/lib/python3.12/site-packages/airflow/example_dags/example_branch_datetime_operator.py
[2026-05-07T22:47:57.054+0000] {processor.py:840} INFO - DAG(s) 'example_branch_datetime_operator', 'example_branch_datetime_operator_2', 'example_branch_datetime_operator_3' retrieved from /home/airflow/.local/lib/python3.12/site-packages/airflow/example_dags/example_branch_datetime_operator.py
[2026-05-07T22:47:57.081+0000] {logging_mixin.py:188} INFO - [2026-05-07T22:47:57.081+0000] {dag.py:3096} INFO - Sync 3 DAGs
[2026-05-07T22:47:57.102+0000] {logging_mixin.py:188} INFO - [2026-05-07T22:47:57.102+0000] {dag.py:3954} INFO - Setting next_dagrun for example_branch_datetime_operator to 2026-05-06 00:00:00+00:00, run_after=2026-05-07 00:00:00+00:00
[2026-05-07T22:47:57.107+0000] {logging_mixin.py:188} INFO - [2026-05-07T22:47:57.107+0000] {dag.py:3954} INFO - Setting next_dagrun for example_branch_datetime_operator_2 to 2026-05-06 00:00:00+00:00, run_after=2026-05-07 00:00:00+00:00
[2026-05-07T22:47:57.109+0000] {logging_mixin.py:188} INFO - [2026-05-07T22:47:57.109+0000] {dag.py:3954} INFO - Setting next_dagrun for example_branch_datetime_operator_3 to 2026-05-06 00:00:00+00:00, run_after=2026-05-07 00:00:00+00:00
[2026-05-07T22:47:57.128+0000] {processor.py:183} INFO - Processing /home/airflow/.local/lib/python3.12/site-packages/airflow/example_dags/example_branch_datetime_operator.py took 0.094 seconds
[2026-05-07T22:48:27.250+0000] {processor.py:161} INFO - Started process (PID=4069) to work on /home/airflow/.local/lib/python3.12/site-packages/airflow/example_dags/example_branch_datetime_operator.py
[2026-05-07T22:48:27.251+0000] {processor.py:830} INFO - Processing file /home/airflow/.local/lib/python3.12/site-packages/airflow/example_dags/example_branch_datetime_operator.py for tasks to queue
[2026-05-07T22:48:27.253+0000] {logging_mixin.py:188} INFO - [2026-05-07T22:48:27.253+0000] {dagbag.py:545} INFO - Filling up the DagBag from /home/airflow/.local/lib/python3.12/site-packages/airflow/example_dags/example_branch_datetime_operator.py
[2026-05-07T22:48:27.262+0000] {processor.py:840} INFO - DAG(s) 'example_branch_datetime_operator', 'example_branch_datetime_operator_2', 'example_branch_datetime_operator_3' retrieved from /home/airflow/.local/lib/python3.12/site-packages/airflow/example_dags/example_branch_datetime_operator.py
[2026-05-07T22:48:27.290+0000] {logging_mixin.py:188} INFO - [2026-05-07T22:48:27.290+0000] {dag.py:3096} INFO - Sync 3 DAGs
[2026-05-07T22:48:27.311+0000] {logging_mixin.py:188} INFO - [2026-05-07T22:48:27.311+0000] {dag.py:3954} INFO - Setting next_dagrun for example_branch_datetime_operator to 2026-05-06 00:00:00+00:00, run_after=2026-05-07 00:00:00+00:00
[2026-05-07T22:48:27.316+0000] {logging_mixin.py:188} INFO - [2026-05-07T22:48:27.316+0000] {dag.py:3954} INFO - Setting next_dagrun for example_branch_datetime_operator_2 to 2026-05-06 00:00:00+00:00, run_after=2026-05-07 00:00:00+00:00
[2026-05-07T22:48:27.319+0000] {logging_mixin.py:188} INFO - [2026-05-07T22:48:27.319+0000] {dag.py:3954} INFO - Setting next_dagrun for example_branch_datetime_operator_3 to 2026-05-06 00:00:00+00:00, run_after=2026-05-07 00:00:00+00:00
[2026-05-07T22:48:27.339+0000] {processor.py:183} INFO - Processing /home/airflow/.local/lib/python3.12/site-packages/airflow/example_dags/example_branch_datetime_operator.py took 0.094 seconds
[2026-05-07T22:48:57.430+0000] {processor.py:161} INFO - Started process (PID=4127) to work on /home/airflow/.local/lib/python3.12/site-packages/airflow/example_dags/example_branch_datetime_operator.py
[2026-05-07T22:48:57.431+0000] {processor.py:830} INFO - Processing file /home/airflow/.local/lib/python3.12/site-packages/airflow/example_dags/example_branch_datetime_operator.py for tasks to queue
[2026-05-07T22:48:57.434+0000] {logging_mixin.py:188} INFO - [2026-05-07T22:48:57.433+0000] {dagbag.py:545} INFO - Filling up the DagBag from /home/airflow/.local/lib/python3.12/site-packages/airflow/example_dags/example_branch_datetime_operator.py
[2026-05-07T22:48:57.445+0000] {processor.py:840} INFO - DAG(s) 'example_branch_datetime_operator', 'example_branch_datetime_operator_2', 'example_branch_datetime_operator_3' retrieved from /home/airflow/.local/lib/python3.12/site-packages/airflow/example_dags/example_branch_datetime_operator.py
[2026-05-07T22:48:57.471+0000] {logging_mixin.py:188} INFO - [2026-05-07T22:48:57.471+0000] {dag.py:3096} INFO - Sync 3 DAGs
[2026-05-07T22:48:57.494+0000] {logging_mixin.py:188} INFO - [2026-05-07T22:48:57.494+0000] {dag.py:3954} INFO - Setting next_dagrun for example_branch_datetime_operator to 2026-05-06 00:00:00+00:00, run_after=2026-05-07 00:00:00+00:00
[2026-05-07T22:48:57.500+0000] {logging_mixin.py:188} INFO - [2026-05-07T22:48:57.499+0000] {dag.py:3954} INFO - Setting next_dagrun for example_branch_datetime_operator_2 to 2026-05-06 00:00:00+00:00, run_after=2026-05-07 00:00:00+00:00
[2026-05-07T22:48:57.502+0000] {logging_mixin.py:188} INFO - [2026-05-07T22:48:57.502+0000] {dag.py:3954} INFO - Setting next_dagrun for example_branch_datetime_operator_3 to 2026-05-06 00:00:00+00:00, run_after=2026-05-07 00:00:00+00:00
[2026-05-07T22:48:57.521+0000] {processor.py:183} INFO - Processing /home/airflow/.local/lib/python3.12/site-packages/airflow/example_dags/example_branch_datetime_operator.py took 0.098 seconds
[2026-05-07T22:49:27.864+0000] {processor.py:161} INFO - Started process (PID=4185) to work on /home/airflow/.local/lib/python3.12/site-packages/airflow/example_dags/example_branch_datetime_operator.py
[2026-05-07T22:49:27.869+0000] {processor.py:830} INFO - Processing file /home/airflow/.local/lib/python3.12/site-packages/airflow/example_dags/example_branch_datetime_operator.py for tasks to queue
[2026-05-07T22:49:27.872+0000] {logging_mixin.py:188} INFO - [2026-05-07T22:49:27.871+0000] {dagbag.py:545} INFO - Filling up the DagBag from /home/airflow/.local/lib/python3.12/site-packages/airflow/example_dags/example_branch_datetime_operator.py
[2026-05-07T22:49:27.882+0000] {processor.py:840} INFO - DAG(s) 'example_branch_datetime_operator_2', 'example_branch_datetime_operator_3', 'example_branch_datetime_operator' retrieved from /home/airflow/.local/lib/python3.12/site-packages/airflow/example_dags/example_branch_datetime_operator.py
[2026-05-07T22:49:27.911+0000] {logging_mixin.py:188} INFO - [2026-05-07T22:49:27.910+0000] {dag.py:3096} INFO - Sync 3 DAGs
[2026-05-07T22:49:27.932+0000] {logging_mixin.py:188} INFO - [2026-05-07T22:49:27.932+0000] {dag.py:3954} INFO - Setting next_dagrun for example_branch_datetime_operator to 2026-05-06 00:00:00+00:00, run_after=2026-05-07 00:00:00+00:00
[2026-05-07T22:49:27.937+0000] {logging_mixin.py:188} INFO - [2026-05-07T22:49:27.937+0000] {dag.py:3954} INFO - Setting next_dagrun for example_branch_datetime_operator_2 to 2026-05-06 00:00:00+00:00, run_after=2026-05-07 00:00:00+00:00
[2026-05-07T22:49:27.940+0000] {logging_mixin.py:188} INFO - [2026-05-07T22:49:27.940+0000] {dag.py:3954} INFO - Setting next_dagrun for example_branch_datetime_operator_3 to 2026-05-06 00:00:00+00:00, run_after=2026-05-07 00:00:00+00:00
[2026-05-07T22:49:27.960+0000] {processor.py:183} INFO - Processing /home/airflow/.local/lib/python3.12/site-packages/airflow/example_dags/example_branch_datetime_operator.py took 0.101 seconds
[2026-05-07T22:49:58.149+0000] {processor.py:161} INFO - Started process (PID=4243) to work on /home/airflow/.local/lib/python3.12/site-packages/airflow/example_dags/example_branch_datetime_operator.py
[2026-05-07T22:49:58.151+0000] {processor.py:830} INFO - Processing file /home/airflow/.local/lib/python3.12/site-packages/airflow/example_dags/example_branch_datetime_operator.py for tasks to queue
[2026-05-07T22:49:58.154+0000] {logging_mixin.py:188} INFO - [2026-05-07T22:49:58.153+0000] {dagbag.py:545} INFO - Filling up the DagBag from /home/airflow/.local/lib/python3.12/site-packages/airflow/example_dags/example_branch_datetime_operator.py
[2026-05-07T22:49:58.163+0000] {processor.py:840} INFO - DAG(s) 'example_branch_datetime_operator', 'example_branch_datetime_operator_3', 'example_branch_datetime_operator_2' retrieved from /home/airflow/.local/lib/python3.12/site-packages/airflow/example_dags/example_branch_datetime_operator.py
[2026-05-07T22:49:58.194+0000] {logging_mixin.py:188} INFO - [2026-05-07T22:49:58.194+0000] {dag.py:3096} INFO - Sync 3 DAGs
[2026-05-07T22:49:58.219+0000] {logging_mixin.py:188} INFO - [2026-05-07T22:49:58.219+0000] {dag.py:3954} INFO - Setting next_dagrun for example_branch_datetime_operator to 2026-05-06 00:00:00+00:00, run_after=2026-05-07 00:00:00+00:00
[2026-05-07T22:49:58.225+0000] {logging_mixin.py:188} INFO - [2026-05-07T22:49:58.225+0000] {dag.py:3954} INFO - Setting next_dagrun for example_branch_datetime_operator_2 to 2026-05-06 00:00:00+00:00, run_after=2026-05-07 00:00:00+00:00
[2026-05-07T22:49:58.228+0000] {logging_mixin.py:188} INFO - [2026-05-07T22:49:58.228+0000] {dag.py:3954} INFO - Setting next_dagrun for example_branch_datetime_operator_3 to 2026-05-06 00:00:00+00:00, run_after=2026-05-07 00:00:00+00:00
[2026-05-07T22:49:58.250+0000] {processor.py:183} INFO - Processing /home/airflow/.local/lib/python3.12/site-packages/airflow/example_dags/example_branch_datetime_operator.py took 0.107 seconds
[2026-05-07T22:50:28.446+0000] {processor.py:161} INFO - Started process (PID=4301) to work on /home/airflow/.local/lib/python3.12/site-packages/airflow/example_dags/example_branch_datetime_operator.py
[2026-05-07T22:50:28.448+0000] {processor.py:830} INFO - Processing file /home/airflow/.local/lib/python3.12/site-packages/airflow/example_dags/example_branch_datetime_operator.py for tasks to queue
[2026-05-07T22:50:28.450+0000] {logging_mixin.py:188} INFO - [2026-05-07T22:50:28.450+0000] {dagbag.py:545} INFO - Filling up the DagBag from /home/airflow/.local/lib/python3.12/site-packages/airflow/example_dags/example_branch_datetime_operator.py
[2026-05-07T22:50:28.465+0000] {processor.py:840} INFO - DAG(s) 'example_branch_datetime_operator', 'example_branch_datetime_operator_2', 'example_branch_datetime_operator_3' retrieved from /home/airflow/.local/lib/python3.12/site-packages/airflow/example_dags/example_branch_datetime_operator.py
[2026-05-07T22:50:28.496+0000] {logging_mixin.py:188} INFO - [2026-05-07T22:50:28.496+0000] {dag.py:3096} INFO - Sync 3 DAGs
[2026-05-07T22:50:28.523+0000] {logging_mixin.py:188} INFO - [2026-05-07T22:50:28.523+0000] {dag.py:3954} INFO - Setting next_dagrun for example_branch_datetime_operator to 2026-05-06 00:00:00+00:00, run_after=2026-05-07 00:00:00+00:00
[2026-05-07T22:50:28.529+0000] {logging_mixin.py:188} INFO - [2026-05-07T22:50:28.529+0000] {dag.py:3954} INFO - Setting next_dagrun for example_branch_datetime_operator_2 to 2026-05-06 00:00:00+00:00, run_after=2026-05-07 00:00:00+00:00
[2026-05-07T22:50:28.533+0000] {logging_mixin.py:188} INFO - [2026-05-07T22:50:28.532+0000] {dag.py:3954} INFO - Setting next_dagrun for example_branch_datetime_operator_3 to 2026-05-06 00:00:00+00:00, run_after=2026-05-07 00:00:00+00:00
[2026-05-07T22:50:28.556+0000] {processor.py:183} INFO - Processing /home/airflow/.local/lib/python3.12/site-packages/airflow/example_dags/example_branch_datetime_operator.py took 0.116 seconds
[2026-05-07T22:50:58.766+0000] {processor.py:161} INFO - Started process (PID=4359) to work on /home/airflow/.local/lib/python3.12/site-packages/airflow/example_dags/example_branch_datetime_operator.py
[2026-05-07T22:50:58.767+0000] {processor.py:830} INFO - Processing file /home/airflow/.local/lib/python3.12/site-packages/airflow/example_dags/example_branch_datetime_operator.py for tasks to queue
[2026-05-07T22:50:58.770+0000] {logging_mixin.py:188} INFO - [2026-05-07T22:50:58.769+0000] {dagbag.py:545} INFO - Filling up the DagBag from /home/airflow/.local/lib/python3.12/site-packages/airflow/example_dags/example_branch_datetime_operator.py
[2026-05-07T22:50:58.778+0000] {processor.py:840} INFO - DAG(s) 'example_branch_datetime_operator_3', 'example_branch_datetime_operator', 'example_branch_datetime_operator_2' retrieved from /home/airflow/.local/lib/python3.12/site-packages/airflow/example_dags/example_branch_datetime_operator.py
[2026-05-07T22:50:58.806+0000] {logging_mixin.py:188} INFO - [2026-05-07T22:50:58.806+0000] {dag.py:3096} INFO - Sync 3 DAGs
[2026-05-07T22:50:58.829+0000] {logging_mixin.py:188} INFO - [2026-05-07T22:50:58.829+0000] {dag.py:3954} INFO - Setting next_dagrun for example_branch_datetime_operator to 2026-05-06 00:00:00+00:00, run_after=2026-05-07 00:00:00+00:00
[2026-05-07T22:50:58.834+0000] {logging_mixin.py:188} INFO - [2026-05-07T22:50:58.834+0000] {dag.py:3954} INFO - Setting next_dagrun for example_branch_datetime_operator_2 to 2026-05-06 00:00:00+00:00, run_after=2026-05-07 00:00:00+00:00
[2026-05-07T22:50:58.836+0000] {logging_mixin.py:188} INFO - [2026-05-07T22:50:58.836+0000] {dag.py:3954} INFO - Setting next_dagrun for example_branch_datetime_operator_3 to 2026-05-06 00:00:00+00:00, run_after=2026-05-07 00:00:00+00:00
[2026-05-07T22:50:58.853+0000] {processor.py:183} INFO - Processing /home/airflow/.local/lib/python3.12/site-packages/airflow/example_dags/example_branch_datetime_operator.py took 0.093 seconds
[2026-05-07T22:51:28.960+0000] {processor.py:161} INFO - Started process (PID=4417) to work on /home/airflow/.local/lib/python3.12/site-packages/airflow/example_dags/example_branch_datetime_operator.py
[2026-05-07T22:51:28.961+0000] {processor.py:830} INFO - Processing file /home/airflow/.local/lib/python3.12/site-packages/airflow/example_dags/example_branch_datetime_operator.py for tasks to queue
[2026-05-07T22:51:28.963+0000] {logging_mixin.py:188} INFO - [2026-05-07T22:51:28.963+0000] {dagbag.py:545} INFO - Filling up the DagBag from /home/airflow/.local/lib/python3.12/site-packages/airflow/example_dags/example_branch_datetime_operator.py
[2026-05-07T22:51:28.972+0000] {processor.py:840} INFO - DAG(s) 'example_branch_datetime_operator_3', 'example_branch_datetime_operator', 'example_branch_datetime_operator_2' retrieved from /home/airflow/.local/lib/python3.12/site-packages/airflow/example_dags/example_branch_datetime_operator.py
[2026-05-07T22:51:29.000+0000] {logging_mixin.py:188} INFO - [2026-05-07T22:51:29.000+0000] {dag.py:3096} INFO - Sync 3 DAGs
[2026-05-07T22:51:29.021+0000] {logging_mixin.py:188} INFO - [2026-05-07T22:51:29.021+0000] {dag.py:3954} INFO - Setting next_dagrun for example_branch_datetime_operator to 2026-05-06 00:00:00+00:00, run_after=2026-05-07 00:00:00+00:00
[2026-05-07T22:51:29.026+0000] {logging_mixin.py:188} INFO - [2026-05-07T22:51:29.026+0000] {dag.py:3954} INFO - Setting next_dagrun for example_branch_datetime_operator_2 to 2026-05-06 00:00:00+00:00, run_after=2026-05-07 00:00:00+00:00
[2026-05-07T22:51:29.029+0000] {logging_mixin.py:188} INFO - [2026-05-07T22:51:29.029+0000] {dag.py:3954} INFO - Setting next_dagrun for example_branch_datetime_operator_3 to 2026-05-06 00:00:00+00:00, run_after=2026-05-07 00:00:00+00:00
[2026-05-07T22:51:29.047+0000] {processor.py:183} INFO - Processing /home/airflow/.local/lib/python3.12/site-packages/airflow/example_dags/example_branch_datetime_operator.py took 0.093 seconds
[2026-05-07T22:51:59.367+0000] {processor.py:161} INFO - Started process (PID=4474) to work on /home/airflow/.local/lib/python3.12/site-packages/airflow/example_dags/example_branch_datetime_operator.py
[2026-05-07T22:51:59.368+0000] {processor.py:830} INFO - Processing file /home/airflow/.local/lib/python3.12/site-packages/airflow/example_dags/example_branch_datetime_operator.py for tasks to queue
[2026-05-07T22:51:59.371+0000] {logging_mixin.py:188} INFO - [2026-05-07T22:51:59.370+0000] {dagbag.py:545} INFO - Filling up the DagBag from /home/airflow/.local/lib/python3.12/site-packages/airflow/example_dags/example_branch_datetime_operator.py
[2026-05-07T22:51:59.379+0000] {processor.py:840} INFO - DAG(s) 'example_branch_datetime_operator_3', 'example_branch_datetime_operator', 'example_branch_datetime_operator_2' retrieved from /home/airflow/.local/lib/python3.12/site-packages/airflow/example_dags/example_branch_datetime_operator.py
[2026-05-07T22:51:59.405+0000] {logging_mixin.py:188} INFO - [2026-05-07T22:51:59.405+0000] {dag.py:3096} INFO - Sync 3 DAGs
[2026-05-07T22:51:59.427+0000] {logging_mixin.py:188} INFO - [2026-05-07T22:51:59.427+0000] {dag.py:3954} INFO - Setting next_dagrun for example_branch_datetime_operator to 2026-05-06 00:00:00+00:00, run_after=2026-05-07 00:00:00+00:00
[2026-05-07T22:51:59.432+0000] {logging_mixin.py:188} INFO - [2026-05-07T22:51:59.432+0000] {dag.py:3954} INFO - Setting next_dagrun for example_branch_datetime_operator_2 to 2026-05-06 00:00:00+00:00, run_after=2026-05-07 00:00:00+00:00
[2026-05-07T22:51:59.435+0000] {logging_mixin.py:188} INFO - [2026-05-07T22:51:59.435+0000] {dag.py:3954} INFO - Setting next_dagrun for example_branch_datetime_operator_3 to 2026-05-06 00:00:00+00:00, run_after=2026-05-07 00:00:00+00:00
[2026-05-07T22:51:59.453+0000] {processor.py:183} INFO - Processing /home/airflow/.local/lib/python3.12/site-packages/airflow/example_dags/example_branch_datetime_operator.py took 0.091 seconds
[2026-05-07T22:52:29.808+0000] {processor.py:161} INFO - Started process (PID=4532) to work on /home/airflow/.local/lib/python3.12/site-packages/airflow/example_dags/example_branch_datetime_operator.py
[2026-05-07T22:52:29.810+0000] {processor.py:830} INFO - Processing file /home/airflow/.local/lib/python3.12/site-packages/airflow/example_dags/example_branch_datetime_operator.py for tasks to queue
[2026-05-07T22:52:29.812+0000] {logging_mixin.py:188} INFO - [2026-05-07T22:52:29.812+0000] {dagbag.py:545} INFO - Filling up the DagBag from /home/airflow/.local/lib/python3.12/site-packages/airflow/example_dags/example_branch_datetime_operator.py
[2026-05-07T22:52:29.820+0000] {processor.py:840} INFO - DAG(s) 'example_branch_datetime_operator_2', 'example_branch_datetime_operator', 'example_branch_datetime_operator_3' retrieved from /home/airflow/.local/lib/python3.12/site-packages/airflow/example_dags/example_branch_datetime_operator.py
[2026-05-07T22:52:29.849+0000] {logging_mixin.py:188} INFO - [2026-05-07T22:52:29.849+0000] {dag.py:3096} INFO - Sync 3 DAGs
[2026-05-07T22:52:29.872+0000] {logging_mixin.py:188} INFO - [2026-05-07T22:52:29.872+0000] {dag.py:3954} INFO - Setting next_dagrun for example_branch_datetime_operator to 2026-05-06 00:00:00+00:00, run_after=2026-05-07 00:00:00+00:00
[2026-05-07T22:52:29.877+0000] {logging_mixin.py:188} INFO - [2026-05-07T22:52:29.877+0000] {dag.py:3954} INFO - Setting next_dagrun for example_branch_datetime_operator_2 to 2026-05-06 00:00:00+00:00, run_after=2026-05-07 00:00:00+00:00
[2026-05-07T22:52:29.880+0000] {logging_mixin.py:188} INFO - [2026-05-07T22:52:29.880+0000] {dag.py:3954} INFO - Setting next_dagrun for example_branch_datetime_operator_3 to 2026-05-06 00:00:00+00:00, run_after=2026-05-07 00:00:00+00:00
[2026-05-07T22:52:29.899+0000] {processor.py:183} INFO - Processing /home/airflow/.local/lib/python3.12/site-packages/airflow/example_dags/example_branch_datetime_operator.py took 0.097 seconds
[2026-05-07T22:53:00.330+0000] {processor.py:161} INFO - Started process (PID=4590) to work on /home/airflow/.local/lib/python3.12/site-packages/airflow/example_dags/example_branch_datetime_operator.py
[2026-05-07T22:53:00.331+0000] {processor.py:830} INFO - Processing file /home/airflow/.local/lib/python3.12/site-packages/airflow/example_dags/example_branch_datetime_operator.py for tasks to queue
[2026-05-07T22:53:00.333+0000] {logging_mixin.py:188} INFO - [2026-05-07T22:53:00.333+0000] {dagbag.py:545} INFO - Filling up the DagBag from /home/airflow/.local/lib/python3.12/site-packages/airflow/example_dags/example_branch_datetime_operator.py
[2026-05-07T22:53:00.343+0000] {processor.py:840} INFO - DAG(s) 'example_branch_datetime_operator', 'example_branch_datetime_operator_2', 'example_branch_datetime_operator_3' retrieved from /home/airflow/.local/lib/python3.12/site-packages/airflow/example_dags/example_branch_datetime_operator.py
[2026-05-07T22:53:00.370+0000] {logging_mixin.py:188} INFO - [2026-05-07T22:53:00.370+0000] {dag.py:3096} INFO - Sync 3 DAGs
[2026-05-07T22:53:00.392+0000] {logging_mixin.py:188} INFO - [2026-05-07T22:53:00.392+0000] {dag.py:3954} INFO - Setting next_dagrun for example_branch_datetime_operator to 2026-05-06 00:00:00+00:00, run_after=2026-05-07 00:00:00+00:00
[2026-05-07T22:53:00.397+0000] {logging_mixin.py:188} INFO - [2026-05-07T22:53:00.397+0000] {dag.py:3954} INFO - Setting next_dagrun for example_branch_datetime_operator_2 to 2026-05-06 00:00:00+00:00, run_after=2026-05-07 00:00:00+00:00
[2026-05-07T22:53:00.399+0000] {logging_mixin.py:188} INFO - [2026-05-07T22:53:00.399+0000] {dag.py:3954} INFO - Setting next_dagrun for example_branch_datetime_operator_3 to 2026-05-06 00:00:00+00:00, run_after=2026-05-07 00:00:00+00:00
[2026-05-07T22:53:00.418+0000] {processor.py:183} INFO - Processing /home/airflow/.local/lib/python3.12/site-packages/airflow/example_dags/example_branch_datetime_operator.py took 0.093 seconds
[2026-05-07T22:53:30.778+0000] {processor.py:161} INFO - Started process (PID=4649) to work on /home/airflow/.local/lib/python3.12/site-packages/airflow/example_dags/example_branch_datetime_operator.py
[2026-05-07T22:53:30.779+0000] {processor.py:830} INFO - Processing file /home/airflow/.local/lib/python3.12/site-packages/airflow/example_dags/example_branch_datetime_operator.py for tasks to queue
[2026-05-07T22:53:30.782+0000] {logging_mixin.py:188} INFO - [2026-05-07T22:53:30.781+0000] {dagbag.py:545} INFO - Filling up the DagBag from /home/airflow/.local/lib/python3.12/site-packages/airflow/example_dags/example_branch_datetime_operator.py
[2026-05-07T22:53:30.790+0000] {processor.py:840} INFO - DAG(s) 'example_branch_datetime_operator_2', 'example_branch_datetime_operator', 'example_branch_datetime_operator_3' retrieved from /home/airflow/.local/lib/python3.12/site-packages/airflow/example_dags/example_branch_datetime_operator.py
[2026-05-07T22:53:30.815+0000] {logging_mixin.py:188} INFO - [2026-05-07T22:53:30.815+0000] {dag.py:3096} INFO - Sync 3 DAGs
[2026-05-07T22:53:30.836+0000] {logging_mixin.py:188} INFO - [2026-05-07T22:53:30.836+0000] {dag.py:3954} INFO - Setting next_dagrun for example_branch_datetime_operator to 2026-05-06 00:00:00+00:00, run_after=2026-05-07 00:00:00+00:00
[2026-05-07T22:53:30.842+0000] {logging_mixin.py:188} INFO - [2026-05-07T22:53:30.841+0000] {dag.py:3954} INFO - Setting next_dagrun for example_branch_datetime_operator_2 to 2026-05-06 00:00:00+00:00, run_after=2026-05-07 00:00:00+00:00
[2026-05-07T22:53:30.846+0000] {logging_mixin.py:188} INFO - [2026-05-07T22:53:30.845+0000] {dag.py:3954} INFO - Setting next_dagrun for example_branch_datetime_operator_3 to 2026-05-06 00:00:00+00:00, run_after=2026-05-07 00:00:00+00:00
[2026-05-07T22:53:30.864+0000] {processor.py:183} INFO - Processing /home/airflow/.local/lib/python3.12/site-packages/airflow/example_dags/example_branch_datetime_operator.py took 0.091 seconds
[2026-05-07T22:54:00.978+0000] {processor.py:161} INFO - Started process (PID=4707) to work on /home/airflow/.local/lib/python3.12/site-packages/airflow/example_dags/example_branch_datetime_operator.py
[2026-05-07T22:54:00.979+0000] {processor.py:830} INFO - Processing file /home/airflow/.local/lib/python3.12/site-packages/airflow/example_dags/example_branch_datetime_operator.py for tasks to queue
[2026-05-07T22:54:00.982+0000] {logging_mixin.py:188} INFO - [2026-05-07T22:54:00.981+0000] {dagbag.py:545} INFO - Filling up the DagBag from /home/airflow/.local/lib/python3.12/site-packages/airflow/example_dags/example_branch_datetime_operator.py
[2026-05-07T22:54:00.991+0000] {processor.py:840} INFO - DAG(s) 'example_branch_datetime_operator_2', 'example_branch_datetime_operator_3', 'example_branch_datetime_operator' retrieved from /home/airflow/.local/lib/python3.12/site-packages/airflow/example_dags/example_branch_datetime_operator.py
[2026-05-07T22:54:01.019+0000] {logging_mixin.py:188} INFO - [2026-05-07T22:54:01.018+0000] {dag.py:3096} INFO - Sync 3 DAGs
[2026-05-07T22:54:01.041+0000] {logging_mixin.py:188} INFO - [2026-05-07T22:54:01.041+0000] {dag.py:3954} INFO - Setting next_dagrun for example_branch_datetime_operator to 2026-05-06 00:00:00+00:00, run_after=2026-05-07 00:00:00+00:00
[2026-05-07T22:54:01.046+0000] {logging_mixin.py:188} INFO - [2026-05-07T22:54:01.046+0000] {dag.py:3954} INFO - Setting next_dagrun for example_branch_datetime_operator_2 to 2026-05-06 00:00:00+00:00, run_after=2026-05-07 00:00:00+00:00
[2026-05-07T22:54:01.048+0000] {logging_mixin.py:188} INFO - [2026-05-07T22:54:01.048+0000] {dag.py:3954} INFO - Setting next_dagrun for example_branch_datetime_operator_3 to 2026-05-06 00:00:00+00:00, run_after=2026-05-07 00:00:00+00:00
[2026-05-07T22:54:01.066+0000] {processor.py:183} INFO - Processing /home/airflow/.local/lib/python3.12/site-packages/airflow/example_dags/example_branch_datetime_operator.py took 0.094 seconds
[2026-05-07T22:54:31.305+0000] {processor.py:161} INFO - Started process (PID=4764) to work on /home/airflow/.local/lib/python3.12/site-packages/airflow/example_dags/example_branch_datetime_operator.py
[2026-05-07T22:54:31.306+0000] {processor.py:830} INFO - Processing file /home/airflow/.local/lib/python3.12/site-packages/airflow/example_dags/example_branch_datetime_operator.py for tasks to queue
[2026-05-07T22:54:31.308+0000] {logging_mixin.py:188} INFO - [2026-05-07T22:54:31.307+0000] {dagbag.py:545} INFO - Filling up the DagBag from /home/airflow/.local/lib/python3.12/site-packages/airflow/example_dags/example_branch_datetime_operator.py
[2026-05-07T22:54:31.316+0000] {processor.py:840} INFO - DAG(s) 'example_branch_datetime_operator_3', 'example_branch_datetime_operator', 'example_branch_datetime_operator_2' retrieved from /home/airflow/.local/lib/python3.12/site-packages/airflow/example_dags/example_branch_datetime_operator.py
[2026-05-07T22:54:31.345+0000] {logging_mixin.py:188} INFO - [2026-05-07T22:54:31.345+0000] {dag.py:3096} INFO - Sync 3 DAGs
[2026-05-07T22:54:31.368+0000] {logging_mixin.py:188} INFO - [2026-05-07T22:54:31.368+0000] {dag.py:3954} INFO - Setting next_dagrun for example_branch_datetime_operator to 2026-05-06 00:00:00+00:00, run_after=2026-05-07 00:00:00+00:00
[2026-05-07T22:54:31.373+0000] {logging_mixin.py:188} INFO - [2026-05-07T22:54:31.373+0000] {dag.py:3954} INFO - Setting next_dagrun for example_branch_datetime_operator_2 to 2026-05-06 00:00:00+00:00, run_after=2026-05-07 00:00:00+00:00
[2026-05-07T22:54:31.377+0000] {logging_mixin.py:188} INFO - [2026-05-07T22:54:31.377+0000] {dag.py:3954} INFO - Setting next_dagrun for example_branch_datetime_operator_3 to 2026-05-06 00:00:00+00:00, run_after=2026-05-07 00:00:00+00:00
[2026-05-07T22:54:31.398+0000] {processor.py:183} INFO - Processing /home/airflow/.local/lib/python3.12/site-packages/airflow/example_dags/example_branch_datetime_operator.py took 0.098 seconds
[2026-05-07T22:55:01.536+0000] {processor.py:161} INFO - Started process (PID=4822) to work on /home/airflow/.local/lib/python3.12/site-packages/airflow/example_dags/example_branch_datetime_operator.py
[2026-05-07T22:55:01.538+0000] {processor.py:830} INFO - Processing file /home/airflow/.local/lib/python3.12/site-packages/airflow/example_dags/example_branch_datetime_operator.py for tasks to queue
[2026-05-07T22:55:01.540+0000] {logging_mixin.py:188} INFO - [2026-05-07T22:55:01.540+0000] {dagbag.py:545} INFO - Filling up the DagBag from /home/airflow/.local/lib/python3.12/site-packages/airflow/example_dags/example_branch_datetime_operator.py
[2026-05-07T22:55:01.548+0000] {processor.py:840} INFO - DAG(s) 'example_branch_datetime_operator_2', 'example_branch_datetime_operator_3', 'example_branch_datetime_operator' retrieved from /home/airflow/.local/lib/python3.12/site-packages/airflow/example_dags/example_branch_datetime_operator.py
[2026-05-07T22:55:01.575+0000] {logging_mixin.py:188} INFO - [2026-05-07T22:55:01.574+0000] {dag.py:3096} INFO - Sync 3 DAGs
[2026-05-07T22:55:01.597+0000] {logging_mixin.py:188} INFO - [2026-05-07T22:55:01.597+0000] {dag.py:3954} INFO - Setting next_dagrun for example_branch_datetime_operator to 2026-05-06 00:00:00+00:00, run_after=2026-05-07 00:00:00+00:00
[2026-05-07T22:55:01.602+0000] {logging_mixin.py:188} INFO - [2026-05-07T22:55:01.602+0000] {dag.py:3954} INFO - Setting next_dagrun for example_branch_datetime_operator_2 to 2026-05-06 00:00:00+00:00, run_after=2026-05-07 00:00:00+00:00
[2026-05-07T22:55:01.605+0000] {logging_mixin.py:188} INFO - [2026-05-07T22:55:01.605+0000] {dag.py:3954} INFO - Setting next_dagrun for example_branch_datetime_operator_3 to 2026-05-06 00:00:00+00:00, run_after=2026-05-07 00:00:00+00:00
[2026-05-07T22:55:01.620+0000] {processor.py:183} INFO - Processing /home/airflow/.local/lib/python3.12/site-packages/airflow/example_dags/example_branch_datetime_operator.py took 0.093 seconds
[2026-05-07T22:55:31.772+0000] {processor.py:161} INFO - Started process (PID=4880) to work on /home/airflow/.local/lib/python3.12/site-packages/airflow/example_dags/example_branch_datetime_operator.py
[2026-05-07T22:55:31.774+0000] {processor.py:830} INFO - Processing file /home/airflow/.local/lib/python3.12/site-packages/airflow/example_dags/example_branch_datetime_operator.py for tasks to queue
[2026-05-07T22:55:31.777+0000] {logging_mixin.py:188} INFO - [2026-05-07T22:55:31.777+0000] {dagbag.py:545} INFO - Filling up the DagBag from /home/airflow/.local/lib/python3.12/site-packages/airflow/example_dags/example_branch_datetime_operator.py
[2026-05-07T22:55:31.791+0000] {processor.py:840} INFO - DAG(s) 'example_branch_datetime_operator_2', 'example_branch_datetime_operator', 'example_branch_datetime_operator_3' retrieved from /home/airflow/.local/lib/python3.12/site-packages/airflow/example_dags/example_branch_datetime_operator.py
[2026-05-07T22:55:31.819+0000] {logging_mixin.py:188} INFO - [2026-05-07T22:55:31.818+0000] {dag.py:3096} INFO - Sync 3 DAGs
[2026-05-07T22:55:31.840+0000] {logging_mixin.py:188} INFO - [2026-05-07T22:55:31.840+0000] {dag.py:3954} INFO - Setting next_dagrun for example_branch_datetime_operator to 2026-05-06 00:00:00+00:00, run_after=2026-05-07 00:00:00+00:00
[2026-05-07T22:55:31.845+0000] {logging_mixin.py:188} INFO - [2026-05-07T22:55:31.845+0000] {dag.py:3954} INFO - Setting next_dagrun for example_branch_datetime_operator_2 to 2026-05-06 00:00:00+00:00, run_after=2026-05-07 00:00:00+00:00
[2026-05-07T22:55:31.847+0000] {logging_mixin.py:188} INFO - [2026-05-07T22:55:31.847+0000] {dag.py:3954} INFO - Setting next_dagrun for example_branch_datetime_operator_3 to 2026-05-06 00:00:00+00:00, run_after=2026-05-07 00:00:00+00:00
[2026-05-07T22:55:31.864+0000] {processor.py:183} INFO - Processing /home/airflow/.local/lib/python3.12/site-packages/airflow/example_dags/example_branch_datetime_operator.py took 0.097 seconds
[2026-05-07T22:56:02.155+0000] {processor.py:161} INFO - Started process (PID=4938) to work on /home/airflow/.local/lib/python3.12/site-packages/airflow/example_dags/example_branch_datetime_operator.py
[2026-05-07T22:56:02.157+0000] {processor.py:830} INFO - Processing file /home/airflow/.local/lib/python3.12/site-packages/airflow/example_dags/example_branch_datetime_operator.py for tasks to queue
[2026-05-07T22:56:02.160+0000] {logging_mixin.py:188} INFO - [2026-05-07T22:56:02.159+0000] {dagbag.py:545} INFO - Filling up the DagBag from /home/airflow/.local/lib/python3.12/site-packages/airflow/example_dags/example_branch_datetime_operator.py
[2026-05-07T22:56:02.169+0000] {processor.py:840} INFO - DAG(s) 'example_branch_datetime_operator_2', 'example_branch_datetime_operator', 'example_branch_datetime_operator_3' retrieved from /home/airflow/.local/lib/python3.12/site-packages/airflow/example_dags/example_branch_datetime_operator.py
[2026-05-07T22:56:02.196+0000] {logging_mixin.py:188} INFO - [2026-05-07T22:56:02.196+0000] {dag.py:3096} INFO - Sync 3 DAGs
[2026-05-07T22:56:02.216+0000] {logging_mixin.py:188} INFO - [2026-05-07T22:56:02.216+0000] {dag.py:3954} INFO - Setting next_dagrun for example_branch_datetime_operator to 2026-05-06 00:00:00+00:00, run_after=2026-05-07 00:00:00+00:00
[2026-05-07T22:56:02.221+0000] {logging_mixin.py:188} INFO - [2026-05-07T22:56:02.221+0000] {dag.py:3954} INFO - Setting next_dagrun for example_branch_datetime_operator_2 to 2026-05-06 00:00:00+00:00, run_after=2026-05-07 00:00:00+00:00
[2026-05-07T22:56:02.224+0000] {logging_mixin.py:188} INFO - [2026-05-07T22:56:02.223+0000] {dag.py:3954} INFO - Setting next_dagrun for example_branch_datetime_operator_3 to 2026-05-06 00:00:00+00:00, run_after=2026-05-07 00:00:00+00:00
[2026-05-07T22:56:02.241+0000] {processor.py:183} INFO - Processing /home/airflow/.local/lib/python3.12/site-packages/airflow/example_dags/example_branch_datetime_operator.py took 0.091 seconds
[2026-05-07T22:56:32.914+0000] {processor.py:161} INFO - Started process (PID=4996) to work on /home/airflow/.local/lib/python3.12/site-packages/airflow/example_dags/example_branch_datetime_operator.py
[2026-05-07T22:56:32.915+0000] {processor.py:830} INFO - Processing file /home/airflow/.local/lib/python3.12/site-packages/airflow/example_dags/example_branch_datetime_operator.py for tasks to queue
[2026-05-07T22:56:32.917+0000] {logging_mixin.py:188} INFO - [2026-05-07T22:56:32.917+0000] {dagbag.py:545} INFO - Filling up the DagBag from /home/airflow/.local/lib/python3.12/site-packages/airflow/example_dags/example_branch_datetime_operator.py
[2026-05-07T22:56:32.926+0000] {processor.py:840} INFO - DAG(s) 'example_branch_datetime_operator', 'example_branch_datetime_operator_2', 'example_branch_datetime_operator_3' retrieved from /home/airflow/.local/lib/python3.12/site-packages/airflow/example_dags/example_branch_datetime_operator.py
[2026-05-07T22:56:32.953+0000] {logging_mixin.py:188} INFO - [2026-05-07T22:56:32.952+0000] {dag.py:3096} INFO - Sync 3 DAGs
[2026-05-07T22:56:32.973+0000] {logging_mixin.py:188} INFO - [2026-05-07T22:56:32.973+0000] {dag.py:3954} INFO - Setting next_dagrun for example_branch_datetime_operator to 2026-05-06 00:00:00+00:00, run_after=2026-05-07 00:00:00+00:00
[2026-05-07T22:56:32.979+0000] {logging_mixin.py:188} INFO - [2026-05-07T22:56:32.979+0000] {dag.py:3954} INFO - Setting next_dagrun for example_branch_datetime_operator_2 to 2026-05-06 00:00:00+00:00, run_after=2026-05-07 00:00:00+00:00
[2026-05-07T22:56:32.982+0000] {logging_mixin.py:188} INFO - [2026-05-07T22:56:32.982+0000] {dag.py:3954} INFO - Setting next_dagrun for example_branch_datetime_operator_3 to 2026-05-06 00:00:00+00:00, run_after=2026-05-07 00:00:00+00:00
[2026-05-07T22:56:33.000+0000] {processor.py:183} INFO - Processing /home/airflow/.local/lib/python3.12/site-packages/airflow/example_dags/example_branch_datetime_operator.py took 0.092 seconds
[2026-05-07T22:57:03.123+0000] {processor.py:161} INFO - Started process (PID=5053) to work on /home/airflow/.local/lib/python3.12/site-packages/airflow/example_dags/example_branch_datetime_operator.py
[2026-05-07T22:57:03.124+0000] {processor.py:830} INFO - Processing file /home/airflow/.local/lib/python3.12/site-packages/airflow/example_dags/example_branch_datetime_operator.py for tasks to queue
[2026-05-07T22:57:03.127+0000] {logging_mixin.py:188} INFO - [2026-05-07T22:57:03.127+0000] {dagbag.py:545} INFO - Filling up the DagBag from /home/airflow/.local/lib/python3.12/site-packages/airflow/example_dags/example_branch_datetime_operator.py
[2026-05-07T22:57:03.138+0000] {processor.py:840} INFO - DAG(s) 'example_branch_datetime_operator_3', 'example_branch_datetime_operator', 'example_branch_datetime_operator_2' retrieved from /home/airflow/.local/lib/python3.12/site-packages/airflow/example_dags/example_branch_datetime_operator.py
[2026-05-07T22:57:03.171+0000] {logging_mixin.py:188} INFO - [2026-05-07T22:57:03.171+0000] {dag.py:3096} INFO - Sync 3 DAGs
[2026-05-07T22:57:03.202+0000] {logging_mixin.py:188} INFO - [2026-05-07T22:57:03.201+0000] {dag.py:3954} INFO - Setting next_dagrun for example_branch_datetime_operator to 2026-05-06 00:00:00+00:00, run_after=2026-05-07 00:00:00+00:00
[2026-05-07T22:57:03.207+0000] {logging_mixin.py:188} INFO - [2026-05-07T22:57:03.207+0000] {dag.py:3954} INFO - Setting next_dagrun for example_branch_datetime_operator_2 to 2026-05-06 00:00:00+00:00, run_after=2026-05-07 00:00:00+00:00
[2026-05-07T22:57:03.209+0000] {logging_mixin.py:188} INFO - [2026-05-07T22:57:03.209+0000] {dag.py:3954} INFO - Setting next_dagrun for example_branch_datetime_operator_3 to 2026-05-06 00:00:00+00:00, run_after=2026-05-07 00:00:00+00:00
[2026-05-07T22:57:03.226+0000] {processor.py:183} INFO - Processing /home/airflow/.local/lib/python3.12/site-packages/airflow/example_dags/example_branch_datetime_operator.py took 0.110 seconds
[2026-05-07T22:57:33.436+0000] {processor.py:161} INFO - Started process (PID=5110) to work on /home/airflow/.local/lib/python3.12/site-packages/airflow/example_dags/example_branch_datetime_operator.py
[2026-05-07T22:57:33.437+0000] {processor.py:830} INFO - Processing file /home/airflow/.local/lib/python3.12/site-packages/airflow/example_dags/example_branch_datetime_operator.py for tasks to queue
[2026-05-07T22:57:33.440+0000] {logging_mixin.py:188} INFO - [2026-05-07T22:57:33.440+0000] {dagbag.py:545} INFO - Filling up the DagBag from /home/airflow/.local/lib/python3.12/site-packages/airflow/example_dags/example_branch_datetime_operator.py
[2026-05-07T22:57:33.453+0000] {processor.py:840} INFO - DAG(s) 'example_branch_datetime_operator', 'example_branch_datetime_operator_3', 'example_branch_datetime_operator_2' retrieved from /home/airflow/.local/lib/python3.12/site-packages/airflow/example_dags/example_branch_datetime_operator.py
[2026-05-07T22:57:33.501+0000] {logging_mixin.py:188} INFO - [2026-05-07T22:57:33.500+0000] {dag.py:3096} INFO - Sync 3 DAGs
[2026-05-07T22:57:33.531+0000] {logging_mixin.py:188} INFO - [2026-05-07T22:57:33.531+0000] {dag.py:3954} INFO - Setting next_dagrun for example_branch_datetime_operator to 2026-05-06 00:00:00+00:00, run_after=2026-05-07 00:00:00+00:00
[2026-05-07T22:57:33.537+0000] {logging_mixin.py:188} INFO - [2026-05-07T22:57:33.537+0000] {dag.py:3954} INFO - Setting next_dagrun for example_branch_datetime_operator_2 to 2026-05-06 00:00:00+00:00, run_after=2026-05-07 00:00:00+00:00
[2026-05-07T22:57:33.540+0000] {logging_mixin.py:188} INFO - [2026-05-07T22:57:33.540+0000] {dag.py:3954} INFO - Setting next_dagrun for example_branch_datetime_operator_3 to 2026-05-06 00:00:00+00:00, run_after=2026-05-07 00:00:00+00:00
[2026-05-07T22:57:33.567+0000] {processor.py:183} INFO - Processing /home/airflow/.local/lib/python3.12/site-packages/airflow/example_dags/example_branch_datetime_operator.py took 0.139 seconds
[2026-05-07T22:58:03.655+0000] {processor.py:161} INFO - Started process (PID=5168) to work on /home/airflow/.local/lib/python3.12/site-packages/airflow/example_dags/example_branch_datetime_operator.py
[2026-05-07T22:58:03.656+0000] {processor.py:830} INFO - Processing file /home/airflow/.local/lib/python3.12/site-packages/airflow/example_dags/example_branch_datetime_operator.py for tasks to queue
[2026-05-07T22:58:03.658+0000] {logging_mixin.py:188} INFO - [2026-05-07T22:58:03.658+0000] {dagbag.py:545} INFO - Filling up the DagBag from /home/airflow/.local/lib/python3.12/site-packages/airflow/example_dags/example_branch_datetime_operator.py
[2026-05-07T22:58:03.667+0000] {processor.py:840} INFO - DAG(s) 'example_branch_datetime_operator_2', 'example_branch_datetime_operator', 'example_branch_datetime_operator_3' retrieved from /home/airflow/.local/lib/python3.12/site-packages/airflow/example_dags/example_branch_datetime_operator.py
[2026-05-07T22:58:03.701+0000] {logging_mixin.py:188} INFO - [2026-05-07T22:58:03.701+0000] {dag.py:3096} INFO - Sync 3 DAGs
[2026-05-07T22:58:03.725+0000] {logging_mixin.py:188} INFO - [2026-05-07T22:58:03.725+0000] {dag.py:3954} INFO - Setting next_dagrun for example_branch_datetime_operator to 2026-05-06 00:00:00+00:00, run_after=2026-05-07 00:00:00+00:00
[2026-05-07T22:58:03.730+0000] {logging_mixin.py:188} INFO - [2026-05-07T22:58:03.730+0000] {dag.py:3954} INFO - Setting next_dagrun for example_branch_datetime_operator_2 to 2026-05-06 00:00:00+00:00, run_after=2026-05-07 00:00:00+00:00
[2026-05-07T22:58:03.733+0000] {logging_mixin.py:188} INFO - [2026-05-07T22:58:03.733+0000] {dag.py:3954} INFO - Setting next_dagrun for example_branch_datetime_operator_3 to 2026-05-06 00:00:00+00:00, run_after=2026-05-07 00:00:00+00:00
[2026-05-07T22:58:03.754+0000] {processor.py:183} INFO - Processing /home/airflow/.local/lib/python3.12/site-packages/airflow/example_dags/example_branch_datetime_operator.py took 0.104 seconds
[2026-05-07T22:58:34.093+0000] {processor.py:161} INFO - Started process (PID=5232) to work on /home/airflow/.local/lib/python3.12/site-packages/airflow/example_dags/example_branch_datetime_operator.py
[2026-05-07T22:58:34.094+0000] {processor.py:830} INFO - Processing file /home/airflow/.local/lib/python3.12/site-packages/airflow/example_dags/example_branch_datetime_operator.py for tasks to queue
[2026-05-07T22:58:34.096+0000] {logging_mixin.py:188} INFO - [2026-05-07T22:58:34.096+0000] {dagbag.py:545} INFO - Filling up the DagBag from /home/airflow/.local/lib/python3.12/site-packages/airflow/example_dags/example_branch_datetime_operator.py
[2026-05-07T22:58:34.105+0000] {processor.py:840} INFO - DAG(s) 'example_branch_datetime_operator_3', 'example_branch_datetime_operator', 'example_branch_datetime_operator_2' retrieved from /home/airflow/.local/lib/python3.12/site-packages/airflow/example_dags/example_branch_datetime_operator.py
[2026-05-07T22:58:34.134+0000] {logging_mixin.py:188} INFO - [2026-05-07T22:58:34.134+0000] {dag.py:3096} INFO - Sync 3 DAGs
[2026-05-07T22:58:34.156+0000] {logging_mixin.py:188} INFO - [2026-05-07T22:58:34.156+0000] {dag.py:3954} INFO - Setting next_dagrun for example_branch_datetime_operator to 2026-05-06 00:00:00+00:00, run_after=2026-05-07 00:00:00+00:00
[2026-05-07T22:58:34.160+0000] {logging_mixin.py:188} INFO - [2026-05-07T22:58:34.160+0000] {dag.py:3954} INFO - Setting next_dagrun for example_branch_datetime_operator_2 to 2026-05-06 00:00:00+00:00, run_after=2026-05-07 00:00:00+00:00
[2026-05-07T22:58:34.163+0000] {logging_mixin.py:188} INFO - [2026-05-07T22:58:34.163+0000] {dag.py:3954} INFO - Setting next_dagrun for example_branch_datetime_operator_3 to 2026-05-06 00:00:00+00:00, run_after=2026-05-07 00:00:00+00:00
[2026-05-07T22:58:34.181+0000] {processor.py:183} INFO - Processing /home/airflow/.local/lib/python3.12/site-packages/airflow/example_dags/example_branch_datetime_operator.py took 0.093 seconds
[2026-05-07T22:59:04.454+0000] {processor.py:161} INFO - Started process (PID=5290) to work on /home/airflow/.local/lib/python3.12/site-packages/airflow/example_dags/example_branch_datetime_operator.py
[2026-05-07T22:59:04.455+0000] {processor.py:830} INFO - Processing file /home/airflow/.local/lib/python3.12/site-packages/airflow/example_dags/example_branch_datetime_operator.py for tasks to queue
[2026-05-07T22:59:04.458+0000] {logging_mixin.py:188} INFO - [2026-05-07T22:59:04.457+0000] {dagbag.py:545} INFO - Filling up the DagBag from /home/airflow/.local/lib/python3.12/site-packages/airflow/example_dags/example_branch_datetime_operator.py
[2026-05-07T22:59:04.468+0000] {processor.py:840} INFO - DAG(s) 'example_branch_datetime_operator_3', 'example_branch_datetime_operator', 'example_branch_datetime_operator_2' retrieved from /home/airflow/.local/lib/python3.12/site-packages/airflow/example_dags/example_branch_datetime_operator.py
[2026-05-07T22:59:04.496+0000] {logging_mixin.py:188} INFO - [2026-05-07T22:59:04.495+0000] {dag.py:3096} INFO - Sync 3 DAGs
[2026-05-07T22:59:04.518+0000] {logging_mixin.py:188} INFO - [2026-05-07T22:59:04.517+0000] {dag.py:3954} INFO - Setting next_dagrun for example_branch_datetime_operator to 2026-05-06 00:00:00+00:00, run_after=2026-05-07 00:00:00+00:00
[2026-05-07T22:59:04.523+0000] {logging_mixin.py:188} INFO - [2026-05-07T22:59:04.522+0000] {dag.py:3954} INFO - Setting next_dagrun for example_branch_datetime_operator_2 to 2026-05-06 00:00:00+00:00, run_after=2026-05-07 00:00:00+00:00
[2026-05-07T22:59:04.525+0000] {logging_mixin.py:188} INFO - [2026-05-07T22:59:04.525+0000] {dag.py:3954} INFO - Setting next_dagrun for example_branch_datetime_operator_3 to 2026-05-06 00:00:00+00:00, run_after=2026-05-07 00:00:00+00:00
[2026-05-07T22:59:04.543+0000] {processor.py:183} INFO - Processing /home/airflow/.local/lib/python3.12/site-packages/airflow/example_dags/example_branch_datetime_operator.py took 0.094 seconds
[2026-05-07T22:59:35.021+0000] {processor.py:161} INFO - Started process (PID=5348) to work on /home/airflow/.local/lib/python3.12/site-packages/airflow/example_dags/example_branch_datetime_operator.py
[2026-05-07T22:59:35.023+0000] {processor.py:830} INFO - Processing file /home/airflow/.local/lib/python3.12/site-packages/airflow/example_dags/example_branch_datetime_operator.py for tasks to queue
[2026-05-07T22:59:35.025+0000] {logging_mixin.py:188} INFO - [2026-05-07T22:59:35.024+0000] {dagbag.py:545} INFO - Filling up the DagBag from /home/airflow/.local/lib/python3.12/site-packages/airflow/example_dags/example_branch_datetime_operator.py
[2026-05-07T22:59:35.033+0000] {processor.py:840} INFO - DAG(s) 'example_branch_datetime_operator_2', 'example_branch_datetime_operator', 'example_branch_datetime_operator_3' retrieved from /home/airflow/.local/lib/python3.12/site-packages/airflow/example_dags/example_branch_datetime_operator.py
[2026-05-07T22:59:35.071+0000] {logging_mixin.py:188} INFO - [2026-05-07T22:59:35.070+0000] {dag.py:3096} INFO - Sync 3 DAGs
[2026-05-07T22:59:35.110+0000] {logging_mixin.py:188} INFO - [2026-05-07T22:59:35.110+0000] {dag.py:3954} INFO - Setting next_dagrun for example_branch_datetime_operator to 2026-05-06 00:00:00+00:00, run_after=2026-05-07 00:00:00+00:00
[2026-05-07T22:59:35.119+0000] {logging_mixin.py:188} INFO - [2026-05-07T22:59:35.118+0000] {dag.py:3954} INFO - Setting next_dagrun for example_branch_datetime_operator_2 to 2026-05-06 00:00:00+00:00, run_after=2026-05-07 00:00:00+00:00
[2026-05-07T22:59:35.130+0000] {logging_mixin.py:188} INFO - [2026-05-07T22:59:35.129+0000] {dag.py:3954} INFO - Setting next_dagrun for example_branch_datetime_operator_3 to 2026-05-06 00:00:00+00:00, run_after=2026-05-07 00:00:00+00:00
[2026-05-07T22:59:35.168+0000] {processor.py:183} INFO - Processing /home/airflow/.local/lib/python3.12/site-packages/airflow/example_dags/example_branch_datetime_operator.py took 0.153 seconds
[2026-05-07T23:00:05.540+0000] {processor.py:161} INFO - Started process (PID=5406) to work on /home/airflow/.local/lib/python3.12/site-packages/airflow/example_dags/example_branch_datetime_operator.py
[2026-05-07T23:00:05.542+0000] {processor.py:830} INFO - Processing file /home/airflow/.local/lib/python3.12/site-packages/airflow/example_dags/example_branch_datetime_operator.py for tasks to queue
[2026-05-07T23:00:05.546+0000] {logging_mixin.py:188} INFO - [2026-05-07T23:00:05.545+0000] {dagbag.py:545} INFO - Filling up the DagBag from /home/airflow/.local/lib/python3.12/site-packages/airflow/example_dags/example_branch_datetime_operator.py
[2026-05-07T23:00:05.557+0000] {processor.py:840} INFO - DAG(s) 'example_branch_datetime_operator_3', 'example_branch_datetime_operator', 'example_branch_datetime_operator_2' retrieved from /home/airflow/.local/lib/python3.12/site-packages/airflow/example_dags/example_branch_datetime_operator.py
[2026-05-07T23:00:05.585+0000] {logging_mixin.py:188} INFO - [2026-05-07T23:00:05.585+0000] {dag.py:3096} INFO - Sync 3 DAGs
[2026-05-07T23:00:05.607+0000] {logging_mixin.py:188} INFO - [2026-05-07T23:00:05.607+0000] {dag.py:3954} INFO - Setting next_dagrun for example_branch_datetime_operator to 2026-05-06 00:00:00+00:00, run_after=2026-05-07 00:00:00+00:00
[2026-05-07T23:00:05.612+0000] {logging_mixin.py:188} INFO - [2026-05-07T23:00:05.612+0000] {dag.py:3954} INFO - Setting next_dagrun for example_branch_datetime_operator_2 to 2026-05-06 00:00:00+00:00, run_after=2026-05-07 00:00:00+00:00
[2026-05-07T23:00:05.614+0000] {logging_mixin.py:188} INFO - [2026-05-07T23:00:05.614+0000] {dag.py:3954} INFO - Setting next_dagrun for example_branch_datetime_operator_3 to 2026-05-06 00:00:00+00:00, run_after=2026-05-07 00:00:00+00:00
[2026-05-07T23:00:05.634+0000] {processor.py:183} INFO - Processing /home/airflow/.local/lib/python3.12/site-packages/airflow/example_dags/example_branch_datetime_operator.py took 0.099 seconds
[2026-05-07T23:00:36.031+0000] {processor.py:161} INFO - Started process (PID=5464) to work on /home/airflow/.local/lib/python3.12/site-packages/airflow/example_dags/example_branch_datetime_operator.py
[2026-05-07T23:00:36.033+0000] {processor.py:830} INFO - Processing file /home/airflow/.local/lib/python3.12/site-packages/airflow/example_dags/example_branch_datetime_operator.py for tasks to queue
[2026-05-07T23:00:36.035+0000] {logging_mixin.py:188} INFO - [2026-05-07T23:00:36.035+0000] {dagbag.py:545} INFO - Filling up the DagBag from /home/airflow/.local/lib/python3.12/site-packages/airflow/example_dags/example_branch_datetime_operator.py
[2026-05-07T23:00:36.044+0000] {processor.py:840} INFO - DAG(s) 'example_branch_datetime_operator_3', 'example_branch_datetime_operator_2', 'example_branch_datetime_operator' retrieved from /home/airflow/.local/lib/python3.12/site-packages/airflow/example_dags/example_branch_datetime_operator.py
[2026-05-07T23:00:36.072+0000] {logging_mixin.py:188} INFO - [2026-05-07T23:00:36.072+0000] {dag.py:3096} INFO - Sync 3 DAGs
[2026-05-07T23:00:36.092+0000] {logging_mixin.py:188} INFO - [2026-05-07T23:00:36.092+0000] {dag.py:3954} INFO - Setting next_dagrun for example_branch_datetime_operator to 2026-05-06 00:00:00+00:00, run_after=2026-05-07 00:00:00+00:00
[2026-05-07T23:00:36.097+0000] {logging_mixin.py:188} INFO - [2026-05-07T23:00:36.097+0000] {dag.py:3954} INFO - Setting next_dagrun for example_branch_datetime_operator_2 to 2026-05-06 00:00:00+00:00, run_after=2026-05-07 00:00:00+00:00
[2026-05-07T23:00:36.101+0000] {logging_mixin.py:188} INFO - [2026-05-07T23:00:36.101+0000] {dag.py:3954} INFO - Setting next_dagrun for example_branch_datetime_operator_3 to 2026-05-06 00:00:00+00:00, run_after=2026-05-07 00:00:00+00:00
[2026-05-07T23:00:36.121+0000] {processor.py:183} INFO - Processing /home/airflow/.local/lib/python3.12/site-packages/airflow/example_dags/example_branch_datetime_operator.py took 0.095 seconds
[2026-05-07T23:01:06.552+0000] {processor.py:161} INFO - Started process (PID=5522) to work on /home/airflow/.local/lib/python3.12/site-packages/airflow/example_dags/example_branch_datetime_operator.py
[2026-05-07T23:01:06.554+0000] {processor.py:830} INFO - Processing file /home/airflow/.local/lib/python3.12/site-packages/airflow/example_dags/example_branch_datetime_operator.py for tasks to queue
[2026-05-07T23:01:06.556+0000] {logging_mixin.py:188} INFO - [2026-05-07T23:01:06.555+0000] {dagbag.py:545} INFO - Filling up the DagBag from /home/airflow/.local/lib/python3.12/site-packages/airflow/example_dags/example_branch_datetime_operator.py
[2026-05-07T23:01:06.566+0000] {processor.py:840} INFO - DAG(s) 'example_branch_datetime_operator_3', 'example_branch_datetime_operator', 'example_branch_datetime_operator_2' retrieved from /home/airflow/.local/lib/python3.12/site-packages/airflow/example_dags/example_branch_datetime_operator.py
[2026-05-07T23:01:06.594+0000] {logging_mixin.py:188} INFO - [2026-05-07T23:01:06.594+0000] {dag.py:3096} INFO - Sync 3 DAGs
[2026-05-07T23:01:06.615+0000] {logging_mixin.py:188} INFO - [2026-05-07T23:01:06.614+0000] {dag.py:3954} INFO - Setting next_dagrun for example_branch_datetime_operator to 2026-05-06 00:00:00+00:00, run_after=2026-05-07 00:00:00+00:00
[2026-05-07T23:01:06.619+0000] {logging_mixin.py:188} INFO - [2026-05-07T23:01:06.619+0000] {dag.py:3954} INFO - Setting next_dagrun for example_branch_datetime_operator_2 to 2026-05-06 00:00:00+00:00, run_after=2026-05-07 00:00:00+00:00
[2026-05-07T23:01:06.623+0000] {logging_mixin.py:188} INFO - [2026-05-07T23:01:06.622+0000] {dag.py:3954} INFO - Setting next_dagrun for example_branch_datetime_operator_3 to 2026-05-06 00:00:00+00:00, run_after=2026-05-07 00:00:00+00:00
[2026-05-07T23:01:06.641+0000] {processor.py:183} INFO - Processing /home/airflow/.local/lib/python3.12/site-packages/airflow/example_dags/example_branch_datetime_operator.py took 0.094 seconds
[2026-05-07T23:01:36.872+0000] {processor.py:161} INFO - Started process (PID=5580) to work on /home/airflow/.local/lib/python3.12/site-packages/airflow/example_dags/example_branch_datetime_operator.py
[2026-05-07T23:01:36.873+0000] {processor.py:830} INFO - Processing file /home/airflow/.local/lib/python3.12/site-packages/airflow/example_dags/example_branch_datetime_operator.py for tasks to queue
[2026-05-07T23:01:36.875+0000] {logging_mixin.py:188} INFO - [2026-05-07T23:01:36.875+0000] {dagbag.py:545} INFO - Filling up the DagBag from /home/airflow/.local/lib/python3.12/site-packages/airflow/example_dags/example_branch_datetime_operator.py
[2026-05-07T23:01:36.885+0000] {processor.py:840} INFO - DAG(s) 'example_branch_datetime_operator_3', 'example_branch_datetime_operator', 'example_branch_datetime_operator_2' retrieved from /home/airflow/.local/lib/python3.12/site-packages/airflow/example_dags/example_branch_datetime_operator.py
[2026-05-07T23:01:36.912+0000] {logging_mixin.py:188} INFO - [2026-05-07T23:01:36.912+0000] {dag.py:3096} INFO - Sync 3 DAGs
[2026-05-07T23:01:36.935+0000] {logging_mixin.py:188} INFO - [2026-05-07T23:01:36.935+0000] {dag.py:3954} INFO - Setting next_dagrun for example_branch_datetime_operator to 2026-05-06 00:00:00+00:00, run_after=2026-05-07 00:00:00+00:00
[2026-05-07T23:01:36.940+0000] {logging_mixin.py:188} INFO - [2026-05-07T23:01:36.940+0000] {dag.py:3954} INFO - Setting next_dagrun for example_branch_datetime_operator_2 to 2026-05-06 00:00:00+00:00, run_after=2026-05-07 00:00:00+00:00
[2026-05-07T23:01:36.943+0000] {logging_mixin.py:188} INFO - [2026-05-07T23:01:36.943+0000] {dag.py:3954} INFO - Setting next_dagrun for example_branch_datetime_operator_3 to 2026-05-06 00:00:00+00:00, run_after=2026-05-07 00:00:00+00:00
[2026-05-07T23:01:36.961+0000] {processor.py:183} INFO - Processing /home/airflow/.local/lib/python3.12/site-packages/airflow/example_dags/example_branch_datetime_operator.py took 0.095 seconds
[2026-05-07T23:02:07.263+0000] {processor.py:161} INFO - Started process (PID=5637) to work on /home/airflow/.local/lib/python3.12/site-packages/airflow/example_dags/example_branch_datetime_operator.py
[2026-05-07T23:02:07.265+0000] {processor.py:830} INFO - Processing file /home/airflow/.local/lib/python3.12/site-packages/airflow/example_dags/example_branch_datetime_operator.py for tasks to queue
[2026-05-07T23:02:07.267+0000] {logging_mixin.py:188} INFO - [2026-05-07T23:02:07.266+0000] {dagbag.py:545} INFO - Filling up the DagBag from /home/airflow/.local/lib/python3.12/site-packages/airflow/example_dags/example_branch_datetime_operator.py
[2026-05-07T23:02:07.278+0000] {processor.py:840} INFO - DAG(s) 'example_branch_datetime_operator', 'example_branch_datetime_operator_3', 'example_branch_datetime_operator_2' retrieved from /home/airflow/.local/lib/python3.12/site-packages/airflow/example_dags/example_branch_datetime_operator.py
[2026-05-07T23:02:07.306+0000] {logging_mixin.py:188} INFO - [2026-05-07T23:02:07.305+0000] {dag.py:3096} INFO - Sync 3 DAGs
[2026-05-07T23:02:07.328+0000] {logging_mixin.py:188} INFO - [2026-05-07T23:02:07.328+0000] {dag.py:3954} INFO - Setting next_dagrun for example_branch_datetime_operator to 2026-05-06 00:00:00+00:00, run_after=2026-05-07 00:00:00+00:00
[2026-05-07T23:02:07.333+0000] {logging_mixin.py:188} INFO - [2026-05-07T23:02:07.332+0000] {dag.py:3954} INFO - Setting next_dagrun for example_branch_datetime_operator_2 to 2026-05-06 00:00:00+00:00, run_after=2026-05-07 00:00:00+00:00
[2026-05-07T23:02:07.336+0000] {logging_mixin.py:188} INFO - [2026-05-07T23:02:07.336+0000] {dag.py:3954} INFO - Setting next_dagrun for example_branch_datetime_operator_3 to 2026-05-06 00:00:00+00:00, run_after=2026-05-07 00:00:00+00:00
[2026-05-07T23:02:07.355+0000] {processor.py:183} INFO - Processing /home/airflow/.local/lib/python3.12/site-packages/airflow/example_dags/example_branch_datetime_operator.py took 0.097 seconds
[2026-05-07T23:02:37.841+0000] {processor.py:161} INFO - Started process (PID=5694) to work on /home/airflow/.local/lib/python3.12/site-packages/airflow/example_dags/example_branch_datetime_operator.py
[2026-05-07T23:02:37.842+0000] {processor.py:830} INFO - Processing file /home/airflow/.local/lib/python3.12/site-packages/airflow/example_dags/example_branch_datetime_operator.py for tasks to queue
[2026-05-07T23:02:37.844+0000] {logging_mixin.py:188} INFO - [2026-05-07T23:02:37.844+0000] {dagbag.py:545} INFO - Filling up the DagBag from /home/airflow/.local/lib/python3.12/site-packages/airflow/example_dags/example_branch_datetime_operator.py
[2026-05-07T23:02:37.854+0000] {processor.py:840} INFO - DAG(s) 'example_branch_datetime_operator_3', 'example_branch_datetime_operator_2', 'example_branch_datetime_operator' retrieved from /home/airflow/.local/lib/python3.12/site-packages/airflow/example_dags/example_branch_datetime_operator.py
[2026-05-07T23:02:37.883+0000] {logging_mixin.py:188} INFO - [2026-05-07T23:02:37.882+0000] {dag.py:3096} INFO - Sync 3 DAGs
[2026-05-07T23:02:37.905+0000] {logging_mixin.py:188} INFO - [2026-05-07T23:02:37.904+0000] {dag.py:3954} INFO - Setting next_dagrun for example_branch_datetime_operator to 2026-05-06 00:00:00+00:00, run_after=2026-05-07 00:00:00+00:00
[2026-05-07T23:02:37.909+0000] {logging_mixin.py:188} INFO - [2026-05-07T23:02:37.909+0000] {dag.py:3954} INFO - Setting next_dagrun for example_branch_datetime_operator_2 to 2026-05-06 00:00:00+00:00, run_after=2026-05-07 00:00:00+00:00
[2026-05-07T23:02:37.912+0000] {logging_mixin.py:188} INFO - [2026-05-07T23:02:37.912+0000] {dag.py:3954} INFO - Setting next_dagrun for example_branch_datetime_operator_3 to 2026-05-06 00:00:00+00:00, run_after=2026-05-07 00:00:00+00:00
[2026-05-07T23:02:37.932+0000] {processor.py:183} INFO - Processing /home/airflow/.local/lib/python3.12/site-packages/airflow/example_dags/example_branch_datetime_operator.py took 0.096 seconds
[2026-05-07T23:03:08.448+0000] {processor.py:161} INFO - Started process (PID=5752) to work on /home/airflow/.local/lib/python3.12/site-packages/airflow/example_dags/example_branch_datetime_operator.py
[2026-05-07T23:03:08.449+0000] {processor.py:830} INFO - Processing file /home/airflow/.local/lib/python3.12/site-packages/airflow/example_dags/example_branch_datetime_operator.py for tasks to queue
[2026-05-07T23:03:08.451+0000] {logging_mixin.py:188} INFO - [2026-05-07T23:03:08.451+0000] {dagbag.py:545} INFO - Filling up the DagBag from /home/airflow/.local/lib/python3.12/site-packages/airflow/example_dags/example_branch_datetime_operator.py
[2026-05-07T23:03:08.460+0000] {processor.py:840} INFO - DAG(s) 'example_branch_datetime_operator', 'example_branch_datetime_operator_3', 'example_branch_datetime_operator_2' retrieved from /home/airflow/.local/lib/python3.12/site-packages/airflow/example_dags/example_branch_datetime_operator.py
[2026-05-07T23:03:08.487+0000] {logging_mixin.py:188} INFO - [2026-05-07T23:03:08.487+0000] {dag.py:3096} INFO - Sync 3 DAGs
[2026-05-07T23:03:08.509+0000] {logging_mixin.py:188} INFO - [2026-05-07T23:03:08.509+0000] {dag.py:3954} INFO - Setting next_dagrun for example_branch_datetime_operator to 2026-05-06 00:00:00+00:00, run_after=2026-05-07 00:00:00+00:00
[2026-05-07T23:03:08.515+0000] {logging_mixin.py:188} INFO - [2026-05-07T23:03:08.515+0000] {dag.py:3954} INFO - Setting next_dagrun for example_branch_datetime_operator_2 to 2026-05-06 00:00:00+00:00, run_after=2026-05-07 00:00:00+00:00
[2026-05-07T23:03:08.517+0000] {logging_mixin.py:188} INFO - [2026-05-07T23:03:08.517+0000] {dag.py:3954} INFO - Setting next_dagrun for example_branch_datetime_operator_3 to 2026-05-06 00:00:00+00:00, run_after=2026-05-07 00:00:00+00:00
[2026-05-07T23:03:08.534+0000] {processor.py:183} INFO - Processing /home/airflow/.local/lib/python3.12/site-packages/airflow/example_dags/example_branch_datetime_operator.py took 0.092 seconds
[2026-05-07T23:03:39.055+0000] {processor.py:161} INFO - Started process (PID=5810) to work on /home/airflow/.local/lib/python3.12/site-packages/airflow/example_dags/example_branch_datetime_operator.py
[2026-05-07T23:03:39.057+0000] {processor.py:830} INFO - Processing file /home/airflow/.local/lib/python3.12/site-packages/airflow/example_dags/example_branch_datetime_operator.py for tasks to queue
[2026-05-07T23:03:39.061+0000] {logging_mixin.py:188} INFO - [2026-05-07T23:03:39.061+0000] {dagbag.py:545} INFO - Filling up the DagBag from /home/airflow/.local/lib/python3.12/site-packages/airflow/example_dags/example_branch_datetime_operator.py
[2026-05-07T23:03:39.071+0000] {processor.py:840} INFO - DAG(s) 'example_branch_datetime_operator_2', 'example_branch_datetime_operator', 'example_branch_datetime_operator_3' retrieved from /home/airflow/.local/lib/python3.12/site-packages/airflow/example_dags/example_branch_datetime_operator.py
[2026-05-07T23:03:39.105+0000] {logging_mixin.py:188} INFO - [2026-05-07T23:03:39.104+0000] {dag.py:3096} INFO - Sync 3 DAGs
[2026-05-07T23:03:39.131+0000] {logging_mixin.py:188} INFO - [2026-05-07T23:03:39.131+0000] {dag.py:3954} INFO - Setting next_dagrun for example_branch_datetime_operator to 2026-05-06 00:00:00+00:00, run_after=2026-05-07 00:00:00+00:00
[2026-05-07T23:03:39.136+0000] {logging_mixin.py:188} INFO - [2026-05-07T23:03:39.136+0000] {dag.py:3954} INFO - Setting next_dagrun for example_branch_datetime_operator_2 to 2026-05-06 00:00:00+00:00, run_after=2026-05-07 00:00:00+00:00
[2026-05-07T23:03:39.139+0000] {logging_mixin.py:188} INFO - [2026-05-07T23:03:39.139+0000] {dag.py:3954} INFO - Setting next_dagrun for example_branch_datetime_operator_3 to 2026-05-06 00:00:00+00:00, run_after=2026-05-07 00:00:00+00:00
[2026-05-07T23:03:39.165+0000] {processor.py:183} INFO - Processing /home/airflow/.local/lib/python3.12/site-packages/airflow/example_dags/example_branch_datetime_operator.py took 0.118 seconds
[2026-05-07T23:04:09.339+0000] {processor.py:161} INFO - Started process (PID=5868) to work on /home/airflow/.local/lib/python3.12/site-packages/airflow/example_dags/example_branch_datetime_operator.py
[2026-05-07T23:04:09.340+0000] {processor.py:830} INFO - Processing file /home/airflow/.local/lib/python3.12/site-packages/airflow/example_dags/example_branch_datetime_operator.py for tasks to queue
[2026-05-07T23:04:09.342+0000] {logging_mixin.py:188} INFO - [2026-05-07T23:04:09.342+0000] {dagbag.py:545} INFO - Filling up the DagBag from /home/airflow/.local/lib/python3.12/site-packages/airflow/example_dags/example_branch_datetime_operator.py
[2026-05-07T23:04:09.352+0000] {processor.py:840} INFO - DAG(s) 'example_branch_datetime_operator_3', 'example_branch_datetime_operator_2', 'example_branch_datetime_operator' retrieved from /home/airflow/.local/lib/python3.12/site-packages/airflow/example_dags/example_branch_datetime_operator.py
[2026-05-07T23:04:09.378+0000] {logging_mixin.py:188} INFO - [2026-05-07T23:04:09.378+0000] {dag.py:3096} INFO - Sync 3 DAGs
[2026-05-07T23:04:09.401+0000] {logging_mixin.py:188} INFO - [2026-05-07T23:04:09.401+0000] {dag.py:3954} INFO - Setting next_dagrun for example_branch_datetime_operator to 2026-05-06 00:00:00+00:00, run_after=2026-05-07 00:00:00+00:00
[2026-05-07T23:04:09.407+0000] {logging_mixin.py:188} INFO - [2026-05-07T23:04:09.407+0000] {dag.py:3954} INFO - Setting next_dagrun for example_branch_datetime_operator_2 to 2026-05-06 00:00:00+00:00, run_after=2026-05-07 00:00:00+00:00
[2026-05-07T23:04:09.410+0000] {logging_mixin.py:188} INFO - [2026-05-07T23:04:09.409+0000] {dag.py:3954} INFO - Setting next_dagrun for example_branch_datetime_operator_3 to 2026-05-06 00:00:00+00:00, run_after=2026-05-07 00:00:00+00:00
[2026-05-07T23:04:09.430+0000] {processor.py:183} INFO - Processing /home/airflow/.local/lib/python3.12/site-packages/airflow/example_dags/example_branch_datetime_operator.py took 0.096 seconds
[2026-05-07T23:04:39.566+0000] {processor.py:161} INFO - Started process (PID=5926) to work on /home/airflow/.local/lib/python3.12/site-packages/airflow/example_dags/example_branch_datetime_operator.py
[2026-05-07T23:04:39.567+0000] {processor.py:830} INFO - Processing file /home/airflow/.local/lib/python3.12/site-packages/airflow/example_dags/example_branch_datetime_operator.py for tasks to queue
[2026-05-07T23:04:39.569+0000] {logging_mixin.py:188} INFO - [2026-05-07T23:04:39.569+0000] {dagbag.py:545} INFO - Filling up the DagBag from /home/airflow/.local/lib/python3.12/site-packages/airflow/example_dags/example_branch_datetime_operator.py
[2026-05-07T23:04:39.578+0000] {processor.py:840} INFO - DAG(s) 'example_branch_datetime_operator', 'example_branch_datetime_operator_2', 'example_branch_datetime_operator_3' retrieved from /home/airflow/.local/lib/python3.12/site-packages/airflow/example_dags/example_branch_datetime_operator.py
[2026-05-07T23:04:39.604+0000] {logging_mixin.py:188} INFO - [2026-05-07T23:04:39.604+0000] {dag.py:3096} INFO - Sync 3 DAGs
[2026-05-07T23:04:39.625+0000] {logging_mixin.py:188} INFO - [2026-05-07T23:04:39.625+0000] {dag.py:3954} INFO - Setting next_dagrun for example_branch_datetime_operator to 2026-05-06 00:00:00+00:00, run_after=2026-05-07 00:00:00+00:00
[2026-05-07T23:04:39.630+0000] {logging_mixin.py:188} INFO - [2026-05-07T23:04:39.630+0000] {dag.py:3954} INFO - Setting next_dagrun for example_branch_datetime_operator_2 to 2026-05-06 00:00:00+00:00, run_after=2026-05-07 00:00:00+00:00
[2026-05-07T23:04:39.633+0000] {logging_mixin.py:188} INFO - [2026-05-07T23:04:39.633+0000] {dag.py:3954} INFO - Setting next_dagrun for example_branch_datetime_operator_3 to 2026-05-06 00:00:00+00:00, run_after=2026-05-07 00:00:00+00:00
[2026-05-07T23:04:39.651+0000] {processor.py:183} INFO - Processing /home/airflow/.local/lib/python3.12/site-packages/airflow/example_dags/example_branch_datetime_operator.py took 0.090 seconds
[2026-05-07T23:05:09.830+0000] {processor.py:161} INFO - Started process (PID=5984) to work on /home/airflow/.local/lib/python3.12/site-packages/airflow/example_dags/example_branch_datetime_operator.py
[2026-05-07T23:05:09.831+0000] {processor.py:830} INFO - Processing file /home/airflow/.local/lib/python3.12/site-packages/airflow/example_dags/example_branch_datetime_operator.py for tasks to queue
[2026-05-07T23:05:09.834+0000] {logging_mixin.py:188} INFO - [2026-05-07T23:05:09.833+0000] {dagbag.py:545} INFO - Filling up the DagBag from /home/airflow/.local/lib/python3.12/site-packages/airflow/example_dags/example_branch_datetime_operator.py
[2026-05-07T23:05:09.846+0000] {processor.py:840} INFO - DAG(s) 'example_branch_datetime_operator', 'example_branch_datetime_operator_3', 'example_branch_datetime_operator_2' retrieved from /home/airflow/.local/lib/python3.12/site-packages/airflow/example_dags/example_branch_datetime_operator.py
[2026-05-07T23:05:09.871+0000] {logging_mixin.py:188} INFO - [2026-05-07T23:05:09.871+0000] {dag.py:3096} INFO - Sync 3 DAGs
[2026-05-07T23:05:09.890+0000] {logging_mixin.py:188} INFO - [2026-05-07T23:05:09.890+0000] {dag.py:3954} INFO - Setting next_dagrun for example_branch_datetime_operator to 2026-05-06 00:00:00+00:00, run_after=2026-05-07 00:00:00+00:00
[2026-05-07T23:05:09.894+0000] {logging_mixin.py:188} INFO - [2026-05-07T23:05:09.894+0000] {dag.py:3954} INFO - Setting next_dagrun for example_branch_datetime_operator_2 to 2026-05-06 00:00:00+00:00, run_after=2026-05-07 00:00:00+00:00
[2026-05-07T23:05:09.897+0000] {logging_mixin.py:188} INFO - [2026-05-07T23:05:09.897+0000] {dag.py:3954} INFO - Setting next_dagrun for example_branch_datetime_operator_3 to 2026-05-06 00:00:00+00:00, run_after=2026-05-07 00:00:00+00:00
[2026-05-07T23:05:09.915+0000] {processor.py:183} INFO - Processing /home/airflow/.local/lib/python3.12/site-packages/airflow/example_dags/example_branch_datetime_operator.py took 0.090 seconds
[2026-05-07T23:05:40.548+0000] {processor.py:161} INFO - Started process (PID=6042) to work on /home/airflow/.local/lib/python3.12/site-packages/airflow/example_dags/example_branch_datetime_operator.py
[2026-05-07T23:05:40.550+0000] {processor.py:830} INFO - Processing file /home/airflow/.local/lib/python3.12/site-packages/airflow/example_dags/example_branch_datetime_operator.py for tasks to queue
[2026-05-07T23:05:40.552+0000] {logging_mixin.py:188} INFO - [2026-05-07T23:05:40.552+0000] {dagbag.py:545} INFO - Filling up the DagBag from /home/airflow/.local/lib/python3.12/site-packages/airflow/example_dags/example_branch_datetime_operator.py
[2026-05-07T23:05:40.560+0000] {processor.py:840} INFO - DAG(s) 'example_branch_datetime_operator', 'example_branch_datetime_operator_2', 'example_branch_datetime_operator_3' retrieved from /home/airflow/.local/lib/python3.12/site-packages/airflow/example_dags/example_branch_datetime_operator.py
[2026-05-07T23:05:40.586+0000] {logging_mixin.py:188} INFO - [2026-05-07T23:05:40.586+0000] {dag.py:3096} INFO - Sync 3 DAGs
[2026-05-07T23:05:40.606+0000] {logging_mixin.py:188} INFO - [2026-05-07T23:05:40.606+0000] {dag.py:3954} INFO - Setting next_dagrun for example_branch_datetime_operator to 2026-05-06 00:00:00+00:00, run_after=2026-05-07 00:00:00+00:00
[2026-05-07T23:05:40.610+0000] {logging_mixin.py:188} INFO - [2026-05-07T23:05:40.610+0000] {dag.py:3954} INFO - Setting next_dagrun for example_branch_datetime_operator_2 to 2026-05-06 00:00:00+00:00, run_after=2026-05-07 00:00:00+00:00
[2026-05-07T23:05:40.612+0000] {logging_mixin.py:188} INFO - [2026-05-07T23:05:40.612+0000] {dag.py:3954} INFO - Setting next_dagrun for example_branch_datetime_operator_3 to 2026-05-06 00:00:00+00:00, run_after=2026-05-07 00:00:00+00:00
[2026-05-07T23:05:40.631+0000] {processor.py:183} INFO - Processing /home/airflow/.local/lib/python3.12/site-packages/airflow/example_dags/example_branch_datetime_operator.py took 0.088 seconds
[2026-05-07T23:06:10.863+0000] {processor.py:161} INFO - Started process (PID=6100) to work on /home/airflow/.local/lib/python3.12/site-packages/airflow/example_dags/example_branch_datetime_operator.py
[2026-05-07T23:06:10.865+0000] {processor.py:830} INFO - Processing file /home/airflow/.local/lib/python3.12/site-packages/airflow/example_dags/example_branch_datetime_operator.py for tasks to queue
[2026-05-07T23:06:10.866+0000] {logging_mixin.py:188} INFO - [2026-05-07T23:06:10.866+0000] {dagbag.py:545} INFO - Filling up the DagBag from /home/airflow/.local/lib/python3.12/site-packages/airflow/example_dags/example_branch_datetime_operator.py
[2026-05-07T23:06:10.875+0000] {processor.py:840} INFO - DAG(s) 'example_branch_datetime_operator_3', 'example_branch_datetime_operator', 'example_branch_datetime_operator_2' retrieved from /home/airflow/.local/lib/python3.12/site-packages/airflow/example_dags/example_branch_datetime_operator.py
[2026-05-07T23:06:10.902+0000] {logging_mixin.py:188} INFO - [2026-05-07T23:06:10.902+0000] {dag.py:3096} INFO - Sync 3 DAGs
[2026-05-07T23:06:10.924+0000] {logging_mixin.py:188} INFO - [2026-05-07T23:06:10.924+0000] {dag.py:3954} INFO - Setting next_dagrun for example_branch_datetime_operator to 2026-05-06 00:00:00+00:00, run_after=2026-05-07 00:00:00+00:00
[2026-05-07T23:06:10.929+0000] {logging_mixin.py:188} INFO - [2026-05-07T23:06:10.928+0000] {dag.py:3954} INFO - Setting next_dagrun for example_branch_datetime_operator_2 to 2026-05-06 00:00:00+00:00, run_after=2026-05-07 00:00:00+00:00
[2026-05-07T23:06:10.932+0000] {logging_mixin.py:188} INFO - [2026-05-07T23:06:10.932+0000] {dag.py:3954} INFO - Setting next_dagrun for example_branch_datetime_operator_3 to 2026-05-06 00:00:00+00:00, run_after=2026-05-07 00:00:00+00:00
[2026-05-07T23:06:10.952+0000] {processor.py:183} INFO - Processing /home/airflow/.local/lib/python3.12/site-packages/airflow/example_dags/example_branch_datetime_operator.py took 0.094 seconds
[2026-05-07T23:06:41.008+0000] {processor.py:161} INFO - Started process (PID=6159) to work on /home/airflow/.local/lib/python3.12/site-packages/airflow/example_dags/example_branch_datetime_operator.py
[2026-05-07T23:06:41.010+0000] {processor.py:830} INFO - Processing file /home/airflow/.local/lib/python3.12/site-packages/airflow/example_dags/example_branch_datetime_operator.py for tasks to queue
[2026-05-07T23:06:41.012+0000] {logging_mixin.py:188} INFO - [2026-05-07T23:06:41.012+0000] {dagbag.py:545} INFO - Filling up the DagBag from /home/airflow/.local/lib/python3.12/site-packages/airflow/example_dags/example_branch_datetime_operator.py
[2026-05-07T23:06:41.023+0000] {processor.py:840} INFO - DAG(s) 'example_branch_datetime_operator', 'example_branch_datetime_operator_2', 'example_branch_datetime_operator_3' retrieved from /home/airflow/.local/lib/python3.12/site-packages/airflow/example_dags/example_branch_datetime_operator.py
[2026-05-07T23:06:41.050+0000] {logging_mixin.py:188} INFO - [2026-05-07T23:06:41.049+0000] {dag.py:3096} INFO - Sync 3 DAGs
[2026-05-07T23:06:41.071+0000] {logging_mixin.py:188} INFO - [2026-05-07T23:06:41.071+0000] {dag.py:3954} INFO - Setting next_dagrun for example_branch_datetime_operator to 2026-05-06 00:00:00+00:00, run_after=2026-05-07 00:00:00+00:00
[2026-05-07T23:06:41.076+0000] {logging_mixin.py:188} INFO - [2026-05-07T23:06:41.076+0000] {dag.py:3954} INFO - Setting next_dagrun for example_branch_datetime_operator_2 to 2026-05-06 00:00:00+00:00, run_after=2026-05-07 00:00:00+00:00
[2026-05-07T23:06:41.079+0000] {logging_mixin.py:188} INFO - [2026-05-07T23:06:41.079+0000] {dag.py:3954} INFO - Setting next_dagrun for example_branch_datetime_operator_3 to 2026-05-06 00:00:00+00:00, run_after=2026-05-07 00:00:00+00:00
[2026-05-07T23:06:41.098+0000] {processor.py:183} INFO - Processing /home/airflow/.local/lib/python3.12/site-packages/airflow/example_dags/example_branch_datetime_operator.py took 0.095 seconds
[2026-05-07T23:07:11.242+0000] {processor.py:161} INFO - Started process (PID=6216) to work on /home/airflow/.local/lib/python3.12/site-packages/airflow/example_dags/example_branch_datetime_operator.py
[2026-05-07T23:07:11.244+0000] {processor.py:830} INFO - Processing file /home/airflow/.local/lib/python3.12/site-packages/airflow/example_dags/example_branch_datetime_operator.py for tasks to queue
[2026-05-07T23:07:11.247+0000] {logging_mixin.py:188} INFO - [2026-05-07T23:07:11.246+0000] {dagbag.py:545} INFO - Filling up the DagBag from /home/airflow/.local/lib/python3.12/site-packages/airflow/example_dags/example_branch_datetime_operator.py
[2026-05-07T23:07:11.256+0000] {processor.py:840} INFO - DAG(s) 'example_branch_datetime_operator_2', 'example_branch_datetime_operator_3', 'example_branch_datetime_operator' retrieved from /home/airflow/.local/lib/python3.12/site-packages/airflow/example_dags/example_branch_datetime_operator.py
[2026-05-07T23:07:11.283+0000] {logging_mixin.py:188} INFO - [2026-05-07T23:07:11.283+0000] {dag.py:3096} INFO - Sync 3 DAGs
[2026-05-07T23:07:11.303+0000] {logging_mixin.py:188} INFO - [2026-05-07T23:07:11.303+0000] {dag.py:3954} INFO - Setting next_dagrun for example_branch_datetime_operator to 2026-05-06 00:00:00+00:00, run_after=2026-05-07 00:00:00+00:00
[2026-05-07T23:07:11.309+0000] {logging_mixin.py:188} INFO - [2026-05-07T23:07:11.308+0000] {dag.py:3954} INFO - Setting next_dagrun for example_branch_datetime_operator_2 to 2026-05-06 00:00:00+00:00, run_after=2026-05-07 00:00:00+00:00
[2026-05-07T23:07:11.311+0000] {logging_mixin.py:188} INFO - [2026-05-07T23:07:11.311+0000] {dag.py:3954} INFO - Setting next_dagrun for example_branch_datetime_operator_3 to 2026-05-06 00:00:00+00:00, run_after=2026-05-07 00:00:00+00:00
[2026-05-07T23:07:11.332+0000] {processor.py:183} INFO - Processing /home/airflow/.local/lib/python3.12/site-packages/airflow/example_dags/example_branch_datetime_operator.py took 0.100 seconds
[2026-05-07T23:07:41.622+0000] {processor.py:161} INFO - Started process (PID=6274) to work on /home/airflow/.local/lib/python3.12/site-packages/airflow/example_dags/example_branch_datetime_operator.py
[2026-05-07T23:07:41.623+0000] {processor.py:830} INFO - Processing file /home/airflow/.local/lib/python3.12/site-packages/airflow/example_dags/example_branch_datetime_operator.py for tasks to queue
[2026-05-07T23:07:41.625+0000] {logging_mixin.py:188} INFO - [2026-05-07T23:07:41.625+0000] {dagbag.py:545} INFO - Filling up the DagBag from /home/airflow/.local/lib/python3.12/site-packages/airflow/example_dags/example_branch_datetime_operator.py
[2026-05-07T23:07:41.635+0000] {processor.py:840} INFO - DAG(s) 'example_branch_datetime_operator', 'example_branch_datetime_operator_3', 'example_branch_datetime_operator_2' retrieved from /home/airflow/.local/lib/python3.12/site-packages/airflow/example_dags/example_branch_datetime_operator.py
[2026-05-07T23:07:41.661+0000] {logging_mixin.py:188} INFO - [2026-05-07T23:07:41.661+0000] {dag.py:3096} INFO - Sync 3 DAGs
[2026-05-07T23:07:41.683+0000] {logging_mixin.py:188} INFO - [2026-05-07T23:07:41.683+0000] {dag.py:3954} INFO - Setting next_dagrun for example_branch_datetime_operator to 2026-05-06 00:00:00+00:00, run_after=2026-05-07 00:00:00+00:00
[2026-05-07T23:07:41.688+0000] {logging_mixin.py:188} INFO - [2026-05-07T23:07:41.688+0000] {dag.py:3954} INFO - Setting next_dagrun for example_branch_datetime_operator_2 to 2026-05-06 00:00:00+00:00, run_after=2026-05-07 00:00:00+00:00
[2026-05-07T23:07:41.691+0000] {logging_mixin.py:188} INFO - [2026-05-07T23:07:41.690+0000] {dag.py:3954} INFO - Setting next_dagrun for example_branch_datetime_operator_3 to 2026-05-06 00:00:00+00:00, run_after=2026-05-07 00:00:00+00:00
[2026-05-07T23:07:41.710+0000] {processor.py:183} INFO - Processing /home/airflow/.local/lib/python3.12/site-packages/airflow/example_dags/example_branch_datetime_operator.py took 0.093 seconds
[2026-05-07T23:08:12.031+0000] {processor.py:161} INFO - Started process (PID=6332) to work on /home/airflow/.local/lib/python3.12/site-packages/airflow/example_dags/example_branch_datetime_operator.py
[2026-05-07T23:08:12.032+0000] {processor.py:830} INFO - Processing file /home/airflow/.local/lib/python3.12/site-packages/airflow/example_dags/example_branch_datetime_operator.py for tasks to queue
[2026-05-07T23:08:12.034+0000] {logging_mixin.py:188} INFO - [2026-05-07T23:08:12.034+0000] {dagbag.py:545} INFO - Filling up the DagBag from /home/airflow/.local/lib/python3.12/site-packages/airflow/example_dags/example_branch_datetime_operator.py
[2026-05-07T23:08:12.045+0000] {processor.py:840} INFO - DAG(s) 'example_branch_datetime_operator_3', 'example_branch_datetime_operator', 'example_branch_datetime_operator_2' retrieved from /home/airflow/.local/lib/python3.12/site-packages/airflow/example_dags/example_branch_datetime_operator.py
[2026-05-07T23:08:12.072+0000] {logging_mixin.py:188} INFO - [2026-05-07T23:08:12.071+0000] {dag.py:3096} INFO - Sync 3 DAGs
[2026-05-07T23:08:12.095+0000] {logging_mixin.py:188} INFO - [2026-05-07T23:08:12.095+0000] {dag.py:3954} INFO - Setting next_dagrun for example_branch_datetime_operator to 2026-05-06 00:00:00+00:00, run_after=2026-05-07 00:00:00+00:00
[2026-05-07T23:08:12.100+0000] {logging_mixin.py:188} INFO - [2026-05-07T23:08:12.100+0000] {dag.py:3954} INFO - Setting next_dagrun for example_branch_datetime_operator_2 to 2026-05-06 00:00:00+00:00, run_after=2026-05-07 00:00:00+00:00
[2026-05-07T23:08:12.104+0000] {logging_mixin.py:188} INFO - [2026-05-07T23:08:12.104+0000] {dag.py:3954} INFO - Setting next_dagrun for example_branch_datetime_operator_3 to 2026-05-06 00:00:00+00:00, run_after=2026-05-07 00:00:00+00:00
[2026-05-07T23:08:12.120+0000] {processor.py:183} INFO - Processing /home/airflow/.local/lib/python3.12/site-packages/airflow/example_dags/example_branch_datetime_operator.py took 0.095 seconds
[2026-05-07T23:08:42.534+0000] {processor.py:161} INFO - Started process (PID=6390) to work on /home/airflow/.local/lib/python3.12/site-packages/airflow/example_dags/example_branch_datetime_operator.py
[2026-05-07T23:08:42.535+0000] {processor.py:830} INFO - Processing file /home/airflow/.local/lib/python3.12/site-packages/airflow/example_dags/example_branch_datetime_operator.py for tasks to queue
[2026-05-07T23:08:42.538+0000] {logging_mixin.py:188} INFO - [2026-05-07T23:08:42.538+0000] {dagbag.py:545} INFO - Filling up the DagBag from /home/airflow/.local/lib/python3.12/site-packages/airflow/example_dags/example_branch_datetime_operator.py
[2026-05-07T23:08:42.550+0000] {processor.py:840} INFO - DAG(s) 'example_branch_datetime_operator_3', 'example_branch_datetime_operator', 'example_branch_datetime_operator_2' retrieved from /home/airflow/.local/lib/python3.12/site-packages/airflow/example_dags/example_branch_datetime_operator.py
[2026-05-07T23:08:42.584+0000] {logging_mixin.py:188} INFO - [2026-05-07T23:08:42.583+0000] {dag.py:3096} INFO - Sync 3 DAGs
[2026-05-07T23:08:42.612+0000] {logging_mixin.py:188} INFO - [2026-05-07T23:08:42.612+0000] {dag.py:3954} INFO - Setting next_dagrun for example_branch_datetime_operator to 2026-05-06 00:00:00+00:00, run_after=2026-05-07 00:00:00+00:00
[2026-05-07T23:08:42.618+0000] {logging_mixin.py:188} INFO - [2026-05-07T23:08:42.617+0000] {dag.py:3954} INFO - Setting next_dagrun for example_branch_datetime_operator_2 to 2026-05-06 00:00:00+00:00, run_after=2026-05-07 00:00:00+00:00
[2026-05-07T23:08:42.621+0000] {logging_mixin.py:188} INFO - [2026-05-07T23:08:42.621+0000] {dag.py:3954} INFO - Setting next_dagrun for example_branch_datetime_operator_3 to 2026-05-06 00:00:00+00:00, run_after=2026-05-07 00:00:00+00:00
[2026-05-07T23:08:42.648+0000] {processor.py:183} INFO - Processing /home/airflow/.local/lib/python3.12/site-packages/airflow/example_dags/example_branch_datetime_operator.py took 0.120 seconds
[2026-05-07T23:09:13.132+0000] {processor.py:161} INFO - Started process (PID=6448) to work on /home/airflow/.local/lib/python3.12/site-packages/airflow/example_dags/example_branch_datetime_operator.py
[2026-05-07T23:09:13.133+0000] {processor.py:830} INFO - Processing file /home/airflow/.local/lib/python3.12/site-packages/airflow/example_dags/example_branch_datetime_operator.py for tasks to queue
[2026-05-07T23:09:13.136+0000] {logging_mixin.py:188} INFO - [2026-05-07T23:09:13.135+0000] {dagbag.py:545} INFO - Filling up the DagBag from /home/airflow/.local/lib/python3.12/site-packages/airflow/example_dags/example_branch_datetime_operator.py
[2026-05-07T23:09:13.145+0000] {processor.py:840} INFO - DAG(s) 'example_branch_datetime_operator_3', 'example_branch_datetime_operator', 'example_branch_datetime_operator_2' retrieved from /home/airflow/.local/lib/python3.12/site-packages/airflow/example_dags/example_branch_datetime_operator.py
[2026-05-07T23:09:13.175+0000] {logging_mixin.py:188} INFO - [2026-05-07T23:09:13.175+0000] {dag.py:3096} INFO - Sync 3 DAGs
[2026-05-07T23:09:13.205+0000] {logging_mixin.py:188} INFO - [2026-05-07T23:09:13.205+0000] {dag.py:3954} INFO - Setting next_dagrun for example_branch_datetime_operator to 2026-05-06 00:00:00+00:00, run_after=2026-05-07 00:00:00+00:00
[2026-05-07T23:09:13.210+0000] {logging_mixin.py:188} INFO - [2026-05-07T23:09:13.210+0000] {dag.py:3954} INFO - Setting next_dagrun for example_branch_datetime_operator_2 to 2026-05-06 00:00:00+00:00, run_after=2026-05-07 00:00:00+00:00
[2026-05-07T23:09:13.213+0000] {logging_mixin.py:188} INFO - [2026-05-07T23:09:13.212+0000] {dag.py:3954} INFO - Setting next_dagrun for example_branch_datetime_operator_3 to 2026-05-06 00:00:00+00:00, run_after=2026-05-07 00:00:00+00:00
[2026-05-07T23:09:13.238+0000] {processor.py:183} INFO - Processing /home/airflow/.local/lib/python3.12/site-packages/airflow/example_dags/example_branch_datetime_operator.py took 0.112 seconds
[2026-05-07T23:09:43.423+0000] {processor.py:161} INFO - Started process (PID=6506) to work on /home/airflow/.local/lib/python3.12/site-packages/airflow/example_dags/example_branch_datetime_operator.py
[2026-05-07T23:09:43.424+0000] {processor.py:830} INFO - Processing file /home/airflow/.local/lib/python3.12/site-packages/airflow/example_dags/example_branch_datetime_operator.py for tasks to queue
[2026-05-07T23:09:43.426+0000] {logging_mixin.py:188} INFO - [2026-05-07T23:09:43.426+0000] {dagbag.py:545} INFO - Filling up the DagBag from /home/airflow/.local/lib/python3.12/site-packages/airflow/example_dags/example_branch_datetime_operator.py
[2026-05-07T23:09:43.436+0000] {processor.py:840} INFO - DAG(s) 'example_branch_datetime_operator_2', 'example_branch_datetime_operator_3', 'example_branch_datetime_operator' retrieved from /home/airflow/.local/lib/python3.12/site-packages/airflow/example_dags/example_branch_datetime_operator.py
[2026-05-07T23:09:43.462+0000] {logging_mixin.py:188} INFO - [2026-05-07T23:09:43.462+0000] {dag.py:3096} INFO - Sync 3 DAGs
[2026-05-07T23:09:43.483+0000] {logging_mixin.py:188} INFO - [2026-05-07T23:09:43.483+0000] {dag.py:3954} INFO - Setting next_dagrun for example_branch_datetime_operator to 2026-05-06 00:00:00+00:00, run_after=2026-05-07 00:00:00+00:00
[2026-05-07T23:09:43.488+0000] {logging_mixin.py:188} INFO - [2026-05-07T23:09:43.488+0000] {dag.py:3954} INFO - Setting next_dagrun for example_branch_datetime_operator_2 to 2026-05-06 00:00:00+00:00, run_after=2026-05-07 00:00:00+00:00
[2026-05-07T23:09:43.491+0000] {logging_mixin.py:188} INFO - [2026-05-07T23:09:43.490+0000] {dag.py:3954} INFO - Setting next_dagrun for example_branch_datetime_operator_3 to 2026-05-06 00:00:00+00:00, run_after=2026-05-07 00:00:00+00:00
[2026-05-07T23:09:43.510+0000] {processor.py:183} INFO - Processing /home/airflow/.local/lib/python3.12/site-packages/airflow/example_dags/example_branch_datetime_operator.py took 0.092 seconds
[2026-05-07T23:10:13.789+0000] {processor.py:161} INFO - Started process (PID=6564) to work on /home/airflow/.local/lib/python3.12/site-packages/airflow/example_dags/example_branch_datetime_operator.py
[2026-05-07T23:10:13.790+0000] {processor.py:830} INFO - Processing file /home/airflow/.local/lib/python3.12/site-packages/airflow/example_dags/example_branch_datetime_operator.py for tasks to queue
[2026-05-07T23:10:13.794+0000] {logging_mixin.py:188} INFO - [2026-05-07T23:10:13.794+0000] {dagbag.py:545} INFO - Filling up the DagBag from /home/airflow/.local/lib/python3.12/site-packages/airflow/example_dags/example_branch_datetime_operator.py
[2026-05-07T23:10:13.804+0000] {processor.py:840} INFO - DAG(s) 'example_branch_datetime_operator_3', 'example_branch_datetime_operator', 'example_branch_datetime_operator_2' retrieved from /home/airflow/.local/lib/python3.12/site-packages/airflow/example_dags/example_branch_datetime_operator.py
[2026-05-07T23:10:13.828+0000] {logging_mixin.py:188} INFO - [2026-05-07T23:10:13.828+0000] {dag.py:3096} INFO - Sync 3 DAGs
[2026-05-07T23:10:13.848+0000] {logging_mixin.py:188} INFO - [2026-05-07T23:10:13.848+0000] {dag.py:3954} INFO - Setting next_dagrun for example_branch_datetime_operator to 2026-05-06 00:00:00+00:00, run_after=2026-05-07 00:00:00+00:00
[2026-05-07T23:10:13.853+0000] {logging_mixin.py:188} INFO - [2026-05-07T23:10:13.853+0000] {dag.py:3954} INFO - Setting next_dagrun for example_branch_datetime_operator_2 to 2026-05-06 00:00:00+00:00, run_after=2026-05-07 00:00:00+00:00
[2026-05-07T23:10:13.856+0000] {logging_mixin.py:188} INFO - [2026-05-07T23:10:13.855+0000] {dag.py:3954} INFO - Setting next_dagrun for example_branch_datetime_operator_3 to 2026-05-06 00:00:00+00:00, run_after=2026-05-07 00:00:00+00:00
[2026-05-07T23:10:13.874+0000] {processor.py:183} INFO - Processing /home/airflow/.local/lib/python3.12/site-packages/airflow/example_dags/example_branch_datetime_operator.py took 0.090 seconds
[2026-05-07T23:10:43.969+0000] {processor.py:161} INFO - Started process (PID=6622) to work on /home/airflow/.local/lib/python3.12/site-packages/airflow/example_dags/example_branch_datetime_operator.py
[2026-05-07T23:10:43.970+0000] {processor.py:830} INFO - Processing file /home/airflow/.local/lib/python3.12/site-packages/airflow/example_dags/example_branch_datetime_operator.py for tasks to queue
[2026-05-07T23:10:43.973+0000] {logging_mixin.py:188} INFO - [2026-05-07T23:10:43.973+0000] {dagbag.py:545} INFO - Filling up the DagBag from /home/airflow/.local/lib/python3.12/site-packages/airflow/example_dags/example_branch_datetime_operator.py
[2026-05-07T23:10:43.982+0000] {processor.py:840} INFO - DAG(s) 'example_branch_datetime_operator_3', 'example_branch_datetime_operator_2', 'example_branch_datetime_operator' retrieved from /home/airflow/.local/lib/python3.12/site-packages/airflow/example_dags/example_branch_datetime_operator.py
[2026-05-07T23:10:44.009+0000] {logging_mixin.py:188} INFO - [2026-05-07T23:10:44.009+0000] {dag.py:3096} INFO - Sync 3 DAGs
[2026-05-07T23:10:44.030+0000] {logging_mixin.py:188} INFO - [2026-05-07T23:10:44.030+0000] {dag.py:3954} INFO - Setting next_dagrun for example_branch_datetime_operator to 2026-05-06 00:00:00+00:00, run_after=2026-05-07 00:00:00+00:00
[2026-05-07T23:10:44.035+0000] {logging_mixin.py:188} INFO - [2026-05-07T23:10:44.035+0000] {dag.py:3954} INFO - Setting next_dagrun for example_branch_datetime_operator_2 to 2026-05-06 00:00:00+00:00, run_after=2026-05-07 00:00:00+00:00
[2026-05-07T23:10:44.037+0000] {logging_mixin.py:188} INFO - [2026-05-07T23:10:44.037+0000] {dag.py:3954} INFO - Setting next_dagrun for example_branch_datetime_operator_3 to 2026-05-06 00:00:00+00:00, run_after=2026-05-07 00:00:00+00:00
[2026-05-07T23:10:44.056+0000] {processor.py:183} INFO - Processing /home/airflow/.local/lib/python3.12/site-packages/airflow/example_dags/example_branch_datetime_operator.py took 0.094 seconds
[2026-05-07T23:11:14.521+0000] {processor.py:161} INFO - Started process (PID=6680) to work on /home/airflow/.local/lib/python3.12/site-packages/airflow/example_dags/example_branch_datetime_operator.py
[2026-05-07T23:11:14.522+0000] {processor.py:830} INFO - Processing file /home/airflow/.local/lib/python3.12/site-packages/airflow/example_dags/example_branch_datetime_operator.py for tasks to queue
[2026-05-07T23:11:14.525+0000] {logging_mixin.py:188} INFO - [2026-05-07T23:11:14.524+0000] {dagbag.py:545} INFO - Filling up the DagBag from /home/airflow/.local/lib/python3.12/site-packages/airflow/example_dags/example_branch_datetime_operator.py
[2026-05-07T23:11:14.533+0000] {processor.py:840} INFO - DAG(s) 'example_branch_datetime_operator', 'example_branch_datetime_operator_3', 'example_branch_datetime_operator_2' retrieved from /home/airflow/.local/lib/python3.12/site-packages/airflow/example_dags/example_branch_datetime_operator.py
[2026-05-07T23:11:14.560+0000] {logging_mixin.py:188} INFO - [2026-05-07T23:11:14.560+0000] {dag.py:3096} INFO - Sync 3 DAGs
[2026-05-07T23:11:14.582+0000] {logging_mixin.py:188} INFO - [2026-05-07T23:11:14.582+0000] {dag.py:3954} INFO - Setting next_dagrun for example_branch_datetime_operator to 2026-05-06 00:00:00+00:00, run_after=2026-05-07 00:00:00+00:00
[2026-05-07T23:11:14.587+0000] {logging_mixin.py:188} INFO - [2026-05-07T23:11:14.587+0000] {dag.py:3954} INFO - Setting next_dagrun for example_branch_datetime_operator_2 to 2026-05-06 00:00:00+00:00, run_after=2026-05-07 00:00:00+00:00
[2026-05-07T23:11:14.591+0000] {logging_mixin.py:188} INFO - [2026-05-07T23:11:14.591+0000] {dag.py:3954} INFO - Setting next_dagrun for example_branch_datetime_operator_3 to 2026-05-06 00:00:00+00:00, run_after=2026-05-07 00:00:00+00:00
[2026-05-07T23:11:14.611+0000] {processor.py:183} INFO - Processing /home/airflow/.local/lib/python3.12/site-packages/airflow/example_dags/example_branch_datetime_operator.py took 0.095 seconds
[2026-05-07T23:11:44.761+0000] {processor.py:161} INFO - Started process (PID=6738) to work on /home/airflow/.local/lib/python3.12/site-packages/airflow/example_dags/example_branch_datetime_operator.py
[2026-05-07T23:11:44.763+0000] {processor.py:830} INFO - Processing file /home/airflow/.local/lib/python3.12/site-packages/airflow/example_dags/example_branch_datetime_operator.py for tasks to queue
[2026-05-07T23:11:44.765+0000] {logging_mixin.py:188} INFO - [2026-05-07T23:11:44.765+0000] {dagbag.py:545} INFO - Filling up the DagBag from /home/airflow/.local/lib/python3.12/site-packages/airflow/example_dags/example_branch_datetime_operator.py
[2026-05-07T23:11:44.774+0000] {processor.py:840} INFO - DAG(s) 'example_branch_datetime_operator_2', 'example_branch_datetime_operator', 'example_branch_datetime_operator_3' retrieved from /home/airflow/.local/lib/python3.12/site-packages/airflow/example_dags/example_branch_datetime_operator.py
[2026-05-07T23:11:44.801+0000] {logging_mixin.py:188} INFO - [2026-05-07T23:11:44.801+0000] {dag.py:3096} INFO - Sync 3 DAGs
[2026-05-07T23:11:44.824+0000] {logging_mixin.py:188} INFO - [2026-05-07T23:11:44.824+0000] {dag.py:3954} INFO - Setting next_dagrun for example_branch_datetime_operator to 2026-05-06 00:00:00+00:00, run_after=2026-05-07 00:00:00+00:00
[2026-05-07T23:11:44.829+0000] {logging_mixin.py:188} INFO - [2026-05-07T23:11:44.829+0000] {dag.py:3954} INFO - Setting next_dagrun for example_branch_datetime_operator_2 to 2026-05-06 00:00:00+00:00, run_after=2026-05-07 00:00:00+00:00
[2026-05-07T23:11:44.832+0000] {logging_mixin.py:188} INFO - [2026-05-07T23:11:44.832+0000] {dag.py:3954} INFO - Setting next_dagrun for example_branch_datetime_operator_3 to 2026-05-06 00:00:00+00:00, run_after=2026-05-07 00:00:00+00:00
[2026-05-07T23:11:44.852+0000] {processor.py:183} INFO - Processing /home/airflow/.local/lib/python3.12/site-packages/airflow/example_dags/example_branch_datetime_operator.py took 0.097 seconds
[2026-05-07T23:12:15.154+0000] {processor.py:161} INFO - Started process (PID=6796) to work on /home/airflow/.local/lib/python3.12/site-packages/airflow/example_dags/example_branch_datetime_operator.py
[2026-05-07T23:12:15.155+0000] {processor.py:830} INFO - Processing file /home/airflow/.local/lib/python3.12/site-packages/airflow/example_dags/example_branch_datetime_operator.py for tasks to queue
[2026-05-07T23:12:15.158+0000] {logging_mixin.py:188} INFO - [2026-05-07T23:12:15.157+0000] {dagbag.py:545} INFO - Filling up the DagBag from /home/airflow/.local/lib/python3.12/site-packages/airflow/example_dags/example_branch_datetime_operator.py
[2026-05-07T23:12:15.168+0000] {processor.py:840} INFO - DAG(s) 'example_branch_datetime_operator_3', 'example_branch_datetime_operator_2', 'example_branch_datetime_operator' retrieved from /home/airflow/.local/lib/python3.12/site-packages/airflow/example_dags/example_branch_datetime_operator.py
[2026-05-07T23:12:15.194+0000] {logging_mixin.py:188} INFO - [2026-05-07T23:12:15.194+0000] {dag.py:3096} INFO - Sync 3 DAGs
[2026-05-07T23:12:15.214+0000] {logging_mixin.py:188} INFO - [2026-05-07T23:12:15.214+0000] {dag.py:3954} INFO - Setting next_dagrun for example_branch_datetime_operator to 2026-05-06 00:00:00+00:00, run_after=2026-05-07 00:00:00+00:00
[2026-05-07T23:12:15.219+0000] {logging_mixin.py:188} INFO - [2026-05-07T23:12:15.219+0000] {dag.py:3954} INFO - Setting next_dagrun for example_branch_datetime_operator_2 to 2026-05-06 00:00:00+00:00, run_after=2026-05-07 00:00:00+00:00
[2026-05-07T23:12:15.222+0000] {logging_mixin.py:188} INFO - [2026-05-07T23:12:15.222+0000] {dag.py:3954} INFO - Setting next_dagrun for example_branch_datetime_operator_3 to 2026-05-06 00:00:00+00:00, run_after=2026-05-07 00:00:00+00:00
[2026-05-07T23:12:15.241+0000] {processor.py:183} INFO - Processing /home/airflow/.local/lib/python3.12/site-packages/airflow/example_dags/example_branch_datetime_operator.py took 0.092 seconds
[2026-05-07T23:12:45.520+0000] {processor.py:161} INFO - Started process (PID=6854) to work on /home/airflow/.local/lib/python3.12/site-packages/airflow/example_dags/example_branch_datetime_operator.py
[2026-05-07T23:12:45.522+0000] {processor.py:830} INFO - Processing file /home/airflow/.local/lib/python3.12/site-packages/airflow/example_dags/example_branch_datetime_operator.py for tasks to queue
[2026-05-07T23:12:45.524+0000] {logging_mixin.py:188} INFO - [2026-05-07T23:12:45.524+0000] {dagbag.py:545} INFO - Filling up the DagBag from /home/airflow/.local/lib/python3.12/site-packages/airflow/example_dags/example_branch_datetime_operator.py
[2026-05-07T23:12:45.534+0000] {processor.py:840} INFO - DAG(s) 'example_branch_datetime_operator', 'example_branch_datetime_operator_2', 'example_branch_datetime_operator_3' retrieved from /home/airflow/.local/lib/python3.12/site-packages/airflow/example_dags/example_branch_datetime_operator.py
[2026-05-07T23:12:45.562+0000] {logging_mixin.py:188} INFO - [2026-05-07T23:12:45.562+0000] {dag.py:3096} INFO - Sync 3 DAGs
[2026-05-07T23:12:45.585+0000] {logging_mixin.py:188} INFO - [2026-05-07T23:12:45.585+0000] {dag.py:3954} INFO - Setting next_dagrun for example_branch_datetime_operator to 2026-05-06 00:00:00+00:00, run_after=2026-05-07 00:00:00+00:00
[2026-05-07T23:12:45.590+0000] {logging_mixin.py:188} INFO - [2026-05-07T23:12:45.589+0000] {dag.py:3954} INFO - Setting next_dagrun for example_branch_datetime_operator_2 to 2026-05-06 00:00:00+00:00, run_after=2026-05-07 00:00:00+00:00
[2026-05-07T23:12:45.593+0000] {logging_mixin.py:188} INFO - [2026-05-07T23:12:45.593+0000] {dag.py:3954} INFO - Setting next_dagrun for example_branch_datetime_operator_3 to 2026-05-06 00:00:00+00:00, run_after=2026-05-07 00:00:00+00:00
[2026-05-07T23:12:45.611+0000] {processor.py:183} INFO - Processing /home/airflow/.local/lib/python3.12/site-packages/airflow/example_dags/example_branch_datetime_operator.py took 0.096 seconds
[2026-05-07T23:13:16.470+0000] {processor.py:161} INFO - Started process (PID=6912) to work on /home/airflow/.local/lib/python3.12/site-packages/airflow/example_dags/example_branch_datetime_operator.py
[2026-05-07T23:13:16.471+0000] {processor.py:830} INFO - Processing file /home/airflow/.local/lib/python3.12/site-packages/airflow/example_dags/example_branch_datetime_operator.py for tasks to queue
[2026-05-07T23:13:16.474+0000] {logging_mixin.py:188} INFO - [2026-05-07T23:13:16.473+0000] {dagbag.py:545} INFO - Filling up the DagBag from /home/airflow/.local/lib/python3.12/site-packages/airflow/example_dags/example_branch_datetime_operator.py
[2026-05-07T23:13:16.482+0000] {processor.py:840} INFO - DAG(s) 'example_branch_datetime_operator', 'example_branch_datetime_operator_3', 'example_branch_datetime_operator_2' retrieved from /home/airflow/.local/lib/python3.12/site-packages/airflow/example_dags/example_branch_datetime_operator.py
[2026-05-07T23:13:16.513+0000] {logging_mixin.py:188} INFO - [2026-05-07T23:13:16.513+0000] {dag.py:3096} INFO - Sync 3 DAGs
[2026-05-07T23:13:16.537+0000] {logging_mixin.py:188} INFO - [2026-05-07T23:13:16.536+0000] {dag.py:3954} INFO - Setting next_dagrun for example_branch_datetime_operator to 2026-05-06 00:00:00+00:00, run_after=2026-05-07 00:00:00+00:00
[2026-05-07T23:13:16.541+0000] {logging_mixin.py:188} INFO - [2026-05-07T23:13:16.541+0000] {dag.py:3954} INFO - Setting next_dagrun for example_branch_datetime_operator_2 to 2026-05-06 00:00:00+00:00, run_after=2026-05-07 00:00:00+00:00
[2026-05-07T23:13:16.544+0000] {logging_mixin.py:188} INFO - [2026-05-07T23:13:16.544+0000] {dag.py:3954} INFO - Setting next_dagrun for example_branch_datetime_operator_3 to 2026-05-06 00:00:00+00:00, run_after=2026-05-07 00:00:00+00:00
[2026-05-07T23:13:16.561+0000] {processor.py:183} INFO - Processing /home/airflow/.local/lib/python3.12/site-packages/airflow/example_dags/example_branch_datetime_operator.py took 0.097 seconds
[2026-05-07T23:13:47.457+0000] {processor.py:161} INFO - Started process (PID=6970) to work on /home/airflow/.local/lib/python3.12/site-packages/airflow/example_dags/example_branch_datetime_operator.py
[2026-05-07T23:13:47.458+0000] {processor.py:830} INFO - Processing file /home/airflow/.local/lib/python3.12/site-packages/airflow/example_dags/example_branch_datetime_operator.py for tasks to queue
[2026-05-07T23:13:47.460+0000] {logging_mixin.py:188} INFO - [2026-05-07T23:13:47.459+0000] {dagbag.py:545} INFO - Filling up the DagBag from /home/airflow/.local/lib/python3.12/site-packages/airflow/example_dags/example_branch_datetime_operator.py
[2026-05-07T23:13:47.469+0000] {processor.py:840} INFO - DAG(s) 'example_branch_datetime_operator_2', 'example_branch_datetime_operator_3', 'example_branch_datetime_operator' retrieved from /home/airflow/.local/lib/python3.12/site-packages/airflow/example_dags/example_branch_datetime_operator.py
[2026-05-07T23:13:47.497+0000] {logging_mixin.py:188} INFO - [2026-05-07T23:13:47.497+0000] {dag.py:3096} INFO - Sync 3 DAGs
[2026-05-07T23:13:47.518+0000] {logging_mixin.py:188} INFO - [2026-05-07T23:13:47.517+0000] {dag.py:3954} INFO - Setting next_dagrun for example_branch_datetime_operator to 2026-05-06 00:00:00+00:00, run_after=2026-05-07 00:00:00+00:00
[2026-05-07T23:13:47.523+0000] {logging_mixin.py:188} INFO - [2026-05-07T23:13:47.523+0000] {dag.py:3954} INFO - Setting next_dagrun for example_branch_datetime_operator_2 to 2026-05-06 00:00:00+00:00, run_after=2026-05-07 00:00:00+00:00
[2026-05-07T23:13:47.527+0000] {logging_mixin.py:188} INFO - [2026-05-07T23:13:47.526+0000] {dag.py:3954} INFO - Setting next_dagrun for example_branch_datetime_operator_3 to 2026-05-06 00:00:00+00:00, run_after=2026-05-07 00:00:00+00:00
[2026-05-07T23:13:47.546+0000] {processor.py:183} INFO - Processing /home/airflow/.local/lib/python3.12/site-packages/airflow/example_dags/example_branch_datetime_operator.py took 0.095 seconds
[2026-05-07T23:14:18.163+0000] {processor.py:161} INFO - Started process (PID=7028) to work on /home/airflow/.local/lib/python3.12/site-packages/airflow/example_dags/example_branch_datetime_operator.py
[2026-05-07T23:14:18.171+0000] {processor.py:830} INFO - Processing file /home/airflow/.local/lib/python3.12/site-packages/airflow/example_dags/example_branch_datetime_operator.py for tasks to queue
[2026-05-07T23:14:18.178+0000] {logging_mixin.py:188} INFO - [2026-05-07T23:14:18.177+0000] {dagbag.py:545} INFO - Filling up the DagBag from /home/airflow/.local/lib/python3.12/site-packages/airflow/example_dags/example_branch_datetime_operator.py
[2026-05-07T23:14:18.201+0000] {processor.py:840} INFO - DAG(s) 'example_branch_datetime_operator_3', 'example_branch_datetime_operator_2', 'example_branch_datetime_operator' retrieved from /home/airflow/.local/lib/python3.12/site-packages/airflow/example_dags/example_branch_datetime_operator.py
[2026-05-07T23:14:18.266+0000] {logging_mixin.py:188} INFO - [2026-05-07T23:14:18.265+0000] {dag.py:3096} INFO - Sync 3 DAGs
[2026-05-07T23:14:18.312+0000] {logging_mixin.py:188} INFO - [2026-05-07T23:14:18.312+0000] {dag.py:3954} INFO - Setting next_dagrun for example_branch_datetime_operator to 2026-05-06 00:00:00+00:00, run_after=2026-05-07 00:00:00+00:00
[2026-05-07T23:14:18.320+0000] {logging_mixin.py:188} INFO - [2026-05-07T23:14:18.320+0000] {dag.py:3954} INFO - Setting next_dagrun for example_branch_datetime_operator_2 to 2026-05-06 00:00:00+00:00, run_after=2026-05-07 00:00:00+00:00
[2026-05-07T23:14:18.324+0000] {logging_mixin.py:188} INFO - [2026-05-07T23:14:18.324+0000] {dag.py:3954} INFO - Setting next_dagrun for example_branch_datetime_operator_3 to 2026-05-06 00:00:00+00:00, run_after=2026-05-07 00:00:00+00:00
[2026-05-07T23:14:18.353+0000] {processor.py:183} INFO - Processing /home/airflow/.local/lib/python3.12/site-packages/airflow/example_dags/example_branch_datetime_operator.py took 0.205 seconds
[2026-05-07T23:14:48.584+0000] {processor.py:161} INFO - Started process (PID=7086) to work on /home/airflow/.local/lib/python3.12/site-packages/airflow/example_dags/example_branch_datetime_operator.py
[2026-05-07T23:14:48.590+0000] {processor.py:830} INFO - Processing file /home/airflow/.local/lib/python3.12/site-packages/airflow/example_dags/example_branch_datetime_operator.py for tasks to queue
[2026-05-07T23:14:48.592+0000] {logging_mixin.py:188} INFO - [2026-05-07T23:14:48.592+0000] {dagbag.py:545} INFO - Filling up the DagBag from /home/airflow/.local/lib/python3.12/site-packages/airflow/example_dags/example_branch_datetime_operator.py
[2026-05-07T23:14:48.603+0000] {processor.py:840} INFO - DAG(s) 'example_branch_datetime_operator_2', 'example_branch_datetime_operator_3', 'example_branch_datetime_operator' retrieved from /home/airflow/.local/lib/python3.12/site-packages/airflow/example_dags/example_branch_datetime_operator.py
[2026-05-07T23:14:48.642+0000] {logging_mixin.py:188} INFO - [2026-05-07T23:14:48.642+0000] {dag.py:3096} INFO - Sync 3 DAGs
[2026-05-07T23:14:48.674+0000] {logging_mixin.py:188} INFO - [2026-05-07T23:14:48.674+0000] {dag.py:3954} INFO - Setting next_dagrun for example_branch_datetime_operator to 2026-05-06 00:00:00+00:00, run_after=2026-05-07 00:00:00+00:00
[2026-05-07T23:14:48.679+0000] {logging_mixin.py:188} INFO - [2026-05-07T23:14:48.679+0000] {dag.py:3954} INFO - Setting next_dagrun for example_branch_datetime_operator_2 to 2026-05-06 00:00:00+00:00, run_after=2026-05-07 00:00:00+00:00
[2026-05-07T23:14:48.682+0000] {logging_mixin.py:188} INFO - [2026-05-07T23:14:48.681+0000] {dag.py:3954} INFO - Setting next_dagrun for example_branch_datetime_operator_3 to 2026-05-06 00:00:00+00:00, run_after=2026-05-07 00:00:00+00:00
[2026-05-07T23:14:48.710+0000] {processor.py:183} INFO - Processing /home/airflow/.local/lib/python3.12/site-packages/airflow/example_dags/example_branch_datetime_operator.py took 0.131 seconds
[2026-05-07T23:15:18.943+0000] {processor.py:161} INFO - Started process (PID=7144) to work on /home/airflow/.local/lib/python3.12/site-packages/airflow/example_dags/example_branch_datetime_operator.py
[2026-05-07T23:15:18.945+0000] {processor.py:830} INFO - Processing file /home/airflow/.local/lib/python3.12/site-packages/airflow/example_dags/example_branch_datetime_operator.py for tasks to queue
[2026-05-07T23:15:18.946+0000] {logging_mixin.py:188} INFO - [2026-05-07T23:15:18.946+0000] {dagbag.py:545} INFO - Filling up the DagBag from /home/airflow/.local/lib/python3.12/site-packages/airflow/example_dags/example_branch_datetime_operator.py
[2026-05-07T23:15:18.956+0000] {processor.py:840} INFO - DAG(s) 'example_branch_datetime_operator_2', 'example_branch_datetime_operator_3', 'example_branch_datetime_operator' retrieved from /home/airflow/.local/lib/python3.12/site-packages/airflow/example_dags/example_branch_datetime_operator.py
[2026-05-07T23:15:18.983+0000] {logging_mixin.py:188} INFO - [2026-05-07T23:15:18.982+0000] {dag.py:3096} INFO - Sync 3 DAGs
[2026-05-07T23:15:19.005+0000] {logging_mixin.py:188} INFO - [2026-05-07T23:15:19.004+0000] {dag.py:3954} INFO - Setting next_dagrun for example_branch_datetime_operator to 2026-05-06 00:00:00+00:00, run_after=2026-05-07 00:00:00+00:00
[2026-05-07T23:15:19.010+0000] {logging_mixin.py:188} INFO - [2026-05-07T23:15:19.010+0000] {dag.py:3954} INFO - Setting next_dagrun for example_branch_datetime_operator_2 to 2026-05-06 00:00:00+00:00, run_after=2026-05-07 00:00:00+00:00
[2026-05-07T23:15:19.013+0000] {logging_mixin.py:188} INFO - [2026-05-07T23:15:19.012+0000] {dag.py:3954} INFO - Setting next_dagrun for example_branch_datetime_operator_3 to 2026-05-06 00:00:00+00:00, run_after=2026-05-07 00:00:00+00:00
[2026-05-07T23:15:19.031+0000] {processor.py:183} INFO - Processing /home/airflow/.local/lib/python3.12/site-packages/airflow/example_dags/example_branch_datetime_operator.py took 0.094 seconds
[2026-05-07T23:15:49.156+0000] {processor.py:161} INFO - Started process (PID=7202) to work on /home/airflow/.local/lib/python3.12/site-packages/airflow/example_dags/example_branch_datetime_operator.py
[2026-05-07T23:15:49.158+0000] {processor.py:830} INFO - Processing file /home/airflow/.local/lib/python3.12/site-packages/airflow/example_dags/example_branch_datetime_operator.py for tasks to queue
[2026-05-07T23:15:49.160+0000] {logging_mixin.py:188} INFO - [2026-05-07T23:15:49.159+0000] {dagbag.py:545} INFO - Filling up the DagBag from /home/airflow/.local/lib/python3.12/site-packages/airflow/example_dags/example_branch_datetime_operator.py
[2026-05-07T23:15:49.168+0000] {processor.py:840} INFO - DAG(s) 'example_branch_datetime_operator_2', 'example_branch_datetime_operator', 'example_branch_datetime_operator_3' retrieved from /home/airflow/.local/lib/python3.12/site-packages/airflow/example_dags/example_branch_datetime_operator.py
[2026-05-07T23:15:49.196+0000] {logging_mixin.py:188} INFO - [2026-05-07T23:15:49.196+0000] {dag.py:3096} INFO - Sync 3 DAGs
[2026-05-07T23:15:49.217+0000] {logging_mixin.py:188} INFO - [2026-05-07T23:15:49.216+0000] {dag.py:3954} INFO - Setting next_dagrun for example_branch_datetime_operator to 2026-05-06 00:00:00+00:00, run_after=2026-05-07 00:00:00+00:00
[2026-05-07T23:15:49.221+0000] {logging_mixin.py:188} INFO - [2026-05-07T23:15:49.221+0000] {dag.py:3954} INFO - Setting next_dagrun for example_branch_datetime_operator_2 to 2026-05-06 00:00:00+00:00, run_after=2026-05-07 00:00:00+00:00
[2026-05-07T23:15:49.224+0000] {logging_mixin.py:188} INFO - [2026-05-07T23:15:49.224+0000] {dag.py:3954} INFO - Setting next_dagrun for example_branch_datetime_operator_3 to 2026-05-06 00:00:00+00:00, run_after=2026-05-07 00:00:00+00:00
[2026-05-07T23:15:49.246+0000] {processor.py:183} INFO - Processing /home/airflow/.local/lib/python3.12/site-packages/airflow/example_dags/example_branch_datetime_operator.py took 0.095 seconds
[2026-05-07T23:16:19.847+0000] {processor.py:161} INFO - Started process (PID=7258) to work on /home/airflow/.local/lib/python3.12/site-packages/airflow/example_dags/example_branch_datetime_operator.py
[2026-05-07T23:16:19.849+0000] {processor.py:830} INFO - Processing file /home/airflow/.local/lib/python3.12/site-packages/airflow/example_dags/example_branch_datetime_operator.py for tasks to queue
[2026-05-07T23:16:19.851+0000] {logging_mixin.py:188} INFO - [2026-05-07T23:16:19.851+0000] {dagbag.py:545} INFO - Filling up the DagBag from /home/airflow/.local/lib/python3.12/site-packages/airflow/example_dags/example_branch_datetime_operator.py
[2026-05-07T23:16:19.860+0000] {processor.py:840} INFO - DAG(s) 'example_branch_datetime_operator_2', 'example_branch_datetime_operator', 'example_branch_datetime_operator_3' retrieved from /home/airflow/.local/lib/python3.12/site-packages/airflow/example_dags/example_branch_datetime_operator.py
[2026-05-07T23:16:19.890+0000] {logging_mixin.py:188} INFO - [2026-05-07T23:16:19.890+0000] {dag.py:3096} INFO - Sync 3 DAGs
[2026-05-07T23:16:19.912+0000] {logging_mixin.py:188} INFO - [2026-05-07T23:16:19.912+0000] {dag.py:3954} INFO - Setting next_dagrun for example_branch_datetime_operator to 2026-05-06 00:00:00+00:00, run_after=2026-05-07 00:00:00+00:00
[2026-05-07T23:16:19.916+0000] {logging_mixin.py:188} INFO - [2026-05-07T23:16:19.916+0000] {dag.py:3954} INFO - Setting next_dagrun for example_branch_datetime_operator_2 to 2026-05-06 00:00:00+00:00, run_after=2026-05-07 00:00:00+00:00
[2026-05-07T23:16:19.919+0000] {logging_mixin.py:188} INFO - [2026-05-07T23:16:19.919+0000] {dag.py:3954} INFO - Setting next_dagrun for example_branch_datetime_operator_3 to 2026-05-06 00:00:00+00:00, run_after=2026-05-07 00:00:00+00:00
[2026-05-07T23:16:20.068+0000] {processor.py:183} INFO - Processing /home/airflow/.local/lib/python3.12/site-packages/airflow/example_dags/example_branch_datetime_operator.py took 0.227 seconds
[2026-05-07T23:16:50.302+0000] {processor.py:161} INFO - Started process (PID=7316) to work on /home/airflow/.local/lib/python3.12/site-packages/airflow/example_dags/example_branch_datetime_operator.py
[2026-05-07T23:16:50.303+0000] {processor.py:830} INFO - Processing file /home/airflow/.local/lib/python3.12/site-packages/airflow/example_dags/example_branch_datetime_operator.py for tasks to queue
[2026-05-07T23:16:50.305+0000] {logging_mixin.py:188} INFO - [2026-05-07T23:16:50.305+0000] {dagbag.py:545} INFO - Filling up the DagBag from /home/airflow/.local/lib/python3.12/site-packages/airflow/example_dags/example_branch_datetime_operator.py
[2026-05-07T23:16:50.314+0000] {processor.py:840} INFO - DAG(s) 'example_branch_datetime_operator_3', 'example_branch_datetime_operator_2', 'example_branch_datetime_operator' retrieved from /home/airflow/.local/lib/python3.12/site-packages/airflow/example_dags/example_branch_datetime_operator.py
[2026-05-07T23:16:50.341+0000] {logging_mixin.py:188} INFO - [2026-05-07T23:16:50.341+0000] {dag.py:3096} INFO - Sync 3 DAGs
[2026-05-07T23:16:50.363+0000] {logging_mixin.py:188} INFO - [2026-05-07T23:16:50.363+0000] {dag.py:3954} INFO - Setting next_dagrun for example_branch_datetime_operator to 2026-05-06 00:00:00+00:00, run_after=2026-05-07 00:00:00+00:00
[2026-05-07T23:16:50.367+0000] {logging_mixin.py:188} INFO - [2026-05-07T23:16:50.367+0000] {dag.py:3954} INFO - Setting next_dagrun for example_branch_datetime_operator_2 to 2026-05-06 00:00:00+00:00, run_after=2026-05-07 00:00:00+00:00
[2026-05-07T23:16:50.371+0000] {logging_mixin.py:188} INFO - [2026-05-07T23:16:50.371+0000] {dag.py:3954} INFO - Setting next_dagrun for example_branch_datetime_operator_3 to 2026-05-06 00:00:00+00:00, run_after=2026-05-07 00:00:00+00:00
[2026-05-07T23:16:50.393+0000] {processor.py:183} INFO - Processing /home/airflow/.local/lib/python3.12/site-packages/airflow/example_dags/example_branch_datetime_operator.py took 0.097 seconds
[2026-05-07T23:17:20.891+0000] {processor.py:161} INFO - Started process (PID=7374) to work on /home/airflow/.local/lib/python3.12/site-packages/airflow/example_dags/example_branch_datetime_operator.py
[2026-05-07T23:17:20.892+0000] {processor.py:830} INFO - Processing file /home/airflow/.local/lib/python3.12/site-packages/airflow/example_dags/example_branch_datetime_operator.py for tasks to queue
[2026-05-07T23:17:20.894+0000] {logging_mixin.py:188} INFO - [2026-05-07T23:17:20.894+0000] {dagbag.py:545} INFO - Filling up the DagBag from /home/airflow/.local/lib/python3.12/site-packages/airflow/example_dags/example_branch_datetime_operator.py
[2026-05-07T23:17:20.903+0000] {processor.py:840} INFO - DAG(s) 'example_branch_datetime_operator_2', 'example_branch_datetime_operator_3', 'example_branch_datetime_operator' retrieved from /home/airflow/.local/lib/python3.12/site-packages/airflow/example_dags/example_branch_datetime_operator.py
[2026-05-07T23:17:20.929+0000] {logging_mixin.py:188} INFO - [2026-05-07T23:17:20.929+0000] {dag.py:3096} INFO - Sync 3 DAGs
[2026-05-07T23:17:20.952+0000] {logging_mixin.py:188} INFO - [2026-05-07T23:17:20.952+0000] {dag.py:3954} INFO - Setting next_dagrun for example_branch_datetime_operator to 2026-05-06 00:00:00+00:00, run_after=2026-05-07 00:00:00+00:00
[2026-05-07T23:17:20.956+0000] {logging_mixin.py:188} INFO - [2026-05-07T23:17:20.956+0000] {dag.py:3954} INFO - Setting next_dagrun for example_branch_datetime_operator_2 to 2026-05-06 00:00:00+00:00, run_after=2026-05-07 00:00:00+00:00
[2026-05-07T23:17:20.959+0000] {logging_mixin.py:188} INFO - [2026-05-07T23:17:20.959+0000] {dag.py:3954} INFO - Setting next_dagrun for example_branch_datetime_operator_3 to 2026-05-06 00:00:00+00:00, run_after=2026-05-07 00:00:00+00:00
[2026-05-07T23:17:20.978+0000] {processor.py:183} INFO - Processing /home/airflow/.local/lib/python3.12/site-packages/airflow/example_dags/example_branch_datetime_operator.py took 0.095 seconds
[2026-05-07T23:17:51.533+0000] {processor.py:161} INFO - Started process (PID=7432) to work on /home/airflow/.local/lib/python3.12/site-packages/airflow/example_dags/example_branch_datetime_operator.py
[2026-05-07T23:17:51.535+0000] {processor.py:830} INFO - Processing file /home/airflow/.local/lib/python3.12/site-packages/airflow/example_dags/example_branch_datetime_operator.py for tasks to queue
[2026-05-07T23:17:51.537+0000] {logging_mixin.py:188} INFO - [2026-05-07T23:17:51.537+0000] {dagbag.py:545} INFO - Filling up the DagBag from /home/airflow/.local/lib/python3.12/site-packages/airflow/example_dags/example_branch_datetime_operator.py
[2026-05-07T23:17:51.547+0000] {processor.py:840} INFO - DAG(s) 'example_branch_datetime_operator_2', 'example_branch_datetime_operator', 'example_branch_datetime_operator_3' retrieved from /home/airflow/.local/lib/python3.12/site-packages/airflow/example_dags/example_branch_datetime_operator.py
[2026-05-07T23:17:51.575+0000] {logging_mixin.py:188} INFO - [2026-05-07T23:17:51.574+0000] {dag.py:3096} INFO - Sync 3 DAGs
[2026-05-07T23:17:51.735+0000] {logging_mixin.py:188} INFO - [2026-05-07T23:17:51.735+0000] {dag.py:3954} INFO - Setting next_dagrun for example_branch_datetime_operator to 2026-05-06 00:00:00+00:00, run_after=2026-05-07 00:00:00+00:00
[2026-05-07T23:17:51.740+0000] {logging_mixin.py:188} INFO - [2026-05-07T23:17:51.740+0000] {dag.py:3954} INFO - Setting next_dagrun for example_branch_datetime_operator_2 to 2026-05-06 00:00:00+00:00, run_after=2026-05-07 00:00:00+00:00
[2026-05-07T23:17:51.743+0000] {logging_mixin.py:188} INFO - [2026-05-07T23:17:51.743+0000] {dag.py:3954} INFO - Setting next_dagrun for example_branch_datetime_operator_3 to 2026-05-06 00:00:00+00:00, run_after=2026-05-07 00:00:00+00:00
[2026-05-07T23:17:51.759+0000] {processor.py:183} INFO - Processing /home/airflow/.local/lib/python3.12/site-packages/airflow/example_dags/example_branch_datetime_operator.py took 0.232 seconds
[2026-05-07T23:18:21.902+0000] {processor.py:161} INFO - Started process (PID=7491) to work on /home/airflow/.local/lib/python3.12/site-packages/airflow/example_dags/example_branch_datetime_operator.py
[2026-05-07T23:18:21.904+0000] {processor.py:830} INFO - Processing file /home/airflow/.local/lib/python3.12/site-packages/airflow/example_dags/example_branch_datetime_operator.py for tasks to queue
[2026-05-07T23:18:21.906+0000] {logging_mixin.py:188} INFO - [2026-05-07T23:18:21.906+0000] {dagbag.py:545} INFO - Filling up the DagBag from /home/airflow/.local/lib/python3.12/site-packages/airflow/example_dags/example_branch_datetime_operator.py
[2026-05-07T23:18:21.915+0000] {processor.py:840} INFO - DAG(s) 'example_branch_datetime_operator_3', 'example_branch_datetime_operator_2', 'example_branch_datetime_operator' retrieved from /home/airflow/.local/lib/python3.12/site-packages/airflow/example_dags/example_branch_datetime_operator.py
[2026-05-07T23:18:21.939+0000] {logging_mixin.py:188} INFO - [2026-05-07T23:18:21.939+0000] {dag.py:3096} INFO - Sync 3 DAGs
[2026-05-07T23:18:21.960+0000] {logging_mixin.py:188} INFO - [2026-05-07T23:18:21.960+0000] {dag.py:3954} INFO - Setting next_dagrun for example_branch_datetime_operator to 2026-05-06 00:00:00+00:00, run_after=2026-05-07 00:00:00+00:00
[2026-05-07T23:18:21.965+0000] {logging_mixin.py:188} INFO - [2026-05-07T23:18:21.965+0000] {dag.py:3954} INFO - Setting next_dagrun for example_branch_datetime_operator_2 to 2026-05-06 00:00:00+00:00, run_after=2026-05-07 00:00:00+00:00
[2026-05-07T23:18:21.967+0000] {logging_mixin.py:188} INFO - [2026-05-07T23:18:21.967+0000] {dag.py:3954} INFO - Setting next_dagrun for example_branch_datetime_operator_3 to 2026-05-06 00:00:00+00:00, run_after=2026-05-07 00:00:00+00:00
[2026-05-07T23:18:21.985+0000] {processor.py:183} INFO - Processing /home/airflow/.local/lib/python3.12/site-packages/airflow/example_dags/example_branch_datetime_operator.py took 0.089 seconds
[2026-05-07T23:18:52.321+0000] {processor.py:161} INFO - Started process (PID=7548) to work on /home/airflow/.local/lib/python3.12/site-packages/airflow/example_dags/example_branch_datetime_operator.py
[2026-05-07T23:18:52.322+0000] {processor.py:830} INFO - Processing file /home/airflow/.local/lib/python3.12/site-packages/airflow/example_dags/example_branch_datetime_operator.py for tasks to queue
[2026-05-07T23:18:52.324+0000] {logging_mixin.py:188} INFO - [2026-05-07T23:18:52.324+0000] {dagbag.py:545} INFO - Filling up the DagBag from /home/airflow/.local/lib/python3.12/site-packages/airflow/example_dags/example_branch_datetime_operator.py
[2026-05-07T23:18:52.334+0000] {processor.py:840} INFO - DAG(s) 'example_branch_datetime_operator_3', 'example_branch_datetime_operator_2', 'example_branch_datetime_operator' retrieved from /home/airflow/.local/lib/python3.12/site-packages/airflow/example_dags/example_branch_datetime_operator.py
[2026-05-07T23:18:52.361+0000] {logging_mixin.py:188} INFO - [2026-05-07T23:18:52.361+0000] {dag.py:3096} INFO - Sync 3 DAGs
[2026-05-07T23:18:52.383+0000] {logging_mixin.py:188} INFO - [2026-05-07T23:18:52.382+0000] {dag.py:3954} INFO - Setting next_dagrun for example_branch_datetime_operator to 2026-05-06 00:00:00+00:00, run_after=2026-05-07 00:00:00+00:00
[2026-05-07T23:18:52.388+0000] {logging_mixin.py:188} INFO - [2026-05-07T23:18:52.388+0000] {dag.py:3954} INFO - Setting next_dagrun for example_branch_datetime_operator_2 to 2026-05-06 00:00:00+00:00, run_after=2026-05-07 00:00:00+00:00
[2026-05-07T23:18:52.390+0000] {logging_mixin.py:188} INFO - [2026-05-07T23:18:52.390+0000] {dag.py:3954} INFO - Setting next_dagrun for example_branch_datetime_operator_3 to 2026-05-06 00:00:00+00:00, run_after=2026-05-07 00:00:00+00:00
[2026-05-07T23:18:52.409+0000] {processor.py:183} INFO - Processing /home/airflow/.local/lib/python3.12/site-packages/airflow/example_dags/example_branch_datetime_operator.py took 0.094 seconds
[2026-05-07T23:19:22.751+0000] {processor.py:161} INFO - Started process (PID=7606) to work on /home/airflow/.local/lib/python3.12/site-packages/airflow/example_dags/example_branch_datetime_operator.py
[2026-05-07T23:19:22.752+0000] {processor.py:830} INFO - Processing file /home/airflow/.local/lib/python3.12/site-packages/airflow/example_dags/example_branch_datetime_operator.py for tasks to queue
[2026-05-07T23:19:22.754+0000] {logging_mixin.py:188} INFO - [2026-05-07T23:19:22.754+0000] {dagbag.py:545} INFO - Filling up the DagBag from /home/airflow/.local/lib/python3.12/site-packages/airflow/example_dags/example_branch_datetime_operator.py
[2026-05-07T23:19:22.763+0000] {processor.py:840} INFO - DAG(s) 'example_branch_datetime_operator', 'example_branch_datetime_operator_2', 'example_branch_datetime_operator_3' retrieved from /home/airflow/.local/lib/python3.12/site-packages/airflow/example_dags/example_branch_datetime_operator.py
[2026-05-07T23:19:22.791+0000] {logging_mixin.py:188} INFO - [2026-05-07T23:19:22.790+0000] {dag.py:3096} INFO - Sync 3 DAGs
[2026-05-07T23:19:22.812+0000] {logging_mixin.py:188} INFO - [2026-05-07T23:19:22.812+0000] {dag.py:3954} INFO - Setting next_dagrun for example_branch_datetime_operator to 2026-05-06 00:00:00+00:00, run_after=2026-05-07 00:00:00+00:00
[2026-05-07T23:19:22.817+0000] {logging_mixin.py:188} INFO - [2026-05-07T23:19:22.817+0000] {dag.py:3954} INFO - Setting next_dagrun for example_branch_datetime_operator_2 to 2026-05-06 00:00:00+00:00, run_after=2026-05-07 00:00:00+00:00
[2026-05-07T23:19:22.820+0000] {logging_mixin.py:188} INFO - [2026-05-07T23:19:22.820+0000] {dag.py:3954} INFO - Setting next_dagrun for example_branch_datetime_operator_3 to 2026-05-06 00:00:00+00:00, run_after=2026-05-07 00:00:00+00:00
[2026-05-07T23:19:22.839+0000] {processor.py:183} INFO - Processing /home/airflow/.local/lib/python3.12/site-packages/airflow/example_dags/example_branch_datetime_operator.py took 0.094 seconds
[2026-05-07T23:19:53.697+0000] {processor.py:161} INFO - Started process (PID=7664) to work on /home/airflow/.local/lib/python3.12/site-packages/airflow/example_dags/example_branch_datetime_operator.py
[2026-05-07T23:19:53.698+0000] {processor.py:830} INFO - Processing file /home/airflow/.local/lib/python3.12/site-packages/airflow/example_dags/example_branch_datetime_operator.py for tasks to queue
[2026-05-07T23:19:53.702+0000] {logging_mixin.py:188} INFO - [2026-05-07T23:19:53.701+0000] {dagbag.py:545} INFO - Filling up the DagBag from /home/airflow/.local/lib/python3.12/site-packages/airflow/example_dags/example_branch_datetime_operator.py
[2026-05-07T23:19:53.717+0000] {processor.py:840} INFO - DAG(s) 'example_branch_datetime_operator_2', 'example_branch_datetime_operator_3', 'example_branch_datetime_operator' retrieved from /home/airflow/.local/lib/python3.12/site-packages/airflow/example_dags/example_branch_datetime_operator.py
[2026-05-07T23:19:53.758+0000] {logging_mixin.py:188} INFO - [2026-05-07T23:19:53.757+0000] {dag.py:3096} INFO - Sync 3 DAGs
[2026-05-07T23:19:53.789+0000] {logging_mixin.py:188} INFO - [2026-05-07T23:19:53.788+0000] {dag.py:3954} INFO - Setting next_dagrun for example_branch_datetime_operator to 2026-05-06 00:00:00+00:00, run_after=2026-05-07 00:00:00+00:00
[2026-05-07T23:19:53.794+0000] {logging_mixin.py:188} INFO - [2026-05-07T23:19:53.794+0000] {dag.py:3954} INFO - Setting next_dagrun for example_branch_datetime_operator_2 to 2026-05-06 00:00:00+00:00, run_after=2026-05-07 00:00:00+00:00
[2026-05-07T23:19:53.798+0000] {logging_mixin.py:188} INFO - [2026-05-07T23:19:53.797+0000] {dag.py:3954} INFO - Setting next_dagrun for example_branch_datetime_operator_3 to 2026-05-06 00:00:00+00:00, run_after=2026-05-07 00:00:00+00:00
[2026-05-07T23:19:53.822+0000] {processor.py:183} INFO - Processing /home/airflow/.local/lib/python3.12/site-packages/airflow/example_dags/example_branch_datetime_operator.py took 0.133 seconds
[2026-05-07T23:20:23.911+0000] {processor.py:161} INFO - Started process (PID=7722) to work on /home/airflow/.local/lib/python3.12/site-packages/airflow/example_dags/example_branch_datetime_operator.py
[2026-05-07T23:20:23.912+0000] {processor.py:830} INFO - Processing file /home/airflow/.local/lib/python3.12/site-packages/airflow/example_dags/example_branch_datetime_operator.py for tasks to queue
[2026-05-07T23:20:23.914+0000] {logging_mixin.py:188} INFO - [2026-05-07T23:20:23.914+0000] {dagbag.py:545} INFO - Filling up the DagBag from /home/airflow/.local/lib/python3.12/site-packages/airflow/example_dags/example_branch_datetime_operator.py
[2026-05-07T23:20:23.923+0000] {processor.py:840} INFO - DAG(s) 'example_branch_datetime_operator_2', 'example_branch_datetime_operator_3', 'example_branch_datetime_operator' retrieved from /home/airflow/.local/lib/python3.12/site-packages/airflow/example_dags/example_branch_datetime_operator.py
[2026-05-07T23:20:23.950+0000] {logging_mixin.py:188} INFO - [2026-05-07T23:20:23.950+0000] {dag.py:3096} INFO - Sync 3 DAGs
[2026-05-07T23:20:23.970+0000] {logging_mixin.py:188} INFO - [2026-05-07T23:20:23.970+0000] {dag.py:3954} INFO - Setting next_dagrun for example_branch_datetime_operator to 2026-05-06 00:00:00+00:00, run_after=2026-05-07 00:00:00+00:00
[2026-05-07T23:20:23.975+0000] {logging_mixin.py:188} INFO - [2026-05-07T23:20:23.975+0000] {dag.py:3954} INFO - Setting next_dagrun for example_branch_datetime_operator_2 to 2026-05-06 00:00:00+00:00, run_after=2026-05-07 00:00:00+00:00
[2026-05-07T23:20:23.978+0000] {logging_mixin.py:188} INFO - [2026-05-07T23:20:23.978+0000] {dag.py:3954} INFO - Setting next_dagrun for example_branch_datetime_operator_3 to 2026-05-06 00:00:00+00:00, run_after=2026-05-07 00:00:00+00:00
[2026-05-07T23:20:23.996+0000] {processor.py:183} INFO - Processing /home/airflow/.local/lib/python3.12/site-packages/airflow/example_dags/example_branch_datetime_operator.py took 0.091 seconds
[2026-05-07T23:20:54.183+0000] {processor.py:161} INFO - Started process (PID=7780) to work on /home/airflow/.local/lib/python3.12/site-packages/airflow/example_dags/example_branch_datetime_operator.py
[2026-05-07T23:20:54.185+0000] {processor.py:830} INFO - Processing file /home/airflow/.local/lib/python3.12/site-packages/airflow/example_dags/example_branch_datetime_operator.py for tasks to queue
[2026-05-07T23:20:54.187+0000] {logging_mixin.py:188} INFO - [2026-05-07T23:20:54.186+0000] {dagbag.py:545} INFO - Filling up the DagBag from /home/airflow/.local/lib/python3.12/site-packages/airflow/example_dags/example_branch_datetime_operator.py
[2026-05-07T23:20:54.195+0000] {processor.py:840} INFO - DAG(s) 'example_branch_datetime_operator_3', 'example_branch_datetime_operator_2', 'example_branch_datetime_operator' retrieved from /home/airflow/.local/lib/python3.12/site-packages/airflow/example_dags/example_branch_datetime_operator.py
[2026-05-07T23:20:54.222+0000] {logging_mixin.py:188} INFO - [2026-05-07T23:20:54.222+0000] {dag.py:3096} INFO - Sync 3 DAGs
[2026-05-07T23:20:54.243+0000] {logging_mixin.py:188} INFO - [2026-05-07T23:20:54.243+0000] {dag.py:3954} INFO - Setting next_dagrun for example_branch_datetime_operator to 2026-05-06 00:00:00+00:00, run_after=2026-05-07 00:00:00+00:00
[2026-05-07T23:20:54.247+0000] {logging_mixin.py:188} INFO - [2026-05-07T23:20:54.247+0000] {dag.py:3954} INFO - Setting next_dagrun for example_branch_datetime_operator_2 to 2026-05-06 00:00:00+00:00, run_after=2026-05-07 00:00:00+00:00
[2026-05-07T23:20:54.250+0000] {logging_mixin.py:188} INFO - [2026-05-07T23:20:54.250+0000] {dag.py:3954} INFO - Setting next_dagrun for example_branch_datetime_operator_3 to 2026-05-06 00:00:00+00:00, run_after=2026-05-07 00:00:00+00:00
[2026-05-07T23:20:54.269+0000] {processor.py:183} INFO - Processing /home/airflow/.local/lib/python3.12/site-packages/airflow/example_dags/example_branch_datetime_operator.py took 0.091 seconds
[2026-05-07T23:21:24.351+0000] {processor.py:161} INFO - Started process (PID=7838) to work on /home/airflow/.local/lib/python3.12/site-packages/airflow/example_dags/example_branch_datetime_operator.py
[2026-05-07T23:21:24.352+0000] {processor.py:830} INFO - Processing file /home/airflow/.local/lib/python3.12/site-packages/airflow/example_dags/example_branch_datetime_operator.py for tasks to queue
[2026-05-07T23:21:24.354+0000] {logging_mixin.py:188} INFO - [2026-05-07T23:21:24.354+0000] {dagbag.py:545} INFO - Filling up the DagBag from /home/airflow/.local/lib/python3.12/site-packages/airflow/example_dags/example_branch_datetime_operator.py
[2026-05-07T23:21:24.363+0000] {processor.py:840} INFO - DAG(s) 'example_branch_datetime_operator_3', 'example_branch_datetime_operator', 'example_branch_datetime_operator_2' retrieved from /home/airflow/.local/lib/python3.12/site-packages/airflow/example_dags/example_branch_datetime_operator.py
[2026-05-07T23:21:24.391+0000] {logging_mixin.py:188} INFO - [2026-05-07T23:21:24.391+0000] {dag.py:3096} INFO - Sync 3 DAGs
[2026-05-07T23:21:24.411+0000] {logging_mixin.py:188} INFO - [2026-05-07T23:21:24.411+0000] {dag.py:3954} INFO - Setting next_dagrun for example_branch_datetime_operator to 2026-05-06 00:00:00+00:00, run_after=2026-05-07 00:00:00+00:00
[2026-05-07T23:21:24.417+0000] {logging_mixin.py:188} INFO - [2026-05-07T23:21:24.416+0000] {dag.py:3954} INFO - Setting next_dagrun for example_branch_datetime_operator_2 to 2026-05-06 00:00:00+00:00, run_after=2026-05-07 00:00:00+00:00
[2026-05-07T23:21:24.419+0000] {logging_mixin.py:188} INFO - [2026-05-07T23:21:24.419+0000] {dag.py:3954} INFO - Setting next_dagrun for example_branch_datetime_operator_3 to 2026-05-06 00:00:00+00:00, run_after=2026-05-07 00:00:00+00:00
[2026-05-07T23:21:24.437+0000] {processor.py:183} INFO - Processing /home/airflow/.local/lib/python3.12/site-packages/airflow/example_dags/example_branch_datetime_operator.py took 0.092 seconds
[2026-05-07T23:21:54.951+0000] {processor.py:161} INFO - Started process (PID=7896) to work on /home/airflow/.local/lib/python3.12/site-packages/airflow/example_dags/example_branch_datetime_operator.py
[2026-05-07T23:21:54.952+0000] {processor.py:830} INFO - Processing file /home/airflow/.local/lib/python3.12/site-packages/airflow/example_dags/example_branch_datetime_operator.py for tasks to queue
[2026-05-07T23:21:54.954+0000] {logging_mixin.py:188} INFO - [2026-05-07T23:21:54.954+0000] {dagbag.py:545} INFO - Filling up the DagBag from /home/airflow/.local/lib/python3.12/site-packages/airflow/example_dags/example_branch_datetime_operator.py
[2026-05-07T23:21:54.963+0000] {processor.py:840} INFO - DAG(s) 'example_branch_datetime_operator_3', 'example_branch_datetime_operator_2', 'example_branch_datetime_operator' retrieved from /home/airflow/.local/lib/python3.12/site-packages/airflow/example_dags/example_branch_datetime_operator.py
[2026-05-07T23:21:54.990+0000] {logging_mixin.py:188} INFO - [2026-05-07T23:21:54.990+0000] {dag.py:3096} INFO - Sync 3 DAGs
[2026-05-07T23:21:55.013+0000] {logging_mixin.py:188} INFO - [2026-05-07T23:21:55.012+0000] {dag.py:3954} INFO - Setting next_dagrun for example_branch_datetime_operator to 2026-05-06 00:00:00+00:00, run_after=2026-05-07 00:00:00+00:00
[2026-05-07T23:21:55.018+0000] {logging_mixin.py:188} INFO - [2026-05-07T23:21:55.018+0000] {dag.py:3954} INFO - Setting next_dagrun for example_branch_datetime_operator_2 to 2026-05-06 00:00:00+00:00, run_after=2026-05-07 00:00:00+00:00
[2026-05-07T23:21:55.022+0000] {logging_mixin.py:188} INFO - [2026-05-07T23:21:55.021+0000] {dag.py:3954} INFO - Setting next_dagrun for example_branch_datetime_operator_3 to 2026-05-06 00:00:00+00:00, run_after=2026-05-07 00:00:00+00:00
[2026-05-07T23:21:55.045+0000] {processor.py:183} INFO - Processing /home/airflow/.local/lib/python3.12/site-packages/airflow/example_dags/example_branch_datetime_operator.py took 0.100 seconds
[2026-05-07T23:22:25.398+0000] {processor.py:161} INFO - Started process (PID=7953) to work on /home/airflow/.local/lib/python3.12/site-packages/airflow/example_dags/example_branch_datetime_operator.py
[2026-05-07T23:22:25.399+0000] {processor.py:830} INFO - Processing file /home/airflow/.local/lib/python3.12/site-packages/airflow/example_dags/example_branch_datetime_operator.py for tasks to queue
[2026-05-07T23:22:25.401+0000] {logging_mixin.py:188} INFO - [2026-05-07T23:22:25.400+0000] {dagbag.py:545} INFO - Filling up the DagBag from /home/airflow/.local/lib/python3.12/site-packages/airflow/example_dags/example_branch_datetime_operator.py
[2026-05-07T23:22:25.410+0000] {processor.py:840} INFO - DAG(s) 'example_branch_datetime_operator_3', 'example_branch_datetime_operator_2', 'example_branch_datetime_operator' retrieved from /home/airflow/.local/lib/python3.12/site-packages/airflow/example_dags/example_branch_datetime_operator.py
[2026-05-07T23:22:25.440+0000] {logging_mixin.py:188} INFO - [2026-05-07T23:22:25.440+0000] {dag.py:3096} INFO - Sync 3 DAGs
[2026-05-07T23:22:25.460+0000] {logging_mixin.py:188} INFO - [2026-05-07T23:22:25.459+0000] {dag.py:3954} INFO - Setting next_dagrun for example_branch_datetime_operator to 2026-05-06 00:00:00+00:00, run_after=2026-05-07 00:00:00+00:00
[2026-05-07T23:22:25.466+0000] {logging_mixin.py:188} INFO - [2026-05-07T23:22:25.466+0000] {dag.py:3954} INFO - Setting next_dagrun for example_branch_datetime_operator_2 to 2026-05-06 00:00:00+00:00, run_after=2026-05-07 00:00:00+00:00
[2026-05-07T23:22:25.468+0000] {logging_mixin.py:188} INFO - [2026-05-07T23:22:25.468+0000] {dag.py:3954} INFO - Setting next_dagrun for example_branch_datetime_operator_3 to 2026-05-06 00:00:00+00:00, run_after=2026-05-07 00:00:00+00:00
[2026-05-07T23:22:25.485+0000] {processor.py:183} INFO - Processing /home/airflow/.local/lib/python3.12/site-packages/airflow/example_dags/example_branch_datetime_operator.py took 0.092 seconds
[2026-05-07T23:22:55.693+0000] {processor.py:161} INFO - Started process (PID=8011) to work on /home/airflow/.local/lib/python3.12/site-packages/airflow/example_dags/example_branch_datetime_operator.py
[2026-05-07T23:22:55.694+0000] {processor.py:830} INFO - Processing file /home/airflow/.local/lib/python3.12/site-packages/airflow/example_dags/example_branch_datetime_operator.py for tasks to queue
[2026-05-07T23:22:55.696+0000] {logging_mixin.py:188} INFO - [2026-05-07T23:22:55.696+0000] {dagbag.py:545} INFO - Filling up the DagBag from /home/airflow/.local/lib/python3.12/site-packages/airflow/example_dags/example_branch_datetime_operator.py
[2026-05-07T23:22:55.705+0000] {processor.py:840} INFO - DAG(s) 'example_branch_datetime_operator_3', 'example_branch_datetime_operator_2', 'example_branch_datetime_operator' retrieved from /home/airflow/.local/lib/python3.12/site-packages/airflow/example_dags/example_branch_datetime_operator.py
[2026-05-07T23:22:55.732+0000] {logging_mixin.py:188} INFO - [2026-05-07T23:22:55.732+0000] {dag.py:3096} INFO - Sync 3 DAGs
[2026-05-07T23:22:55.752+0000] {logging_mixin.py:188} INFO - [2026-05-07T23:22:55.752+0000] {dag.py:3954} INFO - Setting next_dagrun for example_branch_datetime_operator to 2026-05-06 00:00:00+00:00, run_after=2026-05-07 00:00:00+00:00
[2026-05-07T23:22:55.757+0000] {logging_mixin.py:188} INFO - [2026-05-07T23:22:55.757+0000] {dag.py:3954} INFO - Setting next_dagrun for example_branch_datetime_operator_2 to 2026-05-06 00:00:00+00:00, run_after=2026-05-07 00:00:00+00:00
[2026-05-07T23:22:55.760+0000] {logging_mixin.py:188} INFO - [2026-05-07T23:22:55.760+0000] {dag.py:3954} INFO - Setting next_dagrun for example_branch_datetime_operator_3 to 2026-05-06 00:00:00+00:00, run_after=2026-05-07 00:00:00+00:00
[2026-05-07T23:22:55.779+0000] {processor.py:183} INFO - Processing /home/airflow/.local/lib/python3.12/site-packages/airflow/example_dags/example_branch_datetime_operator.py took 0.092 seconds
[2026-05-07T23:23:25.835+0000] {processor.py:161} INFO - Started process (PID=8068) to work on /home/airflow/.local/lib/python3.12/site-packages/airflow/example_dags/example_branch_datetime_operator.py
[2026-05-07T23:23:25.836+0000] {processor.py:830} INFO - Processing file /home/airflow/.local/lib/python3.12/site-packages/airflow/example_dags/example_branch_datetime_operator.py for tasks to queue
[2026-05-07T23:23:25.839+0000] {logging_mixin.py:188} INFO - [2026-05-07T23:23:25.838+0000] {dagbag.py:545} INFO - Filling up the DagBag from /home/airflow/.local/lib/python3.12/site-packages/airflow/example_dags/example_branch_datetime_operator.py
[2026-05-07T23:23:25.848+0000] {processor.py:840} INFO - DAG(s) 'example_branch_datetime_operator_2', 'example_branch_datetime_operator_3', 'example_branch_datetime_operator' retrieved from /home/airflow/.local/lib/python3.12/site-packages/airflow/example_dags/example_branch_datetime_operator.py
[2026-05-07T23:23:25.875+0000] {logging_mixin.py:188} INFO - [2026-05-07T23:23:25.875+0000] {dag.py:3096} INFO - Sync 3 DAGs
[2026-05-07T23:23:25.897+0000] {logging_mixin.py:188} INFO - [2026-05-07T23:23:25.896+0000] {dag.py:3954} INFO - Setting next_dagrun for example_branch_datetime_operator to 2026-05-06 00:00:00+00:00, run_after=2026-05-07 00:00:00+00:00
[2026-05-07T23:23:25.902+0000] {logging_mixin.py:188} INFO - [2026-05-07T23:23:25.902+0000] {dag.py:3954} INFO - Setting next_dagrun for example_branch_datetime_operator_2 to 2026-05-06 00:00:00+00:00, run_after=2026-05-07 00:00:00+00:00
[2026-05-07T23:23:25.905+0000] {logging_mixin.py:188} INFO - [2026-05-07T23:23:25.905+0000] {dag.py:3954} INFO - Setting next_dagrun for example_branch_datetime_operator_3 to 2026-05-06 00:00:00+00:00, run_after=2026-05-07 00:00:00+00:00
[2026-05-07T23:23:25.925+0000] {processor.py:183} INFO - Processing /home/airflow/.local/lib/python3.12/site-packages/airflow/example_dags/example_branch_datetime_operator.py took 0.096 seconds
[2026-05-07T23:23:55.982+0000] {processor.py:161} INFO - Started process (PID=8126) to work on /home/airflow/.local/lib/python3.12/site-packages/airflow/example_dags/example_branch_datetime_operator.py
[2026-05-07T23:23:55.983+0000] {processor.py:830} INFO - Processing file /home/airflow/.local/lib/python3.12/site-packages/airflow/example_dags/example_branch_datetime_operator.py for tasks to queue
[2026-05-07T23:23:55.986+0000] {logging_mixin.py:188} INFO - [2026-05-07T23:23:55.986+0000] {dagbag.py:545} INFO - Filling up the DagBag from /home/airflow/.local/lib/python3.12/site-packages/airflow/example_dags/example_branch_datetime_operator.py
[2026-05-07T23:23:55.995+0000] {processor.py:840} INFO - DAG(s) 'example_branch_datetime_operator_3', 'example_branch_datetime_operator_2', 'example_branch_datetime_operator' retrieved from /home/airflow/.local/lib/python3.12/site-packages/airflow/example_dags/example_branch_datetime_operator.py
[2026-05-07T23:23:56.022+0000] {logging_mixin.py:188} INFO - [2026-05-07T23:23:56.021+0000] {dag.py:3096} INFO - Sync 3 DAGs
[2026-05-07T23:23:56.043+0000] {logging_mixin.py:188} INFO - [2026-05-07T23:23:56.043+0000] {dag.py:3954} INFO - Setting next_dagrun for example_branch_datetime_operator to 2026-05-06 00:00:00+00:00, run_after=2026-05-07 00:00:00+00:00
[2026-05-07T23:23:56.048+0000] {logging_mixin.py:188} INFO - [2026-05-07T23:23:56.048+0000] {dag.py:3954} INFO - Setting next_dagrun for example_branch_datetime_operator_2 to 2026-05-06 00:00:00+00:00, run_after=2026-05-07 00:00:00+00:00
[2026-05-07T23:23:56.051+0000] {logging_mixin.py:188} INFO - [2026-05-07T23:23:56.051+0000] {dag.py:3954} INFO - Setting next_dagrun for example_branch_datetime_operator_3 to 2026-05-06 00:00:00+00:00, run_after=2026-05-07 00:00:00+00:00
[2026-05-07T23:23:56.071+0000] {processor.py:183} INFO - Processing /home/airflow/.local/lib/python3.12/site-packages/airflow/example_dags/example_branch_datetime_operator.py took 0.095 seconds
[2026-05-07T23:24:26.153+0000] {processor.py:161} INFO - Started process (PID=8184) to work on /home/airflow/.local/lib/python3.12/site-packages/airflow/example_dags/example_branch_datetime_operator.py
[2026-05-07T23:24:26.154+0000] {processor.py:830} INFO - Processing file /home/airflow/.local/lib/python3.12/site-packages/airflow/example_dags/example_branch_datetime_operator.py for tasks to queue
[2026-05-07T23:24:26.157+0000] {logging_mixin.py:188} INFO - [2026-05-07T23:24:26.156+0000] {dagbag.py:545} INFO - Filling up the DagBag from /home/airflow/.local/lib/python3.12/site-packages/airflow/example_dags/example_branch_datetime_operator.py
[2026-05-07T23:24:26.165+0000] {processor.py:840} INFO - DAG(s) 'example_branch_datetime_operator_2', 'example_branch_datetime_operator_3', 'example_branch_datetime_operator' retrieved from /home/airflow/.local/lib/python3.12/site-packages/airflow/example_dags/example_branch_datetime_operator.py
[2026-05-07T23:24:26.194+0000] {logging_mixin.py:188} INFO - [2026-05-07T23:24:26.194+0000] {dag.py:3096} INFO - Sync 3 DAGs
[2026-05-07T23:24:26.216+0000] {logging_mixin.py:188} INFO - [2026-05-07T23:24:26.216+0000] {dag.py:3954} INFO - Setting next_dagrun for example_branch_datetime_operator to 2026-05-06 00:00:00+00:00, run_after=2026-05-07 00:00:00+00:00
[2026-05-07T23:24:26.221+0000] {logging_mixin.py:188} INFO - [2026-05-07T23:24:26.221+0000] {dag.py:3954} INFO - Setting next_dagrun for example_branch_datetime_operator_2 to 2026-05-06 00:00:00+00:00, run_after=2026-05-07 00:00:00+00:00
[2026-05-07T23:24:26.224+0000] {logging_mixin.py:188} INFO - [2026-05-07T23:24:26.224+0000] {dag.py:3954} INFO - Setting next_dagrun for example_branch_datetime_operator_3 to 2026-05-06 00:00:00+00:00, run_after=2026-05-07 00:00:00+00:00
[2026-05-07T23:24:26.242+0000] {processor.py:183} INFO - Processing /home/airflow/.local/lib/python3.12/site-packages/airflow/example_dags/example_branch_datetime_operator.py took 0.094 seconds
[2026-05-07T23:24:56.638+0000] {processor.py:161} INFO - Started process (PID=8242) to work on /home/airflow/.local/lib/python3.12/site-packages/airflow/example_dags/example_branch_datetime_operator.py
[2026-05-07T23:24:56.641+0000] {processor.py:830} INFO - Processing file /home/airflow/.local/lib/python3.12/site-packages/airflow/example_dags/example_branch_datetime_operator.py for tasks to queue
[2026-05-07T23:24:56.644+0000] {logging_mixin.py:188} INFO - [2026-05-07T23:24:56.644+0000] {dagbag.py:545} INFO - Filling up the DagBag from /home/airflow/.local/lib/python3.12/site-packages/airflow/example_dags/example_branch_datetime_operator.py
[2026-05-07T23:24:56.658+0000] {processor.py:840} INFO - DAG(s) 'example_branch_datetime_operator_2', 'example_branch_datetime_operator_3', 'example_branch_datetime_operator' retrieved from /home/airflow/.local/lib/python3.12/site-packages/airflow/example_dags/example_branch_datetime_operator.py
[2026-05-07T23:24:56.698+0000] {logging_mixin.py:188} INFO - [2026-05-07T23:24:56.697+0000] {dag.py:3096} INFO - Sync 3 DAGs
[2026-05-07T23:24:56.730+0000] {logging_mixin.py:188} INFO - [2026-05-07T23:24:56.730+0000] {dag.py:3954} INFO - Setting next_dagrun for example_branch_datetime_operator to 2026-05-06 00:00:00+00:00, run_after=2026-05-07 00:00:00+00:00
[2026-05-07T23:24:56.738+0000] {logging_mixin.py:188} INFO - [2026-05-07T23:24:56.737+0000] {dag.py:3954} INFO - Setting next_dagrun for example_branch_datetime_operator_2 to 2026-05-06 00:00:00+00:00, run_after=2026-05-07 00:00:00+00:00
[2026-05-07T23:24:56.742+0000] {logging_mixin.py:188} INFO - [2026-05-07T23:24:56.742+0000] {dag.py:3954} INFO - Setting next_dagrun for example_branch_datetime_operator_3 to 2026-05-06 00:00:00+00:00, run_after=2026-05-07 00:00:00+00:00
[2026-05-07T23:24:56.775+0000] {processor.py:183} INFO - Processing /home/airflow/.local/lib/python3.12/site-packages/airflow/example_dags/example_branch_datetime_operator.py took 0.147 seconds
[2026-05-07T23:25:26.817+0000] {processor.py:161} INFO - Started process (PID=8300) to work on /home/airflow/.local/lib/python3.12/site-packages/airflow/example_dags/example_branch_datetime_operator.py
[2026-05-07T23:25:26.819+0000] {processor.py:830} INFO - Processing file /home/airflow/.local/lib/python3.12/site-packages/airflow/example_dags/example_branch_datetime_operator.py for tasks to queue
[2026-05-07T23:25:26.823+0000] {logging_mixin.py:188} INFO - [2026-05-07T23:25:26.822+0000] {dagbag.py:545} INFO - Filling up the DagBag from /home/airflow/.local/lib/python3.12/site-packages/airflow/example_dags/example_branch_datetime_operator.py
[2026-05-07T23:25:26.840+0000] {processor.py:840} INFO - DAG(s) 'example_branch_datetime_operator_2', 'example_branch_datetime_operator', 'example_branch_datetime_operator_3' retrieved from /home/airflow/.local/lib/python3.12/site-packages/airflow/example_dags/example_branch_datetime_operator.py
[2026-05-07T23:25:26.878+0000] {logging_mixin.py:188} INFO - [2026-05-07T23:25:26.878+0000] {dag.py:3096} INFO - Sync 3 DAGs
[2026-05-07T23:25:26.911+0000] {logging_mixin.py:188} INFO - [2026-05-07T23:25:26.911+0000] {dag.py:3954} INFO - Setting next_dagrun for example_branch_datetime_operator to 2026-05-06 00:00:00+00:00, run_after=2026-05-07 00:00:00+00:00
[2026-05-07T23:25:26.916+0000] {logging_mixin.py:188} INFO - [2026-05-07T23:25:26.916+0000] {dag.py:3954} INFO - Setting next_dagrun for example_branch_datetime_operator_2 to 2026-05-06 00:00:00+00:00, run_after=2026-05-07 00:00:00+00:00
[2026-05-07T23:25:26.919+0000] {logging_mixin.py:188} INFO - [2026-05-07T23:25:26.919+0000] {dag.py:3954} INFO - Setting next_dagrun for example_branch_datetime_operator_3 to 2026-05-06 00:00:00+00:00, run_after=2026-05-07 00:00:00+00:00
[2026-05-07T23:25:26.947+0000] {processor.py:183} INFO - Processing /home/airflow/.local/lib/python3.12/site-packages/airflow/example_dags/example_branch_datetime_operator.py took 0.136 seconds
[2026-05-07T23:25:57.044+0000] {processor.py:161} INFO - Started process (PID=8358) to work on /home/airflow/.local/lib/python3.12/site-packages/airflow/example_dags/example_branch_datetime_operator.py
[2026-05-07T23:25:57.047+0000] {processor.py:830} INFO - Processing file /home/airflow/.local/lib/python3.12/site-packages/airflow/example_dags/example_branch_datetime_operator.py for tasks to queue
[2026-05-07T23:25:57.050+0000] {logging_mixin.py:188} INFO - [2026-05-07T23:25:57.049+0000] {dagbag.py:545} INFO - Filling up the DagBag from /home/airflow/.local/lib/python3.12/site-packages/airflow/example_dags/example_branch_datetime_operator.py
[2026-05-07T23:25:57.059+0000] {processor.py:840} INFO - DAG(s) 'example_branch_datetime_operator', 'example_branch_datetime_operator_3', 'example_branch_datetime_operator_2' retrieved from /home/airflow/.local/lib/python3.12/site-packages/airflow/example_dags/example_branch_datetime_operator.py
[2026-05-07T23:25:57.086+0000] {logging_mixin.py:188} INFO - [2026-05-07T23:25:57.086+0000] {dag.py:3096} INFO - Sync 3 DAGs
[2026-05-07T23:25:57.109+0000] {logging_mixin.py:188} INFO - [2026-05-07T23:25:57.109+0000] {dag.py:3954} INFO - Setting next_dagrun for example_branch_datetime_operator to 2026-05-06 00:00:00+00:00, run_after=2026-05-07 00:00:00+00:00
[2026-05-07T23:25:57.114+0000] {logging_mixin.py:188} INFO - [2026-05-07T23:25:57.114+0000] {dag.py:3954} INFO - Setting next_dagrun for example_branch_datetime_operator_2 to 2026-05-06 00:00:00+00:00, run_after=2026-05-07 00:00:00+00:00
[2026-05-07T23:25:57.116+0000] {logging_mixin.py:188} INFO - [2026-05-07T23:25:57.116+0000] {dag.py:3954} INFO - Setting next_dagrun for example_branch_datetime_operator_3 to 2026-05-06 00:00:00+00:00, run_after=2026-05-07 00:00:00+00:00
[2026-05-07T23:25:57.133+0000] {processor.py:183} INFO - Processing /home/airflow/.local/lib/python3.12/site-packages/airflow/example_dags/example_branch_datetime_operator.py took 0.095 seconds
[2026-05-07T23:26:27.359+0000] {processor.py:161} INFO - Started process (PID=8416) to work on /home/airflow/.local/lib/python3.12/site-packages/airflow/example_dags/example_branch_datetime_operator.py
[2026-05-07T23:26:27.361+0000] {processor.py:830} INFO - Processing file /home/airflow/.local/lib/python3.12/site-packages/airflow/example_dags/example_branch_datetime_operator.py for tasks to queue
[2026-05-07T23:26:27.363+0000] {logging_mixin.py:188} INFO - [2026-05-07T23:26:27.363+0000] {dagbag.py:545} INFO - Filling up the DagBag from /home/airflow/.local/lib/python3.12/site-packages/airflow/example_dags/example_branch_datetime_operator.py
[2026-05-07T23:26:27.371+0000] {processor.py:840} INFO - DAG(s) 'example_branch_datetime_operator_3', 'example_branch_datetime_operator_2', 'example_branch_datetime_operator' retrieved from /home/airflow/.local/lib/python3.12/site-packages/airflow/example_dags/example_branch_datetime_operator.py
[2026-05-07T23:26:27.399+0000] {logging_mixin.py:188} INFO - [2026-05-07T23:26:27.398+0000] {dag.py:3096} INFO - Sync 3 DAGs
[2026-05-07T23:26:27.420+0000] {logging_mixin.py:188} INFO - [2026-05-07T23:26:27.420+0000] {dag.py:3954} INFO - Setting next_dagrun for example_branch_datetime_operator to 2026-05-06 00:00:00+00:00, run_after=2026-05-07 00:00:00+00:00
[2026-05-07T23:26:27.424+0000] {logging_mixin.py:188} INFO - [2026-05-07T23:26:27.424+0000] {dag.py:3954} INFO - Setting next_dagrun for example_branch_datetime_operator_2 to 2026-05-06 00:00:00+00:00, run_after=2026-05-07 00:00:00+00:00
[2026-05-07T23:26:27.427+0000] {logging_mixin.py:188} INFO - [2026-05-07T23:26:27.427+0000] {dag.py:3954} INFO - Setting next_dagrun for example_branch_datetime_operator_3 to 2026-05-06 00:00:00+00:00, run_after=2026-05-07 00:00:00+00:00
[2026-05-07T23:26:27.446+0000] {processor.py:183} INFO - Processing /home/airflow/.local/lib/python3.12/site-packages/airflow/example_dags/example_branch_datetime_operator.py took 0.092 seconds
[2026-05-07T23:26:57.745+0000] {processor.py:161} INFO - Started process (PID=8474) to work on /home/airflow/.local/lib/python3.12/site-packages/airflow/example_dags/example_branch_datetime_operator.py
[2026-05-07T23:26:57.747+0000] {processor.py:830} INFO - Processing file /home/airflow/.local/lib/python3.12/site-packages/airflow/example_dags/example_branch_datetime_operator.py for tasks to queue
[2026-05-07T23:26:57.749+0000] {logging_mixin.py:188} INFO - [2026-05-07T23:26:57.749+0000] {dagbag.py:545} INFO - Filling up the DagBag from /home/airflow/.local/lib/python3.12/site-packages/airflow/example_dags/example_branch_datetime_operator.py
[2026-05-07T23:26:57.758+0000] {processor.py:840} INFO - DAG(s) 'example_branch_datetime_operator', 'example_branch_datetime_operator_2', 'example_branch_datetime_operator_3' retrieved from /home/airflow/.local/lib/python3.12/site-packages/airflow/example_dags/example_branch_datetime_operator.py
[2026-05-07T23:26:57.785+0000] {logging_mixin.py:188} INFO - [2026-05-07T23:26:57.785+0000] {dag.py:3096} INFO - Sync 3 DAGs
[2026-05-07T23:26:57.806+0000] {logging_mixin.py:188} INFO - [2026-05-07T23:26:57.806+0000] {dag.py:3954} INFO - Setting next_dagrun for example_branch_datetime_operator to 2026-05-06 00:00:00+00:00, run_after=2026-05-07 00:00:00+00:00
[2026-05-07T23:26:57.811+0000] {logging_mixin.py:188} INFO - [2026-05-07T23:26:57.811+0000] {dag.py:3954} INFO - Setting next_dagrun for example_branch_datetime_operator_2 to 2026-05-06 00:00:00+00:00, run_after=2026-05-07 00:00:00+00:00
[2026-05-07T23:26:57.814+0000] {logging_mixin.py:188} INFO - [2026-05-07T23:26:57.814+0000] {dag.py:3954} INFO - Setting next_dagrun for example_branch_datetime_operator_3 to 2026-05-06 00:00:00+00:00, run_after=2026-05-07 00:00:00+00:00
[2026-05-07T23:26:57.833+0000] {processor.py:183} INFO - Processing /home/airflow/.local/lib/python3.12/site-packages/airflow/example_dags/example_branch_datetime_operator.py took 0.093 seconds
[2026-05-07T23:27:28.287+0000] {processor.py:161} INFO - Started process (PID=8533) to work on /home/airflow/.local/lib/python3.12/site-packages/airflow/example_dags/example_branch_datetime_operator.py
[2026-05-07T23:27:28.289+0000] {processor.py:830} INFO - Processing file /home/airflow/.local/lib/python3.12/site-packages/airflow/example_dags/example_branch_datetime_operator.py for tasks to queue
[2026-05-07T23:27:28.291+0000] {logging_mixin.py:188} INFO - [2026-05-07T23:27:28.291+0000] {dagbag.py:545} INFO - Filling up the DagBag from /home/airflow/.local/lib/python3.12/site-packages/airflow/example_dags/example_branch_datetime_operator.py
[2026-05-07T23:27:28.302+0000] {processor.py:840} INFO - DAG(s) 'example_branch_datetime_operator_2', 'example_branch_datetime_operator', 'example_branch_datetime_operator_3' retrieved from /home/airflow/.local/lib/python3.12/site-packages/airflow/example_dags/example_branch_datetime_operator.py
[2026-05-07T23:27:28.332+0000] {logging_mixin.py:188} INFO - [2026-05-07T23:27:28.332+0000] {dag.py:3096} INFO - Sync 3 DAGs
[2026-05-07T23:27:28.354+0000] {logging_mixin.py:188} INFO - [2026-05-07T23:27:28.354+0000] {dag.py:3954} INFO - Setting next_dagrun for example_branch_datetime_operator to 2026-05-06 00:00:00+00:00, run_after=2026-05-07 00:00:00+00:00
[2026-05-07T23:27:28.360+0000] {logging_mixin.py:188} INFO - [2026-05-07T23:27:28.359+0000] {dag.py:3954} INFO - Setting next_dagrun for example_branch_datetime_operator_2 to 2026-05-06 00:00:00+00:00, run_after=2026-05-07 00:00:00+00:00
[2026-05-07T23:27:28.363+0000] {logging_mixin.py:188} INFO - [2026-05-07T23:27:28.363+0000] {dag.py:3954} INFO - Setting next_dagrun for example_branch_datetime_operator_3 to 2026-05-06 00:00:00+00:00, run_after=2026-05-07 00:00:00+00:00
[2026-05-07T23:27:28.386+0000] {processor.py:183} INFO - Processing /home/airflow/.local/lib/python3.12/site-packages/airflow/example_dags/example_branch_datetime_operator.py took 0.104 seconds
[2026-05-07T23:27:58.571+0000] {processor.py:161} INFO - Started process (PID=8590) to work on /home/airflow/.local/lib/python3.12/site-packages/airflow/example_dags/example_branch_datetime_operator.py
[2026-05-07T23:27:58.572+0000] {processor.py:830} INFO - Processing file /home/airflow/.local/lib/python3.12/site-packages/airflow/example_dags/example_branch_datetime_operator.py for tasks to queue
[2026-05-07T23:27:58.574+0000] {logging_mixin.py:188} INFO - [2026-05-07T23:27:58.573+0000] {dagbag.py:545} INFO - Filling up the DagBag from /home/airflow/.local/lib/python3.12/site-packages/airflow/example_dags/example_branch_datetime_operator.py
[2026-05-07T23:27:58.583+0000] {processor.py:840} INFO - DAG(s) 'example_branch_datetime_operator_3', 'example_branch_datetime_operator', 'example_branch_datetime_operator_2' retrieved from /home/airflow/.local/lib/python3.12/site-packages/airflow/example_dags/example_branch_datetime_operator.py
[2026-05-07T23:27:58.610+0000] {logging_mixin.py:188} INFO - [2026-05-07T23:27:58.609+0000] {dag.py:3096} INFO - Sync 3 DAGs
[2026-05-07T23:27:58.632+0000] {logging_mixin.py:188} INFO - [2026-05-07T23:27:58.631+0000] {dag.py:3954} INFO - Setting next_dagrun for example_branch_datetime_operator to 2026-05-06 00:00:00+00:00, run_after=2026-05-07 00:00:00+00:00
[2026-05-07T23:27:58.636+0000] {logging_mixin.py:188} INFO - [2026-05-07T23:27:58.636+0000] {dag.py:3954} INFO - Setting next_dagrun for example_branch_datetime_operator_2 to 2026-05-06 00:00:00+00:00, run_after=2026-05-07 00:00:00+00:00
[2026-05-07T23:27:58.639+0000] {logging_mixin.py:188} INFO - [2026-05-07T23:27:58.639+0000] {dag.py:3954} INFO - Setting next_dagrun for example_branch_datetime_operator_3 to 2026-05-06 00:00:00+00:00, run_after=2026-05-07 00:00:00+00:00
[2026-05-07T23:27:58.659+0000] {processor.py:183} INFO - Processing /home/airflow/.local/lib/python3.12/site-packages/airflow/example_dags/example_branch_datetime_operator.py took 0.093 seconds
[2026-05-07T23:28:28.878+0000] {processor.py:161} INFO - Started process (PID=8648) to work on /home/airflow/.local/lib/python3.12/site-packages/airflow/example_dags/example_branch_datetime_operator.py
[2026-05-07T23:28:28.879+0000] {processor.py:830} INFO - Processing file /home/airflow/.local/lib/python3.12/site-packages/airflow/example_dags/example_branch_datetime_operator.py for tasks to queue
[2026-05-07T23:28:28.882+0000] {logging_mixin.py:188} INFO - [2026-05-07T23:28:28.881+0000] {dagbag.py:545} INFO - Filling up the DagBag from /home/airflow/.local/lib/python3.12/site-packages/airflow/example_dags/example_branch_datetime_operator.py
[2026-05-07T23:28:28.896+0000] {processor.py:840} INFO - DAG(s) 'example_branch_datetime_operator', 'example_branch_datetime_operator_2', 'example_branch_datetime_operator_3' retrieved from /home/airflow/.local/lib/python3.12/site-packages/airflow/example_dags/example_branch_datetime_operator.py
[2026-05-07T23:28:28.927+0000] {logging_mixin.py:188} INFO - [2026-05-07T23:28:28.927+0000] {dag.py:3096} INFO - Sync 3 DAGs
[2026-05-07T23:28:28.952+0000] {logging_mixin.py:188} INFO - [2026-05-07T23:28:28.952+0000] {dag.py:3954} INFO - Setting next_dagrun for example_branch_datetime_operator to 2026-05-06 00:00:00+00:00, run_after=2026-05-07 00:00:00+00:00
[2026-05-07T23:28:28.957+0000] {logging_mixin.py:188} INFO - [2026-05-07T23:28:28.957+0000] {dag.py:3954} INFO - Setting next_dagrun for example_branch_datetime_operator_2 to 2026-05-06 00:00:00+00:00, run_after=2026-05-07 00:00:00+00:00
[2026-05-07T23:28:28.960+0000] {logging_mixin.py:188} INFO - [2026-05-07T23:28:28.960+0000] {dag.py:3954} INFO - Setting next_dagrun for example_branch_datetime_operator_3 to 2026-05-06 00:00:00+00:00, run_after=2026-05-07 00:00:00+00:00
[2026-05-07T23:28:28.981+0000] {processor.py:183} INFO - Processing /home/airflow/.local/lib/python3.12/site-packages/airflow/example_dags/example_branch_datetime_operator.py took 0.109 seconds
[2026-05-07T23:28:59.230+0000] {processor.py:161} INFO - Started process (PID=8705) to work on /home/airflow/.local/lib/python3.12/site-packages/airflow/example_dags/example_branch_datetime_operator.py
[2026-05-07T23:28:59.231+0000] {processor.py:830} INFO - Processing file /home/airflow/.local/lib/python3.12/site-packages/airflow/example_dags/example_branch_datetime_operator.py for tasks to queue
[2026-05-07T23:28:59.234+0000] {logging_mixin.py:188} INFO - [2026-05-07T23:28:59.233+0000] {dagbag.py:545} INFO - Filling up the DagBag from /home/airflow/.local/lib/python3.12/site-packages/airflow/example_dags/example_branch_datetime_operator.py
[2026-05-07T23:28:59.244+0000] {processor.py:840} INFO - DAG(s) 'example_branch_datetime_operator', 'example_branch_datetime_operator_2', 'example_branch_datetime_operator_3' retrieved from /home/airflow/.local/lib/python3.12/site-packages/airflow/example_dags/example_branch_datetime_operator.py
[2026-05-07T23:28:59.271+0000] {logging_mixin.py:188} INFO - [2026-05-07T23:28:59.270+0000] {dag.py:3096} INFO - Sync 3 DAGs
[2026-05-07T23:28:59.291+0000] {logging_mixin.py:188} INFO - [2026-05-07T23:28:59.291+0000] {dag.py:3954} INFO - Setting next_dagrun for example_branch_datetime_operator to 2026-05-06 00:00:00+00:00, run_after=2026-05-07 00:00:00+00:00
[2026-05-07T23:28:59.297+0000] {logging_mixin.py:188} INFO - [2026-05-07T23:28:59.296+0000] {dag.py:3954} INFO - Setting next_dagrun for example_branch_datetime_operator_2 to 2026-05-06 00:00:00+00:00, run_after=2026-05-07 00:00:00+00:00
[2026-05-07T23:28:59.299+0000] {logging_mixin.py:188} INFO - [2026-05-07T23:28:59.299+0000] {dag.py:3954} INFO - Setting next_dagrun for example_branch_datetime_operator_3 to 2026-05-06 00:00:00+00:00, run_after=2026-05-07 00:00:00+00:00
[2026-05-07T23:28:59.319+0000] {processor.py:183} INFO - Processing /home/airflow/.local/lib/python3.12/site-packages/airflow/example_dags/example_branch_datetime_operator.py took 0.094 seconds
[2026-05-07T23:29:29.645+0000] {processor.py:161} INFO - Started process (PID=8762) to work on /home/airflow/.local/lib/python3.12/site-packages/airflow/example_dags/example_branch_datetime_operator.py
[2026-05-07T23:29:29.647+0000] {processor.py:830} INFO - Processing file /home/airflow/.local/lib/python3.12/site-packages/airflow/example_dags/example_branch_datetime_operator.py for tasks to queue
[2026-05-07T23:29:29.649+0000] {logging_mixin.py:188} INFO - [2026-05-07T23:29:29.648+0000] {dagbag.py:545} INFO - Filling up the DagBag from /home/airflow/.local/lib/python3.12/site-packages/airflow/example_dags/example_branch_datetime_operator.py
[2026-05-07T23:29:29.658+0000] {processor.py:840} INFO - DAG(s) 'example_branch_datetime_operator_2', 'example_branch_datetime_operator', 'example_branch_datetime_operator_3' retrieved from /home/airflow/.local/lib/python3.12/site-packages/airflow/example_dags/example_branch_datetime_operator.py
[2026-05-07T23:29:29.684+0000] {logging_mixin.py:188} INFO - [2026-05-07T23:29:29.684+0000] {dag.py:3096} INFO - Sync 3 DAGs
[2026-05-07T23:29:29.706+0000] {logging_mixin.py:188} INFO - [2026-05-07T23:29:29.706+0000] {dag.py:3954} INFO - Setting next_dagrun for example_branch_datetime_operator to 2026-05-06 00:00:00+00:00, run_after=2026-05-07 00:00:00+00:00
[2026-05-07T23:29:29.711+0000] {logging_mixin.py:188} INFO - [2026-05-07T23:29:29.711+0000] {dag.py:3954} INFO - Setting next_dagrun for example_branch_datetime_operator_2 to 2026-05-06 00:00:00+00:00, run_after=2026-05-07 00:00:00+00:00
[2026-05-07T23:29:29.713+0000] {logging_mixin.py:188} INFO - [2026-05-07T23:29:29.713+0000] {dag.py:3954} INFO - Setting next_dagrun for example_branch_datetime_operator_3 to 2026-05-06 00:00:00+00:00, run_after=2026-05-07 00:00:00+00:00
[2026-05-07T23:29:29.732+0000] {processor.py:183} INFO - Processing /home/airflow/.local/lib/python3.12/site-packages/airflow/example_dags/example_branch_datetime_operator.py took 0.092 seconds
[2026-05-07T23:30:00.387+0000] {processor.py:161} INFO - Started process (PID=8820) to work on /home/airflow/.local/lib/python3.12/site-packages/airflow/example_dags/example_branch_datetime_operator.py
[2026-05-07T23:30:00.388+0000] {processor.py:830} INFO - Processing file /home/airflow/.local/lib/python3.12/site-packages/airflow/example_dags/example_branch_datetime_operator.py for tasks to queue
[2026-05-07T23:30:00.391+0000] {logging_mixin.py:188} INFO - [2026-05-07T23:30:00.390+0000] {dagbag.py:545} INFO - Filling up the DagBag from /home/airflow/.local/lib/python3.12/site-packages/airflow/example_dags/example_branch_datetime_operator.py
[2026-05-07T23:30:00.403+0000] {processor.py:840} INFO - DAG(s) 'example_branch_datetime_operator_3', 'example_branch_datetime_operator', 'example_branch_datetime_operator_2' retrieved from /home/airflow/.local/lib/python3.12/site-packages/airflow/example_dags/example_branch_datetime_operator.py
[2026-05-07T23:30:00.437+0000] {logging_mixin.py:188} INFO - [2026-05-07T23:30:00.437+0000] {dag.py:3096} INFO - Sync 3 DAGs
[2026-05-07T23:30:00.459+0000] {logging_mixin.py:188} INFO - [2026-05-07T23:30:00.459+0000] {dag.py:3954} INFO - Setting next_dagrun for example_branch_datetime_operator to 2026-05-06 00:00:00+00:00, run_after=2026-05-07 00:00:00+00:00
[2026-05-07T23:30:00.464+0000] {logging_mixin.py:188} INFO - [2026-05-07T23:30:00.464+0000] {dag.py:3954} INFO - Setting next_dagrun for example_branch_datetime_operator_2 to 2026-05-06 00:00:00+00:00, run_after=2026-05-07 00:00:00+00:00
[2026-05-07T23:30:00.467+0000] {logging_mixin.py:188} INFO - [2026-05-07T23:30:00.467+0000] {dag.py:3954} INFO - Setting next_dagrun for example_branch_datetime_operator_3 to 2026-05-06 00:00:00+00:00, run_after=2026-05-07 00:00:00+00:00
[2026-05-07T23:30:00.495+0000] {processor.py:183} INFO - Processing /home/airflow/.local/lib/python3.12/site-packages/airflow/example_dags/example_branch_datetime_operator.py took 0.114 seconds
[2026-05-07T23:30:30.583+0000] {processor.py:161} INFO - Started process (PID=8878) to work on /home/airflow/.local/lib/python3.12/site-packages/airflow/example_dags/example_branch_datetime_operator.py
[2026-05-07T23:30:30.584+0000] {processor.py:830} INFO - Processing file /home/airflow/.local/lib/python3.12/site-packages/airflow/example_dags/example_branch_datetime_operator.py for tasks to queue
[2026-05-07T23:30:30.586+0000] {logging_mixin.py:188} INFO - [2026-05-07T23:30:30.586+0000] {dagbag.py:545} INFO - Filling up the DagBag from /home/airflow/.local/lib/python3.12/site-packages/airflow/example_dags/example_branch_datetime_operator.py
[2026-05-07T23:30:30.595+0000] {processor.py:840} INFO - DAG(s) 'example_branch_datetime_operator_3', 'example_branch_datetime_operator', 'example_branch_datetime_operator_2' retrieved from /home/airflow/.local/lib/python3.12/site-packages/airflow/example_dags/example_branch_datetime_operator.py
[2026-05-07T23:30:30.623+0000] {logging_mixin.py:188} INFO - [2026-05-07T23:30:30.622+0000] {dag.py:3096} INFO - Sync 3 DAGs
[2026-05-07T23:30:30.645+0000] {logging_mixin.py:188} INFO - [2026-05-07T23:30:30.645+0000] {dag.py:3954} INFO - Setting next_dagrun for example_branch_datetime_operator to 2026-05-06 00:00:00+00:00, run_after=2026-05-07 00:00:00+00:00
[2026-05-07T23:30:30.650+0000] {logging_mixin.py:188} INFO - [2026-05-07T23:30:30.650+0000] {dag.py:3954} INFO - Setting next_dagrun for example_branch_datetime_operator_2 to 2026-05-06 00:00:00+00:00, run_after=2026-05-07 00:00:00+00:00
[2026-05-07T23:30:30.653+0000] {logging_mixin.py:188} INFO - [2026-05-07T23:30:30.653+0000] {dag.py:3954} INFO - Setting next_dagrun for example_branch_datetime_operator_3 to 2026-05-06 00:00:00+00:00, run_after=2026-05-07 00:00:00+00:00
[2026-05-07T23:30:30.672+0000] {processor.py:183} INFO - Processing /home/airflow/.local/lib/python3.12/site-packages/airflow/example_dags/example_branch_datetime_operator.py took 0.095 seconds
[2026-05-07T23:31:00.759+0000] {processor.py:161} INFO - Started process (PID=8936) to work on /home/airflow/.local/lib/python3.12/site-packages/airflow/example_dags/example_branch_datetime_operator.py
[2026-05-07T23:31:00.764+0000] {processor.py:830} INFO - Processing file /home/airflow/.local/lib/python3.12/site-packages/airflow/example_dags/example_branch_datetime_operator.py for tasks to queue
[2026-05-07T23:31:00.766+0000] {logging_mixin.py:188} INFO - [2026-05-07T23:31:00.765+0000] {dagbag.py:545} INFO - Filling up the DagBag from /home/airflow/.local/lib/python3.12/site-packages/airflow/example_dags/example_branch_datetime_operator.py
[2026-05-07T23:31:00.775+0000] {processor.py:840} INFO - DAG(s) 'example_branch_datetime_operator', 'example_branch_datetime_operator_2', 'example_branch_datetime_operator_3' retrieved from /home/airflow/.local/lib/python3.12/site-packages/airflow/example_dags/example_branch_datetime_operator.py
[2026-05-07T23:31:00.809+0000] {logging_mixin.py:188} INFO - [2026-05-07T23:31:00.809+0000] {dag.py:3096} INFO - Sync 3 DAGs
[2026-05-07T23:31:00.837+0000] {logging_mixin.py:188} INFO - [2026-05-07T23:31:00.836+0000] {dag.py:3954} INFO - Setting next_dagrun for example_branch_datetime_operator to 2026-05-06 00:00:00+00:00, run_after=2026-05-07 00:00:00+00:00
[2026-05-07T23:31:00.842+0000] {logging_mixin.py:188} INFO - [2026-05-07T23:31:00.842+0000] {dag.py:3954} INFO - Setting next_dagrun for example_branch_datetime_operator_2 to 2026-05-06 00:00:00+00:00, run_after=2026-05-07 00:00:00+00:00
[2026-05-07T23:31:00.845+0000] {logging_mixin.py:188} INFO - [2026-05-07T23:31:00.845+0000] {dag.py:3954} INFO - Setting next_dagrun for example_branch_datetime_operator_3 to 2026-05-06 00:00:00+00:00, run_after=2026-05-07 00:00:00+00:00
[2026-05-07T23:31:00.866+0000] {processor.py:183} INFO - Processing /home/airflow/.local/lib/python3.12/site-packages/airflow/example_dags/example_branch_datetime_operator.py took 0.114 seconds
[2026-05-07T23:31:31.000+0000] {processor.py:161} INFO - Started process (PID=8993) to work on /home/airflow/.local/lib/python3.12/site-packages/airflow/example_dags/example_branch_datetime_operator.py
[2026-05-07T23:31:31.001+0000] {processor.py:830} INFO - Processing file /home/airflow/.local/lib/python3.12/site-packages/airflow/example_dags/example_branch_datetime_operator.py for tasks to queue
[2026-05-07T23:31:31.003+0000] {logging_mixin.py:188} INFO - [2026-05-07T23:31:31.003+0000] {dagbag.py:545} INFO - Filling up the DagBag from /home/airflow/.local/lib/python3.12/site-packages/airflow/example_dags/example_branch_datetime_operator.py
[2026-05-07T23:31:31.011+0000] {processor.py:840} INFO - DAG(s) 'example_branch_datetime_operator_2', 'example_branch_datetime_operator_3', 'example_branch_datetime_operator' retrieved from /home/airflow/.local/lib/python3.12/site-packages/airflow/example_dags/example_branch_datetime_operator.py
[2026-05-07T23:31:31.034+0000] {logging_mixin.py:188} INFO - [2026-05-07T23:31:31.034+0000] {dag.py:3096} INFO - Sync 3 DAGs
[2026-05-07T23:31:31.052+0000] {logging_mixin.py:188} INFO - [2026-05-07T23:31:31.052+0000] {dag.py:3954} INFO - Setting next_dagrun for example_branch_datetime_operator to 2026-05-06 00:00:00+00:00, run_after=2026-05-07 00:00:00+00:00
[2026-05-07T23:31:31.056+0000] {logging_mixin.py:188} INFO - [2026-05-07T23:31:31.056+0000] {dag.py:3954} INFO - Setting next_dagrun for example_branch_datetime_operator_2 to 2026-05-06 00:00:00+00:00, run_after=2026-05-07 00:00:00+00:00
[2026-05-07T23:31:31.058+0000] {logging_mixin.py:188} INFO - [2026-05-07T23:31:31.058+0000] {dag.py:3954} INFO - Setting next_dagrun for example_branch_datetime_operator_3 to 2026-05-06 00:00:00+00:00, run_after=2026-05-07 00:00:00+00:00
[2026-05-07T23:31:31.078+0000] {processor.py:183} INFO - Processing /home/airflow/.local/lib/python3.12/site-packages/airflow/example_dags/example_branch_datetime_operator.py took 0.084 seconds
[2026-05-07T23:32:01.415+0000] {processor.py:161} INFO - Started process (PID=9051) to work on /home/airflow/.local/lib/python3.12/site-packages/airflow/example_dags/example_branch_datetime_operator.py
[2026-05-07T23:32:01.417+0000] {processor.py:830} INFO - Processing file /home/airflow/.local/lib/python3.12/site-packages/airflow/example_dags/example_branch_datetime_operator.py for tasks to queue
[2026-05-07T23:32:01.420+0000] {logging_mixin.py:188} INFO - [2026-05-07T23:32:01.419+0000] {dagbag.py:545} INFO - Filling up the DagBag from /home/airflow/.local/lib/python3.12/site-packages/airflow/example_dags/example_branch_datetime_operator.py
[2026-05-07T23:32:01.429+0000] {processor.py:840} INFO - DAG(s) 'example_branch_datetime_operator_3', 'example_branch_datetime_operator', 'example_branch_datetime_operator_2' retrieved from /home/airflow/.local/lib/python3.12/site-packages/airflow/example_dags/example_branch_datetime_operator.py
[2026-05-07T23:32:01.456+0000] {logging_mixin.py:188} INFO - [2026-05-07T23:32:01.456+0000] {dag.py:3096} INFO - Sync 3 DAGs
[2026-05-07T23:32:01.478+0000] {logging_mixin.py:188} INFO - [2026-05-07T23:32:01.478+0000] {dag.py:3954} INFO - Setting next_dagrun for example_branch_datetime_operator to 2026-05-06 00:00:00+00:00, run_after=2026-05-07 00:00:00+00:00
[2026-05-07T23:32:01.486+0000] {logging_mixin.py:188} INFO - [2026-05-07T23:32:01.485+0000] {dag.py:3954} INFO - Setting next_dagrun for example_branch_datetime_operator_2 to 2026-05-06 00:00:00+00:00, run_after=2026-05-07 00:00:00+00:00
[2026-05-07T23:32:01.489+0000] {logging_mixin.py:188} INFO - [2026-05-07T23:32:01.489+0000] {dag.py:3954} INFO - Setting next_dagrun for example_branch_datetime_operator_3 to 2026-05-06 00:00:00+00:00, run_after=2026-05-07 00:00:00+00:00
[2026-05-07T23:32:01.513+0000] {processor.py:183} INFO - Processing /home/airflow/.local/lib/python3.12/site-packages/airflow/example_dags/example_branch_datetime_operator.py took 0.103 seconds
[2026-05-07T23:32:31.713+0000] {processor.py:161} INFO - Started process (PID=9109) to work on /home/airflow/.local/lib/python3.12/site-packages/airflow/example_dags/example_branch_datetime_operator.py
[2026-05-07T23:32:31.715+0000] {processor.py:830} INFO - Processing file /home/airflow/.local/lib/python3.12/site-packages/airflow/example_dags/example_branch_datetime_operator.py for tasks to queue
[2026-05-07T23:32:31.717+0000] {logging_mixin.py:188} INFO - [2026-05-07T23:32:31.717+0000] {dagbag.py:545} INFO - Filling up the DagBag from /home/airflow/.local/lib/python3.12/site-packages/airflow/example_dags/example_branch_datetime_operator.py
[2026-05-07T23:32:31.727+0000] {processor.py:840} INFO - DAG(s) 'example_branch_datetime_operator_3', 'example_branch_datetime_operator_2', 'example_branch_datetime_operator' retrieved from /home/airflow/.local/lib/python3.12/site-packages/airflow/example_dags/example_branch_datetime_operator.py
[2026-05-07T23:32:31.756+0000] {logging_mixin.py:188} INFO - [2026-05-07T23:32:31.756+0000] {dag.py:3096} INFO - Sync 3 DAGs
[2026-05-07T23:32:31.777+0000] {logging_mixin.py:188} INFO - [2026-05-07T23:32:31.777+0000] {dag.py:3954} INFO - Setting next_dagrun for example_branch_datetime_operator to 2026-05-06 00:00:00+00:00, run_after=2026-05-07 00:00:00+00:00
[2026-05-07T23:32:31.782+0000] {logging_mixin.py:188} INFO - [2026-05-07T23:32:31.782+0000] {dag.py:3954} INFO - Setting next_dagrun for example_branch_datetime_operator_2 to 2026-05-06 00:00:00+00:00, run_after=2026-05-07 00:00:00+00:00
[2026-05-07T23:32:31.785+0000] {logging_mixin.py:188} INFO - [2026-05-07T23:32:31.785+0000] {dag.py:3954} INFO - Setting next_dagrun for example_branch_datetime_operator_3 to 2026-05-06 00:00:00+00:00, run_after=2026-05-07 00:00:00+00:00
[2026-05-07T23:32:31.805+0000] {processor.py:183} INFO - Processing /home/airflow/.local/lib/python3.12/site-packages/airflow/example_dags/example_branch_datetime_operator.py took 0.097 seconds
[2026-05-07T23:33:01.978+0000] {processor.py:161} INFO - Started process (PID=9167) to work on /home/airflow/.local/lib/python3.12/site-packages/airflow/example_dags/example_branch_datetime_operator.py
[2026-05-07T23:33:01.980+0000] {processor.py:830} INFO - Processing file /home/airflow/.local/lib/python3.12/site-packages/airflow/example_dags/example_branch_datetime_operator.py for tasks to queue
[2026-05-07T23:33:01.983+0000] {logging_mixin.py:188} INFO - [2026-05-07T23:33:01.982+0000] {dagbag.py:545} INFO - Filling up the DagBag from /home/airflow/.local/lib/python3.12/site-packages/airflow/example_dags/example_branch_datetime_operator.py
[2026-05-07T23:33:01.992+0000] {processor.py:840} INFO - DAG(s) 'example_branch_datetime_operator_3', 'example_branch_datetime_operator_2', 'example_branch_datetime_operator' retrieved from /home/airflow/.local/lib/python3.12/site-packages/airflow/example_dags/example_branch_datetime_operator.py
[2026-05-07T23:33:02.022+0000] {logging_mixin.py:188} INFO - [2026-05-07T23:33:02.022+0000] {dag.py:3096} INFO - Sync 3 DAGs
[2026-05-07T23:33:02.044+0000] {logging_mixin.py:188} INFO - [2026-05-07T23:33:02.044+0000] {dag.py:3954} INFO - Setting next_dagrun for example_branch_datetime_operator to 2026-05-06 00:00:00+00:00, run_after=2026-05-07 00:00:00+00:00
[2026-05-07T23:33:02.049+0000] {logging_mixin.py:188} INFO - [2026-05-07T23:33:02.049+0000] {dag.py:3954} INFO - Setting next_dagrun for example_branch_datetime_operator_2 to 2026-05-06 00:00:00+00:00, run_after=2026-05-07 00:00:00+00:00
[2026-05-07T23:33:02.052+0000] {logging_mixin.py:188} INFO - [2026-05-07T23:33:02.052+0000] {dag.py:3954} INFO - Setting next_dagrun for example_branch_datetime_operator_3 to 2026-05-06 00:00:00+00:00, run_after=2026-05-07 00:00:00+00:00
[2026-05-07T23:33:02.072+0000] {processor.py:183} INFO - Processing /home/airflow/.local/lib/python3.12/site-packages/airflow/example_dags/example_branch_datetime_operator.py took 0.101 seconds
[2026-05-07T23:33:32.412+0000] {processor.py:161} INFO - Started process (PID=9225) to work on /home/airflow/.local/lib/python3.12/site-packages/airflow/example_dags/example_branch_datetime_operator.py
[2026-05-07T23:33:32.414+0000] {processor.py:830} INFO - Processing file /home/airflow/.local/lib/python3.12/site-packages/airflow/example_dags/example_branch_datetime_operator.py for tasks to queue
[2026-05-07T23:33:32.416+0000] {logging_mixin.py:188} INFO - [2026-05-07T23:33:32.415+0000] {dagbag.py:545} INFO - Filling up the DagBag from /home/airflow/.local/lib/python3.12/site-packages/airflow/example_dags/example_branch_datetime_operator.py
[2026-05-07T23:33:32.424+0000] {processor.py:840} INFO - DAG(s) 'example_branch_datetime_operator_2', 'example_branch_datetime_operator', 'example_branch_datetime_operator_3' retrieved from /home/airflow/.local/lib/python3.12/site-packages/airflow/example_dags/example_branch_datetime_operator.py
[2026-05-07T23:33:32.452+0000] {logging_mixin.py:188} INFO - [2026-05-07T23:33:32.451+0000] {dag.py:3096} INFO - Sync 3 DAGs
[2026-05-07T23:33:32.473+0000] {logging_mixin.py:188} INFO - [2026-05-07T23:33:32.473+0000] {dag.py:3954} INFO - Setting next_dagrun for example_branch_datetime_operator to 2026-05-06 00:00:00+00:00, run_after=2026-05-07 00:00:00+00:00
[2026-05-07T23:33:32.478+0000] {logging_mixin.py:188} INFO - [2026-05-07T23:33:32.478+0000] {dag.py:3954} INFO - Setting next_dagrun for example_branch_datetime_operator_2 to 2026-05-06 00:00:00+00:00, run_after=2026-05-07 00:00:00+00:00
[2026-05-07T23:33:32.480+0000] {logging_mixin.py:188} INFO - [2026-05-07T23:33:32.480+0000] {dag.py:3954} INFO - Setting next_dagrun for example_branch_datetime_operator_3 to 2026-05-06 00:00:00+00:00, run_after=2026-05-07 00:00:00+00:00
[2026-05-07T23:33:32.497+0000] {processor.py:183} INFO - Processing /home/airflow/.local/lib/python3.12/site-packages/airflow/example_dags/example_branch_datetime_operator.py took 0.090 seconds
[2026-05-07T23:34:03.254+0000] {processor.py:161} INFO - Started process (PID=9281) to work on /home/airflow/.local/lib/python3.12/site-packages/airflow/example_dags/example_branch_datetime_operator.py
[2026-05-07T23:34:03.256+0000] {processor.py:830} INFO - Processing file /home/airflow/.local/lib/python3.12/site-packages/airflow/example_dags/example_branch_datetime_operator.py for tasks to queue
[2026-05-07T23:34:03.260+0000] {logging_mixin.py:188} INFO - [2026-05-07T23:34:03.260+0000] {dagbag.py:545} INFO - Filling up the DagBag from /home/airflow/.local/lib/python3.12/site-packages/airflow/example_dags/example_branch_datetime_operator.py
[2026-05-07T23:34:03.269+0000] {processor.py:840} INFO - DAG(s) 'example_branch_datetime_operator', 'example_branch_datetime_operator_2', 'example_branch_datetime_operator_3' retrieved from /home/airflow/.local/lib/python3.12/site-packages/airflow/example_dags/example_branch_datetime_operator.py
[2026-05-07T23:34:03.297+0000] {logging_mixin.py:188} INFO - [2026-05-07T23:34:03.297+0000] {dag.py:3096} INFO - Sync 3 DAGs
[2026-05-07T23:34:03.317+0000] {logging_mixin.py:188} INFO - [2026-05-07T23:34:03.317+0000] {dag.py:3954} INFO - Setting next_dagrun for example_branch_datetime_operator to 2026-05-06 00:00:00+00:00, run_after=2026-05-07 00:00:00+00:00
[2026-05-07T23:34:03.322+0000] {logging_mixin.py:188} INFO - [2026-05-07T23:34:03.322+0000] {dag.py:3954} INFO - Setting next_dagrun for example_branch_datetime_operator_2 to 2026-05-06 00:00:00+00:00, run_after=2026-05-07 00:00:00+00:00
[2026-05-07T23:34:03.325+0000] {logging_mixin.py:188} INFO - [2026-05-07T23:34:03.325+0000] {dag.py:3954} INFO - Setting next_dagrun for example_branch_datetime_operator_3 to 2026-05-06 00:00:00+00:00, run_after=2026-05-07 00:00:00+00:00
[2026-05-07T23:34:03.344+0000] {processor.py:183} INFO - Processing /home/airflow/.local/lib/python3.12/site-packages/airflow/example_dags/example_branch_datetime_operator.py took 0.095 seconds
[2026-05-07T23:34:33.767+0000] {processor.py:161} INFO - Started process (PID=9339) to work on /home/airflow/.local/lib/python3.12/site-packages/airflow/example_dags/example_branch_datetime_operator.py
[2026-05-07T23:34:33.768+0000] {processor.py:830} INFO - Processing file /home/airflow/.local/lib/python3.12/site-packages/airflow/example_dags/example_branch_datetime_operator.py for tasks to queue
[2026-05-07T23:34:33.770+0000] {logging_mixin.py:188} INFO - [2026-05-07T23:34:33.770+0000] {dagbag.py:545} INFO - Filling up the DagBag from /home/airflow/.local/lib/python3.12/site-packages/airflow/example_dags/example_branch_datetime_operator.py
[2026-05-07T23:34:33.779+0000] {processor.py:840} INFO - DAG(s) 'example_branch_datetime_operator_2', 'example_branch_datetime_operator', 'example_branch_datetime_operator_3' retrieved from /home/airflow/.local/lib/python3.12/site-packages/airflow/example_dags/example_branch_datetime_operator.py
[2026-05-07T23:34:33.807+0000] {logging_mixin.py:188} INFO - [2026-05-07T23:34:33.806+0000] {dag.py:3096} INFO - Sync 3 DAGs
[2026-05-07T23:34:33.828+0000] {logging_mixin.py:188} INFO - [2026-05-07T23:34:33.828+0000] {dag.py:3954} INFO - Setting next_dagrun for example_branch_datetime_operator to 2026-05-06 00:00:00+00:00, run_after=2026-05-07 00:00:00+00:00
[2026-05-07T23:34:33.833+0000] {logging_mixin.py:188} INFO - [2026-05-07T23:34:33.833+0000] {dag.py:3954} INFO - Setting next_dagrun for example_branch_datetime_operator_2 to 2026-05-06 00:00:00+00:00, run_after=2026-05-07 00:00:00+00:00
[2026-05-07T23:34:33.835+0000] {logging_mixin.py:188} INFO - [2026-05-07T23:34:33.835+0000] {dag.py:3954} INFO - Setting next_dagrun for example_branch_datetime_operator_3 to 2026-05-06 00:00:00+00:00, run_after=2026-05-07 00:00:00+00:00
[2026-05-07T23:34:33.854+0000] {processor.py:183} INFO - Processing /home/airflow/.local/lib/python3.12/site-packages/airflow/example_dags/example_branch_datetime_operator.py took 0.093 seconds
[2026-05-07T23:35:04.780+0000] {processor.py:161} INFO - Started process (PID=9397) to work on /home/airflow/.local/lib/python3.12/site-packages/airflow/example_dags/example_branch_datetime_operator.py
[2026-05-07T23:35:04.781+0000] {processor.py:830} INFO - Processing file /home/airflow/.local/lib/python3.12/site-packages/airflow/example_dags/example_branch_datetime_operator.py for tasks to queue
[2026-05-07T23:35:04.783+0000] {logging_mixin.py:188} INFO - [2026-05-07T23:35:04.783+0000] {dagbag.py:545} INFO - Filling up the DagBag from /home/airflow/.local/lib/python3.12/site-packages/airflow/example_dags/example_branch_datetime_operator.py
[2026-05-07T23:35:04.792+0000] {processor.py:840} INFO - DAG(s) 'example_branch_datetime_operator', 'example_branch_datetime_operator_2', 'example_branch_datetime_operator_3' retrieved from /home/airflow/.local/lib/python3.12/site-packages/airflow/example_dags/example_branch_datetime_operator.py
[2026-05-07T23:35:04.821+0000] {logging_mixin.py:188} INFO - [2026-05-07T23:35:04.821+0000] {dag.py:3096} INFO - Sync 3 DAGs
[2026-05-07T23:35:04.843+0000] {logging_mixin.py:188} INFO - [2026-05-07T23:35:04.843+0000] {dag.py:3954} INFO - Setting next_dagrun for example_branch_datetime_operator to 2026-05-06 00:00:00+00:00, run_after=2026-05-07 00:00:00+00:00
[2026-05-07T23:35:04.848+0000] {logging_mixin.py:188} INFO - [2026-05-07T23:35:04.848+0000] {dag.py:3954} INFO - Setting next_dagrun for example_branch_datetime_operator_2 to 2026-05-06 00:00:00+00:00, run_after=2026-05-07 00:00:00+00:00
[2026-05-07T23:35:04.851+0000] {logging_mixin.py:188} INFO - [2026-05-07T23:35:04.851+0000] {dag.py:3954} INFO - Setting next_dagrun for example_branch_datetime_operator_3 to 2026-05-06 00:00:00+00:00, run_after=2026-05-07 00:00:00+00:00
[2026-05-07T23:35:04.872+0000] {processor.py:183} INFO - Processing /home/airflow/.local/lib/python3.12/site-packages/airflow/example_dags/example_branch_datetime_operator.py took 0.098 seconds
[2026-05-07T23:35:35.007+0000] {processor.py:161} INFO - Started process (PID=9455) to work on /home/airflow/.local/lib/python3.12/site-packages/airflow/example_dags/example_branch_datetime_operator.py
[2026-05-07T23:35:35.008+0000] {processor.py:830} INFO - Processing file /home/airflow/.local/lib/python3.12/site-packages/airflow/example_dags/example_branch_datetime_operator.py for tasks to queue
[2026-05-07T23:35:35.011+0000] {logging_mixin.py:188} INFO - [2026-05-07T23:35:35.010+0000] {dagbag.py:545} INFO - Filling up the DagBag from /home/airflow/.local/lib/python3.12/site-packages/airflow/example_dags/example_branch_datetime_operator.py
[2026-05-07T23:35:35.021+0000] {processor.py:840} INFO - DAG(s) 'example_branch_datetime_operator_3', 'example_branch_datetime_operator', 'example_branch_datetime_operator_2' retrieved from /home/airflow/.local/lib/python3.12/site-packages/airflow/example_dags/example_branch_datetime_operator.py
[2026-05-07T23:35:35.051+0000] {logging_mixin.py:188} INFO - [2026-05-07T23:35:35.051+0000] {dag.py:3096} INFO - Sync 3 DAGs
[2026-05-07T23:35:35.073+0000] {logging_mixin.py:188} INFO - [2026-05-07T23:35:35.073+0000] {dag.py:3954} INFO - Setting next_dagrun for example_branch_datetime_operator to 2026-05-06 00:00:00+00:00, run_after=2026-05-07 00:00:00+00:00
[2026-05-07T23:35:35.078+0000] {logging_mixin.py:188} INFO - [2026-05-07T23:35:35.078+0000] {dag.py:3954} INFO - Setting next_dagrun for example_branch_datetime_operator_2 to 2026-05-06 00:00:00+00:00, run_after=2026-05-07 00:00:00+00:00
[2026-05-07T23:35:35.081+0000] {logging_mixin.py:188} INFO - [2026-05-07T23:35:35.080+0000] {dag.py:3954} INFO - Setting next_dagrun for example_branch_datetime_operator_3 to 2026-05-06 00:00:00+00:00, run_after=2026-05-07 00:00:00+00:00
[2026-05-07T23:35:35.101+0000] {processor.py:183} INFO - Processing /home/airflow/.local/lib/python3.12/site-packages/airflow/example_dags/example_branch_datetime_operator.py took 0.099 seconds
[2026-05-07T23:36:05.227+0000] {processor.py:161} INFO - Started process (PID=9513) to work on /home/airflow/.local/lib/python3.12/site-packages/airflow/example_dags/example_branch_datetime_operator.py
[2026-05-07T23:36:05.228+0000] {processor.py:830} INFO - Processing file /home/airflow/.local/lib/python3.12/site-packages/airflow/example_dags/example_branch_datetime_operator.py for tasks to queue
[2026-05-07T23:36:05.231+0000] {logging_mixin.py:188} INFO - [2026-05-07T23:36:05.230+0000] {dagbag.py:545} INFO - Filling up the DagBag from /home/airflow/.local/lib/python3.12/site-packages/airflow/example_dags/example_branch_datetime_operator.py
[2026-05-07T23:36:05.240+0000] {processor.py:840} INFO - DAG(s) 'example_branch_datetime_operator_3', 'example_branch_datetime_operator_2', 'example_branch_datetime_operator' retrieved from /home/airflow/.local/lib/python3.12/site-packages/airflow/example_dags/example_branch_datetime_operator.py
[2026-05-07T23:36:05.269+0000] {logging_mixin.py:188} INFO - [2026-05-07T23:36:05.269+0000] {dag.py:3096} INFO - Sync 3 DAGs
[2026-05-07T23:36:05.291+0000] {logging_mixin.py:188} INFO - [2026-05-07T23:36:05.290+0000] {dag.py:3954} INFO - Setting next_dagrun for example_branch_datetime_operator to 2026-05-06 00:00:00+00:00, run_after=2026-05-07 00:00:00+00:00
[2026-05-07T23:36:05.296+0000] {logging_mixin.py:188} INFO - [2026-05-07T23:36:05.295+0000] {dag.py:3954} INFO - Setting next_dagrun for example_branch_datetime_operator_2 to 2026-05-06 00:00:00+00:00, run_after=2026-05-07 00:00:00+00:00
[2026-05-07T23:36:05.298+0000] {logging_mixin.py:188} INFO - [2026-05-07T23:36:05.298+0000] {dag.py:3954} INFO - Setting next_dagrun for example_branch_datetime_operator_3 to 2026-05-06 00:00:00+00:00, run_after=2026-05-07 00:00:00+00:00
[2026-05-07T23:36:05.317+0000] {processor.py:183} INFO - Processing /home/airflow/.local/lib/python3.12/site-packages/airflow/example_dags/example_branch_datetime_operator.py took 0.097 seconds
[2026-05-07T23:36:35.449+0000] {processor.py:161} INFO - Started process (PID=9571) to work on /home/airflow/.local/lib/python3.12/site-packages/airflow/example_dags/example_branch_datetime_operator.py
[2026-05-07T23:36:35.451+0000] {processor.py:830} INFO - Processing file /home/airflow/.local/lib/python3.12/site-packages/airflow/example_dags/example_branch_datetime_operator.py for tasks to queue
[2026-05-07T23:36:35.454+0000] {logging_mixin.py:188} INFO - [2026-05-07T23:36:35.454+0000] {dagbag.py:545} INFO - Filling up the DagBag from /home/airflow/.local/lib/python3.12/site-packages/airflow/example_dags/example_branch_datetime_operator.py
[2026-05-07T23:36:35.468+0000] {processor.py:840} INFO - DAG(s) 'example_branch_datetime_operator', 'example_branch_datetime_operator_2', 'example_branch_datetime_operator_3' retrieved from /home/airflow/.local/lib/python3.12/site-packages/airflow/example_dags/example_branch_datetime_operator.py
[2026-05-07T23:36:35.507+0000] {logging_mixin.py:188} INFO - [2026-05-07T23:36:35.507+0000] {dag.py:3096} INFO - Sync 3 DAGs
[2026-05-07T23:36:35.535+0000] {logging_mixin.py:188} INFO - [2026-05-07T23:36:35.535+0000] {dag.py:3954} INFO - Setting next_dagrun for example_branch_datetime_operator to 2026-05-06 00:00:00+00:00, run_after=2026-05-07 00:00:00+00:00
[2026-05-07T23:36:35.540+0000] {logging_mixin.py:188} INFO - [2026-05-07T23:36:35.540+0000] {dag.py:3954} INFO - Setting next_dagrun for example_branch_datetime_operator_2 to 2026-05-06 00:00:00+00:00, run_after=2026-05-07 00:00:00+00:00
[2026-05-07T23:36:35.544+0000] {logging_mixin.py:188} INFO - [2026-05-07T23:36:35.544+0000] {dag.py:3954} INFO - Setting next_dagrun for example_branch_datetime_operator_3 to 2026-05-06 00:00:00+00:00, run_after=2026-05-07 00:00:00+00:00
[2026-05-07T23:36:35.570+0000] {processor.py:183} INFO - Processing /home/airflow/.local/lib/python3.12/site-packages/airflow/example_dags/example_branch_datetime_operator.py took 0.129 seconds
[2026-05-07T23:37:06.233+0000] {processor.py:161} INFO - Started process (PID=9629) to work on /home/airflow/.local/lib/python3.12/site-packages/airflow/example_dags/example_branch_datetime_operator.py
[2026-05-07T23:37:06.234+0000] {processor.py:830} INFO - Processing file /home/airflow/.local/lib/python3.12/site-packages/airflow/example_dags/example_branch_datetime_operator.py for tasks to queue
[2026-05-07T23:37:06.237+0000] {logging_mixin.py:188} INFO - [2026-05-07T23:37:06.237+0000] {dagbag.py:545} INFO - Filling up the DagBag from /home/airflow/.local/lib/python3.12/site-packages/airflow/example_dags/example_branch_datetime_operator.py
[2026-05-07T23:37:06.246+0000] {processor.py:840} INFO - DAG(s) 'example_branch_datetime_operator_2', 'example_branch_datetime_operator', 'example_branch_datetime_operator_3' retrieved from /home/airflow/.local/lib/python3.12/site-packages/airflow/example_dags/example_branch_datetime_operator.py
[2026-05-07T23:37:06.275+0000] {logging_mixin.py:188} INFO - [2026-05-07T23:37:06.274+0000] {dag.py:3096} INFO - Sync 3 DAGs
[2026-05-07T23:37:06.296+0000] {logging_mixin.py:188} INFO - [2026-05-07T23:37:06.296+0000] {dag.py:3954} INFO - Setting next_dagrun for example_branch_datetime_operator to 2026-05-06 00:00:00+00:00, run_after=2026-05-07 00:00:00+00:00
[2026-05-07T23:37:06.301+0000] {logging_mixin.py:188} INFO - [2026-05-07T23:37:06.301+0000] {dag.py:3954} INFO - Setting next_dagrun for example_branch_datetime_operator_2 to 2026-05-06 00:00:00+00:00, run_after=2026-05-07 00:00:00+00:00
[2026-05-07T23:37:06.304+0000] {logging_mixin.py:188} INFO - [2026-05-07T23:37:06.304+0000] {dag.py:3954} INFO - Setting next_dagrun for example_branch_datetime_operator_3 to 2026-05-06 00:00:00+00:00, run_after=2026-05-07 00:00:00+00:00
[2026-05-07T23:37:06.322+0000] {processor.py:183} INFO - Processing /home/airflow/.local/lib/python3.12/site-packages/airflow/example_dags/example_branch_datetime_operator.py took 0.094 seconds
[2026-05-07T23:37:36.412+0000] {processor.py:161} INFO - Started process (PID=9687) to work on /home/airflow/.local/lib/python3.12/site-packages/airflow/example_dags/example_branch_datetime_operator.py
[2026-05-07T23:37:36.415+0000] {processor.py:830} INFO - Processing file /home/airflow/.local/lib/python3.12/site-packages/airflow/example_dags/example_branch_datetime_operator.py for tasks to queue
[2026-05-07T23:37:36.417+0000] {logging_mixin.py:188} INFO - [2026-05-07T23:37:36.417+0000] {dagbag.py:545} INFO - Filling up the DagBag from /home/airflow/.local/lib/python3.12/site-packages/airflow/example_dags/example_branch_datetime_operator.py
[2026-05-07T23:37:36.427+0000] {processor.py:840} INFO - DAG(s) 'example_branch_datetime_operator', 'example_branch_datetime_operator_2', 'example_branch_datetime_operator_3' retrieved from /home/airflow/.local/lib/python3.12/site-packages/airflow/example_dags/example_branch_datetime_operator.py
[2026-05-07T23:37:36.453+0000] {logging_mixin.py:188} INFO - [2026-05-07T23:37:36.453+0000] {dag.py:3096} INFO - Sync 3 DAGs
[2026-05-07T23:37:36.476+0000] {logging_mixin.py:188} INFO - [2026-05-07T23:37:36.476+0000] {dag.py:3954} INFO - Setting next_dagrun for example_branch_datetime_operator to 2026-05-06 00:00:00+00:00, run_after=2026-05-07 00:00:00+00:00
[2026-05-07T23:37:36.481+0000] {logging_mixin.py:188} INFO - [2026-05-07T23:37:36.480+0000] {dag.py:3954} INFO - Setting next_dagrun for example_branch_datetime_operator_2 to 2026-05-06 00:00:00+00:00, run_after=2026-05-07 00:00:00+00:00
[2026-05-07T23:37:36.484+0000] {logging_mixin.py:188} INFO - [2026-05-07T23:37:36.484+0000] {dag.py:3954} INFO - Setting next_dagrun for example_branch_datetime_operator_3 to 2026-05-06 00:00:00+00:00, run_after=2026-05-07 00:00:00+00:00
[2026-05-07T23:37:36.504+0000] {processor.py:183} INFO - Processing /home/airflow/.local/lib/python3.12/site-packages/airflow/example_dags/example_branch_datetime_operator.py took 0.097 seconds
[2026-05-07T23:38:06.785+0000] {processor.py:161} INFO - Started process (PID=9745) to work on /home/airflow/.local/lib/python3.12/site-packages/airflow/example_dags/example_branch_datetime_operator.py
[2026-05-07T23:38:06.787+0000] {processor.py:830} INFO - Processing file /home/airflow/.local/lib/python3.12/site-packages/airflow/example_dags/example_branch_datetime_operator.py for tasks to queue
[2026-05-07T23:38:06.789+0000] {logging_mixin.py:188} INFO - [2026-05-07T23:38:06.789+0000] {dagbag.py:545} INFO - Filling up the DagBag from /home/airflow/.local/lib/python3.12/site-packages/airflow/example_dags/example_branch_datetime_operator.py
[2026-05-07T23:38:06.798+0000] {processor.py:840} INFO - DAG(s) 'example_branch_datetime_operator', 'example_branch_datetime_operator_2', 'example_branch_datetime_operator_3' retrieved from /home/airflow/.local/lib/python3.12/site-packages/airflow/example_dags/example_branch_datetime_operator.py
[2026-05-07T23:38:06.827+0000] {logging_mixin.py:188} INFO - [2026-05-07T23:38:06.826+0000] {dag.py:3096} INFO - Sync 3 DAGs
[2026-05-07T23:38:06.848+0000] {logging_mixin.py:188} INFO - [2026-05-07T23:38:06.848+0000] {dag.py:3954} INFO - Setting next_dagrun for example_branch_datetime_operator to 2026-05-06 00:00:00+00:00, run_after=2026-05-07 00:00:00+00:00
[2026-05-07T23:38:06.853+0000] {logging_mixin.py:188} INFO - [2026-05-07T23:38:06.853+0000] {dag.py:3954} INFO - Setting next_dagrun for example_branch_datetime_operator_2 to 2026-05-06 00:00:00+00:00, run_after=2026-05-07 00:00:00+00:00
[2026-05-07T23:38:06.856+0000] {logging_mixin.py:188} INFO - [2026-05-07T23:38:06.855+0000] {dag.py:3954} INFO - Setting next_dagrun for example_branch_datetime_operator_3 to 2026-05-06 00:00:00+00:00, run_after=2026-05-07 00:00:00+00:00
[2026-05-07T23:38:06.874+0000] {processor.py:183} INFO - Processing /home/airflow/.local/lib/python3.12/site-packages/airflow/example_dags/example_branch_datetime_operator.py took 0.094 seconds
[2026-05-07T23:38:37.079+0000] {processor.py:161} INFO - Started process (PID=9803) to work on /home/airflow/.local/lib/python3.12/site-packages/airflow/example_dags/example_branch_datetime_operator.py
[2026-05-07T23:38:37.081+0000] {processor.py:830} INFO - Processing file /home/airflow/.local/lib/python3.12/site-packages/airflow/example_dags/example_branch_datetime_operator.py for tasks to queue
[2026-05-07T23:38:37.084+0000] {logging_mixin.py:188} INFO - [2026-05-07T23:38:37.083+0000] {dagbag.py:545} INFO - Filling up the DagBag from /home/airflow/.local/lib/python3.12/site-packages/airflow/example_dags/example_branch_datetime_operator.py
[2026-05-07T23:38:37.100+0000] {processor.py:840} INFO - DAG(s) 'example_branch_datetime_operator_2', 'example_branch_datetime_operator', 'example_branch_datetime_operator_3' retrieved from /home/airflow/.local/lib/python3.12/site-packages/airflow/example_dags/example_branch_datetime_operator.py
[2026-05-07T23:38:37.152+0000] {logging_mixin.py:188} INFO - [2026-05-07T23:38:37.152+0000] {dag.py:3096} INFO - Sync 3 DAGs
[2026-05-07T23:38:37.185+0000] {logging_mixin.py:188} INFO - [2026-05-07T23:38:37.185+0000] {dag.py:3954} INFO - Setting next_dagrun for example_branch_datetime_operator to 2026-05-06 00:00:00+00:00, run_after=2026-05-07 00:00:00+00:00
[2026-05-07T23:38:37.192+0000] {logging_mixin.py:188} INFO - [2026-05-07T23:38:37.191+0000] {dag.py:3954} INFO - Setting next_dagrun for example_branch_datetime_operator_2 to 2026-05-06 00:00:00+00:00, run_after=2026-05-07 00:00:00+00:00
[2026-05-07T23:38:37.195+0000] {logging_mixin.py:188} INFO - [2026-05-07T23:38:37.195+0000] {dag.py:3954} INFO - Setting next_dagrun for example_branch_datetime_operator_3 to 2026-05-06 00:00:00+00:00, run_after=2026-05-07 00:00:00+00:00
[2026-05-07T23:38:37.231+0000] {processor.py:183} INFO - Processing /home/airflow/.local/lib/python3.12/site-packages/airflow/example_dags/example_branch_datetime_operator.py took 0.162 seconds
[2026-05-07T23:39:07.369+0000] {processor.py:161} INFO - Started process (PID=9861) to work on /home/airflow/.local/lib/python3.12/site-packages/airflow/example_dags/example_branch_datetime_operator.py
[2026-05-07T23:39:07.371+0000] {processor.py:830} INFO - Processing file /home/airflow/.local/lib/python3.12/site-packages/airflow/example_dags/example_branch_datetime_operator.py for tasks to queue
[2026-05-07T23:39:07.373+0000] {logging_mixin.py:188} INFO - [2026-05-07T23:39:07.372+0000] {dagbag.py:545} INFO - Filling up the DagBag from /home/airflow/.local/lib/python3.12/site-packages/airflow/example_dags/example_branch_datetime_operator.py
[2026-05-07T23:39:07.381+0000] {processor.py:840} INFO - DAG(s) 'example_branch_datetime_operator', 'example_branch_datetime_operator_2', 'example_branch_datetime_operator_3' retrieved from /home/airflow/.local/lib/python3.12/site-packages/airflow/example_dags/example_branch_datetime_operator.py
[2026-05-07T23:39:07.404+0000] {logging_mixin.py:188} INFO - [2026-05-07T23:39:07.404+0000] {dag.py:3096} INFO - Sync 3 DAGs
[2026-05-07T23:39:07.423+0000] {logging_mixin.py:188} INFO - [2026-05-07T23:39:07.423+0000] {dag.py:3954} INFO - Setting next_dagrun for example_branch_datetime_operator to 2026-05-06 00:00:00+00:00, run_after=2026-05-07 00:00:00+00:00
[2026-05-07T23:39:07.427+0000] {logging_mixin.py:188} INFO - [2026-05-07T23:39:07.427+0000] {dag.py:3954} INFO - Setting next_dagrun for example_branch_datetime_operator_2 to 2026-05-06 00:00:00+00:00, run_after=2026-05-07 00:00:00+00:00
[2026-05-07T23:39:07.429+0000] {logging_mixin.py:188} INFO - [2026-05-07T23:39:07.429+0000] {dag.py:3954} INFO - Setting next_dagrun for example_branch_datetime_operator_3 to 2026-05-06 00:00:00+00:00, run_after=2026-05-07 00:00:00+00:00
[2026-05-07T23:39:07.445+0000] {processor.py:183} INFO - Processing /home/airflow/.local/lib/python3.12/site-packages/airflow/example_dags/example_branch_datetime_operator.py took 0.081 seconds
[2026-05-07T23:39:37.558+0000] {processor.py:161} INFO - Started process (PID=9919) to work on /home/airflow/.local/lib/python3.12/site-packages/airflow/example_dags/example_branch_datetime_operator.py
[2026-05-07T23:39:37.559+0000] {processor.py:830} INFO - Processing file /home/airflow/.local/lib/python3.12/site-packages/airflow/example_dags/example_branch_datetime_operator.py for tasks to queue
[2026-05-07T23:39:37.561+0000] {logging_mixin.py:188} INFO - [2026-05-07T23:39:37.561+0000] {dagbag.py:545} INFO - Filling up the DagBag from /home/airflow/.local/lib/python3.12/site-packages/airflow/example_dags/example_branch_datetime_operator.py
[2026-05-07T23:39:37.571+0000] {processor.py:840} INFO - DAG(s) 'example_branch_datetime_operator_3', 'example_branch_datetime_operator_2', 'example_branch_datetime_operator' retrieved from /home/airflow/.local/lib/python3.12/site-packages/airflow/example_dags/example_branch_datetime_operator.py
[2026-05-07T23:39:37.597+0000] {logging_mixin.py:188} INFO - [2026-05-07T23:39:37.597+0000] {dag.py:3096} INFO - Sync 3 DAGs
[2026-05-07T23:39:37.615+0000] {logging_mixin.py:188} INFO - [2026-05-07T23:39:37.615+0000] {dag.py:3954} INFO - Setting next_dagrun for example_branch_datetime_operator to 2026-05-06 00:00:00+00:00, run_after=2026-05-07 00:00:00+00:00
[2026-05-07T23:39:37.619+0000] {logging_mixin.py:188} INFO - [2026-05-07T23:39:37.619+0000] {dag.py:3954} INFO - Setting next_dagrun for example_branch_datetime_operator_2 to 2026-05-06 00:00:00+00:00, run_after=2026-05-07 00:00:00+00:00
[2026-05-07T23:39:37.621+0000] {logging_mixin.py:188} INFO - [2026-05-07T23:39:37.621+0000] {dag.py:3954} INFO - Setting next_dagrun for example_branch_datetime_operator_3 to 2026-05-06 00:00:00+00:00, run_after=2026-05-07 00:00:00+00:00
[2026-05-07T23:39:37.640+0000] {processor.py:183} INFO - Processing /home/airflow/.local/lib/python3.12/site-packages/airflow/example_dags/example_branch_datetime_operator.py took 0.088 seconds
[2026-05-07T23:40:07.927+0000] {processor.py:161} INFO - Started process (PID=9976) to work on /home/airflow/.local/lib/python3.12/site-packages/airflow/example_dags/example_branch_datetime_operator.py
[2026-05-07T23:40:07.929+0000] {processor.py:830} INFO - Processing file /home/airflow/.local/lib/python3.12/site-packages/airflow/example_dags/example_branch_datetime_operator.py for tasks to queue
[2026-05-07T23:40:07.931+0000] {logging_mixin.py:188} INFO - [2026-05-07T23:40:07.931+0000] {dagbag.py:545} INFO - Filling up the DagBag from /home/airflow/.local/lib/python3.12/site-packages/airflow/example_dags/example_branch_datetime_operator.py
[2026-05-07T23:40:07.942+0000] {processor.py:840} INFO - DAG(s) 'example_branch_datetime_operator_2', 'example_branch_datetime_operator', 'example_branch_datetime_operator_3' retrieved from /home/airflow/.local/lib/python3.12/site-packages/airflow/example_dags/example_branch_datetime_operator.py
[2026-05-07T23:40:07.969+0000] {logging_mixin.py:188} INFO - [2026-05-07T23:40:07.969+0000] {dag.py:3096} INFO - Sync 3 DAGs
[2026-05-07T23:40:07.991+0000] {logging_mixin.py:188} INFO - [2026-05-07T23:40:07.991+0000] {dag.py:3954} INFO - Setting next_dagrun for example_branch_datetime_operator to 2026-05-06 00:00:00+00:00, run_after=2026-05-07 00:00:00+00:00
[2026-05-07T23:40:07.997+0000] {logging_mixin.py:188} INFO - [2026-05-07T23:40:07.997+0000] {dag.py:3954} INFO - Setting next_dagrun for example_branch_datetime_operator_2 to 2026-05-06 00:00:00+00:00, run_after=2026-05-07 00:00:00+00:00
[2026-05-07T23:40:07.999+0000] {logging_mixin.py:188} INFO - [2026-05-07T23:40:07.999+0000] {dag.py:3954} INFO - Setting next_dagrun for example_branch_datetime_operator_3 to 2026-05-06 00:00:00+00:00, run_after=2026-05-07 00:00:00+00:00
[2026-05-07T23:40:08.018+0000] {processor.py:183} INFO - Processing /home/airflow/.local/lib/python3.12/site-packages/airflow/example_dags/example_branch_datetime_operator.py took 0.097 seconds
[2026-05-07T23:40:38.354+0000] {processor.py:161} INFO - Started process (PID=10034) to work on /home/airflow/.local/lib/python3.12/site-packages/airflow/example_dags/example_branch_datetime_operator.py
[2026-05-07T23:40:38.356+0000] {processor.py:830} INFO - Processing file /home/airflow/.local/lib/python3.12/site-packages/airflow/example_dags/example_branch_datetime_operator.py for tasks to queue
[2026-05-07T23:40:38.358+0000] {logging_mixin.py:188} INFO - [2026-05-07T23:40:38.358+0000] {dagbag.py:545} INFO - Filling up the DagBag from /home/airflow/.local/lib/python3.12/site-packages/airflow/example_dags/example_branch_datetime_operator.py
[2026-05-07T23:40:38.368+0000] {processor.py:840} INFO - DAG(s) 'example_branch_datetime_operator_2', 'example_branch_datetime_operator', 'example_branch_datetime_operator_3' retrieved from /home/airflow/.local/lib/python3.12/site-packages/airflow/example_dags/example_branch_datetime_operator.py
[2026-05-07T23:40:38.395+0000] {logging_mixin.py:188} INFO - [2026-05-07T23:40:38.395+0000] {dag.py:3096} INFO - Sync 3 DAGs
[2026-05-07T23:40:38.417+0000] {logging_mixin.py:188} INFO - [2026-05-07T23:40:38.417+0000] {dag.py:3954} INFO - Setting next_dagrun for example_branch_datetime_operator to 2026-05-06 00:00:00+00:00, run_after=2026-05-07 00:00:00+00:00
[2026-05-07T23:40:38.421+0000] {logging_mixin.py:188} INFO - [2026-05-07T23:40:38.421+0000] {dag.py:3954} INFO - Setting next_dagrun for example_branch_datetime_operator_2 to 2026-05-06 00:00:00+00:00, run_after=2026-05-07 00:00:00+00:00
[2026-05-07T23:40:38.424+0000] {logging_mixin.py:188} INFO - [2026-05-07T23:40:38.424+0000] {dag.py:3954} INFO - Setting next_dagrun for example_branch_datetime_operator_3 to 2026-05-06 00:00:00+00:00, run_after=2026-05-07 00:00:00+00:00
[2026-05-07T23:40:38.444+0000] {processor.py:183} INFO - Processing /home/airflow/.local/lib/python3.12/site-packages/airflow/example_dags/example_branch_datetime_operator.py took 0.098 seconds
[2026-05-07T23:41:08.818+0000] {processor.py:161} INFO - Started process (PID=10092) to work on /home/airflow/.local/lib/python3.12/site-packages/airflow/example_dags/example_branch_datetime_operator.py
[2026-05-07T23:41:08.819+0000] {processor.py:830} INFO - Processing file /home/airflow/.local/lib/python3.12/site-packages/airflow/example_dags/example_branch_datetime_operator.py for tasks to queue
[2026-05-07T23:41:08.821+0000] {logging_mixin.py:188} INFO - [2026-05-07T23:41:08.821+0000] {dagbag.py:545} INFO - Filling up the DagBag from /home/airflow/.local/lib/python3.12/site-packages/airflow/example_dags/example_branch_datetime_operator.py
[2026-05-07T23:41:08.831+0000] {processor.py:840} INFO - DAG(s) 'example_branch_datetime_operator_3', 'example_branch_datetime_operator_2', 'example_branch_datetime_operator' retrieved from /home/airflow/.local/lib/python3.12/site-packages/airflow/example_dags/example_branch_datetime_operator.py
[2026-05-07T23:41:08.858+0000] {logging_mixin.py:188} INFO - [2026-05-07T23:41:08.858+0000] {dag.py:3096} INFO - Sync 3 DAGs
[2026-05-07T23:41:08.879+0000] {logging_mixin.py:188} INFO - [2026-05-07T23:41:08.878+0000] {dag.py:3954} INFO - Setting next_dagrun for example_branch_datetime_operator to 2026-05-06 00:00:00+00:00, run_after=2026-05-07 00:00:00+00:00
[2026-05-07T23:41:08.884+0000] {logging_mixin.py:188} INFO - [2026-05-07T23:41:08.883+0000] {dag.py:3954} INFO - Setting next_dagrun for example_branch_datetime_operator_2 to 2026-05-06 00:00:00+00:00, run_after=2026-05-07 00:00:00+00:00
[2026-05-07T23:41:08.887+0000] {logging_mixin.py:188} INFO - [2026-05-07T23:41:08.887+0000] {dag.py:3954} INFO - Setting next_dagrun for example_branch_datetime_operator_3 to 2026-05-06 00:00:00+00:00, run_after=2026-05-07 00:00:00+00:00
[2026-05-07T23:41:08.906+0000] {processor.py:183} INFO - Processing /home/airflow/.local/lib/python3.12/site-packages/airflow/example_dags/example_branch_datetime_operator.py took 0.094 seconds
[2026-05-07T23:41:39.145+0000] {processor.py:161} INFO - Started process (PID=10150) to work on /home/airflow/.local/lib/python3.12/site-packages/airflow/example_dags/example_branch_datetime_operator.py
[2026-05-07T23:41:39.146+0000] {processor.py:830} INFO - Processing file /home/airflow/.local/lib/python3.12/site-packages/airflow/example_dags/example_branch_datetime_operator.py for tasks to queue
[2026-05-07T23:41:39.148+0000] {logging_mixin.py:188} INFO - [2026-05-07T23:41:39.148+0000] {dagbag.py:545} INFO - Filling up the DagBag from /home/airflow/.local/lib/python3.12/site-packages/airflow/example_dags/example_branch_datetime_operator.py
[2026-05-07T23:41:39.158+0000] {processor.py:840} INFO - DAG(s) 'example_branch_datetime_operator', 'example_branch_datetime_operator_3', 'example_branch_datetime_operator_2' retrieved from /home/airflow/.local/lib/python3.12/site-packages/airflow/example_dags/example_branch_datetime_operator.py
[2026-05-07T23:41:39.187+0000] {logging_mixin.py:188} INFO - [2026-05-07T23:41:39.187+0000] {dag.py:3096} INFO - Sync 3 DAGs
[2026-05-07T23:41:39.210+0000] {logging_mixin.py:188} INFO - [2026-05-07T23:41:39.210+0000] {dag.py:3954} INFO - Setting next_dagrun for example_branch_datetime_operator to 2026-05-06 00:00:00+00:00, run_after=2026-05-07 00:00:00+00:00
[2026-05-07T23:41:39.215+0000] {logging_mixin.py:188} INFO - [2026-05-07T23:41:39.215+0000] {dag.py:3954} INFO - Setting next_dagrun for example_branch_datetime_operator_2 to 2026-05-06 00:00:00+00:00, run_after=2026-05-07 00:00:00+00:00
[2026-05-07T23:41:39.218+0000] {logging_mixin.py:188} INFO - [2026-05-07T23:41:39.217+0000] {dag.py:3954} INFO - Setting next_dagrun for example_branch_datetime_operator_3 to 2026-05-06 00:00:00+00:00, run_after=2026-05-07 00:00:00+00:00
[2026-05-07T23:41:39.237+0000] {processor.py:183} INFO - Processing /home/airflow/.local/lib/python3.12/site-packages/airflow/example_dags/example_branch_datetime_operator.py took 0.098 seconds
[2026-05-07T23:42:09.462+0000] {processor.py:161} INFO - Started process (PID=10207) to work on /home/airflow/.local/lib/python3.12/site-packages/airflow/example_dags/example_branch_datetime_operator.py
[2026-05-07T23:42:09.464+0000] {processor.py:830} INFO - Processing file /home/airflow/.local/lib/python3.12/site-packages/airflow/example_dags/example_branch_datetime_operator.py for tasks to queue
[2026-05-07T23:42:09.466+0000] {logging_mixin.py:188} INFO - [2026-05-07T23:42:09.466+0000] {dagbag.py:545} INFO - Filling up the DagBag from /home/airflow/.local/lib/python3.12/site-packages/airflow/example_dags/example_branch_datetime_operator.py
[2026-05-07T23:42:09.482+0000] {processor.py:840} INFO - DAG(s) 'example_branch_datetime_operator', 'example_branch_datetime_operator_3', 'example_branch_datetime_operator_2' retrieved from /home/airflow/.local/lib/python3.12/site-packages/airflow/example_dags/example_branch_datetime_operator.py
[2026-05-07T23:42:09.534+0000] {logging_mixin.py:188} INFO - [2026-05-07T23:42:09.534+0000] {dag.py:3096} INFO - Sync 3 DAGs
[2026-05-07T23:42:09.567+0000] {logging_mixin.py:188} INFO - [2026-05-07T23:42:09.566+0000] {dag.py:3954} INFO - Setting next_dagrun for example_branch_datetime_operator to 2026-05-06 00:00:00+00:00, run_after=2026-05-07 00:00:00+00:00
[2026-05-07T23:42:09.573+0000] {logging_mixin.py:188} INFO - [2026-05-07T23:42:09.573+0000] {dag.py:3954} INFO - Setting next_dagrun for example_branch_datetime_operator_2 to 2026-05-06 00:00:00+00:00, run_after=2026-05-07 00:00:00+00:00
[2026-05-07T23:42:09.577+0000] {logging_mixin.py:188} INFO - [2026-05-07T23:42:09.577+0000] {dag.py:3954} INFO - Setting next_dagrun for example_branch_datetime_operator_3 to 2026-05-06 00:00:00+00:00, run_after=2026-05-07 00:00:00+00:00
[2026-05-07T23:42:09.615+0000] {processor.py:183} INFO - Processing /home/airflow/.local/lib/python3.12/site-packages/airflow/example_dags/example_branch_datetime_operator.py took 0.161 seconds
[2026-05-07T23:42:39.706+0000] {processor.py:161} INFO - Started process (PID=10265) to work on /home/airflow/.local/lib/python3.12/site-packages/airflow/example_dags/example_branch_datetime_operator.py
[2026-05-07T23:42:39.708+0000] {processor.py:830} INFO - Processing file /home/airflow/.local/lib/python3.12/site-packages/airflow/example_dags/example_branch_datetime_operator.py for tasks to queue
[2026-05-07T23:42:39.710+0000] {logging_mixin.py:188} INFO - [2026-05-07T23:42:39.709+0000] {dagbag.py:545} INFO - Filling up the DagBag from /home/airflow/.local/lib/python3.12/site-packages/airflow/example_dags/example_branch_datetime_operator.py
[2026-05-07T23:42:39.720+0000] {processor.py:840} INFO - DAG(s) 'example_branch_datetime_operator_2', 'example_branch_datetime_operator', 'example_branch_datetime_operator_3' retrieved from /home/airflow/.local/lib/python3.12/site-packages/airflow/example_dags/example_branch_datetime_operator.py
[2026-05-07T23:42:39.747+0000] {logging_mixin.py:188} INFO - [2026-05-07T23:42:39.747+0000] {dag.py:3096} INFO - Sync 3 DAGs
[2026-05-07T23:42:39.768+0000] {logging_mixin.py:188} INFO - [2026-05-07T23:42:39.768+0000] {dag.py:3954} INFO - Setting next_dagrun for example_branch_datetime_operator to 2026-05-06 00:00:00+00:00, run_after=2026-05-07 00:00:00+00:00
[2026-05-07T23:42:39.772+0000] {logging_mixin.py:188} INFO - [2026-05-07T23:42:39.772+0000] {dag.py:3954} INFO - Setting next_dagrun for example_branch_datetime_operator_2 to 2026-05-06 00:00:00+00:00, run_after=2026-05-07 00:00:00+00:00
[2026-05-07T23:42:39.776+0000] {logging_mixin.py:188} INFO - [2026-05-07T23:42:39.775+0000] {dag.py:3954} INFO - Setting next_dagrun for example_branch_datetime_operator_3 to 2026-05-06 00:00:00+00:00, run_after=2026-05-07 00:00:00+00:00
[2026-05-07T23:42:39.796+0000] {processor.py:183} INFO - Processing /home/airflow/.local/lib/python3.12/site-packages/airflow/example_dags/example_branch_datetime_operator.py took 0.094 seconds
[2026-05-07T23:43:10.332+0000] {processor.py:161} INFO - Started process (PID=10324) to work on /home/airflow/.local/lib/python3.12/site-packages/airflow/example_dags/example_branch_datetime_operator.py
[2026-05-07T23:43:10.334+0000] {processor.py:830} INFO - Processing file /home/airflow/.local/lib/python3.12/site-packages/airflow/example_dags/example_branch_datetime_operator.py for tasks to queue
[2026-05-07T23:43:10.337+0000] {logging_mixin.py:188} INFO - [2026-05-07T23:43:10.336+0000] {dagbag.py:545} INFO - Filling up the DagBag from /home/airflow/.local/lib/python3.12/site-packages/airflow/example_dags/example_branch_datetime_operator.py
[2026-05-07T23:43:10.346+0000] {processor.py:840} INFO - DAG(s) 'example_branch_datetime_operator_2', 'example_branch_datetime_operator', 'example_branch_datetime_operator_3' retrieved from /home/airflow/.local/lib/python3.12/site-packages/airflow/example_dags/example_branch_datetime_operator.py
[2026-05-07T23:43:10.373+0000] {logging_mixin.py:188} INFO - [2026-05-07T23:43:10.372+0000] {dag.py:3096} INFO - Sync 3 DAGs
[2026-05-07T23:43:10.393+0000] {logging_mixin.py:188} INFO - [2026-05-07T23:43:10.393+0000] {dag.py:3954} INFO - Setting next_dagrun for example_branch_datetime_operator to 2026-05-06 00:00:00+00:00, run_after=2026-05-07 00:00:00+00:00
[2026-05-07T23:43:10.400+0000] {logging_mixin.py:188} INFO - [2026-05-07T23:43:10.400+0000] {dag.py:3954} INFO - Setting next_dagrun for example_branch_datetime_operator_2 to 2026-05-06 00:00:00+00:00, run_after=2026-05-07 00:00:00+00:00
[2026-05-07T23:43:10.403+0000] {logging_mixin.py:188} INFO - [2026-05-07T23:43:10.403+0000] {dag.py:3954} INFO - Setting next_dagrun for example_branch_datetime_operator_3 to 2026-05-06 00:00:00+00:00, run_after=2026-05-07 00:00:00+00:00
[2026-05-07T23:43:10.421+0000] {processor.py:183} INFO - Processing /home/airflow/.local/lib/python3.12/site-packages/airflow/example_dags/example_branch_datetime_operator.py took 0.095 seconds
[2026-05-07T23:43:40.762+0000] {processor.py:161} INFO - Started process (PID=10382) to work on /home/airflow/.local/lib/python3.12/site-packages/airflow/example_dags/example_branch_datetime_operator.py
[2026-05-07T23:43:40.764+0000] {processor.py:830} INFO - Processing file /home/airflow/.local/lib/python3.12/site-packages/airflow/example_dags/example_branch_datetime_operator.py for tasks to queue
[2026-05-07T23:43:40.767+0000] {logging_mixin.py:188} INFO - [2026-05-07T23:43:40.766+0000] {dagbag.py:545} INFO - Filling up the DagBag from /home/airflow/.local/lib/python3.12/site-packages/airflow/example_dags/example_branch_datetime_operator.py
[2026-05-07T23:43:40.777+0000] {processor.py:840} INFO - DAG(s) 'example_branch_datetime_operator_3', 'example_branch_datetime_operator_2', 'example_branch_datetime_operator' retrieved from /home/airflow/.local/lib/python3.12/site-packages/airflow/example_dags/example_branch_datetime_operator.py
[2026-05-07T23:43:40.803+0000] {logging_mixin.py:188} INFO - [2026-05-07T23:43:40.802+0000] {dag.py:3096} INFO - Sync 3 DAGs
[2026-05-07T23:43:40.824+0000] {logging_mixin.py:188} INFO - [2026-05-07T23:43:40.823+0000] {dag.py:3954} INFO - Setting next_dagrun for example_branch_datetime_operator to 2026-05-06 00:00:00+00:00, run_after=2026-05-07 00:00:00+00:00
[2026-05-07T23:43:40.829+0000] {logging_mixin.py:188} INFO - [2026-05-07T23:43:40.828+0000] {dag.py:3954} INFO - Setting next_dagrun for example_branch_datetime_operator_2 to 2026-05-06 00:00:00+00:00, run_after=2026-05-07 00:00:00+00:00
[2026-05-07T23:43:40.832+0000] {logging_mixin.py:188} INFO - [2026-05-07T23:43:40.832+0000] {dag.py:3954} INFO - Setting next_dagrun for example_branch_datetime_operator_3 to 2026-05-06 00:00:00+00:00, run_after=2026-05-07 00:00:00+00:00
[2026-05-07T23:43:40.854+0000] {processor.py:183} INFO - Processing /home/airflow/.local/lib/python3.12/site-packages/airflow/example_dags/example_branch_datetime_operator.py took 0.096 seconds
[2026-05-07T23:44:11.053+0000] {processor.py:161} INFO - Started process (PID=10440) to work on /home/airflow/.local/lib/python3.12/site-packages/airflow/example_dags/example_branch_datetime_operator.py
[2026-05-07T23:44:11.054+0000] {processor.py:830} INFO - Processing file /home/airflow/.local/lib/python3.12/site-packages/airflow/example_dags/example_branch_datetime_operator.py for tasks to queue
[2026-05-07T23:44:11.057+0000] {logging_mixin.py:188} INFO - [2026-05-07T23:44:11.057+0000] {dagbag.py:545} INFO - Filling up the DagBag from /home/airflow/.local/lib/python3.12/site-packages/airflow/example_dags/example_branch_datetime_operator.py
[2026-05-07T23:44:11.068+0000] {processor.py:840} INFO - DAG(s) 'example_branch_datetime_operator_3', 'example_branch_datetime_operator_2', 'example_branch_datetime_operator' retrieved from /home/airflow/.local/lib/python3.12/site-packages/airflow/example_dags/example_branch_datetime_operator.py
[2026-05-07T23:44:11.095+0000] {logging_mixin.py:188} INFO - [2026-05-07T23:44:11.094+0000] {dag.py:3096} INFO - Sync 3 DAGs
[2026-05-07T23:44:11.117+0000] {logging_mixin.py:188} INFO - [2026-05-07T23:44:11.117+0000] {dag.py:3954} INFO - Setting next_dagrun for example_branch_datetime_operator to 2026-05-06 00:00:00+00:00, run_after=2026-05-07 00:00:00+00:00
[2026-05-07T23:44:11.122+0000] {logging_mixin.py:188} INFO - [2026-05-07T23:44:11.121+0000] {dag.py:3954} INFO - Setting next_dagrun for example_branch_datetime_operator_2 to 2026-05-06 00:00:00+00:00, run_after=2026-05-07 00:00:00+00:00
[2026-05-07T23:44:11.124+0000] {logging_mixin.py:188} INFO - [2026-05-07T23:44:11.124+0000] {dag.py:3954} INFO - Setting next_dagrun for example_branch_datetime_operator_3 to 2026-05-06 00:00:00+00:00, run_after=2026-05-07 00:00:00+00:00
[2026-05-07T23:44:11.143+0000] {processor.py:183} INFO - Processing /home/airflow/.local/lib/python3.12/site-packages/airflow/example_dags/example_branch_datetime_operator.py took 0.096 seconds
[2026-05-07T23:44:41.478+0000] {processor.py:161} INFO - Started process (PID=10498) to work on /home/airflow/.local/lib/python3.12/site-packages/airflow/example_dags/example_branch_datetime_operator.py
[2026-05-07T23:44:41.479+0000] {processor.py:830} INFO - Processing file /home/airflow/.local/lib/python3.12/site-packages/airflow/example_dags/example_branch_datetime_operator.py for tasks to queue
[2026-05-07T23:44:41.482+0000] {logging_mixin.py:188} INFO - [2026-05-07T23:44:41.481+0000] {dagbag.py:545} INFO - Filling up the DagBag from /home/airflow/.local/lib/python3.12/site-packages/airflow/example_dags/example_branch_datetime_operator.py
[2026-05-07T23:44:41.490+0000] {processor.py:840} INFO - DAG(s) 'example_branch_datetime_operator', 'example_branch_datetime_operator_2', 'example_branch_datetime_operator_3' retrieved from /home/airflow/.local/lib/python3.12/site-packages/airflow/example_dags/example_branch_datetime_operator.py
[2026-05-07T23:44:41.520+0000] {logging_mixin.py:188} INFO - [2026-05-07T23:44:41.520+0000] {dag.py:3096} INFO - Sync 3 DAGs
[2026-05-07T23:44:41.541+0000] {logging_mixin.py:188} INFO - [2026-05-07T23:44:41.541+0000] {dag.py:3954} INFO - Setting next_dagrun for example_branch_datetime_operator to 2026-05-06 00:00:00+00:00, run_after=2026-05-07 00:00:00+00:00
[2026-05-07T23:44:41.546+0000] {logging_mixin.py:188} INFO - [2026-05-07T23:44:41.546+0000] {dag.py:3954} INFO - Setting next_dagrun for example_branch_datetime_operator_2 to 2026-05-06 00:00:00+00:00, run_after=2026-05-07 00:00:00+00:00
[2026-05-07T23:44:41.549+0000] {logging_mixin.py:188} INFO - [2026-05-07T23:44:41.549+0000] {dag.py:3954} INFO - Setting next_dagrun for example_branch_datetime_operator_3 to 2026-05-06 00:00:00+00:00, run_after=2026-05-07 00:00:00+00:00
[2026-05-07T23:44:41.568+0000] {processor.py:183} INFO - Processing /home/airflow/.local/lib/python3.12/site-packages/airflow/example_dags/example_branch_datetime_operator.py took 0.097 seconds
[2026-05-07T23:45:12.319+0000] {processor.py:161} INFO - Started process (PID=10556) to work on /home/airflow/.local/lib/python3.12/site-packages/airflow/example_dags/example_branch_datetime_operator.py
[2026-05-07T23:45:12.321+0000] {processor.py:830} INFO - Processing file /home/airflow/.local/lib/python3.12/site-packages/airflow/example_dags/example_branch_datetime_operator.py for tasks to queue
[2026-05-07T23:45:12.323+0000] {logging_mixin.py:188} INFO - [2026-05-07T23:45:12.322+0000] {dagbag.py:545} INFO - Filling up the DagBag from /home/airflow/.local/lib/python3.12/site-packages/airflow/example_dags/example_branch_datetime_operator.py
[2026-05-07T23:45:12.332+0000] {processor.py:840} INFO - DAG(s) 'example_branch_datetime_operator_3', 'example_branch_datetime_operator', 'example_branch_datetime_operator_2' retrieved from /home/airflow/.local/lib/python3.12/site-packages/airflow/example_dags/example_branch_datetime_operator.py
[2026-05-07T23:45:12.361+0000] {logging_mixin.py:188} INFO - [2026-05-07T23:45:12.361+0000] {dag.py:3096} INFO - Sync 3 DAGs
[2026-05-07T23:45:12.382+0000] {logging_mixin.py:188} INFO - [2026-05-07T23:45:12.382+0000] {dag.py:3954} INFO - Setting next_dagrun for example_branch_datetime_operator to 2026-05-06 00:00:00+00:00, run_after=2026-05-07 00:00:00+00:00
[2026-05-07T23:45:12.387+0000] {logging_mixin.py:188} INFO - [2026-05-07T23:45:12.386+0000] {dag.py:3954} INFO - Setting next_dagrun for example_branch_datetime_operator_2 to 2026-05-06 00:00:00+00:00, run_after=2026-05-07 00:00:00+00:00
[2026-05-07T23:45:12.389+0000] {logging_mixin.py:188} INFO - [2026-05-07T23:45:12.389+0000] {dag.py:3954} INFO - Setting next_dagrun for example_branch_datetime_operator_3 to 2026-05-06 00:00:00+00:00, run_after=2026-05-07 00:00:00+00:00
[2026-05-07T23:45:12.408+0000] {processor.py:183} INFO - Processing /home/airflow/.local/lib/python3.12/site-packages/airflow/example_dags/example_branch_datetime_operator.py took 0.095 seconds
[2026-05-07T23:45:42.951+0000] {processor.py:161} INFO - Started process (PID=10614) to work on /home/airflow/.local/lib/python3.12/site-packages/airflow/example_dags/example_branch_datetime_operator.py
[2026-05-07T23:45:42.953+0000] {processor.py:830} INFO - Processing file /home/airflow/.local/lib/python3.12/site-packages/airflow/example_dags/example_branch_datetime_operator.py for tasks to queue
[2026-05-07T23:45:42.954+0000] {logging_mixin.py:188} INFO - [2026-05-07T23:45:42.954+0000] {dagbag.py:545} INFO - Filling up the DagBag from /home/airflow/.local/lib/python3.12/site-packages/airflow/example_dags/example_branch_datetime_operator.py
[2026-05-07T23:45:42.963+0000] {processor.py:840} INFO - DAG(s) 'example_branch_datetime_operator_3', 'example_branch_datetime_operator', 'example_branch_datetime_operator_2' retrieved from /home/airflow/.local/lib/python3.12/site-packages/airflow/example_dags/example_branch_datetime_operator.py
[2026-05-07T23:45:42.991+0000] {logging_mixin.py:188} INFO - [2026-05-07T23:45:42.990+0000] {dag.py:3096} INFO - Sync 3 DAGs
[2026-05-07T23:45:43.012+0000] {logging_mixin.py:188} INFO - [2026-05-07T23:45:43.012+0000] {dag.py:3954} INFO - Setting next_dagrun for example_branch_datetime_operator to 2026-05-06 00:00:00+00:00, run_after=2026-05-07 00:00:00+00:00
[2026-05-07T23:45:43.017+0000] {logging_mixin.py:188} INFO - [2026-05-07T23:45:43.017+0000] {dag.py:3954} INFO - Setting next_dagrun for example_branch_datetime_operator_2 to 2026-05-06 00:00:00+00:00, run_after=2026-05-07 00:00:00+00:00
[2026-05-07T23:45:43.020+0000] {logging_mixin.py:188} INFO - [2026-05-07T23:45:43.020+0000] {dag.py:3954} INFO - Setting next_dagrun for example_branch_datetime_operator_3 to 2026-05-06 00:00:00+00:00, run_after=2026-05-07 00:00:00+00:00
[2026-05-07T23:45:43.040+0000] {processor.py:183} INFO - Processing /home/airflow/.local/lib/python3.12/site-packages/airflow/example_dags/example_branch_datetime_operator.py took 0.094 seconds
[2026-05-07T23:46:13.455+0000] {processor.py:161} INFO - Started process (PID=10671) to work on /home/airflow/.local/lib/python3.12/site-packages/airflow/example_dags/example_branch_datetime_operator.py
[2026-05-07T23:46:13.456+0000] {processor.py:830} INFO - Processing file /home/airflow/.local/lib/python3.12/site-packages/airflow/example_dags/example_branch_datetime_operator.py for tasks to queue
[2026-05-07T23:46:13.458+0000] {logging_mixin.py:188} INFO - [2026-05-07T23:46:13.457+0000] {dagbag.py:545} INFO - Filling up the DagBag from /home/airflow/.local/lib/python3.12/site-packages/airflow/example_dags/example_branch_datetime_operator.py
[2026-05-07T23:46:13.467+0000] {processor.py:840} INFO - DAG(s) 'example_branch_datetime_operator', 'example_branch_datetime_operator_3', 'example_branch_datetime_operator_2' retrieved from /home/airflow/.local/lib/python3.12/site-packages/airflow/example_dags/example_branch_datetime_operator.py
[2026-05-07T23:46:13.497+0000] {logging_mixin.py:188} INFO - [2026-05-07T23:46:13.497+0000] {dag.py:3096} INFO - Sync 3 DAGs
[2026-05-07T23:46:13.520+0000] {logging_mixin.py:188} INFO - [2026-05-07T23:46:13.520+0000] {dag.py:3954} INFO - Setting next_dagrun for example_branch_datetime_operator to 2026-05-06 00:00:00+00:00, run_after=2026-05-07 00:00:00+00:00
[2026-05-07T23:46:13.524+0000] {logging_mixin.py:188} INFO - [2026-05-07T23:46:13.524+0000] {dag.py:3954} INFO - Setting next_dagrun for example_branch_datetime_operator_2 to 2026-05-06 00:00:00+00:00, run_after=2026-05-07 00:00:00+00:00
[2026-05-07T23:46:13.527+0000] {logging_mixin.py:188} INFO - [2026-05-07T23:46:13.526+0000] {dag.py:3954} INFO - Setting next_dagrun for example_branch_datetime_operator_3 to 2026-05-06 00:00:00+00:00, run_after=2026-05-07 00:00:00+00:00
[2026-05-07T23:46:13.544+0000] {processor.py:183} INFO - Processing /home/airflow/.local/lib/python3.12/site-packages/airflow/example_dags/example_branch_datetime_operator.py took 0.095 seconds
[2026-05-07T23:46:43.775+0000] {processor.py:161} INFO - Started process (PID=10729) to work on /home/airflow/.local/lib/python3.12/site-packages/airflow/example_dags/example_branch_datetime_operator.py
[2026-05-07T23:46:43.777+0000] {processor.py:830} INFO - Processing file /home/airflow/.local/lib/python3.12/site-packages/airflow/example_dags/example_branch_datetime_operator.py for tasks to queue
[2026-05-07T23:46:43.778+0000] {logging_mixin.py:188} INFO - [2026-05-07T23:46:43.778+0000] {dagbag.py:545} INFO - Filling up the DagBag from /home/airflow/.local/lib/python3.12/site-packages/airflow/example_dags/example_branch_datetime_operator.py
[2026-05-07T23:46:43.787+0000] {processor.py:840} INFO - DAG(s) 'example_branch_datetime_operator_3', 'example_branch_datetime_operator_2', 'example_branch_datetime_operator' retrieved from /home/airflow/.local/lib/python3.12/site-packages/airflow/example_dags/example_branch_datetime_operator.py
[2026-05-07T23:46:43.813+0000] {logging_mixin.py:188} INFO - [2026-05-07T23:46:43.813+0000] {dag.py:3096} INFO - Sync 3 DAGs
[2026-05-07T23:46:43.839+0000] {logging_mixin.py:188} INFO - [2026-05-07T23:46:43.838+0000] {dag.py:3954} INFO - Setting next_dagrun for example_branch_datetime_operator to 2026-05-06 00:00:00+00:00, run_after=2026-05-07 00:00:00+00:00
[2026-05-07T23:46:43.843+0000] {logging_mixin.py:188} INFO - [2026-05-07T23:46:43.843+0000] {dag.py:3954} INFO - Setting next_dagrun for example_branch_datetime_operator_2 to 2026-05-06 00:00:00+00:00, run_after=2026-05-07 00:00:00+00:00
[2026-05-07T23:46:43.846+0000] {logging_mixin.py:188} INFO - [2026-05-07T23:46:43.846+0000] {dag.py:3954} INFO - Setting next_dagrun for example_branch_datetime_operator_3 to 2026-05-06 00:00:00+00:00, run_after=2026-05-07 00:00:00+00:00
[2026-05-07T23:46:43.867+0000] {processor.py:183} INFO - Processing /home/airflow/.local/lib/python3.12/site-packages/airflow/example_dags/example_branch_datetime_operator.py took 0.098 seconds
[2026-05-07T23:47:14.340+0000] {processor.py:161} INFO - Started process (PID=10786) to work on /home/airflow/.local/lib/python3.12/site-packages/airflow/example_dags/example_branch_datetime_operator.py
[2026-05-07T23:47:14.341+0000] {processor.py:830} INFO - Processing file /home/airflow/.local/lib/python3.12/site-packages/airflow/example_dags/example_branch_datetime_operator.py for tasks to queue
[2026-05-07T23:47:14.343+0000] {logging_mixin.py:188} INFO - [2026-05-07T23:47:14.343+0000] {dagbag.py:545} INFO - Filling up the DagBag from /home/airflow/.local/lib/python3.12/site-packages/airflow/example_dags/example_branch_datetime_operator.py
[2026-05-07T23:47:14.353+0000] {processor.py:840} INFO - DAG(s) 'example_branch_datetime_operator', 'example_branch_datetime_operator_2', 'example_branch_datetime_operator_3' retrieved from /home/airflow/.local/lib/python3.12/site-packages/airflow/example_dags/example_branch_datetime_operator.py
[2026-05-07T23:47:14.380+0000] {logging_mixin.py:188} INFO - [2026-05-07T23:47:14.380+0000] {dag.py:3096} INFO - Sync 3 DAGs
[2026-05-07T23:47:14.401+0000] {logging_mixin.py:188} INFO - [2026-05-07T23:47:14.401+0000] {dag.py:3954} INFO - Setting next_dagrun for example_branch_datetime_operator to 2026-05-06 00:00:00+00:00, run_after=2026-05-07 00:00:00+00:00
[2026-05-07T23:47:14.406+0000] {logging_mixin.py:188} INFO - [2026-05-07T23:47:14.405+0000] {dag.py:3954} INFO - Setting next_dagrun for example_branch_datetime_operator_2 to 2026-05-06 00:00:00+00:00, run_after=2026-05-07 00:00:00+00:00
[2026-05-07T23:47:14.409+0000] {logging_mixin.py:188} INFO - [2026-05-07T23:47:14.408+0000] {dag.py:3954} INFO - Setting next_dagrun for example_branch_datetime_operator_3 to 2026-05-06 00:00:00+00:00, run_after=2026-05-07 00:00:00+00:00
[2026-05-07T23:47:14.431+0000] {processor.py:183} INFO - Processing /home/airflow/.local/lib/python3.12/site-packages/airflow/example_dags/example_branch_datetime_operator.py took 0.096 seconds
[2026-05-07T23:47:44.861+0000] {processor.py:161} INFO - Started process (PID=10844) to work on /home/airflow/.local/lib/python3.12/site-packages/airflow/example_dags/example_branch_datetime_operator.py
[2026-05-07T23:47:44.863+0000] {processor.py:830} INFO - Processing file /home/airflow/.local/lib/python3.12/site-packages/airflow/example_dags/example_branch_datetime_operator.py for tasks to queue
[2026-05-07T23:47:44.867+0000] {logging_mixin.py:188} INFO - [2026-05-07T23:47:44.867+0000] {dagbag.py:545} INFO - Filling up the DagBag from /home/airflow/.local/lib/python3.12/site-packages/airflow/example_dags/example_branch_datetime_operator.py
[2026-05-07T23:47:44.885+0000] {processor.py:840} INFO - DAG(s) 'example_branch_datetime_operator_3', 'example_branch_datetime_operator_2', 'example_branch_datetime_operator' retrieved from /home/airflow/.local/lib/python3.12/site-packages/airflow/example_dags/example_branch_datetime_operator.py
[2026-05-07T23:47:44.930+0000] {logging_mixin.py:188} INFO - [2026-05-07T23:47:44.930+0000] {dag.py:3096} INFO - Sync 3 DAGs
[2026-05-07T23:47:44.973+0000] {logging_mixin.py:188} INFO - [2026-05-07T23:47:44.973+0000] {dag.py:3954} INFO - Setting next_dagrun for example_branch_datetime_operator to 2026-05-06 00:00:00+00:00, run_after=2026-05-07 00:00:00+00:00
[2026-05-07T23:47:44.980+0000] {logging_mixin.py:188} INFO - [2026-05-07T23:47:44.979+0000] {dag.py:3954} INFO - Setting next_dagrun for example_branch_datetime_operator_2 to 2026-05-06 00:00:00+00:00, run_after=2026-05-07 00:00:00+00:00
[2026-05-07T23:47:44.983+0000] {logging_mixin.py:188} INFO - [2026-05-07T23:47:44.983+0000] {dag.py:3954} INFO - Setting next_dagrun for example_branch_datetime_operator_3 to 2026-05-06 00:00:00+00:00, run_after=2026-05-07 00:00:00+00:00
[2026-05-07T23:47:45.023+0000] {processor.py:183} INFO - Processing /home/airflow/.local/lib/python3.12/site-packages/airflow/example_dags/example_branch_datetime_operator.py took 0.171 seconds
[2026-05-07T23:48:15.370+0000] {processor.py:161} INFO - Started process (PID=10902) to work on /home/airflow/.local/lib/python3.12/site-packages/airflow/example_dags/example_branch_datetime_operator.py
[2026-05-07T23:48:15.372+0000] {processor.py:830} INFO - Processing file /home/airflow/.local/lib/python3.12/site-packages/airflow/example_dags/example_branch_datetime_operator.py for tasks to queue
[2026-05-07T23:48:15.374+0000] {logging_mixin.py:188} INFO - [2026-05-07T23:48:15.374+0000] {dagbag.py:545} INFO - Filling up the DagBag from /home/airflow/.local/lib/python3.12/site-packages/airflow/example_dags/example_branch_datetime_operator.py
[2026-05-07T23:48:15.386+0000] {processor.py:840} INFO - DAG(s) 'example_branch_datetime_operator_2', 'example_branch_datetime_operator', 'example_branch_datetime_operator_3' retrieved from /home/airflow/.local/lib/python3.12/site-packages/airflow/example_dags/example_branch_datetime_operator.py
[2026-05-07T23:48:15.426+0000] {logging_mixin.py:188} INFO - [2026-05-07T23:48:15.425+0000] {dag.py:3096} INFO - Sync 3 DAGs
[2026-05-07T23:48:15.457+0000] {logging_mixin.py:188} INFO - [2026-05-07T23:48:15.456+0000] {dag.py:3954} INFO - Setting next_dagrun for example_branch_datetime_operator to 2026-05-06 00:00:00+00:00, run_after=2026-05-07 00:00:00+00:00
[2026-05-07T23:48:15.464+0000] {logging_mixin.py:188} INFO - [2026-05-07T23:48:15.463+0000] {dag.py:3954} INFO - Setting next_dagrun for example_branch_datetime_operator_2 to 2026-05-06 00:00:00+00:00, run_after=2026-05-07 00:00:00+00:00
[2026-05-07T23:48:15.467+0000] {logging_mixin.py:188} INFO - [2026-05-07T23:48:15.467+0000] {dag.py:3954} INFO - Setting next_dagrun for example_branch_datetime_operator_3 to 2026-05-06 00:00:00+00:00, run_after=2026-05-07 00:00:00+00:00
[2026-05-07T23:48:15.502+0000] {processor.py:183} INFO - Processing /home/airflow/.local/lib/python3.12/site-packages/airflow/example_dags/example_branch_datetime_operator.py took 0.139 seconds
[2026-05-07T23:48:45.588+0000] {processor.py:161} INFO - Started process (PID=10960) to work on /home/airflow/.local/lib/python3.12/site-packages/airflow/example_dags/example_branch_datetime_operator.py
[2026-05-07T23:48:45.589+0000] {processor.py:830} INFO - Processing file /home/airflow/.local/lib/python3.12/site-packages/airflow/example_dags/example_branch_datetime_operator.py for tasks to queue
[2026-05-07T23:48:45.591+0000] {logging_mixin.py:188} INFO - [2026-05-07T23:48:45.591+0000] {dagbag.py:545} INFO - Filling up the DagBag from /home/airflow/.local/lib/python3.12/site-packages/airflow/example_dags/example_branch_datetime_operator.py
[2026-05-07T23:48:45.600+0000] {processor.py:840} INFO - DAG(s) 'example_branch_datetime_operator_3', 'example_branch_datetime_operator', 'example_branch_datetime_operator_2' retrieved from /home/airflow/.local/lib/python3.12/site-packages/airflow/example_dags/example_branch_datetime_operator.py
[2026-05-07T23:48:45.628+0000] {logging_mixin.py:188} INFO - [2026-05-07T23:48:45.628+0000] {dag.py:3096} INFO - Sync 3 DAGs
[2026-05-07T23:48:45.647+0000] {logging_mixin.py:188} INFO - [2026-05-07T23:48:45.647+0000] {dag.py:3954} INFO - Setting next_dagrun for example_branch_datetime_operator to 2026-05-06 00:00:00+00:00, run_after=2026-05-07 00:00:00+00:00
[2026-05-07T23:48:45.652+0000] {logging_mixin.py:188} INFO - [2026-05-07T23:48:45.652+0000] {dag.py:3954} INFO - Setting next_dagrun for example_branch_datetime_operator_2 to 2026-05-06 00:00:00+00:00, run_after=2026-05-07 00:00:00+00:00
[2026-05-07T23:48:45.655+0000] {logging_mixin.py:188} INFO - [2026-05-07T23:48:45.655+0000] {dag.py:3954} INFO - Setting next_dagrun for example_branch_datetime_operator_3 to 2026-05-06 00:00:00+00:00, run_after=2026-05-07 00:00:00+00:00
[2026-05-07T23:48:45.674+0000] {processor.py:183} INFO - Processing /home/airflow/.local/lib/python3.12/site-packages/airflow/example_dags/example_branch_datetime_operator.py took 0.092 seconds
[2026-05-07T23:49:16.301+0000] {processor.py:161} INFO - Started process (PID=11018) to work on /home/airflow/.local/lib/python3.12/site-packages/airflow/example_dags/example_branch_datetime_operator.py
[2026-05-07T23:49:16.303+0000] {processor.py:830} INFO - Processing file /home/airflow/.local/lib/python3.12/site-packages/airflow/example_dags/example_branch_datetime_operator.py for tasks to queue
[2026-05-07T23:49:16.305+0000] {logging_mixin.py:188} INFO - [2026-05-07T23:49:16.305+0000] {dagbag.py:545} INFO - Filling up the DagBag from /home/airflow/.local/lib/python3.12/site-packages/airflow/example_dags/example_branch_datetime_operator.py
[2026-05-07T23:49:16.315+0000] {processor.py:840} INFO - DAG(s) 'example_branch_datetime_operator', 'example_branch_datetime_operator_2', 'example_branch_datetime_operator_3' retrieved from /home/airflow/.local/lib/python3.12/site-packages/airflow/example_dags/example_branch_datetime_operator.py
[2026-05-07T23:49:16.342+0000] {logging_mixin.py:188} INFO - [2026-05-07T23:49:16.342+0000] {dag.py:3096} INFO - Sync 3 DAGs
[2026-05-07T23:49:16.364+0000] {logging_mixin.py:188} INFO - [2026-05-07T23:49:16.363+0000] {dag.py:3954} INFO - Setting next_dagrun for example_branch_datetime_operator to 2026-05-06 00:00:00+00:00, run_after=2026-05-07 00:00:00+00:00
[2026-05-07T23:49:16.370+0000] {logging_mixin.py:188} INFO - [2026-05-07T23:49:16.370+0000] {dag.py:3954} INFO - Setting next_dagrun for example_branch_datetime_operator_2 to 2026-05-06 00:00:00+00:00, run_after=2026-05-07 00:00:00+00:00
[2026-05-07T23:49:16.373+0000] {logging_mixin.py:188} INFO - [2026-05-07T23:49:16.372+0000] {dag.py:3954} INFO - Setting next_dagrun for example_branch_datetime_operator_3 to 2026-05-06 00:00:00+00:00, run_after=2026-05-07 00:00:00+00:00
[2026-05-07T23:49:16.392+0000] {processor.py:183} INFO - Processing /home/airflow/.local/lib/python3.12/site-packages/airflow/example_dags/example_branch_datetime_operator.py took 0.097 seconds
[2026-05-07T23:49:46.886+0000] {processor.py:161} INFO - Started process (PID=11076) to work on /home/airflow/.local/lib/python3.12/site-packages/airflow/example_dags/example_branch_datetime_operator.py
[2026-05-07T23:49:46.887+0000] {processor.py:830} INFO - Processing file /home/airflow/.local/lib/python3.12/site-packages/airflow/example_dags/example_branch_datetime_operator.py for tasks to queue
[2026-05-07T23:49:46.890+0000] {logging_mixin.py:188} INFO - [2026-05-07T23:49:46.889+0000] {dagbag.py:545} INFO - Filling up the DagBag from /home/airflow/.local/lib/python3.12/site-packages/airflow/example_dags/example_branch_datetime_operator.py
[2026-05-07T23:49:46.900+0000] {processor.py:840} INFO - DAG(s) 'example_branch_datetime_operator_3', 'example_branch_datetime_operator_2', 'example_branch_datetime_operator' retrieved from /home/airflow/.local/lib/python3.12/site-packages/airflow/example_dags/example_branch_datetime_operator.py
[2026-05-07T23:49:46.926+0000] {logging_mixin.py:188} INFO - [2026-05-07T23:49:46.926+0000] {dag.py:3096} INFO - Sync 3 DAGs
[2026-05-07T23:49:46.946+0000] {logging_mixin.py:188} INFO - [2026-05-07T23:49:46.946+0000] {dag.py:3954} INFO - Setting next_dagrun for example_branch_datetime_operator to 2026-05-06 00:00:00+00:00, run_after=2026-05-07 00:00:00+00:00
[2026-05-07T23:49:46.951+0000] {logging_mixin.py:188} INFO - [2026-05-07T23:49:46.950+0000] {dag.py:3954} INFO - Setting next_dagrun for example_branch_datetime_operator_2 to 2026-05-06 00:00:00+00:00, run_after=2026-05-07 00:00:00+00:00
[2026-05-07T23:49:46.953+0000] {logging_mixin.py:188} INFO - [2026-05-07T23:49:46.953+0000] {dag.py:3954} INFO - Setting next_dagrun for example_branch_datetime_operator_3 to 2026-05-06 00:00:00+00:00, run_after=2026-05-07 00:00:00+00:00
[2026-05-07T23:49:46.973+0000] {processor.py:183} INFO - Processing /home/airflow/.local/lib/python3.12/site-packages/airflow/example_dags/example_branch_datetime_operator.py took 0.093 seconds
[2026-05-07T23:50:17.231+0000] {processor.py:161} INFO - Started process (PID=11134) to work on /home/airflow/.local/lib/python3.12/site-packages/airflow/example_dags/example_branch_datetime_operator.py
[2026-05-07T23:50:17.232+0000] {processor.py:830} INFO - Processing file /home/airflow/.local/lib/python3.12/site-packages/airflow/example_dags/example_branch_datetime_operator.py for tasks to queue
[2026-05-07T23:50:17.234+0000] {logging_mixin.py:188} INFO - [2026-05-07T23:50:17.234+0000] {dagbag.py:545} INFO - Filling up the DagBag from /home/airflow/.local/lib/python3.12/site-packages/airflow/example_dags/example_branch_datetime_operator.py
[2026-05-07T23:50:17.244+0000] {processor.py:840} INFO - DAG(s) 'example_branch_datetime_operator_3', 'example_branch_datetime_operator', 'example_branch_datetime_operator_2' retrieved from /home/airflow/.local/lib/python3.12/site-packages/airflow/example_dags/example_branch_datetime_operator.py
[2026-05-07T23:50:17.270+0000] {logging_mixin.py:188} INFO - [2026-05-07T23:50:17.270+0000] {dag.py:3096} INFO - Sync 3 DAGs
[2026-05-07T23:50:17.292+0000] {logging_mixin.py:188} INFO - [2026-05-07T23:50:17.291+0000] {dag.py:3954} INFO - Setting next_dagrun for example_branch_datetime_operator to 2026-05-06 00:00:00+00:00, run_after=2026-05-07 00:00:00+00:00
[2026-05-07T23:50:17.296+0000] {logging_mixin.py:188} INFO - [2026-05-07T23:50:17.296+0000] {dag.py:3954} INFO - Setting next_dagrun for example_branch_datetime_operator_2 to 2026-05-06 00:00:00+00:00, run_after=2026-05-07 00:00:00+00:00
[2026-05-07T23:50:17.302+0000] {logging_mixin.py:188} INFO - [2026-05-07T23:50:17.302+0000] {dag.py:3954} INFO - Setting next_dagrun for example_branch_datetime_operator_3 to 2026-05-06 00:00:00+00:00, run_after=2026-05-07 00:00:00+00:00
[2026-05-07T23:50:17.321+0000] {processor.py:183} INFO - Processing /home/airflow/.local/lib/python3.12/site-packages/airflow/example_dags/example_branch_datetime_operator.py took 0.095 seconds
[2026-05-07T23:50:47.584+0000] {processor.py:161} INFO - Started process (PID=11192) to work on /home/airflow/.local/lib/python3.12/site-packages/airflow/example_dags/example_branch_datetime_operator.py
[2026-05-07T23:50:47.585+0000] {processor.py:830} INFO - Processing file /home/airflow/.local/lib/python3.12/site-packages/airflow/example_dags/example_branch_datetime_operator.py for tasks to queue
[2026-05-07T23:50:47.588+0000] {logging_mixin.py:188} INFO - [2026-05-07T23:50:47.587+0000] {dagbag.py:545} INFO - Filling up the DagBag from /home/airflow/.local/lib/python3.12/site-packages/airflow/example_dags/example_branch_datetime_operator.py
[2026-05-07T23:50:47.597+0000] {processor.py:840} INFO - DAG(s) 'example_branch_datetime_operator_2', 'example_branch_datetime_operator_3', 'example_branch_datetime_operator' retrieved from /home/airflow/.local/lib/python3.12/site-packages/airflow/example_dags/example_branch_datetime_operator.py
[2026-05-07T23:50:47.637+0000] {logging_mixin.py:188} INFO - [2026-05-07T23:50:47.637+0000] {dag.py:3096} INFO - Sync 3 DAGs
[2026-05-07T23:50:47.675+0000] {logging_mixin.py:188} INFO - [2026-05-07T23:50:47.674+0000] {dag.py:3954} INFO - Setting next_dagrun for example_branch_datetime_operator to 2026-05-06 00:00:00+00:00, run_after=2026-05-07 00:00:00+00:00
[2026-05-07T23:50:47.686+0000] {logging_mixin.py:188} INFO - [2026-05-07T23:50:47.686+0000] {dag.py:3954} INFO - Setting next_dagrun for example_branch_datetime_operator_2 to 2026-05-06 00:00:00+00:00, run_after=2026-05-07 00:00:00+00:00
[2026-05-07T23:50:47.696+0000] {logging_mixin.py:188} INFO - [2026-05-07T23:50:47.694+0000] {dag.py:3954} INFO - Setting next_dagrun for example_branch_datetime_operator_3 to 2026-05-06 00:00:00+00:00, run_after=2026-05-07 00:00:00+00:00
[2026-05-07T23:50:47.730+0000] {processor.py:183} INFO - Processing /home/airflow/.local/lib/python3.12/site-packages/airflow/example_dags/example_branch_datetime_operator.py took 0.151 seconds
[2026-05-07T23:51:17.834+0000] {processor.py:161} INFO - Started process (PID=11250) to work on /home/airflow/.local/lib/python3.12/site-packages/airflow/example_dags/example_branch_datetime_operator.py
[2026-05-07T23:51:17.835+0000] {processor.py:830} INFO - Processing file /home/airflow/.local/lib/python3.12/site-packages/airflow/example_dags/example_branch_datetime_operator.py for tasks to queue
[2026-05-07T23:51:17.838+0000] {logging_mixin.py:188} INFO - [2026-05-07T23:51:17.838+0000] {dagbag.py:545} INFO - Filling up the DagBag from /home/airflow/.local/lib/python3.12/site-packages/airflow/example_dags/example_branch_datetime_operator.py
[2026-05-07T23:51:17.856+0000] {processor.py:840} INFO - DAG(s) 'example_branch_datetime_operator', 'example_branch_datetime_operator_3', 'example_branch_datetime_operator_2' retrieved from /home/airflow/.local/lib/python3.12/site-packages/airflow/example_dags/example_branch_datetime_operator.py
[2026-05-07T23:51:17.886+0000] {logging_mixin.py:188} INFO - [2026-05-07T23:51:17.885+0000] {dag.py:3096} INFO - Sync 3 DAGs
[2026-05-07T23:51:17.909+0000] {logging_mixin.py:188} INFO - [2026-05-07T23:51:17.908+0000] {dag.py:3954} INFO - Setting next_dagrun for example_branch_datetime_operator to 2026-05-06 00:00:00+00:00, run_after=2026-05-07 00:00:00+00:00
[2026-05-07T23:51:17.913+0000] {logging_mixin.py:188} INFO - [2026-05-07T23:51:17.913+0000] {dag.py:3954} INFO - Setting next_dagrun for example_branch_datetime_operator_2 to 2026-05-06 00:00:00+00:00, run_after=2026-05-07 00:00:00+00:00
[2026-05-07T23:51:17.915+0000] {logging_mixin.py:188} INFO - [2026-05-07T23:51:17.915+0000] {dag.py:3954} INFO - Setting next_dagrun for example_branch_datetime_operator_3 to 2026-05-06 00:00:00+00:00, run_after=2026-05-07 00:00:00+00:00
[2026-05-07T23:51:17.935+0000] {processor.py:183} INFO - Processing /home/airflow/.local/lib/python3.12/site-packages/airflow/example_dags/example_branch_datetime_operator.py took 0.110 seconds
[2026-05-07T23:51:47.988+0000] {processor.py:161} INFO - Started process (PID=11308) to work on /home/airflow/.local/lib/python3.12/site-packages/airflow/example_dags/example_branch_datetime_operator.py
[2026-05-07T23:51:47.989+0000] {processor.py:830} INFO - Processing file /home/airflow/.local/lib/python3.12/site-packages/airflow/example_dags/example_branch_datetime_operator.py for tasks to queue
[2026-05-07T23:51:47.992+0000] {logging_mixin.py:188} INFO - [2026-05-07T23:51:47.991+0000] {dagbag.py:545} INFO - Filling up the DagBag from /home/airflow/.local/lib/python3.12/site-packages/airflow/example_dags/example_branch_datetime_operator.py
[2026-05-07T23:51:48.000+0000] {processor.py:840} INFO - DAG(s) 'example_branch_datetime_operator', 'example_branch_datetime_operator_3', 'example_branch_datetime_operator_2' retrieved from /home/airflow/.local/lib/python3.12/site-packages/airflow/example_dags/example_branch_datetime_operator.py
[2026-05-07T23:51:48.029+0000] {logging_mixin.py:188} INFO - [2026-05-07T23:51:48.029+0000] {dag.py:3096} INFO - Sync 3 DAGs
[2026-05-07T23:51:48.048+0000] {logging_mixin.py:188} INFO - [2026-05-07T23:51:48.048+0000] {dag.py:3954} INFO - Setting next_dagrun for example_branch_datetime_operator to 2026-05-06 00:00:00+00:00, run_after=2026-05-07 00:00:00+00:00
[2026-05-07T23:51:48.053+0000] {logging_mixin.py:188} INFO - [2026-05-07T23:51:48.052+0000] {dag.py:3954} INFO - Setting next_dagrun for example_branch_datetime_operator_2 to 2026-05-06 00:00:00+00:00, run_after=2026-05-07 00:00:00+00:00
[2026-05-07T23:51:48.056+0000] {logging_mixin.py:188} INFO - [2026-05-07T23:51:48.055+0000] {dag.py:3954} INFO - Setting next_dagrun for example_branch_datetime_operator_3 to 2026-05-06 00:00:00+00:00, run_after=2026-05-07 00:00:00+00:00
[2026-05-07T23:51:48.075+0000] {processor.py:183} INFO - Processing /home/airflow/.local/lib/python3.12/site-packages/airflow/example_dags/example_branch_datetime_operator.py took 0.093 seconds
[2026-05-07T23:52:18.496+0000] {processor.py:161} INFO - Started process (PID=11366) to work on /home/airflow/.local/lib/python3.12/site-packages/airflow/example_dags/example_branch_datetime_operator.py
[2026-05-07T23:52:18.498+0000] {processor.py:830} INFO - Processing file /home/airflow/.local/lib/python3.12/site-packages/airflow/example_dags/example_branch_datetime_operator.py for tasks to queue
[2026-05-07T23:52:18.500+0000] {logging_mixin.py:188} INFO - [2026-05-07T23:52:18.499+0000] {dagbag.py:545} INFO - Filling up the DagBag from /home/airflow/.local/lib/python3.12/site-packages/airflow/example_dags/example_branch_datetime_operator.py
[2026-05-07T23:52:18.510+0000] {processor.py:840} INFO - DAG(s) 'example_branch_datetime_operator_3', 'example_branch_datetime_operator', 'example_branch_datetime_operator_2' retrieved from /home/airflow/.local/lib/python3.12/site-packages/airflow/example_dags/example_branch_datetime_operator.py
[2026-05-07T23:52:18.543+0000] {logging_mixin.py:188} INFO - [2026-05-07T23:52:18.543+0000] {dag.py:3096} INFO - Sync 3 DAGs
[2026-05-07T23:52:18.574+0000] {logging_mixin.py:188} INFO - [2026-05-07T23:52:18.574+0000] {dag.py:3954} INFO - Setting next_dagrun for example_branch_datetime_operator to 2026-05-06 00:00:00+00:00, run_after=2026-05-07 00:00:00+00:00
[2026-05-07T23:52:18.579+0000] {logging_mixin.py:188} INFO - [2026-05-07T23:52:18.578+0000] {dag.py:3954} INFO - Setting next_dagrun for example_branch_datetime_operator_2 to 2026-05-06 00:00:00+00:00, run_after=2026-05-07 00:00:00+00:00
[2026-05-07T23:52:18.581+0000] {logging_mixin.py:188} INFO - [2026-05-07T23:52:18.581+0000] {dag.py:3954} INFO - Setting next_dagrun for example_branch_datetime_operator_3 to 2026-05-06 00:00:00+00:00, run_after=2026-05-07 00:00:00+00:00
[2026-05-07T23:52:18.604+0000] {processor.py:183} INFO - Processing /home/airflow/.local/lib/python3.12/site-packages/airflow/example_dags/example_branch_datetime_operator.py took 0.113 seconds
[2026-05-07T23:52:49.163+0000] {processor.py:161} INFO - Started process (PID=11430) to work on /home/airflow/.local/lib/python3.12/site-packages/airflow/example_dags/example_branch_datetime_operator.py
[2026-05-07T23:52:49.165+0000] {processor.py:830} INFO - Processing file /home/airflow/.local/lib/python3.12/site-packages/airflow/example_dags/example_branch_datetime_operator.py for tasks to queue
[2026-05-07T23:52:49.168+0000] {logging_mixin.py:188} INFO - [2026-05-07T23:52:49.167+0000] {dagbag.py:545} INFO - Filling up the DagBag from /home/airflow/.local/lib/python3.12/site-packages/airflow/example_dags/example_branch_datetime_operator.py
[2026-05-07T23:52:49.178+0000] {processor.py:840} INFO - DAG(s) 'example_branch_datetime_operator_2', 'example_branch_datetime_operator_3', 'example_branch_datetime_operator' retrieved from /home/airflow/.local/lib/python3.12/site-packages/airflow/example_dags/example_branch_datetime_operator.py
[2026-05-07T23:52:49.207+0000] {logging_mixin.py:188} INFO - [2026-05-07T23:52:49.207+0000] {dag.py:3096} INFO - Sync 3 DAGs
[2026-05-07T23:52:49.228+0000] {logging_mixin.py:188} INFO - [2026-05-07T23:52:49.227+0000] {dag.py:3954} INFO - Setting next_dagrun for example_branch_datetime_operator to 2026-05-06 00:00:00+00:00, run_after=2026-05-07 00:00:00+00:00
[2026-05-07T23:52:49.232+0000] {logging_mixin.py:188} INFO - [2026-05-07T23:52:49.232+0000] {dag.py:3954} INFO - Setting next_dagrun for example_branch_datetime_operator_2 to 2026-05-06 00:00:00+00:00, run_after=2026-05-07 00:00:00+00:00
[2026-05-07T23:52:49.235+0000] {logging_mixin.py:188} INFO - [2026-05-07T23:52:49.235+0000] {dag.py:3954} INFO - Setting next_dagrun for example_branch_datetime_operator_3 to 2026-05-06 00:00:00+00:00, run_after=2026-05-07 00:00:00+00:00
[2026-05-07T23:52:49.254+0000] {processor.py:183} INFO - Processing /home/airflow/.local/lib/python3.12/site-packages/airflow/example_dags/example_branch_datetime_operator.py took 0.096 seconds
[2026-05-07T23:53:19.815+0000] {processor.py:161} INFO - Started process (PID=11488) to work on /home/airflow/.local/lib/python3.12/site-packages/airflow/example_dags/example_branch_datetime_operator.py
[2026-05-07T23:53:19.817+0000] {processor.py:830} INFO - Processing file /home/airflow/.local/lib/python3.12/site-packages/airflow/example_dags/example_branch_datetime_operator.py for tasks to queue
[2026-05-07T23:53:19.819+0000] {logging_mixin.py:188} INFO - [2026-05-07T23:53:19.819+0000] {dagbag.py:545} INFO - Filling up the DagBag from /home/airflow/.local/lib/python3.12/site-packages/airflow/example_dags/example_branch_datetime_operator.py
[2026-05-07T23:53:19.831+0000] {processor.py:840} INFO - DAG(s) 'example_branch_datetime_operator_3', 'example_branch_datetime_operator', 'example_branch_datetime_operator_2' retrieved from /home/airflow/.local/lib/python3.12/site-packages/airflow/example_dags/example_branch_datetime_operator.py
[2026-05-07T23:53:19.882+0000] {logging_mixin.py:188} INFO - [2026-05-07T23:53:19.881+0000] {dag.py:3096} INFO - Sync 3 DAGs
[2026-05-07T23:53:19.936+0000] {logging_mixin.py:188} INFO - [2026-05-07T23:53:19.936+0000] {dag.py:3954} INFO - Setting next_dagrun for example_branch_datetime_operator to 2026-05-06 00:00:00+00:00, run_after=2026-05-07 00:00:00+00:00
[2026-05-07T23:53:19.946+0000] {logging_mixin.py:188} INFO - [2026-05-07T23:53:19.945+0000] {dag.py:3954} INFO - Setting next_dagrun for example_branch_datetime_operator_2 to 2026-05-06 00:00:00+00:00, run_after=2026-05-07 00:00:00+00:00
[2026-05-07T23:53:19.951+0000] {logging_mixin.py:188} INFO - [2026-05-07T23:53:19.951+0000] {dag.py:3954} INFO - Setting next_dagrun for example_branch_datetime_operator_3 to 2026-05-06 00:00:00+00:00, run_after=2026-05-07 00:00:00+00:00
[2026-05-07T23:53:19.988+0000] {processor.py:183} INFO - Processing /home/airflow/.local/lib/python3.12/site-packages/airflow/example_dags/example_branch_datetime_operator.py took 0.179 seconds
[2026-05-07T23:53:50.142+0000] {processor.py:161} INFO - Started process (PID=11546) to work on /home/airflow/.local/lib/python3.12/site-packages/airflow/example_dags/example_branch_datetime_operator.py
[2026-05-07T23:53:50.143+0000] {processor.py:830} INFO - Processing file /home/airflow/.local/lib/python3.12/site-packages/airflow/example_dags/example_branch_datetime_operator.py for tasks to queue
[2026-05-07T23:53:50.146+0000] {logging_mixin.py:188} INFO - [2026-05-07T23:53:50.146+0000] {dagbag.py:545} INFO - Filling up the DagBag from /home/airflow/.local/lib/python3.12/site-packages/airflow/example_dags/example_branch_datetime_operator.py
[2026-05-07T23:53:50.157+0000] {processor.py:840} INFO - DAG(s) 'example_branch_datetime_operator_2', 'example_branch_datetime_operator_3', 'example_branch_datetime_operator' retrieved from /home/airflow/.local/lib/python3.12/site-packages/airflow/example_dags/example_branch_datetime_operator.py
[2026-05-07T23:53:50.189+0000] {logging_mixin.py:188} INFO - [2026-05-07T23:53:50.188+0000] {dag.py:3096} INFO - Sync 3 DAGs
[2026-05-07T23:53:50.212+0000] {logging_mixin.py:188} INFO - [2026-05-07T23:53:50.212+0000] {dag.py:3954} INFO - Setting next_dagrun for example_branch_datetime_operator to 2026-05-06 00:00:00+00:00, run_after=2026-05-07 00:00:00+00:00
[2026-05-07T23:53:50.218+0000] {logging_mixin.py:188} INFO - [2026-05-07T23:53:50.217+0000] {dag.py:3954} INFO - Setting next_dagrun for example_branch_datetime_operator_2 to 2026-05-06 00:00:00+00:00, run_after=2026-05-07 00:00:00+00:00
[2026-05-07T23:53:50.220+0000] {logging_mixin.py:188} INFO - [2026-05-07T23:53:50.220+0000] {dag.py:3954} INFO - Setting next_dagrun for example_branch_datetime_operator_3 to 2026-05-06 00:00:00+00:00, run_after=2026-05-07 00:00:00+00:00
[2026-05-07T23:53:50.242+0000] {processor.py:183} INFO - Processing /home/airflow/.local/lib/python3.12/site-packages/airflow/example_dags/example_branch_datetime_operator.py took 0.107 seconds
[2026-05-07T23:54:20.393+0000] {processor.py:161} INFO - Started process (PID=11602) to work on /home/airflow/.local/lib/python3.12/site-packages/airflow/example_dags/example_branch_datetime_operator.py
[2026-05-07T23:54:20.394+0000] {processor.py:830} INFO - Processing file /home/airflow/.local/lib/python3.12/site-packages/airflow/example_dags/example_branch_datetime_operator.py for tasks to queue
[2026-05-07T23:54:20.397+0000] {logging_mixin.py:188} INFO - [2026-05-07T23:54:20.396+0000] {dagbag.py:545} INFO - Filling up the DagBag from /home/airflow/.local/lib/python3.12/site-packages/airflow/example_dags/example_branch_datetime_operator.py
[2026-05-07T23:54:20.414+0000] {processor.py:840} INFO - DAG(s) 'example_branch_datetime_operator_3', 'example_branch_datetime_operator', 'example_branch_datetime_operator_2' retrieved from /home/airflow/.local/lib/python3.12/site-packages/airflow/example_dags/example_branch_datetime_operator.py
[2026-05-07T23:54:20.449+0000] {logging_mixin.py:188} INFO - [2026-05-07T23:54:20.449+0000] {dag.py:3096} INFO - Sync 3 DAGs
[2026-05-07T23:54:20.470+0000] {logging_mixin.py:188} INFO - [2026-05-07T23:54:20.470+0000] {dag.py:3954} INFO - Setting next_dagrun for example_branch_datetime_operator to 2026-05-06 00:00:00+00:00, run_after=2026-05-07 00:00:00+00:00
[2026-05-07T23:54:20.474+0000] {logging_mixin.py:188} INFO - [2026-05-07T23:54:20.474+0000] {dag.py:3954} INFO - Setting next_dagrun for example_branch_datetime_operator_2 to 2026-05-06 00:00:00+00:00, run_after=2026-05-07 00:00:00+00:00
[2026-05-07T23:54:20.476+0000] {logging_mixin.py:188} INFO - [2026-05-07T23:54:20.476+0000] {dag.py:3954} INFO - Setting next_dagrun for example_branch_datetime_operator_3 to 2026-05-06 00:00:00+00:00, run_after=2026-05-07 00:00:00+00:00
[2026-05-07T23:54:20.493+0000] {processor.py:183} INFO - Processing /home/airflow/.local/lib/python3.12/site-packages/airflow/example_dags/example_branch_datetime_operator.py took 0.109 seconds
[2026-05-07T23:54:50.809+0000] {processor.py:161} INFO - Started process (PID=11660) to work on /home/airflow/.local/lib/python3.12/site-packages/airflow/example_dags/example_branch_datetime_operator.py
[2026-05-07T23:54:50.810+0000] {processor.py:830} INFO - Processing file /home/airflow/.local/lib/python3.12/site-packages/airflow/example_dags/example_branch_datetime_operator.py for tasks to queue
[2026-05-07T23:54:50.813+0000] {logging_mixin.py:188} INFO - [2026-05-07T23:54:50.812+0000] {dagbag.py:545} INFO - Filling up the DagBag from /home/airflow/.local/lib/python3.12/site-packages/airflow/example_dags/example_branch_datetime_operator.py
[2026-05-07T23:54:50.821+0000] {processor.py:840} INFO - DAG(s) 'example_branch_datetime_operator', 'example_branch_datetime_operator_3', 'example_branch_datetime_operator_2' retrieved from /home/airflow/.local/lib/python3.12/site-packages/airflow/example_dags/example_branch_datetime_operator.py
[2026-05-07T23:54:50.848+0000] {logging_mixin.py:188} INFO - [2026-05-07T23:54:50.848+0000] {dag.py:3096} INFO - Sync 3 DAGs
[2026-05-07T23:54:50.869+0000] {logging_mixin.py:188} INFO - [2026-05-07T23:54:50.869+0000] {dag.py:3954} INFO - Setting next_dagrun for example_branch_datetime_operator to 2026-05-06 00:00:00+00:00, run_after=2026-05-07 00:00:00+00:00
[2026-05-07T23:54:50.874+0000] {logging_mixin.py:188} INFO - [2026-05-07T23:54:50.874+0000] {dag.py:3954} INFO - Setting next_dagrun for example_branch_datetime_operator_2 to 2026-05-06 00:00:00+00:00, run_after=2026-05-07 00:00:00+00:00
[2026-05-07T23:54:50.877+0000] {logging_mixin.py:188} INFO - [2026-05-07T23:54:50.877+0000] {dag.py:3954} INFO - Setting next_dagrun for example_branch_datetime_operator_3 to 2026-05-06 00:00:00+00:00, run_after=2026-05-07 00:00:00+00:00
[2026-05-07T23:54:50.897+0000] {processor.py:183} INFO - Processing /home/airflow/.local/lib/python3.12/site-packages/airflow/example_dags/example_branch_datetime_operator.py took 0.094 seconds
[2026-05-07T23:55:21.169+0000] {processor.py:161} INFO - Started process (PID=11717) to work on /home/airflow/.local/lib/python3.12/site-packages/airflow/example_dags/example_branch_datetime_operator.py
[2026-05-07T23:55:21.170+0000] {processor.py:830} INFO - Processing file /home/airflow/.local/lib/python3.12/site-packages/airflow/example_dags/example_branch_datetime_operator.py for tasks to queue
[2026-05-07T23:55:21.172+0000] {logging_mixin.py:188} INFO - [2026-05-07T23:55:21.172+0000] {dagbag.py:545} INFO - Filling up the DagBag from /home/airflow/.local/lib/python3.12/site-packages/airflow/example_dags/example_branch_datetime_operator.py
[2026-05-07T23:55:21.180+0000] {processor.py:840} INFO - DAG(s) 'example_branch_datetime_operator_2', 'example_branch_datetime_operator_3', 'example_branch_datetime_operator' retrieved from /home/airflow/.local/lib/python3.12/site-packages/airflow/example_dags/example_branch_datetime_operator.py
[2026-05-07T23:55:21.203+0000] {logging_mixin.py:188} INFO - [2026-05-07T23:55:21.203+0000] {dag.py:3096} INFO - Sync 3 DAGs
[2026-05-07T23:55:21.221+0000] {logging_mixin.py:188} INFO - [2026-05-07T23:55:21.221+0000] {dag.py:3954} INFO - Setting next_dagrun for example_branch_datetime_operator to 2026-05-06 00:00:00+00:00, run_after=2026-05-07 00:00:00+00:00
[2026-05-07T23:55:21.225+0000] {logging_mixin.py:188} INFO - [2026-05-07T23:55:21.225+0000] {dag.py:3954} INFO - Setting next_dagrun for example_branch_datetime_operator_2 to 2026-05-06 00:00:00+00:00, run_after=2026-05-07 00:00:00+00:00
[2026-05-07T23:55:21.227+0000] {logging_mixin.py:188} INFO - [2026-05-07T23:55:21.227+0000] {dag.py:3954} INFO - Setting next_dagrun for example_branch_datetime_operator_3 to 2026-05-06 00:00:00+00:00, run_after=2026-05-07 00:00:00+00:00
[2026-05-07T23:55:21.243+0000] {processor.py:183} INFO - Processing /home/airflow/.local/lib/python3.12/site-packages/airflow/example_dags/example_branch_datetime_operator.py took 0.080 seconds
[2026-05-07T23:55:51.310+0000] {processor.py:161} INFO - Started process (PID=11775) to work on /home/airflow/.local/lib/python3.12/site-packages/airflow/example_dags/example_branch_datetime_operator.py
[2026-05-07T23:55:51.311+0000] {processor.py:830} INFO - Processing file /home/airflow/.local/lib/python3.12/site-packages/airflow/example_dags/example_branch_datetime_operator.py for tasks to queue
[2026-05-07T23:55:51.313+0000] {logging_mixin.py:188} INFO - [2026-05-07T23:55:51.313+0000] {dagbag.py:545} INFO - Filling up the DagBag from /home/airflow/.local/lib/python3.12/site-packages/airflow/example_dags/example_branch_datetime_operator.py
[2026-05-07T23:55:51.321+0000] {processor.py:840} INFO - DAG(s) 'example_branch_datetime_operator_3', 'example_branch_datetime_operator_2', 'example_branch_datetime_operator' retrieved from /home/airflow/.local/lib/python3.12/site-packages/airflow/example_dags/example_branch_datetime_operator.py
[2026-05-07T23:55:51.345+0000] {logging_mixin.py:188} INFO - [2026-05-07T23:55:51.345+0000] {dag.py:3096} INFO - Sync 3 DAGs
[2026-05-07T23:55:51.364+0000] {logging_mixin.py:188} INFO - [2026-05-07T23:55:51.363+0000] {dag.py:3954} INFO - Setting next_dagrun for example_branch_datetime_operator to 2026-05-06 00:00:00+00:00, run_after=2026-05-07 00:00:00+00:00
[2026-05-07T23:55:51.368+0000] {logging_mixin.py:188} INFO - [2026-05-07T23:55:51.368+0000] {dag.py:3954} INFO - Setting next_dagrun for example_branch_datetime_operator_2 to 2026-05-06 00:00:00+00:00, run_after=2026-05-07 00:00:00+00:00
[2026-05-07T23:55:51.371+0000] {logging_mixin.py:188} INFO - [2026-05-07T23:55:51.370+0000] {dag.py:3954} INFO - Setting next_dagrun for example_branch_datetime_operator_3 to 2026-05-06 00:00:00+00:00, run_after=2026-05-07 00:00:00+00:00
[2026-05-07T23:55:51.389+0000] {processor.py:183} INFO - Processing /home/airflow/.local/lib/python3.12/site-packages/airflow/example_dags/example_branch_datetime_operator.py took 0.085 seconds
[2026-05-07T23:56:21.537+0000] {processor.py:161} INFO - Started process (PID=11833) to work on /home/airflow/.local/lib/python3.12/site-packages/airflow/example_dags/example_branch_datetime_operator.py
[2026-05-07T23:56:21.538+0000] {processor.py:830} INFO - Processing file /home/airflow/.local/lib/python3.12/site-packages/airflow/example_dags/example_branch_datetime_operator.py for tasks to queue
[2026-05-07T23:56:21.540+0000] {logging_mixin.py:188} INFO - [2026-05-07T23:56:21.540+0000] {dagbag.py:545} INFO - Filling up the DagBag from /home/airflow/.local/lib/python3.12/site-packages/airflow/example_dags/example_branch_datetime_operator.py
[2026-05-07T23:56:21.548+0000] {processor.py:840} INFO - DAG(s) 'example_branch_datetime_operator_2', 'example_branch_datetime_operator_3', 'example_branch_datetime_operator' retrieved from /home/airflow/.local/lib/python3.12/site-packages/airflow/example_dags/example_branch_datetime_operator.py
[2026-05-07T23:56:21.571+0000] {logging_mixin.py:188} INFO - [2026-05-07T23:56:21.571+0000] {dag.py:3096} INFO - Sync 3 DAGs
[2026-05-07T23:56:21.590+0000] {logging_mixin.py:188} INFO - [2026-05-07T23:56:21.590+0000] {dag.py:3954} INFO - Setting next_dagrun for example_branch_datetime_operator to 2026-05-06 00:00:00+00:00, run_after=2026-05-07 00:00:00+00:00
[2026-05-07T23:56:21.594+0000] {logging_mixin.py:188} INFO - [2026-05-07T23:56:21.594+0000] {dag.py:3954} INFO - Setting next_dagrun for example_branch_datetime_operator_2 to 2026-05-06 00:00:00+00:00, run_after=2026-05-07 00:00:00+00:00
[2026-05-07T23:56:21.596+0000] {logging_mixin.py:188} INFO - [2026-05-07T23:56:21.596+0000] {dag.py:3954} INFO - Setting next_dagrun for example_branch_datetime_operator_3 to 2026-05-06 00:00:00+00:00, run_after=2026-05-07 00:00:00+00:00
[2026-05-07T23:56:21.611+0000] {processor.py:183} INFO - Processing /home/airflow/.local/lib/python3.12/site-packages/airflow/example_dags/example_branch_datetime_operator.py took 0.080 seconds
[2026-05-07T23:56:51.757+0000] {processor.py:161} INFO - Started process (PID=11891) to work on /home/airflow/.local/lib/python3.12/site-packages/airflow/example_dags/example_branch_datetime_operator.py
[2026-05-07T23:56:51.758+0000] {processor.py:830} INFO - Processing file /home/airflow/.local/lib/python3.12/site-packages/airflow/example_dags/example_branch_datetime_operator.py for tasks to queue
[2026-05-07T23:56:51.760+0000] {logging_mixin.py:188} INFO - [2026-05-07T23:56:51.760+0000] {dagbag.py:545} INFO - Filling up the DagBag from /home/airflow/.local/lib/python3.12/site-packages/airflow/example_dags/example_branch_datetime_operator.py
[2026-05-07T23:56:51.768+0000] {processor.py:840} INFO - DAG(s) 'example_branch_datetime_operator_2', 'example_branch_datetime_operator_3', 'example_branch_datetime_operator' retrieved from /home/airflow/.local/lib/python3.12/site-packages/airflow/example_dags/example_branch_datetime_operator.py
[2026-05-07T23:56:51.792+0000] {logging_mixin.py:188} INFO - [2026-05-07T23:56:51.792+0000] {dag.py:3096} INFO - Sync 3 DAGs
[2026-05-07T23:56:51.811+0000] {logging_mixin.py:188} INFO - [2026-05-07T23:56:51.811+0000] {dag.py:3954} INFO - Setting next_dagrun for example_branch_datetime_operator to 2026-05-06 00:00:00+00:00, run_after=2026-05-07 00:00:00+00:00
[2026-05-07T23:56:51.815+0000] {logging_mixin.py:188} INFO - [2026-05-07T23:56:51.815+0000] {dag.py:3954} INFO - Setting next_dagrun for example_branch_datetime_operator_2 to 2026-05-06 00:00:00+00:00, run_after=2026-05-07 00:00:00+00:00
[2026-05-07T23:56:51.817+0000] {logging_mixin.py:188} INFO - [2026-05-07T23:56:51.817+0000] {dag.py:3954} INFO - Setting next_dagrun for example_branch_datetime_operator_3 to 2026-05-06 00:00:00+00:00, run_after=2026-05-07 00:00:00+00:00
[2026-05-07T23:56:51.834+0000] {processor.py:183} INFO - Processing /home/airflow/.local/lib/python3.12/site-packages/airflow/example_dags/example_branch_datetime_operator.py took 0.082 seconds
[2026-05-07T23:57:22.166+0000] {processor.py:161} INFO - Started process (PID=11949) to work on /home/airflow/.local/lib/python3.12/site-packages/airflow/example_dags/example_branch_datetime_operator.py
[2026-05-07T23:57:22.167+0000] {processor.py:830} INFO - Processing file /home/airflow/.local/lib/python3.12/site-packages/airflow/example_dags/example_branch_datetime_operator.py for tasks to queue
[2026-05-07T23:57:22.169+0000] {logging_mixin.py:188} INFO - [2026-05-07T23:57:22.169+0000] {dagbag.py:545} INFO - Filling up the DagBag from /home/airflow/.local/lib/python3.12/site-packages/airflow/example_dags/example_branch_datetime_operator.py
[2026-05-07T23:57:22.178+0000] {processor.py:840} INFO - DAG(s) 'example_branch_datetime_operator', 'example_branch_datetime_operator_2', 'example_branch_datetime_operator_3' retrieved from /home/airflow/.local/lib/python3.12/site-packages/airflow/example_dags/example_branch_datetime_operator.py
[2026-05-07T23:57:22.206+0000] {logging_mixin.py:188} INFO - [2026-05-07T23:57:22.205+0000] {dag.py:3096} INFO - Sync 3 DAGs
[2026-05-07T23:57:22.227+0000] {logging_mixin.py:188} INFO - [2026-05-07T23:57:22.227+0000] {dag.py:3954} INFO - Setting next_dagrun for example_branch_datetime_operator to 2026-05-06 00:00:00+00:00, run_after=2026-05-07 00:00:00+00:00
[2026-05-07T23:57:22.232+0000] {logging_mixin.py:188} INFO - [2026-05-07T23:57:22.232+0000] {dag.py:3954} INFO - Setting next_dagrun for example_branch_datetime_operator_2 to 2026-05-06 00:00:00+00:00, run_after=2026-05-07 00:00:00+00:00
[2026-05-07T23:57:22.234+0000] {logging_mixin.py:188} INFO - [2026-05-07T23:57:22.234+0000] {dag.py:3954} INFO - Setting next_dagrun for example_branch_datetime_operator_3 to 2026-05-06 00:00:00+00:00, run_after=2026-05-07 00:00:00+00:00
[2026-05-07T23:57:22.254+0000] {processor.py:183} INFO - Processing /home/airflow/.local/lib/python3.12/site-packages/airflow/example_dags/example_branch_datetime_operator.py took 0.093 seconds
[2026-05-07T23:57:52.301+0000] {processor.py:161} INFO - Started process (PID=12007) to work on /home/airflow/.local/lib/python3.12/site-packages/airflow/example_dags/example_branch_datetime_operator.py
[2026-05-07T23:57:52.303+0000] {processor.py:830} INFO - Processing file /home/airflow/.local/lib/python3.12/site-packages/airflow/example_dags/example_branch_datetime_operator.py for tasks to queue
[2026-05-07T23:57:52.305+0000] {logging_mixin.py:188} INFO - [2026-05-07T23:57:52.305+0000] {dagbag.py:545} INFO - Filling up the DagBag from /home/airflow/.local/lib/python3.12/site-packages/airflow/example_dags/example_branch_datetime_operator.py
[2026-05-07T23:57:52.313+0000] {processor.py:840} INFO - DAG(s) 'example_branch_datetime_operator_2', 'example_branch_datetime_operator', 'example_branch_datetime_operator_3' retrieved from /home/airflow/.local/lib/python3.12/site-packages/airflow/example_dags/example_branch_datetime_operator.py
[2026-05-07T23:57:52.340+0000] {logging_mixin.py:188} INFO - [2026-05-07T23:57:52.340+0000] {dag.py:3096} INFO - Sync 3 DAGs
[2026-05-07T23:57:52.362+0000] {logging_mixin.py:188} INFO - [2026-05-07T23:57:52.362+0000] {dag.py:3954} INFO - Setting next_dagrun for example_branch_datetime_operator to 2026-05-06 00:00:00+00:00, run_after=2026-05-07 00:00:00+00:00
[2026-05-07T23:57:52.367+0000] {logging_mixin.py:188} INFO - [2026-05-07T23:57:52.367+0000] {dag.py:3954} INFO - Setting next_dagrun for example_branch_datetime_operator_2 to 2026-05-06 00:00:00+00:00, run_after=2026-05-07 00:00:00+00:00
[2026-05-07T23:57:52.370+0000] {logging_mixin.py:188} INFO - [2026-05-07T23:57:52.370+0000] {dag.py:3954} INFO - Setting next_dagrun for example_branch_datetime_operator_3 to 2026-05-06 00:00:00+00:00, run_after=2026-05-07 00:00:00+00:00
[2026-05-07T23:57:52.390+0000] {processor.py:183} INFO - Processing /home/airflow/.local/lib/python3.12/site-packages/airflow/example_dags/example_branch_datetime_operator.py took 0.094 seconds
[2026-05-07T23:58:22.718+0000] {processor.py:161} INFO - Started process (PID=12065) to work on /home/airflow/.local/lib/python3.12/site-packages/airflow/example_dags/example_branch_datetime_operator.py
[2026-05-07T23:58:22.719+0000] {processor.py:830} INFO - Processing file /home/airflow/.local/lib/python3.12/site-packages/airflow/example_dags/example_branch_datetime_operator.py for tasks to queue
[2026-05-07T23:58:22.721+0000] {logging_mixin.py:188} INFO - [2026-05-07T23:58:22.721+0000] {dagbag.py:545} INFO - Filling up the DagBag from /home/airflow/.local/lib/python3.12/site-packages/airflow/example_dags/example_branch_datetime_operator.py
[2026-05-07T23:58:22.730+0000] {processor.py:840} INFO - DAG(s) 'example_branch_datetime_operator', 'example_branch_datetime_operator_2', 'example_branch_datetime_operator_3' retrieved from /home/airflow/.local/lib/python3.12/site-packages/airflow/example_dags/example_branch_datetime_operator.py
[2026-05-07T23:58:22.756+0000] {logging_mixin.py:188} INFO - [2026-05-07T23:58:22.755+0000] {dag.py:3096} INFO - Sync 3 DAGs
[2026-05-07T23:58:22.776+0000] {logging_mixin.py:188} INFO - [2026-05-07T23:58:22.776+0000] {dag.py:3954} INFO - Setting next_dagrun for example_branch_datetime_operator to 2026-05-06 00:00:00+00:00, run_after=2026-05-07 00:00:00+00:00
[2026-05-07T23:58:22.782+0000] {logging_mixin.py:188} INFO - [2026-05-07T23:58:22.781+0000] {dag.py:3954} INFO - Setting next_dagrun for example_branch_datetime_operator_2 to 2026-05-06 00:00:00+00:00, run_after=2026-05-07 00:00:00+00:00
[2026-05-07T23:58:22.784+0000] {logging_mixin.py:188} INFO - [2026-05-07T23:58:22.784+0000] {dag.py:3954} INFO - Setting next_dagrun for example_branch_datetime_operator_3 to 2026-05-06 00:00:00+00:00, run_after=2026-05-07 00:00:00+00:00
[2026-05-07T23:58:22.805+0000] {processor.py:183} INFO - Processing /home/airflow/.local/lib/python3.12/site-packages/airflow/example_dags/example_branch_datetime_operator.py took 0.093 seconds
[2026-05-07T23:58:53.048+0000] {processor.py:161} INFO - Started process (PID=12124) to work on /home/airflow/.local/lib/python3.12/site-packages/airflow/example_dags/example_branch_datetime_operator.py
[2026-05-07T23:58:53.049+0000] {processor.py:830} INFO - Processing file /home/airflow/.local/lib/python3.12/site-packages/airflow/example_dags/example_branch_datetime_operator.py for tasks to queue
[2026-05-07T23:58:53.051+0000] {logging_mixin.py:188} INFO - [2026-05-07T23:58:53.051+0000] {dagbag.py:545} INFO - Filling up the DagBag from /home/airflow/.local/lib/python3.12/site-packages/airflow/example_dags/example_branch_datetime_operator.py
[2026-05-07T23:58:53.059+0000] {processor.py:840} INFO - DAG(s) 'example_branch_datetime_operator', 'example_branch_datetime_operator_3', 'example_branch_datetime_operator_2' retrieved from /home/airflow/.local/lib/python3.12/site-packages/airflow/example_dags/example_branch_datetime_operator.py
[2026-05-07T23:58:53.087+0000] {logging_mixin.py:188} INFO - [2026-05-07T23:58:53.087+0000] {dag.py:3096} INFO - Sync 3 DAGs
[2026-05-07T23:58:53.107+0000] {logging_mixin.py:188} INFO - [2026-05-07T23:58:53.107+0000] {dag.py:3954} INFO - Setting next_dagrun for example_branch_datetime_operator to 2026-05-06 00:00:00+00:00, run_after=2026-05-07 00:00:00+00:00
[2026-05-07T23:58:53.111+0000] {logging_mixin.py:188} INFO - [2026-05-07T23:58:53.111+0000] {dag.py:3954} INFO - Setting next_dagrun for example_branch_datetime_operator_2 to 2026-05-06 00:00:00+00:00, run_after=2026-05-07 00:00:00+00:00
[2026-05-07T23:58:53.115+0000] {logging_mixin.py:188} INFO - [2026-05-07T23:58:53.115+0000] {dag.py:3954} INFO - Setting next_dagrun for example_branch_datetime_operator_3 to 2026-05-06 00:00:00+00:00, run_after=2026-05-07 00:00:00+00:00
[2026-05-07T23:58:53.135+0000] {processor.py:183} INFO - Processing /home/airflow/.local/lib/python3.12/site-packages/airflow/example_dags/example_branch_datetime_operator.py took 0.093 seconds
[2026-05-07T23:59:23.214+0000] {processor.py:161} INFO - Started process (PID=12182) to work on /home/airflow/.local/lib/python3.12/site-packages/airflow/example_dags/example_branch_datetime_operator.py
[2026-05-07T23:59:23.217+0000] {processor.py:830} INFO - Processing file /home/airflow/.local/lib/python3.12/site-packages/airflow/example_dags/example_branch_datetime_operator.py for tasks to queue
[2026-05-07T23:59:23.219+0000] {logging_mixin.py:188} INFO - [2026-05-07T23:59:23.219+0000] {dagbag.py:545} INFO - Filling up the DagBag from /home/airflow/.local/lib/python3.12/site-packages/airflow/example_dags/example_branch_datetime_operator.py
[2026-05-07T23:59:23.228+0000] {processor.py:840} INFO - DAG(s) 'example_branch_datetime_operator', 'example_branch_datetime_operator_2', 'example_branch_datetime_operator_3' retrieved from /home/airflow/.local/lib/python3.12/site-packages/airflow/example_dags/example_branch_datetime_operator.py
[2026-05-07T23:59:23.255+0000] {logging_mixin.py:188} INFO - [2026-05-07T23:59:23.254+0000] {dag.py:3096} INFO - Sync 3 DAGs
[2026-05-07T23:59:23.274+0000] {logging_mixin.py:188} INFO - [2026-05-07T23:59:23.274+0000] {dag.py:3954} INFO - Setting next_dagrun for example_branch_datetime_operator to 2026-05-06 00:00:00+00:00, run_after=2026-05-07 00:00:00+00:00
[2026-05-07T23:59:23.278+0000] {logging_mixin.py:188} INFO - [2026-05-07T23:59:23.278+0000] {dag.py:3954} INFO - Setting next_dagrun for example_branch_datetime_operator_2 to 2026-05-06 00:00:00+00:00, run_after=2026-05-07 00:00:00+00:00
[2026-05-07T23:59:23.282+0000] {logging_mixin.py:188} INFO - [2026-05-07T23:59:23.282+0000] {dag.py:3954} INFO - Setting next_dagrun for example_branch_datetime_operator_3 to 2026-05-06 00:00:00+00:00, run_after=2026-05-07 00:00:00+00:00
[2026-05-07T23:59:23.302+0000] {processor.py:183} INFO - Processing /home/airflow/.local/lib/python3.12/site-packages/airflow/example_dags/example_branch_datetime_operator.py took 0.094 seconds
[2026-05-07T23:59:53.372+0000] {processor.py:161} INFO - Started process (PID=12240) to work on /home/airflow/.local/lib/python3.12/site-packages/airflow/example_dags/example_branch_datetime_operator.py
[2026-05-07T23:59:53.373+0000] {processor.py:830} INFO - Processing file /home/airflow/.local/lib/python3.12/site-packages/airflow/example_dags/example_branch_datetime_operator.py for tasks to queue
[2026-05-07T23:59:53.375+0000] {logging_mixin.py:188} INFO - [2026-05-07T23:59:53.375+0000] {dagbag.py:545} INFO - Filling up the DagBag from /home/airflow/.local/lib/python3.12/site-packages/airflow/example_dags/example_branch_datetime_operator.py
[2026-05-07T23:59:53.383+0000] {processor.py:840} INFO - DAG(s) 'example_branch_datetime_operator_3', 'example_branch_datetime_operator', 'example_branch_datetime_operator_2' retrieved from /home/airflow/.local/lib/python3.12/site-packages/airflow/example_dags/example_branch_datetime_operator.py
[2026-05-07T23:59:53.409+0000] {logging_mixin.py:188} INFO - [2026-05-07T23:59:53.409+0000] {dag.py:3096} INFO - Sync 3 DAGs
[2026-05-07T23:59:53.428+0000] {logging_mixin.py:188} INFO - [2026-05-07T23:59:53.428+0000] {dag.py:3954} INFO - Setting next_dagrun for example_branch_datetime_operator to 2026-05-06 00:00:00+00:00, run_after=2026-05-07 00:00:00+00:00
[2026-05-07T23:59:53.432+0000] {logging_mixin.py:188} INFO - [2026-05-07T23:59:53.432+0000] {dag.py:3954} INFO - Setting next_dagrun for example_branch_datetime_operator_2 to 2026-05-06 00:00:00+00:00, run_after=2026-05-07 00:00:00+00:00
[2026-05-07T23:59:53.434+0000] {logging_mixin.py:188} INFO - [2026-05-07T23:59:53.434+0000] {dag.py:3954} INFO - Setting next_dagrun for example_branch_datetime_operator_3 to 2026-05-06 00:00:00+00:00, run_after=2026-05-07 00:00:00+00:00
[2026-05-07T23:59:53.449+0000] {processor.py:183} INFO - Processing /home/airflow/.local/lib/python3.12/site-packages/airflow/example_dags/example_branch_datetime_operator.py took 0.082 seconds
