[2026-05-07T20:16:54.288+0000] {processor.py:161} INFO - Started process (PID=62) to work on /home/airflow/.local/lib/python3.12/site-packages/airflow/example_dags/example_branch_operator.py
[2026-05-07T20:16:54.294+0000] {processor.py:830} INFO - Processing file /home/airflow/.local/lib/python3.12/site-packages/airflow/example_dags/example_branch_operator.py for tasks to queue
[2026-05-07T20:16:54.302+0000] {logging_mixin.py:188} INFO - [2026-05-07T20:16:54.301+0000] {dagbag.py:545} INFO - Filling up the DagBag from /home/airflow/.local/lib/python3.12/site-packages/airflow/example_dags/example_branch_operator.py
[2026-05-07T20:16:54.427+0000] {processor.py:840} INFO - DAG(s) 'example_branch_operator' retrieved from /home/airflow/.local/lib/python3.12/site-packages/airflow/example_dags/example_branch_operator.py
[2026-05-07T20:16:54.708+0000] {logging_mixin.py:188} INFO - [2026-05-07T20:16:54.707+0000] {dag.py:3096} INFO - Sync 1 DAGs
[2026-05-07T20:16:54.746+0000] {logging_mixin.py:188} INFO - [2026-05-07T20:16:54.746+0000] {dag.py:3954} INFO - Setting next_dagrun for example_branch_operator to 2026-05-06 00:00:00+00:00, run_after=2026-05-07 00:00:00+00:00
[2026-05-07T20:16:54.792+0000] {processor.py:183} INFO - Processing /home/airflow/.local/lib/python3.12/site-packages/airflow/example_dags/example_branch_operator.py took 0.543 seconds
[2026-05-07T20:17:25.084+0000] {processor.py:161} INFO - Started process (PID=120) to work on /home/airflow/.local/lib/python3.12/site-packages/airflow/example_dags/example_branch_operator.py
[2026-05-07T20:17:25.085+0000] {processor.py:830} INFO - Processing file /home/airflow/.local/lib/python3.12/site-packages/airflow/example_dags/example_branch_operator.py for tasks to queue
[2026-05-07T20:17:25.087+0000] {logging_mixin.py:188} INFO - [2026-05-07T20:17:25.087+0000] {dagbag.py:545} INFO - Filling up the DagBag from /home/airflow/.local/lib/python3.12/site-packages/airflow/example_dags/example_branch_operator.py
[2026-05-07T20:17:25.103+0000] {processor.py:840} INFO - DAG(s) 'example_branch_operator' retrieved from /home/airflow/.local/lib/python3.12/site-packages/airflow/example_dags/example_branch_operator.py
[2026-05-07T20:17:25.128+0000] {logging_mixin.py:188} INFO - [2026-05-07T20:17:25.127+0000] {dag.py:3096} INFO - Sync 1 DAGs
[2026-05-07T20:17:25.146+0000] {logging_mixin.py:188} INFO - [2026-05-07T20:17:25.146+0000] {dag.py:3954} INFO - Setting next_dagrun for example_branch_operator to 2026-05-06 00:00:00+00:00, run_after=2026-05-07 00:00:00+00:00
[2026-05-07T20:17:25.165+0000] {processor.py:183} INFO - Processing /home/airflow/.local/lib/python3.12/site-packages/airflow/example_dags/example_branch_operator.py took 0.086 seconds
[2026-05-07T20:17:55.503+0000] {processor.py:161} INFO - Started process (PID=178) to work on /home/airflow/.local/lib/python3.12/site-packages/airflow/example_dags/example_branch_operator.py
[2026-05-07T20:17:55.506+0000] {processor.py:830} INFO - Processing file /home/airflow/.local/lib/python3.12/site-packages/airflow/example_dags/example_branch_operator.py for tasks to queue
[2026-05-07T20:17:55.509+0000] {logging_mixin.py:188} INFO - [2026-05-07T20:17:55.508+0000] {dagbag.py:545} INFO - Filling up the DagBag from /home/airflow/.local/lib/python3.12/site-packages/airflow/example_dags/example_branch_operator.py
[2026-05-07T20:17:55.527+0000] {processor.py:840} INFO - DAG(s) 'example_branch_operator' retrieved from /home/airflow/.local/lib/python3.12/site-packages/airflow/example_dags/example_branch_operator.py
[2026-05-07T20:17:55.551+0000] {logging_mixin.py:188} INFO - [2026-05-07T20:17:55.551+0000] {dag.py:3096} INFO - Sync 1 DAGs
[2026-05-07T20:17:55.571+0000] {logging_mixin.py:188} INFO - [2026-05-07T20:17:55.571+0000] {dag.py:3954} INFO - Setting next_dagrun for example_branch_operator to 2026-05-06 00:00:00+00:00, run_after=2026-05-07 00:00:00+00:00
[2026-05-07T20:17:55.586+0000] {processor.py:183} INFO - Processing /home/airflow/.local/lib/python3.12/site-packages/airflow/example_dags/example_branch_operator.py took 0.089 seconds
[2026-05-07T20:18:26.327+0000] {processor.py:161} INFO - Started process (PID=236) to work on /home/airflow/.local/lib/python3.12/site-packages/airflow/example_dags/example_branch_operator.py
[2026-05-07T20:18:26.328+0000] {processor.py:830} INFO - Processing file /home/airflow/.local/lib/python3.12/site-packages/airflow/example_dags/example_branch_operator.py for tasks to queue
[2026-05-07T20:18:26.331+0000] {logging_mixin.py:188} INFO - [2026-05-07T20:18:26.331+0000] {dagbag.py:545} INFO - Filling up the DagBag from /home/airflow/.local/lib/python3.12/site-packages/airflow/example_dags/example_branch_operator.py
[2026-05-07T20:18:26.352+0000] {processor.py:840} INFO - DAG(s) 'example_branch_operator' retrieved from /home/airflow/.local/lib/python3.12/site-packages/airflow/example_dags/example_branch_operator.py
[2026-05-07T20:18:26.392+0000] {logging_mixin.py:188} INFO - [2026-05-07T20:18:26.392+0000] {dag.py:3096} INFO - Sync 1 DAGs
[2026-05-07T20:18:26.424+0000] {logging_mixin.py:188} INFO - [2026-05-07T20:18:26.424+0000] {dag.py:3954} INFO - Setting next_dagrun for example_branch_operator to 2026-05-06 00:00:00+00:00, run_after=2026-05-07 00:00:00+00:00
[2026-05-07T20:18:26.449+0000] {processor.py:183} INFO - Processing /home/airflow/.local/lib/python3.12/site-packages/airflow/example_dags/example_branch_operator.py took 0.131 seconds
[2026-05-07T20:18:56.630+0000] {processor.py:161} INFO - Started process (PID=294) to work on /home/airflow/.local/lib/python3.12/site-packages/airflow/example_dags/example_branch_operator.py
[2026-05-07T20:18:56.632+0000] {processor.py:830} INFO - Processing file /home/airflow/.local/lib/python3.12/site-packages/airflow/example_dags/example_branch_operator.py for tasks to queue
[2026-05-07T20:18:56.634+0000] {logging_mixin.py:188} INFO - [2026-05-07T20:18:56.634+0000] {dagbag.py:545} INFO - Filling up the DagBag from /home/airflow/.local/lib/python3.12/site-packages/airflow/example_dags/example_branch_operator.py
[2026-05-07T20:18:56.649+0000] {processor.py:840} INFO - DAG(s) 'example_branch_operator' retrieved from /home/airflow/.local/lib/python3.12/site-packages/airflow/example_dags/example_branch_operator.py
[2026-05-07T20:18:56.676+0000] {logging_mixin.py:188} INFO - [2026-05-07T20:18:56.676+0000] {dag.py:3096} INFO - Sync 1 DAGs
[2026-05-07T20:18:56.698+0000] {logging_mixin.py:188} INFO - [2026-05-07T20:18:56.698+0000] {dag.py:3954} INFO - Setting next_dagrun for example_branch_operator to 2026-05-06 00:00:00+00:00, run_after=2026-05-07 00:00:00+00:00
[2026-05-07T20:18:56.720+0000] {processor.py:183} INFO - Processing /home/airflow/.local/lib/python3.12/site-packages/airflow/example_dags/example_branch_operator.py took 0.095 seconds
[2026-05-07T20:19:26.948+0000] {processor.py:161} INFO - Started process (PID=352) to work on /home/airflow/.local/lib/python3.12/site-packages/airflow/example_dags/example_branch_operator.py
[2026-05-07T20:19:26.950+0000] {processor.py:830} INFO - Processing file /home/airflow/.local/lib/python3.12/site-packages/airflow/example_dags/example_branch_operator.py for tasks to queue
[2026-05-07T20:19:26.956+0000] {logging_mixin.py:188} INFO - [2026-05-07T20:19:26.955+0000] {dagbag.py:545} INFO - Filling up the DagBag from /home/airflow/.local/lib/python3.12/site-packages/airflow/example_dags/example_branch_operator.py
[2026-05-07T20:19:26.975+0000] {processor.py:840} INFO - DAG(s) 'example_branch_operator' retrieved from /home/airflow/.local/lib/python3.12/site-packages/airflow/example_dags/example_branch_operator.py
[2026-05-07T20:19:27.014+0000] {logging_mixin.py:188} INFO - [2026-05-07T20:19:27.014+0000] {dag.py:3096} INFO - Sync 1 DAGs
[2026-05-07T20:19:27.051+0000] {logging_mixin.py:188} INFO - [2026-05-07T20:19:27.051+0000] {dag.py:3954} INFO - Setting next_dagrun for example_branch_operator to 2026-05-06 00:00:00+00:00, run_after=2026-05-07 00:00:00+00:00
[2026-05-07T20:19:27.084+0000] {processor.py:183} INFO - Processing /home/airflow/.local/lib/python3.12/site-packages/airflow/example_dags/example_branch_operator.py took 0.143 seconds
[2026-05-07T20:19:57.189+0000] {processor.py:161} INFO - Started process (PID=410) to work on /home/airflow/.local/lib/python3.12/site-packages/airflow/example_dags/example_branch_operator.py
[2026-05-07T20:19:57.191+0000] {processor.py:830} INFO - Processing file /home/airflow/.local/lib/python3.12/site-packages/airflow/example_dags/example_branch_operator.py for tasks to queue
[2026-05-07T20:19:57.193+0000] {logging_mixin.py:188} INFO - [2026-05-07T20:19:57.193+0000] {dagbag.py:545} INFO - Filling up the DagBag from /home/airflow/.local/lib/python3.12/site-packages/airflow/example_dags/example_branch_operator.py
[2026-05-07T20:19:57.207+0000] {processor.py:840} INFO - DAG(s) 'example_branch_operator' retrieved from /home/airflow/.local/lib/python3.12/site-packages/airflow/example_dags/example_branch_operator.py
[2026-05-07T20:19:57.235+0000] {logging_mixin.py:188} INFO - [2026-05-07T20:19:57.234+0000] {dag.py:3096} INFO - Sync 1 DAGs
[2026-05-07T20:19:57.261+0000] {logging_mixin.py:188} INFO - [2026-05-07T20:19:57.261+0000] {dag.py:3954} INFO - Setting next_dagrun for example_branch_operator to 2026-05-06 00:00:00+00:00, run_after=2026-05-07 00:00:00+00:00
[2026-05-07T20:19:57.283+0000] {processor.py:183} INFO - Processing /home/airflow/.local/lib/python3.12/site-packages/airflow/example_dags/example_branch_operator.py took 0.101 seconds
[2026-05-07T20:20:27.852+0000] {processor.py:161} INFO - Started process (PID=474) to work on /home/airflow/.local/lib/python3.12/site-packages/airflow/example_dags/example_branch_operator.py
[2026-05-07T20:20:27.853+0000] {processor.py:830} INFO - Processing file /home/airflow/.local/lib/python3.12/site-packages/airflow/example_dags/example_branch_operator.py for tasks to queue
[2026-05-07T20:20:27.855+0000] {logging_mixin.py:188} INFO - [2026-05-07T20:20:27.855+0000] {dagbag.py:545} INFO - Filling up the DagBag from /home/airflow/.local/lib/python3.12/site-packages/airflow/example_dags/example_branch_operator.py
[2026-05-07T20:20:27.871+0000] {processor.py:840} INFO - DAG(s) 'example_branch_operator' retrieved from /home/airflow/.local/lib/python3.12/site-packages/airflow/example_dags/example_branch_operator.py
[2026-05-07T20:20:27.897+0000] {logging_mixin.py:188} INFO - [2026-05-07T20:20:27.897+0000] {dag.py:3096} INFO - Sync 1 DAGs
[2026-05-07T20:20:27.919+0000] {logging_mixin.py:188} INFO - [2026-05-07T20:20:27.919+0000] {dag.py:3954} INFO - Setting next_dagrun for example_branch_operator to 2026-05-06 00:00:00+00:00, run_after=2026-05-07 00:00:00+00:00
[2026-05-07T20:20:27.940+0000] {processor.py:183} INFO - Processing /home/airflow/.local/lib/python3.12/site-packages/airflow/example_dags/example_branch_operator.py took 0.095 seconds
[2026-05-07T20:20:57.999+0000] {processor.py:161} INFO - Started process (PID=532) to work on /home/airflow/.local/lib/python3.12/site-packages/airflow/example_dags/example_branch_operator.py
[2026-05-07T20:20:58.001+0000] {processor.py:830} INFO - Processing file /home/airflow/.local/lib/python3.12/site-packages/airflow/example_dags/example_branch_operator.py for tasks to queue
[2026-05-07T20:20:58.003+0000] {logging_mixin.py:188} INFO - [2026-05-07T20:20:58.002+0000] {dagbag.py:545} INFO - Filling up the DagBag from /home/airflow/.local/lib/python3.12/site-packages/airflow/example_dags/example_branch_operator.py
[2026-05-07T20:20:58.017+0000] {processor.py:840} INFO - DAG(s) 'example_branch_operator' retrieved from /home/airflow/.local/lib/python3.12/site-packages/airflow/example_dags/example_branch_operator.py
[2026-05-07T20:20:58.044+0000] {logging_mixin.py:188} INFO - [2026-05-07T20:20:58.043+0000] {dag.py:3096} INFO - Sync 1 DAGs
[2026-05-07T20:20:58.065+0000] {logging_mixin.py:188} INFO - [2026-05-07T20:20:58.065+0000] {dag.py:3954} INFO - Setting next_dagrun for example_branch_operator to 2026-05-06 00:00:00+00:00, run_after=2026-05-07 00:00:00+00:00
[2026-05-07T20:20:58.089+0000] {processor.py:183} INFO - Processing /home/airflow/.local/lib/python3.12/site-packages/airflow/example_dags/example_branch_operator.py took 0.095 seconds
[2026-05-07T20:21:28.308+0000] {processor.py:161} INFO - Started process (PID=590) to work on /home/airflow/.local/lib/python3.12/site-packages/airflow/example_dags/example_branch_operator.py
[2026-05-07T20:21:28.310+0000] {processor.py:830} INFO - Processing file /home/airflow/.local/lib/python3.12/site-packages/airflow/example_dags/example_branch_operator.py for tasks to queue
[2026-05-07T20:21:28.312+0000] {logging_mixin.py:188} INFO - [2026-05-07T20:21:28.312+0000] {dagbag.py:545} INFO - Filling up the DagBag from /home/airflow/.local/lib/python3.12/site-packages/airflow/example_dags/example_branch_operator.py
[2026-05-07T20:21:28.327+0000] {processor.py:840} INFO - DAG(s) 'example_branch_operator' retrieved from /home/airflow/.local/lib/python3.12/site-packages/airflow/example_dags/example_branch_operator.py
[2026-05-07T20:21:28.355+0000] {logging_mixin.py:188} INFO - [2026-05-07T20:21:28.355+0000] {dag.py:3096} INFO - Sync 1 DAGs
[2026-05-07T20:21:28.376+0000] {logging_mixin.py:188} INFO - [2026-05-07T20:21:28.376+0000] {dag.py:3954} INFO - Setting next_dagrun for example_branch_operator to 2026-05-06 00:00:00+00:00, run_after=2026-05-07 00:00:00+00:00
[2026-05-07T20:21:28.397+0000] {processor.py:183} INFO - Processing /home/airflow/.local/lib/python3.12/site-packages/airflow/example_dags/example_branch_operator.py took 0.094 seconds
[2026-05-07T20:21:58.722+0000] {processor.py:161} INFO - Started process (PID=648) to work on /home/airflow/.local/lib/python3.12/site-packages/airflow/example_dags/example_branch_operator.py
[2026-05-07T20:21:58.724+0000] {processor.py:830} INFO - Processing file /home/airflow/.local/lib/python3.12/site-packages/airflow/example_dags/example_branch_operator.py for tasks to queue
[2026-05-07T20:21:58.727+0000] {logging_mixin.py:188} INFO - [2026-05-07T20:21:58.727+0000] {dagbag.py:545} INFO - Filling up the DagBag from /home/airflow/.local/lib/python3.12/site-packages/airflow/example_dags/example_branch_operator.py
[2026-05-07T20:21:58.743+0000] {processor.py:840} INFO - DAG(s) 'example_branch_operator' retrieved from /home/airflow/.local/lib/python3.12/site-packages/airflow/example_dags/example_branch_operator.py
[2026-05-07T20:21:58.770+0000] {logging_mixin.py:188} INFO - [2026-05-07T20:21:58.770+0000] {dag.py:3096} INFO - Sync 1 DAGs
[2026-05-07T20:21:58.790+0000] {logging_mixin.py:188} INFO - [2026-05-07T20:21:58.789+0000] {dag.py:3954} INFO - Setting next_dagrun for example_branch_operator to 2026-05-06 00:00:00+00:00, run_after=2026-05-07 00:00:00+00:00
[2026-05-07T20:21:58.810+0000] {processor.py:183} INFO - Processing /home/airflow/.local/lib/python3.12/site-packages/airflow/example_dags/example_branch_operator.py took 0.094 seconds
[2026-05-07T20:22:29.202+0000] {processor.py:161} INFO - Started process (PID=707) to work on /home/airflow/.local/lib/python3.12/site-packages/airflow/example_dags/example_branch_operator.py
[2026-05-07T20:22:29.203+0000] {processor.py:830} INFO - Processing file /home/airflow/.local/lib/python3.12/site-packages/airflow/example_dags/example_branch_operator.py for tasks to queue
[2026-05-07T20:22:29.206+0000] {logging_mixin.py:188} INFO - [2026-05-07T20:22:29.206+0000] {dagbag.py:545} INFO - Filling up the DagBag from /home/airflow/.local/lib/python3.12/site-packages/airflow/example_dags/example_branch_operator.py
[2026-05-07T20:22:29.239+0000] {processor.py:840} INFO - DAG(s) 'example_branch_operator' retrieved from /home/airflow/.local/lib/python3.12/site-packages/airflow/example_dags/example_branch_operator.py
[2026-05-07T20:22:29.313+0000] {logging_mixin.py:188} INFO - [2026-05-07T20:22:29.312+0000] {dag.py:3096} INFO - Sync 1 DAGs
[2026-05-07T20:22:29.374+0000] {logging_mixin.py:188} INFO - [2026-05-07T20:22:29.374+0000] {dag.py:3954} INFO - Setting next_dagrun for example_branch_operator to 2026-05-06 00:00:00+00:00, run_after=2026-05-07 00:00:00+00:00
[2026-05-07T20:22:29.426+0000] {processor.py:183} INFO - Processing /home/airflow/.local/lib/python3.12/site-packages/airflow/example_dags/example_branch_operator.py took 0.235 seconds
[2026-05-07T20:22:59.605+0000] {processor.py:161} INFO - Started process (PID=765) to work on /home/airflow/.local/lib/python3.12/site-packages/airflow/example_dags/example_branch_operator.py
[2026-05-07T20:22:59.607+0000] {processor.py:830} INFO - Processing file /home/airflow/.local/lib/python3.12/site-packages/airflow/example_dags/example_branch_operator.py for tasks to queue
[2026-05-07T20:22:59.609+0000] {logging_mixin.py:188} INFO - [2026-05-07T20:22:59.609+0000] {dagbag.py:545} INFO - Filling up the DagBag from /home/airflow/.local/lib/python3.12/site-packages/airflow/example_dags/example_branch_operator.py
[2026-05-07T20:22:59.625+0000] {processor.py:840} INFO - DAG(s) 'example_branch_operator' retrieved from /home/airflow/.local/lib/python3.12/site-packages/airflow/example_dags/example_branch_operator.py
[2026-05-07T20:22:59.653+0000] {logging_mixin.py:188} INFO - [2026-05-07T20:22:59.652+0000] {dag.py:3096} INFO - Sync 1 DAGs
[2026-05-07T20:22:59.672+0000] {logging_mixin.py:188} INFO - [2026-05-07T20:22:59.672+0000] {dag.py:3954} INFO - Setting next_dagrun for example_branch_operator to 2026-05-06 00:00:00+00:00, run_after=2026-05-07 00:00:00+00:00
[2026-05-07T20:22:59.766+0000] {processor.py:183} INFO - Processing /home/airflow/.local/lib/python3.12/site-packages/airflow/example_dags/example_branch_operator.py took 0.169 seconds
[2026-05-07T20:23:30.145+0000] {processor.py:161} INFO - Started process (PID=824) to work on /home/airflow/.local/lib/python3.12/site-packages/airflow/example_dags/example_branch_operator.py
[2026-05-07T20:23:30.146+0000] {processor.py:830} INFO - Processing file /home/airflow/.local/lib/python3.12/site-packages/airflow/example_dags/example_branch_operator.py for tasks to queue
[2026-05-07T20:23:30.148+0000] {logging_mixin.py:188} INFO - [2026-05-07T20:23:30.148+0000] {dagbag.py:545} INFO - Filling up the DagBag from /home/airflow/.local/lib/python3.12/site-packages/airflow/example_dags/example_branch_operator.py
[2026-05-07T20:23:30.162+0000] {processor.py:840} INFO - DAG(s) 'example_branch_operator' retrieved from /home/airflow/.local/lib/python3.12/site-packages/airflow/example_dags/example_branch_operator.py
[2026-05-07T20:23:30.185+0000] {logging_mixin.py:188} INFO - [2026-05-07T20:23:30.185+0000] {dag.py:3096} INFO - Sync 1 DAGs
[2026-05-07T20:23:30.206+0000] {logging_mixin.py:188} INFO - [2026-05-07T20:23:30.206+0000] {dag.py:3954} INFO - Setting next_dagrun for example_branch_operator to 2026-05-06 00:00:00+00:00, run_after=2026-05-07 00:00:00+00:00
[2026-05-07T20:23:30.224+0000] {processor.py:183} INFO - Processing /home/airflow/.local/lib/python3.12/site-packages/airflow/example_dags/example_branch_operator.py took 0.084 seconds
[2026-05-07T20:24:00.440+0000] {processor.py:161} INFO - Started process (PID=882) to work on /home/airflow/.local/lib/python3.12/site-packages/airflow/example_dags/example_branch_operator.py
[2026-05-07T20:24:00.442+0000] {processor.py:830} INFO - Processing file /home/airflow/.local/lib/python3.12/site-packages/airflow/example_dags/example_branch_operator.py for tasks to queue
[2026-05-07T20:24:00.444+0000] {logging_mixin.py:188} INFO - [2026-05-07T20:24:00.444+0000] {dagbag.py:545} INFO - Filling up the DagBag from /home/airflow/.local/lib/python3.12/site-packages/airflow/example_dags/example_branch_operator.py
[2026-05-07T20:24:00.457+0000] {processor.py:840} INFO - DAG(s) 'example_branch_operator' retrieved from /home/airflow/.local/lib/python3.12/site-packages/airflow/example_dags/example_branch_operator.py
[2026-05-07T20:24:00.483+0000] {logging_mixin.py:188} INFO - [2026-05-07T20:24:00.483+0000] {dag.py:3096} INFO - Sync 1 DAGs
[2026-05-07T20:24:00.504+0000] {logging_mixin.py:188} INFO - [2026-05-07T20:24:00.503+0000] {dag.py:3954} INFO - Setting next_dagrun for example_branch_operator to 2026-05-06 00:00:00+00:00, run_after=2026-05-07 00:00:00+00:00
[2026-05-07T20:24:00.595+0000] {processor.py:183} INFO - Processing /home/airflow/.local/lib/python3.12/site-packages/airflow/example_dags/example_branch_operator.py took 0.163 seconds
[2026-05-07T20:24:30.732+0000] {processor.py:161} INFO - Started process (PID=940) to work on /home/airflow/.local/lib/python3.12/site-packages/airflow/example_dags/example_branch_operator.py
[2026-05-07T20:24:30.734+0000] {processor.py:830} INFO - Processing file /home/airflow/.local/lib/python3.12/site-packages/airflow/example_dags/example_branch_operator.py for tasks to queue
[2026-05-07T20:24:30.737+0000] {logging_mixin.py:188} INFO - [2026-05-07T20:24:30.736+0000] {dagbag.py:545} INFO - Filling up the DagBag from /home/airflow/.local/lib/python3.12/site-packages/airflow/example_dags/example_branch_operator.py
[2026-05-07T20:24:30.753+0000] {processor.py:840} INFO - DAG(s) 'example_branch_operator' retrieved from /home/airflow/.local/lib/python3.12/site-packages/airflow/example_dags/example_branch_operator.py
[2026-05-07T20:24:30.786+0000] {logging_mixin.py:188} INFO - [2026-05-07T20:24:30.786+0000] {dag.py:3096} INFO - Sync 1 DAGs
[2026-05-07T20:24:30.880+0000] {logging_mixin.py:188} INFO - [2026-05-07T20:24:30.880+0000] {dag.py:3954} INFO - Setting next_dagrun for example_branch_operator to 2026-05-06 00:00:00+00:00, run_after=2026-05-07 00:00:00+00:00
[2026-05-07T20:24:30.905+0000] {processor.py:183} INFO - Processing /home/airflow/.local/lib/python3.12/site-packages/airflow/example_dags/example_branch_operator.py took 0.179 seconds
[2026-05-07T20:25:01.072+0000] {processor.py:161} INFO - Started process (PID=998) to work on /home/airflow/.local/lib/python3.12/site-packages/airflow/example_dags/example_branch_operator.py
[2026-05-07T20:25:01.074+0000] {processor.py:830} INFO - Processing file /home/airflow/.local/lib/python3.12/site-packages/airflow/example_dags/example_branch_operator.py for tasks to queue
[2026-05-07T20:25:01.076+0000] {logging_mixin.py:188} INFO - [2026-05-07T20:25:01.076+0000] {dagbag.py:545} INFO - Filling up the DagBag from /home/airflow/.local/lib/python3.12/site-packages/airflow/example_dags/example_branch_operator.py
[2026-05-07T20:25:01.089+0000] {processor.py:840} INFO - DAG(s) 'example_branch_operator' retrieved from /home/airflow/.local/lib/python3.12/site-packages/airflow/example_dags/example_branch_operator.py
[2026-05-07T20:25:01.117+0000] {logging_mixin.py:188} INFO - [2026-05-07T20:25:01.117+0000] {dag.py:3096} INFO - Sync 1 DAGs
[2026-05-07T20:25:01.136+0000] {logging_mixin.py:188} INFO - [2026-05-07T20:25:01.136+0000] {dag.py:3954} INFO - Setting next_dagrun for example_branch_operator to 2026-05-06 00:00:00+00:00, run_after=2026-05-07 00:00:00+00:00
[2026-05-07T20:25:01.230+0000] {processor.py:183} INFO - Processing /home/airflow/.local/lib/python3.12/site-packages/airflow/example_dags/example_branch_operator.py took 0.165 seconds
[2026-05-07T20:25:31.396+0000] {processor.py:161} INFO - Started process (PID=1056) to work on /home/airflow/.local/lib/python3.12/site-packages/airflow/example_dags/example_branch_operator.py
[2026-05-07T20:25:31.397+0000] {processor.py:830} INFO - Processing file /home/airflow/.local/lib/python3.12/site-packages/airflow/example_dags/example_branch_operator.py for tasks to queue
[2026-05-07T20:25:31.400+0000] {logging_mixin.py:188} INFO - [2026-05-07T20:25:31.399+0000] {dagbag.py:545} INFO - Filling up the DagBag from /home/airflow/.local/lib/python3.12/site-packages/airflow/example_dags/example_branch_operator.py
[2026-05-07T20:25:31.419+0000] {processor.py:840} INFO - DAG(s) 'example_branch_operator' retrieved from /home/airflow/.local/lib/python3.12/site-packages/airflow/example_dags/example_branch_operator.py
[2026-05-07T20:25:31.460+0000] {logging_mixin.py:188} INFO - [2026-05-07T20:25:31.460+0000] {dag.py:3096} INFO - Sync 1 DAGs
[2026-05-07T20:25:31.509+0000] {logging_mixin.py:188} INFO - [2026-05-07T20:25:31.509+0000] {dag.py:3954} INFO - Setting next_dagrun for example_branch_operator to 2026-05-06 00:00:00+00:00, run_after=2026-05-07 00:00:00+00:00
[2026-05-07T20:25:31.551+0000] {processor.py:183} INFO - Processing /home/airflow/.local/lib/python3.12/site-packages/airflow/example_dags/example_branch_operator.py took 0.161 seconds
[2026-05-07T20:26:01.992+0000] {processor.py:161} INFO - Started process (PID=1114) to work on /home/airflow/.local/lib/python3.12/site-packages/airflow/example_dags/example_branch_operator.py
[2026-05-07T20:26:01.994+0000] {processor.py:830} INFO - Processing file /home/airflow/.local/lib/python3.12/site-packages/airflow/example_dags/example_branch_operator.py for tasks to queue
[2026-05-07T20:26:01.998+0000] {logging_mixin.py:188} INFO - [2026-05-07T20:26:01.997+0000] {dagbag.py:545} INFO - Filling up the DagBag from /home/airflow/.local/lib/python3.12/site-packages/airflow/example_dags/example_branch_operator.py
[2026-05-07T20:26:02.024+0000] {processor.py:840} INFO - DAG(s) 'example_branch_operator' retrieved from /home/airflow/.local/lib/python3.12/site-packages/airflow/example_dags/example_branch_operator.py
[2026-05-07T20:26:02.065+0000] {logging_mixin.py:188} INFO - [2026-05-07T20:26:02.065+0000] {dag.py:3096} INFO - Sync 1 DAGs
[2026-05-07T20:26:02.094+0000] {logging_mixin.py:188} INFO - [2026-05-07T20:26:02.094+0000] {dag.py:3954} INFO - Setting next_dagrun for example_branch_operator to 2026-05-06 00:00:00+00:00, run_after=2026-05-07 00:00:00+00:00
[2026-05-07T20:26:02.125+0000] {processor.py:183} INFO - Processing /home/airflow/.local/lib/python3.12/site-packages/airflow/example_dags/example_branch_operator.py took 0.144 seconds
[2026-05-07T20:26:32.660+0000] {processor.py:161} INFO - Started process (PID=1173) to work on /home/airflow/.local/lib/python3.12/site-packages/airflow/example_dags/example_branch_operator.py
[2026-05-07T20:26:32.661+0000] {processor.py:830} INFO - Processing file /home/airflow/.local/lib/python3.12/site-packages/airflow/example_dags/example_branch_operator.py for tasks to queue
[2026-05-07T20:26:32.663+0000] {logging_mixin.py:188} INFO - [2026-05-07T20:26:32.663+0000] {dagbag.py:545} INFO - Filling up the DagBag from /home/airflow/.local/lib/python3.12/site-packages/airflow/example_dags/example_branch_operator.py
[2026-05-07T20:26:32.678+0000] {processor.py:840} INFO - DAG(s) 'example_branch_operator' retrieved from /home/airflow/.local/lib/python3.12/site-packages/airflow/example_dags/example_branch_operator.py
[2026-05-07T20:26:32.707+0000] {logging_mixin.py:188} INFO - [2026-05-07T20:26:32.707+0000] {dag.py:3096} INFO - Sync 1 DAGs
[2026-05-07T20:26:32.733+0000] {logging_mixin.py:188} INFO - [2026-05-07T20:26:32.733+0000] {dag.py:3954} INFO - Setting next_dagrun for example_branch_operator to 2026-05-06 00:00:00+00:00, run_after=2026-05-07 00:00:00+00:00
[2026-05-07T20:26:32.758+0000] {processor.py:183} INFO - Processing /home/airflow/.local/lib/python3.12/site-packages/airflow/example_dags/example_branch_operator.py took 0.104 seconds
[2026-05-07T20:27:02.973+0000] {processor.py:161} INFO - Started process (PID=1230) to work on /home/airflow/.local/lib/python3.12/site-packages/airflow/example_dags/example_branch_operator.py
[2026-05-07T20:27:02.975+0000] {processor.py:830} INFO - Processing file /home/airflow/.local/lib/python3.12/site-packages/airflow/example_dags/example_branch_operator.py for tasks to queue
[2026-05-07T20:27:02.977+0000] {logging_mixin.py:188} INFO - [2026-05-07T20:27:02.977+0000] {dagbag.py:545} INFO - Filling up the DagBag from /home/airflow/.local/lib/python3.12/site-packages/airflow/example_dags/example_branch_operator.py
[2026-05-07T20:27:02.990+0000] {processor.py:840} INFO - DAG(s) 'example_branch_operator' retrieved from /home/airflow/.local/lib/python3.12/site-packages/airflow/example_dags/example_branch_operator.py
[2026-05-07T20:27:03.014+0000] {logging_mixin.py:188} INFO - [2026-05-07T20:27:03.014+0000] {dag.py:3096} INFO - Sync 1 DAGs
[2026-05-07T20:27:03.032+0000] {logging_mixin.py:188} INFO - [2026-05-07T20:27:03.032+0000] {dag.py:3954} INFO - Setting next_dagrun for example_branch_operator to 2026-05-06 00:00:00+00:00, run_after=2026-05-07 00:00:00+00:00
[2026-05-07T20:27:03.125+0000] {processor.py:183} INFO - Processing /home/airflow/.local/lib/python3.12/site-packages/airflow/example_dags/example_branch_operator.py took 0.159 seconds
[2026-05-07T20:27:33.443+0000] {processor.py:161} INFO - Started process (PID=1287) to work on /home/airflow/.local/lib/python3.12/site-packages/airflow/example_dags/example_branch_operator.py
[2026-05-07T20:27:33.445+0000] {processor.py:830} INFO - Processing file /home/airflow/.local/lib/python3.12/site-packages/airflow/example_dags/example_branch_operator.py for tasks to queue
[2026-05-07T20:27:33.448+0000] {logging_mixin.py:188} INFO - [2026-05-07T20:27:33.447+0000] {dagbag.py:545} INFO - Filling up the DagBag from /home/airflow/.local/lib/python3.12/site-packages/airflow/example_dags/example_branch_operator.py
[2026-05-07T20:27:33.464+0000] {processor.py:840} INFO - DAG(s) 'example_branch_operator' retrieved from /home/airflow/.local/lib/python3.12/site-packages/airflow/example_dags/example_branch_operator.py
[2026-05-07T20:27:33.491+0000] {logging_mixin.py:188} INFO - [2026-05-07T20:27:33.490+0000] {dag.py:3096} INFO - Sync 1 DAGs
[2026-05-07T20:27:33.512+0000] {logging_mixin.py:188} INFO - [2026-05-07T20:27:33.511+0000] {dag.py:3954} INFO - Setting next_dagrun for example_branch_operator to 2026-05-06 00:00:00+00:00, run_after=2026-05-07 00:00:00+00:00
[2026-05-07T20:27:33.533+0000] {processor.py:183} INFO - Processing /home/airflow/.local/lib/python3.12/site-packages/airflow/example_dags/example_branch_operator.py took 0.096 seconds
[2026-05-07T20:28:03.657+0000] {processor.py:161} INFO - Started process (PID=1345) to work on /home/airflow/.local/lib/python3.12/site-packages/airflow/example_dags/example_branch_operator.py
[2026-05-07T20:28:03.659+0000] {processor.py:830} INFO - Processing file /home/airflow/.local/lib/python3.12/site-packages/airflow/example_dags/example_branch_operator.py for tasks to queue
[2026-05-07T20:28:03.662+0000] {logging_mixin.py:188} INFO - [2026-05-07T20:28:03.661+0000] {dagbag.py:545} INFO - Filling up the DagBag from /home/airflow/.local/lib/python3.12/site-packages/airflow/example_dags/example_branch_operator.py
[2026-05-07T20:28:03.676+0000] {processor.py:840} INFO - DAG(s) 'example_branch_operator' retrieved from /home/airflow/.local/lib/python3.12/site-packages/airflow/example_dags/example_branch_operator.py
[2026-05-07T20:28:03.699+0000] {logging_mixin.py:188} INFO - [2026-05-07T20:28:03.698+0000] {dag.py:3096} INFO - Sync 1 DAGs
[2026-05-07T20:28:03.717+0000] {logging_mixin.py:188} INFO - [2026-05-07T20:28:03.717+0000] {dag.py:3954} INFO - Setting next_dagrun for example_branch_operator to 2026-05-06 00:00:00+00:00, run_after=2026-05-07 00:00:00+00:00
[2026-05-07T20:28:03.733+0000] {processor.py:183} INFO - Processing /home/airflow/.local/lib/python3.12/site-packages/airflow/example_dags/example_branch_operator.py took 0.081 seconds
[2026-05-07T20:28:34.225+0000] {processor.py:161} INFO - Started process (PID=1403) to work on /home/airflow/.local/lib/python3.12/site-packages/airflow/example_dags/example_branch_operator.py
[2026-05-07T20:28:34.226+0000] {processor.py:830} INFO - Processing file /home/airflow/.local/lib/python3.12/site-packages/airflow/example_dags/example_branch_operator.py for tasks to queue
[2026-05-07T20:28:34.229+0000] {logging_mixin.py:188} INFO - [2026-05-07T20:28:34.228+0000] {dagbag.py:545} INFO - Filling up the DagBag from /home/airflow/.local/lib/python3.12/site-packages/airflow/example_dags/example_branch_operator.py
[2026-05-07T20:28:34.242+0000] {processor.py:840} INFO - DAG(s) 'example_branch_operator' retrieved from /home/airflow/.local/lib/python3.12/site-packages/airflow/example_dags/example_branch_operator.py
[2026-05-07T20:28:34.266+0000] {logging_mixin.py:188} INFO - [2026-05-07T20:28:34.265+0000] {dag.py:3096} INFO - Sync 1 DAGs
[2026-05-07T20:28:34.284+0000] {logging_mixin.py:188} INFO - [2026-05-07T20:28:34.284+0000] {dag.py:3954} INFO - Setting next_dagrun for example_branch_operator to 2026-05-06 00:00:00+00:00, run_after=2026-05-07 00:00:00+00:00
[2026-05-07T20:28:34.374+0000] {processor.py:183} INFO - Processing /home/airflow/.local/lib/python3.12/site-packages/airflow/example_dags/example_branch_operator.py took 0.154 seconds
[2026-05-07T20:29:04.758+0000] {processor.py:161} INFO - Started process (PID=1461) to work on /home/airflow/.local/lib/python3.12/site-packages/airflow/example_dags/example_branch_operator.py
[2026-05-07T20:29:04.760+0000] {processor.py:830} INFO - Processing file /home/airflow/.local/lib/python3.12/site-packages/airflow/example_dags/example_branch_operator.py for tasks to queue
[2026-05-07T20:29:04.762+0000] {logging_mixin.py:188} INFO - [2026-05-07T20:29:04.762+0000] {dagbag.py:545} INFO - Filling up the DagBag from /home/airflow/.local/lib/python3.12/site-packages/airflow/example_dags/example_branch_operator.py
[2026-05-07T20:29:04.777+0000] {processor.py:840} INFO - DAG(s) 'example_branch_operator' retrieved from /home/airflow/.local/lib/python3.12/site-packages/airflow/example_dags/example_branch_operator.py
[2026-05-07T20:29:04.800+0000] {logging_mixin.py:188} INFO - [2026-05-07T20:29:04.800+0000] {dag.py:3096} INFO - Sync 1 DAGs
[2026-05-07T20:29:04.817+0000] {logging_mixin.py:188} INFO - [2026-05-07T20:29:04.817+0000] {dag.py:3954} INFO - Setting next_dagrun for example_branch_operator to 2026-05-06 00:00:00+00:00, run_after=2026-05-07 00:00:00+00:00
[2026-05-07T20:29:04.837+0000] {processor.py:183} INFO - Processing /home/airflow/.local/lib/python3.12/site-packages/airflow/example_dags/example_branch_operator.py took 0.086 seconds
[2026-05-07T20:29:35.018+0000] {processor.py:161} INFO - Started process (PID=1519) to work on /home/airflow/.local/lib/python3.12/site-packages/airflow/example_dags/example_branch_operator.py
[2026-05-07T20:29:35.020+0000] {processor.py:830} INFO - Processing file /home/airflow/.local/lib/python3.12/site-packages/airflow/example_dags/example_branch_operator.py for tasks to queue
[2026-05-07T20:29:35.022+0000] {logging_mixin.py:188} INFO - [2026-05-07T20:29:35.021+0000] {dagbag.py:545} INFO - Filling up the DagBag from /home/airflow/.local/lib/python3.12/site-packages/airflow/example_dags/example_branch_operator.py
[2026-05-07T20:29:35.035+0000] {processor.py:840} INFO - DAG(s) 'example_branch_operator' retrieved from /home/airflow/.local/lib/python3.12/site-packages/airflow/example_dags/example_branch_operator.py
[2026-05-07T20:29:35.058+0000] {logging_mixin.py:188} INFO - [2026-05-07T20:29:35.058+0000] {dag.py:3096} INFO - Sync 1 DAGs
[2026-05-07T20:29:35.077+0000] {logging_mixin.py:188} INFO - [2026-05-07T20:29:35.076+0000] {dag.py:3954} INFO - Setting next_dagrun for example_branch_operator to 2026-05-06 00:00:00+00:00, run_after=2026-05-07 00:00:00+00:00
[2026-05-07T20:29:35.289+0000] {processor.py:183} INFO - Processing /home/airflow/.local/lib/python3.12/site-packages/airflow/example_dags/example_branch_operator.py took 0.275 seconds
[2026-05-07T20:30:05.366+0000] {processor.py:161} INFO - Started process (PID=1577) to work on /home/airflow/.local/lib/python3.12/site-packages/airflow/example_dags/example_branch_operator.py
[2026-05-07T20:30:05.368+0000] {processor.py:830} INFO - Processing file /home/airflow/.local/lib/python3.12/site-packages/airflow/example_dags/example_branch_operator.py for tasks to queue
[2026-05-07T20:30:05.370+0000] {logging_mixin.py:188} INFO - [2026-05-07T20:30:05.370+0000] {dagbag.py:545} INFO - Filling up the DagBag from /home/airflow/.local/lib/python3.12/site-packages/airflow/example_dags/example_branch_operator.py
[2026-05-07T20:30:05.386+0000] {processor.py:840} INFO - DAG(s) 'example_branch_operator' retrieved from /home/airflow/.local/lib/python3.12/site-packages/airflow/example_dags/example_branch_operator.py
[2026-05-07T20:30:05.413+0000] {logging_mixin.py:188} INFO - [2026-05-07T20:30:05.412+0000] {dag.py:3096} INFO - Sync 1 DAGs
[2026-05-07T20:30:05.436+0000] {logging_mixin.py:188} INFO - [2026-05-07T20:30:05.435+0000] {dag.py:3954} INFO - Setting next_dagrun for example_branch_operator to 2026-05-06 00:00:00+00:00, run_after=2026-05-07 00:00:00+00:00
[2026-05-07T20:30:05.464+0000] {processor.py:183} INFO - Processing /home/airflow/.local/lib/python3.12/site-packages/airflow/example_dags/example_branch_operator.py took 0.103 seconds
[2026-05-07T20:30:35.730+0000] {processor.py:161} INFO - Started process (PID=1635) to work on /home/airflow/.local/lib/python3.12/site-packages/airflow/example_dags/example_branch_operator.py
[2026-05-07T20:30:35.731+0000] {processor.py:830} INFO - Processing file /home/airflow/.local/lib/python3.12/site-packages/airflow/example_dags/example_branch_operator.py for tasks to queue
[2026-05-07T20:30:35.733+0000] {logging_mixin.py:188} INFO - [2026-05-07T20:30:35.733+0000] {dagbag.py:545} INFO - Filling up the DagBag from /home/airflow/.local/lib/python3.12/site-packages/airflow/example_dags/example_branch_operator.py
[2026-05-07T20:30:35.746+0000] {processor.py:840} INFO - DAG(s) 'example_branch_operator' retrieved from /home/airflow/.local/lib/python3.12/site-packages/airflow/example_dags/example_branch_operator.py
[2026-05-07T20:30:35.770+0000] {logging_mixin.py:188} INFO - [2026-05-07T20:30:35.770+0000] {dag.py:3096} INFO - Sync 1 DAGs
[2026-05-07T20:30:35.789+0000] {logging_mixin.py:188} INFO - [2026-05-07T20:30:35.789+0000] {dag.py:3954} INFO - Setting next_dagrun for example_branch_operator to 2026-05-06 00:00:00+00:00, run_after=2026-05-07 00:00:00+00:00
[2026-05-07T20:30:35.811+0000] {processor.py:183} INFO - Processing /home/airflow/.local/lib/python3.12/site-packages/airflow/example_dags/example_branch_operator.py took 0.087 seconds
[2026-05-07T20:31:06.072+0000] {processor.py:161} INFO - Started process (PID=1693) to work on /home/airflow/.local/lib/python3.12/site-packages/airflow/example_dags/example_branch_operator.py
[2026-05-07T20:31:06.073+0000] {processor.py:830} INFO - Processing file /home/airflow/.local/lib/python3.12/site-packages/airflow/example_dags/example_branch_operator.py for tasks to queue
[2026-05-07T20:31:06.075+0000] {logging_mixin.py:188} INFO - [2026-05-07T20:31:06.075+0000] {dagbag.py:545} INFO - Filling up the DagBag from /home/airflow/.local/lib/python3.12/site-packages/airflow/example_dags/example_branch_operator.py
[2026-05-07T20:31:06.092+0000] {processor.py:840} INFO - DAG(s) 'example_branch_operator' retrieved from /home/airflow/.local/lib/python3.12/site-packages/airflow/example_dags/example_branch_operator.py
[2026-05-07T20:31:06.117+0000] {logging_mixin.py:188} INFO - [2026-05-07T20:31:06.117+0000] {dag.py:3096} INFO - Sync 1 DAGs
[2026-05-07T20:31:06.135+0000] {logging_mixin.py:188} INFO - [2026-05-07T20:31:06.135+0000] {dag.py:3954} INFO - Setting next_dagrun for example_branch_operator to 2026-05-06 00:00:00+00:00, run_after=2026-05-07 00:00:00+00:00
[2026-05-07T20:31:06.155+0000] {processor.py:183} INFO - Processing /home/airflow/.local/lib/python3.12/site-packages/airflow/example_dags/example_branch_operator.py took 0.089 seconds
[2026-05-07T20:31:36.572+0000] {processor.py:161} INFO - Started process (PID=1752) to work on /home/airflow/.local/lib/python3.12/site-packages/airflow/example_dags/example_branch_operator.py
[2026-05-07T20:31:36.574+0000] {processor.py:830} INFO - Processing file /home/airflow/.local/lib/python3.12/site-packages/airflow/example_dags/example_branch_operator.py for tasks to queue
[2026-05-07T20:31:36.577+0000] {logging_mixin.py:188} INFO - [2026-05-07T20:31:36.576+0000] {dagbag.py:545} INFO - Filling up the DagBag from /home/airflow/.local/lib/python3.12/site-packages/airflow/example_dags/example_branch_operator.py
[2026-05-07T20:31:36.602+0000] {processor.py:840} INFO - DAG(s) 'example_branch_operator' retrieved from /home/airflow/.local/lib/python3.12/site-packages/airflow/example_dags/example_branch_operator.py
[2026-05-07T20:31:36.641+0000] {logging_mixin.py:188} INFO - [2026-05-07T20:31:36.641+0000] {dag.py:3096} INFO - Sync 1 DAGs
[2026-05-07T20:31:36.798+0000] {logging_mixin.py:188} INFO - [2026-05-07T20:31:36.797+0000] {dag.py:3954} INFO - Setting next_dagrun for example_branch_operator to 2026-05-06 00:00:00+00:00, run_after=2026-05-07 00:00:00+00:00
[2026-05-07T20:31:36.815+0000] {processor.py:183} INFO - Processing /home/airflow/.local/lib/python3.12/site-packages/airflow/example_dags/example_branch_operator.py took 0.250 seconds
[2026-05-07T20:32:07.436+0000] {processor.py:161} INFO - Started process (PID=1810) to work on /home/airflow/.local/lib/python3.12/site-packages/airflow/example_dags/example_branch_operator.py
[2026-05-07T20:32:07.437+0000] {processor.py:830} INFO - Processing file /home/airflow/.local/lib/python3.12/site-packages/airflow/example_dags/example_branch_operator.py for tasks to queue
[2026-05-07T20:32:07.439+0000] {logging_mixin.py:188} INFO - [2026-05-07T20:32:07.439+0000] {dagbag.py:545} INFO - Filling up the DagBag from /home/airflow/.local/lib/python3.12/site-packages/airflow/example_dags/example_branch_operator.py
[2026-05-07T20:32:07.457+0000] {processor.py:840} INFO - DAG(s) 'example_branch_operator' retrieved from /home/airflow/.local/lib/python3.12/site-packages/airflow/example_dags/example_branch_operator.py
[2026-05-07T20:32:07.486+0000] {logging_mixin.py:188} INFO - [2026-05-07T20:32:07.486+0000] {dag.py:3096} INFO - Sync 1 DAGs
[2026-05-07T20:32:07.622+0000] {logging_mixin.py:188} INFO - [2026-05-07T20:32:07.621+0000] {dag.py:3954} INFO - Setting next_dagrun for example_branch_operator to 2026-05-06 00:00:00+00:00, run_after=2026-05-07 00:00:00+00:00
[2026-05-07T20:32:07.710+0000] {processor.py:183} INFO - Processing /home/airflow/.local/lib/python3.12/site-packages/airflow/example_dags/example_branch_operator.py took 0.282 seconds
[2026-05-07T20:32:37.896+0000] {processor.py:161} INFO - Started process (PID=1868) to work on /home/airflow/.local/lib/python3.12/site-packages/airflow/example_dags/example_branch_operator.py
[2026-05-07T20:32:37.897+0000] {processor.py:830} INFO - Processing file /home/airflow/.local/lib/python3.12/site-packages/airflow/example_dags/example_branch_operator.py for tasks to queue
[2026-05-07T20:32:37.900+0000] {logging_mixin.py:188} INFO - [2026-05-07T20:32:37.900+0000] {dagbag.py:545} INFO - Filling up the DagBag from /home/airflow/.local/lib/python3.12/site-packages/airflow/example_dags/example_branch_operator.py
[2026-05-07T20:32:37.915+0000] {processor.py:840} INFO - DAG(s) 'example_branch_operator' retrieved from /home/airflow/.local/lib/python3.12/site-packages/airflow/example_dags/example_branch_operator.py
[2026-05-07T20:32:37.944+0000] {logging_mixin.py:188} INFO - [2026-05-07T20:32:37.944+0000] {dag.py:3096} INFO - Sync 1 DAGs
[2026-05-07T20:32:37.962+0000] {logging_mixin.py:188} INFO - [2026-05-07T20:32:37.962+0000] {dag.py:3954} INFO - Setting next_dagrun for example_branch_operator to 2026-05-06 00:00:00+00:00, run_after=2026-05-07 00:00:00+00:00
[2026-05-07T20:32:38.056+0000] {processor.py:183} INFO - Processing /home/airflow/.local/lib/python3.12/site-packages/airflow/example_dags/example_branch_operator.py took 0.165 seconds
[2026-05-07T20:33:08.286+0000] {processor.py:161} INFO - Started process (PID=1925) to work on /home/airflow/.local/lib/python3.12/site-packages/airflow/example_dags/example_branch_operator.py
[2026-05-07T20:33:08.287+0000] {processor.py:830} INFO - Processing file /home/airflow/.local/lib/python3.12/site-packages/airflow/example_dags/example_branch_operator.py for tasks to queue
[2026-05-07T20:33:08.289+0000] {logging_mixin.py:188} INFO - [2026-05-07T20:33:08.289+0000] {dagbag.py:545} INFO - Filling up the DagBag from /home/airflow/.local/lib/python3.12/site-packages/airflow/example_dags/example_branch_operator.py
[2026-05-07T20:33:08.304+0000] {processor.py:840} INFO - DAG(s) 'example_branch_operator' retrieved from /home/airflow/.local/lib/python3.12/site-packages/airflow/example_dags/example_branch_operator.py
[2026-05-07T20:33:08.330+0000] {logging_mixin.py:188} INFO - [2026-05-07T20:33:08.330+0000] {dag.py:3096} INFO - Sync 1 DAGs
[2026-05-07T20:33:08.352+0000] {logging_mixin.py:188} INFO - [2026-05-07T20:33:08.351+0000] {dag.py:3954} INFO - Setting next_dagrun for example_branch_operator to 2026-05-06 00:00:00+00:00, run_after=2026-05-07 00:00:00+00:00
[2026-05-07T20:33:08.435+0000] {processor.py:183} INFO - Processing /home/airflow/.local/lib/python3.12/site-packages/airflow/example_dags/example_branch_operator.py took 0.154 seconds
[2026-05-07T20:33:39.414+0000] {processor.py:161} INFO - Started process (PID=1982) to work on /home/airflow/.local/lib/python3.12/site-packages/airflow/example_dags/example_branch_operator.py
[2026-05-07T20:33:39.416+0000] {processor.py:830} INFO - Processing file /home/airflow/.local/lib/python3.12/site-packages/airflow/example_dags/example_branch_operator.py for tasks to queue
[2026-05-07T20:33:39.418+0000] {logging_mixin.py:188} INFO - [2026-05-07T20:33:39.417+0000] {dagbag.py:545} INFO - Filling up the DagBag from /home/airflow/.local/lib/python3.12/site-packages/airflow/example_dags/example_branch_operator.py
[2026-05-07T20:33:39.436+0000] {processor.py:840} INFO - DAG(s) 'example_branch_operator' retrieved from /home/airflow/.local/lib/python3.12/site-packages/airflow/example_dags/example_branch_operator.py
[2026-05-07T20:33:39.464+0000] {logging_mixin.py:188} INFO - [2026-05-07T20:33:39.464+0000] {dag.py:3096} INFO - Sync 1 DAGs
[2026-05-07T20:33:39.568+0000] {logging_mixin.py:188} INFO - [2026-05-07T20:33:39.568+0000] {dag.py:3954} INFO - Setting next_dagrun for example_branch_operator to 2026-05-06 00:00:00+00:00, run_after=2026-05-07 00:00:00+00:00
[2026-05-07T20:33:39.992+0000] {processor.py:183} INFO - Processing /home/airflow/.local/lib/python3.12/site-packages/airflow/example_dags/example_branch_operator.py took 0.583 seconds
[2026-05-07T20:34:10.219+0000] {processor.py:161} INFO - Started process (PID=2041) to work on /home/airflow/.local/lib/python3.12/site-packages/airflow/example_dags/example_branch_operator.py
[2026-05-07T20:34:10.220+0000] {processor.py:830} INFO - Processing file /home/airflow/.local/lib/python3.12/site-packages/airflow/example_dags/example_branch_operator.py for tasks to queue
[2026-05-07T20:34:10.223+0000] {logging_mixin.py:188} INFO - [2026-05-07T20:34:10.222+0000] {dagbag.py:545} INFO - Filling up the DagBag from /home/airflow/.local/lib/python3.12/site-packages/airflow/example_dags/example_branch_operator.py
[2026-05-07T20:34:10.238+0000] {processor.py:840} INFO - DAG(s) 'example_branch_operator' retrieved from /home/airflow/.local/lib/python3.12/site-packages/airflow/example_dags/example_branch_operator.py
[2026-05-07T20:34:10.268+0000] {logging_mixin.py:188} INFO - [2026-05-07T20:34:10.268+0000] {dag.py:3096} INFO - Sync 1 DAGs
[2026-05-07T20:34:10.289+0000] {logging_mixin.py:188} INFO - [2026-05-07T20:34:10.289+0000] {dag.py:3954} INFO - Setting next_dagrun for example_branch_operator to 2026-05-06 00:00:00+00:00, run_after=2026-05-07 00:00:00+00:00
[2026-05-07T20:34:10.311+0000] {processor.py:183} INFO - Processing /home/airflow/.local/lib/python3.12/site-packages/airflow/example_dags/example_branch_operator.py took 0.098 seconds
[2026-05-07T20:34:40.657+0000] {processor.py:161} INFO - Started process (PID=2099) to work on /home/airflow/.local/lib/python3.12/site-packages/airflow/example_dags/example_branch_operator.py
[2026-05-07T20:34:40.658+0000] {processor.py:830} INFO - Processing file /home/airflow/.local/lib/python3.12/site-packages/airflow/example_dags/example_branch_operator.py for tasks to queue
[2026-05-07T20:34:40.660+0000] {logging_mixin.py:188} INFO - [2026-05-07T20:34:40.660+0000] {dagbag.py:545} INFO - Filling up the DagBag from /home/airflow/.local/lib/python3.12/site-packages/airflow/example_dags/example_branch_operator.py
[2026-05-07T20:34:40.677+0000] {processor.py:840} INFO - DAG(s) 'example_branch_operator' retrieved from /home/airflow/.local/lib/python3.12/site-packages/airflow/example_dags/example_branch_operator.py
[2026-05-07T20:34:40.703+0000] {logging_mixin.py:188} INFO - [2026-05-07T20:34:40.703+0000] {dag.py:3096} INFO - Sync 1 DAGs
[2026-05-07T20:34:40.730+0000] {logging_mixin.py:188} INFO - [2026-05-07T20:34:40.730+0000] {dag.py:3954} INFO - Setting next_dagrun for example_branch_operator to 2026-05-06 00:00:00+00:00, run_after=2026-05-07 00:00:00+00:00
[2026-05-07T20:34:40.809+0000] {processor.py:183} INFO - Processing /home/airflow/.local/lib/python3.12/site-packages/airflow/example_dags/example_branch_operator.py took 0.158 seconds
[2026-05-07T20:35:11.152+0000] {processor.py:161} INFO - Started process (PID=2157) to work on /home/airflow/.local/lib/python3.12/site-packages/airflow/example_dags/example_branch_operator.py
[2026-05-07T20:35:11.154+0000] {processor.py:830} INFO - Processing file /home/airflow/.local/lib/python3.12/site-packages/airflow/example_dags/example_branch_operator.py for tasks to queue
[2026-05-07T20:35:11.156+0000] {logging_mixin.py:188} INFO - [2026-05-07T20:35:11.155+0000] {dagbag.py:545} INFO - Filling up the DagBag from /home/airflow/.local/lib/python3.12/site-packages/airflow/example_dags/example_branch_operator.py
[2026-05-07T20:35:11.175+0000] {processor.py:840} INFO - DAG(s) 'example_branch_operator' retrieved from /home/airflow/.local/lib/python3.12/site-packages/airflow/example_dags/example_branch_operator.py
[2026-05-07T20:35:11.205+0000] {logging_mixin.py:188} INFO - [2026-05-07T20:35:11.205+0000] {dag.py:3096} INFO - Sync 1 DAGs
[2026-05-07T20:35:11.233+0000] {logging_mixin.py:188} INFO - [2026-05-07T20:35:11.233+0000] {dag.py:3954} INFO - Setting next_dagrun for example_branch_operator to 2026-05-06 00:00:00+00:00, run_after=2026-05-07 00:00:00+00:00
[2026-05-07T20:35:11.257+0000] {processor.py:183} INFO - Processing /home/airflow/.local/lib/python3.12/site-packages/airflow/example_dags/example_branch_operator.py took 0.112 seconds
[2026-05-07T20:35:41.430+0000] {processor.py:161} INFO - Started process (PID=2215) to work on /home/airflow/.local/lib/python3.12/site-packages/airflow/example_dags/example_branch_operator.py
[2026-05-07T20:35:41.431+0000] {processor.py:830} INFO - Processing file /home/airflow/.local/lib/python3.12/site-packages/airflow/example_dags/example_branch_operator.py for tasks to queue
[2026-05-07T20:35:41.434+0000] {logging_mixin.py:188} INFO - [2026-05-07T20:35:41.434+0000] {dagbag.py:545} INFO - Filling up the DagBag from /home/airflow/.local/lib/python3.12/site-packages/airflow/example_dags/example_branch_operator.py
[2026-05-07T20:35:41.450+0000] {processor.py:840} INFO - DAG(s) 'example_branch_operator' retrieved from /home/airflow/.local/lib/python3.12/site-packages/airflow/example_dags/example_branch_operator.py
[2026-05-07T20:35:41.481+0000] {logging_mixin.py:188} INFO - [2026-05-07T20:35:41.480+0000] {dag.py:3096} INFO - Sync 1 DAGs
[2026-05-07T20:35:41.505+0000] {logging_mixin.py:188} INFO - [2026-05-07T20:35:41.505+0000] {dag.py:3954} INFO - Setting next_dagrun for example_branch_operator to 2026-05-06 00:00:00+00:00, run_after=2026-05-07 00:00:00+00:00
[2026-05-07T20:35:41.589+0000] {processor.py:183} INFO - Processing /home/airflow/.local/lib/python3.12/site-packages/airflow/example_dags/example_branch_operator.py took 0.166 seconds
[2026-05-07T20:36:12.348+0000] {processor.py:161} INFO - Started process (PID=2274) to work on /home/airflow/.local/lib/python3.12/site-packages/airflow/example_dags/example_branch_operator.py
[2026-05-07T20:36:12.349+0000] {processor.py:830} INFO - Processing file /home/airflow/.local/lib/python3.12/site-packages/airflow/example_dags/example_branch_operator.py for tasks to queue
[2026-05-07T20:36:12.351+0000] {logging_mixin.py:188} INFO - [2026-05-07T20:36:12.351+0000] {dagbag.py:545} INFO - Filling up the DagBag from /home/airflow/.local/lib/python3.12/site-packages/airflow/example_dags/example_branch_operator.py
[2026-05-07T20:36:12.366+0000] {processor.py:840} INFO - DAG(s) 'example_branch_operator' retrieved from /home/airflow/.local/lib/python3.12/site-packages/airflow/example_dags/example_branch_operator.py
[2026-05-07T20:36:12.395+0000] {logging_mixin.py:188} INFO - [2026-05-07T20:36:12.395+0000] {dag.py:3096} INFO - Sync 1 DAGs
[2026-05-07T20:36:12.416+0000] {logging_mixin.py:188} INFO - [2026-05-07T20:36:12.416+0000] {dag.py:3954} INFO - Setting next_dagrun for example_branch_operator to 2026-05-06 00:00:00+00:00, run_after=2026-05-07 00:00:00+00:00
[2026-05-07T20:36:12.436+0000] {processor.py:183} INFO - Processing /home/airflow/.local/lib/python3.12/site-packages/airflow/example_dags/example_branch_operator.py took 0.095 seconds
[2026-05-07T20:36:43.013+0000] {processor.py:161} INFO - Started process (PID=2332) to work on /home/airflow/.local/lib/python3.12/site-packages/airflow/example_dags/example_branch_operator.py
[2026-05-07T20:36:43.015+0000] {processor.py:830} INFO - Processing file /home/airflow/.local/lib/python3.12/site-packages/airflow/example_dags/example_branch_operator.py for tasks to queue
[2026-05-07T20:36:43.016+0000] {logging_mixin.py:188} INFO - [2026-05-07T20:36:43.016+0000] {dagbag.py:545} INFO - Filling up the DagBag from /home/airflow/.local/lib/python3.12/site-packages/airflow/example_dags/example_branch_operator.py
[2026-05-07T20:36:43.031+0000] {processor.py:840} INFO - DAG(s) 'example_branch_operator' retrieved from /home/airflow/.local/lib/python3.12/site-packages/airflow/example_dags/example_branch_operator.py
[2026-05-07T20:36:43.058+0000] {logging_mixin.py:188} INFO - [2026-05-07T20:36:43.058+0000] {dag.py:3096} INFO - Sync 1 DAGs
[2026-05-07T20:36:43.079+0000] {logging_mixin.py:188} INFO - [2026-05-07T20:36:43.079+0000] {dag.py:3954} INFO - Setting next_dagrun for example_branch_operator to 2026-05-06 00:00:00+00:00, run_after=2026-05-07 00:00:00+00:00
[2026-05-07T20:36:43.163+0000] {processor.py:183} INFO - Processing /home/airflow/.local/lib/python3.12/site-packages/airflow/example_dags/example_branch_operator.py took 0.156 seconds
[2026-05-07T20:37:13.892+0000] {processor.py:161} INFO - Started process (PID=2390) to work on /home/airflow/.local/lib/python3.12/site-packages/airflow/example_dags/example_branch_operator.py
[2026-05-07T20:37:13.893+0000] {processor.py:830} INFO - Processing file /home/airflow/.local/lib/python3.12/site-packages/airflow/example_dags/example_branch_operator.py for tasks to queue
[2026-05-07T20:37:13.895+0000] {logging_mixin.py:188} INFO - [2026-05-07T20:37:13.895+0000] {dagbag.py:545} INFO - Filling up the DagBag from /home/airflow/.local/lib/python3.12/site-packages/airflow/example_dags/example_branch_operator.py
[2026-05-07T20:37:13.909+0000] {processor.py:840} INFO - DAG(s) 'example_branch_operator' retrieved from /home/airflow/.local/lib/python3.12/site-packages/airflow/example_dags/example_branch_operator.py
[2026-05-07T20:37:13.934+0000] {logging_mixin.py:188} INFO - [2026-05-07T20:37:13.934+0000] {dag.py:3096} INFO - Sync 1 DAGs
[2026-05-07T20:37:13.953+0000] {logging_mixin.py:188} INFO - [2026-05-07T20:37:13.953+0000] {dag.py:3954} INFO - Setting next_dagrun for example_branch_operator to 2026-05-06 00:00:00+00:00, run_after=2026-05-07 00:00:00+00:00
[2026-05-07T20:37:14.047+0000] {processor.py:183} INFO - Processing /home/airflow/.local/lib/python3.12/site-packages/airflow/example_dags/example_branch_operator.py took 0.160 seconds
[2026-05-07T20:37:44.778+0000] {processor.py:161} INFO - Started process (PID=2448) to work on /home/airflow/.local/lib/python3.12/site-packages/airflow/example_dags/example_branch_operator.py
[2026-05-07T20:37:44.780+0000] {processor.py:830} INFO - Processing file /home/airflow/.local/lib/python3.12/site-packages/airflow/example_dags/example_branch_operator.py for tasks to queue
[2026-05-07T20:37:44.782+0000] {logging_mixin.py:188} INFO - [2026-05-07T20:37:44.782+0000] {dagbag.py:545} INFO - Filling up the DagBag from /home/airflow/.local/lib/python3.12/site-packages/airflow/example_dags/example_branch_operator.py
[2026-05-07T20:37:44.797+0000] {processor.py:840} INFO - DAG(s) 'example_branch_operator' retrieved from /home/airflow/.local/lib/python3.12/site-packages/airflow/example_dags/example_branch_operator.py
[2026-05-07T20:37:44.820+0000] {logging_mixin.py:188} INFO - [2026-05-07T20:37:44.820+0000] {dag.py:3096} INFO - Sync 1 DAGs
[2026-05-07T20:37:44.846+0000] {logging_mixin.py:188} INFO - [2026-05-07T20:37:44.846+0000] {dag.py:3954} INFO - Setting next_dagrun for example_branch_operator to 2026-05-06 00:00:00+00:00, run_after=2026-05-07 00:00:00+00:00
[2026-05-07T20:37:44.873+0000] {processor.py:183} INFO - Processing /home/airflow/.local/lib/python3.12/site-packages/airflow/example_dags/example_branch_operator.py took 0.100 seconds
[2026-05-07T20:38:15.290+0000] {processor.py:161} INFO - Started process (PID=2506) to work on /home/airflow/.local/lib/python3.12/site-packages/airflow/example_dags/example_branch_operator.py
[2026-05-07T20:38:15.291+0000] {processor.py:830} INFO - Processing file /home/airflow/.local/lib/python3.12/site-packages/airflow/example_dags/example_branch_operator.py for tasks to queue
[2026-05-07T20:38:15.293+0000] {logging_mixin.py:188} INFO - [2026-05-07T20:38:15.293+0000] {dagbag.py:545} INFO - Filling up the DagBag from /home/airflow/.local/lib/python3.12/site-packages/airflow/example_dags/example_branch_operator.py
[2026-05-07T20:38:15.311+0000] {processor.py:840} INFO - DAG(s) 'example_branch_operator' retrieved from /home/airflow/.local/lib/python3.12/site-packages/airflow/example_dags/example_branch_operator.py
[2026-05-07T20:38:15.333+0000] {logging_mixin.py:188} INFO - [2026-05-07T20:38:15.333+0000] {dag.py:3096} INFO - Sync 1 DAGs
[2026-05-07T20:38:15.352+0000] {logging_mixin.py:188} INFO - [2026-05-07T20:38:15.351+0000] {dag.py:3954} INFO - Setting next_dagrun for example_branch_operator to 2026-05-06 00:00:00+00:00, run_after=2026-05-07 00:00:00+00:00
[2026-05-07T20:38:15.440+0000] {processor.py:183} INFO - Processing /home/airflow/.local/lib/python3.12/site-packages/airflow/example_dags/example_branch_operator.py took 0.156 seconds
[2026-05-07T20:38:46.321+0000] {processor.py:161} INFO - Started process (PID=2564) to work on /home/airflow/.local/lib/python3.12/site-packages/airflow/example_dags/example_branch_operator.py
[2026-05-07T20:38:46.322+0000] {processor.py:830} INFO - Processing file /home/airflow/.local/lib/python3.12/site-packages/airflow/example_dags/example_branch_operator.py for tasks to queue
[2026-05-07T20:38:46.324+0000] {logging_mixin.py:188} INFO - [2026-05-07T20:38:46.324+0000] {dagbag.py:545} INFO - Filling up the DagBag from /home/airflow/.local/lib/python3.12/site-packages/airflow/example_dags/example_branch_operator.py
[2026-05-07T20:38:46.341+0000] {processor.py:840} INFO - DAG(s) 'example_branch_operator' retrieved from /home/airflow/.local/lib/python3.12/site-packages/airflow/example_dags/example_branch_operator.py
[2026-05-07T20:38:46.370+0000] {logging_mixin.py:188} INFO - [2026-05-07T20:38:46.369+0000] {dag.py:3096} INFO - Sync 1 DAGs
[2026-05-07T20:38:46.397+0000] {logging_mixin.py:188} INFO - [2026-05-07T20:38:46.397+0000] {dag.py:3954} INFO - Setting next_dagrun for example_branch_operator to 2026-05-06 00:00:00+00:00, run_after=2026-05-07 00:00:00+00:00
[2026-05-07T20:38:46.420+0000] {processor.py:183} INFO - Processing /home/airflow/.local/lib/python3.12/site-packages/airflow/example_dags/example_branch_operator.py took 0.106 seconds
[2026-05-07T20:39:16.931+0000] {processor.py:161} INFO - Started process (PID=2622) to work on /home/airflow/.local/lib/python3.12/site-packages/airflow/example_dags/example_branch_operator.py
[2026-05-07T20:39:16.932+0000] {processor.py:830} INFO - Processing file /home/airflow/.local/lib/python3.12/site-packages/airflow/example_dags/example_branch_operator.py for tasks to queue
[2026-05-07T20:39:16.935+0000] {logging_mixin.py:188} INFO - [2026-05-07T20:39:16.935+0000] {dagbag.py:545} INFO - Filling up the DagBag from /home/airflow/.local/lib/python3.12/site-packages/airflow/example_dags/example_branch_operator.py
[2026-05-07T20:39:16.949+0000] {processor.py:840} INFO - DAG(s) 'example_branch_operator' retrieved from /home/airflow/.local/lib/python3.12/site-packages/airflow/example_dags/example_branch_operator.py
[2026-05-07T20:39:16.979+0000] {logging_mixin.py:188} INFO - [2026-05-07T20:39:16.979+0000] {dag.py:3096} INFO - Sync 1 DAGs
[2026-05-07T20:39:16.999+0000] {logging_mixin.py:188} INFO - [2026-05-07T20:39:16.999+0000] {dag.py:3954} INFO - Setting next_dagrun for example_branch_operator to 2026-05-06 00:00:00+00:00, run_after=2026-05-07 00:00:00+00:00
[2026-05-07T20:39:17.022+0000] {processor.py:183} INFO - Processing /home/airflow/.local/lib/python3.12/site-packages/airflow/example_dags/example_branch_operator.py took 0.097 seconds
[2026-05-07T20:39:47.886+0000] {processor.py:161} INFO - Started process (PID=2680) to work on /home/airflow/.local/lib/python3.12/site-packages/airflow/example_dags/example_branch_operator.py
[2026-05-07T20:39:47.888+0000] {processor.py:830} INFO - Processing file /home/airflow/.local/lib/python3.12/site-packages/airflow/example_dags/example_branch_operator.py for tasks to queue
[2026-05-07T20:39:47.890+0000] {logging_mixin.py:188} INFO - [2026-05-07T20:39:47.890+0000] {dagbag.py:545} INFO - Filling up the DagBag from /home/airflow/.local/lib/python3.12/site-packages/airflow/example_dags/example_branch_operator.py
[2026-05-07T20:39:47.905+0000] {processor.py:840} INFO - DAG(s) 'example_branch_operator' retrieved from /home/airflow/.local/lib/python3.12/site-packages/airflow/example_dags/example_branch_operator.py
[2026-05-07T20:39:47.936+0000] {logging_mixin.py:188} INFO - [2026-05-07T20:39:47.935+0000] {dag.py:3096} INFO - Sync 1 DAGs
[2026-05-07T20:39:47.966+0000] {logging_mixin.py:188} INFO - [2026-05-07T20:39:47.966+0000] {dag.py:3954} INFO - Setting next_dagrun for example_branch_operator to 2026-05-06 00:00:00+00:00, run_after=2026-05-07 00:00:00+00:00
[2026-05-07T20:39:48.003+0000] {processor.py:183} INFO - Processing /home/airflow/.local/lib/python3.12/site-packages/airflow/example_dags/example_branch_operator.py took 0.123 seconds
[2026-05-07T20:40:18.459+0000] {processor.py:161} INFO - Started process (PID=2738) to work on /home/airflow/.local/lib/python3.12/site-packages/airflow/example_dags/example_branch_operator.py
[2026-05-07T20:40:18.461+0000] {processor.py:830} INFO - Processing file /home/airflow/.local/lib/python3.12/site-packages/airflow/example_dags/example_branch_operator.py for tasks to queue
[2026-05-07T20:40:18.465+0000] {logging_mixin.py:188} INFO - [2026-05-07T20:40:18.464+0000] {dagbag.py:545} INFO - Filling up the DagBag from /home/airflow/.local/lib/python3.12/site-packages/airflow/example_dags/example_branch_operator.py
[2026-05-07T20:40:18.484+0000] {processor.py:840} INFO - DAG(s) 'example_branch_operator' retrieved from /home/airflow/.local/lib/python3.12/site-packages/airflow/example_dags/example_branch_operator.py
[2026-05-07T20:40:18.513+0000] {logging_mixin.py:188} INFO - [2026-05-07T20:40:18.513+0000] {dag.py:3096} INFO - Sync 1 DAGs
[2026-05-07T20:40:18.536+0000] {logging_mixin.py:188} INFO - [2026-05-07T20:40:18.536+0000] {dag.py:3954} INFO - Setting next_dagrun for example_branch_operator to 2026-05-06 00:00:00+00:00, run_after=2026-05-07 00:00:00+00:00
[2026-05-07T20:40:18.611+0000] {processor.py:183} INFO - Processing /home/airflow/.local/lib/python3.12/site-packages/airflow/example_dags/example_branch_operator.py took 0.158 seconds
[2026-05-07T20:40:49.152+0000] {processor.py:161} INFO - Started process (PID=2796) to work on /home/airflow/.local/lib/python3.12/site-packages/airflow/example_dags/example_branch_operator.py
[2026-05-07T20:40:49.154+0000] {processor.py:830} INFO - Processing file /home/airflow/.local/lib/python3.12/site-packages/airflow/example_dags/example_branch_operator.py for tasks to queue
[2026-05-07T20:40:49.158+0000] {logging_mixin.py:188} INFO - [2026-05-07T20:40:49.158+0000] {dagbag.py:545} INFO - Filling up the DagBag from /home/airflow/.local/lib/python3.12/site-packages/airflow/example_dags/example_branch_operator.py
[2026-05-07T20:40:49.172+0000] {processor.py:840} INFO - DAG(s) 'example_branch_operator' retrieved from /home/airflow/.local/lib/python3.12/site-packages/airflow/example_dags/example_branch_operator.py
[2026-05-07T20:40:49.198+0000] {logging_mixin.py:188} INFO - [2026-05-07T20:40:49.197+0000] {dag.py:3096} INFO - Sync 1 DAGs
[2026-05-07T20:40:49.220+0000] {logging_mixin.py:188} INFO - [2026-05-07T20:40:49.219+0000] {dag.py:3954} INFO - Setting next_dagrun for example_branch_operator to 2026-05-06 00:00:00+00:00, run_after=2026-05-07 00:00:00+00:00
[2026-05-07T20:40:49.247+0000] {processor.py:183} INFO - Processing /home/airflow/.local/lib/python3.12/site-packages/airflow/example_dags/example_branch_operator.py took 0.103 seconds
[2026-05-07T20:41:19.938+0000] {processor.py:161} INFO - Started process (PID=2854) to work on /home/airflow/.local/lib/python3.12/site-packages/airflow/example_dags/example_branch_operator.py
[2026-05-07T20:41:19.940+0000] {processor.py:830} INFO - Processing file /home/airflow/.local/lib/python3.12/site-packages/airflow/example_dags/example_branch_operator.py for tasks to queue
[2026-05-07T20:41:19.942+0000] {logging_mixin.py:188} INFO - [2026-05-07T20:41:19.942+0000] {dagbag.py:545} INFO - Filling up the DagBag from /home/airflow/.local/lib/python3.12/site-packages/airflow/example_dags/example_branch_operator.py
[2026-05-07T20:41:19.958+0000] {processor.py:840} INFO - DAG(s) 'example_branch_operator' retrieved from /home/airflow/.local/lib/python3.12/site-packages/airflow/example_dags/example_branch_operator.py
[2026-05-07T20:41:19.988+0000] {logging_mixin.py:188} INFO - [2026-05-07T20:41:19.987+0000] {dag.py:3096} INFO - Sync 1 DAGs
[2026-05-07T20:41:20.019+0000] {logging_mixin.py:188} INFO - [2026-05-07T20:41:20.018+0000] {dag.py:3954} INFO - Setting next_dagrun for example_branch_operator to 2026-05-06 00:00:00+00:00, run_after=2026-05-07 00:00:00+00:00
[2026-05-07T20:41:20.065+0000] {processor.py:183} INFO - Processing /home/airflow/.local/lib/python3.12/site-packages/airflow/example_dags/example_branch_operator.py took 0.133 seconds
[2026-05-07T20:41:51.000+0000] {processor.py:161} INFO - Started process (PID=2912) to work on /home/airflow/.local/lib/python3.12/site-packages/airflow/example_dags/example_branch_operator.py
[2026-05-07T20:41:51.001+0000] {processor.py:830} INFO - Processing file /home/airflow/.local/lib/python3.12/site-packages/airflow/example_dags/example_branch_operator.py for tasks to queue
[2026-05-07T20:41:51.004+0000] {logging_mixin.py:188} INFO - [2026-05-07T20:41:51.004+0000] {dagbag.py:545} INFO - Filling up the DagBag from /home/airflow/.local/lib/python3.12/site-packages/airflow/example_dags/example_branch_operator.py
[2026-05-07T20:41:51.023+0000] {processor.py:840} INFO - DAG(s) 'example_branch_operator' retrieved from /home/airflow/.local/lib/python3.12/site-packages/airflow/example_dags/example_branch_operator.py
[2026-05-07T20:41:51.052+0000] {logging_mixin.py:188} INFO - [2026-05-07T20:41:51.051+0000] {dag.py:3096} INFO - Sync 1 DAGs
[2026-05-07T20:41:51.074+0000] {logging_mixin.py:188} INFO - [2026-05-07T20:41:51.074+0000] {dag.py:3954} INFO - Setting next_dagrun for example_branch_operator to 2026-05-06 00:00:00+00:00, run_after=2026-05-07 00:00:00+00:00
[2026-05-07T20:41:51.169+0000] {processor.py:183} INFO - Processing /home/airflow/.local/lib/python3.12/site-packages/airflow/example_dags/example_branch_operator.py took 0.177 seconds
[2026-05-07T20:42:21.387+0000] {processor.py:161} INFO - Started process (PID=2970) to work on /home/airflow/.local/lib/python3.12/site-packages/airflow/example_dags/example_branch_operator.py
[2026-05-07T20:42:21.389+0000] {processor.py:830} INFO - Processing file /home/airflow/.local/lib/python3.12/site-packages/airflow/example_dags/example_branch_operator.py for tasks to queue
[2026-05-07T20:42:21.391+0000] {logging_mixin.py:188} INFO - [2026-05-07T20:42:21.391+0000] {dagbag.py:545} INFO - Filling up the DagBag from /home/airflow/.local/lib/python3.12/site-packages/airflow/example_dags/example_branch_operator.py
[2026-05-07T20:42:21.405+0000] {processor.py:840} INFO - DAG(s) 'example_branch_operator' retrieved from /home/airflow/.local/lib/python3.12/site-packages/airflow/example_dags/example_branch_operator.py
[2026-05-07T20:42:21.434+0000] {logging_mixin.py:188} INFO - [2026-05-07T20:42:21.434+0000] {dag.py:3096} INFO - Sync 1 DAGs
[2026-05-07T20:42:21.455+0000] {logging_mixin.py:188} INFO - [2026-05-07T20:42:21.455+0000] {dag.py:3954} INFO - Setting next_dagrun for example_branch_operator to 2026-05-06 00:00:00+00:00, run_after=2026-05-07 00:00:00+00:00
[2026-05-07T20:42:21.546+0000] {processor.py:183} INFO - Processing /home/airflow/.local/lib/python3.12/site-packages/airflow/example_dags/example_branch_operator.py took 0.164 seconds
[2026-05-07T20:42:51.805+0000] {processor.py:161} INFO - Started process (PID=3028) to work on /home/airflow/.local/lib/python3.12/site-packages/airflow/example_dags/example_branch_operator.py
[2026-05-07T20:42:51.806+0000] {processor.py:830} INFO - Processing file /home/airflow/.local/lib/python3.12/site-packages/airflow/example_dags/example_branch_operator.py for tasks to queue
[2026-05-07T20:42:51.809+0000] {logging_mixin.py:188} INFO - [2026-05-07T20:42:51.808+0000] {dagbag.py:545} INFO - Filling up the DagBag from /home/airflow/.local/lib/python3.12/site-packages/airflow/example_dags/example_branch_operator.py
[2026-05-07T20:42:51.827+0000] {processor.py:840} INFO - DAG(s) 'example_branch_operator' retrieved from /home/airflow/.local/lib/python3.12/site-packages/airflow/example_dags/example_branch_operator.py
[2026-05-07T20:42:51.859+0000] {logging_mixin.py:188} INFO - [2026-05-07T20:42:51.859+0000] {dag.py:3096} INFO - Sync 1 DAGs
[2026-05-07T20:42:51.890+0000] {logging_mixin.py:188} INFO - [2026-05-07T20:42:51.890+0000] {dag.py:3954} INFO - Setting next_dagrun for example_branch_operator to 2026-05-06 00:00:00+00:00, run_after=2026-05-07 00:00:00+00:00
[2026-05-07T20:42:51.976+0000] {processor.py:183} INFO - Processing /home/airflow/.local/lib/python3.12/site-packages/airflow/example_dags/example_branch_operator.py took 0.176 seconds
[2026-05-07T20:43:22.165+0000] {processor.py:161} INFO - Started process (PID=3086) to work on /home/airflow/.local/lib/python3.12/site-packages/airflow/example_dags/example_branch_operator.py
[2026-05-07T20:43:22.166+0000] {processor.py:830} INFO - Processing file /home/airflow/.local/lib/python3.12/site-packages/airflow/example_dags/example_branch_operator.py for tasks to queue
[2026-05-07T20:43:22.168+0000] {logging_mixin.py:188} INFO - [2026-05-07T20:43:22.168+0000] {dagbag.py:545} INFO - Filling up the DagBag from /home/airflow/.local/lib/python3.12/site-packages/airflow/example_dags/example_branch_operator.py
[2026-05-07T20:43:22.183+0000] {processor.py:840} INFO - DAG(s) 'example_branch_operator' retrieved from /home/airflow/.local/lib/python3.12/site-packages/airflow/example_dags/example_branch_operator.py
[2026-05-07T20:43:22.212+0000] {logging_mixin.py:188} INFO - [2026-05-07T20:43:22.212+0000] {dag.py:3096} INFO - Sync 1 DAGs
[2026-05-07T20:43:22.233+0000] {logging_mixin.py:188} INFO - [2026-05-07T20:43:22.233+0000] {dag.py:3954} INFO - Setting next_dagrun for example_branch_operator to 2026-05-06 00:00:00+00:00, run_after=2026-05-07 00:00:00+00:00
[2026-05-07T20:43:22.255+0000] {processor.py:183} INFO - Processing /home/airflow/.local/lib/python3.12/site-packages/airflow/example_dags/example_branch_operator.py took 0.098 seconds
[2026-05-07T20:43:53.217+0000] {processor.py:161} INFO - Started process (PID=3144) to work on /home/airflow/.local/lib/python3.12/site-packages/airflow/example_dags/example_branch_operator.py
[2026-05-07T20:43:53.219+0000] {processor.py:830} INFO - Processing file /home/airflow/.local/lib/python3.12/site-packages/airflow/example_dags/example_branch_operator.py for tasks to queue
[2026-05-07T20:43:53.222+0000] {logging_mixin.py:188} INFO - [2026-05-07T20:43:53.222+0000] {dagbag.py:545} INFO - Filling up the DagBag from /home/airflow/.local/lib/python3.12/site-packages/airflow/example_dags/example_branch_operator.py
[2026-05-07T20:43:53.240+0000] {processor.py:840} INFO - DAG(s) 'example_branch_operator' retrieved from /home/airflow/.local/lib/python3.12/site-packages/airflow/example_dags/example_branch_operator.py
[2026-05-07T20:43:53.280+0000] {logging_mixin.py:188} INFO - [2026-05-07T20:43:53.279+0000] {dag.py:3096} INFO - Sync 1 DAGs
[2026-05-07T20:43:53.309+0000] {logging_mixin.py:188} INFO - [2026-05-07T20:43:53.308+0000] {dag.py:3954} INFO - Setting next_dagrun for example_branch_operator to 2026-05-06 00:00:00+00:00, run_after=2026-05-07 00:00:00+00:00
[2026-05-07T20:43:53.384+0000] {processor.py:183} INFO - Processing /home/airflow/.local/lib/python3.12/site-packages/airflow/example_dags/example_branch_operator.py took 0.174 seconds
[2026-05-07T20:44:23.652+0000] {processor.py:161} INFO - Started process (PID=3202) to work on /home/airflow/.local/lib/python3.12/site-packages/airflow/example_dags/example_branch_operator.py
[2026-05-07T20:44:23.654+0000] {processor.py:830} INFO - Processing file /home/airflow/.local/lib/python3.12/site-packages/airflow/example_dags/example_branch_operator.py for tasks to queue
[2026-05-07T20:44:23.656+0000] {logging_mixin.py:188} INFO - [2026-05-07T20:44:23.656+0000] {dagbag.py:545} INFO - Filling up the DagBag from /home/airflow/.local/lib/python3.12/site-packages/airflow/example_dags/example_branch_operator.py
[2026-05-07T20:44:23.672+0000] {processor.py:840} INFO - DAG(s) 'example_branch_operator' retrieved from /home/airflow/.local/lib/python3.12/site-packages/airflow/example_dags/example_branch_operator.py
[2026-05-07T20:44:23.697+0000] {logging_mixin.py:188} INFO - [2026-05-07T20:44:23.696+0000] {dag.py:3096} INFO - Sync 1 DAGs
[2026-05-07T20:44:23.715+0000] {logging_mixin.py:188} INFO - [2026-05-07T20:44:23.715+0000] {dag.py:3954} INFO - Setting next_dagrun for example_branch_operator to 2026-05-06 00:00:00+00:00, run_after=2026-05-07 00:00:00+00:00
[2026-05-07T20:44:23.807+0000] {processor.py:183} INFO - Processing /home/airflow/.local/lib/python3.12/site-packages/airflow/example_dags/example_branch_operator.py took 0.161 seconds
[2026-05-07T20:44:53.893+0000] {processor.py:161} INFO - Started process (PID=3260) to work on /home/airflow/.local/lib/python3.12/site-packages/airflow/example_dags/example_branch_operator.py
[2026-05-07T20:44:53.895+0000] {processor.py:830} INFO - Processing file /home/airflow/.local/lib/python3.12/site-packages/airflow/example_dags/example_branch_operator.py for tasks to queue
[2026-05-07T20:44:53.897+0000] {logging_mixin.py:188} INFO - [2026-05-07T20:44:53.897+0000] {dagbag.py:545} INFO - Filling up the DagBag from /home/airflow/.local/lib/python3.12/site-packages/airflow/example_dags/example_branch_operator.py
[2026-05-07T20:44:53.911+0000] {processor.py:840} INFO - DAG(s) 'example_branch_operator' retrieved from /home/airflow/.local/lib/python3.12/site-packages/airflow/example_dags/example_branch_operator.py
[2026-05-07T20:44:53.938+0000] {logging_mixin.py:188} INFO - [2026-05-07T20:44:53.937+0000] {dag.py:3096} INFO - Sync 1 DAGs
[2026-05-07T20:44:53.959+0000] {logging_mixin.py:188} INFO - [2026-05-07T20:44:53.959+0000] {dag.py:3954} INFO - Setting next_dagrun for example_branch_operator to 2026-05-06 00:00:00+00:00, run_after=2026-05-07 00:00:00+00:00
[2026-05-07T20:44:53.980+0000] {processor.py:183} INFO - Processing /home/airflow/.local/lib/python3.12/site-packages/airflow/example_dags/example_branch_operator.py took 0.093 seconds
[2026-05-07T20:45:24.582+0000] {processor.py:161} INFO - Started process (PID=3318) to work on /home/airflow/.local/lib/python3.12/site-packages/airflow/example_dags/example_branch_operator.py
[2026-05-07T20:45:24.583+0000] {processor.py:830} INFO - Processing file /home/airflow/.local/lib/python3.12/site-packages/airflow/example_dags/example_branch_operator.py for tasks to queue
[2026-05-07T20:45:24.585+0000] {logging_mixin.py:188} INFO - [2026-05-07T20:45:24.585+0000] {dagbag.py:545} INFO - Filling up the DagBag from /home/airflow/.local/lib/python3.12/site-packages/airflow/example_dags/example_branch_operator.py
[2026-05-07T20:45:24.601+0000] {processor.py:840} INFO - DAG(s) 'example_branch_operator' retrieved from /home/airflow/.local/lib/python3.12/site-packages/airflow/example_dags/example_branch_operator.py
[2026-05-07T20:45:24.627+0000] {logging_mixin.py:188} INFO - [2026-05-07T20:45:24.627+0000] {dag.py:3096} INFO - Sync 1 DAGs
[2026-05-07T20:45:24.648+0000] {logging_mixin.py:188} INFO - [2026-05-07T20:45:24.647+0000] {dag.py:3954} INFO - Setting next_dagrun for example_branch_operator to 2026-05-06 00:00:00+00:00, run_after=2026-05-07 00:00:00+00:00
[2026-05-07T20:45:24.668+0000] {processor.py:183} INFO - Processing /home/airflow/.local/lib/python3.12/site-packages/airflow/example_dags/example_branch_operator.py took 0.092 seconds
[2026-05-07T20:45:54.924+0000] {processor.py:161} INFO - Started process (PID=3376) to work on /home/airflow/.local/lib/python3.12/site-packages/airflow/example_dags/example_branch_operator.py
[2026-05-07T20:45:54.926+0000] {processor.py:830} INFO - Processing file /home/airflow/.local/lib/python3.12/site-packages/airflow/example_dags/example_branch_operator.py for tasks to queue
[2026-05-07T20:45:54.929+0000] {logging_mixin.py:188} INFO - [2026-05-07T20:45:54.929+0000] {dagbag.py:545} INFO - Filling up the DagBag from /home/airflow/.local/lib/python3.12/site-packages/airflow/example_dags/example_branch_operator.py
[2026-05-07T20:45:54.945+0000] {processor.py:840} INFO - DAG(s) 'example_branch_operator' retrieved from /home/airflow/.local/lib/python3.12/site-packages/airflow/example_dags/example_branch_operator.py
[2026-05-07T20:45:54.970+0000] {logging_mixin.py:188} INFO - [2026-05-07T20:45:54.970+0000] {dag.py:3096} INFO - Sync 1 DAGs
[2026-05-07T20:45:54.992+0000] {logging_mixin.py:188} INFO - [2026-05-07T20:45:54.991+0000] {dag.py:3954} INFO - Setting next_dagrun for example_branch_operator to 2026-05-06 00:00:00+00:00, run_after=2026-05-07 00:00:00+00:00
[2026-05-07T20:45:55.076+0000] {processor.py:183} INFO - Processing /home/airflow/.local/lib/python3.12/site-packages/airflow/example_dags/example_branch_operator.py took 0.157 seconds
[2026-05-07T20:46:25.591+0000] {processor.py:161} INFO - Started process (PID=3434) to work on /home/airflow/.local/lib/python3.12/site-packages/airflow/example_dags/example_branch_operator.py
[2026-05-07T20:46:25.593+0000] {processor.py:830} INFO - Processing file /home/airflow/.local/lib/python3.12/site-packages/airflow/example_dags/example_branch_operator.py for tasks to queue
[2026-05-07T20:46:25.595+0000] {logging_mixin.py:188} INFO - [2026-05-07T20:46:25.595+0000] {dagbag.py:545} INFO - Filling up the DagBag from /home/airflow/.local/lib/python3.12/site-packages/airflow/example_dags/example_branch_operator.py
[2026-05-07T20:46:25.609+0000] {processor.py:840} INFO - DAG(s) 'example_branch_operator' retrieved from /home/airflow/.local/lib/python3.12/site-packages/airflow/example_dags/example_branch_operator.py
[2026-05-07T20:46:25.635+0000] {logging_mixin.py:188} INFO - [2026-05-07T20:46:25.634+0000] {dag.py:3096} INFO - Sync 1 DAGs
[2026-05-07T20:46:25.655+0000] {logging_mixin.py:188} INFO - [2026-05-07T20:46:25.655+0000] {dag.py:3954} INFO - Setting next_dagrun for example_branch_operator to 2026-05-06 00:00:00+00:00, run_after=2026-05-07 00:00:00+00:00
[2026-05-07T20:46:25.742+0000] {processor.py:183} INFO - Processing /home/airflow/.local/lib/python3.12/site-packages/airflow/example_dags/example_branch_operator.py took 0.157 seconds
[2026-05-07T20:46:56.327+0000] {processor.py:161} INFO - Started process (PID=3492) to work on /home/airflow/.local/lib/python3.12/site-packages/airflow/example_dags/example_branch_operator.py
[2026-05-07T20:46:56.328+0000] {processor.py:830} INFO - Processing file /home/airflow/.local/lib/python3.12/site-packages/airflow/example_dags/example_branch_operator.py for tasks to queue
[2026-05-07T20:46:56.331+0000] {logging_mixin.py:188} INFO - [2026-05-07T20:46:56.330+0000] {dagbag.py:545} INFO - Filling up the DagBag from /home/airflow/.local/lib/python3.12/site-packages/airflow/example_dags/example_branch_operator.py
[2026-05-07T20:46:56.348+0000] {processor.py:840} INFO - DAG(s) 'example_branch_operator' retrieved from /home/airflow/.local/lib/python3.12/site-packages/airflow/example_dags/example_branch_operator.py
[2026-05-07T20:46:56.378+0000] {logging_mixin.py:188} INFO - [2026-05-07T20:46:56.378+0000] {dag.py:3096} INFO - Sync 1 DAGs
[2026-05-07T20:46:56.403+0000] {logging_mixin.py:188} INFO - [2026-05-07T20:46:56.403+0000] {dag.py:3954} INFO - Setting next_dagrun for example_branch_operator to 2026-05-06 00:00:00+00:00, run_after=2026-05-07 00:00:00+00:00
[2026-05-07T20:46:56.431+0000] {processor.py:183} INFO - Processing /home/airflow/.local/lib/python3.12/site-packages/airflow/example_dags/example_branch_operator.py took 0.111 seconds
[2026-05-07T20:47:27.467+0000] {processor.py:161} INFO - Started process (PID=3551) to work on /home/airflow/.local/lib/python3.12/site-packages/airflow/example_dags/example_branch_operator.py
[2026-05-07T20:47:27.469+0000] {processor.py:830} INFO - Processing file /home/airflow/.local/lib/python3.12/site-packages/airflow/example_dags/example_branch_operator.py for tasks to queue
[2026-05-07T20:47:27.472+0000] {logging_mixin.py:188} INFO - [2026-05-07T20:47:27.472+0000] {dagbag.py:545} INFO - Filling up the DagBag from /home/airflow/.local/lib/python3.12/site-packages/airflow/example_dags/example_branch_operator.py
[2026-05-07T20:47:27.490+0000] {processor.py:840} INFO - DAG(s) 'example_branch_operator' retrieved from /home/airflow/.local/lib/python3.12/site-packages/airflow/example_dags/example_branch_operator.py
[2026-05-07T20:47:27.525+0000] {logging_mixin.py:188} INFO - [2026-05-07T20:47:27.525+0000] {dag.py:3096} INFO - Sync 1 DAGs
[2026-05-07T20:47:27.551+0000] {logging_mixin.py:188} INFO - [2026-05-07T20:47:27.551+0000] {dag.py:3954} INFO - Setting next_dagrun for example_branch_operator to 2026-05-06 00:00:00+00:00, run_after=2026-05-07 00:00:00+00:00
[2026-05-07T20:47:27.637+0000] {processor.py:183} INFO - Processing /home/airflow/.local/lib/python3.12/site-packages/airflow/example_dags/example_branch_operator.py took 0.178 seconds
[2026-05-07T20:47:57.732+0000] {processor.py:161} INFO - Started process (PID=3609) to work on /home/airflow/.local/lib/python3.12/site-packages/airflow/example_dags/example_branch_operator.py
[2026-05-07T20:47:57.734+0000] {processor.py:830} INFO - Processing file /home/airflow/.local/lib/python3.12/site-packages/airflow/example_dags/example_branch_operator.py for tasks to queue
[2026-05-07T20:47:57.737+0000] {logging_mixin.py:188} INFO - [2026-05-07T20:47:57.737+0000] {dagbag.py:545} INFO - Filling up the DagBag from /home/airflow/.local/lib/python3.12/site-packages/airflow/example_dags/example_branch_operator.py
[2026-05-07T20:47:57.755+0000] {processor.py:840} INFO - DAG(s) 'example_branch_operator' retrieved from /home/airflow/.local/lib/python3.12/site-packages/airflow/example_dags/example_branch_operator.py
[2026-05-07T20:47:57.788+0000] {logging_mixin.py:188} INFO - [2026-05-07T20:47:57.788+0000] {dag.py:3096} INFO - Sync 1 DAGs
[2026-05-07T20:47:57.813+0000] {logging_mixin.py:188} INFO - [2026-05-07T20:47:57.813+0000] {dag.py:3954} INFO - Setting next_dagrun for example_branch_operator to 2026-05-06 00:00:00+00:00, run_after=2026-05-07 00:00:00+00:00
[2026-05-07T20:47:57.910+0000] {processor.py:183} INFO - Processing /home/airflow/.local/lib/python3.12/site-packages/airflow/example_dags/example_branch_operator.py took 0.185 seconds
[2026-05-07T20:48:28.166+0000] {processor.py:161} INFO - Started process (PID=3667) to work on /home/airflow/.local/lib/python3.12/site-packages/airflow/example_dags/example_branch_operator.py
[2026-05-07T20:48:28.167+0000] {processor.py:830} INFO - Processing file /home/airflow/.local/lib/python3.12/site-packages/airflow/example_dags/example_branch_operator.py for tasks to queue
[2026-05-07T20:48:28.170+0000] {logging_mixin.py:188} INFO - [2026-05-07T20:48:28.169+0000] {dagbag.py:545} INFO - Filling up the DagBag from /home/airflow/.local/lib/python3.12/site-packages/airflow/example_dags/example_branch_operator.py
[2026-05-07T20:48:28.187+0000] {processor.py:840} INFO - DAG(s) 'example_branch_operator' retrieved from /home/airflow/.local/lib/python3.12/site-packages/airflow/example_dags/example_branch_operator.py
[2026-05-07T20:48:28.218+0000] {logging_mixin.py:188} INFO - [2026-05-07T20:48:28.218+0000] {dag.py:3096} INFO - Sync 1 DAGs
[2026-05-07T20:48:28.244+0000] {logging_mixin.py:188} INFO - [2026-05-07T20:48:28.243+0000] {dag.py:3954} INFO - Setting next_dagrun for example_branch_operator to 2026-05-06 00:00:00+00:00, run_after=2026-05-07 00:00:00+00:00
[2026-05-07T20:48:28.278+0000] {processor.py:183} INFO - Processing /home/airflow/.local/lib/python3.12/site-packages/airflow/example_dags/example_branch_operator.py took 0.122 seconds
[2026-05-07T20:48:58.617+0000] {processor.py:161} INFO - Started process (PID=3725) to work on /home/airflow/.local/lib/python3.12/site-packages/airflow/example_dags/example_branch_operator.py
[2026-05-07T20:48:58.620+0000] {processor.py:830} INFO - Processing file /home/airflow/.local/lib/python3.12/site-packages/airflow/example_dags/example_branch_operator.py for tasks to queue
[2026-05-07T20:48:58.625+0000] {logging_mixin.py:188} INFO - [2026-05-07T20:48:58.625+0000] {dagbag.py:545} INFO - Filling up the DagBag from /home/airflow/.local/lib/python3.12/site-packages/airflow/example_dags/example_branch_operator.py
[2026-05-07T20:48:58.657+0000] {processor.py:840} INFO - DAG(s) 'example_branch_operator' retrieved from /home/airflow/.local/lib/python3.12/site-packages/airflow/example_dags/example_branch_operator.py
[2026-05-07T20:48:58.706+0000] {logging_mixin.py:188} INFO - [2026-05-07T20:48:58.706+0000] {dag.py:3096} INFO - Sync 1 DAGs
[2026-05-07T20:48:58.737+0000] {logging_mixin.py:188} INFO - [2026-05-07T20:48:58.736+0000] {dag.py:3954} INFO - Setting next_dagrun for example_branch_operator to 2026-05-06 00:00:00+00:00, run_after=2026-05-07 00:00:00+00:00
[2026-05-07T20:48:58.766+0000] {processor.py:183} INFO - Processing /home/airflow/.local/lib/python3.12/site-packages/airflow/example_dags/example_branch_operator.py took 0.175 seconds
[2026-05-07T20:49:29.289+0000] {processor.py:161} INFO - Started process (PID=3783) to work on /home/airflow/.local/lib/python3.12/site-packages/airflow/example_dags/example_branch_operator.py
[2026-05-07T20:49:29.292+0000] {processor.py:830} INFO - Processing file /home/airflow/.local/lib/python3.12/site-packages/airflow/example_dags/example_branch_operator.py for tasks to queue
[2026-05-07T20:49:29.296+0000] {logging_mixin.py:188} INFO - [2026-05-07T20:49:29.296+0000] {dagbag.py:545} INFO - Filling up the DagBag from /home/airflow/.local/lib/python3.12/site-packages/airflow/example_dags/example_branch_operator.py
[2026-05-07T20:49:29.313+0000] {processor.py:840} INFO - DAG(s) 'example_branch_operator' retrieved from /home/airflow/.local/lib/python3.12/site-packages/airflow/example_dags/example_branch_operator.py
[2026-05-07T20:49:29.348+0000] {logging_mixin.py:188} INFO - [2026-05-07T20:49:29.348+0000] {dag.py:3096} INFO - Sync 1 DAGs
[2026-05-07T20:49:29.374+0000] {logging_mixin.py:188} INFO - [2026-05-07T20:49:29.374+0000] {dag.py:3954} INFO - Setting next_dagrun for example_branch_operator to 2026-05-06 00:00:00+00:00, run_after=2026-05-07 00:00:00+00:00
[2026-05-07T20:49:29.403+0000] {processor.py:183} INFO - Processing /home/airflow/.local/lib/python3.12/site-packages/airflow/example_dags/example_branch_operator.py took 0.120 seconds
[2026-05-07T20:49:59.645+0000] {processor.py:161} INFO - Started process (PID=3841) to work on /home/airflow/.local/lib/python3.12/site-packages/airflow/example_dags/example_branch_operator.py
[2026-05-07T20:49:59.646+0000] {processor.py:830} INFO - Processing file /home/airflow/.local/lib/python3.12/site-packages/airflow/example_dags/example_branch_operator.py for tasks to queue
[2026-05-07T20:49:59.649+0000] {logging_mixin.py:188} INFO - [2026-05-07T20:49:59.649+0000] {dagbag.py:545} INFO - Filling up the DagBag from /home/airflow/.local/lib/python3.12/site-packages/airflow/example_dags/example_branch_operator.py
[2026-05-07T20:49:59.675+0000] {processor.py:840} INFO - DAG(s) 'example_branch_operator' retrieved from /home/airflow/.local/lib/python3.12/site-packages/airflow/example_dags/example_branch_operator.py
[2026-05-07T20:49:59.724+0000] {logging_mixin.py:188} INFO - [2026-05-07T20:49:59.723+0000] {dag.py:3096} INFO - Sync 1 DAGs
[2026-05-07T20:49:59.754+0000] {logging_mixin.py:188} INFO - [2026-05-07T20:49:59.754+0000] {dag.py:3954} INFO - Setting next_dagrun for example_branch_operator to 2026-05-06 00:00:00+00:00, run_after=2026-05-07 00:00:00+00:00
[2026-05-07T20:49:59.795+0000] {processor.py:183} INFO - Processing /home/airflow/.local/lib/python3.12/site-packages/airflow/example_dags/example_branch_operator.py took 0.158 seconds
[2026-05-07T20:50:30.549+0000] {processor.py:161} INFO - Started process (PID=3899) to work on /home/airflow/.local/lib/python3.12/site-packages/airflow/example_dags/example_branch_operator.py
[2026-05-07T20:50:30.551+0000] {processor.py:830} INFO - Processing file /home/airflow/.local/lib/python3.12/site-packages/airflow/example_dags/example_branch_operator.py for tasks to queue
[2026-05-07T20:50:30.557+0000] {logging_mixin.py:188} INFO - [2026-05-07T20:50:30.555+0000] {dagbag.py:545} INFO - Filling up the DagBag from /home/airflow/.local/lib/python3.12/site-packages/airflow/example_dags/example_branch_operator.py
[2026-05-07T20:50:30.600+0000] {processor.py:840} INFO - DAG(s) 'example_branch_operator' retrieved from /home/airflow/.local/lib/python3.12/site-packages/airflow/example_dags/example_branch_operator.py
[2026-05-07T20:50:30.684+0000] {logging_mixin.py:188} INFO - [2026-05-07T20:50:30.684+0000] {dag.py:3096} INFO - Sync 1 DAGs
[2026-05-07T20:50:30.745+0000] {logging_mixin.py:188} INFO - [2026-05-07T20:50:30.744+0000] {dag.py:3954} INFO - Setting next_dagrun for example_branch_operator to 2026-05-06 00:00:00+00:00, run_after=2026-05-07 00:00:00+00:00
[2026-05-07T20:50:30.803+0000] {processor.py:183} INFO - Processing /home/airflow/.local/lib/python3.12/site-packages/airflow/example_dags/example_branch_operator.py took 0.276 seconds
[2026-05-07T20:51:01.512+0000] {processor.py:161} INFO - Started process (PID=3957) to work on /home/airflow/.local/lib/python3.12/site-packages/airflow/example_dags/example_branch_operator.py
[2026-05-07T20:51:01.514+0000] {processor.py:830} INFO - Processing file /home/airflow/.local/lib/python3.12/site-packages/airflow/example_dags/example_branch_operator.py for tasks to queue
[2026-05-07T20:51:01.517+0000] {logging_mixin.py:188} INFO - [2026-05-07T20:51:01.517+0000] {dagbag.py:545} INFO - Filling up the DagBag from /home/airflow/.local/lib/python3.12/site-packages/airflow/example_dags/example_branch_operator.py
[2026-05-07T20:51:01.535+0000] {processor.py:840} INFO - DAG(s) 'example_branch_operator' retrieved from /home/airflow/.local/lib/python3.12/site-packages/airflow/example_dags/example_branch_operator.py
[2026-05-07T20:51:01.565+0000] {logging_mixin.py:188} INFO - [2026-05-07T20:51:01.565+0000] {dag.py:3096} INFO - Sync 1 DAGs
[2026-05-07T20:51:01.587+0000] {logging_mixin.py:188} INFO - [2026-05-07T20:51:01.587+0000] {dag.py:3954} INFO - Setting next_dagrun for example_branch_operator to 2026-05-06 00:00:00+00:00, run_after=2026-05-07 00:00:00+00:00
[2026-05-07T20:51:01.613+0000] {processor.py:183} INFO - Processing /home/airflow/.local/lib/python3.12/site-packages/airflow/example_dags/example_branch_operator.py took 0.109 seconds
[2026-05-07T20:51:32.415+0000] {processor.py:161} INFO - Started process (PID=4015) to work on /home/airflow/.local/lib/python3.12/site-packages/airflow/example_dags/example_branch_operator.py
[2026-05-07T20:51:32.417+0000] {processor.py:830} INFO - Processing file /home/airflow/.local/lib/python3.12/site-packages/airflow/example_dags/example_branch_operator.py for tasks to queue
[2026-05-07T20:51:32.419+0000] {logging_mixin.py:188} INFO - [2026-05-07T20:51:32.419+0000] {dagbag.py:545} INFO - Filling up the DagBag from /home/airflow/.local/lib/python3.12/site-packages/airflow/example_dags/example_branch_operator.py
[2026-05-07T20:51:32.436+0000] {processor.py:840} INFO - DAG(s) 'example_branch_operator' retrieved from /home/airflow/.local/lib/python3.12/site-packages/airflow/example_dags/example_branch_operator.py
[2026-05-07T20:51:32.464+0000] {logging_mixin.py:188} INFO - [2026-05-07T20:51:32.464+0000] {dag.py:3096} INFO - Sync 1 DAGs
[2026-05-07T20:51:32.485+0000] {logging_mixin.py:188} INFO - [2026-05-07T20:51:32.484+0000] {dag.py:3954} INFO - Setting next_dagrun for example_branch_operator to 2026-05-06 00:00:00+00:00, run_after=2026-05-07 00:00:00+00:00
[2026-05-07T20:51:32.506+0000] {processor.py:183} INFO - Processing /home/airflow/.local/lib/python3.12/site-packages/airflow/example_dags/example_branch_operator.py took 0.100 seconds
[2026-05-07T20:52:03.095+0000] {processor.py:161} INFO - Started process (PID=4074) to work on /home/airflow/.local/lib/python3.12/site-packages/airflow/example_dags/example_branch_operator.py
[2026-05-07T20:52:03.097+0000] {processor.py:830} INFO - Processing file /home/airflow/.local/lib/python3.12/site-packages/airflow/example_dags/example_branch_operator.py for tasks to queue
[2026-05-07T20:52:03.099+0000] {logging_mixin.py:188} INFO - [2026-05-07T20:52:03.099+0000] {dagbag.py:545} INFO - Filling up the DagBag from /home/airflow/.local/lib/python3.12/site-packages/airflow/example_dags/example_branch_operator.py
[2026-05-07T20:52:03.118+0000] {processor.py:840} INFO - DAG(s) 'example_branch_operator' retrieved from /home/airflow/.local/lib/python3.12/site-packages/airflow/example_dags/example_branch_operator.py
[2026-05-07T20:52:03.150+0000] {logging_mixin.py:188} INFO - [2026-05-07T20:52:03.150+0000] {dag.py:3096} INFO - Sync 1 DAGs
[2026-05-07T20:52:03.173+0000] {logging_mixin.py:188} INFO - [2026-05-07T20:52:03.173+0000] {dag.py:3954} INFO - Setting next_dagrun for example_branch_operator to 2026-05-06 00:00:00+00:00, run_after=2026-05-07 00:00:00+00:00
[2026-05-07T20:52:03.266+0000] {processor.py:183} INFO - Processing /home/airflow/.local/lib/python3.12/site-packages/airflow/example_dags/example_branch_operator.py took 0.177 seconds
[2026-05-07T20:52:34.134+0000] {processor.py:161} INFO - Started process (PID=4132) to work on /home/airflow/.local/lib/python3.12/site-packages/airflow/example_dags/example_branch_operator.py
[2026-05-07T20:52:34.136+0000] {processor.py:830} INFO - Processing file /home/airflow/.local/lib/python3.12/site-packages/airflow/example_dags/example_branch_operator.py for tasks to queue
[2026-05-07T20:52:34.138+0000] {logging_mixin.py:188} INFO - [2026-05-07T20:52:34.138+0000] {dagbag.py:545} INFO - Filling up the DagBag from /home/airflow/.local/lib/python3.12/site-packages/airflow/example_dags/example_branch_operator.py
[2026-05-07T20:52:34.153+0000] {processor.py:840} INFO - DAG(s) 'example_branch_operator' retrieved from /home/airflow/.local/lib/python3.12/site-packages/airflow/example_dags/example_branch_operator.py
[2026-05-07T20:52:34.184+0000] {logging_mixin.py:188} INFO - [2026-05-07T20:52:34.183+0000] {dag.py:3096} INFO - Sync 1 DAGs
[2026-05-07T20:52:34.208+0000] {logging_mixin.py:188} INFO - [2026-05-07T20:52:34.208+0000] {dag.py:3954} INFO - Setting next_dagrun for example_branch_operator to 2026-05-06 00:00:00+00:00, run_after=2026-05-07 00:00:00+00:00
[2026-05-07T20:52:34.306+0000] {processor.py:183} INFO - Processing /home/airflow/.local/lib/python3.12/site-packages/airflow/example_dags/example_branch_operator.py took 0.179 seconds
[2026-05-07T20:53:04.769+0000] {processor.py:161} INFO - Started process (PID=4190) to work on /home/airflow/.local/lib/python3.12/site-packages/airflow/example_dags/example_branch_operator.py
[2026-05-07T20:53:04.771+0000] {processor.py:830} INFO - Processing file /home/airflow/.local/lib/python3.12/site-packages/airflow/example_dags/example_branch_operator.py for tasks to queue
[2026-05-07T20:53:04.773+0000] {logging_mixin.py:188} INFO - [2026-05-07T20:53:04.772+0000] {dagbag.py:545} INFO - Filling up the DagBag from /home/airflow/.local/lib/python3.12/site-packages/airflow/example_dags/example_branch_operator.py
[2026-05-07T20:53:04.789+0000] {processor.py:840} INFO - DAG(s) 'example_branch_operator' retrieved from /home/airflow/.local/lib/python3.12/site-packages/airflow/example_dags/example_branch_operator.py
[2026-05-07T20:53:04.817+0000] {logging_mixin.py:188} INFO - [2026-05-07T20:53:04.816+0000] {dag.py:3096} INFO - Sync 1 DAGs
[2026-05-07T20:53:04.837+0000] {logging_mixin.py:188} INFO - [2026-05-07T20:53:04.837+0000] {dag.py:3954} INFO - Setting next_dagrun for example_branch_operator to 2026-05-06 00:00:00+00:00, run_after=2026-05-07 00:00:00+00:00
[2026-05-07T20:53:04.859+0000] {processor.py:183} INFO - Processing /home/airflow/.local/lib/python3.12/site-packages/airflow/example_dags/example_branch_operator.py took 0.096 seconds
[2026-05-07T20:53:35.880+0000] {processor.py:161} INFO - Started process (PID=4248) to work on /home/airflow/.local/lib/python3.12/site-packages/airflow/example_dags/example_branch_operator.py
[2026-05-07T20:53:35.881+0000] {processor.py:830} INFO - Processing file /home/airflow/.local/lib/python3.12/site-packages/airflow/example_dags/example_branch_operator.py for tasks to queue
[2026-05-07T20:53:35.884+0000] {logging_mixin.py:188} INFO - [2026-05-07T20:53:35.884+0000] {dagbag.py:545} INFO - Filling up the DagBag from /home/airflow/.local/lib/python3.12/site-packages/airflow/example_dags/example_branch_operator.py
[2026-05-07T20:53:35.900+0000] {processor.py:840} INFO - DAG(s) 'example_branch_operator' retrieved from /home/airflow/.local/lib/python3.12/site-packages/airflow/example_dags/example_branch_operator.py
[2026-05-07T20:53:35.931+0000] {logging_mixin.py:188} INFO - [2026-05-07T20:53:35.931+0000] {dag.py:3096} INFO - Sync 1 DAGs
[2026-05-07T20:53:35.951+0000] {logging_mixin.py:188} INFO - [2026-05-07T20:53:35.951+0000] {dag.py:3954} INFO - Setting next_dagrun for example_branch_operator to 2026-05-06 00:00:00+00:00, run_after=2026-05-07 00:00:00+00:00
[2026-05-07T20:53:35.970+0000] {processor.py:183} INFO - Processing /home/airflow/.local/lib/python3.12/site-packages/airflow/example_dags/example_branch_operator.py took 0.096 seconds
[2026-05-07T20:54:06.417+0000] {processor.py:161} INFO - Started process (PID=4306) to work on /home/airflow/.local/lib/python3.12/site-packages/airflow/example_dags/example_branch_operator.py
[2026-05-07T20:54:06.419+0000] {processor.py:830} INFO - Processing file /home/airflow/.local/lib/python3.12/site-packages/airflow/example_dags/example_branch_operator.py for tasks to queue
[2026-05-07T20:54:06.425+0000] {logging_mixin.py:188} INFO - [2026-05-07T20:54:06.424+0000] {dagbag.py:545} INFO - Filling up the DagBag from /home/airflow/.local/lib/python3.12/site-packages/airflow/example_dags/example_branch_operator.py
[2026-05-07T20:54:06.460+0000] {processor.py:840} INFO - DAG(s) 'example_branch_operator' retrieved from /home/airflow/.local/lib/python3.12/site-packages/airflow/example_dags/example_branch_operator.py
[2026-05-07T20:54:06.531+0000] {logging_mixin.py:188} INFO - [2026-05-07T20:54:06.531+0000] {dag.py:3096} INFO - Sync 1 DAGs
[2026-05-07T20:54:06.569+0000] {logging_mixin.py:188} INFO - [2026-05-07T20:54:06.568+0000] {dag.py:3954} INFO - Setting next_dagrun for example_branch_operator to 2026-05-06 00:00:00+00:00, run_after=2026-05-07 00:00:00+00:00
[2026-05-07T20:54:06.611+0000] {processor.py:183} INFO - Processing /home/airflow/.local/lib/python3.12/site-packages/airflow/example_dags/example_branch_operator.py took 0.213 seconds
[2026-05-07T20:54:36.984+0000] {processor.py:161} INFO - Started process (PID=4364) to work on /home/airflow/.local/lib/python3.12/site-packages/airflow/example_dags/example_branch_operator.py
[2026-05-07T20:54:36.985+0000] {processor.py:830} INFO - Processing file /home/airflow/.local/lib/python3.12/site-packages/airflow/example_dags/example_branch_operator.py for tasks to queue
[2026-05-07T20:54:36.987+0000] {logging_mixin.py:188} INFO - [2026-05-07T20:54:36.987+0000] {dagbag.py:545} INFO - Filling up the DagBag from /home/airflow/.local/lib/python3.12/site-packages/airflow/example_dags/example_branch_operator.py
[2026-05-07T20:54:37.003+0000] {processor.py:840} INFO - DAG(s) 'example_branch_operator' retrieved from /home/airflow/.local/lib/python3.12/site-packages/airflow/example_dags/example_branch_operator.py
[2026-05-07T20:54:37.032+0000] {logging_mixin.py:188} INFO - [2026-05-07T20:54:37.032+0000] {dag.py:3096} INFO - Sync 1 DAGs
[2026-05-07T20:54:37.055+0000] {logging_mixin.py:188} INFO - [2026-05-07T20:54:37.054+0000] {dag.py:3954} INFO - Setting next_dagrun for example_branch_operator to 2026-05-06 00:00:00+00:00, run_after=2026-05-07 00:00:00+00:00
[2026-05-07T20:54:37.081+0000] {processor.py:183} INFO - Processing /home/airflow/.local/lib/python3.12/site-packages/airflow/example_dags/example_branch_operator.py took 0.104 seconds
[2026-05-07T20:55:07.603+0000] {processor.py:161} INFO - Started process (PID=4428) to work on /home/airflow/.local/lib/python3.12/site-packages/airflow/example_dags/example_branch_operator.py
[2026-05-07T20:55:07.605+0000] {processor.py:830} INFO - Processing file /home/airflow/.local/lib/python3.12/site-packages/airflow/example_dags/example_branch_operator.py for tasks to queue
[2026-05-07T20:55:07.608+0000] {logging_mixin.py:188} INFO - [2026-05-07T20:55:07.607+0000] {dagbag.py:545} INFO - Filling up the DagBag from /home/airflow/.local/lib/python3.12/site-packages/airflow/example_dags/example_branch_operator.py
[2026-05-07T20:55:07.626+0000] {processor.py:840} INFO - DAG(s) 'example_branch_operator' retrieved from /home/airflow/.local/lib/python3.12/site-packages/airflow/example_dags/example_branch_operator.py
[2026-05-07T20:55:07.658+0000] {logging_mixin.py:188} INFO - [2026-05-07T20:55:07.658+0000] {dag.py:3096} INFO - Sync 1 DAGs
[2026-05-07T20:55:07.680+0000] {logging_mixin.py:188} INFO - [2026-05-07T20:55:07.680+0000] {dag.py:3954} INFO - Setting next_dagrun for example_branch_operator to 2026-05-06 00:00:00+00:00, run_after=2026-05-07 00:00:00+00:00
[2026-05-07T20:55:07.704+0000] {processor.py:183} INFO - Processing /home/airflow/.local/lib/python3.12/site-packages/airflow/example_dags/example_branch_operator.py took 0.108 seconds
[2026-05-07T20:55:37.757+0000] {processor.py:161} INFO - Started process (PID=4486) to work on /home/airflow/.local/lib/python3.12/site-packages/airflow/example_dags/example_branch_operator.py
[2026-05-07T20:55:37.758+0000] {processor.py:830} INFO - Processing file /home/airflow/.local/lib/python3.12/site-packages/airflow/example_dags/example_branch_operator.py for tasks to queue
[2026-05-07T20:55:37.761+0000] {logging_mixin.py:188} INFO - [2026-05-07T20:55:37.760+0000] {dagbag.py:545} INFO - Filling up the DagBag from /home/airflow/.local/lib/python3.12/site-packages/airflow/example_dags/example_branch_operator.py
[2026-05-07T20:55:37.781+0000] {processor.py:840} INFO - DAG(s) 'example_branch_operator' retrieved from /home/airflow/.local/lib/python3.12/site-packages/airflow/example_dags/example_branch_operator.py
[2026-05-07T20:55:37.810+0000] {logging_mixin.py:188} INFO - [2026-05-07T20:55:37.810+0000] {dag.py:3096} INFO - Sync 1 DAGs
[2026-05-07T20:55:37.831+0000] {logging_mixin.py:188} INFO - [2026-05-07T20:55:37.831+0000] {dag.py:3954} INFO - Setting next_dagrun for example_branch_operator to 2026-05-06 00:00:00+00:00, run_after=2026-05-07 00:00:00+00:00
[2026-05-07T20:55:37.855+0000] {processor.py:183} INFO - Processing /home/airflow/.local/lib/python3.12/site-packages/airflow/example_dags/example_branch_operator.py took 0.108 seconds
[2026-05-07T20:56:08.390+0000] {processor.py:161} INFO - Started process (PID=4544) to work on /home/airflow/.local/lib/python3.12/site-packages/airflow/example_dags/example_branch_operator.py
[2026-05-07T20:56:08.391+0000] {processor.py:830} INFO - Processing file /home/airflow/.local/lib/python3.12/site-packages/airflow/example_dags/example_branch_operator.py for tasks to queue
[2026-05-07T20:56:08.393+0000] {logging_mixin.py:188} INFO - [2026-05-07T20:56:08.393+0000] {dagbag.py:545} INFO - Filling up the DagBag from /home/airflow/.local/lib/python3.12/site-packages/airflow/example_dags/example_branch_operator.py
[2026-05-07T20:56:08.408+0000] {processor.py:840} INFO - DAG(s) 'example_branch_operator' retrieved from /home/airflow/.local/lib/python3.12/site-packages/airflow/example_dags/example_branch_operator.py
[2026-05-07T20:56:08.433+0000] {logging_mixin.py:188} INFO - [2026-05-07T20:56:08.433+0000] {dag.py:3096} INFO - Sync 1 DAGs
[2026-05-07T20:56:08.451+0000] {logging_mixin.py:188} INFO - [2026-05-07T20:56:08.451+0000] {dag.py:3954} INFO - Setting next_dagrun for example_branch_operator to 2026-05-06 00:00:00+00:00, run_after=2026-05-07 00:00:00+00:00
[2026-05-07T20:56:08.543+0000] {processor.py:183} INFO - Processing /home/airflow/.local/lib/python3.12/site-packages/airflow/example_dags/example_branch_operator.py took 0.159 seconds
[2026-05-07T20:56:39.140+0000] {processor.py:161} INFO - Started process (PID=4602) to work on /home/airflow/.local/lib/python3.12/site-packages/airflow/example_dags/example_branch_operator.py
[2026-05-07T20:56:39.141+0000] {processor.py:830} INFO - Processing file /home/airflow/.local/lib/python3.12/site-packages/airflow/example_dags/example_branch_operator.py for tasks to queue
[2026-05-07T20:56:39.144+0000] {logging_mixin.py:188} INFO - [2026-05-07T20:56:39.143+0000] {dagbag.py:545} INFO - Filling up the DagBag from /home/airflow/.local/lib/python3.12/site-packages/airflow/example_dags/example_branch_operator.py
[2026-05-07T20:56:39.160+0000] {processor.py:840} INFO - DAG(s) 'example_branch_operator' retrieved from /home/airflow/.local/lib/python3.12/site-packages/airflow/example_dags/example_branch_operator.py
[2026-05-07T20:56:39.185+0000] {logging_mixin.py:188} INFO - [2026-05-07T20:56:39.185+0000] {dag.py:3096} INFO - Sync 1 DAGs
[2026-05-07T20:56:39.205+0000] {logging_mixin.py:188} INFO - [2026-05-07T20:56:39.205+0000] {dag.py:3954} INFO - Setting next_dagrun for example_branch_operator to 2026-05-06 00:00:00+00:00, run_after=2026-05-07 00:00:00+00:00
[2026-05-07T20:56:39.226+0000] {processor.py:183} INFO - Processing /home/airflow/.local/lib/python3.12/site-packages/airflow/example_dags/example_branch_operator.py took 0.093 seconds
[2026-05-07T20:57:09.677+0000] {processor.py:161} INFO - Started process (PID=4660) to work on /home/airflow/.local/lib/python3.12/site-packages/airflow/example_dags/example_branch_operator.py
[2026-05-07T20:57:09.679+0000] {processor.py:830} INFO - Processing file /home/airflow/.local/lib/python3.12/site-packages/airflow/example_dags/example_branch_operator.py for tasks to queue
[2026-05-07T20:57:09.685+0000] {logging_mixin.py:188} INFO - [2026-05-07T20:57:09.684+0000] {dagbag.py:545} INFO - Filling up the DagBag from /home/airflow/.local/lib/python3.12/site-packages/airflow/example_dags/example_branch_operator.py
[2026-05-07T20:57:09.719+0000] {processor.py:840} INFO - DAG(s) 'example_branch_operator' retrieved from /home/airflow/.local/lib/python3.12/site-packages/airflow/example_dags/example_branch_operator.py
[2026-05-07T20:57:09.776+0000] {logging_mixin.py:188} INFO - [2026-05-07T20:57:09.776+0000] {dag.py:3096} INFO - Sync 1 DAGs
[2026-05-07T20:57:09.804+0000] {logging_mixin.py:188} INFO - [2026-05-07T20:57:09.804+0000] {dag.py:3954} INFO - Setting next_dagrun for example_branch_operator to 2026-05-06 00:00:00+00:00, run_after=2026-05-07 00:00:00+00:00
[2026-05-07T20:57:09.833+0000] {processor.py:183} INFO - Processing /home/airflow/.local/lib/python3.12/site-packages/airflow/example_dags/example_branch_operator.py took 0.163 seconds
[2026-05-07T20:57:40.498+0000] {processor.py:161} INFO - Started process (PID=4718) to work on /home/airflow/.local/lib/python3.12/site-packages/airflow/example_dags/example_branch_operator.py
[2026-05-07T20:57:40.500+0000] {processor.py:830} INFO - Processing file /home/airflow/.local/lib/python3.12/site-packages/airflow/example_dags/example_branch_operator.py for tasks to queue
[2026-05-07T20:57:40.503+0000] {logging_mixin.py:188} INFO - [2026-05-07T20:57:40.502+0000] {dagbag.py:545} INFO - Filling up the DagBag from /home/airflow/.local/lib/python3.12/site-packages/airflow/example_dags/example_branch_operator.py
[2026-05-07T20:57:40.525+0000] {processor.py:840} INFO - DAG(s) 'example_branch_operator' retrieved from /home/airflow/.local/lib/python3.12/site-packages/airflow/example_dags/example_branch_operator.py
[2026-05-07T20:57:40.557+0000] {logging_mixin.py:188} INFO - [2026-05-07T20:57:40.556+0000] {dag.py:3096} INFO - Sync 1 DAGs
[2026-05-07T20:57:40.587+0000] {logging_mixin.py:188} INFO - [2026-05-07T20:57:40.586+0000] {dag.py:3954} INFO - Setting next_dagrun for example_branch_operator to 2026-05-06 00:00:00+00:00, run_after=2026-05-07 00:00:00+00:00
[2026-05-07T20:57:40.616+0000] {processor.py:183} INFO - Processing /home/airflow/.local/lib/python3.12/site-packages/airflow/example_dags/example_branch_operator.py took 0.126 seconds
[2026-05-07T20:58:11.424+0000] {processor.py:161} INFO - Started process (PID=4776) to work on /home/airflow/.local/lib/python3.12/site-packages/airflow/example_dags/example_branch_operator.py
[2026-05-07T20:58:11.425+0000] {processor.py:830} INFO - Processing file /home/airflow/.local/lib/python3.12/site-packages/airflow/example_dags/example_branch_operator.py for tasks to queue
[2026-05-07T20:58:11.428+0000] {logging_mixin.py:188} INFO - [2026-05-07T20:58:11.428+0000] {dagbag.py:545} INFO - Filling up the DagBag from /home/airflow/.local/lib/python3.12/site-packages/airflow/example_dags/example_branch_operator.py
[2026-05-07T20:58:11.447+0000] {processor.py:840} INFO - DAG(s) 'example_branch_operator' retrieved from /home/airflow/.local/lib/python3.12/site-packages/airflow/example_dags/example_branch_operator.py
[2026-05-07T20:58:11.489+0000] {logging_mixin.py:188} INFO - [2026-05-07T20:58:11.489+0000] {dag.py:3096} INFO - Sync 1 DAGs
[2026-05-07T20:58:11.515+0000] {logging_mixin.py:188} INFO - [2026-05-07T20:58:11.515+0000] {dag.py:3954} INFO - Setting next_dagrun for example_branch_operator to 2026-05-06 00:00:00+00:00, run_after=2026-05-07 00:00:00+00:00
[2026-05-07T20:58:11.541+0000] {processor.py:183} INFO - Processing /home/airflow/.local/lib/python3.12/site-packages/airflow/example_dags/example_branch_operator.py took 0.126 seconds
[2026-05-07T20:58:41.874+0000] {processor.py:161} INFO - Started process (PID=4834) to work on /home/airflow/.local/lib/python3.12/site-packages/airflow/example_dags/example_branch_operator.py
[2026-05-07T20:58:41.876+0000] {processor.py:830} INFO - Processing file /home/airflow/.local/lib/python3.12/site-packages/airflow/example_dags/example_branch_operator.py for tasks to queue
[2026-05-07T20:58:41.880+0000] {logging_mixin.py:188} INFO - [2026-05-07T20:58:41.879+0000] {dagbag.py:545} INFO - Filling up the DagBag from /home/airflow/.local/lib/python3.12/site-packages/airflow/example_dags/example_branch_operator.py
[2026-05-07T20:58:41.905+0000] {processor.py:840} INFO - DAG(s) 'example_branch_operator' retrieved from /home/airflow/.local/lib/python3.12/site-packages/airflow/example_dags/example_branch_operator.py
[2026-05-07T20:58:41.948+0000] {logging_mixin.py:188} INFO - [2026-05-07T20:58:41.948+0000] {dag.py:3096} INFO - Sync 1 DAGs
[2026-05-07T20:58:41.983+0000] {logging_mixin.py:188} INFO - [2026-05-07T20:58:41.983+0000] {dag.py:3954} INFO - Setting next_dagrun for example_branch_operator to 2026-05-06 00:00:00+00:00, run_after=2026-05-07 00:00:00+00:00
[2026-05-07T20:58:42.020+0000] {processor.py:183} INFO - Processing /home/airflow/.local/lib/python3.12/site-packages/airflow/example_dags/example_branch_operator.py took 0.152 seconds
[2026-05-07T20:59:12.627+0000] {processor.py:161} INFO - Started process (PID=4893) to work on /home/airflow/.local/lib/python3.12/site-packages/airflow/example_dags/example_branch_operator.py
[2026-05-07T20:59:12.631+0000] {processor.py:830} INFO - Processing file /home/airflow/.local/lib/python3.12/site-packages/airflow/example_dags/example_branch_operator.py for tasks to queue
[2026-05-07T20:59:12.636+0000] {logging_mixin.py:188} INFO - [2026-05-07T20:59:12.635+0000] {dagbag.py:545} INFO - Filling up the DagBag from /home/airflow/.local/lib/python3.12/site-packages/airflow/example_dags/example_branch_operator.py
[2026-05-07T20:59:12.662+0000] {processor.py:840} INFO - DAG(s) 'example_branch_operator' retrieved from /home/airflow/.local/lib/python3.12/site-packages/airflow/example_dags/example_branch_operator.py
[2026-05-07T20:59:12.700+0000] {logging_mixin.py:188} INFO - [2026-05-07T20:59:12.700+0000] {dag.py:3096} INFO - Sync 1 DAGs
[2026-05-07T20:59:12.728+0000] {logging_mixin.py:188} INFO - [2026-05-07T20:59:12.727+0000] {dag.py:3954} INFO - Setting next_dagrun for example_branch_operator to 2026-05-06 00:00:00+00:00, run_after=2026-05-07 00:00:00+00:00
[2026-05-07T20:59:12.757+0000] {processor.py:183} INFO - Processing /home/airflow/.local/lib/python3.12/site-packages/airflow/example_dags/example_branch_operator.py took 0.143 seconds
[2026-05-07T20:59:42.963+0000] {processor.py:161} INFO - Started process (PID=4951) to work on /home/airflow/.local/lib/python3.12/site-packages/airflow/example_dags/example_branch_operator.py
[2026-05-07T20:59:42.964+0000] {processor.py:830} INFO - Processing file /home/airflow/.local/lib/python3.12/site-packages/airflow/example_dags/example_branch_operator.py for tasks to queue
[2026-05-07T20:59:42.967+0000] {logging_mixin.py:188} INFO - [2026-05-07T20:59:42.967+0000] {dagbag.py:545} INFO - Filling up the DagBag from /home/airflow/.local/lib/python3.12/site-packages/airflow/example_dags/example_branch_operator.py
[2026-05-07T20:59:42.984+0000] {processor.py:840} INFO - DAG(s) 'example_branch_operator' retrieved from /home/airflow/.local/lib/python3.12/site-packages/airflow/example_dags/example_branch_operator.py
[2026-05-07T20:59:43.012+0000] {logging_mixin.py:188} INFO - [2026-05-07T20:59:43.012+0000] {dag.py:3096} INFO - Sync 1 DAGs
[2026-05-07T20:59:43.037+0000] {logging_mixin.py:188} INFO - [2026-05-07T20:59:43.036+0000] {dag.py:3954} INFO - Setting next_dagrun for example_branch_operator to 2026-05-06 00:00:00+00:00, run_after=2026-05-07 00:00:00+00:00
[2026-05-07T20:59:43.086+0000] {processor.py:183} INFO - Processing /home/airflow/.local/lib/python3.12/site-packages/airflow/example_dags/example_branch_operator.py took 0.132 seconds
[2026-05-07T21:00:13.459+0000] {processor.py:161} INFO - Started process (PID=5009) to work on /home/airflow/.local/lib/python3.12/site-packages/airflow/example_dags/example_branch_operator.py
[2026-05-07T21:00:13.461+0000] {processor.py:830} INFO - Processing file /home/airflow/.local/lib/python3.12/site-packages/airflow/example_dags/example_branch_operator.py for tasks to queue
[2026-05-07T21:00:13.464+0000] {logging_mixin.py:188} INFO - [2026-05-07T21:00:13.463+0000] {dagbag.py:545} INFO - Filling up the DagBag from /home/airflow/.local/lib/python3.12/site-packages/airflow/example_dags/example_branch_operator.py
[2026-05-07T21:00:13.478+0000] {processor.py:840} INFO - DAG(s) 'example_branch_operator' retrieved from /home/airflow/.local/lib/python3.12/site-packages/airflow/example_dags/example_branch_operator.py
[2026-05-07T21:00:13.502+0000] {logging_mixin.py:188} INFO - [2026-05-07T21:00:13.502+0000] {dag.py:3096} INFO - Sync 1 DAGs
[2026-05-07T21:00:13.521+0000] {logging_mixin.py:188} INFO - [2026-05-07T21:00:13.521+0000] {dag.py:3954} INFO - Setting next_dagrun for example_branch_operator to 2026-05-06 00:00:00+00:00, run_after=2026-05-07 00:00:00+00:00
[2026-05-07T21:00:13.618+0000] {processor.py:183} INFO - Processing /home/airflow/.local/lib/python3.12/site-packages/airflow/example_dags/example_branch_operator.py took 0.165 seconds
[2026-05-07T21:00:43.676+0000] {processor.py:161} INFO - Started process (PID=5067) to work on /home/airflow/.local/lib/python3.12/site-packages/airflow/example_dags/example_branch_operator.py
[2026-05-07T21:00:43.678+0000] {processor.py:830} INFO - Processing file /home/airflow/.local/lib/python3.12/site-packages/airflow/example_dags/example_branch_operator.py for tasks to queue
[2026-05-07T21:00:43.681+0000] {logging_mixin.py:188} INFO - [2026-05-07T21:00:43.680+0000] {dagbag.py:545} INFO - Filling up the DagBag from /home/airflow/.local/lib/python3.12/site-packages/airflow/example_dags/example_branch_operator.py
[2026-05-07T21:00:43.699+0000] {processor.py:840} INFO - DAG(s) 'example_branch_operator' retrieved from /home/airflow/.local/lib/python3.12/site-packages/airflow/example_dags/example_branch_operator.py
[2026-05-07T21:00:43.724+0000] {logging_mixin.py:188} INFO - [2026-05-07T21:00:43.724+0000] {dag.py:3096} INFO - Sync 1 DAGs
[2026-05-07T21:00:43.745+0000] {logging_mixin.py:188} INFO - [2026-05-07T21:00:43.745+0000] {dag.py:3954} INFO - Setting next_dagrun for example_branch_operator to 2026-05-06 00:00:00+00:00, run_after=2026-05-07 00:00:00+00:00
[2026-05-07T21:00:43.767+0000] {processor.py:183} INFO - Processing /home/airflow/.local/lib/python3.12/site-packages/airflow/example_dags/example_branch_operator.py took 0.097 seconds
[2026-05-07T21:01:14.345+0000] {processor.py:161} INFO - Started process (PID=5125) to work on /home/airflow/.local/lib/python3.12/site-packages/airflow/example_dags/example_branch_operator.py
[2026-05-07T21:01:14.346+0000] {processor.py:830} INFO - Processing file /home/airflow/.local/lib/python3.12/site-packages/airflow/example_dags/example_branch_operator.py for tasks to queue
[2026-05-07T21:01:14.348+0000] {logging_mixin.py:188} INFO - [2026-05-07T21:01:14.348+0000] {dagbag.py:545} INFO - Filling up the DagBag from /home/airflow/.local/lib/python3.12/site-packages/airflow/example_dags/example_branch_operator.py
[2026-05-07T21:01:14.368+0000] {processor.py:840} INFO - DAG(s) 'example_branch_operator' retrieved from /home/airflow/.local/lib/python3.12/site-packages/airflow/example_dags/example_branch_operator.py
[2026-05-07T21:01:14.399+0000] {logging_mixin.py:188} INFO - [2026-05-07T21:01:14.398+0000] {dag.py:3096} INFO - Sync 1 DAGs
[2026-05-07T21:01:14.421+0000] {logging_mixin.py:188} INFO - [2026-05-07T21:01:14.421+0000] {dag.py:3954} INFO - Setting next_dagrun for example_branch_operator to 2026-05-06 00:00:00+00:00, run_after=2026-05-07 00:00:00+00:00
[2026-05-07T21:01:14.444+0000] {processor.py:183} INFO - Processing /home/airflow/.local/lib/python3.12/site-packages/airflow/example_dags/example_branch_operator.py took 0.107 seconds
[2026-05-07T21:01:45.384+0000] {processor.py:161} INFO - Started process (PID=5183) to work on /home/airflow/.local/lib/python3.12/site-packages/airflow/example_dags/example_branch_operator.py
[2026-05-07T21:01:45.386+0000] {processor.py:830} INFO - Processing file /home/airflow/.local/lib/python3.12/site-packages/airflow/example_dags/example_branch_operator.py for tasks to queue
[2026-05-07T21:01:45.389+0000] {logging_mixin.py:188} INFO - [2026-05-07T21:01:45.388+0000] {dagbag.py:545} INFO - Filling up the DagBag from /home/airflow/.local/lib/python3.12/site-packages/airflow/example_dags/example_branch_operator.py
[2026-05-07T21:01:45.428+0000] {processor.py:840} INFO - DAG(s) 'example_branch_operator' retrieved from /home/airflow/.local/lib/python3.12/site-packages/airflow/example_dags/example_branch_operator.py
[2026-05-07T21:01:45.541+0000] {logging_mixin.py:188} INFO - [2026-05-07T21:01:45.541+0000] {dag.py:3096} INFO - Sync 1 DAGs
[2026-05-07T21:01:45.604+0000] {logging_mixin.py:188} INFO - [2026-05-07T21:01:45.603+0000] {dag.py:3954} INFO - Setting next_dagrun for example_branch_operator to 2026-05-06 00:00:00+00:00, run_after=2026-05-07 00:00:00+00:00
[2026-05-07T21:01:45.677+0000] {processor.py:183} INFO - Processing /home/airflow/.local/lib/python3.12/site-packages/airflow/example_dags/example_branch_operator.py took 0.301 seconds
[2026-05-07T21:02:15.996+0000] {processor.py:161} INFO - Started process (PID=5241) to work on /home/airflow/.local/lib/python3.12/site-packages/airflow/example_dags/example_branch_operator.py
[2026-05-07T21:02:15.998+0000] {processor.py:830} INFO - Processing file /home/airflow/.local/lib/python3.12/site-packages/airflow/example_dags/example_branch_operator.py for tasks to queue
[2026-05-07T21:02:16.001+0000] {logging_mixin.py:188} INFO - [2026-05-07T21:02:16.001+0000] {dagbag.py:545} INFO - Filling up the DagBag from /home/airflow/.local/lib/python3.12/site-packages/airflow/example_dags/example_branch_operator.py
[2026-05-07T21:02:16.021+0000] {processor.py:840} INFO - DAG(s) 'example_branch_operator' retrieved from /home/airflow/.local/lib/python3.12/site-packages/airflow/example_dags/example_branch_operator.py
[2026-05-07T21:02:16.053+0000] {logging_mixin.py:188} INFO - [2026-05-07T21:02:16.053+0000] {dag.py:3096} INFO - Sync 1 DAGs
[2026-05-07T21:02:16.075+0000] {logging_mixin.py:188} INFO - [2026-05-07T21:02:16.075+0000] {dag.py:3954} INFO - Setting next_dagrun for example_branch_operator to 2026-05-06 00:00:00+00:00, run_after=2026-05-07 00:00:00+00:00
[2026-05-07T21:02:16.170+0000] {processor.py:183} INFO - Processing /home/airflow/.local/lib/python3.12/site-packages/airflow/example_dags/example_branch_operator.py took 0.182 seconds
[2026-05-07T21:02:46.349+0000] {processor.py:161} INFO - Started process (PID=5299) to work on /home/airflow/.local/lib/python3.12/site-packages/airflow/example_dags/example_branch_operator.py
[2026-05-07T21:02:46.350+0000] {processor.py:830} INFO - Processing file /home/airflow/.local/lib/python3.12/site-packages/airflow/example_dags/example_branch_operator.py for tasks to queue
[2026-05-07T21:02:46.354+0000] {logging_mixin.py:188} INFO - [2026-05-07T21:02:46.353+0000] {dagbag.py:545} INFO - Filling up the DagBag from /home/airflow/.local/lib/python3.12/site-packages/airflow/example_dags/example_branch_operator.py
[2026-05-07T21:02:46.369+0000] {processor.py:840} INFO - DAG(s) 'example_branch_operator' retrieved from /home/airflow/.local/lib/python3.12/site-packages/airflow/example_dags/example_branch_operator.py
[2026-05-07T21:02:46.397+0000] {logging_mixin.py:188} INFO - [2026-05-07T21:02:46.397+0000] {dag.py:3096} INFO - Sync 1 DAGs
[2026-05-07T21:02:46.419+0000] {logging_mixin.py:188} INFO - [2026-05-07T21:02:46.419+0000] {dag.py:3954} INFO - Setting next_dagrun for example_branch_operator to 2026-05-06 00:00:00+00:00, run_after=2026-05-07 00:00:00+00:00
[2026-05-07T21:02:46.485+0000] {processor.py:183} INFO - Processing /home/airflow/.local/lib/python3.12/site-packages/airflow/example_dags/example_branch_operator.py took 0.144 seconds
[2026-05-07T21:03:17.399+0000] {processor.py:161} INFO - Started process (PID=5357) to work on /home/airflow/.local/lib/python3.12/site-packages/airflow/example_dags/example_branch_operator.py
[2026-05-07T21:03:17.401+0000] {processor.py:830} INFO - Processing file /home/airflow/.local/lib/python3.12/site-packages/airflow/example_dags/example_branch_operator.py for tasks to queue
[2026-05-07T21:03:17.403+0000] {logging_mixin.py:188} INFO - [2026-05-07T21:03:17.403+0000] {dagbag.py:545} INFO - Filling up the DagBag from /home/airflow/.local/lib/python3.12/site-packages/airflow/example_dags/example_branch_operator.py
[2026-05-07T21:03:17.419+0000] {processor.py:840} INFO - DAG(s) 'example_branch_operator' retrieved from /home/airflow/.local/lib/python3.12/site-packages/airflow/example_dags/example_branch_operator.py
[2026-05-07T21:03:17.450+0000] {logging_mixin.py:188} INFO - [2026-05-07T21:03:17.450+0000] {dag.py:3096} INFO - Sync 1 DAGs
[2026-05-07T21:03:17.483+0000] {logging_mixin.py:188} INFO - [2026-05-07T21:03:17.483+0000] {dag.py:3954} INFO - Setting next_dagrun for example_branch_operator to 2026-05-06 00:00:00+00:00, run_after=2026-05-07 00:00:00+00:00
[2026-05-07T21:03:17.512+0000] {processor.py:183} INFO - Processing /home/airflow/.local/lib/python3.12/site-packages/airflow/example_dags/example_branch_operator.py took 0.122 seconds
[2026-05-07T21:03:47.620+0000] {processor.py:161} INFO - Started process (PID=5415) to work on /home/airflow/.local/lib/python3.12/site-packages/airflow/example_dags/example_branch_operator.py
[2026-05-07T21:03:47.622+0000] {processor.py:830} INFO - Processing file /home/airflow/.local/lib/python3.12/site-packages/airflow/example_dags/example_branch_operator.py for tasks to queue
[2026-05-07T21:03:47.627+0000] {logging_mixin.py:188} INFO - [2026-05-07T21:03:47.626+0000] {dagbag.py:545} INFO - Filling up the DagBag from /home/airflow/.local/lib/python3.12/site-packages/airflow/example_dags/example_branch_operator.py
[2026-05-07T21:03:47.651+0000] {processor.py:840} INFO - DAG(s) 'example_branch_operator' retrieved from /home/airflow/.local/lib/python3.12/site-packages/airflow/example_dags/example_branch_operator.py
[2026-05-07T21:03:47.698+0000] {logging_mixin.py:188} INFO - [2026-05-07T21:03:47.697+0000] {dag.py:3096} INFO - Sync 1 DAGs
[2026-05-07T21:03:47.738+0000] {logging_mixin.py:188} INFO - [2026-05-07T21:03:47.737+0000] {dag.py:3954} INFO - Setting next_dagrun for example_branch_operator to 2026-05-06 00:00:00+00:00, run_after=2026-05-07 00:00:00+00:00
[2026-05-07T21:03:47.782+0000] {processor.py:183} INFO - Processing /home/airflow/.local/lib/python3.12/site-packages/airflow/example_dags/example_branch_operator.py took 0.174 seconds
[2026-05-07T21:04:18.525+0000] {processor.py:161} INFO - Started process (PID=5473) to work on /home/airflow/.local/lib/python3.12/site-packages/airflow/example_dags/example_branch_operator.py
[2026-05-07T21:04:18.530+0000] {processor.py:830} INFO - Processing file /home/airflow/.local/lib/python3.12/site-packages/airflow/example_dags/example_branch_operator.py for tasks to queue
[2026-05-07T21:04:18.537+0000] {logging_mixin.py:188} INFO - [2026-05-07T21:04:18.535+0000] {dagbag.py:545} INFO - Filling up the DagBag from /home/airflow/.local/lib/python3.12/site-packages/airflow/example_dags/example_branch_operator.py
[2026-05-07T21:04:18.574+0000] {processor.py:840} INFO - DAG(s) 'example_branch_operator' retrieved from /home/airflow/.local/lib/python3.12/site-packages/airflow/example_dags/example_branch_operator.py
[2026-05-07T21:04:18.626+0000] {logging_mixin.py:188} INFO - [2026-05-07T21:04:18.625+0000] {dag.py:3096} INFO - Sync 1 DAGs
[2026-05-07T21:04:18.684+0000] {logging_mixin.py:188} INFO - [2026-05-07T21:04:18.683+0000] {dag.py:3954} INFO - Setting next_dagrun for example_branch_operator to 2026-05-06 00:00:00+00:00, run_after=2026-05-07 00:00:00+00:00
[2026-05-07T21:04:18.731+0000] {processor.py:183} INFO - Processing /home/airflow/.local/lib/python3.12/site-packages/airflow/example_dags/example_branch_operator.py took 0.220 seconds
[2026-05-07T21:04:48.823+0000] {processor.py:161} INFO - Started process (PID=5531) to work on /home/airflow/.local/lib/python3.12/site-packages/airflow/example_dags/example_branch_operator.py
[2026-05-07T21:04:48.826+0000] {processor.py:830} INFO - Processing file /home/airflow/.local/lib/python3.12/site-packages/airflow/example_dags/example_branch_operator.py for tasks to queue
[2026-05-07T21:04:48.828+0000] {logging_mixin.py:188} INFO - [2026-05-07T21:04:48.827+0000] {dagbag.py:545} INFO - Filling up the DagBag from /home/airflow/.local/lib/python3.12/site-packages/airflow/example_dags/example_branch_operator.py
[2026-05-07T21:04:48.845+0000] {processor.py:840} INFO - DAG(s) 'example_branch_operator' retrieved from /home/airflow/.local/lib/python3.12/site-packages/airflow/example_dags/example_branch_operator.py
[2026-05-07T21:04:48.873+0000] {logging_mixin.py:188} INFO - [2026-05-07T21:04:48.872+0000] {dag.py:3096} INFO - Sync 1 DAGs
[2026-05-07T21:04:48.900+0000] {logging_mixin.py:188} INFO - [2026-05-07T21:04:48.900+0000] {dag.py:3954} INFO - Setting next_dagrun for example_branch_operator to 2026-05-06 00:00:00+00:00, run_after=2026-05-07 00:00:00+00:00
[2026-05-07T21:04:48.928+0000] {processor.py:183} INFO - Processing /home/airflow/.local/lib/python3.12/site-packages/airflow/example_dags/example_branch_operator.py took 0.112 seconds
[2026-05-07T21:05:19.072+0000] {processor.py:161} INFO - Started process (PID=5589) to work on /home/airflow/.local/lib/python3.12/site-packages/airflow/example_dags/example_branch_operator.py
[2026-05-07T21:05:19.074+0000] {processor.py:830} INFO - Processing file /home/airflow/.local/lib/python3.12/site-packages/airflow/example_dags/example_branch_operator.py for tasks to queue
[2026-05-07T21:05:19.079+0000] {logging_mixin.py:188} INFO - [2026-05-07T21:05:19.078+0000] {dagbag.py:545} INFO - Filling up the DagBag from /home/airflow/.local/lib/python3.12/site-packages/airflow/example_dags/example_branch_operator.py
[2026-05-07T21:05:19.105+0000] {processor.py:840} INFO - DAG(s) 'example_branch_operator' retrieved from /home/airflow/.local/lib/python3.12/site-packages/airflow/example_dags/example_branch_operator.py
[2026-05-07T21:05:19.148+0000] {logging_mixin.py:188} INFO - [2026-05-07T21:05:19.147+0000] {dag.py:3096} INFO - Sync 1 DAGs
[2026-05-07T21:05:19.176+0000] {logging_mixin.py:188} INFO - [2026-05-07T21:05:19.175+0000] {dag.py:3954} INFO - Setting next_dagrun for example_branch_operator to 2026-05-06 00:00:00+00:00, run_after=2026-05-07 00:00:00+00:00
[2026-05-07T21:05:19.213+0000] {processor.py:183} INFO - Processing /home/airflow/.local/lib/python3.12/site-packages/airflow/example_dags/example_branch_operator.py took 0.149 seconds
[2026-05-07T21:05:49.389+0000] {processor.py:161} INFO - Started process (PID=5647) to work on /home/airflow/.local/lib/python3.12/site-packages/airflow/example_dags/example_branch_operator.py
[2026-05-07T21:05:49.390+0000] {processor.py:830} INFO - Processing file /home/airflow/.local/lib/python3.12/site-packages/airflow/example_dags/example_branch_operator.py for tasks to queue
[2026-05-07T21:05:49.392+0000] {logging_mixin.py:188} INFO - [2026-05-07T21:05:49.392+0000] {dagbag.py:545} INFO - Filling up the DagBag from /home/airflow/.local/lib/python3.12/site-packages/airflow/example_dags/example_branch_operator.py
[2026-05-07T21:05:49.406+0000] {processor.py:840} INFO - DAG(s) 'example_branch_operator' retrieved from /home/airflow/.local/lib/python3.12/site-packages/airflow/example_dags/example_branch_operator.py
[2026-05-07T21:05:49.430+0000] {logging_mixin.py:188} INFO - [2026-05-07T21:05:49.430+0000] {dag.py:3096} INFO - Sync 1 DAGs
[2026-05-07T21:05:49.459+0000] {logging_mixin.py:188} INFO - [2026-05-07T21:05:49.459+0000] {dag.py:3954} INFO - Setting next_dagrun for example_branch_operator to 2026-05-06 00:00:00+00:00, run_after=2026-05-07 00:00:00+00:00
[2026-05-07T21:05:49.487+0000] {processor.py:183} INFO - Processing /home/airflow/.local/lib/python3.12/site-packages/airflow/example_dags/example_branch_operator.py took 0.103 seconds
[2026-05-07T21:06:19.665+0000] {processor.py:161} INFO - Started process (PID=5705) to work on /home/airflow/.local/lib/python3.12/site-packages/airflow/example_dags/example_branch_operator.py
[2026-05-07T21:06:19.666+0000] {processor.py:830} INFO - Processing file /home/airflow/.local/lib/python3.12/site-packages/airflow/example_dags/example_branch_operator.py for tasks to queue
[2026-05-07T21:06:19.668+0000] {logging_mixin.py:188} INFO - [2026-05-07T21:06:19.667+0000] {dagbag.py:545} INFO - Filling up the DagBag from /home/airflow/.local/lib/python3.12/site-packages/airflow/example_dags/example_branch_operator.py
[2026-05-07T21:06:19.682+0000] {processor.py:840} INFO - DAG(s) 'example_branch_operator' retrieved from /home/airflow/.local/lib/python3.12/site-packages/airflow/example_dags/example_branch_operator.py
[2026-05-07T21:06:19.709+0000] {logging_mixin.py:188} INFO - [2026-05-07T21:06:19.709+0000] {dag.py:3096} INFO - Sync 1 DAGs
[2026-05-07T21:06:19.734+0000] {logging_mixin.py:188} INFO - [2026-05-07T21:06:19.734+0000] {dag.py:3954} INFO - Setting next_dagrun for example_branch_operator to 2026-05-06 00:00:00+00:00, run_after=2026-05-07 00:00:00+00:00
[2026-05-07T21:06:19.757+0000] {processor.py:183} INFO - Processing /home/airflow/.local/lib/python3.12/site-packages/airflow/example_dags/example_branch_operator.py took 0.098 seconds
[2026-05-07T21:06:50.000+0000] {processor.py:161} INFO - Started process (PID=5763) to work on /home/airflow/.local/lib/python3.12/site-packages/airflow/example_dags/example_branch_operator.py
[2026-05-07T21:06:50.001+0000] {processor.py:830} INFO - Processing file /home/airflow/.local/lib/python3.12/site-packages/airflow/example_dags/example_branch_operator.py for tasks to queue
[2026-05-07T21:06:50.004+0000] {logging_mixin.py:188} INFO - [2026-05-07T21:06:50.003+0000] {dagbag.py:545} INFO - Filling up the DagBag from /home/airflow/.local/lib/python3.12/site-packages/airflow/example_dags/example_branch_operator.py
[2026-05-07T21:06:50.018+0000] {processor.py:840} INFO - DAG(s) 'example_branch_operator' retrieved from /home/airflow/.local/lib/python3.12/site-packages/airflow/example_dags/example_branch_operator.py
[2026-05-07T21:06:50.046+0000] {logging_mixin.py:188} INFO - [2026-05-07T21:06:50.045+0000] {dag.py:3096} INFO - Sync 1 DAGs
[2026-05-07T21:06:50.068+0000] {logging_mixin.py:188} INFO - [2026-05-07T21:06:50.068+0000] {dag.py:3954} INFO - Setting next_dagrun for example_branch_operator to 2026-05-06 00:00:00+00:00, run_after=2026-05-07 00:00:00+00:00
[2026-05-07T21:06:50.092+0000] {processor.py:183} INFO - Processing /home/airflow/.local/lib/python3.12/site-packages/airflow/example_dags/example_branch_operator.py took 0.097 seconds
[2026-05-07T21:07:20.500+0000] {processor.py:161} INFO - Started process (PID=5821) to work on /home/airflow/.local/lib/python3.12/site-packages/airflow/example_dags/example_branch_operator.py
[2026-05-07T21:07:20.507+0000] {processor.py:830} INFO - Processing file /home/airflow/.local/lib/python3.12/site-packages/airflow/example_dags/example_branch_operator.py for tasks to queue
[2026-05-07T21:07:20.511+0000] {logging_mixin.py:188} INFO - [2026-05-07T21:07:20.510+0000] {dagbag.py:545} INFO - Filling up the DagBag from /home/airflow/.local/lib/python3.12/site-packages/airflow/example_dags/example_branch_operator.py
[2026-05-07T21:07:20.550+0000] {processor.py:840} INFO - DAG(s) 'example_branch_operator' retrieved from /home/airflow/.local/lib/python3.12/site-packages/airflow/example_dags/example_branch_operator.py
[2026-05-07T21:07:20.610+0000] {logging_mixin.py:188} INFO - [2026-05-07T21:07:20.610+0000] {dag.py:3096} INFO - Sync 1 DAGs
[2026-05-07T21:07:20.659+0000] {logging_mixin.py:188} INFO - [2026-05-07T21:07:20.658+0000] {dag.py:3954} INFO - Setting next_dagrun for example_branch_operator to 2026-05-06 00:00:00+00:00, run_after=2026-05-07 00:00:00+00:00
[2026-05-07T21:07:20.716+0000] {processor.py:183} INFO - Processing /home/airflow/.local/lib/python3.12/site-packages/airflow/example_dags/example_branch_operator.py took 0.226 seconds
[2026-05-07T21:07:51.369+0000] {processor.py:161} INFO - Started process (PID=5880) to work on /home/airflow/.local/lib/python3.12/site-packages/airflow/example_dags/example_branch_operator.py
[2026-05-07T21:07:51.372+0000] {processor.py:830} INFO - Processing file /home/airflow/.local/lib/python3.12/site-packages/airflow/example_dags/example_branch_operator.py for tasks to queue
[2026-05-07T21:07:51.376+0000] {logging_mixin.py:188} INFO - [2026-05-07T21:07:51.375+0000] {dagbag.py:545} INFO - Filling up the DagBag from /home/airflow/.local/lib/python3.12/site-packages/airflow/example_dags/example_branch_operator.py
[2026-05-07T21:07:51.415+0000] {processor.py:840} INFO - DAG(s) 'example_branch_operator' retrieved from /home/airflow/.local/lib/python3.12/site-packages/airflow/example_dags/example_branch_operator.py
[2026-05-07T21:07:51.472+0000] {logging_mixin.py:188} INFO - [2026-05-07T21:07:51.471+0000] {dag.py:3096} INFO - Sync 1 DAGs
[2026-05-07T21:07:51.530+0000] {logging_mixin.py:188} INFO - [2026-05-07T21:07:51.529+0000] {dag.py:3954} INFO - Setting next_dagrun for example_branch_operator to 2026-05-06 00:00:00+00:00, run_after=2026-05-07 00:00:00+00:00
[2026-05-07T21:07:51.593+0000] {processor.py:183} INFO - Processing /home/airflow/.local/lib/python3.12/site-packages/airflow/example_dags/example_branch_operator.py took 0.241 seconds
[2026-05-07T21:08:21.704+0000] {processor.py:161} INFO - Started process (PID=5938) to work on /home/airflow/.local/lib/python3.12/site-packages/airflow/example_dags/example_branch_operator.py
[2026-05-07T21:08:21.706+0000] {processor.py:830} INFO - Processing file /home/airflow/.local/lib/python3.12/site-packages/airflow/example_dags/example_branch_operator.py for tasks to queue
[2026-05-07T21:08:21.711+0000] {logging_mixin.py:188} INFO - [2026-05-07T21:08:21.710+0000] {dagbag.py:545} INFO - Filling up the DagBag from /home/airflow/.local/lib/python3.12/site-packages/airflow/example_dags/example_branch_operator.py
[2026-05-07T21:08:21.752+0000] {processor.py:840} INFO - DAG(s) 'example_branch_operator' retrieved from /home/airflow/.local/lib/python3.12/site-packages/airflow/example_dags/example_branch_operator.py
[2026-05-07T21:08:21.801+0000] {logging_mixin.py:188} INFO - [2026-05-07T21:08:21.801+0000] {dag.py:3096} INFO - Sync 1 DAGs
[2026-05-07T21:08:21.839+0000] {logging_mixin.py:188} INFO - [2026-05-07T21:08:21.839+0000] {dag.py:3954} INFO - Setting next_dagrun for example_branch_operator to 2026-05-06 00:00:00+00:00, run_after=2026-05-07 00:00:00+00:00
[2026-05-07T21:08:21.869+0000] {processor.py:183} INFO - Processing /home/airflow/.local/lib/python3.12/site-packages/airflow/example_dags/example_branch_operator.py took 0.175 seconds
[2026-05-07T21:08:52.893+0000] {processor.py:161} INFO - Started process (PID=5996) to work on /home/airflow/.local/lib/python3.12/site-packages/airflow/example_dags/example_branch_operator.py
[2026-05-07T21:08:52.895+0000] {processor.py:830} INFO - Processing file /home/airflow/.local/lib/python3.12/site-packages/airflow/example_dags/example_branch_operator.py for tasks to queue
[2026-05-07T21:08:52.899+0000] {logging_mixin.py:188} INFO - [2026-05-07T21:08:52.897+0000] {dagbag.py:545} INFO - Filling up the DagBag from /home/airflow/.local/lib/python3.12/site-packages/airflow/example_dags/example_branch_operator.py
[2026-05-07T21:08:52.937+0000] {processor.py:840} INFO - DAG(s) 'example_branch_operator' retrieved from /home/airflow/.local/lib/python3.12/site-packages/airflow/example_dags/example_branch_operator.py
[2026-05-07T21:08:52.968+0000] {logging_mixin.py:188} INFO - [2026-05-07T21:08:52.968+0000] {dag.py:3096} INFO - Sync 1 DAGs
[2026-05-07T21:08:52.992+0000] {logging_mixin.py:188} INFO - [2026-05-07T21:08:52.992+0000] {dag.py:3954} INFO - Setting next_dagrun for example_branch_operator to 2026-05-06 00:00:00+00:00, run_after=2026-05-07 00:00:00+00:00
[2026-05-07T21:08:53.020+0000] {processor.py:183} INFO - Processing /home/airflow/.local/lib/python3.12/site-packages/airflow/example_dags/example_branch_operator.py took 0.141 seconds
