[2026-05-07T20:17:04.498+0000] {processor.py:161} INFO - Started process (PID=106) to work on /home/airflow/.local/lib/python3.12/site-packages/airflow/example_dags/example_complex.py
[2026-05-07T20:17:04.500+0000] {processor.py:830} INFO - Processing file /home/airflow/.local/lib/python3.12/site-packages/airflow/example_dags/example_complex.py for tasks to queue
[2026-05-07T20:17:04.503+0000] {logging_mixin.py:188} INFO - [2026-05-07T20:17:04.503+0000] {dagbag.py:545} INFO - Filling up the DagBag from /home/airflow/.local/lib/python3.12/site-packages/airflow/example_dags/example_complex.py
[2026-05-07T20:17:04.519+0000] {processor.py:840} INFO - DAG(s) 'example_complex' retrieved from /home/airflow/.local/lib/python3.12/site-packages/airflow/example_dags/example_complex.py
[2026-05-07T20:17:04.667+0000] {logging_mixin.py:188} INFO - [2026-05-07T20:17:04.667+0000] {dag.py:3096} INFO - Sync 1 DAGs
[2026-05-07T20:17:04.685+0000] {logging_mixin.py:188} INFO - [2026-05-07T20:17:04.685+0000] {dag.py:3954} INFO - Setting next_dagrun for example_complex to None, run_after=None
[2026-05-07T20:17:04.733+0000] {processor.py:183} INFO - Processing /home/airflow/.local/lib/python3.12/site-packages/airflow/example_dags/example_complex.py took 0.244 seconds
[2026-05-07T20:17:35.125+0000] {processor.py:161} INFO - Started process (PID=164) to work on /home/airflow/.local/lib/python3.12/site-packages/airflow/example_dags/example_complex.py
[2026-05-07T20:17:35.126+0000] {processor.py:830} INFO - Processing file /home/airflow/.local/lib/python3.12/site-packages/airflow/example_dags/example_complex.py for tasks to queue
[2026-05-07T20:17:35.129+0000] {logging_mixin.py:188} INFO - [2026-05-07T20:17:35.128+0000] {dagbag.py:545} INFO - Filling up the DagBag from /home/airflow/.local/lib/python3.12/site-packages/airflow/example_dags/example_complex.py
[2026-05-07T20:17:35.138+0000] {processor.py:840} INFO - DAG(s) 'example_complex' retrieved from /home/airflow/.local/lib/python3.12/site-packages/airflow/example_dags/example_complex.py
[2026-05-07T20:17:35.169+0000] {logging_mixin.py:188} INFO - [2026-05-07T20:17:35.169+0000] {dag.py:3096} INFO - Sync 1 DAGs
[2026-05-07T20:17:35.190+0000] {logging_mixin.py:188} INFO - [2026-05-07T20:17:35.189+0000] {dag.py:3954} INFO - Setting next_dagrun for example_complex to None, run_after=None
[2026-05-07T20:17:35.212+0000] {processor.py:183} INFO - Processing /home/airflow/.local/lib/python3.12/site-packages/airflow/example_dags/example_complex.py took 0.093 seconds
[2026-05-07T20:18:05.452+0000] {processor.py:161} INFO - Started process (PID=222) to work on /home/airflow/.local/lib/python3.12/site-packages/airflow/example_dags/example_complex.py
[2026-05-07T20:18:05.455+0000] {processor.py:830} INFO - Processing file /home/airflow/.local/lib/python3.12/site-packages/airflow/example_dags/example_complex.py for tasks to queue
[2026-05-07T20:18:05.457+0000] {logging_mixin.py:188} INFO - [2026-05-07T20:18:05.457+0000] {dagbag.py:545} INFO - Filling up the DagBag from /home/airflow/.local/lib/python3.12/site-packages/airflow/example_dags/example_complex.py
[2026-05-07T20:18:05.473+0000] {processor.py:840} INFO - DAG(s) 'example_complex' retrieved from /home/airflow/.local/lib/python3.12/site-packages/airflow/example_dags/example_complex.py
[2026-05-07T20:18:05.500+0000] {logging_mixin.py:188} INFO - [2026-05-07T20:18:05.500+0000] {dag.py:3096} INFO - Sync 1 DAGs
[2026-05-07T20:18:05.511+0000] {logging_mixin.py:188} INFO - [2026-05-07T20:18:05.511+0000] {dag.py:3954} INFO - Setting next_dagrun for example_complex to None, run_after=None
[2026-05-07T20:18:05.531+0000] {processor.py:183} INFO - Processing /home/airflow/.local/lib/python3.12/site-packages/airflow/example_dags/example_complex.py took 0.086 seconds
[2026-05-07T20:18:36.295+0000] {processor.py:161} INFO - Started process (PID=280) to work on /home/airflow/.local/lib/python3.12/site-packages/airflow/example_dags/example_complex.py
[2026-05-07T20:18:36.296+0000] {processor.py:830} INFO - Processing file /home/airflow/.local/lib/python3.12/site-packages/airflow/example_dags/example_complex.py for tasks to queue
[2026-05-07T20:18:36.299+0000] {logging_mixin.py:188} INFO - [2026-05-07T20:18:36.298+0000] {dagbag.py:545} INFO - Filling up the DagBag from /home/airflow/.local/lib/python3.12/site-packages/airflow/example_dags/example_complex.py
[2026-05-07T20:18:36.307+0000] {processor.py:840} INFO - DAG(s) 'example_complex' retrieved from /home/airflow/.local/lib/python3.12/site-packages/airflow/example_dags/example_complex.py
[2026-05-07T20:18:36.337+0000] {logging_mixin.py:188} INFO - [2026-05-07T20:18:36.337+0000] {dag.py:3096} INFO - Sync 1 DAGs
[2026-05-07T20:18:36.350+0000] {logging_mixin.py:188} INFO - [2026-05-07T20:18:36.350+0000] {dag.py:3954} INFO - Setting next_dagrun for example_complex to None, run_after=None
[2026-05-07T20:18:36.370+0000] {processor.py:183} INFO - Processing /home/airflow/.local/lib/python3.12/site-packages/airflow/example_dags/example_complex.py took 0.081 seconds
[2026-05-07T20:19:07.094+0000] {processor.py:161} INFO - Started process (PID=338) to work on /home/airflow/.local/lib/python3.12/site-packages/airflow/example_dags/example_complex.py
[2026-05-07T20:19:07.097+0000] {processor.py:830} INFO - Processing file /home/airflow/.local/lib/python3.12/site-packages/airflow/example_dags/example_complex.py for tasks to queue
[2026-05-07T20:19:07.100+0000] {logging_mixin.py:188} INFO - [2026-05-07T20:19:07.099+0000] {dagbag.py:545} INFO - Filling up the DagBag from /home/airflow/.local/lib/python3.12/site-packages/airflow/example_dags/example_complex.py
[2026-05-07T20:19:07.124+0000] {processor.py:840} INFO - DAG(s) 'example_complex' retrieved from /home/airflow/.local/lib/python3.12/site-packages/airflow/example_dags/example_complex.py
[2026-05-07T20:19:07.167+0000] {logging_mixin.py:188} INFO - [2026-05-07T20:19:07.166+0000] {dag.py:3096} INFO - Sync 1 DAGs
[2026-05-07T20:19:07.189+0000] {logging_mixin.py:188} INFO - [2026-05-07T20:19:07.189+0000] {dag.py:3954} INFO - Setting next_dagrun for example_complex to None, run_after=None
[2026-05-07T20:19:07.226+0000] {processor.py:183} INFO - Processing /home/airflow/.local/lib/python3.12/site-packages/airflow/example_dags/example_complex.py took 0.141 seconds
[2026-05-07T20:19:37.406+0000] {processor.py:161} INFO - Started process (PID=396) to work on /home/airflow/.local/lib/python3.12/site-packages/airflow/example_dags/example_complex.py
[2026-05-07T20:19:37.409+0000] {processor.py:830} INFO - Processing file /home/airflow/.local/lib/python3.12/site-packages/airflow/example_dags/example_complex.py for tasks to queue
[2026-05-07T20:19:37.411+0000] {logging_mixin.py:188} INFO - [2026-05-07T20:19:37.411+0000] {dagbag.py:545} INFO - Filling up the DagBag from /home/airflow/.local/lib/python3.12/site-packages/airflow/example_dags/example_complex.py
[2026-05-07T20:19:37.421+0000] {processor.py:840} INFO - DAG(s) 'example_complex' retrieved from /home/airflow/.local/lib/python3.12/site-packages/airflow/example_dags/example_complex.py
[2026-05-07T20:19:37.460+0000] {logging_mixin.py:188} INFO - [2026-05-07T20:19:37.459+0000] {dag.py:3096} INFO - Sync 1 DAGs
[2026-05-07T20:19:37.474+0000] {logging_mixin.py:188} INFO - [2026-05-07T20:19:37.474+0000] {dag.py:3954} INFO - Setting next_dagrun for example_complex to None, run_after=None
[2026-05-07T20:19:37.502+0000] {processor.py:183} INFO - Processing /home/airflow/.local/lib/python3.12/site-packages/airflow/example_dags/example_complex.py took 0.103 seconds
[2026-05-07T20:20:07.853+0000] {processor.py:161} INFO - Started process (PID=454) to work on /home/airflow/.local/lib/python3.12/site-packages/airflow/example_dags/example_complex.py
[2026-05-07T20:20:07.855+0000] {processor.py:830} INFO - Processing file /home/airflow/.local/lib/python3.12/site-packages/airflow/example_dags/example_complex.py for tasks to queue
[2026-05-07T20:20:07.859+0000] {logging_mixin.py:188} INFO - [2026-05-07T20:20:07.858+0000] {dagbag.py:545} INFO - Filling up the DagBag from /home/airflow/.local/lib/python3.12/site-packages/airflow/example_dags/example_complex.py
[2026-05-07T20:20:07.870+0000] {processor.py:840} INFO - DAG(s) 'example_complex' retrieved from /home/airflow/.local/lib/python3.12/site-packages/airflow/example_dags/example_complex.py
[2026-05-07T20:20:07.903+0000] {logging_mixin.py:188} INFO - [2026-05-07T20:20:07.903+0000] {dag.py:3096} INFO - Sync 1 DAGs
[2026-05-07T20:20:07.917+0000] {logging_mixin.py:188} INFO - [2026-05-07T20:20:07.916+0000] {dag.py:3954} INFO - Setting next_dagrun for example_complex to None, run_after=None
[2026-05-07T20:20:07.940+0000] {processor.py:183} INFO - Processing /home/airflow/.local/lib/python3.12/site-packages/airflow/example_dags/example_complex.py took 0.092 seconds
[2026-05-07T20:20:38.105+0000] {processor.py:161} INFO - Started process (PID=512) to work on /home/airflow/.local/lib/python3.12/site-packages/airflow/example_dags/example_complex.py
[2026-05-07T20:20:38.106+0000] {processor.py:830} INFO - Processing file /home/airflow/.local/lib/python3.12/site-packages/airflow/example_dags/example_complex.py for tasks to queue
[2026-05-07T20:20:38.108+0000] {logging_mixin.py:188} INFO - [2026-05-07T20:20:38.108+0000] {dagbag.py:545} INFO - Filling up the DagBag from /home/airflow/.local/lib/python3.12/site-packages/airflow/example_dags/example_complex.py
[2026-05-07T20:20:38.116+0000] {processor.py:840} INFO - DAG(s) 'example_complex' retrieved from /home/airflow/.local/lib/python3.12/site-packages/airflow/example_dags/example_complex.py
[2026-05-07T20:20:38.144+0000] {logging_mixin.py:188} INFO - [2026-05-07T20:20:38.144+0000] {dag.py:3096} INFO - Sync 1 DAGs
[2026-05-07T20:20:38.156+0000] {logging_mixin.py:188} INFO - [2026-05-07T20:20:38.156+0000] {dag.py:3954} INFO - Setting next_dagrun for example_complex to None, run_after=None
[2026-05-07T20:20:38.177+0000] {processor.py:183} INFO - Processing /home/airflow/.local/lib/python3.12/site-packages/airflow/example_dags/example_complex.py took 0.078 seconds
[2026-05-07T20:21:08.507+0000] {processor.py:161} INFO - Started process (PID=570) to work on /home/airflow/.local/lib/python3.12/site-packages/airflow/example_dags/example_complex.py
[2026-05-07T20:21:08.509+0000] {processor.py:830} INFO - Processing file /home/airflow/.local/lib/python3.12/site-packages/airflow/example_dags/example_complex.py for tasks to queue
[2026-05-07T20:21:08.512+0000] {logging_mixin.py:188} INFO - [2026-05-07T20:21:08.511+0000] {dagbag.py:545} INFO - Filling up the DagBag from /home/airflow/.local/lib/python3.12/site-packages/airflow/example_dags/example_complex.py
[2026-05-07T20:21:08.525+0000] {processor.py:840} INFO - DAG(s) 'example_complex' retrieved from /home/airflow/.local/lib/python3.12/site-packages/airflow/example_dags/example_complex.py
[2026-05-07T20:21:08.557+0000] {logging_mixin.py:188} INFO - [2026-05-07T20:21:08.557+0000] {dag.py:3096} INFO - Sync 1 DAGs
[2026-05-07T20:21:08.573+0000] {logging_mixin.py:188} INFO - [2026-05-07T20:21:08.573+0000] {dag.py:3954} INFO - Setting next_dagrun for example_complex to None, run_after=None
[2026-05-07T20:21:08.593+0000] {processor.py:183} INFO - Processing /home/airflow/.local/lib/python3.12/site-packages/airflow/example_dags/example_complex.py took 0.092 seconds
[2026-05-07T20:21:39.813+0000] {processor.py:161} INFO - Started process (PID=628) to work on /home/airflow/.local/lib/python3.12/site-packages/airflow/example_dags/example_complex.py
[2026-05-07T20:21:39.815+0000] {processor.py:830} INFO - Processing file /home/airflow/.local/lib/python3.12/site-packages/airflow/example_dags/example_complex.py for tasks to queue
[2026-05-07T20:21:39.817+0000] {logging_mixin.py:188} INFO - [2026-05-07T20:21:39.817+0000] {dagbag.py:545} INFO - Filling up the DagBag from /home/airflow/.local/lib/python3.12/site-packages/airflow/example_dags/example_complex.py
[2026-05-07T20:21:39.833+0000] {processor.py:840} INFO - DAG(s) 'example_complex' retrieved from /home/airflow/.local/lib/python3.12/site-packages/airflow/example_dags/example_complex.py
[2026-05-07T20:21:39.880+0000] {logging_mixin.py:188} INFO - [2026-05-07T20:21:39.880+0000] {dag.py:3096} INFO - Sync 1 DAGs
[2026-05-07T20:21:39.895+0000] {logging_mixin.py:188} INFO - [2026-05-07T20:21:39.894+0000] {dag.py:3954} INFO - Setting next_dagrun for example_complex to None, run_after=None
[2026-05-07T20:21:39.934+0000] {processor.py:183} INFO - Processing /home/airflow/.local/lib/python3.12/site-packages/airflow/example_dags/example_complex.py took 0.133 seconds
[2026-05-07T20:22:10.052+0000] {processor.py:161} INFO - Started process (PID=686) to work on /home/airflow/.local/lib/python3.12/site-packages/airflow/example_dags/example_complex.py
[2026-05-07T20:22:10.053+0000] {processor.py:830} INFO - Processing file /home/airflow/.local/lib/python3.12/site-packages/airflow/example_dags/example_complex.py for tasks to queue
[2026-05-07T20:22:10.056+0000] {logging_mixin.py:188} INFO - [2026-05-07T20:22:10.056+0000] {dagbag.py:545} INFO - Filling up the DagBag from /home/airflow/.local/lib/python3.12/site-packages/airflow/example_dags/example_complex.py
[2026-05-07T20:22:10.066+0000] {processor.py:840} INFO - DAG(s) 'example_complex' retrieved from /home/airflow/.local/lib/python3.12/site-packages/airflow/example_dags/example_complex.py
[2026-05-07T20:22:10.098+0000] {logging_mixin.py:188} INFO - [2026-05-07T20:22:10.098+0000] {dag.py:3096} INFO - Sync 1 DAGs
[2026-05-07T20:22:10.111+0000] {logging_mixin.py:188} INFO - [2026-05-07T20:22:10.110+0000] {dag.py:3954} INFO - Setting next_dagrun for example_complex to None, run_after=None
[2026-05-07T20:22:10.133+0000] {processor.py:183} INFO - Processing /home/airflow/.local/lib/python3.12/site-packages/airflow/example_dags/example_complex.py took 0.090 seconds
[2026-05-07T20:22:40.287+0000] {processor.py:161} INFO - Started process (PID=745) to work on /home/airflow/.local/lib/python3.12/site-packages/airflow/example_dags/example_complex.py
[2026-05-07T20:22:40.288+0000] {processor.py:830} INFO - Processing file /home/airflow/.local/lib/python3.12/site-packages/airflow/example_dags/example_complex.py for tasks to queue
[2026-05-07T20:22:40.291+0000] {logging_mixin.py:188} INFO - [2026-05-07T20:22:40.291+0000] {dagbag.py:545} INFO - Filling up the DagBag from /home/airflow/.local/lib/python3.12/site-packages/airflow/example_dags/example_complex.py
[2026-05-07T20:22:40.303+0000] {processor.py:840} INFO - DAG(s) 'example_complex' retrieved from /home/airflow/.local/lib/python3.12/site-packages/airflow/example_dags/example_complex.py
[2026-05-07T20:22:40.338+0000] {logging_mixin.py:188} INFO - [2026-05-07T20:22:40.337+0000] {dag.py:3096} INFO - Sync 1 DAGs
[2026-05-07T20:22:40.353+0000] {logging_mixin.py:188} INFO - [2026-05-07T20:22:40.353+0000] {dag.py:3954} INFO - Setting next_dagrun for example_complex to None, run_after=None
[2026-05-07T20:22:40.384+0000] {processor.py:183} INFO - Processing /home/airflow/.local/lib/python3.12/site-packages/airflow/example_dags/example_complex.py took 0.105 seconds
[2026-05-07T20:23:10.876+0000] {processor.py:161} INFO - Started process (PID=803) to work on /home/airflow/.local/lib/python3.12/site-packages/airflow/example_dags/example_complex.py
[2026-05-07T20:23:10.878+0000] {processor.py:830} INFO - Processing file /home/airflow/.local/lib/python3.12/site-packages/airflow/example_dags/example_complex.py for tasks to queue
[2026-05-07T20:23:10.881+0000] {logging_mixin.py:188} INFO - [2026-05-07T20:23:10.880+0000] {dagbag.py:545} INFO - Filling up the DagBag from /home/airflow/.local/lib/python3.12/site-packages/airflow/example_dags/example_complex.py
[2026-05-07T20:23:10.890+0000] {processor.py:840} INFO - DAG(s) 'example_complex' retrieved from /home/airflow/.local/lib/python3.12/site-packages/airflow/example_dags/example_complex.py
[2026-05-07T20:23:10.919+0000] {logging_mixin.py:188} INFO - [2026-05-07T20:23:10.919+0000] {dag.py:3096} INFO - Sync 1 DAGs
[2026-05-07T20:23:10.931+0000] {logging_mixin.py:188} INFO - [2026-05-07T20:23:10.931+0000] {dag.py:3954} INFO - Setting next_dagrun for example_complex to None, run_after=None
[2026-05-07T20:23:10.956+0000] {processor.py:183} INFO - Processing /home/airflow/.local/lib/python3.12/site-packages/airflow/example_dags/example_complex.py took 0.086 seconds
[2026-05-07T20:23:41.182+0000] {processor.py:161} INFO - Started process (PID=862) to work on /home/airflow/.local/lib/python3.12/site-packages/airflow/example_dags/example_complex.py
[2026-05-07T20:23:41.184+0000] {processor.py:830} INFO - Processing file /home/airflow/.local/lib/python3.12/site-packages/airflow/example_dags/example_complex.py for tasks to queue
[2026-05-07T20:23:41.186+0000] {logging_mixin.py:188} INFO - [2026-05-07T20:23:41.186+0000] {dagbag.py:545} INFO - Filling up the DagBag from /home/airflow/.local/lib/python3.12/site-packages/airflow/example_dags/example_complex.py
[2026-05-07T20:23:41.195+0000] {processor.py:840} INFO - DAG(s) 'example_complex' retrieved from /home/airflow/.local/lib/python3.12/site-packages/airflow/example_dags/example_complex.py
[2026-05-07T20:23:41.222+0000] {logging_mixin.py:188} INFO - [2026-05-07T20:23:41.222+0000] {dag.py:3096} INFO - Sync 1 DAGs
[2026-05-07T20:23:41.233+0000] {logging_mixin.py:188} INFO - [2026-05-07T20:23:41.233+0000] {dag.py:3954} INFO - Setting next_dagrun for example_complex to None, run_after=None
[2026-05-07T20:23:41.249+0000] {processor.py:183} INFO - Processing /home/airflow/.local/lib/python3.12/site-packages/airflow/example_dags/example_complex.py took 0.072 seconds
[2026-05-07T20:24:11.655+0000] {processor.py:161} INFO - Started process (PID=920) to work on /home/airflow/.local/lib/python3.12/site-packages/airflow/example_dags/example_complex.py
[2026-05-07T20:24:11.656+0000] {processor.py:830} INFO - Processing file /home/airflow/.local/lib/python3.12/site-packages/airflow/example_dags/example_complex.py for tasks to queue
[2026-05-07T20:24:11.659+0000] {logging_mixin.py:188} INFO - [2026-05-07T20:24:11.659+0000] {dagbag.py:545} INFO - Filling up the DagBag from /home/airflow/.local/lib/python3.12/site-packages/airflow/example_dags/example_complex.py
[2026-05-07T20:24:11.669+0000] {processor.py:840} INFO - DAG(s) 'example_complex' retrieved from /home/airflow/.local/lib/python3.12/site-packages/airflow/example_dags/example_complex.py
[2026-05-07T20:24:11.697+0000] {logging_mixin.py:188} INFO - [2026-05-07T20:24:11.697+0000] {dag.py:3096} INFO - Sync 1 DAGs
[2026-05-07T20:24:11.709+0000] {logging_mixin.py:188} INFO - [2026-05-07T20:24:11.709+0000] {dag.py:3954} INFO - Setting next_dagrun for example_complex to None, run_after=None
[2026-05-07T20:24:11.810+0000] {processor.py:183} INFO - Processing /home/airflow/.local/lib/python3.12/site-packages/airflow/example_dags/example_complex.py took 0.163 seconds
[2026-05-07T20:24:42.072+0000] {processor.py:161} INFO - Started process (PID=978) to work on /home/airflow/.local/lib/python3.12/site-packages/airflow/example_dags/example_complex.py
[2026-05-07T20:24:42.073+0000] {processor.py:830} INFO - Processing file /home/airflow/.local/lib/python3.12/site-packages/airflow/example_dags/example_complex.py for tasks to queue
[2026-05-07T20:24:42.075+0000] {logging_mixin.py:188} INFO - [2026-05-07T20:24:42.075+0000] {dagbag.py:545} INFO - Filling up the DagBag from /home/airflow/.local/lib/python3.12/site-packages/airflow/example_dags/example_complex.py
[2026-05-07T20:24:42.084+0000] {processor.py:840} INFO - DAG(s) 'example_complex' retrieved from /home/airflow/.local/lib/python3.12/site-packages/airflow/example_dags/example_complex.py
[2026-05-07T20:24:42.109+0000] {logging_mixin.py:188} INFO - [2026-05-07T20:24:42.109+0000] {dag.py:3096} INFO - Sync 1 DAGs
[2026-05-07T20:24:42.120+0000] {logging_mixin.py:188} INFO - [2026-05-07T20:24:42.120+0000] {dag.py:3954} INFO - Setting next_dagrun for example_complex to None, run_after=None
[2026-05-07T20:24:42.140+0000] {processor.py:183} INFO - Processing /home/airflow/.local/lib/python3.12/site-packages/airflow/example_dags/example_complex.py took 0.074 seconds
[2026-05-07T20:25:12.544+0000] {processor.py:161} INFO - Started process (PID=1036) to work on /home/airflow/.local/lib/python3.12/site-packages/airflow/example_dags/example_complex.py
[2026-05-07T20:25:12.546+0000] {processor.py:830} INFO - Processing file /home/airflow/.local/lib/python3.12/site-packages/airflow/example_dags/example_complex.py for tasks to queue
[2026-05-07T20:25:12.548+0000] {logging_mixin.py:188} INFO - [2026-05-07T20:25:12.548+0000] {dagbag.py:545} INFO - Filling up the DagBag from /home/airflow/.local/lib/python3.12/site-packages/airflow/example_dags/example_complex.py
[2026-05-07T20:25:12.556+0000] {processor.py:840} INFO - DAG(s) 'example_complex' retrieved from /home/airflow/.local/lib/python3.12/site-packages/airflow/example_dags/example_complex.py
[2026-05-07T20:25:12.582+0000] {logging_mixin.py:188} INFO - [2026-05-07T20:25:12.582+0000] {dag.py:3096} INFO - Sync 1 DAGs
[2026-05-07T20:25:12.593+0000] {logging_mixin.py:188} INFO - [2026-05-07T20:25:12.592+0000] {dag.py:3954} INFO - Setting next_dagrun for example_complex to None, run_after=None
[2026-05-07T20:25:12.613+0000] {processor.py:183} INFO - Processing /home/airflow/.local/lib/python3.12/site-packages/airflow/example_dags/example_complex.py took 0.075 seconds
[2026-05-07T20:25:43.085+0000] {processor.py:161} INFO - Started process (PID=1094) to work on /home/airflow/.local/lib/python3.12/site-packages/airflow/example_dags/example_complex.py
[2026-05-07T20:25:43.086+0000] {processor.py:830} INFO - Processing file /home/airflow/.local/lib/python3.12/site-packages/airflow/example_dags/example_complex.py for tasks to queue
[2026-05-07T20:25:43.089+0000] {logging_mixin.py:188} INFO - [2026-05-07T20:25:43.088+0000] {dagbag.py:545} INFO - Filling up the DagBag from /home/airflow/.local/lib/python3.12/site-packages/airflow/example_dags/example_complex.py
[2026-05-07T20:25:43.101+0000] {processor.py:840} INFO - DAG(s) 'example_complex' retrieved from /home/airflow/.local/lib/python3.12/site-packages/airflow/example_dags/example_complex.py
[2026-05-07T20:25:43.135+0000] {logging_mixin.py:188} INFO - [2026-05-07T20:25:43.135+0000] {dag.py:3096} INFO - Sync 1 DAGs
[2026-05-07T20:25:43.152+0000] {logging_mixin.py:188} INFO - [2026-05-07T20:25:43.151+0000] {dag.py:3954} INFO - Setting next_dagrun for example_complex to None, run_after=None
[2026-05-07T20:25:43.183+0000] {processor.py:183} INFO - Processing /home/airflow/.local/lib/python3.12/site-packages/airflow/example_dags/example_complex.py took 0.106 seconds
[2026-05-07T20:26:14.240+0000] {processor.py:161} INFO - Started process (PID=1152) to work on /home/airflow/.local/lib/python3.12/site-packages/airflow/example_dags/example_complex.py
[2026-05-07T20:26:14.243+0000] {processor.py:830} INFO - Processing file /home/airflow/.local/lib/python3.12/site-packages/airflow/example_dags/example_complex.py for tasks to queue
[2026-05-07T20:26:14.258+0000] {logging_mixin.py:188} INFO - [2026-05-07T20:26:14.257+0000] {dagbag.py:545} INFO - Filling up the DagBag from /home/airflow/.local/lib/python3.12/site-packages/airflow/example_dags/example_complex.py
[2026-05-07T20:26:14.286+0000] {processor.py:840} INFO - DAG(s) 'example_complex' retrieved from /home/airflow/.local/lib/python3.12/site-packages/airflow/example_dags/example_complex.py
[2026-05-07T20:26:14.357+0000] {logging_mixin.py:188} INFO - [2026-05-07T20:26:14.356+0000] {dag.py:3096} INFO - Sync 1 DAGs
[2026-05-07T20:26:14.389+0000] {logging_mixin.py:188} INFO - [2026-05-07T20:26:14.389+0000] {dag.py:3954} INFO - Setting next_dagrun for example_complex to None, run_after=None
[2026-05-07T20:26:14.435+0000] {processor.py:183} INFO - Processing /home/airflow/.local/lib/python3.12/site-packages/airflow/example_dags/example_complex.py took 0.204 seconds
[2026-05-07T20:26:45.149+0000] {processor.py:161} INFO - Started process (PID=1211) to work on /home/airflow/.local/lib/python3.12/site-packages/airflow/example_dags/example_complex.py
[2026-05-07T20:26:45.150+0000] {processor.py:830} INFO - Processing file /home/airflow/.local/lib/python3.12/site-packages/airflow/example_dags/example_complex.py for tasks to queue
[2026-05-07T20:26:45.153+0000] {logging_mixin.py:188} INFO - [2026-05-07T20:26:45.152+0000] {dagbag.py:545} INFO - Filling up the DagBag from /home/airflow/.local/lib/python3.12/site-packages/airflow/example_dags/example_complex.py
[2026-05-07T20:26:45.161+0000] {processor.py:840} INFO - DAG(s) 'example_complex' retrieved from /home/airflow/.local/lib/python3.12/site-packages/airflow/example_dags/example_complex.py
[2026-05-07T20:26:45.192+0000] {logging_mixin.py:188} INFO - [2026-05-07T20:26:45.192+0000] {dag.py:3096} INFO - Sync 1 DAGs
[2026-05-07T20:26:45.206+0000] {logging_mixin.py:188} INFO - [2026-05-07T20:26:45.205+0000] {dag.py:3954} INFO - Setting next_dagrun for example_complex to None, run_after=None
[2026-05-07T20:26:45.225+0000] {processor.py:183} INFO - Processing /home/airflow/.local/lib/python3.12/site-packages/airflow/example_dags/example_complex.py took 0.081 seconds
[2026-05-07T20:27:15.613+0000] {processor.py:161} INFO - Started process (PID=1268) to work on /home/airflow/.local/lib/python3.12/site-packages/airflow/example_dags/example_complex.py
[2026-05-07T20:27:15.615+0000] {processor.py:830} INFO - Processing file /home/airflow/.local/lib/python3.12/site-packages/airflow/example_dags/example_complex.py for tasks to queue
[2026-05-07T20:27:15.617+0000] {logging_mixin.py:188} INFO - [2026-05-07T20:27:15.617+0000] {dagbag.py:545} INFO - Filling up the DagBag from /home/airflow/.local/lib/python3.12/site-packages/airflow/example_dags/example_complex.py
[2026-05-07T20:27:15.627+0000] {processor.py:840} INFO - DAG(s) 'example_complex' retrieved from /home/airflow/.local/lib/python3.12/site-packages/airflow/example_dags/example_complex.py
[2026-05-07T20:27:15.657+0000] {logging_mixin.py:188} INFO - [2026-05-07T20:27:15.657+0000] {dag.py:3096} INFO - Sync 1 DAGs
[2026-05-07T20:27:15.670+0000] {logging_mixin.py:188} INFO - [2026-05-07T20:27:15.669+0000] {dag.py:3954} INFO - Setting next_dagrun for example_complex to None, run_after=None
[2026-05-07T20:27:15.693+0000] {processor.py:183} INFO - Processing /home/airflow/.local/lib/python3.12/site-packages/airflow/example_dags/example_complex.py took 0.085 seconds
[2026-05-07T20:27:45.894+0000] {processor.py:161} INFO - Started process (PID=1325) to work on /home/airflow/.local/lib/python3.12/site-packages/airflow/example_dags/example_complex.py
[2026-05-07T20:27:45.896+0000] {processor.py:830} INFO - Processing file /home/airflow/.local/lib/python3.12/site-packages/airflow/example_dags/example_complex.py for tasks to queue
[2026-05-07T20:27:45.899+0000] {logging_mixin.py:188} INFO - [2026-05-07T20:27:45.898+0000] {dagbag.py:545} INFO - Filling up the DagBag from /home/airflow/.local/lib/python3.12/site-packages/airflow/example_dags/example_complex.py
[2026-05-07T20:27:45.911+0000] {processor.py:840} INFO - DAG(s) 'example_complex' retrieved from /home/airflow/.local/lib/python3.12/site-packages/airflow/example_dags/example_complex.py
[2026-05-07T20:27:45.956+0000] {logging_mixin.py:188} INFO - [2026-05-07T20:27:45.956+0000] {dag.py:3096} INFO - Sync 1 DAGs
[2026-05-07T20:27:45.976+0000] {logging_mixin.py:188} INFO - [2026-05-07T20:27:45.976+0000] {dag.py:3954} INFO - Setting next_dagrun for example_complex to None, run_after=None
[2026-05-07T20:27:46.010+0000] {processor.py:183} INFO - Processing /home/airflow/.local/lib/python3.12/site-packages/airflow/example_dags/example_complex.py took 0.123 seconds
[2026-05-07T20:28:16.755+0000] {processor.py:161} INFO - Started process (PID=1383) to work on /home/airflow/.local/lib/python3.12/site-packages/airflow/example_dags/example_complex.py
[2026-05-07T20:28:16.757+0000] {processor.py:830} INFO - Processing file /home/airflow/.local/lib/python3.12/site-packages/airflow/example_dags/example_complex.py for tasks to queue
[2026-05-07T20:28:16.759+0000] {logging_mixin.py:188} INFO - [2026-05-07T20:28:16.759+0000] {dagbag.py:545} INFO - Filling up the DagBag from /home/airflow/.local/lib/python3.12/site-packages/airflow/example_dags/example_complex.py
[2026-05-07T20:28:16.769+0000] {processor.py:840} INFO - DAG(s) 'example_complex' retrieved from /home/airflow/.local/lib/python3.12/site-packages/airflow/example_dags/example_complex.py
[2026-05-07T20:28:16.797+0000] {logging_mixin.py:188} INFO - [2026-05-07T20:28:16.797+0000] {dag.py:3096} INFO - Sync 1 DAGs
[2026-05-07T20:28:16.810+0000] {logging_mixin.py:188} INFO - [2026-05-07T20:28:16.809+0000] {dag.py:3954} INFO - Setting next_dagrun for example_complex to None, run_after=None
[2026-05-07T20:28:16.901+0000] {processor.py:183} INFO - Processing /home/airflow/.local/lib/python3.12/site-packages/airflow/example_dags/example_complex.py took 0.151 seconds
[2026-05-07T20:28:47.151+0000] {processor.py:161} INFO - Started process (PID=1441) to work on /home/airflow/.local/lib/python3.12/site-packages/airflow/example_dags/example_complex.py
[2026-05-07T20:28:47.153+0000] {processor.py:830} INFO - Processing file /home/airflow/.local/lib/python3.12/site-packages/airflow/example_dags/example_complex.py for tasks to queue
[2026-05-07T20:28:47.155+0000] {logging_mixin.py:188} INFO - [2026-05-07T20:28:47.155+0000] {dagbag.py:545} INFO - Filling up the DagBag from /home/airflow/.local/lib/python3.12/site-packages/airflow/example_dags/example_complex.py
[2026-05-07T20:28:47.164+0000] {processor.py:840} INFO - DAG(s) 'example_complex' retrieved from /home/airflow/.local/lib/python3.12/site-packages/airflow/example_dags/example_complex.py
[2026-05-07T20:28:47.192+0000] {logging_mixin.py:188} INFO - [2026-05-07T20:28:47.192+0000] {dag.py:3096} INFO - Sync 1 DAGs
[2026-05-07T20:28:47.205+0000] {logging_mixin.py:188} INFO - [2026-05-07T20:28:47.205+0000] {dag.py:3954} INFO - Setting next_dagrun for example_complex to None, run_after=None
[2026-05-07T20:28:47.300+0000] {processor.py:183} INFO - Processing /home/airflow/.local/lib/python3.12/site-packages/airflow/example_dags/example_complex.py took 0.154 seconds
[2026-05-07T20:29:17.676+0000] {processor.py:161} INFO - Started process (PID=1499) to work on /home/airflow/.local/lib/python3.12/site-packages/airflow/example_dags/example_complex.py
[2026-05-07T20:29:17.678+0000] {processor.py:830} INFO - Processing file /home/airflow/.local/lib/python3.12/site-packages/airflow/example_dags/example_complex.py for tasks to queue
[2026-05-07T20:29:17.681+0000] {logging_mixin.py:188} INFO - [2026-05-07T20:29:17.681+0000] {dagbag.py:545} INFO - Filling up the DagBag from /home/airflow/.local/lib/python3.12/site-packages/airflow/example_dags/example_complex.py
[2026-05-07T20:29:17.692+0000] {processor.py:840} INFO - DAG(s) 'example_complex' retrieved from /home/airflow/.local/lib/python3.12/site-packages/airflow/example_dags/example_complex.py
[2026-05-07T20:29:17.720+0000] {logging_mixin.py:188} INFO - [2026-05-07T20:29:17.720+0000] {dag.py:3096} INFO - Sync 1 DAGs
[2026-05-07T20:29:17.733+0000] {logging_mixin.py:188} INFO - [2026-05-07T20:29:17.733+0000] {dag.py:3954} INFO - Setting next_dagrun for example_complex to None, run_after=None
[2026-05-07T20:29:17.755+0000] {processor.py:183} INFO - Processing /home/airflow/.local/lib/python3.12/site-packages/airflow/example_dags/example_complex.py took 0.085 seconds
[2026-05-07T20:29:48.427+0000] {processor.py:161} INFO - Started process (PID=1557) to work on /home/airflow/.local/lib/python3.12/site-packages/airflow/example_dags/example_complex.py
[2026-05-07T20:29:48.429+0000] {processor.py:830} INFO - Processing file /home/airflow/.local/lib/python3.12/site-packages/airflow/example_dags/example_complex.py for tasks to queue
[2026-05-07T20:29:48.432+0000] {logging_mixin.py:188} INFO - [2026-05-07T20:29:48.432+0000] {dagbag.py:545} INFO - Filling up the DagBag from /home/airflow/.local/lib/python3.12/site-packages/airflow/example_dags/example_complex.py
[2026-05-07T20:29:48.444+0000] {processor.py:840} INFO - DAG(s) 'example_complex' retrieved from /home/airflow/.local/lib/python3.12/site-packages/airflow/example_dags/example_complex.py
[2026-05-07T20:29:48.480+0000] {logging_mixin.py:188} INFO - [2026-05-07T20:29:48.480+0000] {dag.py:3096} INFO - Sync 1 DAGs
[2026-05-07T20:29:48.492+0000] {logging_mixin.py:188} INFO - [2026-05-07T20:29:48.492+0000] {dag.py:3954} INFO - Setting next_dagrun for example_complex to None, run_after=None
[2026-05-07T20:29:48.588+0000] {processor.py:183} INFO - Processing /home/airflow/.local/lib/python3.12/site-packages/airflow/example_dags/example_complex.py took 0.167 seconds
[2026-05-07T20:30:19.584+0000] {processor.py:161} INFO - Started process (PID=1615) to work on /home/airflow/.local/lib/python3.12/site-packages/airflow/example_dags/example_complex.py
[2026-05-07T20:30:19.586+0000] {processor.py:830} INFO - Processing file /home/airflow/.local/lib/python3.12/site-packages/airflow/example_dags/example_complex.py for tasks to queue
[2026-05-07T20:30:19.591+0000] {logging_mixin.py:188} INFO - [2026-05-07T20:30:19.590+0000] {dagbag.py:545} INFO - Filling up the DagBag from /home/airflow/.local/lib/python3.12/site-packages/airflow/example_dags/example_complex.py
[2026-05-07T20:30:19.612+0000] {processor.py:840} INFO - DAG(s) 'example_complex' retrieved from /home/airflow/.local/lib/python3.12/site-packages/airflow/example_dags/example_complex.py
[2026-05-07T20:30:19.701+0000] {logging_mixin.py:188} INFO - [2026-05-07T20:30:19.700+0000] {dag.py:3096} INFO - Sync 1 DAGs
[2026-05-07T20:30:19.745+0000] {logging_mixin.py:188} INFO - [2026-05-07T20:30:19.745+0000] {dag.py:3954} INFO - Setting next_dagrun for example_complex to None, run_after=None
[2026-05-07T20:30:19.811+0000] {processor.py:183} INFO - Processing /home/airflow/.local/lib/python3.12/site-packages/airflow/example_dags/example_complex.py took 0.239 seconds
[2026-05-07T20:30:50.376+0000] {processor.py:161} INFO - Started process (PID=1673) to work on /home/airflow/.local/lib/python3.12/site-packages/airflow/example_dags/example_complex.py
[2026-05-07T20:30:50.377+0000] {processor.py:830} INFO - Processing file /home/airflow/.local/lib/python3.12/site-packages/airflow/example_dags/example_complex.py for tasks to queue
[2026-05-07T20:30:50.379+0000] {logging_mixin.py:188} INFO - [2026-05-07T20:30:50.379+0000] {dagbag.py:545} INFO - Filling up the DagBag from /home/airflow/.local/lib/python3.12/site-packages/airflow/example_dags/example_complex.py
[2026-05-07T20:30:50.391+0000] {processor.py:840} INFO - DAG(s) 'example_complex' retrieved from /home/airflow/.local/lib/python3.12/site-packages/airflow/example_dags/example_complex.py
[2026-05-07T20:30:50.421+0000] {logging_mixin.py:188} INFO - [2026-05-07T20:30:50.421+0000] {dag.py:3096} INFO - Sync 1 DAGs
[2026-05-07T20:30:50.433+0000] {logging_mixin.py:188} INFO - [2026-05-07T20:30:50.433+0000] {dag.py:3954} INFO - Setting next_dagrun for example_complex to None, run_after=None
[2026-05-07T20:30:50.573+0000] {processor.py:183} INFO - Processing /home/airflow/.local/lib/python3.12/site-packages/airflow/example_dags/example_complex.py took 0.204 seconds
[2026-05-07T20:31:21.117+0000] {processor.py:161} INFO - Started process (PID=1731) to work on /home/airflow/.local/lib/python3.12/site-packages/airflow/example_dags/example_complex.py
[2026-05-07T20:31:21.118+0000] {processor.py:830} INFO - Processing file /home/airflow/.local/lib/python3.12/site-packages/airflow/example_dags/example_complex.py for tasks to queue
[2026-05-07T20:31:21.121+0000] {logging_mixin.py:188} INFO - [2026-05-07T20:31:21.120+0000] {dagbag.py:545} INFO - Filling up the DagBag from /home/airflow/.local/lib/python3.12/site-packages/airflow/example_dags/example_complex.py
[2026-05-07T20:31:21.131+0000] {processor.py:840} INFO - DAG(s) 'example_complex' retrieved from /home/airflow/.local/lib/python3.12/site-packages/airflow/example_dags/example_complex.py
[2026-05-07T20:31:21.165+0000] {logging_mixin.py:188} INFO - [2026-05-07T20:31:21.164+0000] {dag.py:3096} INFO - Sync 1 DAGs
[2026-05-07T20:31:21.176+0000] {logging_mixin.py:188} INFO - [2026-05-07T20:31:21.175+0000] {dag.py:3954} INFO - Setting next_dagrun for example_complex to None, run_after=None
[2026-05-07T20:31:21.195+0000] {processor.py:183} INFO - Processing /home/airflow/.local/lib/python3.12/site-packages/airflow/example_dags/example_complex.py took 0.084 seconds
[2026-05-07T20:31:51.256+0000] {processor.py:161} INFO - Started process (PID=1790) to work on /home/airflow/.local/lib/python3.12/site-packages/airflow/example_dags/example_complex.py
[2026-05-07T20:31:51.258+0000] {processor.py:830} INFO - Processing file /home/airflow/.local/lib/python3.12/site-packages/airflow/example_dags/example_complex.py for tasks to queue
[2026-05-07T20:31:51.260+0000] {logging_mixin.py:188} INFO - [2026-05-07T20:31:51.260+0000] {dagbag.py:545} INFO - Filling up the DagBag from /home/airflow/.local/lib/python3.12/site-packages/airflow/example_dags/example_complex.py
[2026-05-07T20:31:51.271+0000] {processor.py:840} INFO - DAG(s) 'example_complex' retrieved from /home/airflow/.local/lib/python3.12/site-packages/airflow/example_dags/example_complex.py
[2026-05-07T20:31:51.300+0000] {logging_mixin.py:188} INFO - [2026-05-07T20:31:51.300+0000] {dag.py:3096} INFO - Sync 1 DAGs
[2026-05-07T20:31:51.314+0000] {logging_mixin.py:188} INFO - [2026-05-07T20:31:51.314+0000] {dag.py:3954} INFO - Setting next_dagrun for example_complex to None, run_after=None
[2026-05-07T20:31:51.337+0000] {processor.py:183} INFO - Processing /home/airflow/.local/lib/python3.12/site-packages/airflow/example_dags/example_complex.py took 0.087 seconds
[2026-05-07T20:32:22.894+0000] {processor.py:161} INFO - Started process (PID=1848) to work on /home/airflow/.local/lib/python3.12/site-packages/airflow/example_dags/example_complex.py
[2026-05-07T20:32:22.896+0000] {processor.py:830} INFO - Processing file /home/airflow/.local/lib/python3.12/site-packages/airflow/example_dags/example_complex.py for tasks to queue
[2026-05-07T20:32:22.898+0000] {logging_mixin.py:188} INFO - [2026-05-07T20:32:22.898+0000] {dagbag.py:545} INFO - Filling up the DagBag from /home/airflow/.local/lib/python3.12/site-packages/airflow/example_dags/example_complex.py
[2026-05-07T20:32:22.910+0000] {processor.py:840} INFO - DAG(s) 'example_complex' retrieved from /home/airflow/.local/lib/python3.12/site-packages/airflow/example_dags/example_complex.py
[2026-05-07T20:32:22.943+0000] {logging_mixin.py:188} INFO - [2026-05-07T20:32:22.943+0000] {dag.py:3096} INFO - Sync 1 DAGs
[2026-05-07T20:32:22.955+0000] {logging_mixin.py:188} INFO - [2026-05-07T20:32:22.955+0000] {dag.py:3954} INFO - Setting next_dagrun for example_complex to None, run_after=None
[2026-05-07T20:32:22.976+0000] {processor.py:183} INFO - Processing /home/airflow/.local/lib/python3.12/site-packages/airflow/example_dags/example_complex.py took 0.088 seconds
[2026-05-07T20:32:53.490+0000] {processor.py:161} INFO - Started process (PID=1906) to work on /home/airflow/.local/lib/python3.12/site-packages/airflow/example_dags/example_complex.py
[2026-05-07T20:32:53.491+0000] {processor.py:830} INFO - Processing file /home/airflow/.local/lib/python3.12/site-packages/airflow/example_dags/example_complex.py for tasks to queue
[2026-05-07T20:32:53.494+0000] {logging_mixin.py:188} INFO - [2026-05-07T20:32:53.493+0000] {dagbag.py:545} INFO - Filling up the DagBag from /home/airflow/.local/lib/python3.12/site-packages/airflow/example_dags/example_complex.py
[2026-05-07T20:32:53.502+0000] {processor.py:840} INFO - DAG(s) 'example_complex' retrieved from /home/airflow/.local/lib/python3.12/site-packages/airflow/example_dags/example_complex.py
[2026-05-07T20:32:53.534+0000] {logging_mixin.py:188} INFO - [2026-05-07T20:32:53.534+0000] {dag.py:3096} INFO - Sync 1 DAGs
[2026-05-07T20:32:53.546+0000] {logging_mixin.py:188} INFO - [2026-05-07T20:32:53.546+0000] {dag.py:3954} INFO - Setting next_dagrun for example_complex to None, run_after=None
[2026-05-07T20:32:53.570+0000] {processor.py:183} INFO - Processing /home/airflow/.local/lib/python3.12/site-packages/airflow/example_dags/example_complex.py took 0.085 seconds
[2026-05-07T20:33:24.467+0000] {processor.py:161} INFO - Started process (PID=1964) to work on /home/airflow/.local/lib/python3.12/site-packages/airflow/example_dags/example_complex.py
[2026-05-07T20:33:24.468+0000] {processor.py:830} INFO - Processing file /home/airflow/.local/lib/python3.12/site-packages/airflow/example_dags/example_complex.py for tasks to queue
[2026-05-07T20:33:24.470+0000] {logging_mixin.py:188} INFO - [2026-05-07T20:33:24.470+0000] {dagbag.py:545} INFO - Filling up the DagBag from /home/airflow/.local/lib/python3.12/site-packages/airflow/example_dags/example_complex.py
[2026-05-07T20:33:24.478+0000] {processor.py:840} INFO - DAG(s) 'example_complex' retrieved from /home/airflow/.local/lib/python3.12/site-packages/airflow/example_dags/example_complex.py
[2026-05-07T20:33:24.503+0000] {logging_mixin.py:188} INFO - [2026-05-07T20:33:24.503+0000] {dag.py:3096} INFO - Sync 1 DAGs
[2026-05-07T20:33:24.513+0000] {logging_mixin.py:188} INFO - [2026-05-07T20:33:24.513+0000] {dag.py:3954} INFO - Setting next_dagrun for example_complex to None, run_after=None
[2026-05-07T20:33:24.532+0000] {processor.py:183} INFO - Processing /home/airflow/.local/lib/python3.12/site-packages/airflow/example_dags/example_complex.py took 0.070 seconds
[2026-05-07T20:33:55.391+0000] {processor.py:161} INFO - Started process (PID=2022) to work on /home/airflow/.local/lib/python3.12/site-packages/airflow/example_dags/example_complex.py
[2026-05-07T20:33:55.393+0000] {processor.py:830} INFO - Processing file /home/airflow/.local/lib/python3.12/site-packages/airflow/example_dags/example_complex.py for tasks to queue
[2026-05-07T20:33:55.395+0000] {logging_mixin.py:188} INFO - [2026-05-07T20:33:55.395+0000] {dagbag.py:545} INFO - Filling up the DagBag from /home/airflow/.local/lib/python3.12/site-packages/airflow/example_dags/example_complex.py
[2026-05-07T20:33:55.405+0000] {processor.py:840} INFO - DAG(s) 'example_complex' retrieved from /home/airflow/.local/lib/python3.12/site-packages/airflow/example_dags/example_complex.py
[2026-05-07T20:33:55.434+0000] {logging_mixin.py:188} INFO - [2026-05-07T20:33:55.434+0000] {dag.py:3096} INFO - Sync 1 DAGs
[2026-05-07T20:33:55.447+0000] {logging_mixin.py:188} INFO - [2026-05-07T20:33:55.447+0000] {dag.py:3954} INFO - Setting next_dagrun for example_complex to None, run_after=None
[2026-05-07T20:33:55.471+0000] {processor.py:183} INFO - Processing /home/airflow/.local/lib/python3.12/site-packages/airflow/example_dags/example_complex.py took 0.086 seconds
[2026-05-07T20:34:25.935+0000] {processor.py:161} INFO - Started process (PID=2081) to work on /home/airflow/.local/lib/python3.12/site-packages/airflow/example_dags/example_complex.py
[2026-05-07T20:34:25.936+0000] {processor.py:830} INFO - Processing file /home/airflow/.local/lib/python3.12/site-packages/airflow/example_dags/example_complex.py for tasks to queue
[2026-05-07T20:34:25.938+0000] {logging_mixin.py:188} INFO - [2026-05-07T20:34:25.938+0000] {dagbag.py:545} INFO - Filling up the DagBag from /home/airflow/.local/lib/python3.12/site-packages/airflow/example_dags/example_complex.py
[2026-05-07T20:34:25.946+0000] {processor.py:840} INFO - DAG(s) 'example_complex' retrieved from /home/airflow/.local/lib/python3.12/site-packages/airflow/example_dags/example_complex.py
[2026-05-07T20:34:25.975+0000] {logging_mixin.py:188} INFO - [2026-05-07T20:34:25.975+0000] {dag.py:3096} INFO - Sync 1 DAGs
[2026-05-07T20:34:25.988+0000] {logging_mixin.py:188} INFO - [2026-05-07T20:34:25.988+0000] {dag.py:3954} INFO - Setting next_dagrun for example_complex to None, run_after=None
[2026-05-07T20:34:26.010+0000] {processor.py:183} INFO - Processing /home/airflow/.local/lib/python3.12/site-packages/airflow/example_dags/example_complex.py took 0.081 seconds
[2026-05-07T20:34:56.338+0000] {processor.py:161} INFO - Started process (PID=2139) to work on /home/airflow/.local/lib/python3.12/site-packages/airflow/example_dags/example_complex.py
[2026-05-07T20:34:56.339+0000] {processor.py:830} INFO - Processing file /home/airflow/.local/lib/python3.12/site-packages/airflow/example_dags/example_complex.py for tasks to queue
[2026-05-07T20:34:56.341+0000] {logging_mixin.py:188} INFO - [2026-05-07T20:34:56.341+0000] {dagbag.py:545} INFO - Filling up the DagBag from /home/airflow/.local/lib/python3.12/site-packages/airflow/example_dags/example_complex.py
[2026-05-07T20:34:56.350+0000] {processor.py:840} INFO - DAG(s) 'example_complex' retrieved from /home/airflow/.local/lib/python3.12/site-packages/airflow/example_dags/example_complex.py
[2026-05-07T20:34:56.380+0000] {logging_mixin.py:188} INFO - [2026-05-07T20:34:56.380+0000] {dag.py:3096} INFO - Sync 1 DAGs
[2026-05-07T20:34:56.392+0000] {logging_mixin.py:188} INFO - [2026-05-07T20:34:56.392+0000] {dag.py:3954} INFO - Setting next_dagrun for example_complex to None, run_after=None
[2026-05-07T20:34:56.415+0000] {processor.py:183} INFO - Processing /home/airflow/.local/lib/python3.12/site-packages/airflow/example_dags/example_complex.py took 0.083 seconds
[2026-05-07T20:35:26.668+0000] {processor.py:161} INFO - Started process (PID=2197) to work on /home/airflow/.local/lib/python3.12/site-packages/airflow/example_dags/example_complex.py
[2026-05-07T20:35:26.669+0000] {processor.py:830} INFO - Processing file /home/airflow/.local/lib/python3.12/site-packages/airflow/example_dags/example_complex.py for tasks to queue
[2026-05-07T20:35:26.672+0000] {logging_mixin.py:188} INFO - [2026-05-07T20:35:26.671+0000] {dagbag.py:545} INFO - Filling up the DagBag from /home/airflow/.local/lib/python3.12/site-packages/airflow/example_dags/example_complex.py
[2026-05-07T20:35:26.680+0000] {processor.py:840} INFO - DAG(s) 'example_complex' retrieved from /home/airflow/.local/lib/python3.12/site-packages/airflow/example_dags/example_complex.py
[2026-05-07T20:35:26.711+0000] {logging_mixin.py:188} INFO - [2026-05-07T20:35:26.711+0000] {dag.py:3096} INFO - Sync 1 DAGs
[2026-05-07T20:35:26.724+0000] {logging_mixin.py:188} INFO - [2026-05-07T20:35:26.724+0000] {dag.py:3954} INFO - Setting next_dagrun for example_complex to None, run_after=None
[2026-05-07T20:35:26.748+0000] {processor.py:183} INFO - Processing /home/airflow/.local/lib/python3.12/site-packages/airflow/example_dags/example_complex.py took 0.086 seconds
[2026-05-07T20:35:57.518+0000] {processor.py:161} INFO - Started process (PID=2255) to work on /home/airflow/.local/lib/python3.12/site-packages/airflow/example_dags/example_complex.py
[2026-05-07T20:35:57.519+0000] {processor.py:830} INFO - Processing file /home/airflow/.local/lib/python3.12/site-packages/airflow/example_dags/example_complex.py for tasks to queue
[2026-05-07T20:35:57.521+0000] {logging_mixin.py:188} INFO - [2026-05-07T20:35:57.521+0000] {dagbag.py:545} INFO - Filling up the DagBag from /home/airflow/.local/lib/python3.12/site-packages/airflow/example_dags/example_complex.py
[2026-05-07T20:35:57.531+0000] {processor.py:840} INFO - DAG(s) 'example_complex' retrieved from /home/airflow/.local/lib/python3.12/site-packages/airflow/example_dags/example_complex.py
[2026-05-07T20:35:57.560+0000] {logging_mixin.py:188} INFO - [2026-05-07T20:35:57.560+0000] {dag.py:3096} INFO - Sync 1 DAGs
[2026-05-07T20:35:57.573+0000] {logging_mixin.py:188} INFO - [2026-05-07T20:35:57.573+0000] {dag.py:3954} INFO - Setting next_dagrun for example_complex to None, run_after=None
[2026-05-07T20:35:57.598+0000] {processor.py:183} INFO - Processing /home/airflow/.local/lib/python3.12/site-packages/airflow/example_dags/example_complex.py took 0.086 seconds
[2026-05-07T20:36:28.265+0000] {processor.py:161} INFO - Started process (PID=2314) to work on /home/airflow/.local/lib/python3.12/site-packages/airflow/example_dags/example_complex.py
[2026-05-07T20:36:28.267+0000] {processor.py:830} INFO - Processing file /home/airflow/.local/lib/python3.12/site-packages/airflow/example_dags/example_complex.py for tasks to queue
[2026-05-07T20:36:28.269+0000] {logging_mixin.py:188} INFO - [2026-05-07T20:36:28.269+0000] {dagbag.py:545} INFO - Filling up the DagBag from /home/airflow/.local/lib/python3.12/site-packages/airflow/example_dags/example_complex.py
[2026-05-07T20:36:28.279+0000] {processor.py:840} INFO - DAG(s) 'example_complex' retrieved from /home/airflow/.local/lib/python3.12/site-packages/airflow/example_dags/example_complex.py
[2026-05-07T20:36:28.315+0000] {logging_mixin.py:188} INFO - [2026-05-07T20:36:28.314+0000] {dag.py:3096} INFO - Sync 1 DAGs
[2026-05-07T20:36:28.327+0000] {logging_mixin.py:188} INFO - [2026-05-07T20:36:28.327+0000] {dag.py:3954} INFO - Setting next_dagrun for example_complex to None, run_after=None
[2026-05-07T20:36:28.348+0000] {processor.py:183} INFO - Processing /home/airflow/.local/lib/python3.12/site-packages/airflow/example_dags/example_complex.py took 0.089 seconds
[2026-05-07T20:36:58.738+0000] {processor.py:161} INFO - Started process (PID=2372) to work on /home/airflow/.local/lib/python3.12/site-packages/airflow/example_dags/example_complex.py
[2026-05-07T20:36:58.740+0000] {processor.py:830} INFO - Processing file /home/airflow/.local/lib/python3.12/site-packages/airflow/example_dags/example_complex.py for tasks to queue
[2026-05-07T20:36:58.742+0000] {logging_mixin.py:188} INFO - [2026-05-07T20:36:58.742+0000] {dagbag.py:545} INFO - Filling up the DagBag from /home/airflow/.local/lib/python3.12/site-packages/airflow/example_dags/example_complex.py
[2026-05-07T20:36:58.751+0000] {processor.py:840} INFO - DAG(s) 'example_complex' retrieved from /home/airflow/.local/lib/python3.12/site-packages/airflow/example_dags/example_complex.py
[2026-05-07T20:36:58.781+0000] {logging_mixin.py:188} INFO - [2026-05-07T20:36:58.780+0000] {dag.py:3096} INFO - Sync 1 DAGs
[2026-05-07T20:36:58.792+0000] {logging_mixin.py:188} INFO - [2026-05-07T20:36:58.792+0000] {dag.py:3954} INFO - Setting next_dagrun for example_complex to None, run_after=None
[2026-05-07T20:36:58.891+0000] {processor.py:183} INFO - Processing /home/airflow/.local/lib/python3.12/site-packages/airflow/example_dags/example_complex.py took 0.160 seconds
[2026-05-07T20:37:29.696+0000] {processor.py:161} INFO - Started process (PID=2430) to work on /home/airflow/.local/lib/python3.12/site-packages/airflow/example_dags/example_complex.py
[2026-05-07T20:37:29.697+0000] {processor.py:830} INFO - Processing file /home/airflow/.local/lib/python3.12/site-packages/airflow/example_dags/example_complex.py for tasks to queue
[2026-05-07T20:37:29.700+0000] {logging_mixin.py:188} INFO - [2026-05-07T20:37:29.699+0000] {dagbag.py:545} INFO - Filling up the DagBag from /home/airflow/.local/lib/python3.12/site-packages/airflow/example_dags/example_complex.py
[2026-05-07T20:37:29.708+0000] {processor.py:840} INFO - DAG(s) 'example_complex' retrieved from /home/airflow/.local/lib/python3.12/site-packages/airflow/example_dags/example_complex.py
[2026-05-07T20:37:29.734+0000] {logging_mixin.py:188} INFO - [2026-05-07T20:37:29.734+0000] {dag.py:3096} INFO - Sync 1 DAGs
[2026-05-07T20:37:29.748+0000] {logging_mixin.py:188} INFO - [2026-05-07T20:37:29.747+0000] {dag.py:3954} INFO - Setting next_dagrun for example_complex to None, run_after=None
[2026-05-07T20:37:29.843+0000] {processor.py:183} INFO - Processing /home/airflow/.local/lib/python3.12/site-packages/airflow/example_dags/example_complex.py took 0.152 seconds
[2026-05-07T20:37:59.968+0000] {processor.py:161} INFO - Started process (PID=2488) to work on /home/airflow/.local/lib/python3.12/site-packages/airflow/example_dags/example_complex.py
[2026-05-07T20:37:59.971+0000] {processor.py:830} INFO - Processing file /home/airflow/.local/lib/python3.12/site-packages/airflow/example_dags/example_complex.py for tasks to queue
[2026-05-07T20:37:59.978+0000] {logging_mixin.py:188} INFO - [2026-05-07T20:37:59.976+0000] {dagbag.py:545} INFO - Filling up the DagBag from /home/airflow/.local/lib/python3.12/site-packages/airflow/example_dags/example_complex.py
[2026-05-07T20:38:00.005+0000] {processor.py:840} INFO - DAG(s) 'example_complex' retrieved from /home/airflow/.local/lib/python3.12/site-packages/airflow/example_dags/example_complex.py
[2026-05-07T20:38:00.086+0000] {logging_mixin.py:188} INFO - [2026-05-07T20:38:00.086+0000] {dag.py:3096} INFO - Sync 1 DAGs
[2026-05-07T20:38:00.107+0000] {logging_mixin.py:188} INFO - [2026-05-07T20:38:00.106+0000] {dag.py:3954} INFO - Setting next_dagrun for example_complex to None, run_after=None
[2026-05-07T20:38:00.168+0000] {processor.py:183} INFO - Processing /home/airflow/.local/lib/python3.12/site-packages/airflow/example_dags/example_complex.py took 0.212 seconds
[2026-05-07T20:38:30.481+0000] {processor.py:161} INFO - Started process (PID=2546) to work on /home/airflow/.local/lib/python3.12/site-packages/airflow/example_dags/example_complex.py
[2026-05-07T20:38:30.483+0000] {processor.py:830} INFO - Processing file /home/airflow/.local/lib/python3.12/site-packages/airflow/example_dags/example_complex.py for tasks to queue
[2026-05-07T20:38:30.485+0000] {logging_mixin.py:188} INFO - [2026-05-07T20:38:30.485+0000] {dagbag.py:545} INFO - Filling up the DagBag from /home/airflow/.local/lib/python3.12/site-packages/airflow/example_dags/example_complex.py
[2026-05-07T20:38:30.499+0000] {processor.py:840} INFO - DAG(s) 'example_complex' retrieved from /home/airflow/.local/lib/python3.12/site-packages/airflow/example_dags/example_complex.py
[2026-05-07T20:38:30.532+0000] {logging_mixin.py:188} INFO - [2026-05-07T20:38:30.532+0000] {dag.py:3096} INFO - Sync 1 DAGs
[2026-05-07T20:38:30.546+0000] {logging_mixin.py:188} INFO - [2026-05-07T20:38:30.546+0000] {dag.py:3954} INFO - Setting next_dagrun for example_complex to None, run_after=None
[2026-05-07T20:38:30.574+0000] {processor.py:183} INFO - Processing /home/airflow/.local/lib/python3.12/site-packages/airflow/example_dags/example_complex.py took 0.102 seconds
[2026-05-07T20:39:00.912+0000] {processor.py:161} INFO - Started process (PID=2604) to work on /home/airflow/.local/lib/python3.12/site-packages/airflow/example_dags/example_complex.py
[2026-05-07T20:39:00.914+0000] {processor.py:830} INFO - Processing file /home/airflow/.local/lib/python3.12/site-packages/airflow/example_dags/example_complex.py for tasks to queue
[2026-05-07T20:39:00.916+0000] {logging_mixin.py:188} INFO - [2026-05-07T20:39:00.916+0000] {dagbag.py:545} INFO - Filling up the DagBag from /home/airflow/.local/lib/python3.12/site-packages/airflow/example_dags/example_complex.py
[2026-05-07T20:39:00.927+0000] {processor.py:840} INFO - DAG(s) 'example_complex' retrieved from /home/airflow/.local/lib/python3.12/site-packages/airflow/example_dags/example_complex.py
[2026-05-07T20:39:00.958+0000] {logging_mixin.py:188} INFO - [2026-05-07T20:39:00.957+0000] {dag.py:3096} INFO - Sync 1 DAGs
[2026-05-07T20:39:00.970+0000] {logging_mixin.py:188} INFO - [2026-05-07T20:39:00.970+0000] {dag.py:3954} INFO - Setting next_dagrun for example_complex to None, run_after=None
[2026-05-07T20:39:01.058+0000] {processor.py:183} INFO - Processing /home/airflow/.local/lib/python3.12/site-packages/airflow/example_dags/example_complex.py took 0.153 seconds
[2026-05-07T20:39:31.730+0000] {processor.py:161} INFO - Started process (PID=2662) to work on /home/airflow/.local/lib/python3.12/site-packages/airflow/example_dags/example_complex.py
[2026-05-07T20:39:31.732+0000] {processor.py:830} INFO - Processing file /home/airflow/.local/lib/python3.12/site-packages/airflow/example_dags/example_complex.py for tasks to queue
[2026-05-07T20:39:31.735+0000] {logging_mixin.py:188} INFO - [2026-05-07T20:39:31.734+0000] {dagbag.py:545} INFO - Filling up the DagBag from /home/airflow/.local/lib/python3.12/site-packages/airflow/example_dags/example_complex.py
[2026-05-07T20:39:31.752+0000] {processor.py:840} INFO - DAG(s) 'example_complex' retrieved from /home/airflow/.local/lib/python3.12/site-packages/airflow/example_dags/example_complex.py
[2026-05-07T20:39:31.813+0000] {logging_mixin.py:188} INFO - [2026-05-07T20:39:31.813+0000] {dag.py:3096} INFO - Sync 1 DAGs
[2026-05-07T20:39:31.843+0000] {logging_mixin.py:188} INFO - [2026-05-07T20:39:31.843+0000] {dag.py:3954} INFO - Setting next_dagrun for example_complex to None, run_after=None
[2026-05-07T20:39:31.884+0000] {processor.py:183} INFO - Processing /home/airflow/.local/lib/python3.12/site-packages/airflow/example_dags/example_complex.py took 0.161 seconds
[2026-05-07T20:40:02.258+0000] {processor.py:161} INFO - Started process (PID=2720) to work on /home/airflow/.local/lib/python3.12/site-packages/airflow/example_dags/example_complex.py
[2026-05-07T20:40:02.260+0000] {processor.py:830} INFO - Processing file /home/airflow/.local/lib/python3.12/site-packages/airflow/example_dags/example_complex.py for tasks to queue
[2026-05-07T20:40:02.263+0000] {logging_mixin.py:188} INFO - [2026-05-07T20:40:02.263+0000] {dagbag.py:545} INFO - Filling up the DagBag from /home/airflow/.local/lib/python3.12/site-packages/airflow/example_dags/example_complex.py
[2026-05-07T20:40:02.279+0000] {processor.py:840} INFO - DAG(s) 'example_complex' retrieved from /home/airflow/.local/lib/python3.12/site-packages/airflow/example_dags/example_complex.py
[2026-05-07T20:40:02.322+0000] {logging_mixin.py:188} INFO - [2026-05-07T20:40:02.321+0000] {dag.py:3096} INFO - Sync 1 DAGs
[2026-05-07T20:40:02.388+0000] {logging_mixin.py:188} INFO - [2026-05-07T20:40:02.387+0000] {dag.py:3954} INFO - Setting next_dagrun for example_complex to None, run_after=None
[2026-05-07T20:40:02.502+0000] {processor.py:183} INFO - Processing /home/airflow/.local/lib/python3.12/site-packages/airflow/example_dags/example_complex.py took 0.252 seconds
[2026-05-07T20:40:33.193+0000] {processor.py:161} INFO - Started process (PID=2784) to work on /home/airflow/.local/lib/python3.12/site-packages/airflow/example_dags/example_complex.py
[2026-05-07T20:40:33.195+0000] {processor.py:830} INFO - Processing file /home/airflow/.local/lib/python3.12/site-packages/airflow/example_dags/example_complex.py for tasks to queue
[2026-05-07T20:40:33.197+0000] {logging_mixin.py:188} INFO - [2026-05-07T20:40:33.197+0000] {dagbag.py:545} INFO - Filling up the DagBag from /home/airflow/.local/lib/python3.12/site-packages/airflow/example_dags/example_complex.py
[2026-05-07T20:40:33.206+0000] {processor.py:840} INFO - DAG(s) 'example_complex' retrieved from /home/airflow/.local/lib/python3.12/site-packages/airflow/example_dags/example_complex.py
[2026-05-07T20:40:33.236+0000] {logging_mixin.py:188} INFO - [2026-05-07T20:40:33.236+0000] {dag.py:3096} INFO - Sync 1 DAGs
[2026-05-07T20:40:33.248+0000] {logging_mixin.py:188} INFO - [2026-05-07T20:40:33.248+0000] {dag.py:3954} INFO - Setting next_dagrun for example_complex to None, run_after=None
[2026-05-07T20:40:33.271+0000] {processor.py:183} INFO - Processing /home/airflow/.local/lib/python3.12/site-packages/airflow/example_dags/example_complex.py took 0.083 seconds
[2026-05-07T20:41:03.782+0000] {processor.py:161} INFO - Started process (PID=2842) to work on /home/airflow/.local/lib/python3.12/site-packages/airflow/example_dags/example_complex.py
[2026-05-07T20:41:03.783+0000] {processor.py:830} INFO - Processing file /home/airflow/.local/lib/python3.12/site-packages/airflow/example_dags/example_complex.py for tasks to queue
[2026-05-07T20:41:03.788+0000] {logging_mixin.py:188} INFO - [2026-05-07T20:41:03.788+0000] {dagbag.py:545} INFO - Filling up the DagBag from /home/airflow/.local/lib/python3.12/site-packages/airflow/example_dags/example_complex.py
[2026-05-07T20:41:03.798+0000] {processor.py:840} INFO - DAG(s) 'example_complex' retrieved from /home/airflow/.local/lib/python3.12/site-packages/airflow/example_dags/example_complex.py
[2026-05-07T20:41:03.841+0000] {logging_mixin.py:188} INFO - [2026-05-07T20:41:03.840+0000] {dag.py:3096} INFO - Sync 1 DAGs
[2026-05-07T20:41:03.863+0000] {logging_mixin.py:188} INFO - [2026-05-07T20:41:03.863+0000] {dag.py:3954} INFO - Setting next_dagrun for example_complex to None, run_after=None
[2026-05-07T20:41:03.897+0000] {processor.py:183} INFO - Processing /home/airflow/.local/lib/python3.12/site-packages/airflow/example_dags/example_complex.py took 0.124 seconds
[2026-05-07T20:41:34.206+0000] {processor.py:161} INFO - Started process (PID=2900) to work on /home/airflow/.local/lib/python3.12/site-packages/airflow/example_dags/example_complex.py
[2026-05-07T20:41:34.208+0000] {processor.py:830} INFO - Processing file /home/airflow/.local/lib/python3.12/site-packages/airflow/example_dags/example_complex.py for tasks to queue
[2026-05-07T20:41:34.210+0000] {logging_mixin.py:188} INFO - [2026-05-07T20:41:34.210+0000] {dagbag.py:545} INFO - Filling up the DagBag from /home/airflow/.local/lib/python3.12/site-packages/airflow/example_dags/example_complex.py
[2026-05-07T20:41:34.220+0000] {processor.py:840} INFO - DAG(s) 'example_complex' retrieved from /home/airflow/.local/lib/python3.12/site-packages/airflow/example_dags/example_complex.py
[2026-05-07T20:41:34.255+0000] {logging_mixin.py:188} INFO - [2026-05-07T20:41:34.255+0000] {dag.py:3096} INFO - Sync 1 DAGs
[2026-05-07T20:41:34.273+0000] {logging_mixin.py:188} INFO - [2026-05-07T20:41:34.273+0000] {dag.py:3954} INFO - Setting next_dagrun for example_complex to None, run_after=None
[2026-05-07T20:41:34.302+0000] {processor.py:183} INFO - Processing /home/airflow/.local/lib/python3.12/site-packages/airflow/example_dags/example_complex.py took 0.102 seconds
[2026-05-07T20:42:04.537+0000] {processor.py:161} INFO - Started process (PID=2958) to work on /home/airflow/.local/lib/python3.12/site-packages/airflow/example_dags/example_complex.py
[2026-05-07T20:42:04.538+0000] {processor.py:830} INFO - Processing file /home/airflow/.local/lib/python3.12/site-packages/airflow/example_dags/example_complex.py for tasks to queue
[2026-05-07T20:42:04.540+0000] {logging_mixin.py:188} INFO - [2026-05-07T20:42:04.540+0000] {dagbag.py:545} INFO - Filling up the DagBag from /home/airflow/.local/lib/python3.12/site-packages/airflow/example_dags/example_complex.py
[2026-05-07T20:42:04.549+0000] {processor.py:840} INFO - DAG(s) 'example_complex' retrieved from /home/airflow/.local/lib/python3.12/site-packages/airflow/example_dags/example_complex.py
[2026-05-07T20:42:04.578+0000] {logging_mixin.py:188} INFO - [2026-05-07T20:42:04.578+0000] {dag.py:3096} INFO - Sync 1 DAGs
[2026-05-07T20:42:04.592+0000] {logging_mixin.py:188} INFO - [2026-05-07T20:42:04.592+0000] {dag.py:3954} INFO - Setting next_dagrun for example_complex to None, run_after=None
[2026-05-07T20:42:04.615+0000] {processor.py:183} INFO - Processing /home/airflow/.local/lib/python3.12/site-packages/airflow/example_dags/example_complex.py took 0.083 seconds
[2026-05-07T20:42:34.957+0000] {processor.py:161} INFO - Started process (PID=3016) to work on /home/airflow/.local/lib/python3.12/site-packages/airflow/example_dags/example_complex.py
[2026-05-07T20:42:34.959+0000] {processor.py:830} INFO - Processing file /home/airflow/.local/lib/python3.12/site-packages/airflow/example_dags/example_complex.py for tasks to queue
[2026-05-07T20:42:34.961+0000] {logging_mixin.py:188} INFO - [2026-05-07T20:42:34.960+0000] {dagbag.py:545} INFO - Filling up the DagBag from /home/airflow/.local/lib/python3.12/site-packages/airflow/example_dags/example_complex.py
[2026-05-07T20:42:34.972+0000] {processor.py:840} INFO - DAG(s) 'example_complex' retrieved from /home/airflow/.local/lib/python3.12/site-packages/airflow/example_dags/example_complex.py
[2026-05-07T20:42:35.000+0000] {logging_mixin.py:188} INFO - [2026-05-07T20:42:35.000+0000] {dag.py:3096} INFO - Sync 1 DAGs
[2026-05-07T20:42:35.012+0000] {logging_mixin.py:188} INFO - [2026-05-07T20:42:35.012+0000] {dag.py:3954} INFO - Setting next_dagrun for example_complex to None, run_after=None
[2026-05-07T20:42:35.035+0000] {processor.py:183} INFO - Processing /home/airflow/.local/lib/python3.12/site-packages/airflow/example_dags/example_complex.py took 0.083 seconds
[2026-05-07T20:43:05.797+0000] {processor.py:161} INFO - Started process (PID=3074) to work on /home/airflow/.local/lib/python3.12/site-packages/airflow/example_dags/example_complex.py
[2026-05-07T20:43:05.798+0000] {processor.py:830} INFO - Processing file /home/airflow/.local/lib/python3.12/site-packages/airflow/example_dags/example_complex.py for tasks to queue
[2026-05-07T20:43:05.800+0000] {logging_mixin.py:188} INFO - [2026-05-07T20:43:05.800+0000] {dagbag.py:545} INFO - Filling up the DagBag from /home/airflow/.local/lib/python3.12/site-packages/airflow/example_dags/example_complex.py
[2026-05-07T20:43:05.812+0000] {processor.py:840} INFO - DAG(s) 'example_complex' retrieved from /home/airflow/.local/lib/python3.12/site-packages/airflow/example_dags/example_complex.py
[2026-05-07T20:43:05.842+0000] {logging_mixin.py:188} INFO - [2026-05-07T20:43:05.841+0000] {dag.py:3096} INFO - Sync 1 DAGs
[2026-05-07T20:43:05.855+0000] {logging_mixin.py:188} INFO - [2026-05-07T20:43:05.854+0000] {dag.py:3954} INFO - Setting next_dagrun for example_complex to None, run_after=None
[2026-05-07T20:43:05.947+0000] {processor.py:183} INFO - Processing /home/airflow/.local/lib/python3.12/site-packages/airflow/example_dags/example_complex.py took 0.157 seconds
[2026-05-07T20:43:36.296+0000] {processor.py:161} INFO - Started process (PID=3132) to work on /home/airflow/.local/lib/python3.12/site-packages/airflow/example_dags/example_complex.py
[2026-05-07T20:43:36.298+0000] {processor.py:830} INFO - Processing file /home/airflow/.local/lib/python3.12/site-packages/airflow/example_dags/example_complex.py for tasks to queue
[2026-05-07T20:43:36.300+0000] {logging_mixin.py:188} INFO - [2026-05-07T20:43:36.300+0000] {dagbag.py:545} INFO - Filling up the DagBag from /home/airflow/.local/lib/python3.12/site-packages/airflow/example_dags/example_complex.py
[2026-05-07T20:43:36.310+0000] {processor.py:840} INFO - DAG(s) 'example_complex' retrieved from /home/airflow/.local/lib/python3.12/site-packages/airflow/example_dags/example_complex.py
[2026-05-07T20:43:36.339+0000] {logging_mixin.py:188} INFO - [2026-05-07T20:43:36.339+0000] {dag.py:3096} INFO - Sync 1 DAGs
[2026-05-07T20:43:36.353+0000] {logging_mixin.py:188} INFO - [2026-05-07T20:43:36.353+0000] {dag.py:3954} INFO - Setting next_dagrun for example_complex to None, run_after=None
[2026-05-07T20:43:36.373+0000] {processor.py:183} INFO - Processing /home/airflow/.local/lib/python3.12/site-packages/airflow/example_dags/example_complex.py took 0.085 seconds
[2026-05-07T20:44:06.918+0000] {processor.py:161} INFO - Started process (PID=3190) to work on /home/airflow/.local/lib/python3.12/site-packages/airflow/example_dags/example_complex.py
[2026-05-07T20:44:06.919+0000] {processor.py:830} INFO - Processing file /home/airflow/.local/lib/python3.12/site-packages/airflow/example_dags/example_complex.py for tasks to queue
[2026-05-07T20:44:06.922+0000] {logging_mixin.py:188} INFO - [2026-05-07T20:44:06.921+0000] {dagbag.py:545} INFO - Filling up the DagBag from /home/airflow/.local/lib/python3.12/site-packages/airflow/example_dags/example_complex.py
[2026-05-07T20:44:06.933+0000] {processor.py:840} INFO - DAG(s) 'example_complex' retrieved from /home/airflow/.local/lib/python3.12/site-packages/airflow/example_dags/example_complex.py
[2026-05-07T20:44:06.961+0000] {logging_mixin.py:188} INFO - [2026-05-07T20:44:06.960+0000] {dag.py:3096} INFO - Sync 1 DAGs
[2026-05-07T20:44:06.974+0000] {logging_mixin.py:188} INFO - [2026-05-07T20:44:06.974+0000] {dag.py:3954} INFO - Setting next_dagrun for example_complex to None, run_after=None
[2026-05-07T20:44:06.995+0000] {processor.py:183} INFO - Processing /home/airflow/.local/lib/python3.12/site-packages/airflow/example_dags/example_complex.py took 0.083 seconds
[2026-05-07T20:44:37.997+0000] {processor.py:161} INFO - Started process (PID=3248) to work on /home/airflow/.local/lib/python3.12/site-packages/airflow/example_dags/example_complex.py
[2026-05-07T20:44:37.999+0000] {processor.py:830} INFO - Processing file /home/airflow/.local/lib/python3.12/site-packages/airflow/example_dags/example_complex.py for tasks to queue
[2026-05-07T20:44:38.001+0000] {logging_mixin.py:188} INFO - [2026-05-07T20:44:38.000+0000] {dagbag.py:545} INFO - Filling up the DagBag from /home/airflow/.local/lib/python3.12/site-packages/airflow/example_dags/example_complex.py
[2026-05-07T20:44:38.009+0000] {processor.py:840} INFO - DAG(s) 'example_complex' retrieved from /home/airflow/.local/lib/python3.12/site-packages/airflow/example_dags/example_complex.py
[2026-05-07T20:44:38.036+0000] {logging_mixin.py:188} INFO - [2026-05-07T20:44:38.035+0000] {dag.py:3096} INFO - Sync 1 DAGs
[2026-05-07T20:44:38.046+0000] {logging_mixin.py:188} INFO - [2026-05-07T20:44:38.046+0000] {dag.py:3954} INFO - Setting next_dagrun for example_complex to None, run_after=None
[2026-05-07T20:44:38.068+0000] {processor.py:183} INFO - Processing /home/airflow/.local/lib/python3.12/site-packages/airflow/example_dags/example_complex.py took 0.076 seconds
[2026-05-07T20:45:08.629+0000] {processor.py:161} INFO - Started process (PID=3306) to work on /home/airflow/.local/lib/python3.12/site-packages/airflow/example_dags/example_complex.py
[2026-05-07T20:45:08.631+0000] {processor.py:830} INFO - Processing file /home/airflow/.local/lib/python3.12/site-packages/airflow/example_dags/example_complex.py for tasks to queue
[2026-05-07T20:45:08.634+0000] {logging_mixin.py:188} INFO - [2026-05-07T20:45:08.633+0000] {dagbag.py:545} INFO - Filling up the DagBag from /home/airflow/.local/lib/python3.12/site-packages/airflow/example_dags/example_complex.py
[2026-05-07T20:45:08.644+0000] {processor.py:840} INFO - DAG(s) 'example_complex' retrieved from /home/airflow/.local/lib/python3.12/site-packages/airflow/example_dags/example_complex.py
[2026-05-07T20:45:08.669+0000] {logging_mixin.py:188} INFO - [2026-05-07T20:45:08.669+0000] {dag.py:3096} INFO - Sync 1 DAGs
[2026-05-07T20:45:08.679+0000] {logging_mixin.py:188} INFO - [2026-05-07T20:45:08.679+0000] {dag.py:3954} INFO - Setting next_dagrun for example_complex to None, run_after=None
[2026-05-07T20:45:08.770+0000] {processor.py:183} INFO - Processing /home/airflow/.local/lib/python3.12/site-packages/airflow/example_dags/example_complex.py took 0.147 seconds
[2026-05-07T20:45:39.009+0000] {processor.py:161} INFO - Started process (PID=3364) to work on /home/airflow/.local/lib/python3.12/site-packages/airflow/example_dags/example_complex.py
[2026-05-07T20:45:39.010+0000] {processor.py:830} INFO - Processing file /home/airflow/.local/lib/python3.12/site-packages/airflow/example_dags/example_complex.py for tasks to queue
[2026-05-07T20:45:39.012+0000] {logging_mixin.py:188} INFO - [2026-05-07T20:45:39.012+0000] {dagbag.py:545} INFO - Filling up the DagBag from /home/airflow/.local/lib/python3.12/site-packages/airflow/example_dags/example_complex.py
[2026-05-07T20:45:39.021+0000] {processor.py:840} INFO - DAG(s) 'example_complex' retrieved from /home/airflow/.local/lib/python3.12/site-packages/airflow/example_dags/example_complex.py
[2026-05-07T20:45:39.058+0000] {logging_mixin.py:188} INFO - [2026-05-07T20:45:39.058+0000] {dag.py:3096} INFO - Sync 1 DAGs
[2026-05-07T20:45:39.074+0000] {logging_mixin.py:188} INFO - [2026-05-07T20:45:39.074+0000] {dag.py:3954} INFO - Setting next_dagrun for example_complex to None, run_after=None
[2026-05-07T20:45:39.105+0000] {processor.py:183} INFO - Processing /home/airflow/.local/lib/python3.12/site-packages/airflow/example_dags/example_complex.py took 0.102 seconds
[2026-05-07T20:46:09.713+0000] {processor.py:161} INFO - Started process (PID=3422) to work on /home/airflow/.local/lib/python3.12/site-packages/airflow/example_dags/example_complex.py
[2026-05-07T20:46:09.715+0000] {processor.py:830} INFO - Processing file /home/airflow/.local/lib/python3.12/site-packages/airflow/example_dags/example_complex.py for tasks to queue
[2026-05-07T20:46:09.718+0000] {logging_mixin.py:188} INFO - [2026-05-07T20:46:09.717+0000] {dagbag.py:545} INFO - Filling up the DagBag from /home/airflow/.local/lib/python3.12/site-packages/airflow/example_dags/example_complex.py
[2026-05-07T20:46:09.727+0000] {processor.py:840} INFO - DAG(s) 'example_complex' retrieved from /home/airflow/.local/lib/python3.12/site-packages/airflow/example_dags/example_complex.py
[2026-05-07T20:46:09.757+0000] {logging_mixin.py:188} INFO - [2026-05-07T20:46:09.757+0000] {dag.py:3096} INFO - Sync 1 DAGs
[2026-05-07T20:46:09.771+0000] {logging_mixin.py:188} INFO - [2026-05-07T20:46:09.771+0000] {dag.py:3954} INFO - Setting next_dagrun for example_complex to None, run_after=None
[2026-05-07T20:46:09.790+0000] {processor.py:183} INFO - Processing /home/airflow/.local/lib/python3.12/site-packages/airflow/example_dags/example_complex.py took 0.083 seconds
[2026-05-07T20:46:41.928+0000] {processor.py:161} INFO - Started process (PID=3480) to work on /home/airflow/.local/lib/python3.12/site-packages/airflow/example_dags/example_complex.py
[2026-05-07T20:46:41.930+0000] {processor.py:830} INFO - Processing file /home/airflow/.local/lib/python3.12/site-packages/airflow/example_dags/example_complex.py for tasks to queue
[2026-05-07T20:46:41.937+0000] {logging_mixin.py:188} INFO - [2026-05-07T20:46:41.935+0000] {dagbag.py:545} INFO - Filling up the DagBag from /home/airflow/.local/lib/python3.12/site-packages/airflow/example_dags/example_complex.py
[2026-05-07T20:46:41.961+0000] {processor.py:840} INFO - DAG(s) 'example_complex' retrieved from /home/airflow/.local/lib/python3.12/site-packages/airflow/example_dags/example_complex.py
[2026-05-07T20:46:42.098+0000] {logging_mixin.py:188} INFO - [2026-05-07T20:46:42.097+0000] {dag.py:3096} INFO - Sync 1 DAGs
[2026-05-07T20:46:42.142+0000] {logging_mixin.py:188} INFO - [2026-05-07T20:46:42.141+0000] {dag.py:3954} INFO - Setting next_dagrun for example_complex to None, run_after=None
[2026-05-07T20:46:42.202+0000] {processor.py:183} INFO - Processing /home/airflow/.local/lib/python3.12/site-packages/airflow/example_dags/example_complex.py took 0.480 seconds
[2026-05-07T20:47:13.107+0000] {processor.py:161} INFO - Started process (PID=3539) to work on /home/airflow/.local/lib/python3.12/site-packages/airflow/example_dags/example_complex.py
[2026-05-07T20:47:13.115+0000] {processor.py:830} INFO - Processing file /home/airflow/.local/lib/python3.12/site-packages/airflow/example_dags/example_complex.py for tasks to queue
[2026-05-07T20:47:13.118+0000] {logging_mixin.py:188} INFO - [2026-05-07T20:47:13.117+0000] {dagbag.py:545} INFO - Filling up the DagBag from /home/airflow/.local/lib/python3.12/site-packages/airflow/example_dags/example_complex.py
[2026-05-07T20:47:13.133+0000] {processor.py:840} INFO - DAG(s) 'example_complex' retrieved from /home/airflow/.local/lib/python3.12/site-packages/airflow/example_dags/example_complex.py
[2026-05-07T20:47:13.176+0000] {logging_mixin.py:188} INFO - [2026-05-07T20:47:13.175+0000] {dag.py:3096} INFO - Sync 1 DAGs
[2026-05-07T20:47:13.193+0000] {logging_mixin.py:188} INFO - [2026-05-07T20:47:13.193+0000] {dag.py:3954} INFO - Setting next_dagrun for example_complex to None, run_after=None
[2026-05-07T20:47:13.223+0000] {processor.py:183} INFO - Processing /home/airflow/.local/lib/python3.12/site-packages/airflow/example_dags/example_complex.py took 0.127 seconds
[2026-05-07T20:47:43.305+0000] {processor.py:161} INFO - Started process (PID=3597) to work on /home/airflow/.local/lib/python3.12/site-packages/airflow/example_dags/example_complex.py
[2026-05-07T20:47:43.307+0000] {processor.py:830} INFO - Processing file /home/airflow/.local/lib/python3.12/site-packages/airflow/example_dags/example_complex.py for tasks to queue
[2026-05-07T20:47:43.309+0000] {logging_mixin.py:188} INFO - [2026-05-07T20:47:43.309+0000] {dagbag.py:545} INFO - Filling up the DagBag from /home/airflow/.local/lib/python3.12/site-packages/airflow/example_dags/example_complex.py
[2026-05-07T20:47:43.324+0000] {processor.py:840} INFO - DAG(s) 'example_complex' retrieved from /home/airflow/.local/lib/python3.12/site-packages/airflow/example_dags/example_complex.py
[2026-05-07T20:47:43.358+0000] {logging_mixin.py:188} INFO - [2026-05-07T20:47:43.357+0000] {dag.py:3096} INFO - Sync 1 DAGs
[2026-05-07T20:47:43.372+0000] {logging_mixin.py:188} INFO - [2026-05-07T20:47:43.372+0000] {dag.py:3954} INFO - Setting next_dagrun for example_complex to None, run_after=None
[2026-05-07T20:47:43.472+0000] {processor.py:183} INFO - Processing /home/airflow/.local/lib/python3.12/site-packages/airflow/example_dags/example_complex.py took 0.174 seconds
[2026-05-07T20:48:13.854+0000] {processor.py:161} INFO - Started process (PID=3655) to work on /home/airflow/.local/lib/python3.12/site-packages/airflow/example_dags/example_complex.py
[2026-05-07T20:48:13.856+0000] {processor.py:830} INFO - Processing file /home/airflow/.local/lib/python3.12/site-packages/airflow/example_dags/example_complex.py for tasks to queue
[2026-05-07T20:48:13.859+0000] {logging_mixin.py:188} INFO - [2026-05-07T20:48:13.859+0000] {dagbag.py:545} INFO - Filling up the DagBag from /home/airflow/.local/lib/python3.12/site-packages/airflow/example_dags/example_complex.py
[2026-05-07T20:48:13.869+0000] {processor.py:840} INFO - DAG(s) 'example_complex' retrieved from /home/airflow/.local/lib/python3.12/site-packages/airflow/example_dags/example_complex.py
[2026-05-07T20:48:13.904+0000] {logging_mixin.py:188} INFO - [2026-05-07T20:48:13.904+0000] {dag.py:3096} INFO - Sync 1 DAGs
[2026-05-07T20:48:13.917+0000] {logging_mixin.py:188} INFO - [2026-05-07T20:48:13.917+0000] {dag.py:3954} INFO - Setting next_dagrun for example_complex to None, run_after=None
[2026-05-07T20:48:13.942+0000] {processor.py:183} INFO - Processing /home/airflow/.local/lib/python3.12/site-packages/airflow/example_dags/example_complex.py took 0.095 seconds
[2026-05-07T20:48:44.209+0000] {processor.py:161} INFO - Started process (PID=3713) to work on /home/airflow/.local/lib/python3.12/site-packages/airflow/example_dags/example_complex.py
[2026-05-07T20:48:44.210+0000] {processor.py:830} INFO - Processing file /home/airflow/.local/lib/python3.12/site-packages/airflow/example_dags/example_complex.py for tasks to queue
[2026-05-07T20:48:44.213+0000] {logging_mixin.py:188} INFO - [2026-05-07T20:48:44.213+0000] {dagbag.py:545} INFO - Filling up the DagBag from /home/airflow/.local/lib/python3.12/site-packages/airflow/example_dags/example_complex.py
[2026-05-07T20:48:44.229+0000] {processor.py:840} INFO - DAG(s) 'example_complex' retrieved from /home/airflow/.local/lib/python3.12/site-packages/airflow/example_dags/example_complex.py
[2026-05-07T20:48:44.266+0000] {logging_mixin.py:188} INFO - [2026-05-07T20:48:44.266+0000] {dag.py:3096} INFO - Sync 1 DAGs
[2026-05-07T20:48:44.280+0000] {logging_mixin.py:188} INFO - [2026-05-07T20:48:44.280+0000] {dag.py:3954} INFO - Setting next_dagrun for example_complex to None, run_after=None
[2026-05-07T20:48:44.373+0000] {processor.py:183} INFO - Processing /home/airflow/.local/lib/python3.12/site-packages/airflow/example_dags/example_complex.py took 0.174 seconds
[2026-05-07T20:49:15.091+0000] {processor.py:161} INFO - Started process (PID=3771) to work on /home/airflow/.local/lib/python3.12/site-packages/airflow/example_dags/example_complex.py
[2026-05-07T20:49:15.094+0000] {processor.py:830} INFO - Processing file /home/airflow/.local/lib/python3.12/site-packages/airflow/example_dags/example_complex.py for tasks to queue
[2026-05-07T20:49:15.097+0000] {logging_mixin.py:188} INFO - [2026-05-07T20:49:15.097+0000] {dagbag.py:545} INFO - Filling up the DagBag from /home/airflow/.local/lib/python3.12/site-packages/airflow/example_dags/example_complex.py
[2026-05-07T20:49:15.109+0000] {processor.py:840} INFO - DAG(s) 'example_complex' retrieved from /home/airflow/.local/lib/python3.12/site-packages/airflow/example_dags/example_complex.py
[2026-05-07T20:49:15.143+0000] {logging_mixin.py:188} INFO - [2026-05-07T20:49:15.143+0000] {dag.py:3096} INFO - Sync 1 DAGs
[2026-05-07T20:49:15.155+0000] {logging_mixin.py:188} INFO - [2026-05-07T20:49:15.155+0000] {dag.py:3954} INFO - Setting next_dagrun for example_complex to None, run_after=None
[2026-05-07T20:49:15.259+0000] {processor.py:183} INFO - Processing /home/airflow/.local/lib/python3.12/site-packages/airflow/example_dags/example_complex.py took 0.178 seconds
[2026-05-07T20:49:45.462+0000] {processor.py:161} INFO - Started process (PID=3829) to work on /home/airflow/.local/lib/python3.12/site-packages/airflow/example_dags/example_complex.py
[2026-05-07T20:49:45.465+0000] {processor.py:830} INFO - Processing file /home/airflow/.local/lib/python3.12/site-packages/airflow/example_dags/example_complex.py for tasks to queue
[2026-05-07T20:49:45.469+0000] {logging_mixin.py:188} INFO - [2026-05-07T20:49:45.468+0000] {dagbag.py:545} INFO - Filling up the DagBag from /home/airflow/.local/lib/python3.12/site-packages/airflow/example_dags/example_complex.py
[2026-05-07T20:49:45.485+0000] {processor.py:840} INFO - DAG(s) 'example_complex' retrieved from /home/airflow/.local/lib/python3.12/site-packages/airflow/example_dags/example_complex.py
[2026-05-07T20:49:45.518+0000] {logging_mixin.py:188} INFO - [2026-05-07T20:49:45.517+0000] {dag.py:3096} INFO - Sync 1 DAGs
[2026-05-07T20:49:45.530+0000] {logging_mixin.py:188} INFO - [2026-05-07T20:49:45.529+0000] {dag.py:3954} INFO - Setting next_dagrun for example_complex to None, run_after=None
[2026-05-07T20:49:45.560+0000] {processor.py:183} INFO - Processing /home/airflow/.local/lib/python3.12/site-packages/airflow/example_dags/example_complex.py took 0.112 seconds
[2026-05-07T20:50:16.251+0000] {processor.py:161} INFO - Started process (PID=3887) to work on /home/airflow/.local/lib/python3.12/site-packages/airflow/example_dags/example_complex.py
[2026-05-07T20:50:16.253+0000] {processor.py:830} INFO - Processing file /home/airflow/.local/lib/python3.12/site-packages/airflow/example_dags/example_complex.py for tasks to queue
[2026-05-07T20:50:16.256+0000] {logging_mixin.py:188} INFO - [2026-05-07T20:50:16.255+0000] {dagbag.py:545} INFO - Filling up the DagBag from /home/airflow/.local/lib/python3.12/site-packages/airflow/example_dags/example_complex.py
[2026-05-07T20:50:16.268+0000] {processor.py:840} INFO - DAG(s) 'example_complex' retrieved from /home/airflow/.local/lib/python3.12/site-packages/airflow/example_dags/example_complex.py
[2026-05-07T20:50:16.301+0000] {logging_mixin.py:188} INFO - [2026-05-07T20:50:16.301+0000] {dag.py:3096} INFO - Sync 1 DAGs
[2026-05-07T20:50:16.315+0000] {logging_mixin.py:188} INFO - [2026-05-07T20:50:16.315+0000] {dag.py:3954} INFO - Setting next_dagrun for example_complex to None, run_after=None
[2026-05-07T20:50:16.418+0000] {processor.py:183} INFO - Processing /home/airflow/.local/lib/python3.12/site-packages/airflow/example_dags/example_complex.py took 0.175 seconds
[2026-05-07T20:50:46.578+0000] {processor.py:161} INFO - Started process (PID=3945) to work on /home/airflow/.local/lib/python3.12/site-packages/airflow/example_dags/example_complex.py
[2026-05-07T20:50:46.580+0000] {processor.py:830} INFO - Processing file /home/airflow/.local/lib/python3.12/site-packages/airflow/example_dags/example_complex.py for tasks to queue
[2026-05-07T20:50:46.583+0000] {logging_mixin.py:188} INFO - [2026-05-07T20:50:46.583+0000] {dagbag.py:545} INFO - Filling up the DagBag from /home/airflow/.local/lib/python3.12/site-packages/airflow/example_dags/example_complex.py
[2026-05-07T20:50:46.594+0000] {processor.py:840} INFO - DAG(s) 'example_complex' retrieved from /home/airflow/.local/lib/python3.12/site-packages/airflow/example_dags/example_complex.py
[2026-05-07T20:50:46.631+0000] {logging_mixin.py:188} INFO - [2026-05-07T20:50:46.630+0000] {dag.py:3096} INFO - Sync 1 DAGs
[2026-05-07T20:50:46.645+0000] {logging_mixin.py:188} INFO - [2026-05-07T20:50:46.645+0000] {dag.py:3954} INFO - Setting next_dagrun for example_complex to None, run_after=None
[2026-05-07T20:50:46.666+0000] {processor.py:183} INFO - Processing /home/airflow/.local/lib/python3.12/site-packages/airflow/example_dags/example_complex.py took 0.099 seconds
[2026-05-07T20:51:17.215+0000] {processor.py:161} INFO - Started process (PID=4003) to work on /home/airflow/.local/lib/python3.12/site-packages/airflow/example_dags/example_complex.py
[2026-05-07T20:51:17.218+0000] {processor.py:830} INFO - Processing file /home/airflow/.local/lib/python3.12/site-packages/airflow/example_dags/example_complex.py for tasks to queue
[2026-05-07T20:51:17.222+0000] {logging_mixin.py:188} INFO - [2026-05-07T20:51:17.221+0000] {dagbag.py:545} INFO - Filling up the DagBag from /home/airflow/.local/lib/python3.12/site-packages/airflow/example_dags/example_complex.py
[2026-05-07T20:51:17.235+0000] {processor.py:840} INFO - DAG(s) 'example_complex' retrieved from /home/airflow/.local/lib/python3.12/site-packages/airflow/example_dags/example_complex.py
[2026-05-07T20:51:17.275+0000] {logging_mixin.py:188} INFO - [2026-05-07T20:51:17.274+0000] {dag.py:3096} INFO - Sync 1 DAGs
[2026-05-07T20:51:17.288+0000] {logging_mixin.py:188} INFO - [2026-05-07T20:51:17.288+0000] {dag.py:3954} INFO - Setting next_dagrun for example_complex to None, run_after=None
[2026-05-07T20:51:17.352+0000] {processor.py:183} INFO - Processing /home/airflow/.local/lib/python3.12/site-packages/airflow/example_dags/example_complex.py took 0.151 seconds
[2026-05-07T20:51:47.870+0000] {processor.py:161} INFO - Started process (PID=4062) to work on /home/airflow/.local/lib/python3.12/site-packages/airflow/example_dags/example_complex.py
[2026-05-07T20:51:47.872+0000] {processor.py:830} INFO - Processing file /home/airflow/.local/lib/python3.12/site-packages/airflow/example_dags/example_complex.py for tasks to queue
[2026-05-07T20:51:47.874+0000] {logging_mixin.py:188} INFO - [2026-05-07T20:51:47.874+0000] {dagbag.py:545} INFO - Filling up the DagBag from /home/airflow/.local/lib/python3.12/site-packages/airflow/example_dags/example_complex.py
[2026-05-07T20:51:47.887+0000] {processor.py:840} INFO - DAG(s) 'example_complex' retrieved from /home/airflow/.local/lib/python3.12/site-packages/airflow/example_dags/example_complex.py
[2026-05-07T20:51:47.920+0000] {logging_mixin.py:188} INFO - [2026-05-07T20:51:47.919+0000] {dag.py:3096} INFO - Sync 1 DAGs
[2026-05-07T20:51:47.932+0000] {logging_mixin.py:188} INFO - [2026-05-07T20:51:47.932+0000] {dag.py:3954} INFO - Setting next_dagrun for example_complex to None, run_after=None
[2026-05-07T20:51:48.024+0000] {processor.py:183} INFO - Processing /home/airflow/.local/lib/python3.12/site-packages/airflow/example_dags/example_complex.py took 0.160 seconds
[2026-05-07T20:52:18.160+0000] {processor.py:161} INFO - Started process (PID=4120) to work on /home/airflow/.local/lib/python3.12/site-packages/airflow/example_dags/example_complex.py
[2026-05-07T20:52:18.162+0000] {processor.py:830} INFO - Processing file /home/airflow/.local/lib/python3.12/site-packages/airflow/example_dags/example_complex.py for tasks to queue
[2026-05-07T20:52:18.164+0000] {logging_mixin.py:188} INFO - [2026-05-07T20:52:18.164+0000] {dagbag.py:545} INFO - Filling up the DagBag from /home/airflow/.local/lib/python3.12/site-packages/airflow/example_dags/example_complex.py
[2026-05-07T20:52:18.174+0000] {processor.py:840} INFO - DAG(s) 'example_complex' retrieved from /home/airflow/.local/lib/python3.12/site-packages/airflow/example_dags/example_complex.py
[2026-05-07T20:52:18.204+0000] {logging_mixin.py:188} INFO - [2026-05-07T20:52:18.204+0000] {dag.py:3096} INFO - Sync 1 DAGs
[2026-05-07T20:52:18.217+0000] {logging_mixin.py:188} INFO - [2026-05-07T20:52:18.217+0000] {dag.py:3954} INFO - Setting next_dagrun for example_complex to None, run_after=None
[2026-05-07T20:52:18.316+0000] {processor.py:183} INFO - Processing /home/airflow/.local/lib/python3.12/site-packages/airflow/example_dags/example_complex.py took 0.162 seconds
[2026-05-07T20:52:48.582+0000] {processor.py:161} INFO - Started process (PID=4178) to work on /home/airflow/.local/lib/python3.12/site-packages/airflow/example_dags/example_complex.py
[2026-05-07T20:52:48.584+0000] {processor.py:830} INFO - Processing file /home/airflow/.local/lib/python3.12/site-packages/airflow/example_dags/example_complex.py for tasks to queue
[2026-05-07T20:52:48.587+0000] {logging_mixin.py:188} INFO - [2026-05-07T20:52:48.586+0000] {dagbag.py:545} INFO - Filling up the DagBag from /home/airflow/.local/lib/python3.12/site-packages/airflow/example_dags/example_complex.py
[2026-05-07T20:52:48.598+0000] {processor.py:840} INFO - DAG(s) 'example_complex' retrieved from /home/airflow/.local/lib/python3.12/site-packages/airflow/example_dags/example_complex.py
[2026-05-07T20:52:48.646+0000] {logging_mixin.py:188} INFO - [2026-05-07T20:52:48.645+0000] {dag.py:3096} INFO - Sync 1 DAGs
[2026-05-07T20:52:48.664+0000] {logging_mixin.py:188} INFO - [2026-05-07T20:52:48.664+0000] {dag.py:3954} INFO - Setting next_dagrun for example_complex to None, run_after=None
[2026-05-07T20:52:48.692+0000] {processor.py:183} INFO - Processing /home/airflow/.local/lib/python3.12/site-packages/airflow/example_dags/example_complex.py took 0.120 seconds
[2026-05-07T20:53:18.928+0000] {processor.py:161} INFO - Started process (PID=4236) to work on /home/airflow/.local/lib/python3.12/site-packages/airflow/example_dags/example_complex.py
[2026-05-07T20:53:18.930+0000] {processor.py:830} INFO - Processing file /home/airflow/.local/lib/python3.12/site-packages/airflow/example_dags/example_complex.py for tasks to queue
[2026-05-07T20:53:18.934+0000] {logging_mixin.py:188} INFO - [2026-05-07T20:53:18.934+0000] {dagbag.py:545} INFO - Filling up the DagBag from /home/airflow/.local/lib/python3.12/site-packages/airflow/example_dags/example_complex.py
[2026-05-07T20:53:18.948+0000] {processor.py:840} INFO - DAG(s) 'example_complex' retrieved from /home/airflow/.local/lib/python3.12/site-packages/airflow/example_dags/example_complex.py
[2026-05-07T20:53:18.990+0000] {logging_mixin.py:188} INFO - [2026-05-07T20:53:18.990+0000] {dag.py:3096} INFO - Sync 1 DAGs
[2026-05-07T20:53:19.009+0000] {logging_mixin.py:188} INFO - [2026-05-07T20:53:19.009+0000] {dag.py:3954} INFO - Setting next_dagrun for example_complex to None, run_after=None
[2026-05-07T20:53:19.037+0000] {processor.py:183} INFO - Processing /home/airflow/.local/lib/python3.12/site-packages/airflow/example_dags/example_complex.py took 0.118 seconds
[2026-05-07T20:53:49.216+0000] {processor.py:161} INFO - Started process (PID=4294) to work on /home/airflow/.local/lib/python3.12/site-packages/airflow/example_dags/example_complex.py
[2026-05-07T20:53:49.218+0000] {processor.py:830} INFO - Processing file /home/airflow/.local/lib/python3.12/site-packages/airflow/example_dags/example_complex.py for tasks to queue
[2026-05-07T20:53:49.221+0000] {logging_mixin.py:188} INFO - [2026-05-07T20:53:49.221+0000] {dagbag.py:545} INFO - Filling up the DagBag from /home/airflow/.local/lib/python3.12/site-packages/airflow/example_dags/example_complex.py
[2026-05-07T20:53:49.233+0000] {processor.py:840} INFO - DAG(s) 'example_complex' retrieved from /home/airflow/.local/lib/python3.12/site-packages/airflow/example_dags/example_complex.py
[2026-05-07T20:53:49.266+0000] {logging_mixin.py:188} INFO - [2026-05-07T20:53:49.266+0000] {dag.py:3096} INFO - Sync 1 DAGs
[2026-05-07T20:53:49.280+0000] {logging_mixin.py:188} INFO - [2026-05-07T20:53:49.280+0000] {dag.py:3954} INFO - Setting next_dagrun for example_complex to None, run_after=None
[2026-05-07T20:53:49.305+0000] {processor.py:183} INFO - Processing /home/airflow/.local/lib/python3.12/site-packages/airflow/example_dags/example_complex.py took 0.100 seconds
[2026-05-07T20:54:19.966+0000] {processor.py:161} INFO - Started process (PID=4352) to work on /home/airflow/.local/lib/python3.12/site-packages/airflow/example_dags/example_complex.py
[2026-05-07T20:54:19.967+0000] {processor.py:830} INFO - Processing file /home/airflow/.local/lib/python3.12/site-packages/airflow/example_dags/example_complex.py for tasks to queue
[2026-05-07T20:54:19.969+0000] {logging_mixin.py:188} INFO - [2026-05-07T20:54:19.969+0000] {dagbag.py:545} INFO - Filling up the DagBag from /home/airflow/.local/lib/python3.12/site-packages/airflow/example_dags/example_complex.py
[2026-05-07T20:54:19.979+0000] {processor.py:840} INFO - DAG(s) 'example_complex' retrieved from /home/airflow/.local/lib/python3.12/site-packages/airflow/example_dags/example_complex.py
[2026-05-07T20:54:20.011+0000] {logging_mixin.py:188} INFO - [2026-05-07T20:54:20.011+0000] {dag.py:3096} INFO - Sync 1 DAGs
[2026-05-07T20:54:20.024+0000] {logging_mixin.py:188} INFO - [2026-05-07T20:54:20.024+0000] {dag.py:3954} INFO - Setting next_dagrun for example_complex to None, run_after=None
[2026-05-07T20:54:20.050+0000] {processor.py:183} INFO - Processing /home/airflow/.local/lib/python3.12/site-packages/airflow/example_dags/example_complex.py took 0.092 seconds
[2026-05-07T20:54:50.427+0000] {processor.py:161} INFO - Started process (PID=4410) to work on /home/airflow/.local/lib/python3.12/site-packages/airflow/example_dags/example_complex.py
[2026-05-07T20:54:50.429+0000] {processor.py:830} INFO - Processing file /home/airflow/.local/lib/python3.12/site-packages/airflow/example_dags/example_complex.py for tasks to queue
[2026-05-07T20:54:50.431+0000] {logging_mixin.py:188} INFO - [2026-05-07T20:54:50.431+0000] {dagbag.py:545} INFO - Filling up the DagBag from /home/airflow/.local/lib/python3.12/site-packages/airflow/example_dags/example_complex.py
[2026-05-07T20:54:50.441+0000] {processor.py:840} INFO - DAG(s) 'example_complex' retrieved from /home/airflow/.local/lib/python3.12/site-packages/airflow/example_dags/example_complex.py
[2026-05-07T20:54:50.469+0000] {logging_mixin.py:188} INFO - [2026-05-07T20:54:50.469+0000] {dag.py:3096} INFO - Sync 1 DAGs
[2026-05-07T20:54:50.480+0000] {logging_mixin.py:188} INFO - [2026-05-07T20:54:50.480+0000] {dag.py:3954} INFO - Setting next_dagrun for example_complex to None, run_after=None
[2026-05-07T20:54:50.502+0000] {processor.py:183} INFO - Processing /home/airflow/.local/lib/python3.12/site-packages/airflow/example_dags/example_complex.py took 0.082 seconds
[2026-05-07T20:55:20.586+0000] {processor.py:161} INFO - Started process (PID=4468) to work on /home/airflow/.local/lib/python3.12/site-packages/airflow/example_dags/example_complex.py
[2026-05-07T20:55:20.588+0000] {processor.py:830} INFO - Processing file /home/airflow/.local/lib/python3.12/site-packages/airflow/example_dags/example_complex.py for tasks to queue
[2026-05-07T20:55:20.591+0000] {logging_mixin.py:188} INFO - [2026-05-07T20:55:20.591+0000] {dagbag.py:545} INFO - Filling up the DagBag from /home/airflow/.local/lib/python3.12/site-packages/airflow/example_dags/example_complex.py
[2026-05-07T20:55:20.604+0000] {processor.py:840} INFO - DAG(s) 'example_complex' retrieved from /home/airflow/.local/lib/python3.12/site-packages/airflow/example_dags/example_complex.py
[2026-05-07T20:55:20.649+0000] {logging_mixin.py:188} INFO - [2026-05-07T20:55:20.648+0000] {dag.py:3096} INFO - Sync 1 DAGs
[2026-05-07T20:55:20.668+0000] {logging_mixin.py:188} INFO - [2026-05-07T20:55:20.667+0000] {dag.py:3954} INFO - Setting next_dagrun for example_complex to None, run_after=None
[2026-05-07T20:55:20.712+0000] {processor.py:183} INFO - Processing /home/airflow/.local/lib/python3.12/site-packages/airflow/example_dags/example_complex.py took 0.133 seconds
[2026-05-07T20:55:51.170+0000] {processor.py:161} INFO - Started process (PID=4526) to work on /home/airflow/.local/lib/python3.12/site-packages/airflow/example_dags/example_complex.py
[2026-05-07T20:55:51.172+0000] {processor.py:830} INFO - Processing file /home/airflow/.local/lib/python3.12/site-packages/airflow/example_dags/example_complex.py for tasks to queue
[2026-05-07T20:55:51.174+0000] {logging_mixin.py:188} INFO - [2026-05-07T20:55:51.174+0000] {dagbag.py:545} INFO - Filling up the DagBag from /home/airflow/.local/lib/python3.12/site-packages/airflow/example_dags/example_complex.py
[2026-05-07T20:55:51.184+0000] {processor.py:840} INFO - DAG(s) 'example_complex' retrieved from /home/airflow/.local/lib/python3.12/site-packages/airflow/example_dags/example_complex.py
[2026-05-07T20:55:51.211+0000] {logging_mixin.py:188} INFO - [2026-05-07T20:55:51.211+0000] {dag.py:3096} INFO - Sync 1 DAGs
[2026-05-07T20:55:51.222+0000] {logging_mixin.py:188} INFO - [2026-05-07T20:55:51.222+0000] {dag.py:3954} INFO - Setting next_dagrun for example_complex to None, run_after=None
[2026-05-07T20:55:51.318+0000] {processor.py:183} INFO - Processing /home/airflow/.local/lib/python3.12/site-packages/airflow/example_dags/example_complex.py took 0.153 seconds
[2026-05-07T20:56:22.256+0000] {processor.py:161} INFO - Started process (PID=4584) to work on /home/airflow/.local/lib/python3.12/site-packages/airflow/example_dags/example_complex.py
[2026-05-07T20:56:22.258+0000] {processor.py:830} INFO - Processing file /home/airflow/.local/lib/python3.12/site-packages/airflow/example_dags/example_complex.py for tasks to queue
[2026-05-07T20:56:22.260+0000] {logging_mixin.py:188} INFO - [2026-05-07T20:56:22.260+0000] {dagbag.py:545} INFO - Filling up the DagBag from /home/airflow/.local/lib/python3.12/site-packages/airflow/example_dags/example_complex.py
[2026-05-07T20:56:22.270+0000] {processor.py:840} INFO - DAG(s) 'example_complex' retrieved from /home/airflow/.local/lib/python3.12/site-packages/airflow/example_dags/example_complex.py
[2026-05-07T20:56:22.300+0000] {logging_mixin.py:188} INFO - [2026-05-07T20:56:22.300+0000] {dag.py:3096} INFO - Sync 1 DAGs
[2026-05-07T20:56:22.313+0000] {logging_mixin.py:188} INFO - [2026-05-07T20:56:22.313+0000] {dag.py:3954} INFO - Setting next_dagrun for example_complex to None, run_after=None
[2026-05-07T20:56:22.415+0000] {processor.py:183} INFO - Processing /home/airflow/.local/lib/python3.12/site-packages/airflow/example_dags/example_complex.py took 0.166 seconds
[2026-05-07T20:56:52.621+0000] {processor.py:161} INFO - Started process (PID=4642) to work on /home/airflow/.local/lib/python3.12/site-packages/airflow/example_dags/example_complex.py
[2026-05-07T20:56:52.622+0000] {processor.py:830} INFO - Processing file /home/airflow/.local/lib/python3.12/site-packages/airflow/example_dags/example_complex.py for tasks to queue
[2026-05-07T20:56:52.625+0000] {logging_mixin.py:188} INFO - [2026-05-07T20:56:52.624+0000] {dagbag.py:545} INFO - Filling up the DagBag from /home/airflow/.local/lib/python3.12/site-packages/airflow/example_dags/example_complex.py
[2026-05-07T20:56:52.636+0000] {processor.py:840} INFO - DAG(s) 'example_complex' retrieved from /home/airflow/.local/lib/python3.12/site-packages/airflow/example_dags/example_complex.py
[2026-05-07T20:56:52.669+0000] {logging_mixin.py:188} INFO - [2026-05-07T20:56:52.668+0000] {dag.py:3096} INFO - Sync 1 DAGs
[2026-05-07T20:56:52.684+0000] {logging_mixin.py:188} INFO - [2026-05-07T20:56:52.684+0000] {dag.py:3954} INFO - Setting next_dagrun for example_complex to None, run_after=None
[2026-05-07T20:56:52.762+0000] {processor.py:183} INFO - Processing /home/airflow/.local/lib/python3.12/site-packages/airflow/example_dags/example_complex.py took 0.149 seconds
[2026-05-07T20:57:23.440+0000] {processor.py:161} INFO - Started process (PID=4700) to work on /home/airflow/.local/lib/python3.12/site-packages/airflow/example_dags/example_complex.py
[2026-05-07T20:57:23.442+0000] {processor.py:830} INFO - Processing file /home/airflow/.local/lib/python3.12/site-packages/airflow/example_dags/example_complex.py for tasks to queue
[2026-05-07T20:57:23.445+0000] {logging_mixin.py:188} INFO - [2026-05-07T20:57:23.445+0000] {dagbag.py:545} INFO - Filling up the DagBag from /home/airflow/.local/lib/python3.12/site-packages/airflow/example_dags/example_complex.py
[2026-05-07T20:57:23.458+0000] {processor.py:840} INFO - DAG(s) 'example_complex' retrieved from /home/airflow/.local/lib/python3.12/site-packages/airflow/example_dags/example_complex.py
[2026-05-07T20:57:23.490+0000] {logging_mixin.py:188} INFO - [2026-05-07T20:57:23.490+0000] {dag.py:3096} INFO - Sync 1 DAGs
[2026-05-07T20:57:23.501+0000] {logging_mixin.py:188} INFO - [2026-05-07T20:57:23.501+0000] {dag.py:3954} INFO - Setting next_dagrun for example_complex to None, run_after=None
[2026-05-07T20:57:23.520+0000] {processor.py:183} INFO - Processing /home/airflow/.local/lib/python3.12/site-packages/airflow/example_dags/example_complex.py took 0.095 seconds
[2026-05-07T20:57:54.203+0000] {processor.py:161} INFO - Started process (PID=4758) to work on /home/airflow/.local/lib/python3.12/site-packages/airflow/example_dags/example_complex.py
[2026-05-07T20:57:54.205+0000] {processor.py:830} INFO - Processing file /home/airflow/.local/lib/python3.12/site-packages/airflow/example_dags/example_complex.py for tasks to queue
[2026-05-07T20:57:54.207+0000] {logging_mixin.py:188} INFO - [2026-05-07T20:57:54.207+0000] {dagbag.py:545} INFO - Filling up the DagBag from /home/airflow/.local/lib/python3.12/site-packages/airflow/example_dags/example_complex.py
[2026-05-07T20:57:54.220+0000] {processor.py:840} INFO - DAG(s) 'example_complex' retrieved from /home/airflow/.local/lib/python3.12/site-packages/airflow/example_dags/example_complex.py
[2026-05-07T20:57:54.251+0000] {logging_mixin.py:188} INFO - [2026-05-07T20:57:54.250+0000] {dag.py:3096} INFO - Sync 1 DAGs
[2026-05-07T20:57:54.263+0000] {logging_mixin.py:188} INFO - [2026-05-07T20:57:54.263+0000] {dag.py:3954} INFO - Setting next_dagrun for example_complex to None, run_after=None
[2026-05-07T20:57:54.357+0000] {processor.py:183} INFO - Processing /home/airflow/.local/lib/python3.12/site-packages/airflow/example_dags/example_complex.py took 0.162 seconds
[2026-05-07T20:58:24.651+0000] {processor.py:161} INFO - Started process (PID=4816) to work on /home/airflow/.local/lib/python3.12/site-packages/airflow/example_dags/example_complex.py
[2026-05-07T20:58:24.653+0000] {processor.py:830} INFO - Processing file /home/airflow/.local/lib/python3.12/site-packages/airflow/example_dags/example_complex.py for tasks to queue
[2026-05-07T20:58:24.655+0000] {logging_mixin.py:188} INFO - [2026-05-07T20:58:24.655+0000] {dagbag.py:545} INFO - Filling up the DagBag from /home/airflow/.local/lib/python3.12/site-packages/airflow/example_dags/example_complex.py
[2026-05-07T20:58:24.664+0000] {processor.py:840} INFO - DAG(s) 'example_complex' retrieved from /home/airflow/.local/lib/python3.12/site-packages/airflow/example_dags/example_complex.py
[2026-05-07T20:58:24.694+0000] {logging_mixin.py:188} INFO - [2026-05-07T20:58:24.694+0000] {dag.py:3096} INFO - Sync 1 DAGs
[2026-05-07T20:58:24.708+0000] {logging_mixin.py:188} INFO - [2026-05-07T20:58:24.708+0000] {dag.py:3954} INFO - Setting next_dagrun for example_complex to None, run_after=None
[2026-05-07T20:58:24.807+0000] {processor.py:183} INFO - Processing /home/airflow/.local/lib/python3.12/site-packages/airflow/example_dags/example_complex.py took 0.164 seconds
[2026-05-07T20:58:55.415+0000] {processor.py:161} INFO - Started process (PID=4874) to work on /home/airflow/.local/lib/python3.12/site-packages/airflow/example_dags/example_complex.py
[2026-05-07T20:58:55.418+0000] {processor.py:830} INFO - Processing file /home/airflow/.local/lib/python3.12/site-packages/airflow/example_dags/example_complex.py for tasks to queue
[2026-05-07T20:58:55.423+0000] {logging_mixin.py:188} INFO - [2026-05-07T20:58:55.422+0000] {dagbag.py:545} INFO - Filling up the DagBag from /home/airflow/.local/lib/python3.12/site-packages/airflow/example_dags/example_complex.py
[2026-05-07T20:58:55.437+0000] {processor.py:840} INFO - DAG(s) 'example_complex' retrieved from /home/airflow/.local/lib/python3.12/site-packages/airflow/example_dags/example_complex.py
[2026-05-07T20:58:55.486+0000] {logging_mixin.py:188} INFO - [2026-05-07T20:58:55.484+0000] {dag.py:3096} INFO - Sync 1 DAGs
[2026-05-07T20:58:55.507+0000] {logging_mixin.py:188} INFO - [2026-05-07T20:58:55.506+0000] {dag.py:3954} INFO - Setting next_dagrun for example_complex to None, run_after=None
[2026-05-07T20:58:55.547+0000] {processor.py:183} INFO - Processing /home/airflow/.local/lib/python3.12/site-packages/airflow/example_dags/example_complex.py took 0.140 seconds
[2026-05-07T20:59:26.025+0000] {processor.py:161} INFO - Started process (PID=4933) to work on /home/airflow/.local/lib/python3.12/site-packages/airflow/example_dags/example_complex.py
[2026-05-07T20:59:26.027+0000] {processor.py:830} INFO - Processing file /home/airflow/.local/lib/python3.12/site-packages/airflow/example_dags/example_complex.py for tasks to queue
[2026-05-07T20:59:26.029+0000] {logging_mixin.py:188} INFO - [2026-05-07T20:59:26.029+0000] {dagbag.py:545} INFO - Filling up the DagBag from /home/airflow/.local/lib/python3.12/site-packages/airflow/example_dags/example_complex.py
[2026-05-07T20:59:26.041+0000] {processor.py:840} INFO - DAG(s) 'example_complex' retrieved from /home/airflow/.local/lib/python3.12/site-packages/airflow/example_dags/example_complex.py
[2026-05-07T20:59:26.084+0000] {logging_mixin.py:188} INFO - [2026-05-07T20:59:26.084+0000] {dag.py:3096} INFO - Sync 1 DAGs
[2026-05-07T20:59:26.099+0000] {logging_mixin.py:188} INFO - [2026-05-07T20:59:26.099+0000] {dag.py:3954} INFO - Setting next_dagrun for example_complex to None, run_after=None
[2026-05-07T20:59:26.127+0000] {processor.py:183} INFO - Processing /home/airflow/.local/lib/python3.12/site-packages/airflow/example_dags/example_complex.py took 0.111 seconds
[2026-05-07T20:59:56.497+0000] {processor.py:161} INFO - Started process (PID=4991) to work on /home/airflow/.local/lib/python3.12/site-packages/airflow/example_dags/example_complex.py
[2026-05-07T20:59:56.498+0000] {processor.py:830} INFO - Processing file /home/airflow/.local/lib/python3.12/site-packages/airflow/example_dags/example_complex.py for tasks to queue
[2026-05-07T20:59:56.501+0000] {logging_mixin.py:188} INFO - [2026-05-07T20:59:56.501+0000] {dagbag.py:545} INFO - Filling up the DagBag from /home/airflow/.local/lib/python3.12/site-packages/airflow/example_dags/example_complex.py
[2026-05-07T20:59:56.513+0000] {processor.py:840} INFO - DAG(s) 'example_complex' retrieved from /home/airflow/.local/lib/python3.12/site-packages/airflow/example_dags/example_complex.py
[2026-05-07T20:59:56.553+0000] {logging_mixin.py:188} INFO - [2026-05-07T20:59:56.552+0000] {dag.py:3096} INFO - Sync 1 DAGs
[2026-05-07T20:59:56.569+0000] {logging_mixin.py:188} INFO - [2026-05-07T20:59:56.569+0000] {dag.py:3954} INFO - Setting next_dagrun for example_complex to None, run_after=None
[2026-05-07T20:59:56.597+0000] {processor.py:183} INFO - Processing /home/airflow/.local/lib/python3.12/site-packages/airflow/example_dags/example_complex.py took 0.109 seconds
[2026-05-07T21:00:27.092+0000] {processor.py:161} INFO - Started process (PID=5047) to work on /home/airflow/.local/lib/python3.12/site-packages/airflow/example_dags/example_complex.py
[2026-05-07T21:00:27.093+0000] {processor.py:830} INFO - Processing file /home/airflow/.local/lib/python3.12/site-packages/airflow/example_dags/example_complex.py for tasks to queue
[2026-05-07T21:00:27.095+0000] {logging_mixin.py:188} INFO - [2026-05-07T21:00:27.095+0000] {dagbag.py:545} INFO - Filling up the DagBag from /home/airflow/.local/lib/python3.12/site-packages/airflow/example_dags/example_complex.py
[2026-05-07T21:00:27.106+0000] {processor.py:840} INFO - DAG(s) 'example_complex' retrieved from /home/airflow/.local/lib/python3.12/site-packages/airflow/example_dags/example_complex.py
[2026-05-07T21:00:27.138+0000] {logging_mixin.py:188} INFO - [2026-05-07T21:00:27.138+0000] {dag.py:3096} INFO - Sync 1 DAGs
[2026-05-07T21:00:27.152+0000] {logging_mixin.py:188} INFO - [2026-05-07T21:00:27.152+0000] {dag.py:3954} INFO - Setting next_dagrun for example_complex to None, run_after=None
[2026-05-07T21:00:27.252+0000] {processor.py:183} INFO - Processing /home/airflow/.local/lib/python3.12/site-packages/airflow/example_dags/example_complex.py took 0.166 seconds
[2026-05-07T21:00:57.668+0000] {processor.py:161} INFO - Started process (PID=5105) to work on /home/airflow/.local/lib/python3.12/site-packages/airflow/example_dags/example_complex.py
[2026-05-07T21:00:57.670+0000] {processor.py:830} INFO - Processing file /home/airflow/.local/lib/python3.12/site-packages/airflow/example_dags/example_complex.py for tasks to queue
[2026-05-07T21:00:57.673+0000] {logging_mixin.py:188} INFO - [2026-05-07T21:00:57.672+0000] {dagbag.py:545} INFO - Filling up the DagBag from /home/airflow/.local/lib/python3.12/site-packages/airflow/example_dags/example_complex.py
[2026-05-07T21:00:57.685+0000] {processor.py:840} INFO - DAG(s) 'example_complex' retrieved from /home/airflow/.local/lib/python3.12/site-packages/airflow/example_dags/example_complex.py
[2026-05-07T21:00:57.718+0000] {logging_mixin.py:188} INFO - [2026-05-07T21:00:57.718+0000] {dag.py:3096} INFO - Sync 1 DAGs
[2026-05-07T21:00:57.732+0000] {logging_mixin.py:188} INFO - [2026-05-07T21:00:57.732+0000] {dag.py:3954} INFO - Setting next_dagrun for example_complex to None, run_after=None
[2026-05-07T21:00:57.754+0000] {processor.py:183} INFO - Processing /home/airflow/.local/lib/python3.12/site-packages/airflow/example_dags/example_complex.py took 0.093 seconds
[2026-05-07T21:01:28.337+0000] {processor.py:161} INFO - Started process (PID=5163) to work on /home/airflow/.local/lib/python3.12/site-packages/airflow/example_dags/example_complex.py
[2026-05-07T21:01:28.338+0000] {processor.py:830} INFO - Processing file /home/airflow/.local/lib/python3.12/site-packages/airflow/example_dags/example_complex.py for tasks to queue
[2026-05-07T21:01:28.341+0000] {logging_mixin.py:188} INFO - [2026-05-07T21:01:28.341+0000] {dagbag.py:545} INFO - Filling up the DagBag from /home/airflow/.local/lib/python3.12/site-packages/airflow/example_dags/example_complex.py
[2026-05-07T21:01:28.350+0000] {processor.py:840} INFO - DAG(s) 'example_complex' retrieved from /home/airflow/.local/lib/python3.12/site-packages/airflow/example_dags/example_complex.py
[2026-05-07T21:01:28.380+0000] {logging_mixin.py:188} INFO - [2026-05-07T21:01:28.380+0000] {dag.py:3096} INFO - Sync 1 DAGs
[2026-05-07T21:01:28.392+0000] {logging_mixin.py:188} INFO - [2026-05-07T21:01:28.392+0000] {dag.py:3954} INFO - Setting next_dagrun for example_complex to None, run_after=None
[2026-05-07T21:01:28.489+0000] {processor.py:183} INFO - Processing /home/airflow/.local/lib/python3.12/site-packages/airflow/example_dags/example_complex.py took 0.159 seconds
[2026-05-07T21:01:59.062+0000] {processor.py:161} INFO - Started process (PID=5221) to work on /home/airflow/.local/lib/python3.12/site-packages/airflow/example_dags/example_complex.py
[2026-05-07T21:01:59.065+0000] {processor.py:830} INFO - Processing file /home/airflow/.local/lib/python3.12/site-packages/airflow/example_dags/example_complex.py for tasks to queue
[2026-05-07T21:01:59.067+0000] {logging_mixin.py:188} INFO - [2026-05-07T21:01:59.067+0000] {dagbag.py:545} INFO - Filling up the DagBag from /home/airflow/.local/lib/python3.12/site-packages/airflow/example_dags/example_complex.py
[2026-05-07T21:01:59.077+0000] {processor.py:840} INFO - DAG(s) 'example_complex' retrieved from /home/airflow/.local/lib/python3.12/site-packages/airflow/example_dags/example_complex.py
[2026-05-07T21:01:59.108+0000] {logging_mixin.py:188} INFO - [2026-05-07T21:01:59.107+0000] {dag.py:3096} INFO - Sync 1 DAGs
[2026-05-07T21:01:59.121+0000] {logging_mixin.py:188} INFO - [2026-05-07T21:01:59.120+0000] {dag.py:3954} INFO - Setting next_dagrun for example_complex to None, run_after=None
[2026-05-07T21:01:59.220+0000] {processor.py:183} INFO - Processing /home/airflow/.local/lib/python3.12/site-packages/airflow/example_dags/example_complex.py took 0.165 seconds
[2026-05-07T21:02:29.531+0000] {processor.py:161} INFO - Started process (PID=5279) to work on /home/airflow/.local/lib/python3.12/site-packages/airflow/example_dags/example_complex.py
[2026-05-07T21:02:29.533+0000] {processor.py:830} INFO - Processing file /home/airflow/.local/lib/python3.12/site-packages/airflow/example_dags/example_complex.py for tasks to queue
[2026-05-07T21:02:29.538+0000] {logging_mixin.py:188} INFO - [2026-05-07T21:02:29.537+0000] {dagbag.py:545} INFO - Filling up the DagBag from /home/airflow/.local/lib/python3.12/site-packages/airflow/example_dags/example_complex.py
[2026-05-07T21:02:29.547+0000] {processor.py:840} INFO - DAG(s) 'example_complex' retrieved from /home/airflow/.local/lib/python3.12/site-packages/airflow/example_dags/example_complex.py
[2026-05-07T21:02:29.582+0000] {logging_mixin.py:188} INFO - [2026-05-07T21:02:29.582+0000] {dag.py:3096} INFO - Sync 1 DAGs
[2026-05-07T21:02:29.595+0000] {logging_mixin.py:188} INFO - [2026-05-07T21:02:29.594+0000] {dag.py:3954} INFO - Setting next_dagrun for example_complex to None, run_after=None
[2026-05-07T21:02:29.651+0000] {processor.py:183} INFO - Processing /home/airflow/.local/lib/python3.12/site-packages/airflow/example_dags/example_complex.py took 0.127 seconds
[2026-05-07T21:03:00.334+0000] {processor.py:161} INFO - Started process (PID=5337) to work on /home/airflow/.local/lib/python3.12/site-packages/airflow/example_dags/example_complex.py
[2026-05-07T21:03:00.336+0000] {processor.py:830} INFO - Processing file /home/airflow/.local/lib/python3.12/site-packages/airflow/example_dags/example_complex.py for tasks to queue
[2026-05-07T21:03:00.338+0000] {logging_mixin.py:188} INFO - [2026-05-07T21:03:00.338+0000] {dagbag.py:545} INFO - Filling up the DagBag from /home/airflow/.local/lib/python3.12/site-packages/airflow/example_dags/example_complex.py
[2026-05-07T21:03:00.349+0000] {processor.py:840} INFO - DAG(s) 'example_complex' retrieved from /home/airflow/.local/lib/python3.12/site-packages/airflow/example_dags/example_complex.py
[2026-05-07T21:03:00.381+0000] {logging_mixin.py:188} INFO - [2026-05-07T21:03:00.381+0000] {dag.py:3096} INFO - Sync 1 DAGs
[2026-05-07T21:03:00.396+0000] {logging_mixin.py:188} INFO - [2026-05-07T21:03:00.395+0000] {dag.py:3954} INFO - Setting next_dagrun for example_complex to None, run_after=None
[2026-05-07T21:03:00.418+0000] {processor.py:183} INFO - Processing /home/airflow/.local/lib/python3.12/site-packages/airflow/example_dags/example_complex.py took 0.090 seconds
[2026-05-07T21:03:30.568+0000] {processor.py:161} INFO - Started process (PID=5395) to work on /home/airflow/.local/lib/python3.12/site-packages/airflow/example_dags/example_complex.py
[2026-05-07T21:03:30.570+0000] {processor.py:830} INFO - Processing file /home/airflow/.local/lib/python3.12/site-packages/airflow/example_dags/example_complex.py for tasks to queue
[2026-05-07T21:03:30.573+0000] {logging_mixin.py:188} INFO - [2026-05-07T21:03:30.572+0000] {dagbag.py:545} INFO - Filling up the DagBag from /home/airflow/.local/lib/python3.12/site-packages/airflow/example_dags/example_complex.py
[2026-05-07T21:03:30.582+0000] {processor.py:840} INFO - DAG(s) 'example_complex' retrieved from /home/airflow/.local/lib/python3.12/site-packages/airflow/example_dags/example_complex.py
[2026-05-07T21:03:30.612+0000] {logging_mixin.py:188} INFO - [2026-05-07T21:03:30.611+0000] {dag.py:3096} INFO - Sync 1 DAGs
[2026-05-07T21:03:30.625+0000] {logging_mixin.py:188} INFO - [2026-05-07T21:03:30.625+0000] {dag.py:3954} INFO - Setting next_dagrun for example_complex to None, run_after=None
[2026-05-07T21:03:30.646+0000] {processor.py:183} INFO - Processing /home/airflow/.local/lib/python3.12/site-packages/airflow/example_dags/example_complex.py took 0.083 seconds
[2026-05-07T21:04:01.312+0000] {processor.py:161} INFO - Started process (PID=5453) to work on /home/airflow/.local/lib/python3.12/site-packages/airflow/example_dags/example_complex.py
[2026-05-07T21:04:01.318+0000] {processor.py:830} INFO - Processing file /home/airflow/.local/lib/python3.12/site-packages/airflow/example_dags/example_complex.py for tasks to queue
[2026-05-07T21:04:01.336+0000] {logging_mixin.py:188} INFO - [2026-05-07T21:04:01.335+0000] {dagbag.py:545} INFO - Filling up the DagBag from /home/airflow/.local/lib/python3.12/site-packages/airflow/example_dags/example_complex.py
[2026-05-07T21:04:01.389+0000] {processor.py:840} INFO - DAG(s) 'example_complex' retrieved from /home/airflow/.local/lib/python3.12/site-packages/airflow/example_dags/example_complex.py
[2026-05-07T21:04:01.546+0000] {logging_mixin.py:188} INFO - [2026-05-07T21:04:01.545+0000] {dag.py:3096} INFO - Sync 1 DAGs
[2026-05-07T21:04:01.634+0000] {logging_mixin.py:188} INFO - [2026-05-07T21:04:01.634+0000] {dag.py:3954} INFO - Setting next_dagrun for example_complex to None, run_after=None
[2026-05-07T21:04:01.744+0000] {processor.py:183} INFO - Processing /home/airflow/.local/lib/python3.12/site-packages/airflow/example_dags/example_complex.py took 0.481 seconds
[2026-05-07T21:04:32.145+0000] {processor.py:161} INFO - Started process (PID=5512) to work on /home/airflow/.local/lib/python3.12/site-packages/airflow/example_dags/example_complex.py
[2026-05-07T21:04:32.148+0000] {processor.py:830} INFO - Processing file /home/airflow/.local/lib/python3.12/site-packages/airflow/example_dags/example_complex.py for tasks to queue
[2026-05-07T21:04:32.154+0000] {logging_mixin.py:188} INFO - [2026-05-07T21:04:32.153+0000] {dagbag.py:545} INFO - Filling up the DagBag from /home/airflow/.local/lib/python3.12/site-packages/airflow/example_dags/example_complex.py
[2026-05-07T21:04:32.181+0000] {processor.py:840} INFO - DAG(s) 'example_complex' retrieved from /home/airflow/.local/lib/python3.12/site-packages/airflow/example_dags/example_complex.py
[2026-05-07T21:04:32.278+0000] {logging_mixin.py:188} INFO - [2026-05-07T21:04:32.276+0000] {dag.py:3096} INFO - Sync 1 DAGs
[2026-05-07T21:04:32.332+0000] {logging_mixin.py:188} INFO - [2026-05-07T21:04:32.331+0000] {dag.py:3954} INFO - Setting next_dagrun for example_complex to None, run_after=None
[2026-05-07T21:04:32.425+0000] {processor.py:183} INFO - Processing /home/airflow/.local/lib/python3.12/site-packages/airflow/example_dags/example_complex.py took 0.294 seconds
[2026-05-07T21:05:03.199+0000] {processor.py:161} INFO - Started process (PID=5570) to work on /home/airflow/.local/lib/python3.12/site-packages/airflow/example_dags/example_complex.py
[2026-05-07T21:05:03.200+0000] {processor.py:830} INFO - Processing file /home/airflow/.local/lib/python3.12/site-packages/airflow/example_dags/example_complex.py for tasks to queue
[2026-05-07T21:05:03.203+0000] {logging_mixin.py:188} INFO - [2026-05-07T21:05:03.202+0000] {dagbag.py:545} INFO - Filling up the DagBag from /home/airflow/.local/lib/python3.12/site-packages/airflow/example_dags/example_complex.py
[2026-05-07T21:05:03.216+0000] {processor.py:840} INFO - DAG(s) 'example_complex' retrieved from /home/airflow/.local/lib/python3.12/site-packages/airflow/example_dags/example_complex.py
[2026-05-07T21:05:03.250+0000] {logging_mixin.py:188} INFO - [2026-05-07T21:05:03.250+0000] {dag.py:3096} INFO - Sync 1 DAGs
[2026-05-07T21:05:03.265+0000] {logging_mixin.py:188} INFO - [2026-05-07T21:05:03.264+0000] {dag.py:3954} INFO - Setting next_dagrun for example_complex to None, run_after=None
[2026-05-07T21:05:03.295+0000] {processor.py:183} INFO - Processing /home/airflow/.local/lib/python3.12/site-packages/airflow/example_dags/example_complex.py took 0.106 seconds
[2026-05-07T21:05:34.269+0000] {processor.py:161} INFO - Started process (PID=5628) to work on /home/airflow/.local/lib/python3.12/site-packages/airflow/example_dags/example_complex.py
[2026-05-07T21:05:34.271+0000] {processor.py:830} INFO - Processing file /home/airflow/.local/lib/python3.12/site-packages/airflow/example_dags/example_complex.py for tasks to queue
[2026-05-07T21:05:34.276+0000] {logging_mixin.py:188} INFO - [2026-05-07T21:05:34.275+0000] {dagbag.py:545} INFO - Filling up the DagBag from /home/airflow/.local/lib/python3.12/site-packages/airflow/example_dags/example_complex.py
[2026-05-07T21:05:34.288+0000] {processor.py:840} INFO - DAG(s) 'example_complex' retrieved from /home/airflow/.local/lib/python3.12/site-packages/airflow/example_dags/example_complex.py
[2026-05-07T21:05:34.325+0000] {logging_mixin.py:188} INFO - [2026-05-07T21:05:34.324+0000] {dag.py:3096} INFO - Sync 1 DAGs
[2026-05-07T21:05:34.338+0000] {logging_mixin.py:188} INFO - [2026-05-07T21:05:34.337+0000] {dag.py:3954} INFO - Setting next_dagrun for example_complex to None, run_after=None
[2026-05-07T21:05:34.364+0000] {processor.py:183} INFO - Processing /home/airflow/.local/lib/python3.12/site-packages/airflow/example_dags/example_complex.py took 0.107 seconds
[2026-05-07T21:06:04.877+0000] {processor.py:161} INFO - Started process (PID=5686) to work on /home/airflow/.local/lib/python3.12/site-packages/airflow/example_dags/example_complex.py
[2026-05-07T21:06:04.879+0000] {processor.py:830} INFO - Processing file /home/airflow/.local/lib/python3.12/site-packages/airflow/example_dags/example_complex.py for tasks to queue
[2026-05-07T21:06:04.883+0000] {logging_mixin.py:188} INFO - [2026-05-07T21:06:04.882+0000] {dagbag.py:545} INFO - Filling up the DagBag from /home/airflow/.local/lib/python3.12/site-packages/airflow/example_dags/example_complex.py
[2026-05-07T21:06:04.896+0000] {processor.py:840} INFO - DAG(s) 'example_complex' retrieved from /home/airflow/.local/lib/python3.12/site-packages/airflow/example_dags/example_complex.py
[2026-05-07T21:06:04.932+0000] {logging_mixin.py:188} INFO - [2026-05-07T21:06:04.931+0000] {dag.py:3096} INFO - Sync 1 DAGs
[2026-05-07T21:06:04.946+0000] {logging_mixin.py:188} INFO - [2026-05-07T21:06:04.946+0000] {dag.py:3954} INFO - Setting next_dagrun for example_complex to None, run_after=None
[2026-05-07T21:06:04.984+0000] {processor.py:183} INFO - Processing /home/airflow/.local/lib/python3.12/site-packages/airflow/example_dags/example_complex.py took 0.117 seconds
[2026-05-07T21:06:35.416+0000] {processor.py:161} INFO - Started process (PID=5744) to work on /home/airflow/.local/lib/python3.12/site-packages/airflow/example_dags/example_complex.py
[2026-05-07T21:06:35.418+0000] {processor.py:830} INFO - Processing file /home/airflow/.local/lib/python3.12/site-packages/airflow/example_dags/example_complex.py for tasks to queue
[2026-05-07T21:06:35.420+0000] {logging_mixin.py:188} INFO - [2026-05-07T21:06:35.420+0000] {dagbag.py:545} INFO - Filling up the DagBag from /home/airflow/.local/lib/python3.12/site-packages/airflow/example_dags/example_complex.py
[2026-05-07T21:06:35.429+0000] {processor.py:840} INFO - DAG(s) 'example_complex' retrieved from /home/airflow/.local/lib/python3.12/site-packages/airflow/example_dags/example_complex.py
[2026-05-07T21:06:35.459+0000] {logging_mixin.py:188} INFO - [2026-05-07T21:06:35.459+0000] {dag.py:3096} INFO - Sync 1 DAGs
[2026-05-07T21:06:35.473+0000] {logging_mixin.py:188} INFO - [2026-05-07T21:06:35.473+0000] {dag.py:3954} INFO - Setting next_dagrun for example_complex to None, run_after=None
[2026-05-07T21:06:35.498+0000] {processor.py:183} INFO - Processing /home/airflow/.local/lib/python3.12/site-packages/airflow/example_dags/example_complex.py took 0.088 seconds
[2026-05-07T21:07:05.651+0000] {processor.py:161} INFO - Started process (PID=5802) to work on /home/airflow/.local/lib/python3.12/site-packages/airflow/example_dags/example_complex.py
[2026-05-07T21:07:05.654+0000] {processor.py:830} INFO - Processing file /home/airflow/.local/lib/python3.12/site-packages/airflow/example_dags/example_complex.py for tasks to queue
[2026-05-07T21:07:05.660+0000] {logging_mixin.py:188} INFO - [2026-05-07T21:07:05.660+0000] {dagbag.py:545} INFO - Filling up the DagBag from /home/airflow/.local/lib/python3.12/site-packages/airflow/example_dags/example_complex.py
[2026-05-07T21:07:05.681+0000] {processor.py:840} INFO - DAG(s) 'example_complex' retrieved from /home/airflow/.local/lib/python3.12/site-packages/airflow/example_dags/example_complex.py
[2026-05-07T21:07:05.755+0000] {logging_mixin.py:188} INFO - [2026-05-07T21:07:05.754+0000] {dag.py:3096} INFO - Sync 1 DAGs
[2026-05-07T21:07:05.790+0000] {logging_mixin.py:188} INFO - [2026-05-07T21:07:05.789+0000] {dag.py:3954} INFO - Setting next_dagrun for example_complex to None, run_after=None
[2026-05-07T21:07:05.849+0000] {processor.py:183} INFO - Processing /home/airflow/.local/lib/python3.12/site-packages/airflow/example_dags/example_complex.py took 0.214 seconds
[2026-05-07T21:07:39.530+0000] {processor.py:161} INFO - Started process (PID=5860) to work on /home/airflow/.local/lib/python3.12/site-packages/airflow/example_dags/example_complex.py
[2026-05-07T21:07:39.533+0000] {processor.py:830} INFO - Processing file /home/airflow/.local/lib/python3.12/site-packages/airflow/example_dags/example_complex.py for tasks to queue
[2026-05-07T21:07:39.538+0000] {logging_mixin.py:188} INFO - [2026-05-07T21:07:39.538+0000] {dagbag.py:545} INFO - Filling up the DagBag from /home/airflow/.local/lib/python3.12/site-packages/airflow/example_dags/example_complex.py
[2026-05-07T21:07:39.561+0000] {processor.py:840} INFO - DAG(s) 'example_complex' retrieved from /home/airflow/.local/lib/python3.12/site-packages/airflow/example_dags/example_complex.py
[2026-05-07T21:07:39.625+0000] {logging_mixin.py:188} INFO - [2026-05-07T21:07:39.625+0000] {dag.py:3096} INFO - Sync 1 DAGs
[2026-05-07T21:07:39.654+0000] {logging_mixin.py:188} INFO - [2026-05-07T21:07:39.653+0000] {dag.py:3954} INFO - Setting next_dagrun for example_complex to None, run_after=None
[2026-05-07T21:07:39.699+0000] {processor.py:183} INFO - Processing /home/airflow/.local/lib/python3.12/site-packages/airflow/example_dags/example_complex.py took 0.180 seconds
[2026-05-07T21:08:10.289+0000] {processor.py:161} INFO - Started process (PID=5919) to work on /home/airflow/.local/lib/python3.12/site-packages/airflow/example_dags/example_complex.py
[2026-05-07T21:08:10.290+0000] {processor.py:830} INFO - Processing file /home/airflow/.local/lib/python3.12/site-packages/airflow/example_dags/example_complex.py for tasks to queue
[2026-05-07T21:08:10.293+0000] {logging_mixin.py:188} INFO - [2026-05-07T21:08:10.292+0000] {dagbag.py:545} INFO - Filling up the DagBag from /home/airflow/.local/lib/python3.12/site-packages/airflow/example_dags/example_complex.py
[2026-05-07T21:08:10.303+0000] {processor.py:840} INFO - DAG(s) 'example_complex' retrieved from /home/airflow/.local/lib/python3.12/site-packages/airflow/example_dags/example_complex.py
[2026-05-07T21:08:10.332+0000] {logging_mixin.py:188} INFO - [2026-05-07T21:08:10.331+0000] {dag.py:3096} INFO - Sync 1 DAGs
[2026-05-07T21:08:10.343+0000] {logging_mixin.py:188} INFO - [2026-05-07T21:08:10.343+0000] {dag.py:3954} INFO - Setting next_dagrun for example_complex to None, run_after=None
[2026-05-07T21:08:10.399+0000] {processor.py:183} INFO - Processing /home/airflow/.local/lib/python3.12/site-packages/airflow/example_dags/example_complex.py took 0.116 seconds
[2026-05-07T21:08:40.460+0000] {processor.py:161} INFO - Started process (PID=5977) to work on /home/airflow/.local/lib/python3.12/site-packages/airflow/example_dags/example_complex.py
[2026-05-07T21:08:40.462+0000] {processor.py:830} INFO - Processing file /home/airflow/.local/lib/python3.12/site-packages/airflow/example_dags/example_complex.py for tasks to queue
[2026-05-07T21:08:40.465+0000] {logging_mixin.py:188} INFO - [2026-05-07T21:08:40.464+0000] {dagbag.py:545} INFO - Filling up the DagBag from /home/airflow/.local/lib/python3.12/site-packages/airflow/example_dags/example_complex.py
[2026-05-07T21:08:40.474+0000] {processor.py:840} INFO - DAG(s) 'example_complex' retrieved from /home/airflow/.local/lib/python3.12/site-packages/airflow/example_dags/example_complex.py
[2026-05-07T21:08:40.502+0000] {logging_mixin.py:188} INFO - [2026-05-07T21:08:40.502+0000] {dag.py:3096} INFO - Sync 1 DAGs
[2026-05-07T21:08:40.516+0000] {logging_mixin.py:188} INFO - [2026-05-07T21:08:40.516+0000] {dag.py:3954} INFO - Setting next_dagrun for example_complex to None, run_after=None
[2026-05-07T21:08:40.537+0000] {processor.py:183} INFO - Processing /home/airflow/.local/lib/python3.12/site-packages/airflow/example_dags/example_complex.py took 0.083 seconds
[2026-05-07T21:09:10.660+0000] {processor.py:161} INFO - Started process (PID=6034) to work on /home/airflow/.local/lib/python3.12/site-packages/airflow/example_dags/example_complex.py
[2026-05-07T21:09:10.662+0000] {processor.py:830} INFO - Processing file /home/airflow/.local/lib/python3.12/site-packages/airflow/example_dags/example_complex.py for tasks to queue
[2026-05-07T21:09:10.664+0000] {logging_mixin.py:188} INFO - [2026-05-07T21:09:10.663+0000] {dagbag.py:545} INFO - Filling up the DagBag from /home/airflow/.local/lib/python3.12/site-packages/airflow/example_dags/example_complex.py
[2026-05-07T21:09:10.672+0000] {processor.py:840} INFO - DAG(s) 'example_complex' retrieved from /home/airflow/.local/lib/python3.12/site-packages/airflow/example_dags/example_complex.py
[2026-05-07T21:09:10.698+0000] {logging_mixin.py:188} INFO - [2026-05-07T21:09:10.698+0000] {dag.py:3096} INFO - Sync 1 DAGs
[2026-05-07T21:09:10.709+0000] {logging_mixin.py:188} INFO - [2026-05-07T21:09:10.708+0000] {dag.py:3954} INFO - Setting next_dagrun for example_complex to None, run_after=None
[2026-05-07T21:09:10.729+0000] {processor.py:183} INFO - Processing /home/airflow/.local/lib/python3.12/site-packages/airflow/example_dags/example_complex.py took 0.075 seconds
