[2026-05-07T20:17:02.344+0000] {processor.py:161} INFO - Started process (PID=93) to work on /home/airflow/.local/lib/python3.12/site-packages/airflow/example_dags/example_setup_teardown.py
[2026-05-07T20:17:02.346+0000] {processor.py:830} INFO - Processing file /home/airflow/.local/lib/python3.12/site-packages/airflow/example_dags/example_setup_teardown.py for tasks to queue
[2026-05-07T20:17:02.355+0000] {logging_mixin.py:188} INFO - [2026-05-07T20:17:02.354+0000] {dagbag.py:545} INFO - Filling up the DagBag from /home/airflow/.local/lib/python3.12/site-packages/airflow/example_dags/example_setup_teardown.py
[2026-05-07T20:17:02.368+0000] {processor.py:840} INFO - DAG(s) 'example_setup_teardown' retrieved from /home/airflow/.local/lib/python3.12/site-packages/airflow/example_dags/example_setup_teardown.py
[2026-05-07T20:17:02.492+0000] {logging_mixin.py:188} INFO - [2026-05-07T20:17:02.492+0000] {dag.py:3096} INFO - Sync 1 DAGs
[2026-05-07T20:17:02.517+0000] {logging_mixin.py:188} INFO - [2026-05-07T20:17:02.517+0000] {dag.py:3954} INFO - Setting next_dagrun for example_setup_teardown to 2026-05-06 00:00:00+00:00, run_after=2026-05-07 00:00:00+00:00
[2026-05-07T20:17:02.548+0000] {processor.py:183} INFO - Processing /home/airflow/.local/lib/python3.12/site-packages/airflow/example_dags/example_setup_teardown.py took 0.212 seconds
[2026-05-07T20:17:33.125+0000] {processor.py:161} INFO - Started process (PID=151) to work on /home/airflow/.local/lib/python3.12/site-packages/airflow/example_dags/example_setup_teardown.py
[2026-05-07T20:17:33.127+0000] {processor.py:830} INFO - Processing file /home/airflow/.local/lib/python3.12/site-packages/airflow/example_dags/example_setup_teardown.py for tasks to queue
[2026-05-07T20:17:33.131+0000] {logging_mixin.py:188} INFO - [2026-05-07T20:17:33.130+0000] {dagbag.py:545} INFO - Filling up the DagBag from /home/airflow/.local/lib/python3.12/site-packages/airflow/example_dags/example_setup_teardown.py
[2026-05-07T20:17:33.144+0000] {processor.py:840} INFO - DAG(s) 'example_setup_teardown' retrieved from /home/airflow/.local/lib/python3.12/site-packages/airflow/example_dags/example_setup_teardown.py
[2026-05-07T20:17:33.167+0000] {logging_mixin.py:188} INFO - [2026-05-07T20:17:33.167+0000] {dag.py:3096} INFO - Sync 1 DAGs
[2026-05-07T20:17:33.192+0000] {logging_mixin.py:188} INFO - [2026-05-07T20:17:33.191+0000] {dag.py:3954} INFO - Setting next_dagrun for example_setup_teardown to 2026-05-06 00:00:00+00:00, run_after=2026-05-07 00:00:00+00:00
[2026-05-07T20:17:33.217+0000] {processor.py:183} INFO - Processing /home/airflow/.local/lib/python3.12/site-packages/airflow/example_dags/example_setup_teardown.py took 0.097 seconds
[2026-05-07T20:18:03.567+0000] {processor.py:161} INFO - Started process (PID=209) to work on /home/airflow/.local/lib/python3.12/site-packages/airflow/example_dags/example_setup_teardown.py
[2026-05-07T20:18:03.569+0000] {processor.py:830} INFO - Processing file /home/airflow/.local/lib/python3.12/site-packages/airflow/example_dags/example_setup_teardown.py for tasks to queue
[2026-05-07T20:18:03.572+0000] {logging_mixin.py:188} INFO - [2026-05-07T20:18:03.572+0000] {dagbag.py:545} INFO - Filling up the DagBag from /home/airflow/.local/lib/python3.12/site-packages/airflow/example_dags/example_setup_teardown.py
[2026-05-07T20:18:03.580+0000] {processor.py:840} INFO - DAG(s) 'example_setup_teardown' retrieved from /home/airflow/.local/lib/python3.12/site-packages/airflow/example_dags/example_setup_teardown.py
[2026-05-07T20:18:03.602+0000] {logging_mixin.py:188} INFO - [2026-05-07T20:18:03.602+0000] {dag.py:3096} INFO - Sync 1 DAGs
[2026-05-07T20:18:03.622+0000] {logging_mixin.py:188} INFO - [2026-05-07T20:18:03.622+0000] {dag.py:3954} INFO - Setting next_dagrun for example_setup_teardown to 2026-05-06 00:00:00+00:00, run_after=2026-05-07 00:00:00+00:00
[2026-05-07T20:18:03.644+0000] {processor.py:183} INFO - Processing /home/airflow/.local/lib/python3.12/site-packages/airflow/example_dags/example_setup_teardown.py took 0.083 seconds
[2026-05-07T20:18:34.309+0000] {processor.py:161} INFO - Started process (PID=267) to work on /home/airflow/.local/lib/python3.12/site-packages/airflow/example_dags/example_setup_teardown.py
[2026-05-07T20:18:34.311+0000] {processor.py:830} INFO - Processing file /home/airflow/.local/lib/python3.12/site-packages/airflow/example_dags/example_setup_teardown.py for tasks to queue
[2026-05-07T20:18:34.314+0000] {logging_mixin.py:188} INFO - [2026-05-07T20:18:34.313+0000] {dagbag.py:545} INFO - Filling up the DagBag from /home/airflow/.local/lib/python3.12/site-packages/airflow/example_dags/example_setup_teardown.py
[2026-05-07T20:18:34.321+0000] {processor.py:840} INFO - DAG(s) 'example_setup_teardown' retrieved from /home/airflow/.local/lib/python3.12/site-packages/airflow/example_dags/example_setup_teardown.py
[2026-05-07T20:18:34.343+0000] {logging_mixin.py:188} INFO - [2026-05-07T20:18:34.342+0000] {dag.py:3096} INFO - Sync 1 DAGs
[2026-05-07T20:18:34.370+0000] {logging_mixin.py:188} INFO - [2026-05-07T20:18:34.370+0000] {dag.py:3954} INFO - Setting next_dagrun for example_setup_teardown to 2026-05-06 00:00:00+00:00, run_after=2026-05-07 00:00:00+00:00
[2026-05-07T20:18:34.396+0000] {processor.py:183} INFO - Processing /home/airflow/.local/lib/python3.12/site-packages/airflow/example_dags/example_setup_teardown.py took 0.093 seconds
[2026-05-07T20:19:04.553+0000] {processor.py:161} INFO - Started process (PID=325) to work on /home/airflow/.local/lib/python3.12/site-packages/airflow/example_dags/example_setup_teardown.py
[2026-05-07T20:19:04.555+0000] {processor.py:830} INFO - Processing file /home/airflow/.local/lib/python3.12/site-packages/airflow/example_dags/example_setup_teardown.py for tasks to queue
[2026-05-07T20:19:04.557+0000] {logging_mixin.py:188} INFO - [2026-05-07T20:19:04.557+0000] {dagbag.py:545} INFO - Filling up the DagBag from /home/airflow/.local/lib/python3.12/site-packages/airflow/example_dags/example_setup_teardown.py
[2026-05-07T20:19:04.570+0000] {processor.py:840} INFO - DAG(s) 'example_setup_teardown' retrieved from /home/airflow/.local/lib/python3.12/site-packages/airflow/example_dags/example_setup_teardown.py
[2026-05-07T20:19:04.604+0000] {logging_mixin.py:188} INFO - [2026-05-07T20:19:04.603+0000] {dag.py:3096} INFO - Sync 1 DAGs
[2026-05-07T20:19:04.629+0000] {logging_mixin.py:188} INFO - [2026-05-07T20:19:04.628+0000] {dag.py:3954} INFO - Setting next_dagrun for example_setup_teardown to 2026-05-06 00:00:00+00:00, run_after=2026-05-07 00:00:00+00:00
[2026-05-07T20:19:04.665+0000] {processor.py:183} INFO - Processing /home/airflow/.local/lib/python3.12/site-packages/airflow/example_dags/example_setup_teardown.py took 0.119 seconds
[2026-05-07T20:19:34.984+0000] {processor.py:161} INFO - Started process (PID=383) to work on /home/airflow/.local/lib/python3.12/site-packages/airflow/example_dags/example_setup_teardown.py
[2026-05-07T20:19:34.985+0000] {processor.py:830} INFO - Processing file /home/airflow/.local/lib/python3.12/site-packages/airflow/example_dags/example_setup_teardown.py for tasks to queue
[2026-05-07T20:19:34.988+0000] {logging_mixin.py:188} INFO - [2026-05-07T20:19:34.987+0000] {dagbag.py:545} INFO - Filling up the DagBag from /home/airflow/.local/lib/python3.12/site-packages/airflow/example_dags/example_setup_teardown.py
[2026-05-07T20:19:34.995+0000] {processor.py:840} INFO - DAG(s) 'example_setup_teardown' retrieved from /home/airflow/.local/lib/python3.12/site-packages/airflow/example_dags/example_setup_teardown.py
[2026-05-07T20:19:35.018+0000] {logging_mixin.py:188} INFO - [2026-05-07T20:19:35.018+0000] {dag.py:3096} INFO - Sync 1 DAGs
[2026-05-07T20:19:35.040+0000] {logging_mixin.py:188} INFO - [2026-05-07T20:19:35.039+0000] {dag.py:3954} INFO - Setting next_dagrun for example_setup_teardown to 2026-05-06 00:00:00+00:00, run_after=2026-05-07 00:00:00+00:00
[2026-05-07T20:19:35.063+0000] {processor.py:183} INFO - Processing /home/airflow/.local/lib/python3.12/site-packages/airflow/example_dags/example_setup_teardown.py took 0.085 seconds
[2026-05-07T20:20:05.629+0000] {processor.py:161} INFO - Started process (PID=441) to work on /home/airflow/.local/lib/python3.12/site-packages/airflow/example_dags/example_setup_teardown.py
[2026-05-07T20:20:05.631+0000] {processor.py:830} INFO - Processing file /home/airflow/.local/lib/python3.12/site-packages/airflow/example_dags/example_setup_teardown.py for tasks to queue
[2026-05-07T20:20:05.633+0000] {logging_mixin.py:188} INFO - [2026-05-07T20:20:05.633+0000] {dagbag.py:545} INFO - Filling up the DagBag from /home/airflow/.local/lib/python3.12/site-packages/airflow/example_dags/example_setup_teardown.py
[2026-05-07T20:20:05.639+0000] {processor.py:840} INFO - DAG(s) 'example_setup_teardown' retrieved from /home/airflow/.local/lib/python3.12/site-packages/airflow/example_dags/example_setup_teardown.py
[2026-05-07T20:20:05.660+0000] {logging_mixin.py:188} INFO - [2026-05-07T20:20:05.660+0000] {dag.py:3096} INFO - Sync 1 DAGs
[2026-05-07T20:20:05.679+0000] {logging_mixin.py:188} INFO - [2026-05-07T20:20:05.679+0000] {dag.py:3954} INFO - Setting next_dagrun for example_setup_teardown to 2026-05-06 00:00:00+00:00, run_after=2026-05-07 00:00:00+00:00
[2026-05-07T20:20:05.697+0000] {processor.py:183} INFO - Processing /home/airflow/.local/lib/python3.12/site-packages/airflow/example_dags/example_setup_teardown.py took 0.074 seconds
[2026-05-07T20:20:36.142+0000] {processor.py:161} INFO - Started process (PID=499) to work on /home/airflow/.local/lib/python3.12/site-packages/airflow/example_dags/example_setup_teardown.py
[2026-05-07T20:20:36.143+0000] {processor.py:830} INFO - Processing file /home/airflow/.local/lib/python3.12/site-packages/airflow/example_dags/example_setup_teardown.py for tasks to queue
[2026-05-07T20:20:36.146+0000] {logging_mixin.py:188} INFO - [2026-05-07T20:20:36.146+0000] {dagbag.py:545} INFO - Filling up the DagBag from /home/airflow/.local/lib/python3.12/site-packages/airflow/example_dags/example_setup_teardown.py
[2026-05-07T20:20:36.153+0000] {processor.py:840} INFO - DAG(s) 'example_setup_teardown' retrieved from /home/airflow/.local/lib/python3.12/site-packages/airflow/example_dags/example_setup_teardown.py
[2026-05-07T20:20:36.182+0000] {logging_mixin.py:188} INFO - [2026-05-07T20:20:36.182+0000] {dag.py:3096} INFO - Sync 1 DAGs
[2026-05-07T20:20:36.202+0000] {logging_mixin.py:188} INFO - [2026-05-07T20:20:36.202+0000] {dag.py:3954} INFO - Setting next_dagrun for example_setup_teardown to 2026-05-06 00:00:00+00:00, run_after=2026-05-07 00:00:00+00:00
[2026-05-07T20:20:36.223+0000] {processor.py:183} INFO - Processing /home/airflow/.local/lib/python3.12/site-packages/airflow/example_dags/example_setup_teardown.py took 0.087 seconds
[2026-05-07T20:21:06.356+0000] {processor.py:161} INFO - Started process (PID=557) to work on /home/airflow/.local/lib/python3.12/site-packages/airflow/example_dags/example_setup_teardown.py
[2026-05-07T20:21:06.358+0000] {processor.py:830} INFO - Processing file /home/airflow/.local/lib/python3.12/site-packages/airflow/example_dags/example_setup_teardown.py for tasks to queue
[2026-05-07T20:21:06.362+0000] {logging_mixin.py:188} INFO - [2026-05-07T20:21:06.361+0000] {dagbag.py:545} INFO - Filling up the DagBag from /home/airflow/.local/lib/python3.12/site-packages/airflow/example_dags/example_setup_teardown.py
[2026-05-07T20:21:06.374+0000] {processor.py:840} INFO - DAG(s) 'example_setup_teardown' retrieved from /home/airflow/.local/lib/python3.12/site-packages/airflow/example_dags/example_setup_teardown.py
[2026-05-07T20:21:06.402+0000] {logging_mixin.py:188} INFO - [2026-05-07T20:21:06.402+0000] {dag.py:3096} INFO - Sync 1 DAGs
[2026-05-07T20:21:06.432+0000] {logging_mixin.py:188} INFO - [2026-05-07T20:21:06.432+0000] {dag.py:3954} INFO - Setting next_dagrun for example_setup_teardown to 2026-05-06 00:00:00+00:00, run_after=2026-05-07 00:00:00+00:00
[2026-05-07T20:21:06.460+0000] {processor.py:183} INFO - Processing /home/airflow/.local/lib/python3.12/site-packages/airflow/example_dags/example_setup_teardown.py took 0.110 seconds
[2026-05-07T20:21:36.876+0000] {processor.py:161} INFO - Started process (PID=615) to work on /home/airflow/.local/lib/python3.12/site-packages/airflow/example_dags/example_setup_teardown.py
[2026-05-07T20:21:36.878+0000] {processor.py:830} INFO - Processing file /home/airflow/.local/lib/python3.12/site-packages/airflow/example_dags/example_setup_teardown.py for tasks to queue
[2026-05-07T20:21:36.880+0000] {logging_mixin.py:188} INFO - [2026-05-07T20:21:36.880+0000] {dagbag.py:545} INFO - Filling up the DagBag from /home/airflow/.local/lib/python3.12/site-packages/airflow/example_dags/example_setup_teardown.py
[2026-05-07T20:21:36.887+0000] {processor.py:840} INFO - DAG(s) 'example_setup_teardown' retrieved from /home/airflow/.local/lib/python3.12/site-packages/airflow/example_dags/example_setup_teardown.py
[2026-05-07T20:21:36.910+0000] {logging_mixin.py:188} INFO - [2026-05-07T20:21:36.910+0000] {dag.py:3096} INFO - Sync 1 DAGs
[2026-05-07T20:21:36.935+0000] {logging_mixin.py:188} INFO - [2026-05-07T20:21:36.934+0000] {dag.py:3954} INFO - Setting next_dagrun for example_setup_teardown to 2026-05-06 00:00:00+00:00, run_after=2026-05-07 00:00:00+00:00
[2026-05-07T20:21:36.958+0000] {processor.py:183} INFO - Processing /home/airflow/.local/lib/python3.12/site-packages/airflow/example_dags/example_setup_teardown.py took 0.088 seconds
[2026-05-07T20:22:07.650+0000] {processor.py:161} INFO - Started process (PID=673) to work on /home/airflow/.local/lib/python3.12/site-packages/airflow/example_dags/example_setup_teardown.py
[2026-05-07T20:22:07.651+0000] {processor.py:830} INFO - Processing file /home/airflow/.local/lib/python3.12/site-packages/airflow/example_dags/example_setup_teardown.py for tasks to queue
[2026-05-07T20:22:07.657+0000] {logging_mixin.py:188} INFO - [2026-05-07T20:22:07.656+0000] {dagbag.py:545} INFO - Filling up the DagBag from /home/airflow/.local/lib/python3.12/site-packages/airflow/example_dags/example_setup_teardown.py
[2026-05-07T20:22:07.668+0000] {processor.py:840} INFO - DAG(s) 'example_setup_teardown' retrieved from /home/airflow/.local/lib/python3.12/site-packages/airflow/example_dags/example_setup_teardown.py
[2026-05-07T20:22:07.693+0000] {logging_mixin.py:188} INFO - [2026-05-07T20:22:07.692+0000] {dag.py:3096} INFO - Sync 1 DAGs
[2026-05-07T20:22:07.720+0000] {logging_mixin.py:188} INFO - [2026-05-07T20:22:07.720+0000] {dag.py:3954} INFO - Setting next_dagrun for example_setup_teardown to 2026-05-06 00:00:00+00:00, run_after=2026-05-07 00:00:00+00:00
[2026-05-07T20:22:07.748+0000] {processor.py:183} INFO - Processing /home/airflow/.local/lib/python3.12/site-packages/airflow/example_dags/example_setup_teardown.py took 0.104 seconds
[2026-05-07T20:22:38.085+0000] {processor.py:161} INFO - Started process (PID=732) to work on /home/airflow/.local/lib/python3.12/site-packages/airflow/example_dags/example_setup_teardown.py
[2026-05-07T20:22:38.087+0000] {processor.py:830} INFO - Processing file /home/airflow/.local/lib/python3.12/site-packages/airflow/example_dags/example_setup_teardown.py for tasks to queue
[2026-05-07T20:22:38.090+0000] {logging_mixin.py:188} INFO - [2026-05-07T20:22:38.089+0000] {dagbag.py:545} INFO - Filling up the DagBag from /home/airflow/.local/lib/python3.12/site-packages/airflow/example_dags/example_setup_teardown.py
[2026-05-07T20:22:38.100+0000] {processor.py:840} INFO - DAG(s) 'example_setup_teardown' retrieved from /home/airflow/.local/lib/python3.12/site-packages/airflow/example_dags/example_setup_teardown.py
[2026-05-07T20:22:38.125+0000] {logging_mixin.py:188} INFO - [2026-05-07T20:22:38.125+0000] {dag.py:3096} INFO - Sync 1 DAGs
[2026-05-07T20:22:38.148+0000] {logging_mixin.py:188} INFO - [2026-05-07T20:22:38.148+0000] {dag.py:3954} INFO - Setting next_dagrun for example_setup_teardown to 2026-05-06 00:00:00+00:00, run_after=2026-05-07 00:00:00+00:00
[2026-05-07T20:22:38.178+0000] {processor.py:183} INFO - Processing /home/airflow/.local/lib/python3.12/site-packages/airflow/example_dags/example_setup_teardown.py took 0.101 seconds
[2026-05-07T20:23:08.702+0000] {processor.py:161} INFO - Started process (PID=790) to work on /home/airflow/.local/lib/python3.12/site-packages/airflow/example_dags/example_setup_teardown.py
[2026-05-07T20:23:08.705+0000] {processor.py:830} INFO - Processing file /home/airflow/.local/lib/python3.12/site-packages/airflow/example_dags/example_setup_teardown.py for tasks to queue
[2026-05-07T20:23:08.707+0000] {logging_mixin.py:188} INFO - [2026-05-07T20:23:08.707+0000] {dagbag.py:545} INFO - Filling up the DagBag from /home/airflow/.local/lib/python3.12/site-packages/airflow/example_dags/example_setup_teardown.py
[2026-05-07T20:23:08.715+0000] {processor.py:840} INFO - DAG(s) 'example_setup_teardown' retrieved from /home/airflow/.local/lib/python3.12/site-packages/airflow/example_dags/example_setup_teardown.py
[2026-05-07T20:23:08.737+0000] {logging_mixin.py:188} INFO - [2026-05-07T20:23:08.737+0000] {dag.py:3096} INFO - Sync 1 DAGs
[2026-05-07T20:23:08.759+0000] {logging_mixin.py:188} INFO - [2026-05-07T20:23:08.759+0000] {dag.py:3954} INFO - Setting next_dagrun for example_setup_teardown to 2026-05-06 00:00:00+00:00, run_after=2026-05-07 00:00:00+00:00
[2026-05-07T20:23:08.781+0000] {processor.py:183} INFO - Processing /home/airflow/.local/lib/python3.12/site-packages/airflow/example_dags/example_setup_teardown.py took 0.084 seconds
[2026-05-07T20:23:39.098+0000] {processor.py:161} INFO - Started process (PID=849) to work on /home/airflow/.local/lib/python3.12/site-packages/airflow/example_dags/example_setup_teardown.py
[2026-05-07T20:23:39.100+0000] {processor.py:830} INFO - Processing file /home/airflow/.local/lib/python3.12/site-packages/airflow/example_dags/example_setup_teardown.py for tasks to queue
[2026-05-07T20:23:39.102+0000] {logging_mixin.py:188} INFO - [2026-05-07T20:23:39.102+0000] {dagbag.py:545} INFO - Filling up the DagBag from /home/airflow/.local/lib/python3.12/site-packages/airflow/example_dags/example_setup_teardown.py
[2026-05-07T20:23:39.111+0000] {processor.py:840} INFO - DAG(s) 'example_setup_teardown' retrieved from /home/airflow/.local/lib/python3.12/site-packages/airflow/example_dags/example_setup_teardown.py
[2026-05-07T20:23:39.132+0000] {logging_mixin.py:188} INFO - [2026-05-07T20:23:39.132+0000] {dag.py:3096} INFO - Sync 1 DAGs
[2026-05-07T20:23:39.153+0000] {logging_mixin.py:188} INFO - [2026-05-07T20:23:39.153+0000] {dag.py:3954} INFO - Setting next_dagrun for example_setup_teardown to 2026-05-06 00:00:00+00:00, run_after=2026-05-07 00:00:00+00:00
[2026-05-07T20:23:39.175+0000] {processor.py:183} INFO - Processing /home/airflow/.local/lib/python3.12/site-packages/airflow/example_dags/example_setup_teardown.py took 0.082 seconds
[2026-05-07T20:24:09.666+0000] {processor.py:161} INFO - Started process (PID=907) to work on /home/airflow/.local/lib/python3.12/site-packages/airflow/example_dags/example_setup_teardown.py
[2026-05-07T20:24:09.668+0000] {processor.py:830} INFO - Processing file /home/airflow/.local/lib/python3.12/site-packages/airflow/example_dags/example_setup_teardown.py for tasks to queue
[2026-05-07T20:24:09.671+0000] {logging_mixin.py:188} INFO - [2026-05-07T20:24:09.670+0000] {dagbag.py:545} INFO - Filling up the DagBag from /home/airflow/.local/lib/python3.12/site-packages/airflow/example_dags/example_setup_teardown.py
[2026-05-07T20:24:09.678+0000] {processor.py:840} INFO - DAG(s) 'example_setup_teardown' retrieved from /home/airflow/.local/lib/python3.12/site-packages/airflow/example_dags/example_setup_teardown.py
[2026-05-07T20:24:09.700+0000] {logging_mixin.py:188} INFO - [2026-05-07T20:24:09.700+0000] {dag.py:3096} INFO - Sync 1 DAGs
[2026-05-07T20:24:09.722+0000] {logging_mixin.py:188} INFO - [2026-05-07T20:24:09.722+0000] {dag.py:3954} INFO - Setting next_dagrun for example_setup_teardown to 2026-05-06 00:00:00+00:00, run_after=2026-05-07 00:00:00+00:00
[2026-05-07T20:24:09.743+0000] {processor.py:183} INFO - Processing /home/airflow/.local/lib/python3.12/site-packages/airflow/example_dags/example_setup_teardown.py took 0.085 seconds
[2026-05-07T20:24:40.075+0000] {processor.py:161} INFO - Started process (PID=965) to work on /home/airflow/.local/lib/python3.12/site-packages/airflow/example_dags/example_setup_teardown.py
[2026-05-07T20:24:40.076+0000] {processor.py:830} INFO - Processing file /home/airflow/.local/lib/python3.12/site-packages/airflow/example_dags/example_setup_teardown.py for tasks to queue
[2026-05-07T20:24:40.078+0000] {logging_mixin.py:188} INFO - [2026-05-07T20:24:40.078+0000] {dagbag.py:545} INFO - Filling up the DagBag from /home/airflow/.local/lib/python3.12/site-packages/airflow/example_dags/example_setup_teardown.py
[2026-05-07T20:24:40.085+0000] {processor.py:840} INFO - DAG(s) 'example_setup_teardown' retrieved from /home/airflow/.local/lib/python3.12/site-packages/airflow/example_dags/example_setup_teardown.py
[2026-05-07T20:24:40.108+0000] {logging_mixin.py:188} INFO - [2026-05-07T20:24:40.107+0000] {dag.py:3096} INFO - Sync 1 DAGs
[2026-05-07T20:24:40.131+0000] {logging_mixin.py:188} INFO - [2026-05-07T20:24:40.131+0000] {dag.py:3954} INFO - Setting next_dagrun for example_setup_teardown to 2026-05-06 00:00:00+00:00, run_after=2026-05-07 00:00:00+00:00
[2026-05-07T20:24:40.156+0000] {processor.py:183} INFO - Processing /home/airflow/.local/lib/python3.12/site-packages/airflow/example_dags/example_setup_teardown.py took 0.087 seconds
[2026-05-07T20:25:10.668+0000] {processor.py:161} INFO - Started process (PID=1023) to work on /home/airflow/.local/lib/python3.12/site-packages/airflow/example_dags/example_setup_teardown.py
[2026-05-07T20:25:10.670+0000] {processor.py:830} INFO - Processing file /home/airflow/.local/lib/python3.12/site-packages/airflow/example_dags/example_setup_teardown.py for tasks to queue
[2026-05-07T20:25:10.672+0000] {logging_mixin.py:188} INFO - [2026-05-07T20:25:10.672+0000] {dagbag.py:545} INFO - Filling up the DagBag from /home/airflow/.local/lib/python3.12/site-packages/airflow/example_dags/example_setup_teardown.py
[2026-05-07T20:25:10.678+0000] {processor.py:840} INFO - DAG(s) 'example_setup_teardown' retrieved from /home/airflow/.local/lib/python3.12/site-packages/airflow/example_dags/example_setup_teardown.py
[2026-05-07T20:25:10.702+0000] {logging_mixin.py:188} INFO - [2026-05-07T20:25:10.701+0000] {dag.py:3096} INFO - Sync 1 DAGs
[2026-05-07T20:25:10.723+0000] {logging_mixin.py:188} INFO - [2026-05-07T20:25:10.723+0000] {dag.py:3954} INFO - Setting next_dagrun for example_setup_teardown to 2026-05-06 00:00:00+00:00, run_after=2026-05-07 00:00:00+00:00
[2026-05-07T20:25:10.745+0000] {processor.py:183} INFO - Processing /home/airflow/.local/lib/python3.12/site-packages/airflow/example_dags/example_setup_teardown.py took 0.082 seconds
[2026-05-07T20:25:40.849+0000] {processor.py:161} INFO - Started process (PID=1081) to work on /home/airflow/.local/lib/python3.12/site-packages/airflow/example_dags/example_setup_teardown.py
[2026-05-07T20:25:40.851+0000] {processor.py:830} INFO - Processing file /home/airflow/.local/lib/python3.12/site-packages/airflow/example_dags/example_setup_teardown.py for tasks to queue
[2026-05-07T20:25:40.853+0000] {logging_mixin.py:188} INFO - [2026-05-07T20:25:40.853+0000] {dagbag.py:545} INFO - Filling up the DagBag from /home/airflow/.local/lib/python3.12/site-packages/airflow/example_dags/example_setup_teardown.py
[2026-05-07T20:25:40.864+0000] {processor.py:840} INFO - DAG(s) 'example_setup_teardown' retrieved from /home/airflow/.local/lib/python3.12/site-packages/airflow/example_dags/example_setup_teardown.py
[2026-05-07T20:25:40.904+0000] {logging_mixin.py:188} INFO - [2026-05-07T20:25:40.903+0000] {dag.py:3096} INFO - Sync 1 DAGs
[2026-05-07T20:25:40.985+0000] {logging_mixin.py:188} INFO - [2026-05-07T20:25:40.984+0000] {dag.py:3954} INFO - Setting next_dagrun for example_setup_teardown to 2026-05-06 00:00:00+00:00, run_after=2026-05-07 00:00:00+00:00
[2026-05-07T20:25:41.026+0000] {processor.py:183} INFO - Processing /home/airflow/.local/lib/python3.12/site-packages/airflow/example_dags/example_setup_teardown.py took 0.186 seconds
[2026-05-07T20:26:11.636+0000] {processor.py:161} INFO - Started process (PID=1139) to work on /home/airflow/.local/lib/python3.12/site-packages/airflow/example_dags/example_setup_teardown.py
[2026-05-07T20:26:11.640+0000] {processor.py:830} INFO - Processing file /home/airflow/.local/lib/python3.12/site-packages/airflow/example_dags/example_setup_teardown.py for tasks to queue
[2026-05-07T20:26:11.644+0000] {logging_mixin.py:188} INFO - [2026-05-07T20:26:11.644+0000] {dagbag.py:545} INFO - Filling up the DagBag from /home/airflow/.local/lib/python3.12/site-packages/airflow/example_dags/example_setup_teardown.py
[2026-05-07T20:26:11.658+0000] {processor.py:840} INFO - DAG(s) 'example_setup_teardown' retrieved from /home/airflow/.local/lib/python3.12/site-packages/airflow/example_dags/example_setup_teardown.py
[2026-05-07T20:26:11.694+0000] {logging_mixin.py:188} INFO - [2026-05-07T20:26:11.694+0000] {dag.py:3096} INFO - Sync 1 DAGs
[2026-05-07T20:26:11.726+0000] {logging_mixin.py:188} INFO - [2026-05-07T20:26:11.725+0000] {dag.py:3954} INFO - Setting next_dagrun for example_setup_teardown to 2026-05-06 00:00:00+00:00, run_after=2026-05-07 00:00:00+00:00
[2026-05-07T20:26:11.760+0000] {processor.py:183} INFO - Processing /home/airflow/.local/lib/python3.12/site-packages/airflow/example_dags/example_setup_teardown.py took 0.137 seconds
[2026-05-07T20:26:42.189+0000] {processor.py:161} INFO - Started process (PID=1198) to work on /home/airflow/.local/lib/python3.12/site-packages/airflow/example_dags/example_setup_teardown.py
[2026-05-07T20:26:42.191+0000] {processor.py:830} INFO - Processing file /home/airflow/.local/lib/python3.12/site-packages/airflow/example_dags/example_setup_teardown.py for tasks to queue
[2026-05-07T20:26:42.193+0000] {logging_mixin.py:188} INFO - [2026-05-07T20:26:42.193+0000] {dagbag.py:545} INFO - Filling up the DagBag from /home/airflow/.local/lib/python3.12/site-packages/airflow/example_dags/example_setup_teardown.py
[2026-05-07T20:26:42.199+0000] {processor.py:840} INFO - DAG(s) 'example_setup_teardown' retrieved from /home/airflow/.local/lib/python3.12/site-packages/airflow/example_dags/example_setup_teardown.py
[2026-05-07T20:26:42.219+0000] {logging_mixin.py:188} INFO - [2026-05-07T20:26:42.219+0000] {dag.py:3096} INFO - Sync 1 DAGs
[2026-05-07T20:26:42.240+0000] {logging_mixin.py:188} INFO - [2026-05-07T20:26:42.240+0000] {dag.py:3954} INFO - Setting next_dagrun for example_setup_teardown to 2026-05-06 00:00:00+00:00, run_after=2026-05-07 00:00:00+00:00
[2026-05-07T20:26:42.261+0000] {processor.py:183} INFO - Processing /home/airflow/.local/lib/python3.12/site-packages/airflow/example_dags/example_setup_teardown.py took 0.077 seconds
[2026-05-07T20:27:13.369+0000] {processor.py:161} INFO - Started process (PID=1255) to work on /home/airflow/.local/lib/python3.12/site-packages/airflow/example_dags/example_setup_teardown.py
[2026-05-07T20:27:13.370+0000] {processor.py:830} INFO - Processing file /home/airflow/.local/lib/python3.12/site-packages/airflow/example_dags/example_setup_teardown.py for tasks to queue
[2026-05-07T20:27:13.374+0000] {logging_mixin.py:188} INFO - [2026-05-07T20:27:13.373+0000] {dagbag.py:545} INFO - Filling up the DagBag from /home/airflow/.local/lib/python3.12/site-packages/airflow/example_dags/example_setup_teardown.py
[2026-05-07T20:27:13.384+0000] {processor.py:840} INFO - DAG(s) 'example_setup_teardown' retrieved from /home/airflow/.local/lib/python3.12/site-packages/airflow/example_dags/example_setup_teardown.py
[2026-05-07T20:27:13.415+0000] {logging_mixin.py:188} INFO - [2026-05-07T20:27:13.415+0000] {dag.py:3096} INFO - Sync 1 DAGs
[2026-05-07T20:27:13.437+0000] {logging_mixin.py:188} INFO - [2026-05-07T20:27:13.437+0000] {dag.py:3954} INFO - Setting next_dagrun for example_setup_teardown to 2026-05-06 00:00:00+00:00, run_after=2026-05-07 00:00:00+00:00
[2026-05-07T20:27:13.460+0000] {processor.py:183} INFO - Processing /home/airflow/.local/lib/python3.12/site-packages/airflow/example_dags/example_setup_teardown.py took 0.098 seconds
[2026-05-07T20:27:43.553+0000] {processor.py:161} INFO - Started process (PID=1312) to work on /home/airflow/.local/lib/python3.12/site-packages/airflow/example_dags/example_setup_teardown.py
[2026-05-07T20:27:43.554+0000] {processor.py:830} INFO - Processing file /home/airflow/.local/lib/python3.12/site-packages/airflow/example_dags/example_setup_teardown.py for tasks to queue
[2026-05-07T20:27:43.556+0000] {logging_mixin.py:188} INFO - [2026-05-07T20:27:43.556+0000] {dagbag.py:545} INFO - Filling up the DagBag from /home/airflow/.local/lib/python3.12/site-packages/airflow/example_dags/example_setup_teardown.py
[2026-05-07T20:27:43.562+0000] {processor.py:840} INFO - DAG(s) 'example_setup_teardown' retrieved from /home/airflow/.local/lib/python3.12/site-packages/airflow/example_dags/example_setup_teardown.py
[2026-05-07T20:27:43.580+0000] {logging_mixin.py:188} INFO - [2026-05-07T20:27:43.580+0000] {dag.py:3096} INFO - Sync 1 DAGs
[2026-05-07T20:27:43.598+0000] {logging_mixin.py:188} INFO - [2026-05-07T20:27:43.597+0000] {dag.py:3954} INFO - Setting next_dagrun for example_setup_teardown to 2026-05-06 00:00:00+00:00, run_after=2026-05-07 00:00:00+00:00
[2026-05-07T20:27:43.617+0000] {processor.py:183} INFO - Processing /home/airflow/.local/lib/python3.12/site-packages/airflow/example_dags/example_setup_teardown.py took 0.069 seconds
[2026-05-07T20:28:14.858+0000] {processor.py:161} INFO - Started process (PID=1370) to work on /home/airflow/.local/lib/python3.12/site-packages/airflow/example_dags/example_setup_teardown.py
[2026-05-07T20:28:14.860+0000] {processor.py:830} INFO - Processing file /home/airflow/.local/lib/python3.12/site-packages/airflow/example_dags/example_setup_teardown.py for tasks to queue
[2026-05-07T20:28:14.862+0000] {logging_mixin.py:188} INFO - [2026-05-07T20:28:14.862+0000] {dagbag.py:545} INFO - Filling up the DagBag from /home/airflow/.local/lib/python3.12/site-packages/airflow/example_dags/example_setup_teardown.py
[2026-05-07T20:28:14.869+0000] {processor.py:840} INFO - DAG(s) 'example_setup_teardown' retrieved from /home/airflow/.local/lib/python3.12/site-packages/airflow/example_dags/example_setup_teardown.py
[2026-05-07T20:28:14.891+0000] {logging_mixin.py:188} INFO - [2026-05-07T20:28:14.891+0000] {dag.py:3096} INFO - Sync 1 DAGs
[2026-05-07T20:28:14.912+0000] {logging_mixin.py:188} INFO - [2026-05-07T20:28:14.912+0000] {dag.py:3954} INFO - Setting next_dagrun for example_setup_teardown to 2026-05-06 00:00:00+00:00, run_after=2026-05-07 00:00:00+00:00
[2026-05-07T20:28:14.934+0000] {processor.py:183} INFO - Processing /home/airflow/.local/lib/python3.12/site-packages/airflow/example_dags/example_setup_teardown.py took 0.081 seconds
[2026-05-07T20:28:45.191+0000] {processor.py:161} INFO - Started process (PID=1428) to work on /home/airflow/.local/lib/python3.12/site-packages/airflow/example_dags/example_setup_teardown.py
[2026-05-07T20:28:45.193+0000] {processor.py:830} INFO - Processing file /home/airflow/.local/lib/python3.12/site-packages/airflow/example_dags/example_setup_teardown.py for tasks to queue
[2026-05-07T20:28:45.195+0000] {logging_mixin.py:188} INFO - [2026-05-07T20:28:45.195+0000] {dagbag.py:545} INFO - Filling up the DagBag from /home/airflow/.local/lib/python3.12/site-packages/airflow/example_dags/example_setup_teardown.py
[2026-05-07T20:28:45.202+0000] {processor.py:840} INFO - DAG(s) 'example_setup_teardown' retrieved from /home/airflow/.local/lib/python3.12/site-packages/airflow/example_dags/example_setup_teardown.py
[2026-05-07T20:28:45.225+0000] {logging_mixin.py:188} INFO - [2026-05-07T20:28:45.224+0000] {dag.py:3096} INFO - Sync 1 DAGs
[2026-05-07T20:28:45.245+0000] {logging_mixin.py:188} INFO - [2026-05-07T20:28:45.245+0000] {dag.py:3954} INFO - Setting next_dagrun for example_setup_teardown to 2026-05-06 00:00:00+00:00, run_after=2026-05-07 00:00:00+00:00
[2026-05-07T20:28:45.267+0000] {processor.py:183} INFO - Processing /home/airflow/.local/lib/python3.12/site-packages/airflow/example_dags/example_setup_teardown.py took 0.081 seconds
[2026-05-07T20:29:15.774+0000] {processor.py:161} INFO - Started process (PID=1486) to work on /home/airflow/.local/lib/python3.12/site-packages/airflow/example_dags/example_setup_teardown.py
[2026-05-07T20:29:15.776+0000] {processor.py:830} INFO - Processing file /home/airflow/.local/lib/python3.12/site-packages/airflow/example_dags/example_setup_teardown.py for tasks to queue
[2026-05-07T20:29:15.779+0000] {logging_mixin.py:188} INFO - [2026-05-07T20:29:15.779+0000] {dagbag.py:545} INFO - Filling up the DagBag from /home/airflow/.local/lib/python3.12/site-packages/airflow/example_dags/example_setup_teardown.py
[2026-05-07T20:29:15.787+0000] {processor.py:840} INFO - DAG(s) 'example_setup_teardown' retrieved from /home/airflow/.local/lib/python3.12/site-packages/airflow/example_dags/example_setup_teardown.py
[2026-05-07T20:29:15.815+0000] {logging_mixin.py:188} INFO - [2026-05-07T20:29:15.815+0000] {dag.py:3096} INFO - Sync 1 DAGs
[2026-05-07T20:29:15.842+0000] {logging_mixin.py:188} INFO - [2026-05-07T20:29:15.842+0000] {dag.py:3954} INFO - Setting next_dagrun for example_setup_teardown to 2026-05-06 00:00:00+00:00, run_after=2026-05-07 00:00:00+00:00
[2026-05-07T20:29:15.876+0000] {processor.py:183} INFO - Processing /home/airflow/.local/lib/python3.12/site-packages/airflow/example_dags/example_setup_teardown.py took 0.108 seconds
[2026-05-07T20:29:46.413+0000] {processor.py:161} INFO - Started process (PID=1544) to work on /home/airflow/.local/lib/python3.12/site-packages/airflow/example_dags/example_setup_teardown.py
[2026-05-07T20:29:46.414+0000] {processor.py:830} INFO - Processing file /home/airflow/.local/lib/python3.12/site-packages/airflow/example_dags/example_setup_teardown.py for tasks to queue
[2026-05-07T20:29:46.417+0000] {logging_mixin.py:188} INFO - [2026-05-07T20:29:46.417+0000] {dagbag.py:545} INFO - Filling up the DagBag from /home/airflow/.local/lib/python3.12/site-packages/airflow/example_dags/example_setup_teardown.py
[2026-05-07T20:29:46.427+0000] {processor.py:840} INFO - DAG(s) 'example_setup_teardown' retrieved from /home/airflow/.local/lib/python3.12/site-packages/airflow/example_dags/example_setup_teardown.py
[2026-05-07T20:29:46.453+0000] {logging_mixin.py:188} INFO - [2026-05-07T20:29:46.453+0000] {dag.py:3096} INFO - Sync 1 DAGs
[2026-05-07T20:29:46.481+0000] {logging_mixin.py:188} INFO - [2026-05-07T20:29:46.481+0000] {dag.py:3954} INFO - Setting next_dagrun for example_setup_teardown to 2026-05-06 00:00:00+00:00, run_after=2026-05-07 00:00:00+00:00
[2026-05-07T20:29:46.513+0000] {processor.py:183} INFO - Processing /home/airflow/.local/lib/python3.12/site-packages/airflow/example_dags/example_setup_teardown.py took 0.106 seconds
[2026-05-07T20:30:17.728+0000] {processor.py:161} INFO - Started process (PID=1602) to work on /home/airflow/.local/lib/python3.12/site-packages/airflow/example_dags/example_setup_teardown.py
[2026-05-07T20:30:17.731+0000] {processor.py:830} INFO - Processing file /home/airflow/.local/lib/python3.12/site-packages/airflow/example_dags/example_setup_teardown.py for tasks to queue
[2026-05-07T20:30:17.735+0000] {logging_mixin.py:188} INFO - [2026-05-07T20:30:17.734+0000] {dagbag.py:545} INFO - Filling up the DagBag from /home/airflow/.local/lib/python3.12/site-packages/airflow/example_dags/example_setup_teardown.py
[2026-05-07T20:30:17.747+0000] {processor.py:840} INFO - DAG(s) 'example_setup_teardown' retrieved from /home/airflow/.local/lib/python3.12/site-packages/airflow/example_dags/example_setup_teardown.py
[2026-05-07T20:30:17.780+0000] {logging_mixin.py:188} INFO - [2026-05-07T20:30:17.780+0000] {dag.py:3096} INFO - Sync 1 DAGs
[2026-05-07T20:30:17.815+0000] {logging_mixin.py:188} INFO - [2026-05-07T20:30:17.815+0000] {dag.py:3954} INFO - Setting next_dagrun for example_setup_teardown to 2026-05-06 00:00:00+00:00, run_after=2026-05-07 00:00:00+00:00
[2026-05-07T20:30:18.025+0000] {processor.py:183} INFO - Processing /home/airflow/.local/lib/python3.12/site-packages/airflow/example_dags/example_setup_teardown.py took 0.308 seconds
[2026-05-07T20:30:48.850+0000] {processor.py:161} INFO - Started process (PID=1660) to work on /home/airflow/.local/lib/python3.12/site-packages/airflow/example_dags/example_setup_teardown.py
[2026-05-07T20:30:48.851+0000] {processor.py:830} INFO - Processing file /home/airflow/.local/lib/python3.12/site-packages/airflow/example_dags/example_setup_teardown.py for tasks to queue
[2026-05-07T20:30:48.854+0000] {logging_mixin.py:188} INFO - [2026-05-07T20:30:48.854+0000] {dagbag.py:545} INFO - Filling up the DagBag from /home/airflow/.local/lib/python3.12/site-packages/airflow/example_dags/example_setup_teardown.py
[2026-05-07T20:30:48.863+0000] {processor.py:840} INFO - DAG(s) 'example_setup_teardown' retrieved from /home/airflow/.local/lib/python3.12/site-packages/airflow/example_dags/example_setup_teardown.py
[2026-05-07T20:30:48.884+0000] {logging_mixin.py:188} INFO - [2026-05-07T20:30:48.884+0000] {dag.py:3096} INFO - Sync 1 DAGs
[2026-05-07T20:30:48.906+0000] {logging_mixin.py:188} INFO - [2026-05-07T20:30:48.906+0000] {dag.py:3954} INFO - Setting next_dagrun for example_setup_teardown to 2026-05-06 00:00:00+00:00, run_after=2026-05-07 00:00:00+00:00
[2026-05-07T20:30:48.928+0000] {processor.py:183} INFO - Processing /home/airflow/.local/lib/python3.12/site-packages/airflow/example_dags/example_setup_teardown.py took 0.086 seconds
[2026-05-07T20:31:20.108+0000] {processor.py:161} INFO - Started process (PID=1718) to work on /home/airflow/.local/lib/python3.12/site-packages/airflow/example_dags/example_setup_teardown.py
[2026-05-07T20:31:20.109+0000] {processor.py:830} INFO - Processing file /home/airflow/.local/lib/python3.12/site-packages/airflow/example_dags/example_setup_teardown.py for tasks to queue
[2026-05-07T20:31:20.112+0000] {logging_mixin.py:188} INFO - [2026-05-07T20:31:20.111+0000] {dagbag.py:545} INFO - Filling up the DagBag from /home/airflow/.local/lib/python3.12/site-packages/airflow/example_dags/example_setup_teardown.py
[2026-05-07T20:31:20.119+0000] {processor.py:840} INFO - DAG(s) 'example_setup_teardown' retrieved from /home/airflow/.local/lib/python3.12/site-packages/airflow/example_dags/example_setup_teardown.py
[2026-05-07T20:31:20.141+0000] {logging_mixin.py:188} INFO - [2026-05-07T20:31:20.141+0000] {dag.py:3096} INFO - Sync 1 DAGs
[2026-05-07T20:31:20.161+0000] {logging_mixin.py:188} INFO - [2026-05-07T20:31:20.161+0000] {dag.py:3954} INFO - Setting next_dagrun for example_setup_teardown to 2026-05-06 00:00:00+00:00, run_after=2026-05-07 00:00:00+00:00
[2026-05-07T20:31:20.187+0000] {processor.py:183} INFO - Processing /home/airflow/.local/lib/python3.12/site-packages/airflow/example_dags/example_setup_teardown.py took 0.085 seconds
[2026-05-07T20:31:50.373+0000] {processor.py:161} INFO - Started process (PID=1777) to work on /home/airflow/.local/lib/python3.12/site-packages/airflow/example_dags/example_setup_teardown.py
[2026-05-07T20:31:50.375+0000] {processor.py:830} INFO - Processing file /home/airflow/.local/lib/python3.12/site-packages/airflow/example_dags/example_setup_teardown.py for tasks to queue
[2026-05-07T20:31:50.378+0000] {logging_mixin.py:188} INFO - [2026-05-07T20:31:50.377+0000] {dagbag.py:545} INFO - Filling up the DagBag from /home/airflow/.local/lib/python3.12/site-packages/airflow/example_dags/example_setup_teardown.py
[2026-05-07T20:31:50.387+0000] {processor.py:840} INFO - DAG(s) 'example_setup_teardown' retrieved from /home/airflow/.local/lib/python3.12/site-packages/airflow/example_dags/example_setup_teardown.py
[2026-05-07T20:31:50.413+0000] {logging_mixin.py:188} INFO - [2026-05-07T20:31:50.413+0000] {dag.py:3096} INFO - Sync 1 DAGs
[2026-05-07T20:31:50.439+0000] {logging_mixin.py:188} INFO - [2026-05-07T20:31:50.439+0000] {dag.py:3954} INFO - Setting next_dagrun for example_setup_teardown to 2026-05-06 00:00:00+00:00, run_after=2026-05-07 00:00:00+00:00
[2026-05-07T20:31:50.518+0000] {processor.py:183} INFO - Processing /home/airflow/.local/lib/python3.12/site-packages/airflow/example_dags/example_setup_teardown.py took 0.153 seconds
[2026-05-07T20:32:21.246+0000] {processor.py:161} INFO - Started process (PID=1835) to work on /home/airflow/.local/lib/python3.12/site-packages/airflow/example_dags/example_setup_teardown.py
[2026-05-07T20:32:21.247+0000] {processor.py:830} INFO - Processing file /home/airflow/.local/lib/python3.12/site-packages/airflow/example_dags/example_setup_teardown.py for tasks to queue
[2026-05-07T20:32:21.250+0000] {logging_mixin.py:188} INFO - [2026-05-07T20:32:21.249+0000] {dagbag.py:545} INFO - Filling up the DagBag from /home/airflow/.local/lib/python3.12/site-packages/airflow/example_dags/example_setup_teardown.py
[2026-05-07T20:32:21.256+0000] {processor.py:840} INFO - DAG(s) 'example_setup_teardown' retrieved from /home/airflow/.local/lib/python3.12/site-packages/airflow/example_dags/example_setup_teardown.py
[2026-05-07T20:32:21.421+0000] {logging_mixin.py:188} INFO - [2026-05-07T20:32:21.420+0000] {dag.py:3096} INFO - Sync 1 DAGs
[2026-05-07T20:32:21.436+0000] {logging_mixin.py:188} INFO - [2026-05-07T20:32:21.436+0000] {dag.py:3954} INFO - Setting next_dagrun for example_setup_teardown to 2026-05-06 00:00:00+00:00, run_after=2026-05-07 00:00:00+00:00
[2026-05-07T20:32:21.453+0000] {processor.py:183} INFO - Processing /home/airflow/.local/lib/python3.12/site-packages/airflow/example_dags/example_setup_teardown.py took 0.214 seconds
[2026-05-07T20:32:51.558+0000] {processor.py:161} INFO - Started process (PID=1893) to work on /home/airflow/.local/lib/python3.12/site-packages/airflow/example_dags/example_setup_teardown.py
[2026-05-07T20:32:51.560+0000] {processor.py:830} INFO - Processing file /home/airflow/.local/lib/python3.12/site-packages/airflow/example_dags/example_setup_teardown.py for tasks to queue
[2026-05-07T20:32:51.562+0000] {logging_mixin.py:188} INFO - [2026-05-07T20:32:51.562+0000] {dagbag.py:545} INFO - Filling up the DagBag from /home/airflow/.local/lib/python3.12/site-packages/airflow/example_dags/example_setup_teardown.py
[2026-05-07T20:32:51.569+0000] {processor.py:840} INFO - DAG(s) 'example_setup_teardown' retrieved from /home/airflow/.local/lib/python3.12/site-packages/airflow/example_dags/example_setup_teardown.py
[2026-05-07T20:32:51.589+0000] {logging_mixin.py:188} INFO - [2026-05-07T20:32:51.588+0000] {dag.py:3096} INFO - Sync 1 DAGs
[2026-05-07T20:32:51.651+0000] {logging_mixin.py:188} INFO - [2026-05-07T20:32:51.651+0000] {dag.py:3954} INFO - Setting next_dagrun for example_setup_teardown to 2026-05-06 00:00:00+00:00, run_after=2026-05-07 00:00:00+00:00
[2026-05-07T20:32:51.688+0000] {processor.py:183} INFO - Processing /home/airflow/.local/lib/python3.12/site-packages/airflow/example_dags/example_setup_teardown.py took 0.135 seconds
[2026-05-07T20:33:22.288+0000] {processor.py:161} INFO - Started process (PID=1950) to work on /home/airflow/.local/lib/python3.12/site-packages/airflow/example_dags/example_setup_teardown.py
[2026-05-07T20:33:22.290+0000] {processor.py:830} INFO - Processing file /home/airflow/.local/lib/python3.12/site-packages/airflow/example_dags/example_setup_teardown.py for tasks to queue
[2026-05-07T20:33:22.294+0000] {logging_mixin.py:188} INFO - [2026-05-07T20:33:22.293+0000] {dagbag.py:545} INFO - Filling up the DagBag from /home/airflow/.local/lib/python3.12/site-packages/airflow/example_dags/example_setup_teardown.py
[2026-05-07T20:33:22.302+0000] {processor.py:840} INFO - DAG(s) 'example_setup_teardown' retrieved from /home/airflow/.local/lib/python3.12/site-packages/airflow/example_dags/example_setup_teardown.py
[2026-05-07T20:33:22.331+0000] {logging_mixin.py:188} INFO - [2026-05-07T20:33:22.330+0000] {dag.py:3096} INFO - Sync 1 DAGs
[2026-05-07T20:33:22.354+0000] {logging_mixin.py:188} INFO - [2026-05-07T20:33:22.353+0000] {dag.py:3954} INFO - Setting next_dagrun for example_setup_teardown to 2026-05-06 00:00:00+00:00, run_after=2026-05-07 00:00:00+00:00
[2026-05-07T20:33:22.424+0000] {processor.py:183} INFO - Processing /home/airflow/.local/lib/python3.12/site-packages/airflow/example_dags/example_setup_teardown.py took 0.144 seconds
[2026-05-07T20:33:52.470+0000] {processor.py:161} INFO - Started process (PID=2008) to work on /home/airflow/.local/lib/python3.12/site-packages/airflow/example_dags/example_setup_teardown.py
[2026-05-07T20:33:52.472+0000] {processor.py:830} INFO - Processing file /home/airflow/.local/lib/python3.12/site-packages/airflow/example_dags/example_setup_teardown.py for tasks to queue
[2026-05-07T20:33:52.474+0000] {logging_mixin.py:188} INFO - [2026-05-07T20:33:52.474+0000] {dagbag.py:545} INFO - Filling up the DagBag from /home/airflow/.local/lib/python3.12/site-packages/airflow/example_dags/example_setup_teardown.py
[2026-05-07T20:33:52.481+0000] {processor.py:840} INFO - DAG(s) 'example_setup_teardown' retrieved from /home/airflow/.local/lib/python3.12/site-packages/airflow/example_dags/example_setup_teardown.py
[2026-05-07T20:33:52.501+0000] {logging_mixin.py:188} INFO - [2026-05-07T20:33:52.500+0000] {dag.py:3096} INFO - Sync 1 DAGs
[2026-05-07T20:33:52.523+0000] {logging_mixin.py:188} INFO - [2026-05-07T20:33:52.523+0000] {dag.py:3954} INFO - Setting next_dagrun for example_setup_teardown to 2026-05-06 00:00:00+00:00, run_after=2026-05-07 00:00:00+00:00
[2026-05-07T20:33:52.544+0000] {processor.py:183} INFO - Processing /home/airflow/.local/lib/python3.12/site-packages/airflow/example_dags/example_setup_teardown.py took 0.079 seconds
[2026-05-07T20:34:22.877+0000] {processor.py:161} INFO - Started process (PID=2067) to work on /home/airflow/.local/lib/python3.12/site-packages/airflow/example_dags/example_setup_teardown.py
[2026-05-07T20:34:22.878+0000] {processor.py:830} INFO - Processing file /home/airflow/.local/lib/python3.12/site-packages/airflow/example_dags/example_setup_teardown.py for tasks to queue
[2026-05-07T20:34:22.881+0000] {logging_mixin.py:188} INFO - [2026-05-07T20:34:22.881+0000] {dagbag.py:545} INFO - Filling up the DagBag from /home/airflow/.local/lib/python3.12/site-packages/airflow/example_dags/example_setup_teardown.py
[2026-05-07T20:34:22.888+0000] {processor.py:840} INFO - DAG(s) 'example_setup_teardown' retrieved from /home/airflow/.local/lib/python3.12/site-packages/airflow/example_dags/example_setup_teardown.py
[2026-05-07T20:34:22.910+0000] {logging_mixin.py:188} INFO - [2026-05-07T20:34:22.909+0000] {dag.py:3096} INFO - Sync 1 DAGs
[2026-05-07T20:34:22.927+0000] {logging_mixin.py:188} INFO - [2026-05-07T20:34:22.927+0000] {dag.py:3954} INFO - Setting next_dagrun for example_setup_teardown to 2026-05-06 00:00:00+00:00, run_after=2026-05-07 00:00:00+00:00
[2026-05-07T20:34:22.945+0000] {processor.py:183} INFO - Processing /home/airflow/.local/lib/python3.12/site-packages/airflow/example_dags/example_setup_teardown.py took 0.077 seconds
[2026-05-07T20:34:53.266+0000] {processor.py:161} INFO - Started process (PID=2125) to work on /home/airflow/.local/lib/python3.12/site-packages/airflow/example_dags/example_setup_teardown.py
[2026-05-07T20:34:53.267+0000] {processor.py:830} INFO - Processing file /home/airflow/.local/lib/python3.12/site-packages/airflow/example_dags/example_setup_teardown.py for tasks to queue
[2026-05-07T20:34:53.270+0000] {logging_mixin.py:188} INFO - [2026-05-07T20:34:53.270+0000] {dagbag.py:545} INFO - Filling up the DagBag from /home/airflow/.local/lib/python3.12/site-packages/airflow/example_dags/example_setup_teardown.py
[2026-05-07T20:34:53.277+0000] {processor.py:840} INFO - DAG(s) 'example_setup_teardown' retrieved from /home/airflow/.local/lib/python3.12/site-packages/airflow/example_dags/example_setup_teardown.py
[2026-05-07T20:34:53.297+0000] {logging_mixin.py:188} INFO - [2026-05-07T20:34:53.297+0000] {dag.py:3096} INFO - Sync 1 DAGs
[2026-05-07T20:34:53.315+0000] {logging_mixin.py:188} INFO - [2026-05-07T20:34:53.315+0000] {dag.py:3954} INFO - Setting next_dagrun for example_setup_teardown to 2026-05-06 00:00:00+00:00, run_after=2026-05-07 00:00:00+00:00
[2026-05-07T20:34:53.333+0000] {processor.py:183} INFO - Processing /home/airflow/.local/lib/python3.12/site-packages/airflow/example_dags/example_setup_teardown.py took 0.073 seconds
[2026-05-07T20:35:23.810+0000] {processor.py:161} INFO - Started process (PID=2183) to work on /home/airflow/.local/lib/python3.12/site-packages/airflow/example_dags/example_setup_teardown.py
[2026-05-07T20:35:23.811+0000] {processor.py:830} INFO - Processing file /home/airflow/.local/lib/python3.12/site-packages/airflow/example_dags/example_setup_teardown.py for tasks to queue
[2026-05-07T20:35:23.813+0000] {logging_mixin.py:188} INFO - [2026-05-07T20:35:23.813+0000] {dagbag.py:545} INFO - Filling up the DagBag from /home/airflow/.local/lib/python3.12/site-packages/airflow/example_dags/example_setup_teardown.py
[2026-05-07T20:35:23.821+0000] {processor.py:840} INFO - DAG(s) 'example_setup_teardown' retrieved from /home/airflow/.local/lib/python3.12/site-packages/airflow/example_dags/example_setup_teardown.py
[2026-05-07T20:35:23.840+0000] {logging_mixin.py:188} INFO - [2026-05-07T20:35:23.840+0000] {dag.py:3096} INFO - Sync 1 DAGs
[2026-05-07T20:35:23.859+0000] {logging_mixin.py:188} INFO - [2026-05-07T20:35:23.859+0000] {dag.py:3954} INFO - Setting next_dagrun for example_setup_teardown to 2026-05-06 00:00:00+00:00, run_after=2026-05-07 00:00:00+00:00
[2026-05-07T20:35:23.875+0000] {processor.py:183} INFO - Processing /home/airflow/.local/lib/python3.12/site-packages/airflow/example_dags/example_setup_teardown.py took 0.071 seconds
[2026-05-07T20:35:54.685+0000] {processor.py:161} INFO - Started process (PID=2241) to work on /home/airflow/.local/lib/python3.12/site-packages/airflow/example_dags/example_setup_teardown.py
[2026-05-07T20:35:54.686+0000] {processor.py:830} INFO - Processing file /home/airflow/.local/lib/python3.12/site-packages/airflow/example_dags/example_setup_teardown.py for tasks to queue
[2026-05-07T20:35:54.688+0000] {logging_mixin.py:188} INFO - [2026-05-07T20:35:54.688+0000] {dagbag.py:545} INFO - Filling up the DagBag from /home/airflow/.local/lib/python3.12/site-packages/airflow/example_dags/example_setup_teardown.py
[2026-05-07T20:35:54.697+0000] {processor.py:840} INFO - DAG(s) 'example_setup_teardown' retrieved from /home/airflow/.local/lib/python3.12/site-packages/airflow/example_dags/example_setup_teardown.py
[2026-05-07T20:35:54.718+0000] {logging_mixin.py:188} INFO - [2026-05-07T20:35:54.717+0000] {dag.py:3096} INFO - Sync 1 DAGs
[2026-05-07T20:35:54.735+0000] {logging_mixin.py:188} INFO - [2026-05-07T20:35:54.735+0000] {dag.py:3954} INFO - Setting next_dagrun for example_setup_teardown to 2026-05-06 00:00:00+00:00, run_after=2026-05-07 00:00:00+00:00
[2026-05-07T20:35:54.753+0000] {processor.py:183} INFO - Processing /home/airflow/.local/lib/python3.12/site-packages/airflow/example_dags/example_setup_teardown.py took 0.073 seconds
[2026-05-07T20:36:25.033+0000] {processor.py:161} INFO - Started process (PID=2300) to work on /home/airflow/.local/lib/python3.12/site-packages/airflow/example_dags/example_setup_teardown.py
[2026-05-07T20:36:25.035+0000] {processor.py:830} INFO - Processing file /home/airflow/.local/lib/python3.12/site-packages/airflow/example_dags/example_setup_teardown.py for tasks to queue
[2026-05-07T20:36:25.037+0000] {logging_mixin.py:188} INFO - [2026-05-07T20:36:25.037+0000] {dagbag.py:545} INFO - Filling up the DagBag from /home/airflow/.local/lib/python3.12/site-packages/airflow/example_dags/example_setup_teardown.py
[2026-05-07T20:36:25.044+0000] {processor.py:840} INFO - DAG(s) 'example_setup_teardown' retrieved from /home/airflow/.local/lib/python3.12/site-packages/airflow/example_dags/example_setup_teardown.py
[2026-05-07T20:36:25.066+0000] {logging_mixin.py:188} INFO - [2026-05-07T20:36:25.066+0000] {dag.py:3096} INFO - Sync 1 DAGs
[2026-05-07T20:36:25.084+0000] {logging_mixin.py:188} INFO - [2026-05-07T20:36:25.084+0000] {dag.py:3954} INFO - Setting next_dagrun for example_setup_teardown to 2026-05-06 00:00:00+00:00, run_after=2026-05-07 00:00:00+00:00
[2026-05-07T20:36:25.104+0000] {processor.py:183} INFO - Processing /home/airflow/.local/lib/python3.12/site-packages/airflow/example_dags/example_setup_teardown.py took 0.077 seconds
[2026-05-07T20:36:55.748+0000] {processor.py:161} INFO - Started process (PID=2358) to work on /home/airflow/.local/lib/python3.12/site-packages/airflow/example_dags/example_setup_teardown.py
[2026-05-07T20:36:55.750+0000] {processor.py:830} INFO - Processing file /home/airflow/.local/lib/python3.12/site-packages/airflow/example_dags/example_setup_teardown.py for tasks to queue
[2026-05-07T20:36:55.752+0000] {logging_mixin.py:188} INFO - [2026-05-07T20:36:55.752+0000] {dagbag.py:545} INFO - Filling up the DagBag from /home/airflow/.local/lib/python3.12/site-packages/airflow/example_dags/example_setup_teardown.py
[2026-05-07T20:36:55.758+0000] {processor.py:840} INFO - DAG(s) 'example_setup_teardown' retrieved from /home/airflow/.local/lib/python3.12/site-packages/airflow/example_dags/example_setup_teardown.py
[2026-05-07T20:36:55.781+0000] {logging_mixin.py:188} INFO - [2026-05-07T20:36:55.780+0000] {dag.py:3096} INFO - Sync 1 DAGs
[2026-05-07T20:36:55.799+0000] {logging_mixin.py:188} INFO - [2026-05-07T20:36:55.799+0000] {dag.py:3954} INFO - Setting next_dagrun for example_setup_teardown to 2026-05-06 00:00:00+00:00, run_after=2026-05-07 00:00:00+00:00
[2026-05-07T20:36:55.815+0000] {processor.py:183} INFO - Processing /home/airflow/.local/lib/python3.12/site-packages/airflow/example_dags/example_setup_teardown.py took 0.072 seconds
[2026-05-07T20:37:26.572+0000] {processor.py:161} INFO - Started process (PID=2416) to work on /home/airflow/.local/lib/python3.12/site-packages/airflow/example_dags/example_setup_teardown.py
[2026-05-07T20:37:26.574+0000] {processor.py:830} INFO - Processing file /home/airflow/.local/lib/python3.12/site-packages/airflow/example_dags/example_setup_teardown.py for tasks to queue
[2026-05-07T20:37:26.576+0000] {logging_mixin.py:188} INFO - [2026-05-07T20:37:26.576+0000] {dagbag.py:545} INFO - Filling up the DagBag from /home/airflow/.local/lib/python3.12/site-packages/airflow/example_dags/example_setup_teardown.py
[2026-05-07T20:37:26.583+0000] {processor.py:840} INFO - DAG(s) 'example_setup_teardown' retrieved from /home/airflow/.local/lib/python3.12/site-packages/airflow/example_dags/example_setup_teardown.py
[2026-05-07T20:37:26.604+0000] {logging_mixin.py:188} INFO - [2026-05-07T20:37:26.604+0000] {dag.py:3096} INFO - Sync 1 DAGs
[2026-05-07T20:37:26.628+0000] {logging_mixin.py:188} INFO - [2026-05-07T20:37:26.628+0000] {dag.py:3954} INFO - Setting next_dagrun for example_setup_teardown to 2026-05-06 00:00:00+00:00, run_after=2026-05-07 00:00:00+00:00
[2026-05-07T20:37:26.649+0000] {processor.py:183} INFO - Processing /home/airflow/.local/lib/python3.12/site-packages/airflow/example_dags/example_setup_teardown.py took 0.083 seconds
[2026-05-07T20:37:57.025+0000] {processor.py:161} INFO - Started process (PID=2474) to work on /home/airflow/.local/lib/python3.12/site-packages/airflow/example_dags/example_setup_teardown.py
[2026-05-07T20:37:57.027+0000] {processor.py:830} INFO - Processing file /home/airflow/.local/lib/python3.12/site-packages/airflow/example_dags/example_setup_teardown.py for tasks to queue
[2026-05-07T20:37:57.031+0000] {logging_mixin.py:188} INFO - [2026-05-07T20:37:57.031+0000] {dagbag.py:545} INFO - Filling up the DagBag from /home/airflow/.local/lib/python3.12/site-packages/airflow/example_dags/example_setup_teardown.py
[2026-05-07T20:37:57.040+0000] {processor.py:840} INFO - DAG(s) 'example_setup_teardown' retrieved from /home/airflow/.local/lib/python3.12/site-packages/airflow/example_dags/example_setup_teardown.py
[2026-05-07T20:37:57.062+0000] {logging_mixin.py:188} INFO - [2026-05-07T20:37:57.062+0000] {dag.py:3096} INFO - Sync 1 DAGs
[2026-05-07T20:37:57.083+0000] {logging_mixin.py:188} INFO - [2026-05-07T20:37:57.083+0000] {dag.py:3954} INFO - Setting next_dagrun for example_setup_teardown to 2026-05-06 00:00:00+00:00, run_after=2026-05-07 00:00:00+00:00
[2026-05-07T20:37:57.109+0000] {processor.py:183} INFO - Processing /home/airflow/.local/lib/python3.12/site-packages/airflow/example_dags/example_setup_teardown.py took 0.092 seconds
[2026-05-07T20:38:27.425+0000] {processor.py:161} INFO - Started process (PID=2532) to work on /home/airflow/.local/lib/python3.12/site-packages/airflow/example_dags/example_setup_teardown.py
[2026-05-07T20:38:27.426+0000] {processor.py:830} INFO - Processing file /home/airflow/.local/lib/python3.12/site-packages/airflow/example_dags/example_setup_teardown.py for tasks to queue
[2026-05-07T20:38:27.429+0000] {logging_mixin.py:188} INFO - [2026-05-07T20:38:27.428+0000] {dagbag.py:545} INFO - Filling up the DagBag from /home/airflow/.local/lib/python3.12/site-packages/airflow/example_dags/example_setup_teardown.py
[2026-05-07T20:38:27.435+0000] {processor.py:840} INFO - DAG(s) 'example_setup_teardown' retrieved from /home/airflow/.local/lib/python3.12/site-packages/airflow/example_dags/example_setup_teardown.py
[2026-05-07T20:38:27.453+0000] {logging_mixin.py:188} INFO - [2026-05-07T20:38:27.453+0000] {dag.py:3096} INFO - Sync 1 DAGs
[2026-05-07T20:38:27.473+0000] {logging_mixin.py:188} INFO - [2026-05-07T20:38:27.473+0000] {dag.py:3954} INFO - Setting next_dagrun for example_setup_teardown to 2026-05-06 00:00:00+00:00, run_after=2026-05-07 00:00:00+00:00
[2026-05-07T20:38:27.558+0000] {processor.py:183} INFO - Processing /home/airflow/.local/lib/python3.12/site-packages/airflow/example_dags/example_setup_teardown.py took 0.138 seconds
[2026-05-07T20:38:57.604+0000] {processor.py:161} INFO - Started process (PID=2590) to work on /home/airflow/.local/lib/python3.12/site-packages/airflow/example_dags/example_setup_teardown.py
[2026-05-07T20:38:57.606+0000] {processor.py:830} INFO - Processing file /home/airflow/.local/lib/python3.12/site-packages/airflow/example_dags/example_setup_teardown.py for tasks to queue
[2026-05-07T20:38:57.609+0000] {logging_mixin.py:188} INFO - [2026-05-07T20:38:57.609+0000] {dagbag.py:545} INFO - Filling up the DagBag from /home/airflow/.local/lib/python3.12/site-packages/airflow/example_dags/example_setup_teardown.py
[2026-05-07T20:38:57.617+0000] {processor.py:840} INFO - DAG(s) 'example_setup_teardown' retrieved from /home/airflow/.local/lib/python3.12/site-packages/airflow/example_dags/example_setup_teardown.py
[2026-05-07T20:38:57.647+0000] {logging_mixin.py:188} INFO - [2026-05-07T20:38:57.647+0000] {dag.py:3096} INFO - Sync 1 DAGs
[2026-05-07T20:38:57.671+0000] {logging_mixin.py:188} INFO - [2026-05-07T20:38:57.671+0000] {dag.py:3954} INFO - Setting next_dagrun for example_setup_teardown to 2026-05-06 00:00:00+00:00, run_after=2026-05-07 00:00:00+00:00
[2026-05-07T20:38:57.732+0000] {processor.py:183} INFO - Processing /home/airflow/.local/lib/python3.12/site-packages/airflow/example_dags/example_setup_teardown.py took 0.133 seconds
[2026-05-07T20:39:28.117+0000] {processor.py:161} INFO - Started process (PID=2648) to work on /home/airflow/.local/lib/python3.12/site-packages/airflow/example_dags/example_setup_teardown.py
[2026-05-07T20:39:28.119+0000] {processor.py:830} INFO - Processing file /home/airflow/.local/lib/python3.12/site-packages/airflow/example_dags/example_setup_teardown.py for tasks to queue
[2026-05-07T20:39:28.122+0000] {logging_mixin.py:188} INFO - [2026-05-07T20:39:28.121+0000] {dagbag.py:545} INFO - Filling up the DagBag from /home/airflow/.local/lib/python3.12/site-packages/airflow/example_dags/example_setup_teardown.py
[2026-05-07T20:39:28.136+0000] {processor.py:840} INFO - DAG(s) 'example_setup_teardown' retrieved from /home/airflow/.local/lib/python3.12/site-packages/airflow/example_dags/example_setup_teardown.py
[2026-05-07T20:39:28.164+0000] {logging_mixin.py:188} INFO - [2026-05-07T20:39:28.164+0000] {dag.py:3096} INFO - Sync 1 DAGs
[2026-05-07T20:39:28.188+0000] {logging_mixin.py:188} INFO - [2026-05-07T20:39:28.188+0000] {dag.py:3954} INFO - Setting next_dagrun for example_setup_teardown to 2026-05-06 00:00:00+00:00, run_after=2026-05-07 00:00:00+00:00
[2026-05-07T20:39:28.222+0000] {processor.py:183} INFO - Processing /home/airflow/.local/lib/python3.12/site-packages/airflow/example_dags/example_setup_teardown.py took 0.121 seconds
[2026-05-07T20:39:58.369+0000] {processor.py:161} INFO - Started process (PID=2706) to work on /home/airflow/.local/lib/python3.12/site-packages/airflow/example_dags/example_setup_teardown.py
[2026-05-07T20:39:58.370+0000] {processor.py:830} INFO - Processing file /home/airflow/.local/lib/python3.12/site-packages/airflow/example_dags/example_setup_teardown.py for tasks to queue
[2026-05-07T20:39:58.373+0000] {logging_mixin.py:188} INFO - [2026-05-07T20:39:58.373+0000] {dagbag.py:545} INFO - Filling up the DagBag from /home/airflow/.local/lib/python3.12/site-packages/airflow/example_dags/example_setup_teardown.py
[2026-05-07T20:39:58.380+0000] {processor.py:840} INFO - DAG(s) 'example_setup_teardown' retrieved from /home/airflow/.local/lib/python3.12/site-packages/airflow/example_dags/example_setup_teardown.py
[2026-05-07T20:39:58.402+0000] {logging_mixin.py:188} INFO - [2026-05-07T20:39:58.401+0000] {dag.py:3096} INFO - Sync 1 DAGs
[2026-05-07T20:39:58.433+0000] {logging_mixin.py:188} INFO - [2026-05-07T20:39:58.432+0000] {dag.py:3954} INFO - Setting next_dagrun for example_setup_teardown to 2026-05-06 00:00:00+00:00, run_after=2026-05-07 00:00:00+00:00
[2026-05-07T20:39:58.461+0000] {processor.py:183} INFO - Processing /home/airflow/.local/lib/python3.12/site-packages/airflow/example_dags/example_setup_teardown.py took 0.101 seconds
[2026-05-07T20:40:28.944+0000] {processor.py:161} INFO - Started process (PID=2764) to work on /home/airflow/.local/lib/python3.12/site-packages/airflow/example_dags/example_setup_teardown.py
[2026-05-07T20:40:28.945+0000] {processor.py:830} INFO - Processing file /home/airflow/.local/lib/python3.12/site-packages/airflow/example_dags/example_setup_teardown.py for tasks to queue
[2026-05-07T20:40:28.947+0000] {logging_mixin.py:188} INFO - [2026-05-07T20:40:28.947+0000] {dagbag.py:545} INFO - Filling up the DagBag from /home/airflow/.local/lib/python3.12/site-packages/airflow/example_dags/example_setup_teardown.py
[2026-05-07T20:40:28.953+0000] {processor.py:840} INFO - DAG(s) 'example_setup_teardown' retrieved from /home/airflow/.local/lib/python3.12/site-packages/airflow/example_dags/example_setup_teardown.py
[2026-05-07T20:40:28.972+0000] {logging_mixin.py:188} INFO - [2026-05-07T20:40:28.972+0000] {dag.py:3096} INFO - Sync 1 DAGs
[2026-05-07T20:40:28.989+0000] {logging_mixin.py:188} INFO - [2026-05-07T20:40:28.989+0000] {dag.py:3954} INFO - Setting next_dagrun for example_setup_teardown to 2026-05-06 00:00:00+00:00, run_after=2026-05-07 00:00:00+00:00
[2026-05-07T20:40:29.010+0000] {processor.py:183} INFO - Processing /home/airflow/.local/lib/python3.12/site-packages/airflow/example_dags/example_setup_teardown.py took 0.071 seconds
[2026-05-07T20:40:59.500+0000] {processor.py:161} INFO - Started process (PID=2822) to work on /home/airflow/.local/lib/python3.12/site-packages/airflow/example_dags/example_setup_teardown.py
[2026-05-07T20:40:59.501+0000] {processor.py:830} INFO - Processing file /home/airflow/.local/lib/python3.12/site-packages/airflow/example_dags/example_setup_teardown.py for tasks to queue
[2026-05-07T20:40:59.504+0000] {logging_mixin.py:188} INFO - [2026-05-07T20:40:59.503+0000] {dagbag.py:545} INFO - Filling up the DagBag from /home/airflow/.local/lib/python3.12/site-packages/airflow/example_dags/example_setup_teardown.py
[2026-05-07T20:40:59.510+0000] {processor.py:840} INFO - DAG(s) 'example_setup_teardown' retrieved from /home/airflow/.local/lib/python3.12/site-packages/airflow/example_dags/example_setup_teardown.py
[2026-05-07T20:40:59.527+0000] {logging_mixin.py:188} INFO - [2026-05-07T20:40:59.527+0000] {dag.py:3096} INFO - Sync 1 DAGs
[2026-05-07T20:40:59.544+0000] {logging_mixin.py:188} INFO - [2026-05-07T20:40:59.544+0000] {dag.py:3954} INFO - Setting next_dagrun for example_setup_teardown to 2026-05-06 00:00:00+00:00, run_after=2026-05-07 00:00:00+00:00
[2026-05-07T20:40:59.569+0000] {processor.py:183} INFO - Processing /home/airflow/.local/lib/python3.12/site-packages/airflow/example_dags/example_setup_teardown.py took 0.075 seconds
[2026-05-07T20:41:30.183+0000] {processor.py:161} INFO - Started process (PID=2880) to work on /home/airflow/.local/lib/python3.12/site-packages/airflow/example_dags/example_setup_teardown.py
[2026-05-07T20:41:30.185+0000] {processor.py:830} INFO - Processing file /home/airflow/.local/lib/python3.12/site-packages/airflow/example_dags/example_setup_teardown.py for tasks to queue
[2026-05-07T20:41:30.188+0000] {logging_mixin.py:188} INFO - [2026-05-07T20:41:30.188+0000] {dagbag.py:545} INFO - Filling up the DagBag from /home/airflow/.local/lib/python3.12/site-packages/airflow/example_dags/example_setup_teardown.py
[2026-05-07T20:41:30.204+0000] {processor.py:840} INFO - DAG(s) 'example_setup_teardown' retrieved from /home/airflow/.local/lib/python3.12/site-packages/airflow/example_dags/example_setup_teardown.py
[2026-05-07T20:41:30.237+0000] {logging_mixin.py:188} INFO - [2026-05-07T20:41:30.236+0000] {dag.py:3096} INFO - Sync 1 DAGs
[2026-05-07T20:41:30.267+0000] {logging_mixin.py:188} INFO - [2026-05-07T20:41:30.267+0000] {dag.py:3954} INFO - Setting next_dagrun for example_setup_teardown to 2026-05-06 00:00:00+00:00, run_after=2026-05-07 00:00:00+00:00
[2026-05-07T20:41:30.309+0000] {processor.py:183} INFO - Processing /home/airflow/.local/lib/python3.12/site-packages/airflow/example_dags/example_setup_teardown.py took 0.139 seconds
[2026-05-07T20:42:00.652+0000] {processor.py:161} INFO - Started process (PID=2938) to work on /home/airflow/.local/lib/python3.12/site-packages/airflow/example_dags/example_setup_teardown.py
[2026-05-07T20:42:00.653+0000] {processor.py:830} INFO - Processing file /home/airflow/.local/lib/python3.12/site-packages/airflow/example_dags/example_setup_teardown.py for tasks to queue
[2026-05-07T20:42:00.655+0000] {logging_mixin.py:188} INFO - [2026-05-07T20:42:00.655+0000] {dagbag.py:545} INFO - Filling up the DagBag from /home/airflow/.local/lib/python3.12/site-packages/airflow/example_dags/example_setup_teardown.py
[2026-05-07T20:42:00.662+0000] {processor.py:840} INFO - DAG(s) 'example_setup_teardown' retrieved from /home/airflow/.local/lib/python3.12/site-packages/airflow/example_dags/example_setup_teardown.py
[2026-05-07T20:42:00.680+0000] {logging_mixin.py:188} INFO - [2026-05-07T20:42:00.680+0000] {dag.py:3096} INFO - Sync 1 DAGs
[2026-05-07T20:42:00.697+0000] {logging_mixin.py:188} INFO - [2026-05-07T20:42:00.697+0000] {dag.py:3954} INFO - Setting next_dagrun for example_setup_teardown to 2026-05-06 00:00:00+00:00, run_after=2026-05-07 00:00:00+00:00
[2026-05-07T20:42:00.718+0000] {processor.py:183} INFO - Processing /home/airflow/.local/lib/python3.12/site-packages/airflow/example_dags/example_setup_teardown.py took 0.071 seconds
[2026-05-07T20:42:30.997+0000] {processor.py:161} INFO - Started process (PID=2996) to work on /home/airflow/.local/lib/python3.12/site-packages/airflow/example_dags/example_setup_teardown.py
[2026-05-07T20:42:30.998+0000] {processor.py:830} INFO - Processing file /home/airflow/.local/lib/python3.12/site-packages/airflow/example_dags/example_setup_teardown.py for tasks to queue
[2026-05-07T20:42:31.000+0000] {logging_mixin.py:188} INFO - [2026-05-07T20:42:31.000+0000] {dagbag.py:545} INFO - Filling up the DagBag from /home/airflow/.local/lib/python3.12/site-packages/airflow/example_dags/example_setup_teardown.py
[2026-05-07T20:42:31.007+0000] {processor.py:840} INFO - DAG(s) 'example_setup_teardown' retrieved from /home/airflow/.local/lib/python3.12/site-packages/airflow/example_dags/example_setup_teardown.py
[2026-05-07T20:42:31.026+0000] {logging_mixin.py:188} INFO - [2026-05-07T20:42:31.025+0000] {dag.py:3096} INFO - Sync 1 DAGs
[2026-05-07T20:42:31.044+0000] {logging_mixin.py:188} INFO - [2026-05-07T20:42:31.044+0000] {dag.py:3954} INFO - Setting next_dagrun for example_setup_teardown to 2026-05-06 00:00:00+00:00, run_after=2026-05-07 00:00:00+00:00
[2026-05-07T20:42:31.063+0000] {processor.py:183} INFO - Processing /home/airflow/.local/lib/python3.12/site-packages/airflow/example_dags/example_setup_teardown.py took 0.071 seconds
[2026-05-07T20:43:01.723+0000] {processor.py:161} INFO - Started process (PID=3054) to work on /home/airflow/.local/lib/python3.12/site-packages/airflow/example_dags/example_setup_teardown.py
[2026-05-07T20:43:01.725+0000] {processor.py:830} INFO - Processing file /home/airflow/.local/lib/python3.12/site-packages/airflow/example_dags/example_setup_teardown.py for tasks to queue
[2026-05-07T20:43:01.727+0000] {logging_mixin.py:188} INFO - [2026-05-07T20:43:01.727+0000] {dagbag.py:545} INFO - Filling up the DagBag from /home/airflow/.local/lib/python3.12/site-packages/airflow/example_dags/example_setup_teardown.py
[2026-05-07T20:43:01.736+0000] {processor.py:840} INFO - DAG(s) 'example_setup_teardown' retrieved from /home/airflow/.local/lib/python3.12/site-packages/airflow/example_dags/example_setup_teardown.py
[2026-05-07T20:43:01.756+0000] {logging_mixin.py:188} INFO - [2026-05-07T20:43:01.755+0000] {dag.py:3096} INFO - Sync 1 DAGs
[2026-05-07T20:43:01.774+0000] {logging_mixin.py:188} INFO - [2026-05-07T20:43:01.774+0000] {dag.py:3954} INFO - Setting next_dagrun for example_setup_teardown to 2026-05-06 00:00:00+00:00, run_after=2026-05-07 00:00:00+00:00
[2026-05-07T20:43:01.791+0000] {processor.py:183} INFO - Processing /home/airflow/.local/lib/python3.12/site-packages/airflow/example_dags/example_setup_teardown.py took 0.078 seconds
[2026-05-07T20:43:32.324+0000] {processor.py:161} INFO - Started process (PID=3112) to work on /home/airflow/.local/lib/python3.12/site-packages/airflow/example_dags/example_setup_teardown.py
[2026-05-07T20:43:32.325+0000] {processor.py:830} INFO - Processing file /home/airflow/.local/lib/python3.12/site-packages/airflow/example_dags/example_setup_teardown.py for tasks to queue
[2026-05-07T20:43:32.328+0000] {logging_mixin.py:188} INFO - [2026-05-07T20:43:32.327+0000] {dagbag.py:545} INFO - Filling up the DagBag from /home/airflow/.local/lib/python3.12/site-packages/airflow/example_dags/example_setup_teardown.py
[2026-05-07T20:43:32.334+0000] {processor.py:840} INFO - DAG(s) 'example_setup_teardown' retrieved from /home/airflow/.local/lib/python3.12/site-packages/airflow/example_dags/example_setup_teardown.py
[2026-05-07T20:43:32.353+0000] {logging_mixin.py:188} INFO - [2026-05-07T20:43:32.352+0000] {dag.py:3096} INFO - Sync 1 DAGs
[2026-05-07T20:43:32.370+0000] {logging_mixin.py:188} INFO - [2026-05-07T20:43:32.370+0000] {dag.py:3954} INFO - Setting next_dagrun for example_setup_teardown to 2026-05-06 00:00:00+00:00, run_after=2026-05-07 00:00:00+00:00
[2026-05-07T20:43:32.390+0000] {processor.py:183} INFO - Processing /home/airflow/.local/lib/python3.12/site-packages/airflow/example_dags/example_setup_teardown.py took 0.070 seconds
[2026-05-07T20:44:02.839+0000] {processor.py:161} INFO - Started process (PID=3170) to work on /home/airflow/.local/lib/python3.12/site-packages/airflow/example_dags/example_setup_teardown.py
[2026-05-07T20:44:02.840+0000] {processor.py:830} INFO - Processing file /home/airflow/.local/lib/python3.12/site-packages/airflow/example_dags/example_setup_teardown.py for tasks to queue
[2026-05-07T20:44:02.843+0000] {logging_mixin.py:188} INFO - [2026-05-07T20:44:02.842+0000] {dagbag.py:545} INFO - Filling up the DagBag from /home/airflow/.local/lib/python3.12/site-packages/airflow/example_dags/example_setup_teardown.py
[2026-05-07T20:44:02.850+0000] {processor.py:840} INFO - DAG(s) 'example_setup_teardown' retrieved from /home/airflow/.local/lib/python3.12/site-packages/airflow/example_dags/example_setup_teardown.py
[2026-05-07T20:44:02.872+0000] {logging_mixin.py:188} INFO - [2026-05-07T20:44:02.872+0000] {dag.py:3096} INFO - Sync 1 DAGs
[2026-05-07T20:44:02.893+0000] {logging_mixin.py:188} INFO - [2026-05-07T20:44:02.893+0000] {dag.py:3954} INFO - Setting next_dagrun for example_setup_teardown to 2026-05-06 00:00:00+00:00, run_after=2026-05-07 00:00:00+00:00
[2026-05-07T20:44:02.916+0000] {processor.py:183} INFO - Processing /home/airflow/.local/lib/python3.12/site-packages/airflow/example_dags/example_setup_teardown.py took 0.084 seconds
[2026-05-07T20:44:33.843+0000] {processor.py:161} INFO - Started process (PID=3234) to work on /home/airflow/.local/lib/python3.12/site-packages/airflow/example_dags/example_setup_teardown.py
[2026-05-07T20:44:33.845+0000] {processor.py:830} INFO - Processing file /home/airflow/.local/lib/python3.12/site-packages/airflow/example_dags/example_setup_teardown.py for tasks to queue
[2026-05-07T20:44:33.847+0000] {logging_mixin.py:188} INFO - [2026-05-07T20:44:33.847+0000] {dagbag.py:545} INFO - Filling up the DagBag from /home/airflow/.local/lib/python3.12/site-packages/airflow/example_dags/example_setup_teardown.py
[2026-05-07T20:44:33.854+0000] {processor.py:840} INFO - DAG(s) 'example_setup_teardown' retrieved from /home/airflow/.local/lib/python3.12/site-packages/airflow/example_dags/example_setup_teardown.py
[2026-05-07T20:44:33.877+0000] {logging_mixin.py:188} INFO - [2026-05-07T20:44:33.876+0000] {dag.py:3096} INFO - Sync 1 DAGs
[2026-05-07T20:44:33.900+0000] {logging_mixin.py:188} INFO - [2026-05-07T20:44:33.900+0000] {dag.py:3954} INFO - Setting next_dagrun for example_setup_teardown to 2026-05-06 00:00:00+00:00, run_after=2026-05-07 00:00:00+00:00
[2026-05-07T20:44:33.918+0000] {processor.py:183} INFO - Processing /home/airflow/.local/lib/python3.12/site-packages/airflow/example_dags/example_setup_teardown.py took 0.087 seconds
[2026-05-07T20:45:04.480+0000] {processor.py:161} INFO - Started process (PID=3292) to work on /home/airflow/.local/lib/python3.12/site-packages/airflow/example_dags/example_setup_teardown.py
[2026-05-07T20:45:04.482+0000] {processor.py:830} INFO - Processing file /home/airflow/.local/lib/python3.12/site-packages/airflow/example_dags/example_setup_teardown.py for tasks to queue
[2026-05-07T20:45:04.485+0000] {logging_mixin.py:188} INFO - [2026-05-07T20:45:04.484+0000] {dagbag.py:545} INFO - Filling up the DagBag from /home/airflow/.local/lib/python3.12/site-packages/airflow/example_dags/example_setup_teardown.py
[2026-05-07T20:45:04.493+0000] {processor.py:840} INFO - DAG(s) 'example_setup_teardown' retrieved from /home/airflow/.local/lib/python3.12/site-packages/airflow/example_dags/example_setup_teardown.py
[2026-05-07T20:45:04.515+0000] {logging_mixin.py:188} INFO - [2026-05-07T20:45:04.515+0000] {dag.py:3096} INFO - Sync 1 DAGs
[2026-05-07T20:45:04.534+0000] {logging_mixin.py:188} INFO - [2026-05-07T20:45:04.534+0000] {dag.py:3954} INFO - Setting next_dagrun for example_setup_teardown to 2026-05-06 00:00:00+00:00, run_after=2026-05-07 00:00:00+00:00
[2026-05-07T20:45:04.633+0000] {processor.py:183} INFO - Processing /home/airflow/.local/lib/python3.12/site-packages/airflow/example_dags/example_setup_teardown.py took 0.160 seconds
[2026-05-07T20:45:35.141+0000] {processor.py:161} INFO - Started process (PID=3350) to work on /home/airflow/.local/lib/python3.12/site-packages/airflow/example_dags/example_setup_teardown.py
[2026-05-07T20:45:35.143+0000] {processor.py:830} INFO - Processing file /home/airflow/.local/lib/python3.12/site-packages/airflow/example_dags/example_setup_teardown.py for tasks to queue
[2026-05-07T20:45:35.146+0000] {logging_mixin.py:188} INFO - [2026-05-07T20:45:35.146+0000] {dagbag.py:545} INFO - Filling up the DagBag from /home/airflow/.local/lib/python3.12/site-packages/airflow/example_dags/example_setup_teardown.py
[2026-05-07T20:45:35.154+0000] {processor.py:840} INFO - DAG(s) 'example_setup_teardown' retrieved from /home/airflow/.local/lib/python3.12/site-packages/airflow/example_dags/example_setup_teardown.py
[2026-05-07T20:45:35.176+0000] {logging_mixin.py:188} INFO - [2026-05-07T20:45:35.176+0000] {dag.py:3096} INFO - Sync 1 DAGs
[2026-05-07T20:45:35.196+0000] {logging_mixin.py:188} INFO - [2026-05-07T20:45:35.196+0000] {dag.py:3954} INFO - Setting next_dagrun for example_setup_teardown to 2026-05-06 00:00:00+00:00, run_after=2026-05-07 00:00:00+00:00
[2026-05-07T20:45:35.221+0000] {processor.py:183} INFO - Processing /home/airflow/.local/lib/python3.12/site-packages/airflow/example_dags/example_setup_teardown.py took 0.088 seconds
[2026-05-07T20:46:06.157+0000] {processor.py:161} INFO - Started process (PID=3408) to work on /home/airflow/.local/lib/python3.12/site-packages/airflow/example_dags/example_setup_teardown.py
[2026-05-07T20:46:06.158+0000] {processor.py:830} INFO - Processing file /home/airflow/.local/lib/python3.12/site-packages/airflow/example_dags/example_setup_teardown.py for tasks to queue
[2026-05-07T20:46:06.160+0000] {logging_mixin.py:188} INFO - [2026-05-07T20:46:06.160+0000] {dagbag.py:545} INFO - Filling up the DagBag from /home/airflow/.local/lib/python3.12/site-packages/airflow/example_dags/example_setup_teardown.py
[2026-05-07T20:46:06.168+0000] {processor.py:840} INFO - DAG(s) 'example_setup_teardown' retrieved from /home/airflow/.local/lib/python3.12/site-packages/airflow/example_dags/example_setup_teardown.py
[2026-05-07T20:46:06.191+0000] {logging_mixin.py:188} INFO - [2026-05-07T20:46:06.191+0000] {dag.py:3096} INFO - Sync 1 DAGs
[2026-05-07T20:46:06.216+0000] {logging_mixin.py:188} INFO - [2026-05-07T20:46:06.215+0000] {dag.py:3954} INFO - Setting next_dagrun for example_setup_teardown to 2026-05-06 00:00:00+00:00, run_after=2026-05-07 00:00:00+00:00
[2026-05-07T20:46:06.240+0000] {processor.py:183} INFO - Processing /home/airflow/.local/lib/python3.12/site-packages/airflow/example_dags/example_setup_teardown.py took 0.091 seconds
[2026-05-07T20:46:36.908+0000] {processor.py:161} INFO - Started process (PID=3466) to work on /home/airflow/.local/lib/python3.12/site-packages/airflow/example_dags/example_setup_teardown.py
[2026-05-07T20:46:36.911+0000] {processor.py:830} INFO - Processing file /home/airflow/.local/lib/python3.12/site-packages/airflow/example_dags/example_setup_teardown.py for tasks to queue
[2026-05-07T20:46:36.915+0000] {logging_mixin.py:188} INFO - [2026-05-07T20:46:36.914+0000] {dagbag.py:545} INFO - Filling up the DagBag from /home/airflow/.local/lib/python3.12/site-packages/airflow/example_dags/example_setup_teardown.py
[2026-05-07T20:46:36.929+0000] {processor.py:840} INFO - DAG(s) 'example_setup_teardown' retrieved from /home/airflow/.local/lib/python3.12/site-packages/airflow/example_dags/example_setup_teardown.py
[2026-05-07T20:46:36.968+0000] {logging_mixin.py:188} INFO - [2026-05-07T20:46:36.967+0000] {dag.py:3096} INFO - Sync 1 DAGs
[2026-05-07T20:46:37.005+0000] {logging_mixin.py:188} INFO - [2026-05-07T20:46:37.004+0000] {dag.py:3954} INFO - Setting next_dagrun for example_setup_teardown to 2026-05-06 00:00:00+00:00, run_after=2026-05-07 00:00:00+00:00
[2026-05-07T20:46:37.040+0000] {processor.py:183} INFO - Processing /home/airflow/.local/lib/python3.12/site-packages/airflow/example_dags/example_setup_teardown.py took 0.142 seconds
[2026-05-07T20:47:07.275+0000] {processor.py:161} INFO - Started process (PID=3525) to work on /home/airflow/.local/lib/python3.12/site-packages/airflow/example_dags/example_setup_teardown.py
[2026-05-07T20:47:07.276+0000] {processor.py:830} INFO - Processing file /home/airflow/.local/lib/python3.12/site-packages/airflow/example_dags/example_setup_teardown.py for tasks to queue
[2026-05-07T20:47:07.279+0000] {logging_mixin.py:188} INFO - [2026-05-07T20:47:07.278+0000] {dagbag.py:545} INFO - Filling up the DagBag from /home/airflow/.local/lib/python3.12/site-packages/airflow/example_dags/example_setup_teardown.py
[2026-05-07T20:47:07.286+0000] {processor.py:840} INFO - DAG(s) 'example_setup_teardown' retrieved from /home/airflow/.local/lib/python3.12/site-packages/airflow/example_dags/example_setup_teardown.py
[2026-05-07T20:47:07.310+0000] {logging_mixin.py:188} INFO - [2026-05-07T20:47:07.309+0000] {dag.py:3096} INFO - Sync 1 DAGs
[2026-05-07T20:47:07.339+0000] {logging_mixin.py:188} INFO - [2026-05-07T20:47:07.339+0000] {dag.py:3954} INFO - Setting next_dagrun for example_setup_teardown to 2026-05-06 00:00:00+00:00, run_after=2026-05-07 00:00:00+00:00
[2026-05-07T20:47:07.364+0000] {processor.py:183} INFO - Processing /home/airflow/.local/lib/python3.12/site-packages/airflow/example_dags/example_setup_teardown.py took 0.095 seconds
[2026-05-07T20:47:37.744+0000] {processor.py:161} INFO - Started process (PID=3583) to work on /home/airflow/.local/lib/python3.12/site-packages/airflow/example_dags/example_setup_teardown.py
[2026-05-07T20:47:37.746+0000] {processor.py:830} INFO - Processing file /home/airflow/.local/lib/python3.12/site-packages/airflow/example_dags/example_setup_teardown.py for tasks to queue
[2026-05-07T20:47:37.749+0000] {logging_mixin.py:188} INFO - [2026-05-07T20:47:37.748+0000] {dagbag.py:545} INFO - Filling up the DagBag from /home/airflow/.local/lib/python3.12/site-packages/airflow/example_dags/example_setup_teardown.py
[2026-05-07T20:47:37.759+0000] {processor.py:840} INFO - DAG(s) 'example_setup_teardown' retrieved from /home/airflow/.local/lib/python3.12/site-packages/airflow/example_dags/example_setup_teardown.py
[2026-05-07T20:47:37.811+0000] {logging_mixin.py:188} INFO - [2026-05-07T20:47:37.810+0000] {dag.py:3096} INFO - Sync 1 DAGs
[2026-05-07T20:47:37.840+0000] {logging_mixin.py:188} INFO - [2026-05-07T20:47:37.840+0000] {dag.py:3954} INFO - Setting next_dagrun for example_setup_teardown to 2026-05-06 00:00:00+00:00, run_after=2026-05-07 00:00:00+00:00
[2026-05-07T20:47:37.908+0000] {processor.py:183} INFO - Processing /home/airflow/.local/lib/python3.12/site-packages/airflow/example_dags/example_setup_teardown.py took 0.170 seconds
[2026-05-07T20:48:08.390+0000] {processor.py:161} INFO - Started process (PID=3641) to work on /home/airflow/.local/lib/python3.12/site-packages/airflow/example_dags/example_setup_teardown.py
[2026-05-07T20:48:08.391+0000] {processor.py:830} INFO - Processing file /home/airflow/.local/lib/python3.12/site-packages/airflow/example_dags/example_setup_teardown.py for tasks to queue
[2026-05-07T20:48:08.394+0000] {logging_mixin.py:188} INFO - [2026-05-07T20:48:08.393+0000] {dagbag.py:545} INFO - Filling up the DagBag from /home/airflow/.local/lib/python3.12/site-packages/airflow/example_dags/example_setup_teardown.py
[2026-05-07T20:48:08.400+0000] {processor.py:840} INFO - DAG(s) 'example_setup_teardown' retrieved from /home/airflow/.local/lib/python3.12/site-packages/airflow/example_dags/example_setup_teardown.py
[2026-05-07T20:48:08.426+0000] {logging_mixin.py:188} INFO - [2026-05-07T20:48:08.425+0000] {dag.py:3096} INFO - Sync 1 DAGs
[2026-05-07T20:48:08.445+0000] {logging_mixin.py:188} INFO - [2026-05-07T20:48:08.445+0000] {dag.py:3954} INFO - Setting next_dagrun for example_setup_teardown to 2026-05-06 00:00:00+00:00, run_after=2026-05-07 00:00:00+00:00
[2026-05-07T20:48:08.468+0000] {processor.py:183} INFO - Processing /home/airflow/.local/lib/python3.12/site-packages/airflow/example_dags/example_setup_teardown.py took 0.085 seconds
[2026-05-07T20:48:39.190+0000] {processor.py:161} INFO - Started process (PID=3699) to work on /home/airflow/.local/lib/python3.12/site-packages/airflow/example_dags/example_setup_teardown.py
[2026-05-07T20:48:39.191+0000] {processor.py:830} INFO - Processing file /home/airflow/.local/lib/python3.12/site-packages/airflow/example_dags/example_setup_teardown.py for tasks to queue
[2026-05-07T20:48:39.195+0000] {logging_mixin.py:188} INFO - [2026-05-07T20:48:39.194+0000] {dagbag.py:545} INFO - Filling up the DagBag from /home/airflow/.local/lib/python3.12/site-packages/airflow/example_dags/example_setup_teardown.py
[2026-05-07T20:48:39.202+0000] {processor.py:840} INFO - DAG(s) 'example_setup_teardown' retrieved from /home/airflow/.local/lib/python3.12/site-packages/airflow/example_dags/example_setup_teardown.py
[2026-05-07T20:48:39.223+0000] {logging_mixin.py:188} INFO - [2026-05-07T20:48:39.223+0000] {dag.py:3096} INFO - Sync 1 DAGs
[2026-05-07T20:48:39.244+0000] {logging_mixin.py:188} INFO - [2026-05-07T20:48:39.243+0000] {dag.py:3954} INFO - Setting next_dagrun for example_setup_teardown to 2026-05-06 00:00:00+00:00, run_after=2026-05-07 00:00:00+00:00
[2026-05-07T20:48:39.266+0000] {processor.py:183} INFO - Processing /home/airflow/.local/lib/python3.12/site-packages/airflow/example_dags/example_setup_teardown.py took 0.083 seconds
[2026-05-07T20:49:09.439+0000] {processor.py:161} INFO - Started process (PID=3757) to work on /home/airflow/.local/lib/python3.12/site-packages/airflow/example_dags/example_setup_teardown.py
[2026-05-07T20:49:09.442+0000] {processor.py:830} INFO - Processing file /home/airflow/.local/lib/python3.12/site-packages/airflow/example_dags/example_setup_teardown.py for tasks to queue
[2026-05-07T20:49:09.449+0000] {logging_mixin.py:188} INFO - [2026-05-07T20:49:09.448+0000] {dagbag.py:545} INFO - Filling up the DagBag from /home/airflow/.local/lib/python3.12/site-packages/airflow/example_dags/example_setup_teardown.py
[2026-05-07T20:49:09.462+0000] {processor.py:840} INFO - DAG(s) 'example_setup_teardown' retrieved from /home/airflow/.local/lib/python3.12/site-packages/airflow/example_dags/example_setup_teardown.py
[2026-05-07T20:49:09.510+0000] {logging_mixin.py:188} INFO - [2026-05-07T20:49:09.509+0000] {dag.py:3096} INFO - Sync 1 DAGs
[2026-05-07T20:49:09.555+0000] {logging_mixin.py:188} INFO - [2026-05-07T20:49:09.555+0000] {dag.py:3954} INFO - Setting next_dagrun for example_setup_teardown to 2026-05-06 00:00:00+00:00, run_after=2026-05-07 00:00:00+00:00
[2026-05-07T20:49:09.589+0000] {processor.py:183} INFO - Processing /home/airflow/.local/lib/python3.12/site-packages/airflow/example_dags/example_setup_teardown.py took 0.158 seconds
[2026-05-07T20:49:39.743+0000] {processor.py:161} INFO - Started process (PID=3815) to work on /home/airflow/.local/lib/python3.12/site-packages/airflow/example_dags/example_setup_teardown.py
[2026-05-07T20:49:39.745+0000] {processor.py:830} INFO - Processing file /home/airflow/.local/lib/python3.12/site-packages/airflow/example_dags/example_setup_teardown.py for tasks to queue
[2026-05-07T20:49:39.748+0000] {logging_mixin.py:188} INFO - [2026-05-07T20:49:39.747+0000] {dagbag.py:545} INFO - Filling up the DagBag from /home/airflow/.local/lib/python3.12/site-packages/airflow/example_dags/example_setup_teardown.py
[2026-05-07T20:49:39.758+0000] {processor.py:840} INFO - DAG(s) 'example_setup_teardown' retrieved from /home/airflow/.local/lib/python3.12/site-packages/airflow/example_dags/example_setup_teardown.py
[2026-05-07T20:49:39.784+0000] {logging_mixin.py:188} INFO - [2026-05-07T20:49:39.784+0000] {dag.py:3096} INFO - Sync 1 DAGs
[2026-05-07T20:49:39.809+0000] {logging_mixin.py:188} INFO - [2026-05-07T20:49:39.809+0000] {dag.py:3954} INFO - Setting next_dagrun for example_setup_teardown to 2026-05-06 00:00:00+00:00, run_after=2026-05-07 00:00:00+00:00
[2026-05-07T20:49:39.832+0000] {processor.py:183} INFO - Processing /home/airflow/.local/lib/python3.12/site-packages/airflow/example_dags/example_setup_teardown.py took 0.097 seconds
[2026-05-07T20:50:10.272+0000] {processor.py:161} INFO - Started process (PID=3873) to work on /home/airflow/.local/lib/python3.12/site-packages/airflow/example_dags/example_setup_teardown.py
[2026-05-07T20:50:10.274+0000] {processor.py:830} INFO - Processing file /home/airflow/.local/lib/python3.12/site-packages/airflow/example_dags/example_setup_teardown.py for tasks to queue
[2026-05-07T20:50:10.278+0000] {logging_mixin.py:188} INFO - [2026-05-07T20:50:10.277+0000] {dagbag.py:545} INFO - Filling up the DagBag from /home/airflow/.local/lib/python3.12/site-packages/airflow/example_dags/example_setup_teardown.py
[2026-05-07T20:50:10.286+0000] {processor.py:840} INFO - DAG(s) 'example_setup_teardown' retrieved from /home/airflow/.local/lib/python3.12/site-packages/airflow/example_dags/example_setup_teardown.py
[2026-05-07T20:50:10.316+0000] {logging_mixin.py:188} INFO - [2026-05-07T20:50:10.316+0000] {dag.py:3096} INFO - Sync 1 DAGs
[2026-05-07T20:50:10.339+0000] {logging_mixin.py:188} INFO - [2026-05-07T20:50:10.339+0000] {dag.py:3954} INFO - Setting next_dagrun for example_setup_teardown to 2026-05-06 00:00:00+00:00, run_after=2026-05-07 00:00:00+00:00
[2026-05-07T20:50:10.361+0000] {processor.py:183} INFO - Processing /home/airflow/.local/lib/python3.12/site-packages/airflow/example_dags/example_setup_teardown.py took 0.096 seconds
[2026-05-07T20:50:40.837+0000] {processor.py:161} INFO - Started process (PID=3931) to work on /home/airflow/.local/lib/python3.12/site-packages/airflow/example_dags/example_setup_teardown.py
[2026-05-07T20:50:40.838+0000] {processor.py:830} INFO - Processing file /home/airflow/.local/lib/python3.12/site-packages/airflow/example_dags/example_setup_teardown.py for tasks to queue
[2026-05-07T20:50:40.845+0000] {logging_mixin.py:188} INFO - [2026-05-07T20:50:40.844+0000] {dagbag.py:545} INFO - Filling up the DagBag from /home/airflow/.local/lib/python3.12/site-packages/airflow/example_dags/example_setup_teardown.py
[2026-05-07T20:50:40.859+0000] {processor.py:840} INFO - DAG(s) 'example_setup_teardown' retrieved from /home/airflow/.local/lib/python3.12/site-packages/airflow/example_dags/example_setup_teardown.py
[2026-05-07T20:50:40.915+0000] {logging_mixin.py:188} INFO - [2026-05-07T20:50:40.914+0000] {dag.py:3096} INFO - Sync 1 DAGs
[2026-05-07T20:50:40.957+0000] {logging_mixin.py:188} INFO - [2026-05-07T20:50:40.956+0000] {dag.py:3954} INFO - Setting next_dagrun for example_setup_teardown to 2026-05-06 00:00:00+00:00, run_after=2026-05-07 00:00:00+00:00
[2026-05-07T20:50:40.987+0000] {processor.py:183} INFO - Processing /home/airflow/.local/lib/python3.12/site-packages/airflow/example_dags/example_setup_teardown.py took 0.166 seconds
[2026-05-07T20:51:11.429+0000] {processor.py:161} INFO - Started process (PID=3989) to work on /home/airflow/.local/lib/python3.12/site-packages/airflow/example_dags/example_setup_teardown.py
[2026-05-07T20:51:11.431+0000] {processor.py:830} INFO - Processing file /home/airflow/.local/lib/python3.12/site-packages/airflow/example_dags/example_setup_teardown.py for tasks to queue
[2026-05-07T20:51:11.433+0000] {logging_mixin.py:188} INFO - [2026-05-07T20:51:11.433+0000] {dagbag.py:545} INFO - Filling up the DagBag from /home/airflow/.local/lib/python3.12/site-packages/airflow/example_dags/example_setup_teardown.py
[2026-05-07T20:51:11.441+0000] {processor.py:840} INFO - DAG(s) 'example_setup_teardown' retrieved from /home/airflow/.local/lib/python3.12/site-packages/airflow/example_dags/example_setup_teardown.py
[2026-05-07T20:51:11.465+0000] {logging_mixin.py:188} INFO - [2026-05-07T20:51:11.465+0000] {dag.py:3096} INFO - Sync 1 DAGs
[2026-05-07T20:51:11.493+0000] {logging_mixin.py:188} INFO - [2026-05-07T20:51:11.493+0000] {dag.py:3954} INFO - Setting next_dagrun for example_setup_teardown to 2026-05-06 00:00:00+00:00, run_after=2026-05-07 00:00:00+00:00
[2026-05-07T20:51:11.598+0000] {processor.py:183} INFO - Processing /home/airflow/.local/lib/python3.12/site-packages/airflow/example_dags/example_setup_teardown.py took 0.176 seconds
[2026-05-07T20:51:41.924+0000] {processor.py:161} INFO - Started process (PID=4048) to work on /home/airflow/.local/lib/python3.12/site-packages/airflow/example_dags/example_setup_teardown.py
[2026-05-07T20:51:41.925+0000] {processor.py:830} INFO - Processing file /home/airflow/.local/lib/python3.12/site-packages/airflow/example_dags/example_setup_teardown.py for tasks to queue
[2026-05-07T20:51:41.930+0000] {logging_mixin.py:188} INFO - [2026-05-07T20:51:41.929+0000] {dagbag.py:545} INFO - Filling up the DagBag from /home/airflow/.local/lib/python3.12/site-packages/airflow/example_dags/example_setup_teardown.py
[2026-05-07T20:51:41.942+0000] {processor.py:840} INFO - DAG(s) 'example_setup_teardown' retrieved from /home/airflow/.local/lib/python3.12/site-packages/airflow/example_dags/example_setup_teardown.py
[2026-05-07T20:51:41.976+0000] {logging_mixin.py:188} INFO - [2026-05-07T20:51:41.976+0000] {dag.py:3096} INFO - Sync 1 DAGs
[2026-05-07T20:51:42.005+0000] {logging_mixin.py:188} INFO - [2026-05-07T20:51:42.005+0000] {dag.py:3954} INFO - Setting next_dagrun for example_setup_teardown to 2026-05-06 00:00:00+00:00, run_after=2026-05-07 00:00:00+00:00
[2026-05-07T20:51:42.032+0000] {processor.py:183} INFO - Processing /home/airflow/.local/lib/python3.12/site-packages/airflow/example_dags/example_setup_teardown.py took 0.115 seconds
[2026-05-07T20:52:12.289+0000] {processor.py:161} INFO - Started process (PID=4106) to work on /home/airflow/.local/lib/python3.12/site-packages/airflow/example_dags/example_setup_teardown.py
[2026-05-07T20:52:12.291+0000] {processor.py:830} INFO - Processing file /home/airflow/.local/lib/python3.12/site-packages/airflow/example_dags/example_setup_teardown.py for tasks to queue
[2026-05-07T20:52:12.294+0000] {logging_mixin.py:188} INFO - [2026-05-07T20:52:12.294+0000] {dagbag.py:545} INFO - Filling up the DagBag from /home/airflow/.local/lib/python3.12/site-packages/airflow/example_dags/example_setup_teardown.py
[2026-05-07T20:52:12.302+0000] {processor.py:840} INFO - DAG(s) 'example_setup_teardown' retrieved from /home/airflow/.local/lib/python3.12/site-packages/airflow/example_dags/example_setup_teardown.py
[2026-05-07T20:52:12.324+0000] {logging_mixin.py:188} INFO - [2026-05-07T20:52:12.324+0000] {dag.py:3096} INFO - Sync 1 DAGs
[2026-05-07T20:52:12.344+0000] {logging_mixin.py:188} INFO - [2026-05-07T20:52:12.343+0000] {dag.py:3954} INFO - Setting next_dagrun for example_setup_teardown to 2026-05-06 00:00:00+00:00, run_after=2026-05-07 00:00:00+00:00
[2026-05-07T20:52:12.363+0000] {processor.py:183} INFO - Processing /home/airflow/.local/lib/python3.12/site-packages/airflow/example_dags/example_setup_teardown.py took 0.080 seconds
[2026-05-07T20:52:42.905+0000] {processor.py:161} INFO - Started process (PID=4164) to work on /home/airflow/.local/lib/python3.12/site-packages/airflow/example_dags/example_setup_teardown.py
[2026-05-07T20:52:42.907+0000] {processor.py:830} INFO - Processing file /home/airflow/.local/lib/python3.12/site-packages/airflow/example_dags/example_setup_teardown.py for tasks to queue
[2026-05-07T20:52:42.910+0000] {logging_mixin.py:188} INFO - [2026-05-07T20:52:42.909+0000] {dagbag.py:545} INFO - Filling up the DagBag from /home/airflow/.local/lib/python3.12/site-packages/airflow/example_dags/example_setup_teardown.py
[2026-05-07T20:52:42.920+0000] {processor.py:840} INFO - DAG(s) 'example_setup_teardown' retrieved from /home/airflow/.local/lib/python3.12/site-packages/airflow/example_dags/example_setup_teardown.py
[2026-05-07T20:52:42.950+0000] {logging_mixin.py:188} INFO - [2026-05-07T20:52:42.949+0000] {dag.py:3096} INFO - Sync 1 DAGs
[2026-05-07T20:52:42.974+0000] {logging_mixin.py:188} INFO - [2026-05-07T20:52:42.973+0000] {dag.py:3954} INFO - Setting next_dagrun for example_setup_teardown to 2026-05-06 00:00:00+00:00, run_after=2026-05-07 00:00:00+00:00
[2026-05-07T20:52:42.994+0000] {processor.py:183} INFO - Processing /home/airflow/.local/lib/python3.12/site-packages/airflow/example_dags/example_setup_teardown.py took 0.097 seconds
[2026-05-07T20:53:13.487+0000] {processor.py:161} INFO - Started process (PID=4222) to work on /home/airflow/.local/lib/python3.12/site-packages/airflow/example_dags/example_setup_teardown.py
[2026-05-07T20:53:13.489+0000] {processor.py:830} INFO - Processing file /home/airflow/.local/lib/python3.12/site-packages/airflow/example_dags/example_setup_teardown.py for tasks to queue
[2026-05-07T20:53:13.492+0000] {logging_mixin.py:188} INFO - [2026-05-07T20:53:13.492+0000] {dagbag.py:545} INFO - Filling up the DagBag from /home/airflow/.local/lib/python3.12/site-packages/airflow/example_dags/example_setup_teardown.py
[2026-05-07T20:53:13.501+0000] {processor.py:840} INFO - DAG(s) 'example_setup_teardown' retrieved from /home/airflow/.local/lib/python3.12/site-packages/airflow/example_dags/example_setup_teardown.py
[2026-05-07T20:53:13.525+0000] {logging_mixin.py:188} INFO - [2026-05-07T20:53:13.525+0000] {dag.py:3096} INFO - Sync 1 DAGs
[2026-05-07T20:53:13.556+0000] {logging_mixin.py:188} INFO - [2026-05-07T20:53:13.556+0000] {dag.py:3954} INFO - Setting next_dagrun for example_setup_teardown to 2026-05-06 00:00:00+00:00, run_after=2026-05-07 00:00:00+00:00
[2026-05-07T20:53:13.651+0000] {processor.py:183} INFO - Processing /home/airflow/.local/lib/python3.12/site-packages/airflow/example_dags/example_setup_teardown.py took 0.172 seconds
[2026-05-07T20:53:43.811+0000] {processor.py:161} INFO - Started process (PID=4280) to work on /home/airflow/.local/lib/python3.12/site-packages/airflow/example_dags/example_setup_teardown.py
[2026-05-07T20:53:43.812+0000] {processor.py:830} INFO - Processing file /home/airflow/.local/lib/python3.12/site-packages/airflow/example_dags/example_setup_teardown.py for tasks to queue
[2026-05-07T20:53:43.815+0000] {logging_mixin.py:188} INFO - [2026-05-07T20:53:43.814+0000] {dagbag.py:545} INFO - Filling up the DagBag from /home/airflow/.local/lib/python3.12/site-packages/airflow/example_dags/example_setup_teardown.py
[2026-05-07T20:53:43.822+0000] {processor.py:840} INFO - DAG(s) 'example_setup_teardown' retrieved from /home/airflow/.local/lib/python3.12/site-packages/airflow/example_dags/example_setup_teardown.py
[2026-05-07T20:53:43.849+0000] {logging_mixin.py:188} INFO - [2026-05-07T20:53:43.849+0000] {dag.py:3096} INFO - Sync 1 DAGs
[2026-05-07T20:53:43.879+0000] {logging_mixin.py:188} INFO - [2026-05-07T20:53:43.878+0000] {dag.py:3954} INFO - Setting next_dagrun for example_setup_teardown to 2026-05-06 00:00:00+00:00, run_after=2026-05-07 00:00:00+00:00
[2026-05-07T20:53:43.901+0000] {processor.py:183} INFO - Processing /home/airflow/.local/lib/python3.12/site-packages/airflow/example_dags/example_setup_teardown.py took 0.097 seconds
[2026-05-07T20:54:14.609+0000] {processor.py:161} INFO - Started process (PID=4336) to work on /home/airflow/.local/lib/python3.12/site-packages/airflow/example_dags/example_setup_teardown.py
[2026-05-07T20:54:14.611+0000] {processor.py:830} INFO - Processing file /home/airflow/.local/lib/python3.12/site-packages/airflow/example_dags/example_setup_teardown.py for tasks to queue
[2026-05-07T20:54:14.613+0000] {logging_mixin.py:188} INFO - [2026-05-07T20:54:14.612+0000] {dagbag.py:545} INFO - Filling up the DagBag from /home/airflow/.local/lib/python3.12/site-packages/airflow/example_dags/example_setup_teardown.py
[2026-05-07T20:54:14.619+0000] {processor.py:840} INFO - DAG(s) 'example_setup_teardown' retrieved from /home/airflow/.local/lib/python3.12/site-packages/airflow/example_dags/example_setup_teardown.py
[2026-05-07T20:54:14.639+0000] {logging_mixin.py:188} INFO - [2026-05-07T20:54:14.638+0000] {dag.py:3096} INFO - Sync 1 DAGs
[2026-05-07T20:54:14.657+0000] {logging_mixin.py:188} INFO - [2026-05-07T20:54:14.657+0000] {dag.py:3954} INFO - Setting next_dagrun for example_setup_teardown to 2026-05-06 00:00:00+00:00, run_after=2026-05-07 00:00:00+00:00
[2026-05-07T20:54:14.673+0000] {processor.py:183} INFO - Processing /home/airflow/.local/lib/python3.12/site-packages/airflow/example_dags/example_setup_teardown.py took 0.070 seconds
[2026-05-07T20:54:44.979+0000] {processor.py:161} INFO - Started process (PID=4394) to work on /home/airflow/.local/lib/python3.12/site-packages/airflow/example_dags/example_setup_teardown.py
[2026-05-07T20:54:44.981+0000] {processor.py:830} INFO - Processing file /home/airflow/.local/lib/python3.12/site-packages/airflow/example_dags/example_setup_teardown.py for tasks to queue
[2026-05-07T20:54:44.983+0000] {logging_mixin.py:188} INFO - [2026-05-07T20:54:44.983+0000] {dagbag.py:545} INFO - Filling up the DagBag from /home/airflow/.local/lib/python3.12/site-packages/airflow/example_dags/example_setup_teardown.py
[2026-05-07T20:54:44.990+0000] {processor.py:840} INFO - DAG(s) 'example_setup_teardown' retrieved from /home/airflow/.local/lib/python3.12/site-packages/airflow/example_dags/example_setup_teardown.py
[2026-05-07T20:54:45.013+0000] {logging_mixin.py:188} INFO - [2026-05-07T20:54:45.013+0000] {dag.py:3096} INFO - Sync 1 DAGs
[2026-05-07T20:54:45.037+0000] {logging_mixin.py:188} INFO - [2026-05-07T20:54:45.037+0000] {dag.py:3954} INFO - Setting next_dagrun for example_setup_teardown to 2026-05-06 00:00:00+00:00, run_after=2026-05-07 00:00:00+00:00
[2026-05-07T20:54:45.054+0000] {processor.py:183} INFO - Processing /home/airflow/.local/lib/python3.12/site-packages/airflow/example_dags/example_setup_teardown.py took 0.081 seconds
[2026-05-07T20:55:15.313+0000] {processor.py:161} INFO - Started process (PID=4452) to work on /home/airflow/.local/lib/python3.12/site-packages/airflow/example_dags/example_setup_teardown.py
[2026-05-07T20:55:15.314+0000] {processor.py:830} INFO - Processing file /home/airflow/.local/lib/python3.12/site-packages/airflow/example_dags/example_setup_teardown.py for tasks to queue
[2026-05-07T20:55:15.316+0000] {logging_mixin.py:188} INFO - [2026-05-07T20:55:15.316+0000] {dagbag.py:545} INFO - Filling up the DagBag from /home/airflow/.local/lib/python3.12/site-packages/airflow/example_dags/example_setup_teardown.py
[2026-05-07T20:55:15.322+0000] {processor.py:840} INFO - DAG(s) 'example_setup_teardown' retrieved from /home/airflow/.local/lib/python3.12/site-packages/airflow/example_dags/example_setup_teardown.py
[2026-05-07T20:55:15.344+0000] {logging_mixin.py:188} INFO - [2026-05-07T20:55:15.343+0000] {dag.py:3096} INFO - Sync 1 DAGs
[2026-05-07T20:55:15.362+0000] {logging_mixin.py:188} INFO - [2026-05-07T20:55:15.362+0000] {dag.py:3954} INFO - Setting next_dagrun for example_setup_teardown to 2026-05-06 00:00:00+00:00, run_after=2026-05-07 00:00:00+00:00
[2026-05-07T20:55:15.387+0000] {processor.py:183} INFO - Processing /home/airflow/.local/lib/python3.12/site-packages/airflow/example_dags/example_setup_teardown.py took 0.080 seconds
[2026-05-07T20:55:45.777+0000] {processor.py:161} INFO - Started process (PID=4510) to work on /home/airflow/.local/lib/python3.12/site-packages/airflow/example_dags/example_setup_teardown.py
[2026-05-07T20:55:45.779+0000] {processor.py:830} INFO - Processing file /home/airflow/.local/lib/python3.12/site-packages/airflow/example_dags/example_setup_teardown.py for tasks to queue
[2026-05-07T20:55:45.782+0000] {logging_mixin.py:188} INFO - [2026-05-07T20:55:45.781+0000] {dagbag.py:545} INFO - Filling up the DagBag from /home/airflow/.local/lib/python3.12/site-packages/airflow/example_dags/example_setup_teardown.py
[2026-05-07T20:55:45.789+0000] {processor.py:840} INFO - DAG(s) 'example_setup_teardown' retrieved from /home/airflow/.local/lib/python3.12/site-packages/airflow/example_dags/example_setup_teardown.py
[2026-05-07T20:55:45.809+0000] {logging_mixin.py:188} INFO - [2026-05-07T20:55:45.809+0000] {dag.py:3096} INFO - Sync 1 DAGs
[2026-05-07T20:55:45.829+0000] {logging_mixin.py:188} INFO - [2026-05-07T20:55:45.828+0000] {dag.py:3954} INFO - Setting next_dagrun for example_setup_teardown to 2026-05-06 00:00:00+00:00, run_after=2026-05-07 00:00:00+00:00
[2026-05-07T20:55:45.851+0000] {processor.py:183} INFO - Processing /home/airflow/.local/lib/python3.12/site-packages/airflow/example_dags/example_setup_teardown.py took 0.082 seconds
[2026-05-07T20:56:16.719+0000] {processor.py:161} INFO - Started process (PID=4568) to work on /home/airflow/.local/lib/python3.12/site-packages/airflow/example_dags/example_setup_teardown.py
[2026-05-07T20:56:16.721+0000] {processor.py:830} INFO - Processing file /home/airflow/.local/lib/python3.12/site-packages/airflow/example_dags/example_setup_teardown.py for tasks to queue
[2026-05-07T20:56:16.723+0000] {logging_mixin.py:188} INFO - [2026-05-07T20:56:16.723+0000] {dagbag.py:545} INFO - Filling up the DagBag from /home/airflow/.local/lib/python3.12/site-packages/airflow/example_dags/example_setup_teardown.py
[2026-05-07T20:56:16.730+0000] {processor.py:840} INFO - DAG(s) 'example_setup_teardown' retrieved from /home/airflow/.local/lib/python3.12/site-packages/airflow/example_dags/example_setup_teardown.py
[2026-05-07T20:56:16.757+0000] {logging_mixin.py:188} INFO - [2026-05-07T20:56:16.757+0000] {dag.py:3096} INFO - Sync 1 DAGs
[2026-05-07T20:56:16.777+0000] {logging_mixin.py:188} INFO - [2026-05-07T20:56:16.776+0000] {dag.py:3954} INFO - Setting next_dagrun for example_setup_teardown to 2026-05-06 00:00:00+00:00, run_after=2026-05-07 00:00:00+00:00
[2026-05-07T20:56:16.796+0000] {processor.py:183} INFO - Processing /home/airflow/.local/lib/python3.12/site-packages/airflow/example_dags/example_setup_teardown.py took 0.083 seconds
[2026-05-07T20:56:47.085+0000] {processor.py:161} INFO - Started process (PID=4626) to work on /home/airflow/.local/lib/python3.12/site-packages/airflow/example_dags/example_setup_teardown.py
[2026-05-07T20:56:47.086+0000] {processor.py:830} INFO - Processing file /home/airflow/.local/lib/python3.12/site-packages/airflow/example_dags/example_setup_teardown.py for tasks to queue
[2026-05-07T20:56:47.089+0000] {logging_mixin.py:188} INFO - [2026-05-07T20:56:47.089+0000] {dagbag.py:545} INFO - Filling up the DagBag from /home/airflow/.local/lib/python3.12/site-packages/airflow/example_dags/example_setup_teardown.py
[2026-05-07T20:56:47.096+0000] {processor.py:840} INFO - DAG(s) 'example_setup_teardown' retrieved from /home/airflow/.local/lib/python3.12/site-packages/airflow/example_dags/example_setup_teardown.py
[2026-05-07T20:56:47.119+0000] {logging_mixin.py:188} INFO - [2026-05-07T20:56:47.118+0000] {dag.py:3096} INFO - Sync 1 DAGs
[2026-05-07T20:56:47.138+0000] {logging_mixin.py:188} INFO - [2026-05-07T20:56:47.138+0000] {dag.py:3954} INFO - Setting next_dagrun for example_setup_teardown to 2026-05-06 00:00:00+00:00, run_after=2026-05-07 00:00:00+00:00
[2026-05-07T20:56:47.156+0000] {processor.py:183} INFO - Processing /home/airflow/.local/lib/python3.12/site-packages/airflow/example_dags/example_setup_teardown.py took 0.078 seconds
[2026-05-07T20:57:18.002+0000] {processor.py:161} INFO - Started process (PID=4684) to work on /home/airflow/.local/lib/python3.12/site-packages/airflow/example_dags/example_setup_teardown.py
[2026-05-07T20:57:18.003+0000] {processor.py:830} INFO - Processing file /home/airflow/.local/lib/python3.12/site-packages/airflow/example_dags/example_setup_teardown.py for tasks to queue
[2026-05-07T20:57:18.005+0000] {logging_mixin.py:188} INFO - [2026-05-07T20:57:18.005+0000] {dagbag.py:545} INFO - Filling up the DagBag from /home/airflow/.local/lib/python3.12/site-packages/airflow/example_dags/example_setup_teardown.py
[2026-05-07T20:57:18.013+0000] {processor.py:840} INFO - DAG(s) 'example_setup_teardown' retrieved from /home/airflow/.local/lib/python3.12/site-packages/airflow/example_dags/example_setup_teardown.py
[2026-05-07T20:57:18.036+0000] {logging_mixin.py:188} INFO - [2026-05-07T20:57:18.036+0000] {dag.py:3096} INFO - Sync 1 DAGs
[2026-05-07T20:57:18.066+0000] {logging_mixin.py:188} INFO - [2026-05-07T20:57:18.066+0000] {dag.py:3954} INFO - Setting next_dagrun for example_setup_teardown to 2026-05-06 00:00:00+00:00, run_after=2026-05-07 00:00:00+00:00
[2026-05-07T20:57:18.088+0000] {processor.py:183} INFO - Processing /home/airflow/.local/lib/python3.12/site-packages/airflow/example_dags/example_setup_teardown.py took 0.093 seconds
[2026-05-07T20:57:48.467+0000] {processor.py:161} INFO - Started process (PID=4742) to work on /home/airflow/.local/lib/python3.12/site-packages/airflow/example_dags/example_setup_teardown.py
[2026-05-07T20:57:48.468+0000] {processor.py:830} INFO - Processing file /home/airflow/.local/lib/python3.12/site-packages/airflow/example_dags/example_setup_teardown.py for tasks to queue
[2026-05-07T20:57:48.470+0000] {logging_mixin.py:188} INFO - [2026-05-07T20:57:48.469+0000] {dagbag.py:545} INFO - Filling up the DagBag from /home/airflow/.local/lib/python3.12/site-packages/airflow/example_dags/example_setup_teardown.py
[2026-05-07T20:57:48.477+0000] {processor.py:840} INFO - DAG(s) 'example_setup_teardown' retrieved from /home/airflow/.local/lib/python3.12/site-packages/airflow/example_dags/example_setup_teardown.py
[2026-05-07T20:57:48.501+0000] {logging_mixin.py:188} INFO - [2026-05-07T20:57:48.501+0000] {dag.py:3096} INFO - Sync 1 DAGs
[2026-05-07T20:57:48.526+0000] {logging_mixin.py:188} INFO - [2026-05-07T20:57:48.526+0000] {dag.py:3954} INFO - Setting next_dagrun for example_setup_teardown to 2026-05-06 00:00:00+00:00, run_after=2026-05-07 00:00:00+00:00
[2026-05-07T20:57:48.545+0000] {processor.py:183} INFO - Processing /home/airflow/.local/lib/python3.12/site-packages/airflow/example_dags/example_setup_teardown.py took 0.086 seconds
[2026-05-07T20:58:18.773+0000] {processor.py:161} INFO - Started process (PID=4800) to work on /home/airflow/.local/lib/python3.12/site-packages/airflow/example_dags/example_setup_teardown.py
[2026-05-07T20:58:18.775+0000] {processor.py:830} INFO - Processing file /home/airflow/.local/lib/python3.12/site-packages/airflow/example_dags/example_setup_teardown.py for tasks to queue
[2026-05-07T20:58:18.778+0000] {logging_mixin.py:188} INFO - [2026-05-07T20:58:18.777+0000] {dagbag.py:545} INFO - Filling up the DagBag from /home/airflow/.local/lib/python3.12/site-packages/airflow/example_dags/example_setup_teardown.py
[2026-05-07T20:58:18.787+0000] {processor.py:840} INFO - DAG(s) 'example_setup_teardown' retrieved from /home/airflow/.local/lib/python3.12/site-packages/airflow/example_dags/example_setup_teardown.py
[2026-05-07T20:58:18.815+0000] {logging_mixin.py:188} INFO - [2026-05-07T20:58:18.815+0000] {dag.py:3096} INFO - Sync 1 DAGs
[2026-05-07T20:58:18.834+0000] {logging_mixin.py:188} INFO - [2026-05-07T20:58:18.834+0000] {dag.py:3954} INFO - Setting next_dagrun for example_setup_teardown to 2026-05-06 00:00:00+00:00, run_after=2026-05-07 00:00:00+00:00
[2026-05-07T20:58:18.853+0000] {processor.py:183} INFO - Processing /home/airflow/.local/lib/python3.12/site-packages/airflow/example_dags/example_setup_teardown.py took 0.090 seconds
[2026-05-07T20:58:49.468+0000] {processor.py:161} INFO - Started process (PID=4858) to work on /home/airflow/.local/lib/python3.12/site-packages/airflow/example_dags/example_setup_teardown.py
[2026-05-07T20:58:49.470+0000] {processor.py:830} INFO - Processing file /home/airflow/.local/lib/python3.12/site-packages/airflow/example_dags/example_setup_teardown.py for tasks to queue
[2026-05-07T20:58:49.474+0000] {logging_mixin.py:188} INFO - [2026-05-07T20:58:49.473+0000] {dagbag.py:545} INFO - Filling up the DagBag from /home/airflow/.local/lib/python3.12/site-packages/airflow/example_dags/example_setup_teardown.py
[2026-05-07T20:58:49.486+0000] {processor.py:840} INFO - DAG(s) 'example_setup_teardown' retrieved from /home/airflow/.local/lib/python3.12/site-packages/airflow/example_dags/example_setup_teardown.py
[2026-05-07T20:58:49.534+0000] {logging_mixin.py:188} INFO - [2026-05-07T20:58:49.534+0000] {dag.py:3096} INFO - Sync 1 DAGs
[2026-05-07T20:58:49.583+0000] {logging_mixin.py:188} INFO - [2026-05-07T20:58:49.582+0000] {dag.py:3954} INFO - Setting next_dagrun for example_setup_teardown to 2026-05-06 00:00:00+00:00, run_after=2026-05-07 00:00:00+00:00
[2026-05-07T20:58:49.622+0000] {processor.py:183} INFO - Processing /home/airflow/.local/lib/python3.12/site-packages/airflow/example_dags/example_setup_teardown.py took 0.167 seconds
[2026-05-07T20:59:20.042+0000] {processor.py:161} INFO - Started process (PID=4917) to work on /home/airflow/.local/lib/python3.12/site-packages/airflow/example_dags/example_setup_teardown.py
[2026-05-07T20:59:20.044+0000] {processor.py:830} INFO - Processing file /home/airflow/.local/lib/python3.12/site-packages/airflow/example_dags/example_setup_teardown.py for tasks to queue
[2026-05-07T20:59:20.048+0000] {logging_mixin.py:188} INFO - [2026-05-07T20:59:20.047+0000] {dagbag.py:545} INFO - Filling up the DagBag from /home/airflow/.local/lib/python3.12/site-packages/airflow/example_dags/example_setup_teardown.py
[2026-05-07T20:59:20.058+0000] {processor.py:840} INFO - DAG(s) 'example_setup_teardown' retrieved from /home/airflow/.local/lib/python3.12/site-packages/airflow/example_dags/example_setup_teardown.py
[2026-05-07T20:59:20.087+0000] {logging_mixin.py:188} INFO - [2026-05-07T20:59:20.086+0000] {dag.py:3096} INFO - Sync 1 DAGs
[2026-05-07T20:59:20.152+0000] {logging_mixin.py:188} INFO - [2026-05-07T20:59:20.152+0000] {dag.py:3954} INFO - Setting next_dagrun for example_setup_teardown to 2026-05-06 00:00:00+00:00, run_after=2026-05-07 00:00:00+00:00
[2026-05-07T20:59:20.220+0000] {processor.py:183} INFO - Processing /home/airflow/.local/lib/python3.12/site-packages/airflow/example_dags/example_setup_teardown.py took 0.186 seconds
[2026-05-07T20:59:50.285+0000] {processor.py:161} INFO - Started process (PID=4975) to work on /home/airflow/.local/lib/python3.12/site-packages/airflow/example_dags/example_setup_teardown.py
[2026-05-07T20:59:50.288+0000] {processor.py:830} INFO - Processing file /home/airflow/.local/lib/python3.12/site-packages/airflow/example_dags/example_setup_teardown.py for tasks to queue
[2026-05-07T20:59:50.290+0000] {logging_mixin.py:188} INFO - [2026-05-07T20:59:50.290+0000] {dagbag.py:545} INFO - Filling up the DagBag from /home/airflow/.local/lib/python3.12/site-packages/airflow/example_dags/example_setup_teardown.py
[2026-05-07T20:59:50.297+0000] {processor.py:840} INFO - DAG(s) 'example_setup_teardown' retrieved from /home/airflow/.local/lib/python3.12/site-packages/airflow/example_dags/example_setup_teardown.py
[2026-05-07T20:59:50.324+0000] {logging_mixin.py:188} INFO - [2026-05-07T20:59:50.324+0000] {dag.py:3096} INFO - Sync 1 DAGs
[2026-05-07T20:59:50.350+0000] {logging_mixin.py:188} INFO - [2026-05-07T20:59:50.350+0000] {dag.py:3954} INFO - Setting next_dagrun for example_setup_teardown to 2026-05-06 00:00:00+00:00, run_after=2026-05-07 00:00:00+00:00
[2026-05-07T20:59:50.379+0000] {processor.py:183} INFO - Processing /home/airflow/.local/lib/python3.12/site-packages/airflow/example_dags/example_setup_teardown.py took 0.102 seconds
[2026-05-07T21:00:20.722+0000] {processor.py:161} INFO - Started process (PID=5033) to work on /home/airflow/.local/lib/python3.12/site-packages/airflow/example_dags/example_setup_teardown.py
[2026-05-07T21:00:20.724+0000] {processor.py:830} INFO - Processing file /home/airflow/.local/lib/python3.12/site-packages/airflow/example_dags/example_setup_teardown.py for tasks to queue
[2026-05-07T21:00:20.727+0000] {logging_mixin.py:188} INFO - [2026-05-07T21:00:20.726+0000] {dagbag.py:545} INFO - Filling up the DagBag from /home/airflow/.local/lib/python3.12/site-packages/airflow/example_dags/example_setup_teardown.py
[2026-05-07T21:00:20.733+0000] {processor.py:840} INFO - DAG(s) 'example_setup_teardown' retrieved from /home/airflow/.local/lib/python3.12/site-packages/airflow/example_dags/example_setup_teardown.py
[2026-05-07T21:00:20.760+0000] {logging_mixin.py:188} INFO - [2026-05-07T21:00:20.760+0000] {dag.py:3096} INFO - Sync 1 DAGs
[2026-05-07T21:00:20.785+0000] {logging_mixin.py:188} INFO - [2026-05-07T21:00:20.785+0000] {dag.py:3954} INFO - Setting next_dagrun for example_setup_teardown to 2026-05-06 00:00:00+00:00, run_after=2026-05-07 00:00:00+00:00
[2026-05-07T21:00:20.815+0000] {processor.py:183} INFO - Processing /home/airflow/.local/lib/python3.12/site-packages/airflow/example_dags/example_setup_teardown.py took 0.099 seconds
[2026-05-07T21:00:51.358+0000] {processor.py:161} INFO - Started process (PID=5091) to work on /home/airflow/.local/lib/python3.12/site-packages/airflow/example_dags/example_setup_teardown.py
[2026-05-07T21:00:51.359+0000] {processor.py:830} INFO - Processing file /home/airflow/.local/lib/python3.12/site-packages/airflow/example_dags/example_setup_teardown.py for tasks to queue
[2026-05-07T21:00:51.363+0000] {logging_mixin.py:188} INFO - [2026-05-07T21:00:51.362+0000] {dagbag.py:545} INFO - Filling up the DagBag from /home/airflow/.local/lib/python3.12/site-packages/airflow/example_dags/example_setup_teardown.py
[2026-05-07T21:00:51.371+0000] {processor.py:840} INFO - DAG(s) 'example_setup_teardown' retrieved from /home/airflow/.local/lib/python3.12/site-packages/airflow/example_dags/example_setup_teardown.py
[2026-05-07T21:00:51.395+0000] {logging_mixin.py:188} INFO - [2026-05-07T21:00:51.395+0000] {dag.py:3096} INFO - Sync 1 DAGs
[2026-05-07T21:00:51.419+0000] {logging_mixin.py:188} INFO - [2026-05-07T21:00:51.419+0000] {dag.py:3954} INFO - Setting next_dagrun for example_setup_teardown to 2026-05-06 00:00:00+00:00, run_after=2026-05-07 00:00:00+00:00
[2026-05-07T21:00:51.440+0000] {processor.py:183} INFO - Processing /home/airflow/.local/lib/python3.12/site-packages/airflow/example_dags/example_setup_teardown.py took 0.090 seconds
[2026-05-07T21:01:22.211+0000] {processor.py:161} INFO - Started process (PID=5149) to work on /home/airflow/.local/lib/python3.12/site-packages/airflow/example_dags/example_setup_teardown.py
[2026-05-07T21:01:22.213+0000] {processor.py:830} INFO - Processing file /home/airflow/.local/lib/python3.12/site-packages/airflow/example_dags/example_setup_teardown.py for tasks to queue
[2026-05-07T21:01:22.216+0000] {logging_mixin.py:188} INFO - [2026-05-07T21:01:22.215+0000] {dagbag.py:545} INFO - Filling up the DagBag from /home/airflow/.local/lib/python3.12/site-packages/airflow/example_dags/example_setup_teardown.py
[2026-05-07T21:01:22.222+0000] {processor.py:840} INFO - DAG(s) 'example_setup_teardown' retrieved from /home/airflow/.local/lib/python3.12/site-packages/airflow/example_dags/example_setup_teardown.py
[2026-05-07T21:01:22.247+0000] {logging_mixin.py:188} INFO - [2026-05-07T21:01:22.247+0000] {dag.py:3096} INFO - Sync 1 DAGs
[2026-05-07T21:01:22.270+0000] {logging_mixin.py:188} INFO - [2026-05-07T21:01:22.270+0000] {dag.py:3954} INFO - Setting next_dagrun for example_setup_teardown to 2026-05-06 00:00:00+00:00, run_after=2026-05-07 00:00:00+00:00
[2026-05-07T21:01:22.294+0000] {processor.py:183} INFO - Processing /home/airflow/.local/lib/python3.12/site-packages/airflow/example_dags/example_setup_teardown.py took 0.089 seconds
[2026-05-07T21:01:52.570+0000] {processor.py:161} INFO - Started process (PID=5207) to work on /home/airflow/.local/lib/python3.12/site-packages/airflow/example_dags/example_setup_teardown.py
[2026-05-07T21:01:52.572+0000] {processor.py:830} INFO - Processing file /home/airflow/.local/lib/python3.12/site-packages/airflow/example_dags/example_setup_teardown.py for tasks to queue
[2026-05-07T21:01:52.575+0000] {logging_mixin.py:188} INFO - [2026-05-07T21:01:52.574+0000] {dagbag.py:545} INFO - Filling up the DagBag from /home/airflow/.local/lib/python3.12/site-packages/airflow/example_dags/example_setup_teardown.py
[2026-05-07T21:01:52.582+0000] {processor.py:840} INFO - DAG(s) 'example_setup_teardown' retrieved from /home/airflow/.local/lib/python3.12/site-packages/airflow/example_dags/example_setup_teardown.py
[2026-05-07T21:01:52.608+0000] {logging_mixin.py:188} INFO - [2026-05-07T21:01:52.608+0000] {dag.py:3096} INFO - Sync 1 DAGs
[2026-05-07T21:01:52.631+0000] {logging_mixin.py:188} INFO - [2026-05-07T21:01:52.631+0000] {dag.py:3954} INFO - Setting next_dagrun for example_setup_teardown to 2026-05-06 00:00:00+00:00, run_after=2026-05-07 00:00:00+00:00
[2026-05-07T21:01:52.648+0000] {processor.py:183} INFO - Processing /home/airflow/.local/lib/python3.12/site-packages/airflow/example_dags/example_setup_teardown.py took 0.084 seconds
[2026-05-07T21:02:23.202+0000] {processor.py:161} INFO - Started process (PID=5265) to work on /home/airflow/.local/lib/python3.12/site-packages/airflow/example_dags/example_setup_teardown.py
[2026-05-07T21:02:23.203+0000] {processor.py:830} INFO - Processing file /home/airflow/.local/lib/python3.12/site-packages/airflow/example_dags/example_setup_teardown.py for tasks to queue
[2026-05-07T21:02:23.205+0000] {logging_mixin.py:188} INFO - [2026-05-07T21:02:23.205+0000] {dagbag.py:545} INFO - Filling up the DagBag from /home/airflow/.local/lib/python3.12/site-packages/airflow/example_dags/example_setup_teardown.py
[2026-05-07T21:02:23.216+0000] {processor.py:840} INFO - DAG(s) 'example_setup_teardown' retrieved from /home/airflow/.local/lib/python3.12/site-packages/airflow/example_dags/example_setup_teardown.py
[2026-05-07T21:02:23.237+0000] {logging_mixin.py:188} INFO - [2026-05-07T21:02:23.237+0000] {dag.py:3096} INFO - Sync 1 DAGs
[2026-05-07T21:02:23.261+0000] {logging_mixin.py:188} INFO - [2026-05-07T21:02:23.261+0000] {dag.py:3954} INFO - Setting next_dagrun for example_setup_teardown to 2026-05-06 00:00:00+00:00, run_after=2026-05-07 00:00:00+00:00
[2026-05-07T21:02:23.285+0000] {processor.py:183} INFO - Processing /home/airflow/.local/lib/python3.12/site-packages/airflow/example_dags/example_setup_teardown.py took 0.090 seconds
[2026-05-07T21:02:54.026+0000] {processor.py:161} INFO - Started process (PID=5323) to work on /home/airflow/.local/lib/python3.12/site-packages/airflow/example_dags/example_setup_teardown.py
[2026-05-07T21:02:54.029+0000] {processor.py:830} INFO - Processing file /home/airflow/.local/lib/python3.12/site-packages/airflow/example_dags/example_setup_teardown.py for tasks to queue
[2026-05-07T21:02:54.033+0000] {logging_mixin.py:188} INFO - [2026-05-07T21:02:54.032+0000] {dagbag.py:545} INFO - Filling up the DagBag from /home/airflow/.local/lib/python3.12/site-packages/airflow/example_dags/example_setup_teardown.py
[2026-05-07T21:02:54.040+0000] {processor.py:840} INFO - DAG(s) 'example_setup_teardown' retrieved from /home/airflow/.local/lib/python3.12/site-packages/airflow/example_dags/example_setup_teardown.py
[2026-05-07T21:02:54.063+0000] {logging_mixin.py:188} INFO - [2026-05-07T21:02:54.063+0000] {dag.py:3096} INFO - Sync 1 DAGs
[2026-05-07T21:02:54.083+0000] {logging_mixin.py:188} INFO - [2026-05-07T21:02:54.083+0000] {dag.py:3954} INFO - Setting next_dagrun for example_setup_teardown to 2026-05-06 00:00:00+00:00, run_after=2026-05-07 00:00:00+00:00
[2026-05-07T21:02:54.102+0000] {processor.py:183} INFO - Processing /home/airflow/.local/lib/python3.12/site-packages/airflow/example_dags/example_setup_teardown.py took 0.083 seconds
[2026-05-07T21:03:25.163+0000] {processor.py:161} INFO - Started process (PID=5381) to work on /home/airflow/.local/lib/python3.12/site-packages/airflow/example_dags/example_setup_teardown.py
[2026-05-07T21:03:25.165+0000] {processor.py:830} INFO - Processing file /home/airflow/.local/lib/python3.12/site-packages/airflow/example_dags/example_setup_teardown.py for tasks to queue
[2026-05-07T21:03:25.172+0000] {logging_mixin.py:188} INFO - [2026-05-07T21:03:25.171+0000] {dagbag.py:545} INFO - Filling up the DagBag from /home/airflow/.local/lib/python3.12/site-packages/airflow/example_dags/example_setup_teardown.py
[2026-05-07T21:03:25.193+0000] {processor.py:840} INFO - DAG(s) 'example_setup_teardown' retrieved from /home/airflow/.local/lib/python3.12/site-packages/airflow/example_dags/example_setup_teardown.py
[2026-05-07T21:03:25.260+0000] {logging_mixin.py:188} INFO - [2026-05-07T21:03:25.259+0000] {dag.py:3096} INFO - Sync 1 DAGs
[2026-05-07T21:03:25.339+0000] {logging_mixin.py:188} INFO - [2026-05-07T21:03:25.339+0000] {dag.py:3954} INFO - Setting next_dagrun for example_setup_teardown to 2026-05-06 00:00:00+00:00, run_after=2026-05-07 00:00:00+00:00
[2026-05-07T21:03:25.429+0000] {processor.py:183} INFO - Processing /home/airflow/.local/lib/python3.12/site-packages/airflow/example_dags/example_setup_teardown.py took 0.280 seconds
[2026-05-07T21:03:56.181+0000] {processor.py:161} INFO - Started process (PID=5439) to work on /home/airflow/.local/lib/python3.12/site-packages/airflow/example_dags/example_setup_teardown.py
[2026-05-07T21:03:56.183+0000] {processor.py:830} INFO - Processing file /home/airflow/.local/lib/python3.12/site-packages/airflow/example_dags/example_setup_teardown.py for tasks to queue
[2026-05-07T21:03:56.186+0000] {logging_mixin.py:188} INFO - [2026-05-07T21:03:56.185+0000] {dagbag.py:545} INFO - Filling up the DagBag from /home/airflow/.local/lib/python3.12/site-packages/airflow/example_dags/example_setup_teardown.py
[2026-05-07T21:03:56.198+0000] {processor.py:840} INFO - DAG(s) 'example_setup_teardown' retrieved from /home/airflow/.local/lib/python3.12/site-packages/airflow/example_dags/example_setup_teardown.py
[2026-05-07T21:03:56.233+0000] {logging_mixin.py:188} INFO - [2026-05-07T21:03:56.232+0000] {dag.py:3096} INFO - Sync 1 DAGs
[2026-05-07T21:03:56.271+0000] {logging_mixin.py:188} INFO - [2026-05-07T21:03:56.270+0000] {dag.py:3954} INFO - Setting next_dagrun for example_setup_teardown to 2026-05-06 00:00:00+00:00, run_after=2026-05-07 00:00:00+00:00
[2026-05-07T21:03:56.329+0000] {processor.py:183} INFO - Processing /home/airflow/.local/lib/python3.12/site-packages/airflow/example_dags/example_setup_teardown.py took 0.159 seconds
[2026-05-07T21:04:27.235+0000] {processor.py:161} INFO - Started process (PID=5497) to work on /home/airflow/.local/lib/python3.12/site-packages/airflow/example_dags/example_setup_teardown.py
[2026-05-07T21:04:27.241+0000] {processor.py:830} INFO - Processing file /home/airflow/.local/lib/python3.12/site-packages/airflow/example_dags/example_setup_teardown.py for tasks to queue
[2026-05-07T21:04:27.247+0000] {logging_mixin.py:188} INFO - [2026-05-07T21:04:27.246+0000] {dagbag.py:545} INFO - Filling up the DagBag from /home/airflow/.local/lib/python3.12/site-packages/airflow/example_dags/example_setup_teardown.py
[2026-05-07T21:04:27.279+0000] {processor.py:840} INFO - DAG(s) 'example_setup_teardown' retrieved from /home/airflow/.local/lib/python3.12/site-packages/airflow/example_dags/example_setup_teardown.py
[2026-05-07T21:04:27.384+0000] {logging_mixin.py:188} INFO - [2026-05-07T21:04:27.383+0000] {dag.py:3096} INFO - Sync 1 DAGs
[2026-05-07T21:04:27.486+0000] {logging_mixin.py:188} INFO - [2026-05-07T21:04:27.483+0000] {dag.py:3954} INFO - Setting next_dagrun for example_setup_teardown to 2026-05-06 00:00:00+00:00, run_after=2026-05-07 00:00:00+00:00
[2026-05-07T21:04:27.575+0000] {processor.py:183} INFO - Processing /home/airflow/.local/lib/python3.12/site-packages/airflow/example_dags/example_setup_teardown.py took 0.364 seconds
[2026-05-07T21:04:58.238+0000] {processor.py:161} INFO - Started process (PID=5555) to work on /home/airflow/.local/lib/python3.12/site-packages/airflow/example_dags/example_setup_teardown.py
[2026-05-07T21:04:58.240+0000] {processor.py:830} INFO - Processing file /home/airflow/.local/lib/python3.12/site-packages/airflow/example_dags/example_setup_teardown.py for tasks to queue
[2026-05-07T21:04:58.243+0000] {logging_mixin.py:188} INFO - [2026-05-07T21:04:58.243+0000] {dagbag.py:545} INFO - Filling up the DagBag from /home/airflow/.local/lib/python3.12/site-packages/airflow/example_dags/example_setup_teardown.py
[2026-05-07T21:04:58.256+0000] {processor.py:840} INFO - DAG(s) 'example_setup_teardown' retrieved from /home/airflow/.local/lib/python3.12/site-packages/airflow/example_dags/example_setup_teardown.py
[2026-05-07T21:04:58.293+0000] {logging_mixin.py:188} INFO - [2026-05-07T21:04:58.292+0000] {dag.py:3096} INFO - Sync 1 DAGs
[2026-05-07T21:04:58.332+0000] {logging_mixin.py:188} INFO - [2026-05-07T21:04:58.330+0000] {dag.py:3954} INFO - Setting next_dagrun for example_setup_teardown to 2026-05-06 00:00:00+00:00, run_after=2026-05-07 00:00:00+00:00
[2026-05-07T21:04:58.363+0000] {processor.py:183} INFO - Processing /home/airflow/.local/lib/python3.12/site-packages/airflow/example_dags/example_setup_teardown.py took 0.136 seconds
[2026-05-07T21:05:28.924+0000] {processor.py:161} INFO - Started process (PID=5613) to work on /home/airflow/.local/lib/python3.12/site-packages/airflow/example_dags/example_setup_teardown.py
[2026-05-07T21:05:28.926+0000] {processor.py:830} INFO - Processing file /home/airflow/.local/lib/python3.12/site-packages/airflow/example_dags/example_setup_teardown.py for tasks to queue
[2026-05-07T21:05:28.929+0000] {logging_mixin.py:188} INFO - [2026-05-07T21:05:28.928+0000] {dagbag.py:545} INFO - Filling up the DagBag from /home/airflow/.local/lib/python3.12/site-packages/airflow/example_dags/example_setup_teardown.py
[2026-05-07T21:05:28.937+0000] {processor.py:840} INFO - DAG(s) 'example_setup_teardown' retrieved from /home/airflow/.local/lib/python3.12/site-packages/airflow/example_dags/example_setup_teardown.py
[2026-05-07T21:05:28.960+0000] {logging_mixin.py:188} INFO - [2026-05-07T21:05:28.960+0000] {dag.py:3096} INFO - Sync 1 DAGs
[2026-05-07T21:05:28.981+0000] {logging_mixin.py:188} INFO - [2026-05-07T21:05:28.981+0000] {dag.py:3954} INFO - Setting next_dagrun for example_setup_teardown to 2026-05-06 00:00:00+00:00, run_after=2026-05-07 00:00:00+00:00
[2026-05-07T21:05:29.006+0000] {processor.py:183} INFO - Processing /home/airflow/.local/lib/python3.12/site-packages/airflow/example_dags/example_setup_teardown.py took 0.090 seconds
[2026-05-07T21:05:59.175+0000] {processor.py:161} INFO - Started process (PID=5671) to work on /home/airflow/.local/lib/python3.12/site-packages/airflow/example_dags/example_setup_teardown.py
[2026-05-07T21:05:59.177+0000] {processor.py:830} INFO - Processing file /home/airflow/.local/lib/python3.12/site-packages/airflow/example_dags/example_setup_teardown.py for tasks to queue
[2026-05-07T21:05:59.180+0000] {logging_mixin.py:188} INFO - [2026-05-07T21:05:59.180+0000] {dagbag.py:545} INFO - Filling up the DagBag from /home/airflow/.local/lib/python3.12/site-packages/airflow/example_dags/example_setup_teardown.py
[2026-05-07T21:05:59.189+0000] {processor.py:840} INFO - DAG(s) 'example_setup_teardown' retrieved from /home/airflow/.local/lib/python3.12/site-packages/airflow/example_dags/example_setup_teardown.py
[2026-05-07T21:05:59.217+0000] {logging_mixin.py:188} INFO - [2026-05-07T21:05:59.217+0000] {dag.py:3096} INFO - Sync 1 DAGs
[2026-05-07T21:05:59.247+0000] {logging_mixin.py:188} INFO - [2026-05-07T21:05:59.247+0000] {dag.py:3954} INFO - Setting next_dagrun for example_setup_teardown to 2026-05-06 00:00:00+00:00, run_after=2026-05-07 00:00:00+00:00
[2026-05-07T21:05:59.276+0000] {processor.py:183} INFO - Processing /home/airflow/.local/lib/python3.12/site-packages/airflow/example_dags/example_setup_teardown.py took 0.108 seconds
[2026-05-07T21:06:29.886+0000] {processor.py:161} INFO - Started process (PID=5729) to work on /home/airflow/.local/lib/python3.12/site-packages/airflow/example_dags/example_setup_teardown.py
[2026-05-07T21:06:29.887+0000] {processor.py:830} INFO - Processing file /home/airflow/.local/lib/python3.12/site-packages/airflow/example_dags/example_setup_teardown.py for tasks to queue
[2026-05-07T21:06:29.889+0000] {logging_mixin.py:188} INFO - [2026-05-07T21:06:29.889+0000] {dagbag.py:545} INFO - Filling up the DagBag from /home/airflow/.local/lib/python3.12/site-packages/airflow/example_dags/example_setup_teardown.py
[2026-05-07T21:06:29.899+0000] {processor.py:840} INFO - DAG(s) 'example_setup_teardown' retrieved from /home/airflow/.local/lib/python3.12/site-packages/airflow/example_dags/example_setup_teardown.py
[2026-05-07T21:06:29.920+0000] {logging_mixin.py:188} INFO - [2026-05-07T21:06:29.920+0000] {dag.py:3096} INFO - Sync 1 DAGs
[2026-05-07T21:06:29.940+0000] {logging_mixin.py:188} INFO - [2026-05-07T21:06:29.939+0000] {dag.py:3954} INFO - Setting next_dagrun for example_setup_teardown to 2026-05-06 00:00:00+00:00, run_after=2026-05-07 00:00:00+00:00
[2026-05-07T21:06:29.964+0000] {processor.py:183} INFO - Processing /home/airflow/.local/lib/python3.12/site-packages/airflow/example_dags/example_setup_teardown.py took 0.083 seconds
[2026-05-07T21:07:00.271+0000] {processor.py:161} INFO - Started process (PID=5787) to work on /home/airflow/.local/lib/python3.12/site-packages/airflow/example_dags/example_setup_teardown.py
[2026-05-07T21:07:00.272+0000] {processor.py:830} INFO - Processing file /home/airflow/.local/lib/python3.12/site-packages/airflow/example_dags/example_setup_teardown.py for tasks to queue
[2026-05-07T21:07:00.275+0000] {logging_mixin.py:188} INFO - [2026-05-07T21:07:00.274+0000] {dagbag.py:545} INFO - Filling up the DagBag from /home/airflow/.local/lib/python3.12/site-packages/airflow/example_dags/example_setup_teardown.py
[2026-05-07T21:07:00.284+0000] {processor.py:840} INFO - DAG(s) 'example_setup_teardown' retrieved from /home/airflow/.local/lib/python3.12/site-packages/airflow/example_dags/example_setup_teardown.py
[2026-05-07T21:07:00.310+0000] {logging_mixin.py:188} INFO - [2026-05-07T21:07:00.309+0000] {dag.py:3096} INFO - Sync 1 DAGs
[2026-05-07T21:07:00.333+0000] {logging_mixin.py:188} INFO - [2026-05-07T21:07:00.333+0000] {dag.py:3954} INFO - Setting next_dagrun for example_setup_teardown to 2026-05-06 00:00:00+00:00, run_after=2026-05-07 00:00:00+00:00
[2026-05-07T21:07:00.360+0000] {processor.py:183} INFO - Processing /home/airflow/.local/lib/python3.12/site-packages/airflow/example_dags/example_setup_teardown.py took 0.096 seconds
[2026-05-07T21:07:37.259+0000] {processor.py:161} INFO - Started process (PID=5846) to work on /home/airflow/.local/lib/python3.12/site-packages/airflow/example_dags/example_setup_teardown.py
[2026-05-07T21:07:37.268+0000] {processor.py:830} INFO - Processing file /home/airflow/.local/lib/python3.12/site-packages/airflow/example_dags/example_setup_teardown.py for tasks to queue
[2026-05-07T21:07:37.276+0000] {logging_mixin.py:188} INFO - [2026-05-07T21:07:37.275+0000] {dagbag.py:545} INFO - Filling up the DagBag from /home/airflow/.local/lib/python3.12/site-packages/airflow/example_dags/example_setup_teardown.py
[2026-05-07T21:07:37.293+0000] {processor.py:840} INFO - DAG(s) 'example_setup_teardown' retrieved from /home/airflow/.local/lib/python3.12/site-packages/airflow/example_dags/example_setup_teardown.py
[2026-05-07T21:07:37.343+0000] {logging_mixin.py:188} INFO - [2026-05-07T21:07:37.342+0000] {dag.py:3096} INFO - Sync 1 DAGs
[2026-05-07T21:07:37.401+0000] {logging_mixin.py:188} INFO - [2026-05-07T21:07:37.401+0000] {dag.py:3954} INFO - Setting next_dagrun for example_setup_teardown to 2026-05-06 00:00:00+00:00, run_after=2026-05-07 00:00:00+00:00
[2026-05-07T21:07:37.460+0000] {processor.py:183} INFO - Processing /home/airflow/.local/lib/python3.12/site-packages/airflow/example_dags/example_setup_teardown.py took 0.214 seconds
[2026-05-07T21:08:08.187+0000] {processor.py:161} INFO - Started process (PID=5905) to work on /home/airflow/.local/lib/python3.12/site-packages/airflow/example_dags/example_setup_teardown.py
[2026-05-07T21:08:08.189+0000] {processor.py:830} INFO - Processing file /home/airflow/.local/lib/python3.12/site-packages/airflow/example_dags/example_setup_teardown.py for tasks to queue
[2026-05-07T21:08:08.192+0000] {logging_mixin.py:188} INFO - [2026-05-07T21:08:08.191+0000] {dagbag.py:545} INFO - Filling up the DagBag from /home/airflow/.local/lib/python3.12/site-packages/airflow/example_dags/example_setup_teardown.py
[2026-05-07T21:08:08.201+0000] {processor.py:840} INFO - DAG(s) 'example_setup_teardown' retrieved from /home/airflow/.local/lib/python3.12/site-packages/airflow/example_dags/example_setup_teardown.py
[2026-05-07T21:08:08.225+0000] {logging_mixin.py:188} INFO - [2026-05-07T21:08:08.225+0000] {dag.py:3096} INFO - Sync 1 DAGs
[2026-05-07T21:08:08.250+0000] {logging_mixin.py:188} INFO - [2026-05-07T21:08:08.249+0000] {dag.py:3954} INFO - Setting next_dagrun for example_setup_teardown to 2026-05-06 00:00:00+00:00, run_after=2026-05-07 00:00:00+00:00
[2026-05-07T21:08:08.281+0000] {processor.py:183} INFO - Processing /home/airflow/.local/lib/python3.12/site-packages/airflow/example_dags/example_setup_teardown.py took 0.101 seconds
[2026-05-07T21:08:38.522+0000] {processor.py:161} INFO - Started process (PID=5963) to work on /home/airflow/.local/lib/python3.12/site-packages/airflow/example_dags/example_setup_teardown.py
[2026-05-07T21:08:38.524+0000] {processor.py:830} INFO - Processing file /home/airflow/.local/lib/python3.12/site-packages/airflow/example_dags/example_setup_teardown.py for tasks to queue
[2026-05-07T21:08:38.529+0000] {logging_mixin.py:188} INFO - [2026-05-07T21:08:38.528+0000] {dagbag.py:545} INFO - Filling up the DagBag from /home/airflow/.local/lib/python3.12/site-packages/airflow/example_dags/example_setup_teardown.py
[2026-05-07T21:08:38.542+0000] {processor.py:840} INFO - DAG(s) 'example_setup_teardown' retrieved from /home/airflow/.local/lib/python3.12/site-packages/airflow/example_dags/example_setup_teardown.py
[2026-05-07T21:08:38.570+0000] {logging_mixin.py:188} INFO - [2026-05-07T21:08:38.570+0000] {dag.py:3096} INFO - Sync 1 DAGs
[2026-05-07T21:08:38.602+0000] {logging_mixin.py:188} INFO - [2026-05-07T21:08:38.602+0000] {dag.py:3954} INFO - Setting next_dagrun for example_setup_teardown to 2026-05-06 00:00:00+00:00, run_after=2026-05-07 00:00:00+00:00
[2026-05-07T21:08:38.637+0000] {processor.py:183} INFO - Processing /home/airflow/.local/lib/python3.12/site-packages/airflow/example_dags/example_setup_teardown.py took 0.121 seconds
[2026-05-07T21:09:08.852+0000] {processor.py:161} INFO - Started process (PID=6021) to work on /home/airflow/.local/lib/python3.12/site-packages/airflow/example_dags/example_setup_teardown.py
[2026-05-07T21:09:08.853+0000] {processor.py:830} INFO - Processing file /home/airflow/.local/lib/python3.12/site-packages/airflow/example_dags/example_setup_teardown.py for tasks to queue
[2026-05-07T21:09:08.856+0000] {logging_mixin.py:188} INFO - [2026-05-07T21:09:08.856+0000] {dagbag.py:545} INFO - Filling up the DagBag from /home/airflow/.local/lib/python3.12/site-packages/airflow/example_dags/example_setup_teardown.py
[2026-05-07T21:09:08.864+0000] {processor.py:840} INFO - DAG(s) 'example_setup_teardown' retrieved from /home/airflow/.local/lib/python3.12/site-packages/airflow/example_dags/example_setup_teardown.py
[2026-05-07T21:09:08.886+0000] {logging_mixin.py:188} INFO - [2026-05-07T21:09:08.885+0000] {dag.py:3096} INFO - Sync 1 DAGs
[2026-05-07T21:09:08.906+0000] {logging_mixin.py:188} INFO - [2026-05-07T21:09:08.906+0000] {dag.py:3954} INFO - Setting next_dagrun for example_setup_teardown to 2026-05-06 00:00:00+00:00, run_after=2026-05-07 00:00:00+00:00
[2026-05-07T21:09:08.927+0000] {processor.py:183} INFO - Processing /home/airflow/.local/lib/python3.12/site-packages/airflow/example_dags/example_setup_teardown.py took 0.081 seconds
[2026-05-07T21:09:39.380+0000] {processor.py:161} INFO - Started process (PID=6079) to work on /home/airflow/.local/lib/python3.12/site-packages/airflow/example_dags/example_setup_teardown.py
[2026-05-07T21:09:39.381+0000] {processor.py:830} INFO - Processing file /home/airflow/.local/lib/python3.12/site-packages/airflow/example_dags/example_setup_teardown.py for tasks to queue
[2026-05-07T21:09:39.383+0000] {logging_mixin.py:188} INFO - [2026-05-07T21:09:39.382+0000] {dagbag.py:545} INFO - Filling up the DagBag from /home/airflow/.local/lib/python3.12/site-packages/airflow/example_dags/example_setup_teardown.py
[2026-05-07T21:09:39.389+0000] {processor.py:840} INFO - DAG(s) 'example_setup_teardown' retrieved from /home/airflow/.local/lib/python3.12/site-packages/airflow/example_dags/example_setup_teardown.py
[2026-05-07T21:09:39.409+0000] {logging_mixin.py:188} INFO - [2026-05-07T21:09:39.409+0000] {dag.py:3096} INFO - Sync 1 DAGs
[2026-05-07T21:09:39.430+0000] {logging_mixin.py:188} INFO - [2026-05-07T21:09:39.430+0000] {dag.py:3954} INFO - Setting next_dagrun for example_setup_teardown to 2026-05-06 00:00:00+00:00, run_after=2026-05-07 00:00:00+00:00
[2026-05-07T21:09:39.450+0000] {processor.py:183} INFO - Processing /home/airflow/.local/lib/python3.12/site-packages/airflow/example_dags/example_setup_teardown.py took 0.075 seconds
[2026-05-07T21:10:09.940+0000] {processor.py:161} INFO - Started process (PID=6137) to work on /home/airflow/.local/lib/python3.12/site-packages/airflow/example_dags/example_setup_teardown.py
[2026-05-07T21:10:09.942+0000] {processor.py:830} INFO - Processing file /home/airflow/.local/lib/python3.12/site-packages/airflow/example_dags/example_setup_teardown.py for tasks to queue
[2026-05-07T21:10:09.945+0000] {logging_mixin.py:188} INFO - [2026-05-07T21:10:09.944+0000] {dagbag.py:545} INFO - Filling up the DagBag from /home/airflow/.local/lib/python3.12/site-packages/airflow/example_dags/example_setup_teardown.py
[2026-05-07T21:10:09.951+0000] {processor.py:840} INFO - DAG(s) 'example_setup_teardown' retrieved from /home/airflow/.local/lib/python3.12/site-packages/airflow/example_dags/example_setup_teardown.py
[2026-05-07T21:10:09.970+0000] {logging_mixin.py:188} INFO - [2026-05-07T21:10:09.970+0000] {dag.py:3096} INFO - Sync 1 DAGs
[2026-05-07T21:10:09.990+0000] {logging_mixin.py:188} INFO - [2026-05-07T21:10:09.990+0000] {dag.py:3954} INFO - Setting next_dagrun for example_setup_teardown to 2026-05-06 00:00:00+00:00, run_after=2026-05-07 00:00:00+00:00
[2026-05-07T21:10:10.012+0000] {processor.py:183} INFO - Processing /home/airflow/.local/lib/python3.12/site-packages/airflow/example_dags/example_setup_teardown.py took 0.077 seconds
[2026-05-07T21:10:40.650+0000] {processor.py:161} INFO - Started process (PID=6195) to work on /home/airflow/.local/lib/python3.12/site-packages/airflow/example_dags/example_setup_teardown.py
[2026-05-07T21:10:40.651+0000] {processor.py:830} INFO - Processing file /home/airflow/.local/lib/python3.12/site-packages/airflow/example_dags/example_setup_teardown.py for tasks to queue
[2026-05-07T21:10:40.653+0000] {logging_mixin.py:188} INFO - [2026-05-07T21:10:40.653+0000] {dagbag.py:545} INFO - Filling up the DagBag from /home/airflow/.local/lib/python3.12/site-packages/airflow/example_dags/example_setup_teardown.py
[2026-05-07T21:10:40.659+0000] {processor.py:840} INFO - DAG(s) 'example_setup_teardown' retrieved from /home/airflow/.local/lib/python3.12/site-packages/airflow/example_dags/example_setup_teardown.py
[2026-05-07T21:10:40.679+0000] {logging_mixin.py:188} INFO - [2026-05-07T21:10:40.679+0000] {dag.py:3096} INFO - Sync 1 DAGs
[2026-05-07T21:10:40.699+0000] {logging_mixin.py:188} INFO - [2026-05-07T21:10:40.699+0000] {dag.py:3954} INFO - Setting next_dagrun for example_setup_teardown to 2026-05-06 00:00:00+00:00, run_after=2026-05-07 00:00:00+00:00
[2026-05-07T21:10:40.719+0000] {processor.py:183} INFO - Processing /home/airflow/.local/lib/python3.12/site-packages/airflow/example_dags/example_setup_teardown.py took 0.074 seconds
[2026-05-07T21:11:11.209+0000] {processor.py:161} INFO - Started process (PID=6253) to work on /home/airflow/.local/lib/python3.12/site-packages/airflow/example_dags/example_setup_teardown.py
[2026-05-07T21:11:11.211+0000] {processor.py:830} INFO - Processing file /home/airflow/.local/lib/python3.12/site-packages/airflow/example_dags/example_setup_teardown.py for tasks to queue
[2026-05-07T21:11:11.214+0000] {logging_mixin.py:188} INFO - [2026-05-07T21:11:11.213+0000] {dagbag.py:545} INFO - Filling up the DagBag from /home/airflow/.local/lib/python3.12/site-packages/airflow/example_dags/example_setup_teardown.py
[2026-05-07T21:11:11.221+0000] {processor.py:840} INFO - DAG(s) 'example_setup_teardown' retrieved from /home/airflow/.local/lib/python3.12/site-packages/airflow/example_dags/example_setup_teardown.py
[2026-05-07T21:11:11.242+0000] {logging_mixin.py:188} INFO - [2026-05-07T21:11:11.241+0000] {dag.py:3096} INFO - Sync 1 DAGs
[2026-05-07T21:11:11.262+0000] {logging_mixin.py:188} INFO - [2026-05-07T21:11:11.262+0000] {dag.py:3954} INFO - Setting next_dagrun for example_setup_teardown to 2026-05-06 00:00:00+00:00, run_after=2026-05-07 00:00:00+00:00
[2026-05-07T21:11:11.289+0000] {processor.py:183} INFO - Processing /home/airflow/.local/lib/python3.12/site-packages/airflow/example_dags/example_setup_teardown.py took 0.086 seconds
[2026-05-07T21:11:41.432+0000] {processor.py:161} INFO - Started process (PID=6312) to work on /home/airflow/.local/lib/python3.12/site-packages/airflow/example_dags/example_setup_teardown.py
[2026-05-07T21:11:41.434+0000] {processor.py:830} INFO - Processing file /home/airflow/.local/lib/python3.12/site-packages/airflow/example_dags/example_setup_teardown.py for tasks to queue
[2026-05-07T21:11:41.440+0000] {logging_mixin.py:188} INFO - [2026-05-07T21:11:41.440+0000] {dagbag.py:545} INFO - Filling up the DagBag from /home/airflow/.local/lib/python3.12/site-packages/airflow/example_dags/example_setup_teardown.py
[2026-05-07T21:11:41.452+0000] {processor.py:840} INFO - DAG(s) 'example_setup_teardown' retrieved from /home/airflow/.local/lib/python3.12/site-packages/airflow/example_dags/example_setup_teardown.py
[2026-05-07T21:11:41.493+0000] {logging_mixin.py:188} INFO - [2026-05-07T21:11:41.493+0000] {dag.py:3096} INFO - Sync 1 DAGs
[2026-05-07T21:11:41.559+0000] {logging_mixin.py:188} INFO - [2026-05-07T21:11:41.558+0000] {dag.py:3954} INFO - Setting next_dagrun for example_setup_teardown to 2026-05-06 00:00:00+00:00, run_after=2026-05-07 00:00:00+00:00
[2026-05-07T21:11:41.619+0000] {processor.py:183} INFO - Processing /home/airflow/.local/lib/python3.12/site-packages/airflow/example_dags/example_setup_teardown.py took 0.195 seconds
[2026-05-07T21:12:12.241+0000] {processor.py:161} INFO - Started process (PID=6376) to work on /home/airflow/.local/lib/python3.12/site-packages/airflow/example_dags/example_setup_teardown.py
[2026-05-07T21:12:12.244+0000] {processor.py:830} INFO - Processing file /home/airflow/.local/lib/python3.12/site-packages/airflow/example_dags/example_setup_teardown.py for tasks to queue
[2026-05-07T21:12:12.246+0000] {logging_mixin.py:188} INFO - [2026-05-07T21:12:12.246+0000] {dagbag.py:545} INFO - Filling up the DagBag from /home/airflow/.local/lib/python3.12/site-packages/airflow/example_dags/example_setup_teardown.py
[2026-05-07T21:12:12.252+0000] {processor.py:840} INFO - DAG(s) 'example_setup_teardown' retrieved from /home/airflow/.local/lib/python3.12/site-packages/airflow/example_dags/example_setup_teardown.py
[2026-05-07T21:12:12.273+0000] {logging_mixin.py:188} INFO - [2026-05-07T21:12:12.272+0000] {dag.py:3096} INFO - Sync 1 DAGs
[2026-05-07T21:12:12.296+0000] {logging_mixin.py:188} INFO - [2026-05-07T21:12:12.296+0000] {dag.py:3954} INFO - Setting next_dagrun for example_setup_teardown to 2026-05-06 00:00:00+00:00, run_after=2026-05-07 00:00:00+00:00
[2026-05-07T21:12:12.318+0000] {processor.py:183} INFO - Processing /home/airflow/.local/lib/python3.12/site-packages/airflow/example_dags/example_setup_teardown.py took 0.082 seconds
[2026-05-07T21:12:42.716+0000] {processor.py:161} INFO - Started process (PID=6434) to work on /home/airflow/.local/lib/python3.12/site-packages/airflow/example_dags/example_setup_teardown.py
[2026-05-07T21:12:42.717+0000] {processor.py:830} INFO - Processing file /home/airflow/.local/lib/python3.12/site-packages/airflow/example_dags/example_setup_teardown.py for tasks to queue
[2026-05-07T21:12:42.721+0000] {logging_mixin.py:188} INFO - [2026-05-07T21:12:42.720+0000] {dagbag.py:545} INFO - Filling up the DagBag from /home/airflow/.local/lib/python3.12/site-packages/airflow/example_dags/example_setup_teardown.py
[2026-05-07T21:12:42.730+0000] {processor.py:840} INFO - DAG(s) 'example_setup_teardown' retrieved from /home/airflow/.local/lib/python3.12/site-packages/airflow/example_dags/example_setup_teardown.py
[2026-05-07T21:12:42.757+0000] {logging_mixin.py:188} INFO - [2026-05-07T21:12:42.756+0000] {dag.py:3096} INFO - Sync 1 DAGs
[2026-05-07T21:12:42.782+0000] {logging_mixin.py:188} INFO - [2026-05-07T21:12:42.782+0000] {dag.py:3954} INFO - Setting next_dagrun for example_setup_teardown to 2026-05-06 00:00:00+00:00, run_after=2026-05-07 00:00:00+00:00
[2026-05-07T21:12:42.811+0000] {processor.py:183} INFO - Processing /home/airflow/.local/lib/python3.12/site-packages/airflow/example_dags/example_setup_teardown.py took 0.104 seconds
[2026-05-07T21:13:13.163+0000] {processor.py:161} INFO - Started process (PID=6491) to work on /home/airflow/.local/lib/python3.12/site-packages/airflow/example_dags/example_setup_teardown.py
[2026-05-07T21:13:13.164+0000] {processor.py:830} INFO - Processing file /home/airflow/.local/lib/python3.12/site-packages/airflow/example_dags/example_setup_teardown.py for tasks to queue
[2026-05-07T21:13:13.167+0000] {logging_mixin.py:188} INFO - [2026-05-07T21:13:13.166+0000] {dagbag.py:545} INFO - Filling up the DagBag from /home/airflow/.local/lib/python3.12/site-packages/airflow/example_dags/example_setup_teardown.py
[2026-05-07T21:13:13.173+0000] {processor.py:840} INFO - DAG(s) 'example_setup_teardown' retrieved from /home/airflow/.local/lib/python3.12/site-packages/airflow/example_dags/example_setup_teardown.py
[2026-05-07T21:13:13.196+0000] {logging_mixin.py:188} INFO - [2026-05-07T21:13:13.195+0000] {dag.py:3096} INFO - Sync 1 DAGs
[2026-05-07T21:13:13.216+0000] {logging_mixin.py:188} INFO - [2026-05-07T21:13:13.216+0000] {dag.py:3954} INFO - Setting next_dagrun for example_setup_teardown to 2026-05-06 00:00:00+00:00, run_after=2026-05-07 00:00:00+00:00
[2026-05-07T21:13:13.237+0000] {processor.py:183} INFO - Processing /home/airflow/.local/lib/python3.12/site-packages/airflow/example_dags/example_setup_teardown.py took 0.079 seconds
[2026-05-07T21:13:43.379+0000] {processor.py:161} INFO - Started process (PID=6549) to work on /home/airflow/.local/lib/python3.12/site-packages/airflow/example_dags/example_setup_teardown.py
[2026-05-07T21:13:43.382+0000] {processor.py:830} INFO - Processing file /home/airflow/.local/lib/python3.12/site-packages/airflow/example_dags/example_setup_teardown.py for tasks to queue
[2026-05-07T21:13:43.384+0000] {logging_mixin.py:188} INFO - [2026-05-07T21:13:43.384+0000] {dagbag.py:545} INFO - Filling up the DagBag from /home/airflow/.local/lib/python3.12/site-packages/airflow/example_dags/example_setup_teardown.py
[2026-05-07T21:13:43.392+0000] {processor.py:840} INFO - DAG(s) 'example_setup_teardown' retrieved from /home/airflow/.local/lib/python3.12/site-packages/airflow/example_dags/example_setup_teardown.py
[2026-05-07T21:13:43.414+0000] {logging_mixin.py:188} INFO - [2026-05-07T21:13:43.414+0000] {dag.py:3096} INFO - Sync 1 DAGs
[2026-05-07T21:13:43.436+0000] {logging_mixin.py:188} INFO - [2026-05-07T21:13:43.436+0000] {dag.py:3954} INFO - Setting next_dagrun for example_setup_teardown to 2026-05-06 00:00:00+00:00, run_after=2026-05-07 00:00:00+00:00
[2026-05-07T21:13:43.457+0000] {processor.py:183} INFO - Processing /home/airflow/.local/lib/python3.12/site-packages/airflow/example_dags/example_setup_teardown.py took 0.083 seconds
[2026-05-07T21:14:14.147+0000] {processor.py:161} INFO - Started process (PID=6607) to work on /home/airflow/.local/lib/python3.12/site-packages/airflow/example_dags/example_setup_teardown.py
[2026-05-07T21:14:14.148+0000] {processor.py:830} INFO - Processing file /home/airflow/.local/lib/python3.12/site-packages/airflow/example_dags/example_setup_teardown.py for tasks to queue
[2026-05-07T21:14:14.150+0000] {logging_mixin.py:188} INFO - [2026-05-07T21:14:14.150+0000] {dagbag.py:545} INFO - Filling up the DagBag from /home/airflow/.local/lib/python3.12/site-packages/airflow/example_dags/example_setup_teardown.py
[2026-05-07T21:14:14.157+0000] {processor.py:840} INFO - DAG(s) 'example_setup_teardown' retrieved from /home/airflow/.local/lib/python3.12/site-packages/airflow/example_dags/example_setup_teardown.py
[2026-05-07T21:14:14.178+0000] {logging_mixin.py:188} INFO - [2026-05-07T21:14:14.177+0000] {dag.py:3096} INFO - Sync 1 DAGs
[2026-05-07T21:14:14.198+0000] {logging_mixin.py:188} INFO - [2026-05-07T21:14:14.198+0000] {dag.py:3954} INFO - Setting next_dagrun for example_setup_teardown to 2026-05-06 00:00:00+00:00, run_after=2026-05-07 00:00:00+00:00
[2026-05-07T21:14:14.220+0000] {processor.py:183} INFO - Processing /home/airflow/.local/lib/python3.12/site-packages/airflow/example_dags/example_setup_teardown.py took 0.080 seconds
[2026-05-07T21:14:44.279+0000] {processor.py:161} INFO - Started process (PID=6665) to work on /home/airflow/.local/lib/python3.12/site-packages/airflow/example_dags/example_setup_teardown.py
[2026-05-07T21:14:44.280+0000] {processor.py:830} INFO - Processing file /home/airflow/.local/lib/python3.12/site-packages/airflow/example_dags/example_setup_teardown.py for tasks to queue
[2026-05-07T21:14:44.283+0000] {logging_mixin.py:188} INFO - [2026-05-07T21:14:44.282+0000] {dagbag.py:545} INFO - Filling up the DagBag from /home/airflow/.local/lib/python3.12/site-packages/airflow/example_dags/example_setup_teardown.py
[2026-05-07T21:14:44.292+0000] {processor.py:840} INFO - DAG(s) 'example_setup_teardown' retrieved from /home/airflow/.local/lib/python3.12/site-packages/airflow/example_dags/example_setup_teardown.py
[2026-05-07T21:14:44.318+0000] {logging_mixin.py:188} INFO - [2026-05-07T21:14:44.317+0000] {dag.py:3096} INFO - Sync 1 DAGs
[2026-05-07T21:14:44.531+0000] {logging_mixin.py:188} INFO - [2026-05-07T21:14:44.531+0000] {dag.py:3954} INFO - Setting next_dagrun for example_setup_teardown to 2026-05-06 00:00:00+00:00, run_after=2026-05-07 00:00:00+00:00
[2026-05-07T21:14:44.554+0000] {processor.py:183} INFO - Processing /home/airflow/.local/lib/python3.12/site-packages/airflow/example_dags/example_setup_teardown.py took 0.282 seconds
[2026-05-07T21:15:14.712+0000] {processor.py:161} INFO - Started process (PID=6723) to work on /home/airflow/.local/lib/python3.12/site-packages/airflow/example_dags/example_setup_teardown.py
[2026-05-07T21:15:14.714+0000] {processor.py:830} INFO - Processing file /home/airflow/.local/lib/python3.12/site-packages/airflow/example_dags/example_setup_teardown.py for tasks to queue
[2026-05-07T21:15:14.716+0000] {logging_mixin.py:188} INFO - [2026-05-07T21:15:14.716+0000] {dagbag.py:545} INFO - Filling up the DagBag from /home/airflow/.local/lib/python3.12/site-packages/airflow/example_dags/example_setup_teardown.py
[2026-05-07T21:15:14.726+0000] {processor.py:840} INFO - DAG(s) 'example_setup_teardown' retrieved from /home/airflow/.local/lib/python3.12/site-packages/airflow/example_dags/example_setup_teardown.py
[2026-05-07T21:15:14.749+0000] {logging_mixin.py:188} INFO - [2026-05-07T21:15:14.749+0000] {dag.py:3096} INFO - Sync 1 DAGs
[2026-05-07T21:15:14.959+0000] {logging_mixin.py:188} INFO - [2026-05-07T21:15:14.959+0000] {dag.py:3954} INFO - Setting next_dagrun for example_setup_teardown to 2026-05-06 00:00:00+00:00, run_after=2026-05-07 00:00:00+00:00
[2026-05-07T21:15:14.980+0000] {processor.py:183} INFO - Processing /home/airflow/.local/lib/python3.12/site-packages/airflow/example_dags/example_setup_teardown.py took 0.273 seconds
[2026-05-07T21:15:45.832+0000] {processor.py:161} INFO - Started process (PID=6781) to work on /home/airflow/.local/lib/python3.12/site-packages/airflow/example_dags/example_setup_teardown.py
[2026-05-07T21:15:45.834+0000] {processor.py:830} INFO - Processing file /home/airflow/.local/lib/python3.12/site-packages/airflow/example_dags/example_setup_teardown.py for tasks to queue
[2026-05-07T21:15:45.836+0000] {logging_mixin.py:188} INFO - [2026-05-07T21:15:45.836+0000] {dagbag.py:545} INFO - Filling up the DagBag from /home/airflow/.local/lib/python3.12/site-packages/airflow/example_dags/example_setup_teardown.py
[2026-05-07T21:15:45.844+0000] {processor.py:840} INFO - DAG(s) 'example_setup_teardown' retrieved from /home/airflow/.local/lib/python3.12/site-packages/airflow/example_dags/example_setup_teardown.py
[2026-05-07T21:15:45.866+0000] {logging_mixin.py:188} INFO - [2026-05-07T21:15:45.866+0000] {dag.py:3096} INFO - Sync 1 DAGs
[2026-05-07T21:15:45.886+0000] {logging_mixin.py:188} INFO - [2026-05-07T21:15:45.886+0000] {dag.py:3954} INFO - Setting next_dagrun for example_setup_teardown to 2026-05-06 00:00:00+00:00, run_after=2026-05-07 00:00:00+00:00
[2026-05-07T21:15:45.908+0000] {processor.py:183} INFO - Processing /home/airflow/.local/lib/python3.12/site-packages/airflow/example_dags/example_setup_teardown.py took 0.081 seconds
[2026-05-07T21:16:16.105+0000] {processor.py:161} INFO - Started process (PID=6839) to work on /home/airflow/.local/lib/python3.12/site-packages/airflow/example_dags/example_setup_teardown.py
[2026-05-07T21:16:16.106+0000] {processor.py:830} INFO - Processing file /home/airflow/.local/lib/python3.12/site-packages/airflow/example_dags/example_setup_teardown.py for tasks to queue
[2026-05-07T21:16:16.108+0000] {logging_mixin.py:188} INFO - [2026-05-07T21:16:16.108+0000] {dagbag.py:545} INFO - Filling up the DagBag from /home/airflow/.local/lib/python3.12/site-packages/airflow/example_dags/example_setup_teardown.py
[2026-05-07T21:16:16.117+0000] {processor.py:840} INFO - DAG(s) 'example_setup_teardown' retrieved from /home/airflow/.local/lib/python3.12/site-packages/airflow/example_dags/example_setup_teardown.py
[2026-05-07T21:16:16.141+0000] {logging_mixin.py:188} INFO - [2026-05-07T21:16:16.140+0000] {dag.py:3096} INFO - Sync 1 DAGs
[2026-05-07T21:16:16.161+0000] {logging_mixin.py:188} INFO - [2026-05-07T21:16:16.161+0000] {dag.py:3954} INFO - Setting next_dagrun for example_setup_teardown to 2026-05-06 00:00:00+00:00, run_after=2026-05-07 00:00:00+00:00
[2026-05-07T21:16:16.185+0000] {processor.py:183} INFO - Processing /home/airflow/.local/lib/python3.12/site-packages/airflow/example_dags/example_setup_teardown.py took 0.085 seconds
[2026-05-07T21:16:46.448+0000] {processor.py:161} INFO - Started process (PID=6897) to work on /home/airflow/.local/lib/python3.12/site-packages/airflow/example_dags/example_setup_teardown.py
[2026-05-07T21:16:46.449+0000] {processor.py:830} INFO - Processing file /home/airflow/.local/lib/python3.12/site-packages/airflow/example_dags/example_setup_teardown.py for tasks to queue
[2026-05-07T21:16:46.453+0000] {logging_mixin.py:188} INFO - [2026-05-07T21:16:46.452+0000] {dagbag.py:545} INFO - Filling up the DagBag from /home/airflow/.local/lib/python3.12/site-packages/airflow/example_dags/example_setup_teardown.py
[2026-05-07T21:16:46.618+0000] {processor.py:840} INFO - DAG(s) 'example_setup_teardown' retrieved from /home/airflow/.local/lib/python3.12/site-packages/airflow/example_dags/example_setup_teardown.py
[2026-05-07T21:16:46.636+0000] {logging_mixin.py:188} INFO - [2026-05-07T21:16:46.636+0000] {dag.py:3096} INFO - Sync 1 DAGs
[2026-05-07T21:16:46.656+0000] {logging_mixin.py:188} INFO - [2026-05-07T21:16:46.656+0000] {dag.py:3954} INFO - Setting next_dagrun for example_setup_teardown to 2026-05-06 00:00:00+00:00, run_after=2026-05-07 00:00:00+00:00
[2026-05-07T21:16:46.676+0000] {processor.py:183} INFO - Processing /home/airflow/.local/lib/python3.12/site-packages/airflow/example_dags/example_setup_teardown.py took 0.234 seconds
[2026-05-07T21:17:17.066+0000] {processor.py:161} INFO - Started process (PID=6955) to work on /home/airflow/.local/lib/python3.12/site-packages/airflow/example_dags/example_setup_teardown.py
[2026-05-07T21:17:17.068+0000] {processor.py:830} INFO - Processing file /home/airflow/.local/lib/python3.12/site-packages/airflow/example_dags/example_setup_teardown.py for tasks to queue
[2026-05-07T21:17:17.070+0000] {logging_mixin.py:188} INFO - [2026-05-07T21:17:17.070+0000] {dagbag.py:545} INFO - Filling up the DagBag from /home/airflow/.local/lib/python3.12/site-packages/airflow/example_dags/example_setup_teardown.py
[2026-05-07T21:17:17.078+0000] {processor.py:840} INFO - DAG(s) 'example_setup_teardown' retrieved from /home/airflow/.local/lib/python3.12/site-packages/airflow/example_dags/example_setup_teardown.py
[2026-05-07T21:17:17.100+0000] {logging_mixin.py:188} INFO - [2026-05-07T21:17:17.100+0000] {dag.py:3096} INFO - Sync 1 DAGs
[2026-05-07T21:17:17.121+0000] {logging_mixin.py:188} INFO - [2026-05-07T21:17:17.121+0000] {dag.py:3954} INFO - Setting next_dagrun for example_setup_teardown to 2026-05-06 00:00:00+00:00, run_after=2026-05-07 00:00:00+00:00
[2026-05-07T21:17:17.142+0000] {processor.py:183} INFO - Processing /home/airflow/.local/lib/python3.12/site-packages/airflow/example_dags/example_setup_teardown.py took 0.081 seconds
[2026-05-07T21:17:47.318+0000] {processor.py:161} INFO - Started process (PID=7013) to work on /home/airflow/.local/lib/python3.12/site-packages/airflow/example_dags/example_setup_teardown.py
[2026-05-07T21:17:47.319+0000] {processor.py:830} INFO - Processing file /home/airflow/.local/lib/python3.12/site-packages/airflow/example_dags/example_setup_teardown.py for tasks to queue
[2026-05-07T21:17:47.322+0000] {logging_mixin.py:188} INFO - [2026-05-07T21:17:47.322+0000] {dagbag.py:545} INFO - Filling up the DagBag from /home/airflow/.local/lib/python3.12/site-packages/airflow/example_dags/example_setup_teardown.py
[2026-05-07T21:17:47.329+0000] {processor.py:840} INFO - DAG(s) 'example_setup_teardown' retrieved from /home/airflow/.local/lib/python3.12/site-packages/airflow/example_dags/example_setup_teardown.py
[2026-05-07T21:17:47.353+0000] {logging_mixin.py:188} INFO - [2026-05-07T21:17:47.352+0000] {dag.py:3096} INFO - Sync 1 DAGs
[2026-05-07T21:17:47.375+0000] {logging_mixin.py:188} INFO - [2026-05-07T21:17:47.374+0000] {dag.py:3954} INFO - Setting next_dagrun for example_setup_teardown to 2026-05-06 00:00:00+00:00, run_after=2026-05-07 00:00:00+00:00
[2026-05-07T21:17:47.396+0000] {processor.py:183} INFO - Processing /home/airflow/.local/lib/python3.12/site-packages/airflow/example_dags/example_setup_teardown.py took 0.084 seconds
[2026-05-07T21:18:17.769+0000] {processor.py:161} INFO - Started process (PID=7071) to work on /home/airflow/.local/lib/python3.12/site-packages/airflow/example_dags/example_setup_teardown.py
[2026-05-07T21:18:17.770+0000] {processor.py:830} INFO - Processing file /home/airflow/.local/lib/python3.12/site-packages/airflow/example_dags/example_setup_teardown.py for tasks to queue
[2026-05-07T21:18:17.773+0000] {logging_mixin.py:188} INFO - [2026-05-07T21:18:17.772+0000] {dagbag.py:545} INFO - Filling up the DagBag from /home/airflow/.local/lib/python3.12/site-packages/airflow/example_dags/example_setup_teardown.py
[2026-05-07T21:18:17.779+0000] {processor.py:840} INFO - DAG(s) 'example_setup_teardown' retrieved from /home/airflow/.local/lib/python3.12/site-packages/airflow/example_dags/example_setup_teardown.py
[2026-05-07T21:18:17.801+0000] {logging_mixin.py:188} INFO - [2026-05-07T21:18:17.800+0000] {dag.py:3096} INFO - Sync 1 DAGs
[2026-05-07T21:18:17.820+0000] {logging_mixin.py:188} INFO - [2026-05-07T21:18:17.820+0000] {dag.py:3954} INFO - Setting next_dagrun for example_setup_teardown to 2026-05-06 00:00:00+00:00, run_after=2026-05-07 00:00:00+00:00
[2026-05-07T21:18:17.841+0000] {processor.py:183} INFO - Processing /home/airflow/.local/lib/python3.12/site-packages/airflow/example_dags/example_setup_teardown.py took 0.078 seconds
[2026-05-07T21:18:47.924+0000] {processor.py:161} INFO - Started process (PID=7129) to work on /home/airflow/.local/lib/python3.12/site-packages/airflow/example_dags/example_setup_teardown.py
[2026-05-07T21:18:47.926+0000] {processor.py:830} INFO - Processing file /home/airflow/.local/lib/python3.12/site-packages/airflow/example_dags/example_setup_teardown.py for tasks to queue
[2026-05-07T21:18:47.929+0000] {logging_mixin.py:188} INFO - [2026-05-07T21:18:47.928+0000] {dagbag.py:545} INFO - Filling up the DagBag from /home/airflow/.local/lib/python3.12/site-packages/airflow/example_dags/example_setup_teardown.py
[2026-05-07T21:18:47.935+0000] {processor.py:840} INFO - DAG(s) 'example_setup_teardown' retrieved from /home/airflow/.local/lib/python3.12/site-packages/airflow/example_dags/example_setup_teardown.py
[2026-05-07T21:18:47.961+0000] {logging_mixin.py:188} INFO - [2026-05-07T21:18:47.960+0000] {dag.py:3096} INFO - Sync 1 DAGs
[2026-05-07T21:18:47.981+0000] {logging_mixin.py:188} INFO - [2026-05-07T21:18:47.981+0000] {dag.py:3954} INFO - Setting next_dagrun for example_setup_teardown to 2026-05-06 00:00:00+00:00, run_after=2026-05-07 00:00:00+00:00
[2026-05-07T21:18:48.001+0000] {processor.py:183} INFO - Processing /home/airflow/.local/lib/python3.12/site-packages/airflow/example_dags/example_setup_teardown.py took 0.082 seconds
[2026-05-07T21:19:18.499+0000] {processor.py:161} INFO - Started process (PID=7187) to work on /home/airflow/.local/lib/python3.12/site-packages/airflow/example_dags/example_setup_teardown.py
[2026-05-07T21:19:18.501+0000] {processor.py:830} INFO - Processing file /home/airflow/.local/lib/python3.12/site-packages/airflow/example_dags/example_setup_teardown.py for tasks to queue
[2026-05-07T21:19:18.503+0000] {logging_mixin.py:188} INFO - [2026-05-07T21:19:18.503+0000] {dagbag.py:545} INFO - Filling up the DagBag from /home/airflow/.local/lib/python3.12/site-packages/airflow/example_dags/example_setup_teardown.py
[2026-05-07T21:19:18.510+0000] {processor.py:840} INFO - DAG(s) 'example_setup_teardown' retrieved from /home/airflow/.local/lib/python3.12/site-packages/airflow/example_dags/example_setup_teardown.py
[2026-05-07T21:19:18.532+0000] {logging_mixin.py:188} INFO - [2026-05-07T21:19:18.532+0000] {dag.py:3096} INFO - Sync 1 DAGs
[2026-05-07T21:19:18.553+0000] {logging_mixin.py:188} INFO - [2026-05-07T21:19:18.553+0000] {dag.py:3954} INFO - Setting next_dagrun for example_setup_teardown to 2026-05-06 00:00:00+00:00, run_after=2026-05-07 00:00:00+00:00
[2026-05-07T21:19:18.575+0000] {processor.py:183} INFO - Processing /home/airflow/.local/lib/python3.12/site-packages/airflow/example_dags/example_setup_teardown.py took 0.082 seconds
[2026-05-07T21:19:48.660+0000] {processor.py:161} INFO - Started process (PID=7245) to work on /home/airflow/.local/lib/python3.12/site-packages/airflow/example_dags/example_setup_teardown.py
[2026-05-07T21:19:48.662+0000] {processor.py:830} INFO - Processing file /home/airflow/.local/lib/python3.12/site-packages/airflow/example_dags/example_setup_teardown.py for tasks to queue
[2026-05-07T21:19:48.664+0000] {logging_mixin.py:188} INFO - [2026-05-07T21:19:48.664+0000] {dagbag.py:545} INFO - Filling up the DagBag from /home/airflow/.local/lib/python3.12/site-packages/airflow/example_dags/example_setup_teardown.py
[2026-05-07T21:19:48.671+0000] {processor.py:840} INFO - DAG(s) 'example_setup_teardown' retrieved from /home/airflow/.local/lib/python3.12/site-packages/airflow/example_dags/example_setup_teardown.py
[2026-05-07T21:19:48.694+0000] {logging_mixin.py:188} INFO - [2026-05-07T21:19:48.694+0000] {dag.py:3096} INFO - Sync 1 DAGs
[2026-05-07T21:19:48.714+0000] {logging_mixin.py:188} INFO - [2026-05-07T21:19:48.714+0000] {dag.py:3954} INFO - Setting next_dagrun for example_setup_teardown to 2026-05-06 00:00:00+00:00, run_after=2026-05-07 00:00:00+00:00
[2026-05-07T21:19:48.736+0000] {processor.py:183} INFO - Processing /home/airflow/.local/lib/python3.12/site-packages/airflow/example_dags/example_setup_teardown.py took 0.081 seconds
[2026-05-07T21:20:18.946+0000] {processor.py:161} INFO - Started process (PID=7303) to work on /home/airflow/.local/lib/python3.12/site-packages/airflow/example_dags/example_setup_teardown.py
[2026-05-07T21:20:18.948+0000] {processor.py:830} INFO - Processing file /home/airflow/.local/lib/python3.12/site-packages/airflow/example_dags/example_setup_teardown.py for tasks to queue
[2026-05-07T21:20:18.950+0000] {logging_mixin.py:188} INFO - [2026-05-07T21:20:18.950+0000] {dagbag.py:545} INFO - Filling up the DagBag from /home/airflow/.local/lib/python3.12/site-packages/airflow/example_dags/example_setup_teardown.py
[2026-05-07T21:20:18.958+0000] {processor.py:840} INFO - DAG(s) 'example_setup_teardown' retrieved from /home/airflow/.local/lib/python3.12/site-packages/airflow/example_dags/example_setup_teardown.py
[2026-05-07T21:20:18.979+0000] {logging_mixin.py:188} INFO - [2026-05-07T21:20:18.978+0000] {dag.py:3096} INFO - Sync 1 DAGs
[2026-05-07T21:20:18.999+0000] {logging_mixin.py:188} INFO - [2026-05-07T21:20:18.999+0000] {dag.py:3954} INFO - Setting next_dagrun for example_setup_teardown to 2026-05-06 00:00:00+00:00, run_after=2026-05-07 00:00:00+00:00
[2026-05-07T21:20:19.023+0000] {processor.py:183} INFO - Processing /home/airflow/.local/lib/python3.12/site-packages/airflow/example_dags/example_setup_teardown.py took 0.082 seconds
[2026-05-07T21:20:49.230+0000] {processor.py:161} INFO - Started process (PID=7361) to work on /home/airflow/.local/lib/python3.12/site-packages/airflow/example_dags/example_setup_teardown.py
[2026-05-07T21:20:49.231+0000] {processor.py:830} INFO - Processing file /home/airflow/.local/lib/python3.12/site-packages/airflow/example_dags/example_setup_teardown.py for tasks to queue
[2026-05-07T21:20:49.233+0000] {logging_mixin.py:188} INFO - [2026-05-07T21:20:49.233+0000] {dagbag.py:545} INFO - Filling up the DagBag from /home/airflow/.local/lib/python3.12/site-packages/airflow/example_dags/example_setup_teardown.py
[2026-05-07T21:20:49.239+0000] {processor.py:840} INFO - DAG(s) 'example_setup_teardown' retrieved from /home/airflow/.local/lib/python3.12/site-packages/airflow/example_dags/example_setup_teardown.py
[2026-05-07T21:20:49.261+0000] {logging_mixin.py:188} INFO - [2026-05-07T21:20:49.261+0000] {dag.py:3096} INFO - Sync 1 DAGs
[2026-05-07T21:20:49.282+0000] {logging_mixin.py:188} INFO - [2026-05-07T21:20:49.282+0000] {dag.py:3954} INFO - Setting next_dagrun for example_setup_teardown to 2026-05-06 00:00:00+00:00, run_after=2026-05-07 00:00:00+00:00
[2026-05-07T21:20:49.306+0000] {processor.py:183} INFO - Processing /home/airflow/.local/lib/python3.12/site-packages/airflow/example_dags/example_setup_teardown.py took 0.083 seconds
[2026-05-07T21:21:19.427+0000] {processor.py:161} INFO - Started process (PID=7419) to work on /home/airflow/.local/lib/python3.12/site-packages/airflow/example_dags/example_setup_teardown.py
[2026-05-07T21:21:19.432+0000] {processor.py:830} INFO - Processing file /home/airflow/.local/lib/python3.12/site-packages/airflow/example_dags/example_setup_teardown.py for tasks to queue
[2026-05-07T21:21:19.435+0000] {logging_mixin.py:188} INFO - [2026-05-07T21:21:19.434+0000] {dagbag.py:545} INFO - Filling up the DagBag from /home/airflow/.local/lib/python3.12/site-packages/airflow/example_dags/example_setup_teardown.py
[2026-05-07T21:21:19.442+0000] {processor.py:840} INFO - DAG(s) 'example_setup_teardown' retrieved from /home/airflow/.local/lib/python3.12/site-packages/airflow/example_dags/example_setup_teardown.py
[2026-05-07T21:21:19.467+0000] {logging_mixin.py:188} INFO - [2026-05-07T21:21:19.467+0000] {dag.py:3096} INFO - Sync 1 DAGs
[2026-05-07T21:21:19.496+0000] {logging_mixin.py:188} INFO - [2026-05-07T21:21:19.496+0000] {dag.py:3954} INFO - Setting next_dagrun for example_setup_teardown to 2026-05-06 00:00:00+00:00, run_after=2026-05-07 00:00:00+00:00
[2026-05-07T21:21:19.561+0000] {processor.py:183} INFO - Processing /home/airflow/.local/lib/python3.12/site-packages/airflow/example_dags/example_setup_teardown.py took 0.139 seconds
[2026-05-07T21:21:49.682+0000] {processor.py:161} INFO - Started process (PID=7477) to work on /home/airflow/.local/lib/python3.12/site-packages/airflow/example_dags/example_setup_teardown.py
[2026-05-07T21:21:49.684+0000] {processor.py:830} INFO - Processing file /home/airflow/.local/lib/python3.12/site-packages/airflow/example_dags/example_setup_teardown.py for tasks to queue
[2026-05-07T21:21:49.687+0000] {logging_mixin.py:188} INFO - [2026-05-07T21:21:49.687+0000] {dagbag.py:545} INFO - Filling up the DagBag from /home/airflow/.local/lib/python3.12/site-packages/airflow/example_dags/example_setup_teardown.py
[2026-05-07T21:21:49.693+0000] {processor.py:840} INFO - DAG(s) 'example_setup_teardown' retrieved from /home/airflow/.local/lib/python3.12/site-packages/airflow/example_dags/example_setup_teardown.py
[2026-05-07T21:21:49.713+0000] {logging_mixin.py:188} INFO - [2026-05-07T21:21:49.713+0000] {dag.py:3096} INFO - Sync 1 DAGs
[2026-05-07T21:21:49.733+0000] {logging_mixin.py:188} INFO - [2026-05-07T21:21:49.733+0000] {dag.py:3954} INFO - Setting next_dagrun for example_setup_teardown to 2026-05-06 00:00:00+00:00, run_after=2026-05-07 00:00:00+00:00
[2026-05-07T21:21:49.757+0000] {processor.py:183} INFO - Processing /home/airflow/.local/lib/python3.12/site-packages/airflow/example_dags/example_setup_teardown.py took 0.080 seconds
[2026-05-07T21:22:20.201+0000] {processor.py:161} INFO - Started process (PID=7535) to work on /home/airflow/.local/lib/python3.12/site-packages/airflow/example_dags/example_setup_teardown.py
[2026-05-07T21:22:20.203+0000] {processor.py:830} INFO - Processing file /home/airflow/.local/lib/python3.12/site-packages/airflow/example_dags/example_setup_teardown.py for tasks to queue
[2026-05-07T21:22:20.206+0000] {logging_mixin.py:188} INFO - [2026-05-07T21:22:20.205+0000] {dagbag.py:545} INFO - Filling up the DagBag from /home/airflow/.local/lib/python3.12/site-packages/airflow/example_dags/example_setup_teardown.py
[2026-05-07T21:22:20.213+0000] {processor.py:840} INFO - DAG(s) 'example_setup_teardown' retrieved from /home/airflow/.local/lib/python3.12/site-packages/airflow/example_dags/example_setup_teardown.py
[2026-05-07T21:22:20.235+0000] {logging_mixin.py:188} INFO - [2026-05-07T21:22:20.234+0000] {dag.py:3096} INFO - Sync 1 DAGs
[2026-05-07T21:22:20.255+0000] {logging_mixin.py:188} INFO - [2026-05-07T21:22:20.255+0000] {dag.py:3954} INFO - Setting next_dagrun for example_setup_teardown to 2026-05-06 00:00:00+00:00, run_after=2026-05-07 00:00:00+00:00
[2026-05-07T21:22:20.282+0000] {processor.py:183} INFO - Processing /home/airflow/.local/lib/python3.12/site-packages/airflow/example_dags/example_setup_teardown.py took 0.086 seconds
[2026-05-07T21:22:50.607+0000] {processor.py:161} INFO - Started process (PID=7593) to work on /home/airflow/.local/lib/python3.12/site-packages/airflow/example_dags/example_setup_teardown.py
[2026-05-07T21:22:50.608+0000] {processor.py:830} INFO - Processing file /home/airflow/.local/lib/python3.12/site-packages/airflow/example_dags/example_setup_teardown.py for tasks to queue
[2026-05-07T21:22:50.611+0000] {logging_mixin.py:188} INFO - [2026-05-07T21:22:50.610+0000] {dagbag.py:545} INFO - Filling up the DagBag from /home/airflow/.local/lib/python3.12/site-packages/airflow/example_dags/example_setup_teardown.py
[2026-05-07T21:22:50.618+0000] {processor.py:840} INFO - DAG(s) 'example_setup_teardown' retrieved from /home/airflow/.local/lib/python3.12/site-packages/airflow/example_dags/example_setup_teardown.py
[2026-05-07T21:22:50.639+0000] {logging_mixin.py:188} INFO - [2026-05-07T21:22:50.638+0000] {dag.py:3096} INFO - Sync 1 DAGs
[2026-05-07T21:22:50.671+0000] {logging_mixin.py:188} INFO - [2026-05-07T21:22:50.671+0000] {dag.py:3954} INFO - Setting next_dagrun for example_setup_teardown to 2026-05-06 00:00:00+00:00, run_after=2026-05-07 00:00:00+00:00
[2026-05-07T21:22:50.701+0000] {processor.py:183} INFO - Processing /home/airflow/.local/lib/python3.12/site-packages/airflow/example_dags/example_setup_teardown.py took 0.100 seconds
[2026-05-07T21:23:21.019+0000] {processor.py:161} INFO - Started process (PID=7651) to work on /home/airflow/.local/lib/python3.12/site-packages/airflow/example_dags/example_setup_teardown.py
[2026-05-07T21:23:21.021+0000] {processor.py:830} INFO - Processing file /home/airflow/.local/lib/python3.12/site-packages/airflow/example_dags/example_setup_teardown.py for tasks to queue
[2026-05-07T21:23:21.023+0000] {logging_mixin.py:188} INFO - [2026-05-07T21:23:21.023+0000] {dagbag.py:545} INFO - Filling up the DagBag from /home/airflow/.local/lib/python3.12/site-packages/airflow/example_dags/example_setup_teardown.py
[2026-05-07T21:23:21.030+0000] {processor.py:840} INFO - DAG(s) 'example_setup_teardown' retrieved from /home/airflow/.local/lib/python3.12/site-packages/airflow/example_dags/example_setup_teardown.py
[2026-05-07T21:23:21.052+0000] {logging_mixin.py:188} INFO - [2026-05-07T21:23:21.051+0000] {dag.py:3096} INFO - Sync 1 DAGs
[2026-05-07T21:23:21.075+0000] {logging_mixin.py:188} INFO - [2026-05-07T21:23:21.075+0000] {dag.py:3954} INFO - Setting next_dagrun for example_setup_teardown to 2026-05-06 00:00:00+00:00, run_after=2026-05-07 00:00:00+00:00
[2026-05-07T21:23:21.094+0000] {processor.py:183} INFO - Processing /home/airflow/.local/lib/python3.12/site-packages/airflow/example_dags/example_setup_teardown.py took 0.082 seconds
[2026-05-07T21:23:51.245+0000] {processor.py:161} INFO - Started process (PID=7710) to work on /home/airflow/.local/lib/python3.12/site-packages/airflow/example_dags/example_setup_teardown.py
[2026-05-07T21:23:51.246+0000] {processor.py:830} INFO - Processing file /home/airflow/.local/lib/python3.12/site-packages/airflow/example_dags/example_setup_teardown.py for tasks to queue
[2026-05-07T21:23:51.249+0000] {logging_mixin.py:188} INFO - [2026-05-07T21:23:51.248+0000] {dagbag.py:545} INFO - Filling up the DagBag from /home/airflow/.local/lib/python3.12/site-packages/airflow/example_dags/example_setup_teardown.py
[2026-05-07T21:23:51.257+0000] {processor.py:840} INFO - DAG(s) 'example_setup_teardown' retrieved from /home/airflow/.local/lib/python3.12/site-packages/airflow/example_dags/example_setup_teardown.py
[2026-05-07T21:23:51.289+0000] {logging_mixin.py:188} INFO - [2026-05-07T21:23:51.288+0000] {dag.py:3096} INFO - Sync 1 DAGs
[2026-05-07T21:23:51.321+0000] {logging_mixin.py:188} INFO - [2026-05-07T21:23:51.320+0000] {dag.py:3954} INFO - Setting next_dagrun for example_setup_teardown to 2026-05-06 00:00:00+00:00, run_after=2026-05-07 00:00:00+00:00
[2026-05-07T21:23:51.353+0000] {processor.py:183} INFO - Processing /home/airflow/.local/lib/python3.12/site-packages/airflow/example_dags/example_setup_teardown.py took 0.115 seconds
[2026-05-07T21:24:21.452+0000] {processor.py:161} INFO - Started process (PID=7768) to work on /home/airflow/.local/lib/python3.12/site-packages/airflow/example_dags/example_setup_teardown.py
[2026-05-07T21:24:21.453+0000] {processor.py:830} INFO - Processing file /home/airflow/.local/lib/python3.12/site-packages/airflow/example_dags/example_setup_teardown.py for tasks to queue
[2026-05-07T21:24:21.456+0000] {logging_mixin.py:188} INFO - [2026-05-07T21:24:21.455+0000] {dagbag.py:545} INFO - Filling up the DagBag from /home/airflow/.local/lib/python3.12/site-packages/airflow/example_dags/example_setup_teardown.py
[2026-05-07T21:24:21.463+0000] {processor.py:840} INFO - DAG(s) 'example_setup_teardown' retrieved from /home/airflow/.local/lib/python3.12/site-packages/airflow/example_dags/example_setup_teardown.py
[2026-05-07T21:24:21.483+0000] {logging_mixin.py:188} INFO - [2026-05-07T21:24:21.483+0000] {dag.py:3096} INFO - Sync 1 DAGs
[2026-05-07T21:24:21.504+0000] {logging_mixin.py:188} INFO - [2026-05-07T21:24:21.504+0000] {dag.py:3954} INFO - Setting next_dagrun for example_setup_teardown to 2026-05-06 00:00:00+00:00, run_after=2026-05-07 00:00:00+00:00
[2026-05-07T21:24:21.521+0000] {processor.py:183} INFO - Processing /home/airflow/.local/lib/python3.12/site-packages/airflow/example_dags/example_setup_teardown.py took 0.074 seconds
[2026-05-07T21:24:51.667+0000] {processor.py:161} INFO - Started process (PID=7825) to work on /home/airflow/.local/lib/python3.12/site-packages/airflow/example_dags/example_setup_teardown.py
[2026-05-07T21:24:51.669+0000] {processor.py:830} INFO - Processing file /home/airflow/.local/lib/python3.12/site-packages/airflow/example_dags/example_setup_teardown.py for tasks to queue
[2026-05-07T21:24:51.671+0000] {logging_mixin.py:188} INFO - [2026-05-07T21:24:51.671+0000] {dagbag.py:545} INFO - Filling up the DagBag from /home/airflow/.local/lib/python3.12/site-packages/airflow/example_dags/example_setup_teardown.py
[2026-05-07T21:24:51.677+0000] {processor.py:840} INFO - DAG(s) 'example_setup_teardown' retrieved from /home/airflow/.local/lib/python3.12/site-packages/airflow/example_dags/example_setup_teardown.py
[2026-05-07T21:24:51.699+0000] {logging_mixin.py:188} INFO - [2026-05-07T21:24:51.699+0000] {dag.py:3096} INFO - Sync 1 DAGs
[2026-05-07T21:24:51.719+0000] {logging_mixin.py:188} INFO - [2026-05-07T21:24:51.718+0000] {dag.py:3954} INFO - Setting next_dagrun for example_setup_teardown to 2026-05-06 00:00:00+00:00, run_after=2026-05-07 00:00:00+00:00
[2026-05-07T21:24:51.738+0000] {processor.py:183} INFO - Processing /home/airflow/.local/lib/python3.12/site-packages/airflow/example_dags/example_setup_teardown.py took 0.076 seconds
[2026-05-07T21:25:21.779+0000] {processor.py:161} INFO - Started process (PID=7882) to work on /home/airflow/.local/lib/python3.12/site-packages/airflow/example_dags/example_setup_teardown.py
[2026-05-07T21:25:21.780+0000] {processor.py:830} INFO - Processing file /home/airflow/.local/lib/python3.12/site-packages/airflow/example_dags/example_setup_teardown.py for tasks to queue
[2026-05-07T21:25:21.782+0000] {logging_mixin.py:188} INFO - [2026-05-07T21:25:21.782+0000] {dagbag.py:545} INFO - Filling up the DagBag from /home/airflow/.local/lib/python3.12/site-packages/airflow/example_dags/example_setup_teardown.py
[2026-05-07T21:25:21.788+0000] {processor.py:840} INFO - DAG(s) 'example_setup_teardown' retrieved from /home/airflow/.local/lib/python3.12/site-packages/airflow/example_dags/example_setup_teardown.py
[2026-05-07T21:25:21.807+0000] {logging_mixin.py:188} INFO - [2026-05-07T21:25:21.807+0000] {dag.py:3096} INFO - Sync 1 DAGs
[2026-05-07T21:25:21.824+0000] {logging_mixin.py:188} INFO - [2026-05-07T21:25:21.824+0000] {dag.py:3954} INFO - Setting next_dagrun for example_setup_teardown to 2026-05-06 00:00:00+00:00, run_after=2026-05-07 00:00:00+00:00
[2026-05-07T21:25:21.843+0000] {processor.py:183} INFO - Processing /home/airflow/.local/lib/python3.12/site-packages/airflow/example_dags/example_setup_teardown.py took 0.069 seconds
[2026-05-07T21:25:51.921+0000] {processor.py:161} INFO - Started process (PID=7939) to work on /home/airflow/.local/lib/python3.12/site-packages/airflow/example_dags/example_setup_teardown.py
[2026-05-07T21:25:51.923+0000] {processor.py:830} INFO - Processing file /home/airflow/.local/lib/python3.12/site-packages/airflow/example_dags/example_setup_teardown.py for tasks to queue
[2026-05-07T21:25:51.925+0000] {logging_mixin.py:188} INFO - [2026-05-07T21:25:51.924+0000] {dagbag.py:545} INFO - Filling up the DagBag from /home/airflow/.local/lib/python3.12/site-packages/airflow/example_dags/example_setup_teardown.py
[2026-05-07T21:25:51.932+0000] {processor.py:840} INFO - DAG(s) 'example_setup_teardown' retrieved from /home/airflow/.local/lib/python3.12/site-packages/airflow/example_dags/example_setup_teardown.py
[2026-05-07T21:25:51.951+0000] {logging_mixin.py:188} INFO - [2026-05-07T21:25:51.950+0000] {dag.py:3096} INFO - Sync 1 DAGs
[2026-05-07T21:25:51.969+0000] {logging_mixin.py:188} INFO - [2026-05-07T21:25:51.969+0000] {dag.py:3954} INFO - Setting next_dagrun for example_setup_teardown to 2026-05-06 00:00:00+00:00, run_after=2026-05-07 00:00:00+00:00
[2026-05-07T21:25:51.995+0000] {processor.py:183} INFO - Processing /home/airflow/.local/lib/python3.12/site-packages/airflow/example_dags/example_setup_teardown.py took 0.078 seconds
[2026-05-07T21:26:22.430+0000] {processor.py:161} INFO - Started process (PID=7998) to work on /home/airflow/.local/lib/python3.12/site-packages/airflow/example_dags/example_setup_teardown.py
[2026-05-07T21:26:22.432+0000] {processor.py:830} INFO - Processing file /home/airflow/.local/lib/python3.12/site-packages/airflow/example_dags/example_setup_teardown.py for tasks to queue
[2026-05-07T21:26:22.435+0000] {logging_mixin.py:188} INFO - [2026-05-07T21:26:22.434+0000] {dagbag.py:545} INFO - Filling up the DagBag from /home/airflow/.local/lib/python3.12/site-packages/airflow/example_dags/example_setup_teardown.py
[2026-05-07T21:26:22.445+0000] {processor.py:840} INFO - DAG(s) 'example_setup_teardown' retrieved from /home/airflow/.local/lib/python3.12/site-packages/airflow/example_dags/example_setup_teardown.py
[2026-05-07T21:26:22.470+0000] {logging_mixin.py:188} INFO - [2026-05-07T21:26:22.470+0000] {dag.py:3096} INFO - Sync 1 DAGs
[2026-05-07T21:26:22.498+0000] {logging_mixin.py:188} INFO - [2026-05-07T21:26:22.498+0000] {dag.py:3954} INFO - Setting next_dagrun for example_setup_teardown to 2026-05-06 00:00:00+00:00, run_after=2026-05-07 00:00:00+00:00
[2026-05-07T21:26:22.522+0000] {processor.py:183} INFO - Processing /home/airflow/.local/lib/python3.12/site-packages/airflow/example_dags/example_setup_teardown.py took 0.098 seconds
[2026-05-07T21:26:52.609+0000] {processor.py:161} INFO - Started process (PID=8055) to work on /home/airflow/.local/lib/python3.12/site-packages/airflow/example_dags/example_setup_teardown.py
[2026-05-07T21:26:52.611+0000] {processor.py:830} INFO - Processing file /home/airflow/.local/lib/python3.12/site-packages/airflow/example_dags/example_setup_teardown.py for tasks to queue
[2026-05-07T21:26:52.613+0000] {logging_mixin.py:188} INFO - [2026-05-07T21:26:52.613+0000] {dagbag.py:545} INFO - Filling up the DagBag from /home/airflow/.local/lib/python3.12/site-packages/airflow/example_dags/example_setup_teardown.py
[2026-05-07T21:26:52.620+0000] {processor.py:840} INFO - DAG(s) 'example_setup_teardown' retrieved from /home/airflow/.local/lib/python3.12/site-packages/airflow/example_dags/example_setup_teardown.py
[2026-05-07T21:26:52.640+0000] {logging_mixin.py:188} INFO - [2026-05-07T21:26:52.640+0000] {dag.py:3096} INFO - Sync 1 DAGs
[2026-05-07T21:26:52.658+0000] {logging_mixin.py:188} INFO - [2026-05-07T21:26:52.658+0000] {dag.py:3954} INFO - Setting next_dagrun for example_setup_teardown to 2026-05-06 00:00:00+00:00, run_after=2026-05-07 00:00:00+00:00
[2026-05-07T21:26:52.678+0000] {processor.py:183} INFO - Processing /home/airflow/.local/lib/python3.12/site-packages/airflow/example_dags/example_setup_teardown.py took 0.074 seconds
[2026-05-07T21:27:22.853+0000] {processor.py:161} INFO - Started process (PID=8113) to work on /home/airflow/.local/lib/python3.12/site-packages/airflow/example_dags/example_setup_teardown.py
[2026-05-07T21:27:22.854+0000] {processor.py:830} INFO - Processing file /home/airflow/.local/lib/python3.12/site-packages/airflow/example_dags/example_setup_teardown.py for tasks to queue
[2026-05-07T21:27:22.857+0000] {logging_mixin.py:188} INFO - [2026-05-07T21:27:22.856+0000] {dagbag.py:545} INFO - Filling up the DagBag from /home/airflow/.local/lib/python3.12/site-packages/airflow/example_dags/example_setup_teardown.py
[2026-05-07T21:27:22.863+0000] {processor.py:840} INFO - DAG(s) 'example_setup_teardown' retrieved from /home/airflow/.local/lib/python3.12/site-packages/airflow/example_dags/example_setup_teardown.py
[2026-05-07T21:27:22.883+0000] {logging_mixin.py:188} INFO - [2026-05-07T21:27:22.883+0000] {dag.py:3096} INFO - Sync 1 DAGs
[2026-05-07T21:27:22.903+0000] {logging_mixin.py:188} INFO - [2026-05-07T21:27:22.903+0000] {dag.py:3954} INFO - Setting next_dagrun for example_setup_teardown to 2026-05-06 00:00:00+00:00, run_after=2026-05-07 00:00:00+00:00
[2026-05-07T21:27:22.925+0000] {processor.py:183} INFO - Processing /home/airflow/.local/lib/python3.12/site-packages/airflow/example_dags/example_setup_teardown.py took 0.079 seconds
[2026-05-07T21:27:53.645+0000] {processor.py:161} INFO - Started process (PID=8173) to work on /home/airflow/.local/lib/python3.12/site-packages/airflow/example_dags/example_setup_teardown.py
[2026-05-07T21:27:53.646+0000] {processor.py:830} INFO - Processing file /home/airflow/.local/lib/python3.12/site-packages/airflow/example_dags/example_setup_teardown.py for tasks to queue
[2026-05-07T21:27:53.649+0000] {logging_mixin.py:188} INFO - [2026-05-07T21:27:53.648+0000] {dagbag.py:545} INFO - Filling up the DagBag from /home/airflow/.local/lib/python3.12/site-packages/airflow/example_dags/example_setup_teardown.py
[2026-05-07T21:27:53.655+0000] {processor.py:840} INFO - DAG(s) 'example_setup_teardown' retrieved from /home/airflow/.local/lib/python3.12/site-packages/airflow/example_dags/example_setup_teardown.py
[2026-05-07T21:27:53.676+0000] {logging_mixin.py:188} INFO - [2026-05-07T21:27:53.676+0000] {dag.py:3096} INFO - Sync 1 DAGs
[2026-05-07T21:27:53.698+0000] {logging_mixin.py:188} INFO - [2026-05-07T21:27:53.697+0000] {dag.py:3954} INFO - Setting next_dagrun for example_setup_teardown to 2026-05-06 00:00:00+00:00, run_after=2026-05-07 00:00:00+00:00
[2026-05-07T21:27:53.718+0000] {processor.py:183} INFO - Processing /home/airflow/.local/lib/python3.12/site-packages/airflow/example_dags/example_setup_teardown.py took 0.079 seconds
[2026-05-07T21:28:23.898+0000] {processor.py:161} INFO - Started process (PID=8231) to work on /home/airflow/.local/lib/python3.12/site-packages/airflow/example_dags/example_setup_teardown.py
[2026-05-07T21:28:23.900+0000] {processor.py:830} INFO - Processing file /home/airflow/.local/lib/python3.12/site-packages/airflow/example_dags/example_setup_teardown.py for tasks to queue
[2026-05-07T21:28:23.902+0000] {logging_mixin.py:188} INFO - [2026-05-07T21:28:23.902+0000] {dagbag.py:545} INFO - Filling up the DagBag from /home/airflow/.local/lib/python3.12/site-packages/airflow/example_dags/example_setup_teardown.py
[2026-05-07T21:28:23.908+0000] {processor.py:840} INFO - DAG(s) 'example_setup_teardown' retrieved from /home/airflow/.local/lib/python3.12/site-packages/airflow/example_dags/example_setup_teardown.py
[2026-05-07T21:28:23.930+0000] {logging_mixin.py:188} INFO - [2026-05-07T21:28:23.930+0000] {dag.py:3096} INFO - Sync 1 DAGs
[2026-05-07T21:28:23.949+0000] {logging_mixin.py:188} INFO - [2026-05-07T21:28:23.949+0000] {dag.py:3954} INFO - Setting next_dagrun for example_setup_teardown to 2026-05-06 00:00:00+00:00, run_after=2026-05-07 00:00:00+00:00
[2026-05-07T21:28:23.972+0000] {processor.py:183} INFO - Processing /home/airflow/.local/lib/python3.12/site-packages/airflow/example_dags/example_setup_teardown.py took 0.079 seconds
[2026-05-07T21:28:54.711+0000] {processor.py:161} INFO - Started process (PID=8287) to work on /home/airflow/.local/lib/python3.12/site-packages/airflow/example_dags/example_setup_teardown.py
[2026-05-07T21:28:54.712+0000] {processor.py:830} INFO - Processing file /home/airflow/.local/lib/python3.12/site-packages/airflow/example_dags/example_setup_teardown.py for tasks to queue
[2026-05-07T21:28:54.714+0000] {logging_mixin.py:188} INFO - [2026-05-07T21:28:54.714+0000] {dagbag.py:545} INFO - Filling up the DagBag from /home/airflow/.local/lib/python3.12/site-packages/airflow/example_dags/example_setup_teardown.py
[2026-05-07T21:28:54.722+0000] {processor.py:840} INFO - DAG(s) 'example_setup_teardown' retrieved from /home/airflow/.local/lib/python3.12/site-packages/airflow/example_dags/example_setup_teardown.py
[2026-05-07T21:28:54.746+0000] {logging_mixin.py:188} INFO - [2026-05-07T21:28:54.746+0000] {dag.py:3096} INFO - Sync 1 DAGs
[2026-05-07T21:28:54.768+0000] {logging_mixin.py:188} INFO - [2026-05-07T21:28:54.768+0000] {dag.py:3954} INFO - Setting next_dagrun for example_setup_teardown to 2026-05-06 00:00:00+00:00, run_after=2026-05-07 00:00:00+00:00
[2026-05-07T21:28:54.792+0000] {processor.py:183} INFO - Processing /home/airflow/.local/lib/python3.12/site-packages/airflow/example_dags/example_setup_teardown.py took 0.087 seconds
[2026-05-07T21:29:25.018+0000] {processor.py:161} INFO - Started process (PID=8345) to work on /home/airflow/.local/lib/python3.12/site-packages/airflow/example_dags/example_setup_teardown.py
[2026-05-07T21:29:25.020+0000] {processor.py:830} INFO - Processing file /home/airflow/.local/lib/python3.12/site-packages/airflow/example_dags/example_setup_teardown.py for tasks to queue
[2026-05-07T21:29:25.022+0000] {logging_mixin.py:188} INFO - [2026-05-07T21:29:25.022+0000] {dagbag.py:545} INFO - Filling up the DagBag from /home/airflow/.local/lib/python3.12/site-packages/airflow/example_dags/example_setup_teardown.py
[2026-05-07T21:29:25.029+0000] {processor.py:840} INFO - DAG(s) 'example_setup_teardown' retrieved from /home/airflow/.local/lib/python3.12/site-packages/airflow/example_dags/example_setup_teardown.py
[2026-05-07T21:29:25.053+0000] {logging_mixin.py:188} INFO - [2026-05-07T21:29:25.053+0000] {dag.py:3096} INFO - Sync 1 DAGs
[2026-05-07T21:29:25.073+0000] {logging_mixin.py:188} INFO - [2026-05-07T21:29:25.073+0000] {dag.py:3954} INFO - Setting next_dagrun for example_setup_teardown to 2026-05-06 00:00:00+00:00, run_after=2026-05-07 00:00:00+00:00
[2026-05-07T21:29:25.097+0000] {processor.py:183} INFO - Processing /home/airflow/.local/lib/python3.12/site-packages/airflow/example_dags/example_setup_teardown.py took 0.086 seconds
[2026-05-07T21:29:55.305+0000] {processor.py:161} INFO - Started process (PID=8403) to work on /home/airflow/.local/lib/python3.12/site-packages/airflow/example_dags/example_setup_teardown.py
[2026-05-07T21:29:55.307+0000] {processor.py:830} INFO - Processing file /home/airflow/.local/lib/python3.12/site-packages/airflow/example_dags/example_setup_teardown.py for tasks to queue
[2026-05-07T21:29:55.310+0000] {logging_mixin.py:188} INFO - [2026-05-07T21:29:55.309+0000] {dagbag.py:545} INFO - Filling up the DagBag from /home/airflow/.local/lib/python3.12/site-packages/airflow/example_dags/example_setup_teardown.py
[2026-05-07T21:29:55.320+0000] {processor.py:840} INFO - DAG(s) 'example_setup_teardown' retrieved from /home/airflow/.local/lib/python3.12/site-packages/airflow/example_dags/example_setup_teardown.py
[2026-05-07T21:29:55.346+0000] {logging_mixin.py:188} INFO - [2026-05-07T21:29:55.345+0000] {dag.py:3096} INFO - Sync 1 DAGs
[2026-05-07T21:29:55.373+0000] {logging_mixin.py:188} INFO - [2026-05-07T21:29:55.373+0000] {dag.py:3954} INFO - Setting next_dagrun for example_setup_teardown to 2026-05-06 00:00:00+00:00, run_after=2026-05-07 00:00:00+00:00
[2026-05-07T21:29:55.401+0000] {processor.py:183} INFO - Processing /home/airflow/.local/lib/python3.12/site-packages/airflow/example_dags/example_setup_teardown.py took 0.105 seconds
[2026-05-07T21:30:25.474+0000] {processor.py:161} INFO - Started process (PID=8460) to work on /home/airflow/.local/lib/python3.12/site-packages/airflow/example_dags/example_setup_teardown.py
[2026-05-07T21:30:25.475+0000] {processor.py:830} INFO - Processing file /home/airflow/.local/lib/python3.12/site-packages/airflow/example_dags/example_setup_teardown.py for tasks to queue
[2026-05-07T21:30:25.478+0000] {logging_mixin.py:188} INFO - [2026-05-07T21:30:25.477+0000] {dagbag.py:545} INFO - Filling up the DagBag from /home/airflow/.local/lib/python3.12/site-packages/airflow/example_dags/example_setup_teardown.py
[2026-05-07T21:30:25.483+0000] {processor.py:840} INFO - DAG(s) 'example_setup_teardown' retrieved from /home/airflow/.local/lib/python3.12/site-packages/airflow/example_dags/example_setup_teardown.py
[2026-05-07T21:30:25.502+0000] {logging_mixin.py:188} INFO - [2026-05-07T21:30:25.502+0000] {dag.py:3096} INFO - Sync 1 DAGs
[2026-05-07T21:30:25.521+0000] {logging_mixin.py:188} INFO - [2026-05-07T21:30:25.521+0000] {dag.py:3954} INFO - Setting next_dagrun for example_setup_teardown to 2026-05-06 00:00:00+00:00, run_after=2026-05-07 00:00:00+00:00
[2026-05-07T21:30:25.538+0000] {processor.py:183} INFO - Processing /home/airflow/.local/lib/python3.12/site-packages/airflow/example_dags/example_setup_teardown.py took 0.070 seconds
[2026-05-07T21:30:55.739+0000] {processor.py:161} INFO - Started process (PID=8519) to work on /home/airflow/.local/lib/python3.12/site-packages/airflow/example_dags/example_setup_teardown.py
[2026-05-07T21:30:55.740+0000] {processor.py:830} INFO - Processing file /home/airflow/.local/lib/python3.12/site-packages/airflow/example_dags/example_setup_teardown.py for tasks to queue
[2026-05-07T21:30:55.743+0000] {logging_mixin.py:188} INFO - [2026-05-07T21:30:55.742+0000] {dagbag.py:545} INFO - Filling up the DagBag from /home/airflow/.local/lib/python3.12/site-packages/airflow/example_dags/example_setup_teardown.py
[2026-05-07T21:30:55.750+0000] {processor.py:840} INFO - DAG(s) 'example_setup_teardown' retrieved from /home/airflow/.local/lib/python3.12/site-packages/airflow/example_dags/example_setup_teardown.py
[2026-05-07T21:30:55.770+0000] {logging_mixin.py:188} INFO - [2026-05-07T21:30:55.770+0000] {dag.py:3096} INFO - Sync 1 DAGs
[2026-05-07T21:30:55.791+0000] {logging_mixin.py:188} INFO - [2026-05-07T21:30:55.791+0000] {dag.py:3954} INFO - Setting next_dagrun for example_setup_teardown to 2026-05-06 00:00:00+00:00, run_after=2026-05-07 00:00:00+00:00
[2026-05-07T21:30:55.814+0000] {processor.py:183} INFO - Processing /home/airflow/.local/lib/python3.12/site-packages/airflow/example_dags/example_setup_teardown.py took 0.082 seconds
[2026-05-07T21:31:25.964+0000] {processor.py:161} INFO - Started process (PID=8577) to work on /home/airflow/.local/lib/python3.12/site-packages/airflow/example_dags/example_setup_teardown.py
[2026-05-07T21:31:25.966+0000] {processor.py:830} INFO - Processing file /home/airflow/.local/lib/python3.12/site-packages/airflow/example_dags/example_setup_teardown.py for tasks to queue
[2026-05-07T21:31:25.968+0000] {logging_mixin.py:188} INFO - [2026-05-07T21:31:25.968+0000] {dagbag.py:545} INFO - Filling up the DagBag from /home/airflow/.local/lib/python3.12/site-packages/airflow/example_dags/example_setup_teardown.py
[2026-05-07T21:31:25.975+0000] {processor.py:840} INFO - DAG(s) 'example_setup_teardown' retrieved from /home/airflow/.local/lib/python3.12/site-packages/airflow/example_dags/example_setup_teardown.py
[2026-05-07T21:31:25.996+0000] {logging_mixin.py:188} INFO - [2026-05-07T21:31:25.996+0000] {dag.py:3096} INFO - Sync 1 DAGs
[2026-05-07T21:31:26.017+0000] {logging_mixin.py:188} INFO - [2026-05-07T21:31:26.017+0000] {dag.py:3954} INFO - Setting next_dagrun for example_setup_teardown to 2026-05-06 00:00:00+00:00, run_after=2026-05-07 00:00:00+00:00
[2026-05-07T21:31:26.039+0000] {processor.py:183} INFO - Processing /home/airflow/.local/lib/python3.12/site-packages/airflow/example_dags/example_setup_teardown.py took 0.080 seconds
[2026-05-07T21:31:56.205+0000] {processor.py:161} INFO - Started process (PID=8635) to work on /home/airflow/.local/lib/python3.12/site-packages/airflow/example_dags/example_setup_teardown.py
[2026-05-07T21:31:56.233+0000] {processor.py:830} INFO - Processing file /home/airflow/.local/lib/python3.12/site-packages/airflow/example_dags/example_setup_teardown.py for tasks to queue
[2026-05-07T21:31:56.236+0000] {logging_mixin.py:188} INFO - [2026-05-07T21:31:56.236+0000] {dagbag.py:545} INFO - Filling up the DagBag from /home/airflow/.local/lib/python3.12/site-packages/airflow/example_dags/example_setup_teardown.py
[2026-05-07T21:31:56.251+0000] {processor.py:840} INFO - DAG(s) 'example_setup_teardown' retrieved from /home/airflow/.local/lib/python3.12/site-packages/airflow/example_dags/example_setup_teardown.py
[2026-05-07T21:31:56.273+0000] {logging_mixin.py:188} INFO - [2026-05-07T21:31:56.273+0000] {dag.py:3096} INFO - Sync 1 DAGs
[2026-05-07T21:31:56.294+0000] {logging_mixin.py:188} INFO - [2026-05-07T21:31:56.294+0000] {dag.py:3954} INFO - Setting next_dagrun for example_setup_teardown to 2026-05-06 00:00:00+00:00, run_after=2026-05-07 00:00:00+00:00
[2026-05-07T21:31:56.320+0000] {processor.py:183} INFO - Processing /home/airflow/.local/lib/python3.12/site-packages/airflow/example_dags/example_setup_teardown.py took 0.121 seconds
[2026-05-07T21:32:26.493+0000] {processor.py:161} INFO - Started process (PID=8693) to work on /home/airflow/.local/lib/python3.12/site-packages/airflow/example_dags/example_setup_teardown.py
[2026-05-07T21:32:26.497+0000] {processor.py:830} INFO - Processing file /home/airflow/.local/lib/python3.12/site-packages/airflow/example_dags/example_setup_teardown.py for tasks to queue
[2026-05-07T21:32:26.500+0000] {logging_mixin.py:188} INFO - [2026-05-07T21:32:26.500+0000] {dagbag.py:545} INFO - Filling up the DagBag from /home/airflow/.local/lib/python3.12/site-packages/airflow/example_dags/example_setup_teardown.py
[2026-05-07T21:32:26.513+0000] {processor.py:840} INFO - DAG(s) 'example_setup_teardown' retrieved from /home/airflow/.local/lib/python3.12/site-packages/airflow/example_dags/example_setup_teardown.py
[2026-05-07T21:32:26.547+0000] {logging_mixin.py:188} INFO - [2026-05-07T21:32:26.547+0000] {dag.py:3096} INFO - Sync 1 DAGs
[2026-05-07T21:32:26.583+0000] {logging_mixin.py:188} INFO - [2026-05-07T21:32:26.582+0000] {dag.py:3954} INFO - Setting next_dagrun for example_setup_teardown to 2026-05-06 00:00:00+00:00, run_after=2026-05-07 00:00:00+00:00
[2026-05-07T21:32:26.618+0000] {processor.py:183} INFO - Processing /home/airflow/.local/lib/python3.12/site-packages/airflow/example_dags/example_setup_teardown.py took 0.141 seconds
[2026-05-07T21:32:56.756+0000] {processor.py:161} INFO - Started process (PID=8750) to work on /home/airflow/.local/lib/python3.12/site-packages/airflow/example_dags/example_setup_teardown.py
[2026-05-07T21:32:56.757+0000] {processor.py:830} INFO - Processing file /home/airflow/.local/lib/python3.12/site-packages/airflow/example_dags/example_setup_teardown.py for tasks to queue
[2026-05-07T21:32:56.759+0000] {logging_mixin.py:188} INFO - [2026-05-07T21:32:56.759+0000] {dagbag.py:545} INFO - Filling up the DagBag from /home/airflow/.local/lib/python3.12/site-packages/airflow/example_dags/example_setup_teardown.py
[2026-05-07T21:32:56.765+0000] {processor.py:840} INFO - DAG(s) 'example_setup_teardown' retrieved from /home/airflow/.local/lib/python3.12/site-packages/airflow/example_dags/example_setup_teardown.py
[2026-05-07T21:32:56.785+0000] {logging_mixin.py:188} INFO - [2026-05-07T21:32:56.785+0000] {dag.py:3096} INFO - Sync 1 DAGs
[2026-05-07T21:32:56.802+0000] {logging_mixin.py:188} INFO - [2026-05-07T21:32:56.802+0000] {dag.py:3954} INFO - Setting next_dagrun for example_setup_teardown to 2026-05-06 00:00:00+00:00, run_after=2026-05-07 00:00:00+00:00
[2026-05-07T21:32:56.818+0000] {processor.py:183} INFO - Processing /home/airflow/.local/lib/python3.12/site-packages/airflow/example_dags/example_setup_teardown.py took 0.067 seconds
[2026-05-07T21:33:26.930+0000] {processor.py:161} INFO - Started process (PID=8808) to work on /home/airflow/.local/lib/python3.12/site-packages/airflow/example_dags/example_setup_teardown.py
[2026-05-07T21:33:26.931+0000] {processor.py:830} INFO - Processing file /home/airflow/.local/lib/python3.12/site-packages/airflow/example_dags/example_setup_teardown.py for tasks to queue
[2026-05-07T21:33:26.933+0000] {logging_mixin.py:188} INFO - [2026-05-07T21:33:26.933+0000] {dagbag.py:545} INFO - Filling up the DagBag from /home/airflow/.local/lib/python3.12/site-packages/airflow/example_dags/example_setup_teardown.py
[2026-05-07T21:33:26.940+0000] {processor.py:840} INFO - DAG(s) 'example_setup_teardown' retrieved from /home/airflow/.local/lib/python3.12/site-packages/airflow/example_dags/example_setup_teardown.py
[2026-05-07T21:33:26.960+0000] {logging_mixin.py:188} INFO - [2026-05-07T21:33:26.960+0000] {dag.py:3096} INFO - Sync 1 DAGs
[2026-05-07T21:33:26.979+0000] {logging_mixin.py:188} INFO - [2026-05-07T21:33:26.978+0000] {dag.py:3954} INFO - Setting next_dagrun for example_setup_teardown to 2026-05-06 00:00:00+00:00, run_after=2026-05-07 00:00:00+00:00
[2026-05-07T21:33:26.999+0000] {processor.py:183} INFO - Processing /home/airflow/.local/lib/python3.12/site-packages/airflow/example_dags/example_setup_teardown.py took 0.076 seconds
[2026-05-07T21:33:57.343+0000] {processor.py:161} INFO - Started process (PID=8867) to work on /home/airflow/.local/lib/python3.12/site-packages/airflow/example_dags/example_setup_teardown.py
[2026-05-07T21:33:57.345+0000] {processor.py:830} INFO - Processing file /home/airflow/.local/lib/python3.12/site-packages/airflow/example_dags/example_setup_teardown.py for tasks to queue
[2026-05-07T21:33:57.348+0000] {logging_mixin.py:188} INFO - [2026-05-07T21:33:57.347+0000] {dagbag.py:545} INFO - Filling up the DagBag from /home/airflow/.local/lib/python3.12/site-packages/airflow/example_dags/example_setup_teardown.py
[2026-05-07T21:33:57.353+0000] {processor.py:840} INFO - DAG(s) 'example_setup_teardown' retrieved from /home/airflow/.local/lib/python3.12/site-packages/airflow/example_dags/example_setup_teardown.py
[2026-05-07T21:33:57.377+0000] {logging_mixin.py:188} INFO - [2026-05-07T21:33:57.377+0000] {dag.py:3096} INFO - Sync 1 DAGs
[2026-05-07T21:33:57.398+0000] {logging_mixin.py:188} INFO - [2026-05-07T21:33:57.397+0000] {dag.py:3954} INFO - Setting next_dagrun for example_setup_teardown to 2026-05-06 00:00:00+00:00, run_after=2026-05-07 00:00:00+00:00
[2026-05-07T21:33:57.420+0000] {processor.py:183} INFO - Processing /home/airflow/.local/lib/python3.12/site-packages/airflow/example_dags/example_setup_teardown.py took 0.083 seconds
[2026-05-07T21:34:27.640+0000] {processor.py:161} INFO - Started process (PID=8925) to work on /home/airflow/.local/lib/python3.12/site-packages/airflow/example_dags/example_setup_teardown.py
[2026-05-07T21:34:27.643+0000] {processor.py:830} INFO - Processing file /home/airflow/.local/lib/python3.12/site-packages/airflow/example_dags/example_setup_teardown.py for tasks to queue
[2026-05-07T21:34:27.645+0000] {logging_mixin.py:188} INFO - [2026-05-07T21:34:27.645+0000] {dagbag.py:545} INFO - Filling up the DagBag from /home/airflow/.local/lib/python3.12/site-packages/airflow/example_dags/example_setup_teardown.py
[2026-05-07T21:34:27.652+0000] {processor.py:840} INFO - DAG(s) 'example_setup_teardown' retrieved from /home/airflow/.local/lib/python3.12/site-packages/airflow/example_dags/example_setup_teardown.py
[2026-05-07T21:34:27.674+0000] {logging_mixin.py:188} INFO - [2026-05-07T21:34:27.674+0000] {dag.py:3096} INFO - Sync 1 DAGs
[2026-05-07T21:34:27.694+0000] {logging_mixin.py:188} INFO - [2026-05-07T21:34:27.694+0000] {dag.py:3954} INFO - Setting next_dagrun for example_setup_teardown to 2026-05-06 00:00:00+00:00, run_after=2026-05-07 00:00:00+00:00
[2026-05-07T21:34:27.714+0000] {processor.py:183} INFO - Processing /home/airflow/.local/lib/python3.12/site-packages/airflow/example_dags/example_setup_teardown.py took 0.081 seconds
[2026-05-07T21:34:58.022+0000] {processor.py:161} INFO - Started process (PID=8983) to work on /home/airflow/.local/lib/python3.12/site-packages/airflow/example_dags/example_setup_teardown.py
[2026-05-07T21:34:58.025+0000] {processor.py:830} INFO - Processing file /home/airflow/.local/lib/python3.12/site-packages/airflow/example_dags/example_setup_teardown.py for tasks to queue
[2026-05-07T21:34:58.027+0000] {logging_mixin.py:188} INFO - [2026-05-07T21:34:58.027+0000] {dagbag.py:545} INFO - Filling up the DagBag from /home/airflow/.local/lib/python3.12/site-packages/airflow/example_dags/example_setup_teardown.py
[2026-05-07T21:34:58.034+0000] {processor.py:840} INFO - DAG(s) 'example_setup_teardown' retrieved from /home/airflow/.local/lib/python3.12/site-packages/airflow/example_dags/example_setup_teardown.py
[2026-05-07T21:34:58.056+0000] {logging_mixin.py:188} INFO - [2026-05-07T21:34:58.056+0000] {dag.py:3096} INFO - Sync 1 DAGs
[2026-05-07T21:34:58.076+0000] {logging_mixin.py:188} INFO - [2026-05-07T21:34:58.076+0000] {dag.py:3954} INFO - Setting next_dagrun for example_setup_teardown to 2026-05-06 00:00:00+00:00, run_after=2026-05-07 00:00:00+00:00
[2026-05-07T21:34:58.097+0000] {processor.py:183} INFO - Processing /home/airflow/.local/lib/python3.12/site-packages/airflow/example_dags/example_setup_teardown.py took 0.080 seconds
[2026-05-07T21:35:28.223+0000] {processor.py:161} INFO - Started process (PID=9041) to work on /home/airflow/.local/lib/python3.12/site-packages/airflow/example_dags/example_setup_teardown.py
[2026-05-07T21:35:28.224+0000] {processor.py:830} INFO - Processing file /home/airflow/.local/lib/python3.12/site-packages/airflow/example_dags/example_setup_teardown.py for tasks to queue
[2026-05-07T21:35:28.226+0000] {logging_mixin.py:188} INFO - [2026-05-07T21:35:28.226+0000] {dagbag.py:545} INFO - Filling up the DagBag from /home/airflow/.local/lib/python3.12/site-packages/airflow/example_dags/example_setup_teardown.py
[2026-05-07T21:35:28.233+0000] {processor.py:840} INFO - DAG(s) 'example_setup_teardown' retrieved from /home/airflow/.local/lib/python3.12/site-packages/airflow/example_dags/example_setup_teardown.py
[2026-05-07T21:35:28.256+0000] {logging_mixin.py:188} INFO - [2026-05-07T21:35:28.256+0000] {dag.py:3096} INFO - Sync 1 DAGs
[2026-05-07T21:35:28.277+0000] {logging_mixin.py:188} INFO - [2026-05-07T21:35:28.277+0000] {dag.py:3954} INFO - Setting next_dagrun for example_setup_teardown to 2026-05-06 00:00:00+00:00, run_after=2026-05-07 00:00:00+00:00
[2026-05-07T21:35:28.297+0000] {processor.py:183} INFO - Processing /home/airflow/.local/lib/python3.12/site-packages/airflow/example_dags/example_setup_teardown.py took 0.080 seconds
[2026-05-07T21:35:58.846+0000] {processor.py:161} INFO - Started process (PID=9099) to work on /home/airflow/.local/lib/python3.12/site-packages/airflow/example_dags/example_setup_teardown.py
[2026-05-07T21:35:58.847+0000] {processor.py:830} INFO - Processing file /home/airflow/.local/lib/python3.12/site-packages/airflow/example_dags/example_setup_teardown.py for tasks to queue
[2026-05-07T21:35:58.849+0000] {logging_mixin.py:188} INFO - [2026-05-07T21:35:58.849+0000] {dagbag.py:545} INFO - Filling up the DagBag from /home/airflow/.local/lib/python3.12/site-packages/airflow/example_dags/example_setup_teardown.py
[2026-05-07T21:35:58.855+0000] {processor.py:840} INFO - DAG(s) 'example_setup_teardown' retrieved from /home/airflow/.local/lib/python3.12/site-packages/airflow/example_dags/example_setup_teardown.py
[2026-05-07T21:35:58.877+0000] {logging_mixin.py:188} INFO - [2026-05-07T21:35:58.877+0000] {dag.py:3096} INFO - Sync 1 DAGs
[2026-05-07T21:35:58.900+0000] {logging_mixin.py:188} INFO - [2026-05-07T21:35:58.900+0000] {dag.py:3954} INFO - Setting next_dagrun for example_setup_teardown to 2026-05-06 00:00:00+00:00, run_after=2026-05-07 00:00:00+00:00
[2026-05-07T21:35:58.921+0000] {processor.py:183} INFO - Processing /home/airflow/.local/lib/python3.12/site-packages/airflow/example_dags/example_setup_teardown.py took 0.082 seconds
[2026-05-07T21:36:29.703+0000] {processor.py:161} INFO - Started process (PID=9157) to work on /home/airflow/.local/lib/python3.12/site-packages/airflow/example_dags/example_setup_teardown.py
[2026-05-07T21:36:29.704+0000] {processor.py:830} INFO - Processing file /home/airflow/.local/lib/python3.12/site-packages/airflow/example_dags/example_setup_teardown.py for tasks to queue
[2026-05-07T21:36:29.706+0000] {logging_mixin.py:188} INFO - [2026-05-07T21:36:29.706+0000] {dagbag.py:545} INFO - Filling up the DagBag from /home/airflow/.local/lib/python3.12/site-packages/airflow/example_dags/example_setup_teardown.py
[2026-05-07T21:36:29.713+0000] {processor.py:840} INFO - DAG(s) 'example_setup_teardown' retrieved from /home/airflow/.local/lib/python3.12/site-packages/airflow/example_dags/example_setup_teardown.py
[2026-05-07T21:36:29.734+0000] {logging_mixin.py:188} INFO - [2026-05-07T21:36:29.734+0000] {dag.py:3096} INFO - Sync 1 DAGs
[2026-05-07T21:36:29.754+0000] {logging_mixin.py:188} INFO - [2026-05-07T21:36:29.754+0000] {dag.py:3954} INFO - Setting next_dagrun for example_setup_teardown to 2026-05-06 00:00:00+00:00, run_after=2026-05-07 00:00:00+00:00
[2026-05-07T21:36:29.776+0000] {processor.py:183} INFO - Processing /home/airflow/.local/lib/python3.12/site-packages/airflow/example_dags/example_setup_teardown.py took 0.079 seconds
[2026-05-07T21:37:00.492+0000] {processor.py:161} INFO - Started process (PID=9215) to work on /home/airflow/.local/lib/python3.12/site-packages/airflow/example_dags/example_setup_teardown.py
[2026-05-07T21:37:00.494+0000] {processor.py:830} INFO - Processing file /home/airflow/.local/lib/python3.12/site-packages/airflow/example_dags/example_setup_teardown.py for tasks to queue
[2026-05-07T21:37:00.498+0000] {logging_mixin.py:188} INFO - [2026-05-07T21:37:00.497+0000] {dagbag.py:545} INFO - Filling up the DagBag from /home/airflow/.local/lib/python3.12/site-packages/airflow/example_dags/example_setup_teardown.py
[2026-05-07T21:37:00.507+0000] {processor.py:840} INFO - DAG(s) 'example_setup_teardown' retrieved from /home/airflow/.local/lib/python3.12/site-packages/airflow/example_dags/example_setup_teardown.py
[2026-05-07T21:37:00.534+0000] {logging_mixin.py:188} INFO - [2026-05-07T21:37:00.533+0000] {dag.py:3096} INFO - Sync 1 DAGs
[2026-05-07T21:37:00.559+0000] {logging_mixin.py:188} INFO - [2026-05-07T21:37:00.559+0000] {dag.py:3954} INFO - Setting next_dagrun for example_setup_teardown to 2026-05-06 00:00:00+00:00, run_after=2026-05-07 00:00:00+00:00
[2026-05-07T21:37:00.585+0000] {processor.py:183} INFO - Processing /home/airflow/.local/lib/python3.12/site-packages/airflow/example_dags/example_setup_teardown.py took 0.104 seconds
[2026-05-07T21:37:31.336+0000] {processor.py:161} INFO - Started process (PID=9273) to work on /home/airflow/.local/lib/python3.12/site-packages/airflow/example_dags/example_setup_teardown.py
[2026-05-07T21:37:31.337+0000] {processor.py:830} INFO - Processing file /home/airflow/.local/lib/python3.12/site-packages/airflow/example_dags/example_setup_teardown.py for tasks to queue
[2026-05-07T21:37:31.340+0000] {logging_mixin.py:188} INFO - [2026-05-07T21:37:31.340+0000] {dagbag.py:545} INFO - Filling up the DagBag from /home/airflow/.local/lib/python3.12/site-packages/airflow/example_dags/example_setup_teardown.py
[2026-05-07T21:37:31.346+0000] {processor.py:840} INFO - DAG(s) 'example_setup_teardown' retrieved from /home/airflow/.local/lib/python3.12/site-packages/airflow/example_dags/example_setup_teardown.py
[2026-05-07T21:37:31.368+0000] {logging_mixin.py:188} INFO - [2026-05-07T21:37:31.367+0000] {dag.py:3096} INFO - Sync 1 DAGs
[2026-05-07T21:37:31.389+0000] {logging_mixin.py:188} INFO - [2026-05-07T21:37:31.389+0000] {dag.py:3954} INFO - Setting next_dagrun for example_setup_teardown to 2026-05-06 00:00:00+00:00, run_after=2026-05-07 00:00:00+00:00
[2026-05-07T21:37:31.412+0000] {processor.py:183} INFO - Processing /home/airflow/.local/lib/python3.12/site-packages/airflow/example_dags/example_setup_teardown.py took 0.081 seconds
[2026-05-07T21:38:02.106+0000] {processor.py:161} INFO - Started process (PID=9331) to work on /home/airflow/.local/lib/python3.12/site-packages/airflow/example_dags/example_setup_teardown.py
[2026-05-07T21:38:02.107+0000] {processor.py:830} INFO - Processing file /home/airflow/.local/lib/python3.12/site-packages/airflow/example_dags/example_setup_teardown.py for tasks to queue
[2026-05-07T21:38:02.110+0000] {logging_mixin.py:188} INFO - [2026-05-07T21:38:02.109+0000] {dagbag.py:545} INFO - Filling up the DagBag from /home/airflow/.local/lib/python3.12/site-packages/airflow/example_dags/example_setup_teardown.py
[2026-05-07T21:38:02.116+0000] {processor.py:840} INFO - DAG(s) 'example_setup_teardown' retrieved from /home/airflow/.local/lib/python3.12/site-packages/airflow/example_dags/example_setup_teardown.py
[2026-05-07T21:38:02.140+0000] {logging_mixin.py:188} INFO - [2026-05-07T21:38:02.140+0000] {dag.py:3096} INFO - Sync 1 DAGs
[2026-05-07T21:38:02.162+0000] {logging_mixin.py:188} INFO - [2026-05-07T21:38:02.161+0000] {dag.py:3954} INFO - Setting next_dagrun for example_setup_teardown to 2026-05-06 00:00:00+00:00, run_after=2026-05-07 00:00:00+00:00
[2026-05-07T21:38:02.210+0000] {processor.py:183} INFO - Processing /home/airflow/.local/lib/python3.12/site-packages/airflow/example_dags/example_setup_teardown.py took 0.109 seconds
[2026-05-07T21:38:32.944+0000] {processor.py:161} INFO - Started process (PID=9389) to work on /home/airflow/.local/lib/python3.12/site-packages/airflow/example_dags/example_setup_teardown.py
[2026-05-07T21:38:32.946+0000] {processor.py:830} INFO - Processing file /home/airflow/.local/lib/python3.12/site-packages/airflow/example_dags/example_setup_teardown.py for tasks to queue
[2026-05-07T21:38:32.950+0000] {logging_mixin.py:188} INFO - [2026-05-07T21:38:32.950+0000] {dagbag.py:545} INFO - Filling up the DagBag from /home/airflow/.local/lib/python3.12/site-packages/airflow/example_dags/example_setup_teardown.py
[2026-05-07T21:38:32.958+0000] {processor.py:840} INFO - DAG(s) 'example_setup_teardown' retrieved from /home/airflow/.local/lib/python3.12/site-packages/airflow/example_dags/example_setup_teardown.py
[2026-05-07T21:38:32.993+0000] {logging_mixin.py:188} INFO - [2026-05-07T21:38:32.992+0000] {dag.py:3096} INFO - Sync 1 DAGs
[2026-05-07T21:38:33.017+0000] {logging_mixin.py:188} INFO - [2026-05-07T21:38:33.017+0000] {dag.py:3954} INFO - Setting next_dagrun for example_setup_teardown to 2026-05-06 00:00:00+00:00, run_after=2026-05-07 00:00:00+00:00
[2026-05-07T21:38:33.038+0000] {processor.py:183} INFO - Processing /home/airflow/.local/lib/python3.12/site-packages/airflow/example_dags/example_setup_teardown.py took 0.100 seconds
[2026-05-07T21:39:03.924+0000] {processor.py:161} INFO - Started process (PID=9447) to work on /home/airflow/.local/lib/python3.12/site-packages/airflow/example_dags/example_setup_teardown.py
[2026-05-07T21:39:03.926+0000] {processor.py:830} INFO - Processing file /home/airflow/.local/lib/python3.12/site-packages/airflow/example_dags/example_setup_teardown.py for tasks to queue
[2026-05-07T21:39:03.929+0000] {logging_mixin.py:188} INFO - [2026-05-07T21:39:03.928+0000] {dagbag.py:545} INFO - Filling up the DagBag from /home/airflow/.local/lib/python3.12/site-packages/airflow/example_dags/example_setup_teardown.py
[2026-05-07T21:39:03.940+0000] {processor.py:840} INFO - DAG(s) 'example_setup_teardown' retrieved from /home/airflow/.local/lib/python3.12/site-packages/airflow/example_dags/example_setup_teardown.py
[2026-05-07T21:39:03.971+0000] {logging_mixin.py:188} INFO - [2026-05-07T21:39:03.970+0000] {dag.py:3096} INFO - Sync 1 DAGs
[2026-05-07T21:39:03.996+0000] {logging_mixin.py:188} INFO - [2026-05-07T21:39:03.996+0000] {dag.py:3954} INFO - Setting next_dagrun for example_setup_teardown to 2026-05-06 00:00:00+00:00, run_after=2026-05-07 00:00:00+00:00
[2026-05-07T21:39:04.024+0000] {processor.py:183} INFO - Processing /home/airflow/.local/lib/python3.12/site-packages/airflow/example_dags/example_setup_teardown.py took 0.108 seconds
[2026-05-07T21:39:34.154+0000] {processor.py:161} INFO - Started process (PID=9505) to work on /home/airflow/.local/lib/python3.12/site-packages/airflow/example_dags/example_setup_teardown.py
[2026-05-07T21:39:34.156+0000] {processor.py:830} INFO - Processing file /home/airflow/.local/lib/python3.12/site-packages/airflow/example_dags/example_setup_teardown.py for tasks to queue
[2026-05-07T21:39:34.159+0000] {logging_mixin.py:188} INFO - [2026-05-07T21:39:34.159+0000] {dagbag.py:545} INFO - Filling up the DagBag from /home/airflow/.local/lib/python3.12/site-packages/airflow/example_dags/example_setup_teardown.py
[2026-05-07T21:39:34.166+0000] {processor.py:840} INFO - DAG(s) 'example_setup_teardown' retrieved from /home/airflow/.local/lib/python3.12/site-packages/airflow/example_dags/example_setup_teardown.py
[2026-05-07T21:39:34.189+0000] {logging_mixin.py:188} INFO - [2026-05-07T21:39:34.188+0000] {dag.py:3096} INFO - Sync 1 DAGs
[2026-05-07T21:39:34.209+0000] {logging_mixin.py:188} INFO - [2026-05-07T21:39:34.208+0000] {dag.py:3954} INFO - Setting next_dagrun for example_setup_teardown to 2026-05-06 00:00:00+00:00, run_after=2026-05-07 00:00:00+00:00
[2026-05-07T21:39:34.231+0000] {processor.py:183} INFO - Processing /home/airflow/.local/lib/python3.12/site-packages/airflow/example_dags/example_setup_teardown.py took 0.082 seconds
[2026-05-07T21:40:04.336+0000] {processor.py:161} INFO - Started process (PID=9562) to work on /home/airflow/.local/lib/python3.12/site-packages/airflow/example_dags/example_setup_teardown.py
[2026-05-07T21:40:04.337+0000] {processor.py:830} INFO - Processing file /home/airflow/.local/lib/python3.12/site-packages/airflow/example_dags/example_setup_teardown.py for tasks to queue
[2026-05-07T21:40:04.339+0000] {logging_mixin.py:188} INFO - [2026-05-07T21:40:04.339+0000] {dagbag.py:545} INFO - Filling up the DagBag from /home/airflow/.local/lib/python3.12/site-packages/airflow/example_dags/example_setup_teardown.py
[2026-05-07T21:40:04.347+0000] {processor.py:840} INFO - DAG(s) 'example_setup_teardown' retrieved from /home/airflow/.local/lib/python3.12/site-packages/airflow/example_dags/example_setup_teardown.py
[2026-05-07T21:40:04.367+0000] {logging_mixin.py:188} INFO - [2026-05-07T21:40:04.367+0000] {dag.py:3096} INFO - Sync 1 DAGs
[2026-05-07T21:40:04.385+0000] {logging_mixin.py:188} INFO - [2026-05-07T21:40:04.385+0000] {dag.py:3954} INFO - Setting next_dagrun for example_setup_teardown to 2026-05-06 00:00:00+00:00, run_after=2026-05-07 00:00:00+00:00
[2026-05-07T21:40:04.404+0000] {processor.py:183} INFO - Processing /home/airflow/.local/lib/python3.12/site-packages/airflow/example_dags/example_setup_teardown.py took 0.073 seconds
[2026-05-07T21:40:34.792+0000] {processor.py:161} INFO - Started process (PID=9621) to work on /home/airflow/.local/lib/python3.12/site-packages/airflow/example_dags/example_setup_teardown.py
[2026-05-07T21:40:34.794+0000] {processor.py:830} INFO - Processing file /home/airflow/.local/lib/python3.12/site-packages/airflow/example_dags/example_setup_teardown.py for tasks to queue
[2026-05-07T21:40:34.796+0000] {logging_mixin.py:188} INFO - [2026-05-07T21:40:34.795+0000] {dagbag.py:545} INFO - Filling up the DagBag from /home/airflow/.local/lib/python3.12/site-packages/airflow/example_dags/example_setup_teardown.py
[2026-05-07T21:40:34.803+0000] {processor.py:840} INFO - DAG(s) 'example_setup_teardown' retrieved from /home/airflow/.local/lib/python3.12/site-packages/airflow/example_dags/example_setup_teardown.py
[2026-05-07T21:40:34.834+0000] {logging_mixin.py:188} INFO - [2026-05-07T21:40:34.834+0000] {dag.py:3096} INFO - Sync 1 DAGs
[2026-05-07T21:40:34.871+0000] {logging_mixin.py:188} INFO - [2026-05-07T21:40:34.870+0000] {dag.py:3954} INFO - Setting next_dagrun for example_setup_teardown to 2026-05-06 00:00:00+00:00, run_after=2026-05-07 00:00:00+00:00
[2026-05-07T21:40:34.899+0000] {processor.py:183} INFO - Processing /home/airflow/.local/lib/python3.12/site-packages/airflow/example_dags/example_setup_teardown.py took 0.112 seconds
[2026-05-07T21:41:04.985+0000] {processor.py:161} INFO - Started process (PID=9678) to work on /home/airflow/.local/lib/python3.12/site-packages/airflow/example_dags/example_setup_teardown.py
[2026-05-07T21:41:04.986+0000] {processor.py:830} INFO - Processing file /home/airflow/.local/lib/python3.12/site-packages/airflow/example_dags/example_setup_teardown.py for tasks to queue
[2026-05-07T21:41:04.989+0000] {logging_mixin.py:188} INFO - [2026-05-07T21:41:04.989+0000] {dagbag.py:545} INFO - Filling up the DagBag from /home/airflow/.local/lib/python3.12/site-packages/airflow/example_dags/example_setup_teardown.py
[2026-05-07T21:41:04.996+0000] {processor.py:840} INFO - DAG(s) 'example_setup_teardown' retrieved from /home/airflow/.local/lib/python3.12/site-packages/airflow/example_dags/example_setup_teardown.py
[2026-05-07T21:41:05.018+0000] {logging_mixin.py:188} INFO - [2026-05-07T21:41:05.017+0000] {dag.py:3096} INFO - Sync 1 DAGs
[2026-05-07T21:41:05.037+0000] {logging_mixin.py:188} INFO - [2026-05-07T21:41:05.037+0000] {dag.py:3954} INFO - Setting next_dagrun for example_setup_teardown to 2026-05-06 00:00:00+00:00, run_after=2026-05-07 00:00:00+00:00
[2026-05-07T21:41:05.061+0000] {processor.py:183} INFO - Processing /home/airflow/.local/lib/python3.12/site-packages/airflow/example_dags/example_setup_teardown.py took 0.083 seconds
[2026-05-07T21:41:35.499+0000] {processor.py:161} INFO - Started process (PID=9737) to work on /home/airflow/.local/lib/python3.12/site-packages/airflow/example_dags/example_setup_teardown.py
[2026-05-07T21:41:35.500+0000] {processor.py:830} INFO - Processing file /home/airflow/.local/lib/python3.12/site-packages/airflow/example_dags/example_setup_teardown.py for tasks to queue
[2026-05-07T21:41:35.503+0000] {logging_mixin.py:188} INFO - [2026-05-07T21:41:35.502+0000] {dagbag.py:545} INFO - Filling up the DagBag from /home/airflow/.local/lib/python3.12/site-packages/airflow/example_dags/example_setup_teardown.py
[2026-05-07T21:41:35.510+0000] {processor.py:840} INFO - DAG(s) 'example_setup_teardown' retrieved from /home/airflow/.local/lib/python3.12/site-packages/airflow/example_dags/example_setup_teardown.py
[2026-05-07T21:41:35.536+0000] {logging_mixin.py:188} INFO - [2026-05-07T21:41:35.536+0000] {dag.py:3096} INFO - Sync 1 DAGs
[2026-05-07T21:41:35.560+0000] {logging_mixin.py:188} INFO - [2026-05-07T21:41:35.560+0000] {dag.py:3954} INFO - Setting next_dagrun for example_setup_teardown to 2026-05-06 00:00:00+00:00, run_after=2026-05-07 00:00:00+00:00
[2026-05-07T21:41:35.586+0000] {processor.py:183} INFO - Processing /home/airflow/.local/lib/python3.12/site-packages/airflow/example_dags/example_setup_teardown.py took 0.097 seconds
[2026-05-07T21:42:05.916+0000] {processor.py:161} INFO - Started process (PID=9795) to work on /home/airflow/.local/lib/python3.12/site-packages/airflow/example_dags/example_setup_teardown.py
[2026-05-07T21:42:05.918+0000] {processor.py:830} INFO - Processing file /home/airflow/.local/lib/python3.12/site-packages/airflow/example_dags/example_setup_teardown.py for tasks to queue
[2026-05-07T21:42:05.922+0000] {logging_mixin.py:188} INFO - [2026-05-07T21:42:05.922+0000] {dagbag.py:545} INFO - Filling up the DagBag from /home/airflow/.local/lib/python3.12/site-packages/airflow/example_dags/example_setup_teardown.py
[2026-05-07T21:42:05.930+0000] {processor.py:840} INFO - DAG(s) 'example_setup_teardown' retrieved from /home/airflow/.local/lib/python3.12/site-packages/airflow/example_dags/example_setup_teardown.py
[2026-05-07T21:42:05.954+0000] {logging_mixin.py:188} INFO - [2026-05-07T21:42:05.954+0000] {dag.py:3096} INFO - Sync 1 DAGs
[2026-05-07T21:42:05.974+0000] {logging_mixin.py:188} INFO - [2026-05-07T21:42:05.974+0000] {dag.py:3954} INFO - Setting next_dagrun for example_setup_teardown to 2026-05-06 00:00:00+00:00, run_after=2026-05-07 00:00:00+00:00
[2026-05-07T21:42:05.996+0000] {processor.py:183} INFO - Processing /home/airflow/.local/lib/python3.12/site-packages/airflow/example_dags/example_setup_teardown.py took 0.091 seconds
[2026-05-07T21:42:36.580+0000] {processor.py:161} INFO - Started process (PID=9853) to work on /home/airflow/.local/lib/python3.12/site-packages/airflow/example_dags/example_setup_teardown.py
[2026-05-07T21:42:36.582+0000] {processor.py:830} INFO - Processing file /home/airflow/.local/lib/python3.12/site-packages/airflow/example_dags/example_setup_teardown.py for tasks to queue
[2026-05-07T21:42:36.586+0000] {logging_mixin.py:188} INFO - [2026-05-07T21:42:36.586+0000] {dagbag.py:545} INFO - Filling up the DagBag from /home/airflow/.local/lib/python3.12/site-packages/airflow/example_dags/example_setup_teardown.py
[2026-05-07T21:42:36.597+0000] {processor.py:840} INFO - DAG(s) 'example_setup_teardown' retrieved from /home/airflow/.local/lib/python3.12/site-packages/airflow/example_dags/example_setup_teardown.py
[2026-05-07T21:42:36.636+0000] {logging_mixin.py:188} INFO - [2026-05-07T21:42:36.635+0000] {dag.py:3096} INFO - Sync 1 DAGs
[2026-05-07T21:42:36.663+0000] {logging_mixin.py:188} INFO - [2026-05-07T21:42:36.663+0000] {dag.py:3954} INFO - Setting next_dagrun for example_setup_teardown to 2026-05-06 00:00:00+00:00, run_after=2026-05-07 00:00:00+00:00
[2026-05-07T21:42:36.692+0000] {processor.py:183} INFO - Processing /home/airflow/.local/lib/python3.12/site-packages/airflow/example_dags/example_setup_teardown.py took 0.118 seconds
[2026-05-07T21:43:06.760+0000] {processor.py:161} INFO - Started process (PID=9910) to work on /home/airflow/.local/lib/python3.12/site-packages/airflow/example_dags/example_setup_teardown.py
[2026-05-07T21:43:06.762+0000] {processor.py:830} INFO - Processing file /home/airflow/.local/lib/python3.12/site-packages/airflow/example_dags/example_setup_teardown.py for tasks to queue
[2026-05-07T21:43:06.764+0000] {logging_mixin.py:188} INFO - [2026-05-07T21:43:06.764+0000] {dagbag.py:545} INFO - Filling up the DagBag from /home/airflow/.local/lib/python3.12/site-packages/airflow/example_dags/example_setup_teardown.py
[2026-05-07T21:43:06.771+0000] {processor.py:840} INFO - DAG(s) 'example_setup_teardown' retrieved from /home/airflow/.local/lib/python3.12/site-packages/airflow/example_dags/example_setup_teardown.py
[2026-05-07T21:43:06.789+0000] {logging_mixin.py:188} INFO - [2026-05-07T21:43:06.789+0000] {dag.py:3096} INFO - Sync 1 DAGs
[2026-05-07T21:43:06.807+0000] {logging_mixin.py:188} INFO - [2026-05-07T21:43:06.807+0000] {dag.py:3954} INFO - Setting next_dagrun for example_setup_teardown to 2026-05-06 00:00:00+00:00, run_after=2026-05-07 00:00:00+00:00
[2026-05-07T21:43:06.827+0000] {processor.py:183} INFO - Processing /home/airflow/.local/lib/python3.12/site-packages/airflow/example_dags/example_setup_teardown.py took 0.074 seconds
[2026-05-07T21:43:37.471+0000] {processor.py:161} INFO - Started process (PID=9969) to work on /home/airflow/.local/lib/python3.12/site-packages/airflow/example_dags/example_setup_teardown.py
[2026-05-07T21:43:37.472+0000] {processor.py:830} INFO - Processing file /home/airflow/.local/lib/python3.12/site-packages/airflow/example_dags/example_setup_teardown.py for tasks to queue
[2026-05-07T21:43:37.474+0000] {logging_mixin.py:188} INFO - [2026-05-07T21:43:37.474+0000] {dagbag.py:545} INFO - Filling up the DagBag from /home/airflow/.local/lib/python3.12/site-packages/airflow/example_dags/example_setup_teardown.py
[2026-05-07T21:43:37.482+0000] {processor.py:840} INFO - DAG(s) 'example_setup_teardown' retrieved from /home/airflow/.local/lib/python3.12/site-packages/airflow/example_dags/example_setup_teardown.py
[2026-05-07T21:43:37.504+0000] {logging_mixin.py:188} INFO - [2026-05-07T21:43:37.504+0000] {dag.py:3096} INFO - Sync 1 DAGs
[2026-05-07T21:43:37.524+0000] {logging_mixin.py:188} INFO - [2026-05-07T21:43:37.524+0000] {dag.py:3954} INFO - Setting next_dagrun for example_setup_teardown to 2026-05-06 00:00:00+00:00, run_after=2026-05-07 00:00:00+00:00
[2026-05-07T21:43:37.546+0000] {processor.py:183} INFO - Processing /home/airflow/.local/lib/python3.12/site-packages/airflow/example_dags/example_setup_teardown.py took 0.081 seconds
[2026-05-07T21:44:08.089+0000] {processor.py:161} INFO - Started process (PID=10027) to work on /home/airflow/.local/lib/python3.12/site-packages/airflow/example_dags/example_setup_teardown.py
[2026-05-07T21:44:08.091+0000] {processor.py:830} INFO - Processing file /home/airflow/.local/lib/python3.12/site-packages/airflow/example_dags/example_setup_teardown.py for tasks to queue
[2026-05-07T21:44:08.093+0000] {logging_mixin.py:188} INFO - [2026-05-07T21:44:08.092+0000] {dagbag.py:545} INFO - Filling up the DagBag from /home/airflow/.local/lib/python3.12/site-packages/airflow/example_dags/example_setup_teardown.py
[2026-05-07T21:44:08.099+0000] {processor.py:840} INFO - DAG(s) 'example_setup_teardown' retrieved from /home/airflow/.local/lib/python3.12/site-packages/airflow/example_dags/example_setup_teardown.py
[2026-05-07T21:44:08.122+0000] {logging_mixin.py:188} INFO - [2026-05-07T21:44:08.122+0000] {dag.py:3096} INFO - Sync 1 DAGs
[2026-05-07T21:44:08.142+0000] {logging_mixin.py:188} INFO - [2026-05-07T21:44:08.142+0000] {dag.py:3954} INFO - Setting next_dagrun for example_setup_teardown to 2026-05-06 00:00:00+00:00, run_after=2026-05-07 00:00:00+00:00
[2026-05-07T21:44:08.163+0000] {processor.py:183} INFO - Processing /home/airflow/.local/lib/python3.12/site-packages/airflow/example_dags/example_setup_teardown.py took 0.080 seconds
[2026-05-07T21:44:39.027+0000] {processor.py:161} INFO - Started process (PID=10085) to work on /home/airflow/.local/lib/python3.12/site-packages/airflow/example_dags/example_setup_teardown.py
[2026-05-07T21:44:39.029+0000] {processor.py:830} INFO - Processing file /home/airflow/.local/lib/python3.12/site-packages/airflow/example_dags/example_setup_teardown.py for tasks to queue
[2026-05-07T21:44:39.032+0000] {logging_mixin.py:188} INFO - [2026-05-07T21:44:39.031+0000] {dagbag.py:545} INFO - Filling up the DagBag from /home/airflow/.local/lib/python3.12/site-packages/airflow/example_dags/example_setup_teardown.py
[2026-05-07T21:44:39.040+0000] {processor.py:840} INFO - DAG(s) 'example_setup_teardown' retrieved from /home/airflow/.local/lib/python3.12/site-packages/airflow/example_dags/example_setup_teardown.py
[2026-05-07T21:44:39.066+0000] {logging_mixin.py:188} INFO - [2026-05-07T21:44:39.066+0000] {dag.py:3096} INFO - Sync 1 DAGs
[2026-05-07T21:44:39.090+0000] {logging_mixin.py:188} INFO - [2026-05-07T21:44:39.090+0000] {dag.py:3954} INFO - Setting next_dagrun for example_setup_teardown to 2026-05-06 00:00:00+00:00, run_after=2026-05-07 00:00:00+00:00
[2026-05-07T21:44:39.115+0000] {processor.py:183} INFO - Processing /home/airflow/.local/lib/python3.12/site-packages/airflow/example_dags/example_setup_teardown.py took 0.097 seconds
[2026-05-07T21:45:09.318+0000] {processor.py:161} INFO - Started process (PID=10143) to work on /home/airflow/.local/lib/python3.12/site-packages/airflow/example_dags/example_setup_teardown.py
[2026-05-07T21:45:09.320+0000] {processor.py:830} INFO - Processing file /home/airflow/.local/lib/python3.12/site-packages/airflow/example_dags/example_setup_teardown.py for tasks to queue
[2026-05-07T21:45:09.322+0000] {logging_mixin.py:188} INFO - [2026-05-07T21:45:09.322+0000] {dagbag.py:545} INFO - Filling up the DagBag from /home/airflow/.local/lib/python3.12/site-packages/airflow/example_dags/example_setup_teardown.py
[2026-05-07T21:45:09.330+0000] {processor.py:840} INFO - DAG(s) 'example_setup_teardown' retrieved from /home/airflow/.local/lib/python3.12/site-packages/airflow/example_dags/example_setup_teardown.py
[2026-05-07T21:45:09.354+0000] {logging_mixin.py:188} INFO - [2026-05-07T21:45:09.354+0000] {dag.py:3096} INFO - Sync 1 DAGs
[2026-05-07T21:45:09.374+0000] {logging_mixin.py:188} INFO - [2026-05-07T21:45:09.374+0000] {dag.py:3954} INFO - Setting next_dagrun for example_setup_teardown to 2026-05-06 00:00:00+00:00, run_after=2026-05-07 00:00:00+00:00
[2026-05-07T21:45:09.399+0000] {processor.py:183} INFO - Processing /home/airflow/.local/lib/python3.12/site-packages/airflow/example_dags/example_setup_teardown.py took 0.089 seconds
[2026-05-07T21:45:39.513+0000] {processor.py:161} INFO - Started process (PID=10200) to work on /home/airflow/.local/lib/python3.12/site-packages/airflow/example_dags/example_setup_teardown.py
[2026-05-07T21:45:39.514+0000] {processor.py:830} INFO - Processing file /home/airflow/.local/lib/python3.12/site-packages/airflow/example_dags/example_setup_teardown.py for tasks to queue
[2026-05-07T21:45:39.517+0000] {logging_mixin.py:188} INFO - [2026-05-07T21:45:39.517+0000] {dagbag.py:545} INFO - Filling up the DagBag from /home/airflow/.local/lib/python3.12/site-packages/airflow/example_dags/example_setup_teardown.py
[2026-05-07T21:45:39.525+0000] {processor.py:840} INFO - DAG(s) 'example_setup_teardown' retrieved from /home/airflow/.local/lib/python3.12/site-packages/airflow/example_dags/example_setup_teardown.py
[2026-05-07T21:45:39.546+0000] {logging_mixin.py:188} INFO - [2026-05-07T21:45:39.545+0000] {dag.py:3096} INFO - Sync 1 DAGs
[2026-05-07T21:45:39.564+0000] {logging_mixin.py:188} INFO - [2026-05-07T21:45:39.563+0000] {dag.py:3954} INFO - Setting next_dagrun for example_setup_teardown to 2026-05-06 00:00:00+00:00, run_after=2026-05-07 00:00:00+00:00
[2026-05-07T21:45:39.583+0000] {processor.py:183} INFO - Processing /home/airflow/.local/lib/python3.12/site-packages/airflow/example_dags/example_setup_teardown.py took 0.076 seconds
[2026-05-07T21:46:10.075+0000] {processor.py:161} INFO - Started process (PID=10259) to work on /home/airflow/.local/lib/python3.12/site-packages/airflow/example_dags/example_setup_teardown.py
[2026-05-07T21:46:10.076+0000] {processor.py:830} INFO - Processing file /home/airflow/.local/lib/python3.12/site-packages/airflow/example_dags/example_setup_teardown.py for tasks to queue
[2026-05-07T21:46:10.078+0000] {logging_mixin.py:188} INFO - [2026-05-07T21:46:10.078+0000] {dagbag.py:545} INFO - Filling up the DagBag from /home/airflow/.local/lib/python3.12/site-packages/airflow/example_dags/example_setup_teardown.py
[2026-05-07T21:46:10.084+0000] {processor.py:840} INFO - DAG(s) 'example_setup_teardown' retrieved from /home/airflow/.local/lib/python3.12/site-packages/airflow/example_dags/example_setup_teardown.py
[2026-05-07T21:46:10.106+0000] {logging_mixin.py:188} INFO - [2026-05-07T21:46:10.106+0000] {dag.py:3096} INFO - Sync 1 DAGs
[2026-05-07T21:46:10.126+0000] {logging_mixin.py:188} INFO - [2026-05-07T21:46:10.126+0000] {dag.py:3954} INFO - Setting next_dagrun for example_setup_teardown to 2026-05-06 00:00:00+00:00, run_after=2026-05-07 00:00:00+00:00
[2026-05-07T21:46:10.147+0000] {processor.py:183} INFO - Processing /home/airflow/.local/lib/python3.12/site-packages/airflow/example_dags/example_setup_teardown.py took 0.078 seconds
[2026-05-07T21:46:40.548+0000] {processor.py:161} INFO - Started process (PID=10317) to work on /home/airflow/.local/lib/python3.12/site-packages/airflow/example_dags/example_setup_teardown.py
[2026-05-07T21:46:40.550+0000] {processor.py:830} INFO - Processing file /home/airflow/.local/lib/python3.12/site-packages/airflow/example_dags/example_setup_teardown.py for tasks to queue
[2026-05-07T21:46:40.552+0000] {logging_mixin.py:188} INFO - [2026-05-07T21:46:40.552+0000] {dagbag.py:545} INFO - Filling up the DagBag from /home/airflow/.local/lib/python3.12/site-packages/airflow/example_dags/example_setup_teardown.py
[2026-05-07T21:46:40.561+0000] {processor.py:840} INFO - DAG(s) 'example_setup_teardown' retrieved from /home/airflow/.local/lib/python3.12/site-packages/airflow/example_dags/example_setup_teardown.py
[2026-05-07T21:46:40.586+0000] {logging_mixin.py:188} INFO - [2026-05-07T21:46:40.586+0000] {dag.py:3096} INFO - Sync 1 DAGs
[2026-05-07T21:46:40.610+0000] {logging_mixin.py:188} INFO - [2026-05-07T21:46:40.610+0000] {dag.py:3954} INFO - Setting next_dagrun for example_setup_teardown to 2026-05-06 00:00:00+00:00, run_after=2026-05-07 00:00:00+00:00
[2026-05-07T21:46:40.637+0000] {processor.py:183} INFO - Processing /home/airflow/.local/lib/python3.12/site-packages/airflow/example_dags/example_setup_teardown.py took 0.098 seconds
[2026-05-07T21:47:10.776+0000] {processor.py:161} INFO - Started process (PID=10374) to work on /home/airflow/.local/lib/python3.12/site-packages/airflow/example_dags/example_setup_teardown.py
[2026-05-07T21:47:10.778+0000] {processor.py:830} INFO - Processing file /home/airflow/.local/lib/python3.12/site-packages/airflow/example_dags/example_setup_teardown.py for tasks to queue
[2026-05-07T21:47:10.782+0000] {logging_mixin.py:188} INFO - [2026-05-07T21:47:10.781+0000] {dagbag.py:545} INFO - Filling up the DagBag from /home/airflow/.local/lib/python3.12/site-packages/airflow/example_dags/example_setup_teardown.py
[2026-05-07T21:47:10.793+0000] {processor.py:840} INFO - DAG(s) 'example_setup_teardown' retrieved from /home/airflow/.local/lib/python3.12/site-packages/airflow/example_dags/example_setup_teardown.py
[2026-05-07T21:47:10.824+0000] {logging_mixin.py:188} INFO - [2026-05-07T21:47:10.824+0000] {dag.py:3096} INFO - Sync 1 DAGs
[2026-05-07T21:47:10.852+0000] {logging_mixin.py:188} INFO - [2026-05-07T21:47:10.852+0000] {dag.py:3954} INFO - Setting next_dagrun for example_setup_teardown to 2026-05-06 00:00:00+00:00, run_after=2026-05-07 00:00:00+00:00
[2026-05-07T21:47:10.875+0000] {processor.py:183} INFO - Processing /home/airflow/.local/lib/python3.12/site-packages/airflow/example_dags/example_setup_teardown.py took 0.109 seconds
[2026-05-07T21:47:41.161+0000] {processor.py:161} INFO - Started process (PID=10433) to work on /home/airflow/.local/lib/python3.12/site-packages/airflow/example_dags/example_setup_teardown.py
[2026-05-07T21:47:41.164+0000] {processor.py:830} INFO - Processing file /home/airflow/.local/lib/python3.12/site-packages/airflow/example_dags/example_setup_teardown.py for tasks to queue
[2026-05-07T21:47:41.171+0000] {logging_mixin.py:188} INFO - [2026-05-07T21:47:41.170+0000] {dagbag.py:545} INFO - Filling up the DagBag from /home/airflow/.local/lib/python3.12/site-packages/airflow/example_dags/example_setup_teardown.py
[2026-05-07T21:47:41.188+0000] {processor.py:840} INFO - DAG(s) 'example_setup_teardown' retrieved from /home/airflow/.local/lib/python3.12/site-packages/airflow/example_dags/example_setup_teardown.py
[2026-05-07T21:47:41.236+0000] {logging_mixin.py:188} INFO - [2026-05-07T21:47:41.235+0000] {dag.py:3096} INFO - Sync 1 DAGs
[2026-05-07T21:47:41.273+0000] {logging_mixin.py:188} INFO - [2026-05-07T21:47:41.273+0000] {dag.py:3954} INFO - Setting next_dagrun for example_setup_teardown to 2026-05-06 00:00:00+00:00, run_after=2026-05-07 00:00:00+00:00
[2026-05-07T21:47:41.305+0000] {processor.py:183} INFO - Processing /home/airflow/.local/lib/python3.12/site-packages/airflow/example_dags/example_setup_teardown.py took 0.158 seconds
[2026-05-07T21:48:11.410+0000] {processor.py:161} INFO - Started process (PID=10490) to work on /home/airflow/.local/lib/python3.12/site-packages/airflow/example_dags/example_setup_teardown.py
[2026-05-07T21:48:11.412+0000] {processor.py:830} INFO - Processing file /home/airflow/.local/lib/python3.12/site-packages/airflow/example_dags/example_setup_teardown.py for tasks to queue
[2026-05-07T21:48:11.414+0000] {logging_mixin.py:188} INFO - [2026-05-07T21:48:11.414+0000] {dagbag.py:545} INFO - Filling up the DagBag from /home/airflow/.local/lib/python3.12/site-packages/airflow/example_dags/example_setup_teardown.py
[2026-05-07T21:48:11.421+0000] {processor.py:840} INFO - DAG(s) 'example_setup_teardown' retrieved from /home/airflow/.local/lib/python3.12/site-packages/airflow/example_dags/example_setup_teardown.py
[2026-05-07T21:48:11.440+0000] {logging_mixin.py:188} INFO - [2026-05-07T21:48:11.439+0000] {dag.py:3096} INFO - Sync 1 DAGs
[2026-05-07T21:48:11.459+0000] {logging_mixin.py:188} INFO - [2026-05-07T21:48:11.459+0000] {dag.py:3954} INFO - Setting next_dagrun for example_setup_teardown to 2026-05-06 00:00:00+00:00, run_after=2026-05-07 00:00:00+00:00
[2026-05-07T21:48:11.483+0000] {processor.py:183} INFO - Processing /home/airflow/.local/lib/python3.12/site-packages/airflow/example_dags/example_setup_teardown.py took 0.080 seconds
[2026-05-07T21:48:41.571+0000] {processor.py:161} INFO - Started process (PID=10548) to work on /home/airflow/.local/lib/python3.12/site-packages/airflow/example_dags/example_setup_teardown.py
[2026-05-07T21:48:41.572+0000] {processor.py:830} INFO - Processing file /home/airflow/.local/lib/python3.12/site-packages/airflow/example_dags/example_setup_teardown.py for tasks to queue
[2026-05-07T21:48:41.574+0000] {logging_mixin.py:188} INFO - [2026-05-07T21:48:41.573+0000] {dagbag.py:545} INFO - Filling up the DagBag from /home/airflow/.local/lib/python3.12/site-packages/airflow/example_dags/example_setup_teardown.py
[2026-05-07T21:48:41.580+0000] {processor.py:840} INFO - DAG(s) 'example_setup_teardown' retrieved from /home/airflow/.local/lib/python3.12/site-packages/airflow/example_dags/example_setup_teardown.py
[2026-05-07T21:48:41.601+0000] {logging_mixin.py:188} INFO - [2026-05-07T21:48:41.601+0000] {dag.py:3096} INFO - Sync 1 DAGs
[2026-05-07T21:48:41.621+0000] {logging_mixin.py:188} INFO - [2026-05-07T21:48:41.620+0000] {dag.py:3954} INFO - Setting next_dagrun for example_setup_teardown to 2026-05-06 00:00:00+00:00, run_after=2026-05-07 00:00:00+00:00
[2026-05-07T21:48:41.638+0000] {processor.py:183} INFO - Processing /home/airflow/.local/lib/python3.12/site-packages/airflow/example_dags/example_setup_teardown.py took 0.073 seconds
[2026-05-07T21:49:11.735+0000] {processor.py:161} INFO - Started process (PID=10606) to work on /home/airflow/.local/lib/python3.12/site-packages/airflow/example_dags/example_setup_teardown.py
[2026-05-07T21:49:11.736+0000] {processor.py:830} INFO - Processing file /home/airflow/.local/lib/python3.12/site-packages/airflow/example_dags/example_setup_teardown.py for tasks to queue
[2026-05-07T21:49:11.739+0000] {logging_mixin.py:188} INFO - [2026-05-07T21:49:11.739+0000] {dagbag.py:545} INFO - Filling up the DagBag from /home/airflow/.local/lib/python3.12/site-packages/airflow/example_dags/example_setup_teardown.py
[2026-05-07T21:49:11.749+0000] {processor.py:840} INFO - DAG(s) 'example_setup_teardown' retrieved from /home/airflow/.local/lib/python3.12/site-packages/airflow/example_dags/example_setup_teardown.py
[2026-05-07T21:49:11.773+0000] {logging_mixin.py:188} INFO - [2026-05-07T21:49:11.773+0000] {dag.py:3096} INFO - Sync 1 DAGs
[2026-05-07T21:49:11.795+0000] {logging_mixin.py:188} INFO - [2026-05-07T21:49:11.795+0000] {dag.py:3954} INFO - Setting next_dagrun for example_setup_teardown to 2026-05-06 00:00:00+00:00, run_after=2026-05-07 00:00:00+00:00
[2026-05-07T21:49:11.818+0000] {processor.py:183} INFO - Processing /home/airflow/.local/lib/python3.12/site-packages/airflow/example_dags/example_setup_teardown.py took 0.092 seconds
[2026-05-07T21:49:41.955+0000] {processor.py:161} INFO - Started process (PID=10664) to work on /home/airflow/.local/lib/python3.12/site-packages/airflow/example_dags/example_setup_teardown.py
[2026-05-07T21:49:41.957+0000] {processor.py:830} INFO - Processing file /home/airflow/.local/lib/python3.12/site-packages/airflow/example_dags/example_setup_teardown.py for tasks to queue
[2026-05-07T21:49:41.960+0000] {logging_mixin.py:188} INFO - [2026-05-07T21:49:41.959+0000] {dagbag.py:545} INFO - Filling up the DagBag from /home/airflow/.local/lib/python3.12/site-packages/airflow/example_dags/example_setup_teardown.py
[2026-05-07T21:49:41.967+0000] {processor.py:840} INFO - DAG(s) 'example_setup_teardown' retrieved from /home/airflow/.local/lib/python3.12/site-packages/airflow/example_dags/example_setup_teardown.py
[2026-05-07T21:49:41.987+0000] {logging_mixin.py:188} INFO - [2026-05-07T21:49:41.987+0000] {dag.py:3096} INFO - Sync 1 DAGs
[2026-05-07T21:49:42.006+0000] {logging_mixin.py:188} INFO - [2026-05-07T21:49:42.006+0000] {dag.py:3954} INFO - Setting next_dagrun for example_setup_teardown to 2026-05-06 00:00:00+00:00, run_after=2026-05-07 00:00:00+00:00
[2026-05-07T21:49:42.027+0000] {processor.py:183} INFO - Processing /home/airflow/.local/lib/python3.12/site-packages/airflow/example_dags/example_setup_teardown.py took 0.078 seconds
[2026-05-07T21:50:12.436+0000] {processor.py:161} INFO - Started process (PID=10723) to work on /home/airflow/.local/lib/python3.12/site-packages/airflow/example_dags/example_setup_teardown.py
[2026-05-07T21:50:12.437+0000] {processor.py:830} INFO - Processing file /home/airflow/.local/lib/python3.12/site-packages/airflow/example_dags/example_setup_teardown.py for tasks to queue
[2026-05-07T21:50:12.439+0000] {logging_mixin.py:188} INFO - [2026-05-07T21:50:12.439+0000] {dagbag.py:545} INFO - Filling up the DagBag from /home/airflow/.local/lib/python3.12/site-packages/airflow/example_dags/example_setup_teardown.py
[2026-05-07T21:50:12.446+0000] {processor.py:840} INFO - DAG(s) 'example_setup_teardown' retrieved from /home/airflow/.local/lib/python3.12/site-packages/airflow/example_dags/example_setup_teardown.py
[2026-05-07T21:50:12.467+0000] {logging_mixin.py:188} INFO - [2026-05-07T21:50:12.467+0000] {dag.py:3096} INFO - Sync 1 DAGs
[2026-05-07T21:50:12.490+0000] {logging_mixin.py:188} INFO - [2026-05-07T21:50:12.490+0000] {dag.py:3954} INFO - Setting next_dagrun for example_setup_teardown to 2026-05-06 00:00:00+00:00, run_after=2026-05-07 00:00:00+00:00
[2026-05-07T21:50:12.514+0000] {processor.py:183} INFO - Processing /home/airflow/.local/lib/python3.12/site-packages/airflow/example_dags/example_setup_teardown.py took 0.083 seconds
[2026-05-07T21:50:42.655+0000] {processor.py:161} INFO - Started process (PID=10781) to work on /home/airflow/.local/lib/python3.12/site-packages/airflow/example_dags/example_setup_teardown.py
[2026-05-07T21:50:42.658+0000] {processor.py:830} INFO - Processing file /home/airflow/.local/lib/python3.12/site-packages/airflow/example_dags/example_setup_teardown.py for tasks to queue
[2026-05-07T21:50:42.660+0000] {logging_mixin.py:188} INFO - [2026-05-07T21:50:42.660+0000] {dagbag.py:545} INFO - Filling up the DagBag from /home/airflow/.local/lib/python3.12/site-packages/airflow/example_dags/example_setup_teardown.py
[2026-05-07T21:50:42.669+0000] {processor.py:840} INFO - DAG(s) 'example_setup_teardown' retrieved from /home/airflow/.local/lib/python3.12/site-packages/airflow/example_dags/example_setup_teardown.py
[2026-05-07T21:50:42.693+0000] {logging_mixin.py:188} INFO - [2026-05-07T21:50:42.692+0000] {dag.py:3096} INFO - Sync 1 DAGs
[2026-05-07T21:50:42.717+0000] {logging_mixin.py:188} INFO - [2026-05-07T21:50:42.717+0000] {dag.py:3954} INFO - Setting next_dagrun for example_setup_teardown to 2026-05-06 00:00:00+00:00, run_after=2026-05-07 00:00:00+00:00
[2026-05-07T21:50:42.739+0000] {processor.py:183} INFO - Processing /home/airflow/.local/lib/python3.12/site-packages/airflow/example_dags/example_setup_teardown.py took 0.092 seconds
[2026-05-07T21:51:13.342+0000] {processor.py:161} INFO - Started process (PID=10839) to work on /home/airflow/.local/lib/python3.12/site-packages/airflow/example_dags/example_setup_teardown.py
[2026-05-07T21:51:13.344+0000] {processor.py:830} INFO - Processing file /home/airflow/.local/lib/python3.12/site-packages/airflow/example_dags/example_setup_teardown.py for tasks to queue
[2026-05-07T21:51:13.345+0000] {logging_mixin.py:188} INFO - [2026-05-07T21:51:13.345+0000] {dagbag.py:545} INFO - Filling up the DagBag from /home/airflow/.local/lib/python3.12/site-packages/airflow/example_dags/example_setup_teardown.py
[2026-05-07T21:51:13.352+0000] {processor.py:840} INFO - DAG(s) 'example_setup_teardown' retrieved from /home/airflow/.local/lib/python3.12/site-packages/airflow/example_dags/example_setup_teardown.py
[2026-05-07T21:51:13.373+0000] {logging_mixin.py:188} INFO - [2026-05-07T21:51:13.373+0000] {dag.py:3096} INFO - Sync 1 DAGs
[2026-05-07T21:51:13.397+0000] {logging_mixin.py:188} INFO - [2026-05-07T21:51:13.397+0000] {dag.py:3954} INFO - Setting next_dagrun for example_setup_teardown to 2026-05-06 00:00:00+00:00, run_after=2026-05-07 00:00:00+00:00
[2026-05-07T21:51:13.425+0000] {processor.py:183} INFO - Processing /home/airflow/.local/lib/python3.12/site-packages/airflow/example_dags/example_setup_teardown.py took 0.089 seconds
[2026-05-07T21:51:43.789+0000] {processor.py:161} INFO - Started process (PID=10897) to work on /home/airflow/.local/lib/python3.12/site-packages/airflow/example_dags/example_setup_teardown.py
[2026-05-07T21:51:43.790+0000] {processor.py:830} INFO - Processing file /home/airflow/.local/lib/python3.12/site-packages/airflow/example_dags/example_setup_teardown.py for tasks to queue
[2026-05-07T21:51:43.793+0000] {logging_mixin.py:188} INFO - [2026-05-07T21:51:43.793+0000] {dagbag.py:545} INFO - Filling up the DagBag from /home/airflow/.local/lib/python3.12/site-packages/airflow/example_dags/example_setup_teardown.py
[2026-05-07T21:51:43.804+0000] {processor.py:840} INFO - DAG(s) 'example_setup_teardown' retrieved from /home/airflow/.local/lib/python3.12/site-packages/airflow/example_dags/example_setup_teardown.py
[2026-05-07T21:51:43.831+0000] {logging_mixin.py:188} INFO - [2026-05-07T21:51:43.830+0000] {dag.py:3096} INFO - Sync 1 DAGs
[2026-05-07T21:51:43.857+0000] {logging_mixin.py:188} INFO - [2026-05-07T21:51:43.856+0000] {dag.py:3954} INFO - Setting next_dagrun for example_setup_teardown to 2026-05-06 00:00:00+00:00, run_after=2026-05-07 00:00:00+00:00
[2026-05-07T21:51:43.881+0000] {processor.py:183} INFO - Processing /home/airflow/.local/lib/python3.12/site-packages/airflow/example_dags/example_setup_teardown.py took 0.101 seconds
[2026-05-07T21:52:13.993+0000] {processor.py:161} INFO - Started process (PID=10954) to work on /home/airflow/.local/lib/python3.12/site-packages/airflow/example_dags/example_setup_teardown.py
[2026-05-07T21:52:13.994+0000] {processor.py:830} INFO - Processing file /home/airflow/.local/lib/python3.12/site-packages/airflow/example_dags/example_setup_teardown.py for tasks to queue
[2026-05-07T21:52:13.996+0000] {logging_mixin.py:188} INFO - [2026-05-07T21:52:13.996+0000] {dagbag.py:545} INFO - Filling up the DagBag from /home/airflow/.local/lib/python3.12/site-packages/airflow/example_dags/example_setup_teardown.py
[2026-05-07T21:52:14.003+0000] {processor.py:840} INFO - DAG(s) 'example_setup_teardown' retrieved from /home/airflow/.local/lib/python3.12/site-packages/airflow/example_dags/example_setup_teardown.py
[2026-05-07T21:52:14.023+0000] {logging_mixin.py:188} INFO - [2026-05-07T21:52:14.023+0000] {dag.py:3096} INFO - Sync 1 DAGs
[2026-05-07T21:52:14.042+0000] {logging_mixin.py:188} INFO - [2026-05-07T21:52:14.042+0000] {dag.py:3954} INFO - Setting next_dagrun for example_setup_teardown to 2026-05-06 00:00:00+00:00, run_after=2026-05-07 00:00:00+00:00
[2026-05-07T21:52:14.063+0000] {processor.py:183} INFO - Processing /home/airflow/.local/lib/python3.12/site-packages/airflow/example_dags/example_setup_teardown.py took 0.075 seconds
[2026-05-07T21:52:44.255+0000] {processor.py:161} INFO - Started process (PID=11012) to work on /home/airflow/.local/lib/python3.12/site-packages/airflow/example_dags/example_setup_teardown.py
[2026-05-07T21:52:44.257+0000] {processor.py:830} INFO - Processing file /home/airflow/.local/lib/python3.12/site-packages/airflow/example_dags/example_setup_teardown.py for tasks to queue
[2026-05-07T21:52:44.260+0000] {logging_mixin.py:188} INFO - [2026-05-07T21:52:44.259+0000] {dagbag.py:545} INFO - Filling up the DagBag from /home/airflow/.local/lib/python3.12/site-packages/airflow/example_dags/example_setup_teardown.py
[2026-05-07T21:52:44.267+0000] {processor.py:840} INFO - DAG(s) 'example_setup_teardown' retrieved from /home/airflow/.local/lib/python3.12/site-packages/airflow/example_dags/example_setup_teardown.py
[2026-05-07T21:52:44.287+0000] {logging_mixin.py:188} INFO - [2026-05-07T21:52:44.287+0000] {dag.py:3096} INFO - Sync 1 DAGs
[2026-05-07T21:52:44.308+0000] {logging_mixin.py:188} INFO - [2026-05-07T21:52:44.308+0000] {dag.py:3954} INFO - Setting next_dagrun for example_setup_teardown to 2026-05-06 00:00:00+00:00, run_after=2026-05-07 00:00:00+00:00
[2026-05-07T21:52:44.330+0000] {processor.py:183} INFO - Processing /home/airflow/.local/lib/python3.12/site-packages/airflow/example_dags/example_setup_teardown.py took 0.083 seconds
[2026-05-07T21:53:14.627+0000] {processor.py:161} INFO - Started process (PID=11071) to work on /home/airflow/.local/lib/python3.12/site-packages/airflow/example_dags/example_setup_teardown.py
[2026-05-07T21:53:14.629+0000] {processor.py:830} INFO - Processing file /home/airflow/.local/lib/python3.12/site-packages/airflow/example_dags/example_setup_teardown.py for tasks to queue
[2026-05-07T21:53:14.631+0000] {logging_mixin.py:188} INFO - [2026-05-07T21:53:14.631+0000] {dagbag.py:545} INFO - Filling up the DagBag from /home/airflow/.local/lib/python3.12/site-packages/airflow/example_dags/example_setup_teardown.py
[2026-05-07T21:53:14.637+0000] {processor.py:840} INFO - DAG(s) 'example_setup_teardown' retrieved from /home/airflow/.local/lib/python3.12/site-packages/airflow/example_dags/example_setup_teardown.py
[2026-05-07T21:53:14.661+0000] {logging_mixin.py:188} INFO - [2026-05-07T21:53:14.661+0000] {dag.py:3096} INFO - Sync 1 DAGs
[2026-05-07T21:53:14.683+0000] {logging_mixin.py:188} INFO - [2026-05-07T21:53:14.683+0000] {dag.py:3954} INFO - Setting next_dagrun for example_setup_teardown to 2026-05-06 00:00:00+00:00, run_after=2026-05-07 00:00:00+00:00
[2026-05-07T21:53:14.703+0000] {processor.py:183} INFO - Processing /home/airflow/.local/lib/python3.12/site-packages/airflow/example_dags/example_setup_teardown.py took 0.083 seconds
[2026-05-07T21:53:44.781+0000] {processor.py:161} INFO - Started process (PID=11129) to work on /home/airflow/.local/lib/python3.12/site-packages/airflow/example_dags/example_setup_teardown.py
[2026-05-07T21:53:44.783+0000] {processor.py:830} INFO - Processing file /home/airflow/.local/lib/python3.12/site-packages/airflow/example_dags/example_setup_teardown.py for tasks to queue
[2026-05-07T21:53:44.785+0000] {logging_mixin.py:188} INFO - [2026-05-07T21:53:44.785+0000] {dagbag.py:545} INFO - Filling up the DagBag from /home/airflow/.local/lib/python3.12/site-packages/airflow/example_dags/example_setup_teardown.py
[2026-05-07T21:53:44.793+0000] {processor.py:840} INFO - DAG(s) 'example_setup_teardown' retrieved from /home/airflow/.local/lib/python3.12/site-packages/airflow/example_dags/example_setup_teardown.py
[2026-05-07T21:53:44.815+0000] {logging_mixin.py:188} INFO - [2026-05-07T21:53:44.814+0000] {dag.py:3096} INFO - Sync 1 DAGs
[2026-05-07T21:53:44.834+0000] {logging_mixin.py:188} INFO - [2026-05-07T21:53:44.833+0000] {dag.py:3954} INFO - Setting next_dagrun for example_setup_teardown to 2026-05-06 00:00:00+00:00, run_after=2026-05-07 00:00:00+00:00
[2026-05-07T21:53:44.853+0000] {processor.py:183} INFO - Processing /home/airflow/.local/lib/python3.12/site-packages/airflow/example_dags/example_setup_teardown.py took 0.078 seconds
[2026-05-07T21:54:15.236+0000] {processor.py:161} INFO - Started process (PID=11187) to work on /home/airflow/.local/lib/python3.12/site-packages/airflow/example_dags/example_setup_teardown.py
[2026-05-07T21:54:15.238+0000] {processor.py:830} INFO - Processing file /home/airflow/.local/lib/python3.12/site-packages/airflow/example_dags/example_setup_teardown.py for tasks to queue
[2026-05-07T21:54:15.241+0000] {logging_mixin.py:188} INFO - [2026-05-07T21:54:15.240+0000] {dagbag.py:545} INFO - Filling up the DagBag from /home/airflow/.local/lib/python3.12/site-packages/airflow/example_dags/example_setup_teardown.py
[2026-05-07T21:54:15.248+0000] {processor.py:840} INFO - DAG(s) 'example_setup_teardown' retrieved from /home/airflow/.local/lib/python3.12/site-packages/airflow/example_dags/example_setup_teardown.py
[2026-05-07T21:54:15.271+0000] {logging_mixin.py:188} INFO - [2026-05-07T21:54:15.271+0000] {dag.py:3096} INFO - Sync 1 DAGs
[2026-05-07T21:54:15.293+0000] {logging_mixin.py:188} INFO - [2026-05-07T21:54:15.292+0000] {dag.py:3954} INFO - Setting next_dagrun for example_setup_teardown to 2026-05-06 00:00:00+00:00, run_after=2026-05-07 00:00:00+00:00
[2026-05-07T21:54:15.315+0000] {processor.py:183} INFO - Processing /home/airflow/.local/lib/python3.12/site-packages/airflow/example_dags/example_setup_teardown.py took 0.084 seconds
[2026-05-07T21:54:45.386+0000] {processor.py:161} INFO - Started process (PID=11244) to work on /home/airflow/.local/lib/python3.12/site-packages/airflow/example_dags/example_setup_teardown.py
[2026-05-07T21:54:45.387+0000] {processor.py:830} INFO - Processing file /home/airflow/.local/lib/python3.12/site-packages/airflow/example_dags/example_setup_teardown.py for tasks to queue
[2026-05-07T21:54:45.390+0000] {logging_mixin.py:188} INFO - [2026-05-07T21:54:45.389+0000] {dagbag.py:545} INFO - Filling up the DagBag from /home/airflow/.local/lib/python3.12/site-packages/airflow/example_dags/example_setup_teardown.py
[2026-05-07T21:54:45.396+0000] {processor.py:840} INFO - DAG(s) 'example_setup_teardown' retrieved from /home/airflow/.local/lib/python3.12/site-packages/airflow/example_dags/example_setup_teardown.py
[2026-05-07T21:54:45.416+0000] {logging_mixin.py:188} INFO - [2026-05-07T21:54:45.415+0000] {dag.py:3096} INFO - Sync 1 DAGs
[2026-05-07T21:54:45.456+0000] {logging_mixin.py:188} INFO - [2026-05-07T21:54:45.456+0000] {dag.py:3954} INFO - Setting next_dagrun for example_setup_teardown to 2026-05-06 00:00:00+00:00, run_after=2026-05-07 00:00:00+00:00
[2026-05-07T21:54:45.486+0000] {processor.py:183} INFO - Processing /home/airflow/.local/lib/python3.12/site-packages/airflow/example_dags/example_setup_teardown.py took 0.105 seconds
[2026-05-07T21:55:15.711+0000] {processor.py:161} INFO - Started process (PID=11302) to work on /home/airflow/.local/lib/python3.12/site-packages/airflow/example_dags/example_setup_teardown.py
[2026-05-07T21:55:15.713+0000] {processor.py:830} INFO - Processing file /home/airflow/.local/lib/python3.12/site-packages/airflow/example_dags/example_setup_teardown.py for tasks to queue
[2026-05-07T21:55:15.715+0000] {logging_mixin.py:188} INFO - [2026-05-07T21:55:15.715+0000] {dagbag.py:545} INFO - Filling up the DagBag from /home/airflow/.local/lib/python3.12/site-packages/airflow/example_dags/example_setup_teardown.py
[2026-05-07T21:55:15.723+0000] {processor.py:840} INFO - DAG(s) 'example_setup_teardown' retrieved from /home/airflow/.local/lib/python3.12/site-packages/airflow/example_dags/example_setup_teardown.py
[2026-05-07T21:55:15.751+0000] {logging_mixin.py:188} INFO - [2026-05-07T21:55:15.750+0000] {dag.py:3096} INFO - Sync 1 DAGs
[2026-05-07T21:55:15.776+0000] {logging_mixin.py:188} INFO - [2026-05-07T21:55:15.776+0000] {dag.py:3954} INFO - Setting next_dagrun for example_setup_teardown to 2026-05-06 00:00:00+00:00, run_after=2026-05-07 00:00:00+00:00
[2026-05-07T21:55:15.799+0000] {processor.py:183} INFO - Processing /home/airflow/.local/lib/python3.12/site-packages/airflow/example_dags/example_setup_teardown.py took 0.095 seconds
[2026-05-07T21:55:46.149+0000] {processor.py:161} INFO - Started process (PID=11361) to work on /home/airflow/.local/lib/python3.12/site-packages/airflow/example_dags/example_setup_teardown.py
[2026-05-07T21:55:46.150+0000] {processor.py:830} INFO - Processing file /home/airflow/.local/lib/python3.12/site-packages/airflow/example_dags/example_setup_teardown.py for tasks to queue
[2026-05-07T21:55:46.153+0000] {logging_mixin.py:188} INFO - [2026-05-07T21:55:46.152+0000] {dagbag.py:545} INFO - Filling up the DagBag from /home/airflow/.local/lib/python3.12/site-packages/airflow/example_dags/example_setup_teardown.py
[2026-05-07T21:55:46.159+0000] {processor.py:840} INFO - DAG(s) 'example_setup_teardown' retrieved from /home/airflow/.local/lib/python3.12/site-packages/airflow/example_dags/example_setup_teardown.py
[2026-05-07T21:55:46.178+0000] {logging_mixin.py:188} INFO - [2026-05-07T21:55:46.178+0000] {dag.py:3096} INFO - Sync 1 DAGs
[2026-05-07T21:55:46.197+0000] {logging_mixin.py:188} INFO - [2026-05-07T21:55:46.197+0000] {dag.py:3954} INFO - Setting next_dagrun for example_setup_teardown to 2026-05-06 00:00:00+00:00, run_after=2026-05-07 00:00:00+00:00
[2026-05-07T21:55:46.221+0000] {processor.py:183} INFO - Processing /home/airflow/.local/lib/python3.12/site-packages/airflow/example_dags/example_setup_teardown.py took 0.078 seconds
[2026-05-07T21:56:16.831+0000] {processor.py:161} INFO - Started process (PID=11419) to work on /home/airflow/.local/lib/python3.12/site-packages/airflow/example_dags/example_setup_teardown.py
[2026-05-07T21:56:16.833+0000] {processor.py:830} INFO - Processing file /home/airflow/.local/lib/python3.12/site-packages/airflow/example_dags/example_setup_teardown.py for tasks to queue
[2026-05-07T21:56:16.837+0000] {logging_mixin.py:188} INFO - [2026-05-07T21:56:16.836+0000] {dagbag.py:545} INFO - Filling up the DagBag from /home/airflow/.local/lib/python3.12/site-packages/airflow/example_dags/example_setup_teardown.py
[2026-05-07T21:56:16.846+0000] {processor.py:840} INFO - DAG(s) 'example_setup_teardown' retrieved from /home/airflow/.local/lib/python3.12/site-packages/airflow/example_dags/example_setup_teardown.py
[2026-05-07T21:56:16.873+0000] {logging_mixin.py:188} INFO - [2026-05-07T21:56:16.873+0000] {dag.py:3096} INFO - Sync 1 DAGs
[2026-05-07T21:56:16.902+0000] {logging_mixin.py:188} INFO - [2026-05-07T21:56:16.902+0000] {dag.py:3954} INFO - Setting next_dagrun for example_setup_teardown to 2026-05-06 00:00:00+00:00, run_after=2026-05-07 00:00:00+00:00
[2026-05-07T21:56:16.931+0000] {processor.py:183} INFO - Processing /home/airflow/.local/lib/python3.12/site-packages/airflow/example_dags/example_setup_teardown.py took 0.108 seconds
[2026-05-07T21:56:47.023+0000] {processor.py:161} INFO - Started process (PID=11474) to work on /home/airflow/.local/lib/python3.12/site-packages/airflow/example_dags/example_setup_teardown.py
[2026-05-07T21:56:47.025+0000] {processor.py:830} INFO - Processing file /home/airflow/.local/lib/python3.12/site-packages/airflow/example_dags/example_setup_teardown.py for tasks to queue
[2026-05-07T21:56:47.027+0000] {logging_mixin.py:188} INFO - [2026-05-07T21:56:47.027+0000] {dagbag.py:545} INFO - Filling up the DagBag from /home/airflow/.local/lib/python3.12/site-packages/airflow/example_dags/example_setup_teardown.py
[2026-05-07T21:56:47.034+0000] {processor.py:840} INFO - DAG(s) 'example_setup_teardown' retrieved from /home/airflow/.local/lib/python3.12/site-packages/airflow/example_dags/example_setup_teardown.py
[2026-05-07T21:56:47.057+0000] {logging_mixin.py:188} INFO - [2026-05-07T21:56:47.056+0000] {dag.py:3096} INFO - Sync 1 DAGs
[2026-05-07T21:56:47.081+0000] {logging_mixin.py:188} INFO - [2026-05-07T21:56:47.081+0000] {dag.py:3954} INFO - Setting next_dagrun for example_setup_teardown to 2026-05-06 00:00:00+00:00, run_after=2026-05-07 00:00:00+00:00
[2026-05-07T21:56:47.108+0000] {processor.py:183} INFO - Processing /home/airflow/.local/lib/python3.12/site-packages/airflow/example_dags/example_setup_teardown.py took 0.090 seconds
[2026-05-07T21:57:17.148+0000] {processor.py:161} INFO - Started process (PID=11532) to work on /home/airflow/.local/lib/python3.12/site-packages/airflow/example_dags/example_setup_teardown.py
[2026-05-07T21:57:17.149+0000] {processor.py:830} INFO - Processing file /home/airflow/.local/lib/python3.12/site-packages/airflow/example_dags/example_setup_teardown.py for tasks to queue
[2026-05-07T21:57:17.151+0000] {logging_mixin.py:188} INFO - [2026-05-07T21:57:17.151+0000] {dagbag.py:545} INFO - Filling up the DagBag from /home/airflow/.local/lib/python3.12/site-packages/airflow/example_dags/example_setup_teardown.py
[2026-05-07T21:57:17.158+0000] {processor.py:840} INFO - DAG(s) 'example_setup_teardown' retrieved from /home/airflow/.local/lib/python3.12/site-packages/airflow/example_dags/example_setup_teardown.py
[2026-05-07T21:57:17.178+0000] {logging_mixin.py:188} INFO - [2026-05-07T21:57:17.178+0000] {dag.py:3096} INFO - Sync 1 DAGs
[2026-05-07T21:57:17.197+0000] {logging_mixin.py:188} INFO - [2026-05-07T21:57:17.197+0000] {dag.py:3954} INFO - Setting next_dagrun for example_setup_teardown to 2026-05-06 00:00:00+00:00, run_after=2026-05-07 00:00:00+00:00
[2026-05-07T21:57:17.219+0000] {processor.py:183} INFO - Processing /home/airflow/.local/lib/python3.12/site-packages/airflow/example_dags/example_setup_teardown.py took 0.076 seconds
[2026-05-07T21:57:47.374+0000] {processor.py:161} INFO - Started process (PID=11589) to work on /home/airflow/.local/lib/python3.12/site-packages/airflow/example_dags/example_setup_teardown.py
[2026-05-07T21:57:47.375+0000] {processor.py:830} INFO - Processing file /home/airflow/.local/lib/python3.12/site-packages/airflow/example_dags/example_setup_teardown.py for tasks to queue
[2026-05-07T21:57:47.377+0000] {logging_mixin.py:188} INFO - [2026-05-07T21:57:47.377+0000] {dagbag.py:545} INFO - Filling up the DagBag from /home/airflow/.local/lib/python3.12/site-packages/airflow/example_dags/example_setup_teardown.py
[2026-05-07T21:57:47.384+0000] {processor.py:840} INFO - DAG(s) 'example_setup_teardown' retrieved from /home/airflow/.local/lib/python3.12/site-packages/airflow/example_dags/example_setup_teardown.py
[2026-05-07T21:57:47.406+0000] {logging_mixin.py:188} INFO - [2026-05-07T21:57:47.406+0000] {dag.py:3096} INFO - Sync 1 DAGs
[2026-05-07T21:57:47.427+0000] {logging_mixin.py:188} INFO - [2026-05-07T21:57:47.427+0000] {dag.py:3954} INFO - Setting next_dagrun for example_setup_teardown to 2026-05-06 00:00:00+00:00, run_after=2026-05-07 00:00:00+00:00
[2026-05-07T21:57:47.450+0000] {processor.py:183} INFO - Processing /home/airflow/.local/lib/python3.12/site-packages/airflow/example_dags/example_setup_teardown.py took 0.083 seconds
[2026-05-07T21:58:17.547+0000] {processor.py:161} INFO - Started process (PID=11647) to work on /home/airflow/.local/lib/python3.12/site-packages/airflow/example_dags/example_setup_teardown.py
[2026-05-07T21:58:17.548+0000] {processor.py:830} INFO - Processing file /home/airflow/.local/lib/python3.12/site-packages/airflow/example_dags/example_setup_teardown.py for tasks to queue
[2026-05-07T21:58:17.550+0000] {logging_mixin.py:188} INFO - [2026-05-07T21:58:17.550+0000] {dagbag.py:545} INFO - Filling up the DagBag from /home/airflow/.local/lib/python3.12/site-packages/airflow/example_dags/example_setup_teardown.py
[2026-05-07T21:58:17.556+0000] {processor.py:840} INFO - DAG(s) 'example_setup_teardown' retrieved from /home/airflow/.local/lib/python3.12/site-packages/airflow/example_dags/example_setup_teardown.py
[2026-05-07T21:58:17.577+0000] {logging_mixin.py:188} INFO - [2026-05-07T21:58:17.577+0000] {dag.py:3096} INFO - Sync 1 DAGs
[2026-05-07T21:58:17.595+0000] {logging_mixin.py:188} INFO - [2026-05-07T21:58:17.595+0000] {dag.py:3954} INFO - Setting next_dagrun for example_setup_teardown to 2026-05-06 00:00:00+00:00, run_after=2026-05-07 00:00:00+00:00
[2026-05-07T21:58:17.617+0000] {processor.py:183} INFO - Processing /home/airflow/.local/lib/python3.12/site-packages/airflow/example_dags/example_setup_teardown.py took 0.076 seconds
[2026-05-07T21:58:47.790+0000] {processor.py:161} INFO - Started process (PID=11705) to work on /home/airflow/.local/lib/python3.12/site-packages/airflow/example_dags/example_setup_teardown.py
[2026-05-07T21:58:47.791+0000] {processor.py:830} INFO - Processing file /home/airflow/.local/lib/python3.12/site-packages/airflow/example_dags/example_setup_teardown.py for tasks to queue
[2026-05-07T21:58:47.793+0000] {logging_mixin.py:188} INFO - [2026-05-07T21:58:47.793+0000] {dagbag.py:545} INFO - Filling up the DagBag from /home/airflow/.local/lib/python3.12/site-packages/airflow/example_dags/example_setup_teardown.py
[2026-05-07T21:58:47.800+0000] {processor.py:840} INFO - DAG(s) 'example_setup_teardown' retrieved from /home/airflow/.local/lib/python3.12/site-packages/airflow/example_dags/example_setup_teardown.py
[2026-05-07T21:58:47.820+0000] {logging_mixin.py:188} INFO - [2026-05-07T21:58:47.820+0000] {dag.py:3096} INFO - Sync 1 DAGs
[2026-05-07T21:58:47.840+0000] {logging_mixin.py:188} INFO - [2026-05-07T21:58:47.839+0000] {dag.py:3954} INFO - Setting next_dagrun for example_setup_teardown to 2026-05-06 00:00:00+00:00, run_after=2026-05-07 00:00:00+00:00
[2026-05-07T21:58:47.861+0000] {processor.py:183} INFO - Processing /home/airflow/.local/lib/python3.12/site-packages/airflow/example_dags/example_setup_teardown.py took 0.076 seconds
[2026-05-07T21:59:18.326+0000] {processor.py:161} INFO - Started process (PID=11763) to work on /home/airflow/.local/lib/python3.12/site-packages/airflow/example_dags/example_setup_teardown.py
[2026-05-07T21:59:18.327+0000] {processor.py:830} INFO - Processing file /home/airflow/.local/lib/python3.12/site-packages/airflow/example_dags/example_setup_teardown.py for tasks to queue
[2026-05-07T21:59:18.330+0000] {logging_mixin.py:188} INFO - [2026-05-07T21:59:18.329+0000] {dagbag.py:545} INFO - Filling up the DagBag from /home/airflow/.local/lib/python3.12/site-packages/airflow/example_dags/example_setup_teardown.py
[2026-05-07T21:59:18.337+0000] {processor.py:840} INFO - DAG(s) 'example_setup_teardown' retrieved from /home/airflow/.local/lib/python3.12/site-packages/airflow/example_dags/example_setup_teardown.py
[2026-05-07T21:59:18.358+0000] {logging_mixin.py:188} INFO - [2026-05-07T21:59:18.357+0000] {dag.py:3096} INFO - Sync 1 DAGs
[2026-05-07T21:59:18.376+0000] {logging_mixin.py:188} INFO - [2026-05-07T21:59:18.376+0000] {dag.py:3954} INFO - Setting next_dagrun for example_setup_teardown to 2026-05-06 00:00:00+00:00, run_after=2026-05-07 00:00:00+00:00
[2026-05-07T21:59:18.396+0000] {processor.py:183} INFO - Processing /home/airflow/.local/lib/python3.12/site-packages/airflow/example_dags/example_setup_teardown.py took 0.076 seconds
[2026-05-07T21:59:48.650+0000] {processor.py:161} INFO - Started process (PID=11821) to work on /home/airflow/.local/lib/python3.12/site-packages/airflow/example_dags/example_setup_teardown.py
[2026-05-07T21:59:48.651+0000] {processor.py:830} INFO - Processing file /home/airflow/.local/lib/python3.12/site-packages/airflow/example_dags/example_setup_teardown.py for tasks to queue
[2026-05-07T21:59:48.653+0000] {logging_mixin.py:188} INFO - [2026-05-07T21:59:48.653+0000] {dagbag.py:545} INFO - Filling up the DagBag from /home/airflow/.local/lib/python3.12/site-packages/airflow/example_dags/example_setup_teardown.py
[2026-05-07T21:59:48.662+0000] {processor.py:840} INFO - DAG(s) 'example_setup_teardown' retrieved from /home/airflow/.local/lib/python3.12/site-packages/airflow/example_dags/example_setup_teardown.py
[2026-05-07T21:59:48.682+0000] {logging_mixin.py:188} INFO - [2026-05-07T21:59:48.682+0000] {dag.py:3096} INFO - Sync 1 DAGs
[2026-05-07T21:59:48.701+0000] {logging_mixin.py:188} INFO - [2026-05-07T21:59:48.701+0000] {dag.py:3954} INFO - Setting next_dagrun for example_setup_teardown to 2026-05-06 00:00:00+00:00, run_after=2026-05-07 00:00:00+00:00
[2026-05-07T21:59:48.719+0000] {processor.py:183} INFO - Processing /home/airflow/.local/lib/python3.12/site-packages/airflow/example_dags/example_setup_teardown.py took 0.075 seconds
[2026-05-07T22:00:18.904+0000] {processor.py:161} INFO - Started process (PID=11879) to work on /home/airflow/.local/lib/python3.12/site-packages/airflow/example_dags/example_setup_teardown.py
[2026-05-07T22:00:18.905+0000] {processor.py:830} INFO - Processing file /home/airflow/.local/lib/python3.12/site-packages/airflow/example_dags/example_setup_teardown.py for tasks to queue
[2026-05-07T22:00:18.907+0000] {logging_mixin.py:188} INFO - [2026-05-07T22:00:18.907+0000] {dagbag.py:545} INFO - Filling up the DagBag from /home/airflow/.local/lib/python3.12/site-packages/airflow/example_dags/example_setup_teardown.py
[2026-05-07T22:00:18.914+0000] {processor.py:840} INFO - DAG(s) 'example_setup_teardown' retrieved from /home/airflow/.local/lib/python3.12/site-packages/airflow/example_dags/example_setup_teardown.py
[2026-05-07T22:00:18.939+0000] {logging_mixin.py:188} INFO - [2026-05-07T22:00:18.938+0000] {dag.py:3096} INFO - Sync 1 DAGs
[2026-05-07T22:00:18.962+0000] {logging_mixin.py:188} INFO - [2026-05-07T22:00:18.962+0000] {dag.py:3954} INFO - Setting next_dagrun for example_setup_teardown to 2026-05-06 00:00:00+00:00, run_after=2026-05-07 00:00:00+00:00
[2026-05-07T22:00:18.986+0000] {processor.py:183} INFO - Processing /home/airflow/.local/lib/python3.12/site-packages/airflow/example_dags/example_setup_teardown.py took 0.088 seconds
[2026-05-07T22:00:49.775+0000] {processor.py:161} INFO - Started process (PID=11943) to work on /home/airflow/.local/lib/python3.12/site-packages/airflow/example_dags/example_setup_teardown.py
[2026-05-07T22:00:49.776+0000] {processor.py:830} INFO - Processing file /home/airflow/.local/lib/python3.12/site-packages/airflow/example_dags/example_setup_teardown.py for tasks to queue
[2026-05-07T22:00:49.778+0000] {logging_mixin.py:188} INFO - [2026-05-07T22:00:49.778+0000] {dagbag.py:545} INFO - Filling up the DagBag from /home/airflow/.local/lib/python3.12/site-packages/airflow/example_dags/example_setup_teardown.py
[2026-05-07T22:00:49.785+0000] {processor.py:840} INFO - DAG(s) 'example_setup_teardown' retrieved from /home/airflow/.local/lib/python3.12/site-packages/airflow/example_dags/example_setup_teardown.py
[2026-05-07T22:00:49.803+0000] {logging_mixin.py:188} INFO - [2026-05-07T22:00:49.803+0000] {dag.py:3096} INFO - Sync 1 DAGs
[2026-05-07T22:00:49.935+0000] {logging_mixin.py:188} INFO - [2026-05-07T22:00:49.935+0000] {dag.py:3954} INFO - Setting next_dagrun for example_setup_teardown to 2026-05-06 00:00:00+00:00, run_after=2026-05-07 00:00:00+00:00
[2026-05-07T22:00:49.957+0000] {processor.py:183} INFO - Processing /home/airflow/.local/lib/python3.12/site-packages/airflow/example_dags/example_setup_teardown.py took 0.187 seconds
[2026-05-07T22:01:20.150+0000] {processor.py:161} INFO - Started process (PID=12001) to work on /home/airflow/.local/lib/python3.12/site-packages/airflow/example_dags/example_setup_teardown.py
[2026-05-07T22:01:20.151+0000] {processor.py:830} INFO - Processing file /home/airflow/.local/lib/python3.12/site-packages/airflow/example_dags/example_setup_teardown.py for tasks to queue
[2026-05-07T22:01:20.153+0000] {logging_mixin.py:188} INFO - [2026-05-07T22:01:20.152+0000] {dagbag.py:545} INFO - Filling up the DagBag from /home/airflow/.local/lib/python3.12/site-packages/airflow/example_dags/example_setup_teardown.py
[2026-05-07T22:01:20.160+0000] {processor.py:840} INFO - DAG(s) 'example_setup_teardown' retrieved from /home/airflow/.local/lib/python3.12/site-packages/airflow/example_dags/example_setup_teardown.py
[2026-05-07T22:01:20.179+0000] {logging_mixin.py:188} INFO - [2026-05-07T22:01:20.179+0000] {dag.py:3096} INFO - Sync 1 DAGs
[2026-05-07T22:01:20.198+0000] {logging_mixin.py:188} INFO - [2026-05-07T22:01:20.197+0000] {dag.py:3954} INFO - Setting next_dagrun for example_setup_teardown to 2026-05-06 00:00:00+00:00, run_after=2026-05-07 00:00:00+00:00
[2026-05-07T22:01:20.333+0000] {processor.py:183} INFO - Processing /home/airflow/.local/lib/python3.12/site-packages/airflow/example_dags/example_setup_teardown.py took 0.189 seconds
[2026-05-07T22:01:51.069+0000] {processor.py:161} INFO - Started process (PID=12059) to work on /home/airflow/.local/lib/python3.12/site-packages/airflow/example_dags/example_setup_teardown.py
[2026-05-07T22:01:51.070+0000] {processor.py:830} INFO - Processing file /home/airflow/.local/lib/python3.12/site-packages/airflow/example_dags/example_setup_teardown.py for tasks to queue
[2026-05-07T22:01:51.073+0000] {logging_mixin.py:188} INFO - [2026-05-07T22:01:51.072+0000] {dagbag.py:545} INFO - Filling up the DagBag from /home/airflow/.local/lib/python3.12/site-packages/airflow/example_dags/example_setup_teardown.py
[2026-05-07T22:01:51.080+0000] {processor.py:840} INFO - DAG(s) 'example_setup_teardown' retrieved from /home/airflow/.local/lib/python3.12/site-packages/airflow/example_dags/example_setup_teardown.py
[2026-05-07T22:01:51.101+0000] {logging_mixin.py:188} INFO - [2026-05-07T22:01:51.100+0000] {dag.py:3096} INFO - Sync 1 DAGs
[2026-05-07T22:01:51.119+0000] {logging_mixin.py:188} INFO - [2026-05-07T22:01:51.119+0000] {dag.py:3954} INFO - Setting next_dagrun for example_setup_teardown to 2026-05-06 00:00:00+00:00, run_after=2026-05-07 00:00:00+00:00
[2026-05-07T22:01:51.185+0000] {processor.py:183} INFO - Processing /home/airflow/.local/lib/python3.12/site-packages/airflow/example_dags/example_setup_teardown.py took 0.122 seconds
[2026-05-07T22:02:21.836+0000] {processor.py:161} INFO - Started process (PID=12117) to work on /home/airflow/.local/lib/python3.12/site-packages/airflow/example_dags/example_setup_teardown.py
[2026-05-07T22:02:21.837+0000] {processor.py:830} INFO - Processing file /home/airflow/.local/lib/python3.12/site-packages/airflow/example_dags/example_setup_teardown.py for tasks to queue
[2026-05-07T22:02:21.839+0000] {logging_mixin.py:188} INFO - [2026-05-07T22:02:21.839+0000] {dagbag.py:545} INFO - Filling up the DagBag from /home/airflow/.local/lib/python3.12/site-packages/airflow/example_dags/example_setup_teardown.py
[2026-05-07T22:02:21.846+0000] {processor.py:840} INFO - DAG(s) 'example_setup_teardown' retrieved from /home/airflow/.local/lib/python3.12/site-packages/airflow/example_dags/example_setup_teardown.py
[2026-05-07T22:02:21.864+0000] {logging_mixin.py:188} INFO - [2026-05-07T22:02:21.864+0000] {dag.py:3096} INFO - Sync 1 DAGs
[2026-05-07T22:02:21.881+0000] {logging_mixin.py:188} INFO - [2026-05-07T22:02:21.881+0000] {dag.py:3954} INFO - Setting next_dagrun for example_setup_teardown to 2026-05-06 00:00:00+00:00, run_after=2026-05-07 00:00:00+00:00
[2026-05-07T22:02:21.901+0000] {processor.py:183} INFO - Processing /home/airflow/.local/lib/python3.12/site-packages/airflow/example_dags/example_setup_teardown.py took 0.070 seconds
[2026-05-07T22:02:52.662+0000] {processor.py:161} INFO - Started process (PID=12175) to work on /home/airflow/.local/lib/python3.12/site-packages/airflow/example_dags/example_setup_teardown.py
[2026-05-07T22:02:52.663+0000] {processor.py:830} INFO - Processing file /home/airflow/.local/lib/python3.12/site-packages/airflow/example_dags/example_setup_teardown.py for tasks to queue
[2026-05-07T22:02:52.666+0000] {logging_mixin.py:188} INFO - [2026-05-07T22:02:52.665+0000] {dagbag.py:545} INFO - Filling up the DagBag from /home/airflow/.local/lib/python3.12/site-packages/airflow/example_dags/example_setup_teardown.py
[2026-05-07T22:02:52.672+0000] {processor.py:840} INFO - DAG(s) 'example_setup_teardown' retrieved from /home/airflow/.local/lib/python3.12/site-packages/airflow/example_dags/example_setup_teardown.py
[2026-05-07T22:02:52.693+0000] {logging_mixin.py:188} INFO - [2026-05-07T22:02:52.692+0000] {dag.py:3096} INFO - Sync 1 DAGs
[2026-05-07T22:02:52.711+0000] {logging_mixin.py:188} INFO - [2026-05-07T22:02:52.711+0000] {dag.py:3954} INFO - Setting next_dagrun for example_setup_teardown to 2026-05-06 00:00:00+00:00, run_after=2026-05-07 00:00:00+00:00
[2026-05-07T22:02:52.733+0000] {processor.py:183} INFO - Processing /home/airflow/.local/lib/python3.12/site-packages/airflow/example_dags/example_setup_teardown.py took 0.076 seconds
[2026-05-07T22:03:22.977+0000] {processor.py:161} INFO - Started process (PID=12233) to work on /home/airflow/.local/lib/python3.12/site-packages/airflow/example_dags/example_setup_teardown.py
[2026-05-07T22:03:22.978+0000] {processor.py:830} INFO - Processing file /home/airflow/.local/lib/python3.12/site-packages/airflow/example_dags/example_setup_teardown.py for tasks to queue
[2026-05-07T22:03:22.980+0000] {logging_mixin.py:188} INFO - [2026-05-07T22:03:22.980+0000] {dagbag.py:545} INFO - Filling up the DagBag from /home/airflow/.local/lib/python3.12/site-packages/airflow/example_dags/example_setup_teardown.py
[2026-05-07T22:03:22.986+0000] {processor.py:840} INFO - DAG(s) 'example_setup_teardown' retrieved from /home/airflow/.local/lib/python3.12/site-packages/airflow/example_dags/example_setup_teardown.py
[2026-05-07T22:03:23.005+0000] {logging_mixin.py:188} INFO - [2026-05-07T22:03:23.005+0000] {dag.py:3096} INFO - Sync 1 DAGs
[2026-05-07T22:03:23.024+0000] {logging_mixin.py:188} INFO - [2026-05-07T22:03:23.024+0000] {dag.py:3954} INFO - Setting next_dagrun for example_setup_teardown to 2026-05-06 00:00:00+00:00, run_after=2026-05-07 00:00:00+00:00
[2026-05-07T22:03:23.046+0000] {processor.py:183} INFO - Processing /home/airflow/.local/lib/python3.12/site-packages/airflow/example_dags/example_setup_teardown.py took 0.075 seconds
[2026-05-07T22:03:53.254+0000] {processor.py:161} INFO - Started process (PID=12291) to work on /home/airflow/.local/lib/python3.12/site-packages/airflow/example_dags/example_setup_teardown.py
[2026-05-07T22:03:53.255+0000] {processor.py:830} INFO - Processing file /home/airflow/.local/lib/python3.12/site-packages/airflow/example_dags/example_setup_teardown.py for tasks to queue
[2026-05-07T22:03:53.257+0000] {logging_mixin.py:188} INFO - [2026-05-07T22:03:53.257+0000] {dagbag.py:545} INFO - Filling up the DagBag from /home/airflow/.local/lib/python3.12/site-packages/airflow/example_dags/example_setup_teardown.py
[2026-05-07T22:03:53.264+0000] {processor.py:840} INFO - DAG(s) 'example_setup_teardown' retrieved from /home/airflow/.local/lib/python3.12/site-packages/airflow/example_dags/example_setup_teardown.py
[2026-05-07T22:03:53.284+0000] {logging_mixin.py:188} INFO - [2026-05-07T22:03:53.284+0000] {dag.py:3096} INFO - Sync 1 DAGs
[2026-05-07T22:03:53.303+0000] {logging_mixin.py:188} INFO - [2026-05-07T22:03:53.303+0000] {dag.py:3954} INFO - Setting next_dagrun for example_setup_teardown to 2026-05-06 00:00:00+00:00, run_after=2026-05-07 00:00:00+00:00
[2026-05-07T22:03:53.321+0000] {processor.py:183} INFO - Processing /home/airflow/.local/lib/python3.12/site-packages/airflow/example_dags/example_setup_teardown.py took 0.072 seconds
[2026-05-07T22:04:23.506+0000] {processor.py:161} INFO - Started process (PID=12349) to work on /home/airflow/.local/lib/python3.12/site-packages/airflow/example_dags/example_setup_teardown.py
[2026-05-07T22:04:23.507+0000] {processor.py:830} INFO - Processing file /home/airflow/.local/lib/python3.12/site-packages/airflow/example_dags/example_setup_teardown.py for tasks to queue
[2026-05-07T22:04:23.509+0000] {logging_mixin.py:188} INFO - [2026-05-07T22:04:23.509+0000] {dagbag.py:545} INFO - Filling up the DagBag from /home/airflow/.local/lib/python3.12/site-packages/airflow/example_dags/example_setup_teardown.py
[2026-05-07T22:04:23.516+0000] {processor.py:840} INFO - DAG(s) 'example_setup_teardown' retrieved from /home/airflow/.local/lib/python3.12/site-packages/airflow/example_dags/example_setup_teardown.py
[2026-05-07T22:04:23.535+0000] {logging_mixin.py:188} INFO - [2026-05-07T22:04:23.535+0000] {dag.py:3096} INFO - Sync 1 DAGs
[2026-05-07T22:04:23.553+0000] {logging_mixin.py:188} INFO - [2026-05-07T22:04:23.553+0000] {dag.py:3954} INFO - Setting next_dagrun for example_setup_teardown to 2026-05-06 00:00:00+00:00, run_after=2026-05-07 00:00:00+00:00
[2026-05-07T22:04:23.573+0000] {processor.py:183} INFO - Processing /home/airflow/.local/lib/python3.12/site-packages/airflow/example_dags/example_setup_teardown.py took 0.074 seconds
[2026-05-07T22:04:53.683+0000] {processor.py:161} INFO - Started process (PID=12407) to work on /home/airflow/.local/lib/python3.12/site-packages/airflow/example_dags/example_setup_teardown.py
[2026-05-07T22:04:53.685+0000] {processor.py:830} INFO - Processing file /home/airflow/.local/lib/python3.12/site-packages/airflow/example_dags/example_setup_teardown.py for tasks to queue
[2026-05-07T22:04:53.690+0000] {logging_mixin.py:188} INFO - [2026-05-07T22:04:53.690+0000] {dagbag.py:545} INFO - Filling up the DagBag from /home/airflow/.local/lib/python3.12/site-packages/airflow/example_dags/example_setup_teardown.py
[2026-05-07T22:04:53.701+0000] {processor.py:840} INFO - DAG(s) 'example_setup_teardown' retrieved from /home/airflow/.local/lib/python3.12/site-packages/airflow/example_dags/example_setup_teardown.py
[2026-05-07T22:04:53.735+0000] {logging_mixin.py:188} INFO - [2026-05-07T22:04:53.734+0000] {dag.py:3096} INFO - Sync 1 DAGs
[2026-05-07T22:04:53.770+0000] {logging_mixin.py:188} INFO - [2026-05-07T22:04:53.769+0000] {dag.py:3954} INFO - Setting next_dagrun for example_setup_teardown to 2026-05-06 00:00:00+00:00, run_after=2026-05-07 00:00:00+00:00
[2026-05-07T22:04:53.798+0000] {processor.py:183} INFO - Processing /home/airflow/.local/lib/python3.12/site-packages/airflow/example_dags/example_setup_teardown.py took 0.127 seconds
[2026-05-07T22:05:24.033+0000] {processor.py:161} INFO - Started process (PID=12465) to work on /home/airflow/.local/lib/python3.12/site-packages/airflow/example_dags/example_setup_teardown.py
[2026-05-07T22:05:24.034+0000] {processor.py:830} INFO - Processing file /home/airflow/.local/lib/python3.12/site-packages/airflow/example_dags/example_setup_teardown.py for tasks to queue
[2026-05-07T22:05:24.038+0000] {logging_mixin.py:188} INFO - [2026-05-07T22:05:24.037+0000] {dagbag.py:545} INFO - Filling up the DagBag from /home/airflow/.local/lib/python3.12/site-packages/airflow/example_dags/example_setup_teardown.py
[2026-05-07T22:05:24.056+0000] {processor.py:840} INFO - DAG(s) 'example_setup_teardown' retrieved from /home/airflow/.local/lib/python3.12/site-packages/airflow/example_dags/example_setup_teardown.py
[2026-05-07T22:05:24.097+0000] {logging_mixin.py:188} INFO - [2026-05-07T22:05:24.096+0000] {dag.py:3096} INFO - Sync 1 DAGs
[2026-05-07T22:05:24.149+0000] {logging_mixin.py:188} INFO - [2026-05-07T22:05:24.149+0000] {dag.py:3954} INFO - Setting next_dagrun for example_setup_teardown to 2026-05-06 00:00:00+00:00, run_after=2026-05-07 00:00:00+00:00
[2026-05-07T22:05:24.183+0000] {processor.py:183} INFO - Processing /home/airflow/.local/lib/python3.12/site-packages/airflow/example_dags/example_setup_teardown.py took 0.168 seconds
[2026-05-07T22:05:54.292+0000] {processor.py:161} INFO - Started process (PID=12523) to work on /home/airflow/.local/lib/python3.12/site-packages/airflow/example_dags/example_setup_teardown.py
[2026-05-07T22:05:54.293+0000] {processor.py:830} INFO - Processing file /home/airflow/.local/lib/python3.12/site-packages/airflow/example_dags/example_setup_teardown.py for tasks to queue
[2026-05-07T22:05:54.296+0000] {logging_mixin.py:188} INFO - [2026-05-07T22:05:54.295+0000] {dagbag.py:545} INFO - Filling up the DagBag from /home/airflow/.local/lib/python3.12/site-packages/airflow/example_dags/example_setup_teardown.py
[2026-05-07T22:05:54.313+0000] {processor.py:840} INFO - DAG(s) 'example_setup_teardown' retrieved from /home/airflow/.local/lib/python3.12/site-packages/airflow/example_dags/example_setup_teardown.py
[2026-05-07T22:05:54.336+0000] {logging_mixin.py:188} INFO - [2026-05-07T22:05:54.336+0000] {dag.py:3096} INFO - Sync 1 DAGs
[2026-05-07T22:05:54.357+0000] {logging_mixin.py:188} INFO - [2026-05-07T22:05:54.357+0000] {dag.py:3954} INFO - Setting next_dagrun for example_setup_teardown to 2026-05-06 00:00:00+00:00, run_after=2026-05-07 00:00:00+00:00
[2026-05-07T22:05:54.381+0000] {processor.py:183} INFO - Processing /home/airflow/.local/lib/python3.12/site-packages/airflow/example_dags/example_setup_teardown.py took 0.094 seconds
[2026-05-07T22:06:24.593+0000] {processor.py:161} INFO - Started process (PID=12581) to work on /home/airflow/.local/lib/python3.12/site-packages/airflow/example_dags/example_setup_teardown.py
[2026-05-07T22:06:24.600+0000] {processor.py:830} INFO - Processing file /home/airflow/.local/lib/python3.12/site-packages/airflow/example_dags/example_setup_teardown.py for tasks to queue
[2026-05-07T22:06:24.601+0000] {logging_mixin.py:188} INFO - [2026-05-07T22:06:24.601+0000] {dagbag.py:545} INFO - Filling up the DagBag from /home/airflow/.local/lib/python3.12/site-packages/airflow/example_dags/example_setup_teardown.py
[2026-05-07T22:06:24.609+0000] {processor.py:840} INFO - DAG(s) 'example_setup_teardown' retrieved from /home/airflow/.local/lib/python3.12/site-packages/airflow/example_dags/example_setup_teardown.py
[2026-05-07T22:06:24.630+0000] {logging_mixin.py:188} INFO - [2026-05-07T22:06:24.630+0000] {dag.py:3096} INFO - Sync 1 DAGs
[2026-05-07T22:06:24.653+0000] {logging_mixin.py:188} INFO - [2026-05-07T22:06:24.653+0000] {dag.py:3954} INFO - Setting next_dagrun for example_setup_teardown to 2026-05-06 00:00:00+00:00, run_after=2026-05-07 00:00:00+00:00
[2026-05-07T22:06:24.670+0000] {processor.py:183} INFO - Processing /home/airflow/.local/lib/python3.12/site-packages/airflow/example_dags/example_setup_teardown.py took 0.086 seconds
[2026-05-07T22:06:55.233+0000] {processor.py:161} INFO - Started process (PID=12639) to work on /home/airflow/.local/lib/python3.12/site-packages/airflow/example_dags/example_setup_teardown.py
[2026-05-07T22:06:55.234+0000] {processor.py:830} INFO - Processing file /home/airflow/.local/lib/python3.12/site-packages/airflow/example_dags/example_setup_teardown.py for tasks to queue
[2026-05-07T22:06:55.236+0000] {logging_mixin.py:188} INFO - [2026-05-07T22:06:55.236+0000] {dagbag.py:545} INFO - Filling up the DagBag from /home/airflow/.local/lib/python3.12/site-packages/airflow/example_dags/example_setup_teardown.py
[2026-05-07T22:06:55.243+0000] {processor.py:840} INFO - DAG(s) 'example_setup_teardown' retrieved from /home/airflow/.local/lib/python3.12/site-packages/airflow/example_dags/example_setup_teardown.py
[2026-05-07T22:06:55.264+0000] {logging_mixin.py:188} INFO - [2026-05-07T22:06:55.263+0000] {dag.py:3096} INFO - Sync 1 DAGs
[2026-05-07T22:06:55.283+0000] {logging_mixin.py:188} INFO - [2026-05-07T22:06:55.283+0000] {dag.py:3954} INFO - Setting next_dagrun for example_setup_teardown to 2026-05-06 00:00:00+00:00, run_after=2026-05-07 00:00:00+00:00
[2026-05-07T22:06:55.302+0000] {processor.py:183} INFO - Processing /home/airflow/.local/lib/python3.12/site-packages/airflow/example_dags/example_setup_teardown.py took 0.075 seconds
[2026-05-07T22:07:25.442+0000] {processor.py:161} INFO - Started process (PID=12697) to work on /home/airflow/.local/lib/python3.12/site-packages/airflow/example_dags/example_setup_teardown.py
[2026-05-07T22:07:25.444+0000] {processor.py:830} INFO - Processing file /home/airflow/.local/lib/python3.12/site-packages/airflow/example_dags/example_setup_teardown.py for tasks to queue
[2026-05-07T22:07:25.446+0000] {logging_mixin.py:188} INFO - [2026-05-07T22:07:25.446+0000] {dagbag.py:545} INFO - Filling up the DagBag from /home/airflow/.local/lib/python3.12/site-packages/airflow/example_dags/example_setup_teardown.py
[2026-05-07T22:07:25.454+0000] {processor.py:840} INFO - DAG(s) 'example_setup_teardown' retrieved from /home/airflow/.local/lib/python3.12/site-packages/airflow/example_dags/example_setup_teardown.py
[2026-05-07T22:07:25.475+0000] {logging_mixin.py:188} INFO - [2026-05-07T22:07:25.475+0000] {dag.py:3096} INFO - Sync 1 DAGs
[2026-05-07T22:07:25.496+0000] {logging_mixin.py:188} INFO - [2026-05-07T22:07:25.496+0000] {dag.py:3954} INFO - Setting next_dagrun for example_setup_teardown to 2026-05-06 00:00:00+00:00, run_after=2026-05-07 00:00:00+00:00
[2026-05-07T22:07:25.517+0000] {processor.py:183} INFO - Processing /home/airflow/.local/lib/python3.12/site-packages/airflow/example_dags/example_setup_teardown.py took 0.082 seconds
[2026-05-07T22:07:55.552+0000] {processor.py:161} INFO - Started process (PID=12755) to work on /home/airflow/.local/lib/python3.12/site-packages/airflow/example_dags/example_setup_teardown.py
[2026-05-07T22:07:55.554+0000] {processor.py:830} INFO - Processing file /home/airflow/.local/lib/python3.12/site-packages/airflow/example_dags/example_setup_teardown.py for tasks to queue
[2026-05-07T22:07:55.556+0000] {logging_mixin.py:188} INFO - [2026-05-07T22:07:55.556+0000] {dagbag.py:545} INFO - Filling up the DagBag from /home/airflow/.local/lib/python3.12/site-packages/airflow/example_dags/example_setup_teardown.py
[2026-05-07T22:07:55.562+0000] {processor.py:840} INFO - DAG(s) 'example_setup_teardown' retrieved from /home/airflow/.local/lib/python3.12/site-packages/airflow/example_dags/example_setup_teardown.py
[2026-05-07T22:07:55.582+0000] {logging_mixin.py:188} INFO - [2026-05-07T22:07:55.582+0000] {dag.py:3096} INFO - Sync 1 DAGs
[2026-05-07T22:07:55.601+0000] {logging_mixin.py:188} INFO - [2026-05-07T22:07:55.601+0000] {dag.py:3954} INFO - Setting next_dagrun for example_setup_teardown to 2026-05-06 00:00:00+00:00, run_after=2026-05-07 00:00:00+00:00
[2026-05-07T22:07:55.617+0000] {processor.py:183} INFO - Processing /home/airflow/.local/lib/python3.12/site-packages/airflow/example_dags/example_setup_teardown.py took 0.069 seconds
[2026-05-07T22:08:25.850+0000] {processor.py:161} INFO - Started process (PID=12813) to work on /home/airflow/.local/lib/python3.12/site-packages/airflow/example_dags/example_setup_teardown.py
[2026-05-07T22:08:25.851+0000] {processor.py:830} INFO - Processing file /home/airflow/.local/lib/python3.12/site-packages/airflow/example_dags/example_setup_teardown.py for tasks to queue
[2026-05-07T22:08:25.853+0000] {logging_mixin.py:188} INFO - [2026-05-07T22:08:25.853+0000] {dagbag.py:545} INFO - Filling up the DagBag from /home/airflow/.local/lib/python3.12/site-packages/airflow/example_dags/example_setup_teardown.py
[2026-05-07T22:08:25.859+0000] {processor.py:840} INFO - DAG(s) 'example_setup_teardown' retrieved from /home/airflow/.local/lib/python3.12/site-packages/airflow/example_dags/example_setup_teardown.py
[2026-05-07T22:08:25.881+0000] {logging_mixin.py:188} INFO - [2026-05-07T22:08:25.880+0000] {dag.py:3096} INFO - Sync 1 DAGs
[2026-05-07T22:08:25.905+0000] {logging_mixin.py:188} INFO - [2026-05-07T22:08:25.905+0000] {dag.py:3954} INFO - Setting next_dagrun for example_setup_teardown to 2026-05-06 00:00:00+00:00, run_after=2026-05-07 00:00:00+00:00
[2026-05-07T22:08:25.927+0000] {processor.py:183} INFO - Processing /home/airflow/.local/lib/python3.12/site-packages/airflow/example_dags/example_setup_teardown.py took 0.082 seconds
[2026-05-07T22:08:56.167+0000] {processor.py:161} INFO - Started process (PID=12871) to work on /home/airflow/.local/lib/python3.12/site-packages/airflow/example_dags/example_setup_teardown.py
[2026-05-07T22:08:56.168+0000] {processor.py:830} INFO - Processing file /home/airflow/.local/lib/python3.12/site-packages/airflow/example_dags/example_setup_teardown.py for tasks to queue
[2026-05-07T22:08:56.171+0000] {logging_mixin.py:188} INFO - [2026-05-07T22:08:56.171+0000] {dagbag.py:545} INFO - Filling up the DagBag from /home/airflow/.local/lib/python3.12/site-packages/airflow/example_dags/example_setup_teardown.py
[2026-05-07T22:08:56.179+0000] {processor.py:840} INFO - DAG(s) 'example_setup_teardown' retrieved from /home/airflow/.local/lib/python3.12/site-packages/airflow/example_dags/example_setup_teardown.py
[2026-05-07T22:08:56.211+0000] {logging_mixin.py:188} INFO - [2026-05-07T22:08:56.210+0000] {dag.py:3096} INFO - Sync 1 DAGs
[2026-05-07T22:08:56.235+0000] {logging_mixin.py:188} INFO - [2026-05-07T22:08:56.235+0000] {dag.py:3954} INFO - Setting next_dagrun for example_setup_teardown to 2026-05-06 00:00:00+00:00, run_after=2026-05-07 00:00:00+00:00
[2026-05-07T22:08:56.253+0000] {processor.py:183} INFO - Processing /home/airflow/.local/lib/python3.12/site-packages/airflow/example_dags/example_setup_teardown.py took 0.093 seconds
[2026-05-07T22:09:26.379+0000] {processor.py:161} INFO - Started process (PID=12929) to work on /home/airflow/.local/lib/python3.12/site-packages/airflow/example_dags/example_setup_teardown.py
[2026-05-07T22:09:26.381+0000] {processor.py:830} INFO - Processing file /home/airflow/.local/lib/python3.12/site-packages/airflow/example_dags/example_setup_teardown.py for tasks to queue
[2026-05-07T22:09:26.383+0000] {logging_mixin.py:188} INFO - [2026-05-07T22:09:26.382+0000] {dagbag.py:545} INFO - Filling up the DagBag from /home/airflow/.local/lib/python3.12/site-packages/airflow/example_dags/example_setup_teardown.py
[2026-05-07T22:09:26.391+0000] {processor.py:840} INFO - DAG(s) 'example_setup_teardown' retrieved from /home/airflow/.local/lib/python3.12/site-packages/airflow/example_dags/example_setup_teardown.py
[2026-05-07T22:09:26.410+0000] {logging_mixin.py:188} INFO - [2026-05-07T22:09:26.410+0000] {dag.py:3096} INFO - Sync 1 DAGs
[2026-05-07T22:09:26.428+0000] {logging_mixin.py:188} INFO - [2026-05-07T22:09:26.428+0000] {dag.py:3954} INFO - Setting next_dagrun for example_setup_teardown to 2026-05-06 00:00:00+00:00, run_after=2026-05-07 00:00:00+00:00
[2026-05-07T22:09:26.445+0000] {processor.py:183} INFO - Processing /home/airflow/.local/lib/python3.12/site-packages/airflow/example_dags/example_setup_teardown.py took 0.070 seconds
[2026-05-07T22:09:56.666+0000] {processor.py:161} INFO - Started process (PID=12987) to work on /home/airflow/.local/lib/python3.12/site-packages/airflow/example_dags/example_setup_teardown.py
[2026-05-07T22:09:56.667+0000] {processor.py:830} INFO - Processing file /home/airflow/.local/lib/python3.12/site-packages/airflow/example_dags/example_setup_teardown.py for tasks to queue
[2026-05-07T22:09:56.669+0000] {logging_mixin.py:188} INFO - [2026-05-07T22:09:56.669+0000] {dagbag.py:545} INFO - Filling up the DagBag from /home/airflow/.local/lib/python3.12/site-packages/airflow/example_dags/example_setup_teardown.py
[2026-05-07T22:09:56.677+0000] {processor.py:840} INFO - DAG(s) 'example_setup_teardown' retrieved from /home/airflow/.local/lib/python3.12/site-packages/airflow/example_dags/example_setup_teardown.py
[2026-05-07T22:09:56.697+0000] {logging_mixin.py:188} INFO - [2026-05-07T22:09:56.697+0000] {dag.py:3096} INFO - Sync 1 DAGs
[2026-05-07T22:09:56.718+0000] {logging_mixin.py:188} INFO - [2026-05-07T22:09:56.717+0000] {dag.py:3954} INFO - Setting next_dagrun for example_setup_teardown to 2026-05-06 00:00:00+00:00, run_after=2026-05-07 00:00:00+00:00
[2026-05-07T22:09:56.741+0000] {processor.py:183} INFO - Processing /home/airflow/.local/lib/python3.12/site-packages/airflow/example_dags/example_setup_teardown.py took 0.080 seconds
[2026-05-07T22:10:26.863+0000] {processor.py:161} INFO - Started process (PID=13045) to work on /home/airflow/.local/lib/python3.12/site-packages/airflow/example_dags/example_setup_teardown.py
[2026-05-07T22:10:26.864+0000] {processor.py:830} INFO - Processing file /home/airflow/.local/lib/python3.12/site-packages/airflow/example_dags/example_setup_teardown.py for tasks to queue
[2026-05-07T22:10:26.866+0000] {logging_mixin.py:188} INFO - [2026-05-07T22:10:26.866+0000] {dagbag.py:545} INFO - Filling up the DagBag from /home/airflow/.local/lib/python3.12/site-packages/airflow/example_dags/example_setup_teardown.py
[2026-05-07T22:10:26.872+0000] {processor.py:840} INFO - DAG(s) 'example_setup_teardown' retrieved from /home/airflow/.local/lib/python3.12/site-packages/airflow/example_dags/example_setup_teardown.py
[2026-05-07T22:10:26.890+0000] {logging_mixin.py:188} INFO - [2026-05-07T22:10:26.890+0000] {dag.py:3096} INFO - Sync 1 DAGs
[2026-05-07T22:10:26.909+0000] {logging_mixin.py:188} INFO - [2026-05-07T22:10:26.909+0000] {dag.py:3954} INFO - Setting next_dagrun for example_setup_teardown to 2026-05-06 00:00:00+00:00, run_after=2026-05-07 00:00:00+00:00
[2026-05-07T22:10:26.928+0000] {processor.py:183} INFO - Processing /home/airflow/.local/lib/python3.12/site-packages/airflow/example_dags/example_setup_teardown.py took 0.070 seconds
[2026-05-07T22:10:57.289+0000] {processor.py:161} INFO - Started process (PID=13103) to work on /home/airflow/.local/lib/python3.12/site-packages/airflow/example_dags/example_setup_teardown.py
[2026-05-07T22:10:57.290+0000] {processor.py:830} INFO - Processing file /home/airflow/.local/lib/python3.12/site-packages/airflow/example_dags/example_setup_teardown.py for tasks to queue
[2026-05-07T22:10:57.292+0000] {logging_mixin.py:188} INFO - [2026-05-07T22:10:57.292+0000] {dagbag.py:545} INFO - Filling up the DagBag from /home/airflow/.local/lib/python3.12/site-packages/airflow/example_dags/example_setup_teardown.py
[2026-05-07T22:10:57.299+0000] {processor.py:840} INFO - DAG(s) 'example_setup_teardown' retrieved from /home/airflow/.local/lib/python3.12/site-packages/airflow/example_dags/example_setup_teardown.py
[2026-05-07T22:10:57.324+0000] {logging_mixin.py:188} INFO - [2026-05-07T22:10:57.323+0000] {dag.py:3096} INFO - Sync 1 DAGs
[2026-05-07T22:10:57.347+0000] {logging_mixin.py:188} INFO - [2026-05-07T22:10:57.347+0000] {dag.py:3954} INFO - Setting next_dagrun for example_setup_teardown to 2026-05-06 00:00:00+00:00, run_after=2026-05-07 00:00:00+00:00
[2026-05-07T22:10:57.373+0000] {processor.py:183} INFO - Processing /home/airflow/.local/lib/python3.12/site-packages/airflow/example_dags/example_setup_teardown.py took 0.092 seconds
[2026-05-07T22:11:27.591+0000] {processor.py:161} INFO - Started process (PID=13161) to work on /home/airflow/.local/lib/python3.12/site-packages/airflow/example_dags/example_setup_teardown.py
[2026-05-07T22:11:27.592+0000] {processor.py:830} INFO - Processing file /home/airflow/.local/lib/python3.12/site-packages/airflow/example_dags/example_setup_teardown.py for tasks to queue
[2026-05-07T22:11:27.595+0000] {logging_mixin.py:188} INFO - [2026-05-07T22:11:27.594+0000] {dagbag.py:545} INFO - Filling up the DagBag from /home/airflow/.local/lib/python3.12/site-packages/airflow/example_dags/example_setup_teardown.py
[2026-05-07T22:11:27.602+0000] {processor.py:840} INFO - DAG(s) 'example_setup_teardown' retrieved from /home/airflow/.local/lib/python3.12/site-packages/airflow/example_dags/example_setup_teardown.py
[2026-05-07T22:11:27.627+0000] {logging_mixin.py:188} INFO - [2026-05-07T22:11:27.627+0000] {dag.py:3096} INFO - Sync 1 DAGs
[2026-05-07T22:11:27.655+0000] {logging_mixin.py:188} INFO - [2026-05-07T22:11:27.654+0000] {dag.py:3954} INFO - Setting next_dagrun for example_setup_teardown to 2026-05-06 00:00:00+00:00, run_after=2026-05-07 00:00:00+00:00
[2026-05-07T22:11:27.677+0000] {processor.py:183} INFO - Processing /home/airflow/.local/lib/python3.12/site-packages/airflow/example_dags/example_setup_teardown.py took 0.092 seconds
[2026-05-07T22:13:34.641+0000] {processor.py:161} INFO - Started process (PID=95) to work on /home/airflow/.local/lib/python3.12/site-packages/airflow/example_dags/example_setup_teardown.py
[2026-05-07T22:13:34.643+0000] {processor.py:830} INFO - Processing file /home/airflow/.local/lib/python3.12/site-packages/airflow/example_dags/example_setup_teardown.py for tasks to queue
[2026-05-07T22:13:34.647+0000] {logging_mixin.py:188} INFO - [2026-05-07T22:13:34.647+0000] {dagbag.py:545} INFO - Filling up the DagBag from /home/airflow/.local/lib/python3.12/site-packages/airflow/example_dags/example_setup_teardown.py
[2026-05-07T22:13:34.660+0000] {processor.py:840} INFO - DAG(s) 'example_setup_teardown' retrieved from /home/airflow/.local/lib/python3.12/site-packages/airflow/example_dags/example_setup_teardown.py
[2026-05-07T22:13:34.832+0000] {logging_mixin.py:188} INFO - [2026-05-07T22:13:34.831+0000] {dag.py:3096} INFO - Sync 1 DAGs
[2026-05-07T22:13:34.864+0000] {logging_mixin.py:188} INFO - [2026-05-07T22:13:34.864+0000] {dag.py:3954} INFO - Setting next_dagrun for example_setup_teardown to 2026-05-06 00:00:00+00:00, run_after=2026-05-07 00:00:00+00:00
[2026-05-07T22:13:34.912+0000] {processor.py:183} INFO - Processing /home/airflow/.local/lib/python3.12/site-packages/airflow/example_dags/example_setup_teardown.py took 0.281 seconds
[2026-05-07T22:14:04.998+0000] {processor.py:161} INFO - Started process (PID=153) to work on /home/airflow/.local/lib/python3.12/site-packages/airflow/example_dags/example_setup_teardown.py
[2026-05-07T22:14:05.006+0000] {processor.py:830} INFO - Processing file /home/airflow/.local/lib/python3.12/site-packages/airflow/example_dags/example_setup_teardown.py for tasks to queue
[2026-05-07T22:14:05.012+0000] {logging_mixin.py:188} INFO - [2026-05-07T22:14:05.011+0000] {dagbag.py:545} INFO - Filling up the DagBag from /home/airflow/.local/lib/python3.12/site-packages/airflow/example_dags/example_setup_teardown.py
[2026-05-07T22:14:05.031+0000] {processor.py:840} INFO - DAG(s) 'example_setup_teardown' retrieved from /home/airflow/.local/lib/python3.12/site-packages/airflow/example_dags/example_setup_teardown.py
[2026-05-07T22:14:05.062+0000] {logging_mixin.py:188} INFO - [2026-05-07T22:14:05.062+0000] {dag.py:3096} INFO - Sync 1 DAGs
[2026-05-07T22:14:05.088+0000] {logging_mixin.py:188} INFO - [2026-05-07T22:14:05.087+0000] {dag.py:3954} INFO - Setting next_dagrun for example_setup_teardown to 2026-05-06 00:00:00+00:00, run_after=2026-05-07 00:00:00+00:00
[2026-05-07T22:14:05.116+0000] {processor.py:183} INFO - Processing /home/airflow/.local/lib/python3.12/site-packages/airflow/example_dags/example_setup_teardown.py took 0.130 seconds
[2026-05-07T22:14:35.621+0000] {processor.py:161} INFO - Started process (PID=211) to work on /home/airflow/.local/lib/python3.12/site-packages/airflow/example_dags/example_setup_teardown.py
[2026-05-07T22:14:35.623+0000] {processor.py:830} INFO - Processing file /home/airflow/.local/lib/python3.12/site-packages/airflow/example_dags/example_setup_teardown.py for tasks to queue
[2026-05-07T22:14:35.625+0000] {logging_mixin.py:188} INFO - [2026-05-07T22:14:35.625+0000] {dagbag.py:545} INFO - Filling up the DagBag from /home/airflow/.local/lib/python3.12/site-packages/airflow/example_dags/example_setup_teardown.py
[2026-05-07T22:14:35.633+0000] {processor.py:840} INFO - DAG(s) 'example_setup_teardown' retrieved from /home/airflow/.local/lib/python3.12/site-packages/airflow/example_dags/example_setup_teardown.py
[2026-05-07T22:14:35.661+0000] {logging_mixin.py:188} INFO - [2026-05-07T22:14:35.661+0000] {dag.py:3096} INFO - Sync 1 DAGs
[2026-05-07T22:14:35.687+0000] {logging_mixin.py:188} INFO - [2026-05-07T22:14:35.687+0000] {dag.py:3954} INFO - Setting next_dagrun for example_setup_teardown to 2026-05-06 00:00:00+00:00, run_after=2026-05-07 00:00:00+00:00
[2026-05-07T22:14:35.709+0000] {processor.py:183} INFO - Processing /home/airflow/.local/lib/python3.12/site-packages/airflow/example_dags/example_setup_teardown.py took 0.094 seconds
[2026-05-07T22:15:06.315+0000] {processor.py:161} INFO - Started process (PID=269) to work on /home/airflow/.local/lib/python3.12/site-packages/airflow/example_dags/example_setup_teardown.py
[2026-05-07T22:15:06.318+0000] {processor.py:830} INFO - Processing file /home/airflow/.local/lib/python3.12/site-packages/airflow/example_dags/example_setup_teardown.py for tasks to queue
[2026-05-07T22:15:06.322+0000] {logging_mixin.py:188} INFO - [2026-05-07T22:15:06.321+0000] {dagbag.py:545} INFO - Filling up the DagBag from /home/airflow/.local/lib/python3.12/site-packages/airflow/example_dags/example_setup_teardown.py
[2026-05-07T22:15:06.332+0000] {processor.py:840} INFO - DAG(s) 'example_setup_teardown' retrieved from /home/airflow/.local/lib/python3.12/site-packages/airflow/example_dags/example_setup_teardown.py
[2026-05-07T22:15:06.365+0000] {logging_mixin.py:188} INFO - [2026-05-07T22:15:06.365+0000] {dag.py:3096} INFO - Sync 1 DAGs
[2026-05-07T22:15:06.398+0000] {logging_mixin.py:188} INFO - [2026-05-07T22:15:06.397+0000] {dag.py:3954} INFO - Setting next_dagrun for example_setup_teardown to 2026-05-06 00:00:00+00:00, run_after=2026-05-07 00:00:00+00:00
[2026-05-07T22:15:06.427+0000] {processor.py:183} INFO - Processing /home/airflow/.local/lib/python3.12/site-packages/airflow/example_dags/example_setup_teardown.py took 0.121 seconds
[2026-05-07T22:15:37.523+0000] {processor.py:161} INFO - Started process (PID=327) to work on /home/airflow/.local/lib/python3.12/site-packages/airflow/example_dags/example_setup_teardown.py
[2026-05-07T22:15:37.525+0000] {processor.py:830} INFO - Processing file /home/airflow/.local/lib/python3.12/site-packages/airflow/example_dags/example_setup_teardown.py for tasks to queue
[2026-05-07T22:15:37.527+0000] {logging_mixin.py:188} INFO - [2026-05-07T22:15:37.527+0000] {dagbag.py:545} INFO - Filling up the DagBag from /home/airflow/.local/lib/python3.12/site-packages/airflow/example_dags/example_setup_teardown.py
[2026-05-07T22:15:37.538+0000] {processor.py:840} INFO - DAG(s) 'example_setup_teardown' retrieved from /home/airflow/.local/lib/python3.12/site-packages/airflow/example_dags/example_setup_teardown.py
[2026-05-07T22:15:37.571+0000] {logging_mixin.py:188} INFO - [2026-05-07T22:15:37.571+0000] {dag.py:3096} INFO - Sync 1 DAGs
[2026-05-07T22:15:37.613+0000] {logging_mixin.py:188} INFO - [2026-05-07T22:15:37.613+0000] {dag.py:3954} INFO - Setting next_dagrun for example_setup_teardown to 2026-05-06 00:00:00+00:00, run_after=2026-05-07 00:00:00+00:00
[2026-05-07T22:15:37.655+0000] {processor.py:183} INFO - Processing /home/airflow/.local/lib/python3.12/site-packages/airflow/example_dags/example_setup_teardown.py took 0.143 seconds
[2026-05-07T22:16:08.230+0000] {processor.py:161} INFO - Started process (PID=385) to work on /home/airflow/.local/lib/python3.12/site-packages/airflow/example_dags/example_setup_teardown.py
[2026-05-07T22:16:08.231+0000] {processor.py:830} INFO - Processing file /home/airflow/.local/lib/python3.12/site-packages/airflow/example_dags/example_setup_teardown.py for tasks to queue
[2026-05-07T22:16:08.234+0000] {logging_mixin.py:188} INFO - [2026-05-07T22:16:08.233+0000] {dagbag.py:545} INFO - Filling up the DagBag from /home/airflow/.local/lib/python3.12/site-packages/airflow/example_dags/example_setup_teardown.py
[2026-05-07T22:16:08.241+0000] {processor.py:840} INFO - DAG(s) 'example_setup_teardown' retrieved from /home/airflow/.local/lib/python3.12/site-packages/airflow/example_dags/example_setup_teardown.py
[2026-05-07T22:16:08.262+0000] {logging_mixin.py:188} INFO - [2026-05-07T22:16:08.262+0000] {dag.py:3096} INFO - Sync 1 DAGs
[2026-05-07T22:16:08.284+0000] {logging_mixin.py:188} INFO - [2026-05-07T22:16:08.284+0000] {dag.py:3954} INFO - Setting next_dagrun for example_setup_teardown to 2026-05-06 00:00:00+00:00, run_after=2026-05-07 00:00:00+00:00
[2026-05-07T22:16:08.304+0000] {processor.py:183} INFO - Processing /home/airflow/.local/lib/python3.12/site-packages/airflow/example_dags/example_setup_teardown.py took 0.079 seconds
[2026-05-07T22:16:39.019+0000] {processor.py:161} INFO - Started process (PID=443) to work on /home/airflow/.local/lib/python3.12/site-packages/airflow/example_dags/example_setup_teardown.py
[2026-05-07T22:16:39.021+0000] {processor.py:830} INFO - Processing file /home/airflow/.local/lib/python3.12/site-packages/airflow/example_dags/example_setup_teardown.py for tasks to queue
[2026-05-07T22:16:39.023+0000] {logging_mixin.py:188} INFO - [2026-05-07T22:16:39.022+0000] {dagbag.py:545} INFO - Filling up the DagBag from /home/airflow/.local/lib/python3.12/site-packages/airflow/example_dags/example_setup_teardown.py
[2026-05-07T22:16:39.036+0000] {processor.py:840} INFO - DAG(s) 'example_setup_teardown' retrieved from /home/airflow/.local/lib/python3.12/site-packages/airflow/example_dags/example_setup_teardown.py
[2026-05-07T22:16:39.060+0000] {logging_mixin.py:188} INFO - [2026-05-07T22:16:39.060+0000] {dag.py:3096} INFO - Sync 1 DAGs
[2026-05-07T22:16:39.083+0000] {logging_mixin.py:188} INFO - [2026-05-07T22:16:39.083+0000] {dag.py:3954} INFO - Setting next_dagrun for example_setup_teardown to 2026-05-06 00:00:00+00:00, run_after=2026-05-07 00:00:00+00:00
[2026-05-07T22:16:39.104+0000] {processor.py:183} INFO - Processing /home/airflow/.local/lib/python3.12/site-packages/airflow/example_dags/example_setup_teardown.py took 0.092 seconds
[2026-05-07T22:17:09.310+0000] {processor.py:161} INFO - Started process (PID=501) to work on /home/airflow/.local/lib/python3.12/site-packages/airflow/example_dags/example_setup_teardown.py
[2026-05-07T22:17:09.312+0000] {processor.py:830} INFO - Processing file /home/airflow/.local/lib/python3.12/site-packages/airflow/example_dags/example_setup_teardown.py for tasks to queue
[2026-05-07T22:17:09.314+0000] {logging_mixin.py:188} INFO - [2026-05-07T22:17:09.314+0000] {dagbag.py:545} INFO - Filling up the DagBag from /home/airflow/.local/lib/python3.12/site-packages/airflow/example_dags/example_setup_teardown.py
[2026-05-07T22:17:09.321+0000] {processor.py:840} INFO - DAG(s) 'example_setup_teardown' retrieved from /home/airflow/.local/lib/python3.12/site-packages/airflow/example_dags/example_setup_teardown.py
[2026-05-07T22:17:09.344+0000] {logging_mixin.py:188} INFO - [2026-05-07T22:17:09.344+0000] {dag.py:3096} INFO - Sync 1 DAGs
[2026-05-07T22:17:09.372+0000] {logging_mixin.py:188} INFO - [2026-05-07T22:17:09.372+0000] {dag.py:3954} INFO - Setting next_dagrun for example_setup_teardown to 2026-05-06 00:00:00+00:00, run_after=2026-05-07 00:00:00+00:00
[2026-05-07T22:17:09.394+0000] {processor.py:183} INFO - Processing /home/airflow/.local/lib/python3.12/site-packages/airflow/example_dags/example_setup_teardown.py took 0.091 seconds
[2026-05-07T22:17:40.306+0000] {processor.py:161} INFO - Started process (PID=559) to work on /home/airflow/.local/lib/python3.12/site-packages/airflow/example_dags/example_setup_teardown.py
[2026-05-07T22:17:40.307+0000] {processor.py:830} INFO - Processing file /home/airflow/.local/lib/python3.12/site-packages/airflow/example_dags/example_setup_teardown.py for tasks to queue
[2026-05-07T22:17:40.309+0000] {logging_mixin.py:188} INFO - [2026-05-07T22:17:40.308+0000] {dagbag.py:545} INFO - Filling up the DagBag from /home/airflow/.local/lib/python3.12/site-packages/airflow/example_dags/example_setup_teardown.py
[2026-05-07T22:17:40.314+0000] {processor.py:840} INFO - DAG(s) 'example_setup_teardown' retrieved from /home/airflow/.local/lib/python3.12/site-packages/airflow/example_dags/example_setup_teardown.py
[2026-05-07T22:17:40.333+0000] {logging_mixin.py:188} INFO - [2026-05-07T22:17:40.333+0000] {dag.py:3096} INFO - Sync 1 DAGs
[2026-05-07T22:17:40.354+0000] {logging_mixin.py:188} INFO - [2026-05-07T22:17:40.354+0000] {dag.py:3954} INFO - Setting next_dagrun for example_setup_teardown to 2026-05-06 00:00:00+00:00, run_after=2026-05-07 00:00:00+00:00
[2026-05-07T22:17:40.379+0000] {processor.py:183} INFO - Processing /home/airflow/.local/lib/python3.12/site-packages/airflow/example_dags/example_setup_teardown.py took 0.079 seconds
[2026-05-07T22:18:11.215+0000] {processor.py:161} INFO - Started process (PID=617) to work on /home/airflow/.local/lib/python3.12/site-packages/airflow/example_dags/example_setup_teardown.py
[2026-05-07T22:18:11.216+0000] {processor.py:830} INFO - Processing file /home/airflow/.local/lib/python3.12/site-packages/airflow/example_dags/example_setup_teardown.py for tasks to queue
[2026-05-07T22:18:11.218+0000] {logging_mixin.py:188} INFO - [2026-05-07T22:18:11.218+0000] {dagbag.py:545} INFO - Filling up the DagBag from /home/airflow/.local/lib/python3.12/site-packages/airflow/example_dags/example_setup_teardown.py
[2026-05-07T22:18:11.224+0000] {processor.py:840} INFO - DAG(s) 'example_setup_teardown' retrieved from /home/airflow/.local/lib/python3.12/site-packages/airflow/example_dags/example_setup_teardown.py
[2026-05-07T22:18:11.245+0000] {logging_mixin.py:188} INFO - [2026-05-07T22:18:11.244+0000] {dag.py:3096} INFO - Sync 1 DAGs
[2026-05-07T22:18:11.266+0000] {logging_mixin.py:188} INFO - [2026-05-07T22:18:11.266+0000] {dag.py:3954} INFO - Setting next_dagrun for example_setup_teardown to 2026-05-06 00:00:00+00:00, run_after=2026-05-07 00:00:00+00:00
[2026-05-07T22:18:11.287+0000] {processor.py:183} INFO - Processing /home/airflow/.local/lib/python3.12/site-packages/airflow/example_dags/example_setup_teardown.py took 0.078 seconds
[2026-05-07T22:18:41.472+0000] {processor.py:161} INFO - Started process (PID=674) to work on /home/airflow/.local/lib/python3.12/site-packages/airflow/example_dags/example_setup_teardown.py
[2026-05-07T22:18:41.473+0000] {processor.py:830} INFO - Processing file /home/airflow/.local/lib/python3.12/site-packages/airflow/example_dags/example_setup_teardown.py for tasks to queue
[2026-05-07T22:18:41.475+0000] {logging_mixin.py:188} INFO - [2026-05-07T22:18:41.475+0000] {dagbag.py:545} INFO - Filling up the DagBag from /home/airflow/.local/lib/python3.12/site-packages/airflow/example_dags/example_setup_teardown.py
[2026-05-07T22:18:41.483+0000] {processor.py:840} INFO - DAG(s) 'example_setup_teardown' retrieved from /home/airflow/.local/lib/python3.12/site-packages/airflow/example_dags/example_setup_teardown.py
[2026-05-07T22:18:41.505+0000] {logging_mixin.py:188} INFO - [2026-05-07T22:18:41.505+0000] {dag.py:3096} INFO - Sync 1 DAGs
[2026-05-07T22:18:41.527+0000] {logging_mixin.py:188} INFO - [2026-05-07T22:18:41.527+0000] {dag.py:3954} INFO - Setting next_dagrun for example_setup_teardown to 2026-05-06 00:00:00+00:00, run_after=2026-05-07 00:00:00+00:00
[2026-05-07T22:18:41.550+0000] {processor.py:183} INFO - Processing /home/airflow/.local/lib/python3.12/site-packages/airflow/example_dags/example_setup_teardown.py took 0.085 seconds
[2026-05-07T22:19:11.662+0000] {processor.py:161} INFO - Started process (PID=732) to work on /home/airflow/.local/lib/python3.12/site-packages/airflow/example_dags/example_setup_teardown.py
[2026-05-07T22:19:11.663+0000] {processor.py:830} INFO - Processing file /home/airflow/.local/lib/python3.12/site-packages/airflow/example_dags/example_setup_teardown.py for tasks to queue
[2026-05-07T22:19:11.665+0000] {logging_mixin.py:188} INFO - [2026-05-07T22:19:11.665+0000] {dagbag.py:545} INFO - Filling up the DagBag from /home/airflow/.local/lib/python3.12/site-packages/airflow/example_dags/example_setup_teardown.py
[2026-05-07T22:19:11.672+0000] {processor.py:840} INFO - DAG(s) 'example_setup_teardown' retrieved from /home/airflow/.local/lib/python3.12/site-packages/airflow/example_dags/example_setup_teardown.py
[2026-05-07T22:19:11.699+0000] {logging_mixin.py:188} INFO - [2026-05-07T22:19:11.699+0000] {dag.py:3096} INFO - Sync 1 DAGs
[2026-05-07T22:19:11.721+0000] {logging_mixin.py:188} INFO - [2026-05-07T22:19:11.721+0000] {dag.py:3954} INFO - Setting next_dagrun for example_setup_teardown to 2026-05-06 00:00:00+00:00, run_after=2026-05-07 00:00:00+00:00
[2026-05-07T22:19:11.741+0000] {processor.py:183} INFO - Processing /home/airflow/.local/lib/python3.12/site-packages/airflow/example_dags/example_setup_teardown.py took 0.084 seconds
[2026-05-07T22:19:42.063+0000] {processor.py:161} INFO - Started process (PID=790) to work on /home/airflow/.local/lib/python3.12/site-packages/airflow/example_dags/example_setup_teardown.py
[2026-05-07T22:19:42.064+0000] {processor.py:830} INFO - Processing file /home/airflow/.local/lib/python3.12/site-packages/airflow/example_dags/example_setup_teardown.py for tasks to queue
[2026-05-07T22:19:42.066+0000] {logging_mixin.py:188} INFO - [2026-05-07T22:19:42.065+0000] {dagbag.py:545} INFO - Filling up the DagBag from /home/airflow/.local/lib/python3.12/site-packages/airflow/example_dags/example_setup_teardown.py
[2026-05-07T22:19:42.072+0000] {processor.py:840} INFO - DAG(s) 'example_setup_teardown' retrieved from /home/airflow/.local/lib/python3.12/site-packages/airflow/example_dags/example_setup_teardown.py
[2026-05-07T22:19:42.092+0000] {logging_mixin.py:188} INFO - [2026-05-07T22:19:42.091+0000] {dag.py:3096} INFO - Sync 1 DAGs
[2026-05-07T22:19:42.112+0000] {logging_mixin.py:188} INFO - [2026-05-07T22:19:42.112+0000] {dag.py:3954} INFO - Setting next_dagrun for example_setup_teardown to 2026-05-06 00:00:00+00:00, run_after=2026-05-07 00:00:00+00:00
[2026-05-07T22:19:42.132+0000] {processor.py:183} INFO - Processing /home/airflow/.local/lib/python3.12/site-packages/airflow/example_dags/example_setup_teardown.py took 0.075 seconds
[2026-05-07T22:20:12.520+0000] {processor.py:161} INFO - Started process (PID=848) to work on /home/airflow/.local/lib/python3.12/site-packages/airflow/example_dags/example_setup_teardown.py
[2026-05-07T22:20:12.522+0000] {processor.py:830} INFO - Processing file /home/airflow/.local/lib/python3.12/site-packages/airflow/example_dags/example_setup_teardown.py for tasks to queue
[2026-05-07T22:20:12.524+0000] {logging_mixin.py:188} INFO - [2026-05-07T22:20:12.524+0000] {dagbag.py:545} INFO - Filling up the DagBag from /home/airflow/.local/lib/python3.12/site-packages/airflow/example_dags/example_setup_teardown.py
[2026-05-07T22:20:12.532+0000] {processor.py:840} INFO - DAG(s) 'example_setup_teardown' retrieved from /home/airflow/.local/lib/python3.12/site-packages/airflow/example_dags/example_setup_teardown.py
[2026-05-07T22:20:12.554+0000] {logging_mixin.py:188} INFO - [2026-05-07T22:20:12.553+0000] {dag.py:3096} INFO - Sync 1 DAGs
[2026-05-07T22:20:12.578+0000] {logging_mixin.py:188} INFO - [2026-05-07T22:20:12.578+0000] {dag.py:3954} INFO - Setting next_dagrun for example_setup_teardown to 2026-05-06 00:00:00+00:00, run_after=2026-05-07 00:00:00+00:00
[2026-05-07T22:20:12.602+0000] {processor.py:183} INFO - Processing /home/airflow/.local/lib/python3.12/site-packages/airflow/example_dags/example_setup_teardown.py took 0.087 seconds
[2026-05-07T22:20:43.190+0000] {processor.py:161} INFO - Started process (PID=906) to work on /home/airflow/.local/lib/python3.12/site-packages/airflow/example_dags/example_setup_teardown.py
[2026-05-07T22:20:43.192+0000] {processor.py:830} INFO - Processing file /home/airflow/.local/lib/python3.12/site-packages/airflow/example_dags/example_setup_teardown.py for tasks to queue
[2026-05-07T22:20:43.195+0000] {logging_mixin.py:188} INFO - [2026-05-07T22:20:43.194+0000] {dagbag.py:545} INFO - Filling up the DagBag from /home/airflow/.local/lib/python3.12/site-packages/airflow/example_dags/example_setup_teardown.py
[2026-05-07T22:20:43.210+0000] {processor.py:840} INFO - DAG(s) 'example_setup_teardown' retrieved from /home/airflow/.local/lib/python3.12/site-packages/airflow/example_dags/example_setup_teardown.py
[2026-05-07T22:20:43.254+0000] {logging_mixin.py:188} INFO - [2026-05-07T22:20:43.253+0000] {dag.py:3096} INFO - Sync 1 DAGs
[2026-05-07T22:20:43.293+0000] {logging_mixin.py:188} INFO - [2026-05-07T22:20:43.292+0000] {dag.py:3954} INFO - Setting next_dagrun for example_setup_teardown to 2026-05-06 00:00:00+00:00, run_after=2026-05-07 00:00:00+00:00
[2026-05-07T22:20:43.329+0000] {processor.py:183} INFO - Processing /home/airflow/.local/lib/python3.12/site-packages/airflow/example_dags/example_setup_teardown.py took 0.150 seconds
[2026-05-07T22:21:13.522+0000] {processor.py:161} INFO - Started process (PID=964) to work on /home/airflow/.local/lib/python3.12/site-packages/airflow/example_dags/example_setup_teardown.py
[2026-05-07T22:21:13.524+0000] {processor.py:830} INFO - Processing file /home/airflow/.local/lib/python3.12/site-packages/airflow/example_dags/example_setup_teardown.py for tasks to queue
[2026-05-07T22:21:13.527+0000] {logging_mixin.py:188} INFO - [2026-05-07T22:21:13.527+0000] {dagbag.py:545} INFO - Filling up the DagBag from /home/airflow/.local/lib/python3.12/site-packages/airflow/example_dags/example_setup_teardown.py
[2026-05-07T22:21:13.538+0000] {processor.py:840} INFO - DAG(s) 'example_setup_teardown' retrieved from /home/airflow/.local/lib/python3.12/site-packages/airflow/example_dags/example_setup_teardown.py
[2026-05-07T22:21:13.577+0000] {logging_mixin.py:188} INFO - [2026-05-07T22:21:13.576+0000] {dag.py:3096} INFO - Sync 1 DAGs
[2026-05-07T22:21:13.651+0000] {logging_mixin.py:188} INFO - [2026-05-07T22:21:13.651+0000] {dag.py:3954} INFO - Setting next_dagrun for example_setup_teardown to 2026-05-06 00:00:00+00:00, run_after=2026-05-07 00:00:00+00:00
[2026-05-07T22:21:13.700+0000] {processor.py:183} INFO - Processing /home/airflow/.local/lib/python3.12/site-packages/airflow/example_dags/example_setup_teardown.py took 0.188 seconds
[2026-05-07T22:21:44.617+0000] {processor.py:161} INFO - Started process (PID=1022) to work on /home/airflow/.local/lib/python3.12/site-packages/airflow/example_dags/example_setup_teardown.py
[2026-05-07T22:21:44.619+0000] {processor.py:830} INFO - Processing file /home/airflow/.local/lib/python3.12/site-packages/airflow/example_dags/example_setup_teardown.py for tasks to queue
[2026-05-07T22:21:44.621+0000] {logging_mixin.py:188} INFO - [2026-05-07T22:21:44.621+0000] {dagbag.py:545} INFO - Filling up the DagBag from /home/airflow/.local/lib/python3.12/site-packages/airflow/example_dags/example_setup_teardown.py
[2026-05-07T22:21:44.629+0000] {processor.py:840} INFO - DAG(s) 'example_setup_teardown' retrieved from /home/airflow/.local/lib/python3.12/site-packages/airflow/example_dags/example_setup_teardown.py
[2026-05-07T22:21:44.652+0000] {logging_mixin.py:188} INFO - [2026-05-07T22:21:44.652+0000] {dag.py:3096} INFO - Sync 1 DAGs
[2026-05-07T22:21:44.674+0000] {logging_mixin.py:188} INFO - [2026-05-07T22:21:44.673+0000] {dag.py:3954} INFO - Setting next_dagrun for example_setup_teardown to 2026-05-06 00:00:00+00:00, run_after=2026-05-07 00:00:00+00:00
[2026-05-07T22:21:44.696+0000] {processor.py:183} INFO - Processing /home/airflow/.local/lib/python3.12/site-packages/airflow/example_dags/example_setup_teardown.py took 0.084 seconds
[2026-05-07T22:22:15.437+0000] {processor.py:161} INFO - Started process (PID=1080) to work on /home/airflow/.local/lib/python3.12/site-packages/airflow/example_dags/example_setup_teardown.py
[2026-05-07T22:22:15.438+0000] {processor.py:830} INFO - Processing file /home/airflow/.local/lib/python3.12/site-packages/airflow/example_dags/example_setup_teardown.py for tasks to queue
[2026-05-07T22:22:15.441+0000] {logging_mixin.py:188} INFO - [2026-05-07T22:22:15.440+0000] {dagbag.py:545} INFO - Filling up the DagBag from /home/airflow/.local/lib/python3.12/site-packages/airflow/example_dags/example_setup_teardown.py
[2026-05-07T22:22:15.448+0000] {processor.py:840} INFO - DAG(s) 'example_setup_teardown' retrieved from /home/airflow/.local/lib/python3.12/site-packages/airflow/example_dags/example_setup_teardown.py
[2026-05-07T22:22:15.474+0000] {logging_mixin.py:188} INFO - [2026-05-07T22:22:15.473+0000] {dag.py:3096} INFO - Sync 1 DAGs
[2026-05-07T22:22:15.503+0000] {logging_mixin.py:188} INFO - [2026-05-07T22:22:15.503+0000] {dag.py:3954} INFO - Setting next_dagrun for example_setup_teardown to 2026-05-06 00:00:00+00:00, run_after=2026-05-07 00:00:00+00:00
[2026-05-07T22:22:15.527+0000] {processor.py:183} INFO - Processing /home/airflow/.local/lib/python3.12/site-packages/airflow/example_dags/example_setup_teardown.py took 0.098 seconds
[2026-05-07T22:22:45.621+0000] {processor.py:161} INFO - Started process (PID=1137) to work on /home/airflow/.local/lib/python3.12/site-packages/airflow/example_dags/example_setup_teardown.py
[2026-05-07T22:22:45.622+0000] {processor.py:830} INFO - Processing file /home/airflow/.local/lib/python3.12/site-packages/airflow/example_dags/example_setup_teardown.py for tasks to queue
[2026-05-07T22:22:45.624+0000] {logging_mixin.py:188} INFO - [2026-05-07T22:22:45.624+0000] {dagbag.py:545} INFO - Filling up the DagBag from /home/airflow/.local/lib/python3.12/site-packages/airflow/example_dags/example_setup_teardown.py
[2026-05-07T22:22:45.631+0000] {processor.py:840} INFO - DAG(s) 'example_setup_teardown' retrieved from /home/airflow/.local/lib/python3.12/site-packages/airflow/example_dags/example_setup_teardown.py
[2026-05-07T22:22:45.654+0000] {logging_mixin.py:188} INFO - [2026-05-07T22:22:45.653+0000] {dag.py:3096} INFO - Sync 1 DAGs
[2026-05-07T22:22:45.679+0000] {logging_mixin.py:188} INFO - [2026-05-07T22:22:45.679+0000] {dag.py:3954} INFO - Setting next_dagrun for example_setup_teardown to 2026-05-06 00:00:00+00:00, run_after=2026-05-07 00:00:00+00:00
[2026-05-07T22:22:45.697+0000] {processor.py:183} INFO - Processing /home/airflow/.local/lib/python3.12/site-packages/airflow/example_dags/example_setup_teardown.py took 0.083 seconds
[2026-05-07T22:23:15.863+0000] {processor.py:161} INFO - Started process (PID=1195) to work on /home/airflow/.local/lib/python3.12/site-packages/airflow/example_dags/example_setup_teardown.py
[2026-05-07T22:23:15.865+0000] {processor.py:830} INFO - Processing file /home/airflow/.local/lib/python3.12/site-packages/airflow/example_dags/example_setup_teardown.py for tasks to queue
[2026-05-07T22:23:15.867+0000] {logging_mixin.py:188} INFO - [2026-05-07T22:23:15.867+0000] {dagbag.py:545} INFO - Filling up the DagBag from /home/airflow/.local/lib/python3.12/site-packages/airflow/example_dags/example_setup_teardown.py
[2026-05-07T22:23:15.877+0000] {processor.py:840} INFO - DAG(s) 'example_setup_teardown' retrieved from /home/airflow/.local/lib/python3.12/site-packages/airflow/example_dags/example_setup_teardown.py
[2026-05-07T22:23:15.899+0000] {logging_mixin.py:188} INFO - [2026-05-07T22:23:15.899+0000] {dag.py:3096} INFO - Sync 1 DAGs
[2026-05-07T22:23:15.920+0000] {logging_mixin.py:188} INFO - [2026-05-07T22:23:15.920+0000] {dag.py:3954} INFO - Setting next_dagrun for example_setup_teardown to 2026-05-06 00:00:00+00:00, run_after=2026-05-07 00:00:00+00:00
[2026-05-07T22:23:15.939+0000] {processor.py:183} INFO - Processing /home/airflow/.local/lib/python3.12/site-packages/airflow/example_dags/example_setup_teardown.py took 0.087 seconds
[2026-05-07T22:23:46.347+0000] {processor.py:161} INFO - Started process (PID=1254) to work on /home/airflow/.local/lib/python3.12/site-packages/airflow/example_dags/example_setup_teardown.py
[2026-05-07T22:23:46.348+0000] {processor.py:830} INFO - Processing file /home/airflow/.local/lib/python3.12/site-packages/airflow/example_dags/example_setup_teardown.py for tasks to queue
[2026-05-07T22:23:46.350+0000] {logging_mixin.py:188} INFO - [2026-05-07T22:23:46.350+0000] {dagbag.py:545} INFO - Filling up the DagBag from /home/airflow/.local/lib/python3.12/site-packages/airflow/example_dags/example_setup_teardown.py
[2026-05-07T22:23:46.357+0000] {processor.py:840} INFO - DAG(s) 'example_setup_teardown' retrieved from /home/airflow/.local/lib/python3.12/site-packages/airflow/example_dags/example_setup_teardown.py
[2026-05-07T22:23:46.379+0000] {logging_mixin.py:188} INFO - [2026-05-07T22:23:46.379+0000] {dag.py:3096} INFO - Sync 1 DAGs
[2026-05-07T22:23:46.401+0000] {logging_mixin.py:188} INFO - [2026-05-07T22:23:46.401+0000] {dag.py:3954} INFO - Setting next_dagrun for example_setup_teardown to 2026-05-06 00:00:00+00:00, run_after=2026-05-07 00:00:00+00:00
[2026-05-07T22:23:46.423+0000] {processor.py:183} INFO - Processing /home/airflow/.local/lib/python3.12/site-packages/airflow/example_dags/example_setup_teardown.py took 0.082 seconds
[2026-05-07T22:24:16.460+0000] {processor.py:161} INFO - Started process (PID=1311) to work on /home/airflow/.local/lib/python3.12/site-packages/airflow/example_dags/example_setup_teardown.py
[2026-05-07T22:24:16.462+0000] {processor.py:830} INFO - Processing file /home/airflow/.local/lib/python3.12/site-packages/airflow/example_dags/example_setup_teardown.py for tasks to queue
[2026-05-07T22:24:16.464+0000] {logging_mixin.py:188} INFO - [2026-05-07T22:24:16.464+0000] {dagbag.py:545} INFO - Filling up the DagBag from /home/airflow/.local/lib/python3.12/site-packages/airflow/example_dags/example_setup_teardown.py
[2026-05-07T22:24:16.473+0000] {processor.py:840} INFO - DAG(s) 'example_setup_teardown' retrieved from /home/airflow/.local/lib/python3.12/site-packages/airflow/example_dags/example_setup_teardown.py
[2026-05-07T22:24:16.494+0000] {logging_mixin.py:188} INFO - [2026-05-07T22:24:16.494+0000] {dag.py:3096} INFO - Sync 1 DAGs
[2026-05-07T22:24:16.517+0000] {logging_mixin.py:188} INFO - [2026-05-07T22:24:16.517+0000] {dag.py:3954} INFO - Setting next_dagrun for example_setup_teardown to 2026-05-06 00:00:00+00:00, run_after=2026-05-07 00:00:00+00:00
[2026-05-07T22:24:16.541+0000] {processor.py:183} INFO - Processing /home/airflow/.local/lib/python3.12/site-packages/airflow/example_dags/example_setup_teardown.py took 0.087 seconds
[2026-05-07T22:24:46.852+0000] {processor.py:161} INFO - Started process (PID=1370) to work on /home/airflow/.local/lib/python3.12/site-packages/airflow/example_dags/example_setup_teardown.py
[2026-05-07T22:24:46.854+0000] {processor.py:830} INFO - Processing file /home/airflow/.local/lib/python3.12/site-packages/airflow/example_dags/example_setup_teardown.py for tasks to queue
[2026-05-07T22:24:46.856+0000] {logging_mixin.py:188} INFO - [2026-05-07T22:24:46.856+0000] {dagbag.py:545} INFO - Filling up the DagBag from /home/airflow/.local/lib/python3.12/site-packages/airflow/example_dags/example_setup_teardown.py
[2026-05-07T22:24:46.862+0000] {processor.py:840} INFO - DAG(s) 'example_setup_teardown' retrieved from /home/airflow/.local/lib/python3.12/site-packages/airflow/example_dags/example_setup_teardown.py
[2026-05-07T22:24:46.884+0000] {logging_mixin.py:188} INFO - [2026-05-07T22:24:46.883+0000] {dag.py:3096} INFO - Sync 1 DAGs
[2026-05-07T22:24:46.903+0000] {logging_mixin.py:188} INFO - [2026-05-07T22:24:46.903+0000] {dag.py:3954} INFO - Setting next_dagrun for example_setup_teardown to 2026-05-06 00:00:00+00:00, run_after=2026-05-07 00:00:00+00:00
[2026-05-07T22:24:46.925+0000] {processor.py:183} INFO - Processing /home/airflow/.local/lib/python3.12/site-packages/airflow/example_dags/example_setup_teardown.py took 0.078 seconds
[2026-05-07T22:25:16.991+0000] {processor.py:161} INFO - Started process (PID=1427) to work on /home/airflow/.local/lib/python3.12/site-packages/airflow/example_dags/example_setup_teardown.py
[2026-05-07T22:25:16.992+0000] {processor.py:830} INFO - Processing file /home/airflow/.local/lib/python3.12/site-packages/airflow/example_dags/example_setup_teardown.py for tasks to queue
[2026-05-07T22:25:16.994+0000] {logging_mixin.py:188} INFO - [2026-05-07T22:25:16.994+0000] {dagbag.py:545} INFO - Filling up the DagBag from /home/airflow/.local/lib/python3.12/site-packages/airflow/example_dags/example_setup_teardown.py
[2026-05-07T22:25:17.000+0000] {processor.py:840} INFO - DAG(s) 'example_setup_teardown' retrieved from /home/airflow/.local/lib/python3.12/site-packages/airflow/example_dags/example_setup_teardown.py
[2026-05-07T22:25:17.018+0000] {logging_mixin.py:188} INFO - [2026-05-07T22:25:17.018+0000] {dag.py:3096} INFO - Sync 1 DAGs
[2026-05-07T22:25:17.036+0000] {logging_mixin.py:188} INFO - [2026-05-07T22:25:17.035+0000] {dag.py:3954} INFO - Setting next_dagrun for example_setup_teardown to 2026-05-06 00:00:00+00:00, run_after=2026-05-07 00:00:00+00:00
[2026-05-07T22:25:17.052+0000] {processor.py:183} INFO - Processing /home/airflow/.local/lib/python3.12/site-packages/airflow/example_dags/example_setup_teardown.py took 0.067 seconds
[2026-05-07T22:25:47.364+0000] {processor.py:161} INFO - Started process (PID=1484) to work on /home/airflow/.local/lib/python3.12/site-packages/airflow/example_dags/example_setup_teardown.py
[2026-05-07T22:25:47.366+0000] {processor.py:830} INFO - Processing file /home/airflow/.local/lib/python3.12/site-packages/airflow/example_dags/example_setup_teardown.py for tasks to queue
[2026-05-07T22:25:47.368+0000] {logging_mixin.py:188} INFO - [2026-05-07T22:25:47.368+0000] {dagbag.py:545} INFO - Filling up the DagBag from /home/airflow/.local/lib/python3.12/site-packages/airflow/example_dags/example_setup_teardown.py
[2026-05-07T22:25:47.374+0000] {processor.py:840} INFO - DAG(s) 'example_setup_teardown' retrieved from /home/airflow/.local/lib/python3.12/site-packages/airflow/example_dags/example_setup_teardown.py
[2026-05-07T22:25:47.395+0000] {logging_mixin.py:188} INFO - [2026-05-07T22:25:47.394+0000] {dag.py:3096} INFO - Sync 1 DAGs
[2026-05-07T22:25:47.415+0000] {logging_mixin.py:188} INFO - [2026-05-07T22:25:47.415+0000] {dag.py:3954} INFO - Setting next_dagrun for example_setup_teardown to 2026-05-06 00:00:00+00:00, run_after=2026-05-07 00:00:00+00:00
[2026-05-07T22:25:47.435+0000] {processor.py:183} INFO - Processing /home/airflow/.local/lib/python3.12/site-packages/airflow/example_dags/example_setup_teardown.py took 0.075 seconds
[2026-05-07T22:26:18.352+0000] {processor.py:161} INFO - Started process (PID=1543) to work on /home/airflow/.local/lib/python3.12/site-packages/airflow/example_dags/example_setup_teardown.py
[2026-05-07T22:26:18.354+0000] {processor.py:830} INFO - Processing file /home/airflow/.local/lib/python3.12/site-packages/airflow/example_dags/example_setup_teardown.py for tasks to queue
[2026-05-07T22:26:18.357+0000] {logging_mixin.py:188} INFO - [2026-05-07T22:26:18.357+0000] {dagbag.py:545} INFO - Filling up the DagBag from /home/airflow/.local/lib/python3.12/site-packages/airflow/example_dags/example_setup_teardown.py
[2026-05-07T22:26:18.378+0000] {processor.py:840} INFO - DAG(s) 'example_setup_teardown' retrieved from /home/airflow/.local/lib/python3.12/site-packages/airflow/example_dags/example_setup_teardown.py
[2026-05-07T22:26:18.420+0000] {logging_mixin.py:188} INFO - [2026-05-07T22:26:18.420+0000] {dag.py:3096} INFO - Sync 1 DAGs
[2026-05-07T22:26:18.459+0000] {logging_mixin.py:188} INFO - [2026-05-07T22:26:18.459+0000] {dag.py:3954} INFO - Setting next_dagrun for example_setup_teardown to 2026-05-06 00:00:00+00:00, run_after=2026-05-07 00:00:00+00:00
[2026-05-07T22:26:18.491+0000] {processor.py:183} INFO - Processing /home/airflow/.local/lib/python3.12/site-packages/airflow/example_dags/example_setup_teardown.py took 0.146 seconds
[2026-05-07T22:26:48.973+0000] {processor.py:161} INFO - Started process (PID=1601) to work on /home/airflow/.local/lib/python3.12/site-packages/airflow/example_dags/example_setup_teardown.py
[2026-05-07T22:26:48.975+0000] {processor.py:830} INFO - Processing file /home/airflow/.local/lib/python3.12/site-packages/airflow/example_dags/example_setup_teardown.py for tasks to queue
[2026-05-07T22:26:48.978+0000] {logging_mixin.py:188} INFO - [2026-05-07T22:26:48.978+0000] {dagbag.py:545} INFO - Filling up the DagBag from /home/airflow/.local/lib/python3.12/site-packages/airflow/example_dags/example_setup_teardown.py
[2026-05-07T22:26:48.986+0000] {processor.py:840} INFO - DAG(s) 'example_setup_teardown' retrieved from /home/airflow/.local/lib/python3.12/site-packages/airflow/example_dags/example_setup_teardown.py
[2026-05-07T22:26:49.011+0000] {logging_mixin.py:188} INFO - [2026-05-07T22:26:49.011+0000] {dag.py:3096} INFO - Sync 1 DAGs
[2026-05-07T22:26:49.034+0000] {logging_mixin.py:188} INFO - [2026-05-07T22:26:49.034+0000] {dag.py:3954} INFO - Setting next_dagrun for example_setup_teardown to 2026-05-06 00:00:00+00:00, run_after=2026-05-07 00:00:00+00:00
[2026-05-07T22:26:49.056+0000] {processor.py:183} INFO - Processing /home/airflow/.local/lib/python3.12/site-packages/airflow/example_dags/example_setup_teardown.py took 0.089 seconds
[2026-05-07T22:27:19.407+0000] {processor.py:161} INFO - Started process (PID=1658) to work on /home/airflow/.local/lib/python3.12/site-packages/airflow/example_dags/example_setup_teardown.py
[2026-05-07T22:27:19.408+0000] {processor.py:830} INFO - Processing file /home/airflow/.local/lib/python3.12/site-packages/airflow/example_dags/example_setup_teardown.py for tasks to queue
[2026-05-07T22:27:19.411+0000] {logging_mixin.py:188} INFO - [2026-05-07T22:27:19.410+0000] {dagbag.py:545} INFO - Filling up the DagBag from /home/airflow/.local/lib/python3.12/site-packages/airflow/example_dags/example_setup_teardown.py
[2026-05-07T22:27:19.418+0000] {processor.py:840} INFO - DAG(s) 'example_setup_teardown' retrieved from /home/airflow/.local/lib/python3.12/site-packages/airflow/example_dags/example_setup_teardown.py
[2026-05-07T22:27:19.438+0000] {logging_mixin.py:188} INFO - [2026-05-07T22:27:19.438+0000] {dag.py:3096} INFO - Sync 1 DAGs
[2026-05-07T22:27:19.459+0000] {logging_mixin.py:188} INFO - [2026-05-07T22:27:19.458+0000] {dag.py:3954} INFO - Setting next_dagrun for example_setup_teardown to 2026-05-06 00:00:00+00:00, run_after=2026-05-07 00:00:00+00:00
[2026-05-07T22:27:19.606+0000] {processor.py:183} INFO - Processing /home/airflow/.local/lib/python3.12/site-packages/airflow/example_dags/example_setup_teardown.py took 0.205 seconds
[2026-05-07T22:27:50.357+0000] {processor.py:161} INFO - Started process (PID=1715) to work on /home/airflow/.local/lib/python3.12/site-packages/airflow/example_dags/example_setup_teardown.py
[2026-05-07T22:27:50.359+0000] {processor.py:830} INFO - Processing file /home/airflow/.local/lib/python3.12/site-packages/airflow/example_dags/example_setup_teardown.py for tasks to queue
[2026-05-07T22:27:50.362+0000] {logging_mixin.py:188} INFO - [2026-05-07T22:27:50.361+0000] {dagbag.py:545} INFO - Filling up the DagBag from /home/airflow/.local/lib/python3.12/site-packages/airflow/example_dags/example_setup_teardown.py
[2026-05-07T22:27:50.369+0000] {processor.py:840} INFO - DAG(s) 'example_setup_teardown' retrieved from /home/airflow/.local/lib/python3.12/site-packages/airflow/example_dags/example_setup_teardown.py
[2026-05-07T22:27:50.393+0000] {logging_mixin.py:188} INFO - [2026-05-07T22:27:50.393+0000] {dag.py:3096} INFO - Sync 1 DAGs
[2026-05-07T22:27:50.416+0000] {logging_mixin.py:188} INFO - [2026-05-07T22:27:50.416+0000] {dag.py:3954} INFO - Setting next_dagrun for example_setup_teardown to 2026-05-06 00:00:00+00:00, run_after=2026-05-07 00:00:00+00:00
[2026-05-07T22:27:50.439+0000] {processor.py:183} INFO - Processing /home/airflow/.local/lib/python3.12/site-packages/airflow/example_dags/example_setup_teardown.py took 0.088 seconds
[2026-05-07T22:28:21.370+0000] {processor.py:161} INFO - Started process (PID=1773) to work on /home/airflow/.local/lib/python3.12/site-packages/airflow/example_dags/example_setup_teardown.py
[2026-05-07T22:28:21.372+0000] {processor.py:830} INFO - Processing file /home/airflow/.local/lib/python3.12/site-packages/airflow/example_dags/example_setup_teardown.py for tasks to queue
[2026-05-07T22:28:21.375+0000] {logging_mixin.py:188} INFO - [2026-05-07T22:28:21.375+0000] {dagbag.py:545} INFO - Filling up the DagBag from /home/airflow/.local/lib/python3.12/site-packages/airflow/example_dags/example_setup_teardown.py
[2026-05-07T22:28:21.384+0000] {processor.py:840} INFO - DAG(s) 'example_setup_teardown' retrieved from /home/airflow/.local/lib/python3.12/site-packages/airflow/example_dags/example_setup_teardown.py
[2026-05-07T22:28:21.411+0000] {logging_mixin.py:188} INFO - [2026-05-07T22:28:21.411+0000] {dag.py:3096} INFO - Sync 1 DAGs
[2026-05-07T22:28:21.438+0000] {logging_mixin.py:188} INFO - [2026-05-07T22:28:21.437+0000] {dag.py:3954} INFO - Setting next_dagrun for example_setup_teardown to 2026-05-06 00:00:00+00:00, run_after=2026-05-07 00:00:00+00:00
[2026-05-07T22:28:21.457+0000] {processor.py:183} INFO - Processing /home/airflow/.local/lib/python3.12/site-packages/airflow/example_dags/example_setup_teardown.py took 0.095 seconds
[2026-05-07T22:28:51.516+0000] {processor.py:161} INFO - Started process (PID=1830) to work on /home/airflow/.local/lib/python3.12/site-packages/airflow/example_dags/example_setup_teardown.py
[2026-05-07T22:28:51.517+0000] {processor.py:830} INFO - Processing file /home/airflow/.local/lib/python3.12/site-packages/airflow/example_dags/example_setup_teardown.py for tasks to queue
[2026-05-07T22:28:51.520+0000] {logging_mixin.py:188} INFO - [2026-05-07T22:28:51.519+0000] {dagbag.py:545} INFO - Filling up the DagBag from /home/airflow/.local/lib/python3.12/site-packages/airflow/example_dags/example_setup_teardown.py
[2026-05-07T22:28:51.528+0000] {processor.py:840} INFO - DAG(s) 'example_setup_teardown' retrieved from /home/airflow/.local/lib/python3.12/site-packages/airflow/example_dags/example_setup_teardown.py
[2026-05-07T22:28:51.553+0000] {logging_mixin.py:188} INFO - [2026-05-07T22:28:51.553+0000] {dag.py:3096} INFO - Sync 1 DAGs
[2026-05-07T22:28:51.745+0000] {logging_mixin.py:188} INFO - [2026-05-07T22:28:51.745+0000] {dag.py:3954} INFO - Setting next_dagrun for example_setup_teardown to 2026-05-06 00:00:00+00:00, run_after=2026-05-07 00:00:00+00:00
[2026-05-07T22:28:51.764+0000] {processor.py:183} INFO - Processing /home/airflow/.local/lib/python3.12/site-packages/airflow/example_dags/example_setup_teardown.py took 0.254 seconds
[2026-05-07T22:29:22.025+0000] {processor.py:161} INFO - Started process (PID=1888) to work on /home/airflow/.local/lib/python3.12/site-packages/airflow/example_dags/example_setup_teardown.py
[2026-05-07T22:29:22.027+0000] {processor.py:830} INFO - Processing file /home/airflow/.local/lib/python3.12/site-packages/airflow/example_dags/example_setup_teardown.py for tasks to queue
[2026-05-07T22:29:22.029+0000] {logging_mixin.py:188} INFO - [2026-05-07T22:29:22.029+0000] {dagbag.py:545} INFO - Filling up the DagBag from /home/airflow/.local/lib/python3.12/site-packages/airflow/example_dags/example_setup_teardown.py
[2026-05-07T22:29:22.035+0000] {processor.py:840} INFO - DAG(s) 'example_setup_teardown' retrieved from /home/airflow/.local/lib/python3.12/site-packages/airflow/example_dags/example_setup_teardown.py
[2026-05-07T22:29:22.054+0000] {logging_mixin.py:188} INFO - [2026-05-07T22:29:22.054+0000] {dag.py:3096} INFO - Sync 1 DAGs
[2026-05-07T22:29:22.075+0000] {logging_mixin.py:188} INFO - [2026-05-07T22:29:22.075+0000] {dag.py:3954} INFO - Setting next_dagrun for example_setup_teardown to 2026-05-06 00:00:00+00:00, run_after=2026-05-07 00:00:00+00:00
[2026-05-07T22:29:22.248+0000] {processor.py:183} INFO - Processing /home/airflow/.local/lib/python3.12/site-packages/airflow/example_dags/example_setup_teardown.py took 0.228 seconds
[2026-05-07T22:29:52.537+0000] {processor.py:161} INFO - Started process (PID=1947) to work on /home/airflow/.local/lib/python3.12/site-packages/airflow/example_dags/example_setup_teardown.py
[2026-05-07T22:29:52.538+0000] {processor.py:830} INFO - Processing file /home/airflow/.local/lib/python3.12/site-packages/airflow/example_dags/example_setup_teardown.py for tasks to queue
[2026-05-07T22:29:52.541+0000] {logging_mixin.py:188} INFO - [2026-05-07T22:29:52.540+0000] {dagbag.py:545} INFO - Filling up the DagBag from /home/airflow/.local/lib/python3.12/site-packages/airflow/example_dags/example_setup_teardown.py
[2026-05-07T22:29:52.546+0000] {processor.py:840} INFO - DAG(s) 'example_setup_teardown' retrieved from /home/airflow/.local/lib/python3.12/site-packages/airflow/example_dags/example_setup_teardown.py
[2026-05-07T22:29:52.565+0000] {logging_mixin.py:188} INFO - [2026-05-07T22:29:52.564+0000] {dag.py:3096} INFO - Sync 1 DAGs
[2026-05-07T22:29:52.585+0000] {logging_mixin.py:188} INFO - [2026-05-07T22:29:52.584+0000] {dag.py:3954} INFO - Setting next_dagrun for example_setup_teardown to 2026-05-06 00:00:00+00:00, run_after=2026-05-07 00:00:00+00:00
[2026-05-07T22:29:52.607+0000] {processor.py:183} INFO - Processing /home/airflow/.local/lib/python3.12/site-packages/airflow/example_dags/example_setup_teardown.py took 0.074 seconds
[2026-05-07T22:30:23.761+0000] {processor.py:161} INFO - Started process (PID=2007) to work on /home/airflow/.local/lib/python3.12/site-packages/airflow/example_dags/example_setup_teardown.py
[2026-05-07T22:30:23.763+0000] {processor.py:830} INFO - Processing file /home/airflow/.local/lib/python3.12/site-packages/airflow/example_dags/example_setup_teardown.py for tasks to queue
[2026-05-07T22:30:23.764+0000] {logging_mixin.py:188} INFO - [2026-05-07T22:30:23.764+0000] {dagbag.py:545} INFO - Filling up the DagBag from /home/airflow/.local/lib/python3.12/site-packages/airflow/example_dags/example_setup_teardown.py
[2026-05-07T22:30:23.771+0000] {processor.py:840} INFO - DAG(s) 'example_setup_teardown' retrieved from /home/airflow/.local/lib/python3.12/site-packages/airflow/example_dags/example_setup_teardown.py
[2026-05-07T22:30:23.791+0000] {logging_mixin.py:188} INFO - [2026-05-07T22:30:23.790+0000] {dag.py:3096} INFO - Sync 1 DAGs
[2026-05-07T22:30:23.816+0000] {logging_mixin.py:188} INFO - [2026-05-07T22:30:23.816+0000] {dag.py:3954} INFO - Setting next_dagrun for example_setup_teardown to 2026-05-06 00:00:00+00:00, run_after=2026-05-07 00:00:00+00:00
[2026-05-07T22:30:23.838+0000] {processor.py:183} INFO - Processing /home/airflow/.local/lib/python3.12/site-packages/airflow/example_dags/example_setup_teardown.py took 0.084 seconds
[2026-05-07T22:30:54.741+0000] {processor.py:161} INFO - Started process (PID=2065) to work on /home/airflow/.local/lib/python3.12/site-packages/airflow/example_dags/example_setup_teardown.py
[2026-05-07T22:30:54.743+0000] {processor.py:830} INFO - Processing file /home/airflow/.local/lib/python3.12/site-packages/airflow/example_dags/example_setup_teardown.py for tasks to queue
[2026-05-07T22:30:54.745+0000] {logging_mixin.py:188} INFO - [2026-05-07T22:30:54.744+0000] {dagbag.py:545} INFO - Filling up the DagBag from /home/airflow/.local/lib/python3.12/site-packages/airflow/example_dags/example_setup_teardown.py
[2026-05-07T22:30:54.751+0000] {processor.py:840} INFO - DAG(s) 'example_setup_teardown' retrieved from /home/airflow/.local/lib/python3.12/site-packages/airflow/example_dags/example_setup_teardown.py
[2026-05-07T22:30:54.771+0000] {logging_mixin.py:188} INFO - [2026-05-07T22:30:54.770+0000] {dag.py:3096} INFO - Sync 1 DAGs
[2026-05-07T22:30:54.796+0000] {logging_mixin.py:188} INFO - [2026-05-07T22:30:54.796+0000] {dag.py:3954} INFO - Setting next_dagrun for example_setup_teardown to 2026-05-06 00:00:00+00:00, run_after=2026-05-07 00:00:00+00:00
[2026-05-07T22:30:54.815+0000] {processor.py:183} INFO - Processing /home/airflow/.local/lib/python3.12/site-packages/airflow/example_dags/example_setup_teardown.py took 0.079 seconds
[2026-05-07T22:31:25.111+0000] {processor.py:161} INFO - Started process (PID=2123) to work on /home/airflow/.local/lib/python3.12/site-packages/airflow/example_dags/example_setup_teardown.py
[2026-05-07T22:31:25.113+0000] {processor.py:830} INFO - Processing file /home/airflow/.local/lib/python3.12/site-packages/airflow/example_dags/example_setup_teardown.py for tasks to queue
[2026-05-07T22:31:25.115+0000] {logging_mixin.py:188} INFO - [2026-05-07T22:31:25.115+0000] {dagbag.py:545} INFO - Filling up the DagBag from /home/airflow/.local/lib/python3.12/site-packages/airflow/example_dags/example_setup_teardown.py
[2026-05-07T22:31:25.122+0000] {processor.py:840} INFO - DAG(s) 'example_setup_teardown' retrieved from /home/airflow/.local/lib/python3.12/site-packages/airflow/example_dags/example_setup_teardown.py
[2026-05-07T22:31:25.150+0000] {logging_mixin.py:188} INFO - [2026-05-07T22:31:25.150+0000] {dag.py:3096} INFO - Sync 1 DAGs
[2026-05-07T22:31:25.172+0000] {logging_mixin.py:188} INFO - [2026-05-07T22:31:25.171+0000] {dag.py:3954} INFO - Setting next_dagrun for example_setup_teardown to 2026-05-06 00:00:00+00:00, run_after=2026-05-07 00:00:00+00:00
[2026-05-07T22:31:25.195+0000] {processor.py:183} INFO - Processing /home/airflow/.local/lib/python3.12/site-packages/airflow/example_dags/example_setup_teardown.py took 0.089 seconds
[2026-05-07T22:31:55.423+0000] {processor.py:161} INFO - Started process (PID=2181) to work on /home/airflow/.local/lib/python3.12/site-packages/airflow/example_dags/example_setup_teardown.py
[2026-05-07T22:31:55.425+0000] {processor.py:830} INFO - Processing file /home/airflow/.local/lib/python3.12/site-packages/airflow/example_dags/example_setup_teardown.py for tasks to queue
[2026-05-07T22:31:55.428+0000] {logging_mixin.py:188} INFO - [2026-05-07T22:31:55.427+0000] {dagbag.py:545} INFO - Filling up the DagBag from /home/airflow/.local/lib/python3.12/site-packages/airflow/example_dags/example_setup_teardown.py
[2026-05-07T22:31:55.438+0000] {processor.py:840} INFO - DAG(s) 'example_setup_teardown' retrieved from /home/airflow/.local/lib/python3.12/site-packages/airflow/example_dags/example_setup_teardown.py
[2026-05-07T22:31:55.469+0000] {logging_mixin.py:188} INFO - [2026-05-07T22:31:55.468+0000] {dag.py:3096} INFO - Sync 1 DAGs
[2026-05-07T22:31:55.498+0000] {logging_mixin.py:188} INFO - [2026-05-07T22:31:55.497+0000] {dag.py:3954} INFO - Setting next_dagrun for example_setup_teardown to 2026-05-06 00:00:00+00:00, run_after=2026-05-07 00:00:00+00:00
[2026-05-07T22:31:55.533+0000] {processor.py:183} INFO - Processing /home/airflow/.local/lib/python3.12/site-packages/airflow/example_dags/example_setup_teardown.py took 0.116 seconds
[2026-05-07T22:32:25.812+0000] {processor.py:161} INFO - Started process (PID=2239) to work on /home/airflow/.local/lib/python3.12/site-packages/airflow/example_dags/example_setup_teardown.py
[2026-05-07T22:32:25.814+0000] {processor.py:830} INFO - Processing file /home/airflow/.local/lib/python3.12/site-packages/airflow/example_dags/example_setup_teardown.py for tasks to queue
[2026-05-07T22:32:25.817+0000] {logging_mixin.py:188} INFO - [2026-05-07T22:32:25.816+0000] {dagbag.py:545} INFO - Filling up the DagBag from /home/airflow/.local/lib/python3.12/site-packages/airflow/example_dags/example_setup_teardown.py
[2026-05-07T22:32:25.824+0000] {processor.py:840} INFO - DAG(s) 'example_setup_teardown' retrieved from /home/airflow/.local/lib/python3.12/site-packages/airflow/example_dags/example_setup_teardown.py
[2026-05-07T22:32:25.846+0000] {logging_mixin.py:188} INFO - [2026-05-07T22:32:25.845+0000] {dag.py:3096} INFO - Sync 1 DAGs
[2026-05-07T22:32:25.868+0000] {logging_mixin.py:188} INFO - [2026-05-07T22:32:25.867+0000] {dag.py:3954} INFO - Setting next_dagrun for example_setup_teardown to 2026-05-06 00:00:00+00:00, run_after=2026-05-07 00:00:00+00:00
[2026-05-07T22:32:25.893+0000] {processor.py:183} INFO - Processing /home/airflow/.local/lib/python3.12/site-packages/airflow/example_dags/example_setup_teardown.py took 0.087 seconds
[2026-05-07T22:32:56.072+0000] {processor.py:161} INFO - Started process (PID=2297) to work on /home/airflow/.local/lib/python3.12/site-packages/airflow/example_dags/example_setup_teardown.py
[2026-05-07T22:32:56.073+0000] {processor.py:830} INFO - Processing file /home/airflow/.local/lib/python3.12/site-packages/airflow/example_dags/example_setup_teardown.py for tasks to queue
[2026-05-07T22:32:56.076+0000] {logging_mixin.py:188} INFO - [2026-05-07T22:32:56.076+0000] {dagbag.py:545} INFO - Filling up the DagBag from /home/airflow/.local/lib/python3.12/site-packages/airflow/example_dags/example_setup_teardown.py
[2026-05-07T22:32:56.085+0000] {processor.py:840} INFO - DAG(s) 'example_setup_teardown' retrieved from /home/airflow/.local/lib/python3.12/site-packages/airflow/example_dags/example_setup_teardown.py
[2026-05-07T22:32:56.108+0000] {logging_mixin.py:188} INFO - [2026-05-07T22:32:56.108+0000] {dag.py:3096} INFO - Sync 1 DAGs
[2026-05-07T22:32:56.135+0000] {logging_mixin.py:188} INFO - [2026-05-07T22:32:56.135+0000] {dag.py:3954} INFO - Setting next_dagrun for example_setup_teardown to 2026-05-06 00:00:00+00:00, run_after=2026-05-07 00:00:00+00:00
[2026-05-07T22:32:56.155+0000] {processor.py:183} INFO - Processing /home/airflow/.local/lib/python3.12/site-packages/airflow/example_dags/example_setup_teardown.py took 0.090 seconds
[2026-05-07T22:33:26.654+0000] {processor.py:161} INFO - Started process (PID=2355) to work on /home/airflow/.local/lib/python3.12/site-packages/airflow/example_dags/example_setup_teardown.py
[2026-05-07T22:33:26.655+0000] {processor.py:830} INFO - Processing file /home/airflow/.local/lib/python3.12/site-packages/airflow/example_dags/example_setup_teardown.py for tasks to queue
[2026-05-07T22:33:26.658+0000] {logging_mixin.py:188} INFO - [2026-05-07T22:33:26.657+0000] {dagbag.py:545} INFO - Filling up the DagBag from /home/airflow/.local/lib/python3.12/site-packages/airflow/example_dags/example_setup_teardown.py
[2026-05-07T22:33:26.665+0000] {processor.py:840} INFO - DAG(s) 'example_setup_teardown' retrieved from /home/airflow/.local/lib/python3.12/site-packages/airflow/example_dags/example_setup_teardown.py
[2026-05-07T22:33:26.686+0000] {logging_mixin.py:188} INFO - [2026-05-07T22:33:26.685+0000] {dag.py:3096} INFO - Sync 1 DAGs
[2026-05-07T22:33:26.707+0000] {logging_mixin.py:188} INFO - [2026-05-07T22:33:26.707+0000] {dag.py:3954} INFO - Setting next_dagrun for example_setup_teardown to 2026-05-06 00:00:00+00:00, run_after=2026-05-07 00:00:00+00:00
[2026-05-07T22:33:26.727+0000] {processor.py:183} INFO - Processing /home/airflow/.local/lib/python3.12/site-packages/airflow/example_dags/example_setup_teardown.py took 0.079 seconds
[2026-05-07T22:33:57.514+0000] {processor.py:161} INFO - Started process (PID=2414) to work on /home/airflow/.local/lib/python3.12/site-packages/airflow/example_dags/example_setup_teardown.py
[2026-05-07T22:33:57.516+0000] {processor.py:830} INFO - Processing file /home/airflow/.local/lib/python3.12/site-packages/airflow/example_dags/example_setup_teardown.py for tasks to queue
[2026-05-07T22:33:57.519+0000] {logging_mixin.py:188} INFO - [2026-05-07T22:33:57.518+0000] {dagbag.py:545} INFO - Filling up the DagBag from /home/airflow/.local/lib/python3.12/site-packages/airflow/example_dags/example_setup_teardown.py
[2026-05-07T22:33:57.525+0000] {processor.py:840} INFO - DAG(s) 'example_setup_teardown' retrieved from /home/airflow/.local/lib/python3.12/site-packages/airflow/example_dags/example_setup_teardown.py
[2026-05-07T22:33:57.548+0000] {logging_mixin.py:188} INFO - [2026-05-07T22:33:57.548+0000] {dag.py:3096} INFO - Sync 1 DAGs
[2026-05-07T22:33:57.573+0000] {logging_mixin.py:188} INFO - [2026-05-07T22:33:57.573+0000] {dag.py:3954} INFO - Setting next_dagrun for example_setup_teardown to 2026-05-06 00:00:00+00:00, run_after=2026-05-07 00:00:00+00:00
[2026-05-07T22:33:57.599+0000] {processor.py:183} INFO - Processing /home/airflow/.local/lib/python3.12/site-packages/airflow/example_dags/example_setup_teardown.py took 0.091 seconds
[2026-05-07T22:34:27.702+0000] {processor.py:161} INFO - Started process (PID=2472) to work on /home/airflow/.local/lib/python3.12/site-packages/airflow/example_dags/example_setup_teardown.py
[2026-05-07T22:34:27.703+0000] {processor.py:830} INFO - Processing file /home/airflow/.local/lib/python3.12/site-packages/airflow/example_dags/example_setup_teardown.py for tasks to queue
[2026-05-07T22:34:27.705+0000] {logging_mixin.py:188} INFO - [2026-05-07T22:34:27.704+0000] {dagbag.py:545} INFO - Filling up the DagBag from /home/airflow/.local/lib/python3.12/site-packages/airflow/example_dags/example_setup_teardown.py
[2026-05-07T22:34:27.711+0000] {processor.py:840} INFO - DAG(s) 'example_setup_teardown' retrieved from /home/airflow/.local/lib/python3.12/site-packages/airflow/example_dags/example_setup_teardown.py
[2026-05-07T22:34:27.730+0000] {logging_mixin.py:188} INFO - [2026-05-07T22:34:27.730+0000] {dag.py:3096} INFO - Sync 1 DAGs
[2026-05-07T22:34:27.751+0000] {logging_mixin.py:188} INFO - [2026-05-07T22:34:27.750+0000] {dag.py:3954} INFO - Setting next_dagrun for example_setup_teardown to 2026-05-06 00:00:00+00:00, run_after=2026-05-07 00:00:00+00:00
[2026-05-07T22:34:27.770+0000] {processor.py:183} INFO - Processing /home/airflow/.local/lib/python3.12/site-packages/airflow/example_dags/example_setup_teardown.py took 0.074 seconds
[2026-05-07T22:34:57.906+0000] {processor.py:161} INFO - Started process (PID=2529) to work on /home/airflow/.local/lib/python3.12/site-packages/airflow/example_dags/example_setup_teardown.py
[2026-05-07T22:34:57.908+0000] {processor.py:830} INFO - Processing file /home/airflow/.local/lib/python3.12/site-packages/airflow/example_dags/example_setup_teardown.py for tasks to queue
[2026-05-07T22:34:57.910+0000] {logging_mixin.py:188} INFO - [2026-05-07T22:34:57.910+0000] {dagbag.py:545} INFO - Filling up the DagBag from /home/airflow/.local/lib/python3.12/site-packages/airflow/example_dags/example_setup_teardown.py
[2026-05-07T22:34:57.923+0000] {processor.py:840} INFO - DAG(s) 'example_setup_teardown' retrieved from /home/airflow/.local/lib/python3.12/site-packages/airflow/example_dags/example_setup_teardown.py
[2026-05-07T22:34:57.943+0000] {logging_mixin.py:188} INFO - [2026-05-07T22:34:57.942+0000] {dag.py:3096} INFO - Sync 1 DAGs
[2026-05-07T22:34:57.963+0000] {logging_mixin.py:188} INFO - [2026-05-07T22:34:57.963+0000] {dag.py:3954} INFO - Setting next_dagrun for example_setup_teardown to 2026-05-06 00:00:00+00:00, run_after=2026-05-07 00:00:00+00:00
[2026-05-07T22:34:57.984+0000] {processor.py:183} INFO - Processing /home/airflow/.local/lib/python3.12/site-packages/airflow/example_dags/example_setup_teardown.py took 0.086 seconds
[2026-05-07T22:35:28.172+0000] {processor.py:161} INFO - Started process (PID=2587) to work on /home/airflow/.local/lib/python3.12/site-packages/airflow/example_dags/example_setup_teardown.py
[2026-05-07T22:35:28.174+0000] {processor.py:830} INFO - Processing file /home/airflow/.local/lib/python3.12/site-packages/airflow/example_dags/example_setup_teardown.py for tasks to queue
[2026-05-07T22:35:28.177+0000] {logging_mixin.py:188} INFO - [2026-05-07T22:35:28.176+0000] {dagbag.py:545} INFO - Filling up the DagBag from /home/airflow/.local/lib/python3.12/site-packages/airflow/example_dags/example_setup_teardown.py
[2026-05-07T22:35:28.183+0000] {processor.py:840} INFO - DAG(s) 'example_setup_teardown' retrieved from /home/airflow/.local/lib/python3.12/site-packages/airflow/example_dags/example_setup_teardown.py
[2026-05-07T22:35:28.206+0000] {logging_mixin.py:188} INFO - [2026-05-07T22:35:28.206+0000] {dag.py:3096} INFO - Sync 1 DAGs
[2026-05-07T22:35:28.230+0000] {logging_mixin.py:188} INFO - [2026-05-07T22:35:28.230+0000] {dag.py:3954} INFO - Setting next_dagrun for example_setup_teardown to 2026-05-06 00:00:00+00:00, run_after=2026-05-07 00:00:00+00:00
[2026-05-07T22:35:28.253+0000] {processor.py:183} INFO - Processing /home/airflow/.local/lib/python3.12/site-packages/airflow/example_dags/example_setup_teardown.py took 0.086 seconds
[2026-05-07T22:35:58.425+0000] {processor.py:161} INFO - Started process (PID=2645) to work on /home/airflow/.local/lib/python3.12/site-packages/airflow/example_dags/example_setup_teardown.py
[2026-05-07T22:35:58.426+0000] {processor.py:830} INFO - Processing file /home/airflow/.local/lib/python3.12/site-packages/airflow/example_dags/example_setup_teardown.py for tasks to queue
[2026-05-07T22:35:58.429+0000] {logging_mixin.py:188} INFO - [2026-05-07T22:35:58.429+0000] {dagbag.py:545} INFO - Filling up the DagBag from /home/airflow/.local/lib/python3.12/site-packages/airflow/example_dags/example_setup_teardown.py
[2026-05-07T22:35:58.435+0000] {processor.py:840} INFO - DAG(s) 'example_setup_teardown' retrieved from /home/airflow/.local/lib/python3.12/site-packages/airflow/example_dags/example_setup_teardown.py
[2026-05-07T22:35:58.457+0000] {logging_mixin.py:188} INFO - [2026-05-07T22:35:58.457+0000] {dag.py:3096} INFO - Sync 1 DAGs
[2026-05-07T22:35:58.478+0000] {logging_mixin.py:188} INFO - [2026-05-07T22:35:58.477+0000] {dag.py:3954} INFO - Setting next_dagrun for example_setup_teardown to 2026-05-06 00:00:00+00:00, run_after=2026-05-07 00:00:00+00:00
[2026-05-07T22:35:58.499+0000] {processor.py:183} INFO - Processing /home/airflow/.local/lib/python3.12/site-packages/airflow/example_dags/example_setup_teardown.py took 0.080 seconds
[2026-05-07T22:36:29.097+0000] {processor.py:161} INFO - Started process (PID=2704) to work on /home/airflow/.local/lib/python3.12/site-packages/airflow/example_dags/example_setup_teardown.py
[2026-05-07T22:36:29.098+0000] {processor.py:830} INFO - Processing file /home/airflow/.local/lib/python3.12/site-packages/airflow/example_dags/example_setup_teardown.py for tasks to queue
[2026-05-07T22:36:29.101+0000] {logging_mixin.py:188} INFO - [2026-05-07T22:36:29.100+0000] {dagbag.py:545} INFO - Filling up the DagBag from /home/airflow/.local/lib/python3.12/site-packages/airflow/example_dags/example_setup_teardown.py
[2026-05-07T22:36:29.108+0000] {processor.py:840} INFO - DAG(s) 'example_setup_teardown' retrieved from /home/airflow/.local/lib/python3.12/site-packages/airflow/example_dags/example_setup_teardown.py
[2026-05-07T22:36:29.132+0000] {logging_mixin.py:188} INFO - [2026-05-07T22:36:29.131+0000] {dag.py:3096} INFO - Sync 1 DAGs
[2026-05-07T22:36:29.155+0000] {logging_mixin.py:188} INFO - [2026-05-07T22:36:29.154+0000] {dag.py:3954} INFO - Setting next_dagrun for example_setup_teardown to 2026-05-06 00:00:00+00:00, run_after=2026-05-07 00:00:00+00:00
[2026-05-07T22:36:29.179+0000] {processor.py:183} INFO - Processing /home/airflow/.local/lib/python3.12/site-packages/airflow/example_dags/example_setup_teardown.py took 0.088 seconds
[2026-05-07T22:36:59.966+0000] {processor.py:161} INFO - Started process (PID=2762) to work on /home/airflow/.local/lib/python3.12/site-packages/airflow/example_dags/example_setup_teardown.py
[2026-05-07T22:36:59.968+0000] {processor.py:830} INFO - Processing file /home/airflow/.local/lib/python3.12/site-packages/airflow/example_dags/example_setup_teardown.py for tasks to queue
[2026-05-07T22:36:59.970+0000] {logging_mixin.py:188} INFO - [2026-05-07T22:36:59.970+0000] {dagbag.py:545} INFO - Filling up the DagBag from /home/airflow/.local/lib/python3.12/site-packages/airflow/example_dags/example_setup_teardown.py
[2026-05-07T22:36:59.977+0000] {processor.py:840} INFO - DAG(s) 'example_setup_teardown' retrieved from /home/airflow/.local/lib/python3.12/site-packages/airflow/example_dags/example_setup_teardown.py
[2026-05-07T22:36:59.997+0000] {logging_mixin.py:188} INFO - [2026-05-07T22:36:59.997+0000] {dag.py:3096} INFO - Sync 1 DAGs
[2026-05-07T22:37:00.032+0000] {logging_mixin.py:188} INFO - [2026-05-07T22:37:00.032+0000] {dag.py:3954} INFO - Setting next_dagrun for example_setup_teardown to 2026-05-06 00:00:00+00:00, run_after=2026-05-07 00:00:00+00:00
[2026-05-07T22:37:00.053+0000] {processor.py:183} INFO - Processing /home/airflow/.local/lib/python3.12/site-packages/airflow/example_dags/example_setup_teardown.py took 0.092 seconds
[2026-05-07T22:37:30.165+0000] {processor.py:161} INFO - Started process (PID=2826) to work on /home/airflow/.local/lib/python3.12/site-packages/airflow/example_dags/example_setup_teardown.py
[2026-05-07T22:37:30.166+0000] {processor.py:830} INFO - Processing file /home/airflow/.local/lib/python3.12/site-packages/airflow/example_dags/example_setup_teardown.py for tasks to queue
[2026-05-07T22:37:30.168+0000] {logging_mixin.py:188} INFO - [2026-05-07T22:37:30.167+0000] {dagbag.py:545} INFO - Filling up the DagBag from /home/airflow/.local/lib/python3.12/site-packages/airflow/example_dags/example_setup_teardown.py
[2026-05-07T22:37:30.174+0000] {processor.py:840} INFO - DAG(s) 'example_setup_teardown' retrieved from /home/airflow/.local/lib/python3.12/site-packages/airflow/example_dags/example_setup_teardown.py
[2026-05-07T22:37:30.195+0000] {logging_mixin.py:188} INFO - [2026-05-07T22:37:30.195+0000] {dag.py:3096} INFO - Sync 1 DAGs
[2026-05-07T22:37:30.215+0000] {logging_mixin.py:188} INFO - [2026-05-07T22:37:30.215+0000] {dag.py:3954} INFO - Setting next_dagrun for example_setup_teardown to 2026-05-06 00:00:00+00:00, run_after=2026-05-07 00:00:00+00:00
[2026-05-07T22:37:30.234+0000] {processor.py:183} INFO - Processing /home/airflow/.local/lib/python3.12/site-packages/airflow/example_dags/example_setup_teardown.py took 0.075 seconds
[2026-05-07T22:38:01.086+0000] {processor.py:161} INFO - Started process (PID=2884) to work on /home/airflow/.local/lib/python3.12/site-packages/airflow/example_dags/example_setup_teardown.py
[2026-05-07T22:38:01.087+0000] {processor.py:830} INFO - Processing file /home/airflow/.local/lib/python3.12/site-packages/airflow/example_dags/example_setup_teardown.py for tasks to queue
[2026-05-07T22:38:01.090+0000] {logging_mixin.py:188} INFO - [2026-05-07T22:38:01.089+0000] {dagbag.py:545} INFO - Filling up the DagBag from /home/airflow/.local/lib/python3.12/site-packages/airflow/example_dags/example_setup_teardown.py
[2026-05-07T22:38:01.096+0000] {processor.py:840} INFO - DAG(s) 'example_setup_teardown' retrieved from /home/airflow/.local/lib/python3.12/site-packages/airflow/example_dags/example_setup_teardown.py
[2026-05-07T22:38:01.117+0000] {logging_mixin.py:188} INFO - [2026-05-07T22:38:01.117+0000] {dag.py:3096} INFO - Sync 1 DAGs
[2026-05-07T22:38:01.138+0000] {logging_mixin.py:188} INFO - [2026-05-07T22:38:01.138+0000] {dag.py:3954} INFO - Setting next_dagrun for example_setup_teardown to 2026-05-06 00:00:00+00:00, run_after=2026-05-07 00:00:00+00:00
[2026-05-07T22:38:01.159+0000] {processor.py:183} INFO - Processing /home/airflow/.local/lib/python3.12/site-packages/airflow/example_dags/example_setup_teardown.py took 0.080 seconds
[2026-05-07T22:38:31.433+0000] {processor.py:161} INFO - Started process (PID=2942) to work on /home/airflow/.local/lib/python3.12/site-packages/airflow/example_dags/example_setup_teardown.py
[2026-05-07T22:38:31.435+0000] {processor.py:830} INFO - Processing file /home/airflow/.local/lib/python3.12/site-packages/airflow/example_dags/example_setup_teardown.py for tasks to queue
[2026-05-07T22:38:31.436+0000] {logging_mixin.py:188} INFO - [2026-05-07T22:38:31.436+0000] {dagbag.py:545} INFO - Filling up the DagBag from /home/airflow/.local/lib/python3.12/site-packages/airflow/example_dags/example_setup_teardown.py
[2026-05-07T22:38:31.443+0000] {processor.py:840} INFO - DAG(s) 'example_setup_teardown' retrieved from /home/airflow/.local/lib/python3.12/site-packages/airflow/example_dags/example_setup_teardown.py
[2026-05-07T22:38:31.465+0000] {logging_mixin.py:188} INFO - [2026-05-07T22:38:31.464+0000] {dag.py:3096} INFO - Sync 1 DAGs
[2026-05-07T22:38:31.494+0000] {logging_mixin.py:188} INFO - [2026-05-07T22:38:31.493+0000] {dag.py:3954} INFO - Setting next_dagrun for example_setup_teardown to 2026-05-06 00:00:00+00:00, run_after=2026-05-07 00:00:00+00:00
[2026-05-07T22:38:31.520+0000] {processor.py:183} INFO - Processing /home/airflow/.local/lib/python3.12/site-packages/airflow/example_dags/example_setup_teardown.py took 0.095 seconds
[2026-05-07T22:39:01.820+0000] {processor.py:161} INFO - Started process (PID=3000) to work on /home/airflow/.local/lib/python3.12/site-packages/airflow/example_dags/example_setup_teardown.py
[2026-05-07T22:39:01.822+0000] {processor.py:830} INFO - Processing file /home/airflow/.local/lib/python3.12/site-packages/airflow/example_dags/example_setup_teardown.py for tasks to queue
[2026-05-07T22:39:01.824+0000] {logging_mixin.py:188} INFO - [2026-05-07T22:39:01.824+0000] {dagbag.py:545} INFO - Filling up the DagBag from /home/airflow/.local/lib/python3.12/site-packages/airflow/example_dags/example_setup_teardown.py
[2026-05-07T22:39:01.831+0000] {processor.py:840} INFO - DAG(s) 'example_setup_teardown' retrieved from /home/airflow/.local/lib/python3.12/site-packages/airflow/example_dags/example_setup_teardown.py
[2026-05-07T22:39:01.851+0000] {logging_mixin.py:188} INFO - [2026-05-07T22:39:01.850+0000] {dag.py:3096} INFO - Sync 1 DAGs
[2026-05-07T22:39:01.872+0000] {logging_mixin.py:188} INFO - [2026-05-07T22:39:01.872+0000] {dag.py:3954} INFO - Setting next_dagrun for example_setup_teardown to 2026-05-06 00:00:00+00:00, run_after=2026-05-07 00:00:00+00:00
[2026-05-07T22:39:01.891+0000] {processor.py:183} INFO - Processing /home/airflow/.local/lib/python3.12/site-packages/airflow/example_dags/example_setup_teardown.py took 0.076 seconds
[2026-05-07T22:39:32.636+0000] {processor.py:161} INFO - Started process (PID=3058) to work on /home/airflow/.local/lib/python3.12/site-packages/airflow/example_dags/example_setup_teardown.py
[2026-05-07T22:39:32.637+0000] {processor.py:830} INFO - Processing file /home/airflow/.local/lib/python3.12/site-packages/airflow/example_dags/example_setup_teardown.py for tasks to queue
[2026-05-07T22:39:32.640+0000] {logging_mixin.py:188} INFO - [2026-05-07T22:39:32.639+0000] {dagbag.py:545} INFO - Filling up the DagBag from /home/airflow/.local/lib/python3.12/site-packages/airflow/example_dags/example_setup_teardown.py
[2026-05-07T22:39:32.646+0000] {processor.py:840} INFO - DAG(s) 'example_setup_teardown' retrieved from /home/airflow/.local/lib/python3.12/site-packages/airflow/example_dags/example_setup_teardown.py
[2026-05-07T22:39:32.668+0000] {logging_mixin.py:188} INFO - [2026-05-07T22:39:32.667+0000] {dag.py:3096} INFO - Sync 1 DAGs
[2026-05-07T22:39:32.689+0000] {logging_mixin.py:188} INFO - [2026-05-07T22:39:32.689+0000] {dag.py:3954} INFO - Setting next_dagrun for example_setup_teardown to 2026-05-06 00:00:00+00:00, run_after=2026-05-07 00:00:00+00:00
[2026-05-07T22:39:32.707+0000] {processor.py:183} INFO - Processing /home/airflow/.local/lib/python3.12/site-packages/airflow/example_dags/example_setup_teardown.py took 0.077 seconds
[2026-05-07T22:40:03.003+0000] {processor.py:161} INFO - Started process (PID=3116) to work on /home/airflow/.local/lib/python3.12/site-packages/airflow/example_dags/example_setup_teardown.py
[2026-05-07T22:40:03.004+0000] {processor.py:830} INFO - Processing file /home/airflow/.local/lib/python3.12/site-packages/airflow/example_dags/example_setup_teardown.py for tasks to queue
[2026-05-07T22:40:03.009+0000] {logging_mixin.py:188} INFO - [2026-05-07T22:40:03.008+0000] {dagbag.py:545} INFO - Filling up the DagBag from /home/airflow/.local/lib/python3.12/site-packages/airflow/example_dags/example_setup_teardown.py
[2026-05-07T22:40:03.016+0000] {processor.py:840} INFO - DAG(s) 'example_setup_teardown' retrieved from /home/airflow/.local/lib/python3.12/site-packages/airflow/example_dags/example_setup_teardown.py
[2026-05-07T22:40:03.037+0000] {logging_mixin.py:188} INFO - [2026-05-07T22:40:03.037+0000] {dag.py:3096} INFO - Sync 1 DAGs
[2026-05-07T22:40:03.057+0000] {logging_mixin.py:188} INFO - [2026-05-07T22:40:03.057+0000] {dag.py:3954} INFO - Setting next_dagrun for example_setup_teardown to 2026-05-06 00:00:00+00:00, run_after=2026-05-07 00:00:00+00:00
[2026-05-07T22:40:03.077+0000] {processor.py:183} INFO - Processing /home/airflow/.local/lib/python3.12/site-packages/airflow/example_dags/example_setup_teardown.py took 0.080 seconds
[2026-05-07T22:40:33.362+0000] {processor.py:161} INFO - Started process (PID=3174) to work on /home/airflow/.local/lib/python3.12/site-packages/airflow/example_dags/example_setup_teardown.py
[2026-05-07T22:40:33.363+0000] {processor.py:830} INFO - Processing file /home/airflow/.local/lib/python3.12/site-packages/airflow/example_dags/example_setup_teardown.py for tasks to queue
[2026-05-07T22:40:33.365+0000] {logging_mixin.py:188} INFO - [2026-05-07T22:40:33.365+0000] {dagbag.py:545} INFO - Filling up the DagBag from /home/airflow/.local/lib/python3.12/site-packages/airflow/example_dags/example_setup_teardown.py
[2026-05-07T22:40:33.371+0000] {processor.py:840} INFO - DAG(s) 'example_setup_teardown' retrieved from /home/airflow/.local/lib/python3.12/site-packages/airflow/example_dags/example_setup_teardown.py
[2026-05-07T22:40:33.391+0000] {logging_mixin.py:188} INFO - [2026-05-07T22:40:33.390+0000] {dag.py:3096} INFO - Sync 1 DAGs
[2026-05-07T22:40:33.414+0000] {logging_mixin.py:188} INFO - [2026-05-07T22:40:33.414+0000] {dag.py:3954} INFO - Setting next_dagrun for example_setup_teardown to 2026-05-06 00:00:00+00:00, run_after=2026-05-07 00:00:00+00:00
[2026-05-07T22:40:33.433+0000] {processor.py:183} INFO - Processing /home/airflow/.local/lib/python3.12/site-packages/airflow/example_dags/example_setup_teardown.py took 0.077 seconds
[2026-05-07T22:41:03.752+0000] {processor.py:161} INFO - Started process (PID=3232) to work on /home/airflow/.local/lib/python3.12/site-packages/airflow/example_dags/example_setup_teardown.py
[2026-05-07T22:41:03.753+0000] {processor.py:830} INFO - Processing file /home/airflow/.local/lib/python3.12/site-packages/airflow/example_dags/example_setup_teardown.py for tasks to queue
[2026-05-07T22:41:03.755+0000] {logging_mixin.py:188} INFO - [2026-05-07T22:41:03.755+0000] {dagbag.py:545} INFO - Filling up the DagBag from /home/airflow/.local/lib/python3.12/site-packages/airflow/example_dags/example_setup_teardown.py
[2026-05-07T22:41:03.763+0000] {processor.py:840} INFO - DAG(s) 'example_setup_teardown' retrieved from /home/airflow/.local/lib/python3.12/site-packages/airflow/example_dags/example_setup_teardown.py
[2026-05-07T22:41:03.784+0000] {logging_mixin.py:188} INFO - [2026-05-07T22:41:03.783+0000] {dag.py:3096} INFO - Sync 1 DAGs
[2026-05-07T22:41:03.804+0000] {logging_mixin.py:188} INFO - [2026-05-07T22:41:03.804+0000] {dag.py:3954} INFO - Setting next_dagrun for example_setup_teardown to 2026-05-06 00:00:00+00:00, run_after=2026-05-07 00:00:00+00:00
[2026-05-07T22:41:03.825+0000] {processor.py:183} INFO - Processing /home/airflow/.local/lib/python3.12/site-packages/airflow/example_dags/example_setup_teardown.py took 0.080 seconds
[2026-05-07T22:41:34.043+0000] {processor.py:161} INFO - Started process (PID=3290) to work on /home/airflow/.local/lib/python3.12/site-packages/airflow/example_dags/example_setup_teardown.py
[2026-05-07T22:41:34.044+0000] {processor.py:830} INFO - Processing file /home/airflow/.local/lib/python3.12/site-packages/airflow/example_dags/example_setup_teardown.py for tasks to queue
[2026-05-07T22:41:34.046+0000] {logging_mixin.py:188} INFO - [2026-05-07T22:41:34.046+0000] {dagbag.py:545} INFO - Filling up the DagBag from /home/airflow/.local/lib/python3.12/site-packages/airflow/example_dags/example_setup_teardown.py
[2026-05-07T22:41:34.053+0000] {processor.py:840} INFO - DAG(s) 'example_setup_teardown' retrieved from /home/airflow/.local/lib/python3.12/site-packages/airflow/example_dags/example_setup_teardown.py
[2026-05-07T22:41:34.073+0000] {logging_mixin.py:188} INFO - [2026-05-07T22:41:34.073+0000] {dag.py:3096} INFO - Sync 1 DAGs
[2026-05-07T22:41:34.094+0000] {logging_mixin.py:188} INFO - [2026-05-07T22:41:34.094+0000] {dag.py:3954} INFO - Setting next_dagrun for example_setup_teardown to 2026-05-06 00:00:00+00:00, run_after=2026-05-07 00:00:00+00:00
[2026-05-07T22:41:34.113+0000] {processor.py:183} INFO - Processing /home/airflow/.local/lib/python3.12/site-packages/airflow/example_dags/example_setup_teardown.py took 0.075 seconds
[2026-05-07T22:42:04.918+0000] {processor.py:161} INFO - Started process (PID=3346) to work on /home/airflow/.local/lib/python3.12/site-packages/airflow/example_dags/example_setup_teardown.py
[2026-05-07T22:42:04.920+0000] {processor.py:830} INFO - Processing file /home/airflow/.local/lib/python3.12/site-packages/airflow/example_dags/example_setup_teardown.py for tasks to queue
[2026-05-07T22:42:04.922+0000] {logging_mixin.py:188} INFO - [2026-05-07T22:42:04.922+0000] {dagbag.py:545} INFO - Filling up the DagBag from /home/airflow/.local/lib/python3.12/site-packages/airflow/example_dags/example_setup_teardown.py
[2026-05-07T22:42:04.929+0000] {processor.py:840} INFO - DAG(s) 'example_setup_teardown' retrieved from /home/airflow/.local/lib/python3.12/site-packages/airflow/example_dags/example_setup_teardown.py
[2026-05-07T22:42:04.949+0000] {logging_mixin.py:188} INFO - [2026-05-07T22:42:04.949+0000] {dag.py:3096} INFO - Sync 1 DAGs
[2026-05-07T22:42:04.971+0000] {logging_mixin.py:188} INFO - [2026-05-07T22:42:04.971+0000] {dag.py:3954} INFO - Setting next_dagrun for example_setup_teardown to 2026-05-06 00:00:00+00:00, run_after=2026-05-07 00:00:00+00:00
[2026-05-07T22:42:04.992+0000] {processor.py:183} INFO - Processing /home/airflow/.local/lib/python3.12/site-packages/airflow/example_dags/example_setup_teardown.py took 0.080 seconds
[2026-05-07T22:42:35.969+0000] {processor.py:161} INFO - Started process (PID=3404) to work on /home/airflow/.local/lib/python3.12/site-packages/airflow/example_dags/example_setup_teardown.py
[2026-05-07T22:42:35.970+0000] {processor.py:830} INFO - Processing file /home/airflow/.local/lib/python3.12/site-packages/airflow/example_dags/example_setup_teardown.py for tasks to queue
[2026-05-07T22:42:35.972+0000] {logging_mixin.py:188} INFO - [2026-05-07T22:42:35.971+0000] {dagbag.py:545} INFO - Filling up the DagBag from /home/airflow/.local/lib/python3.12/site-packages/airflow/example_dags/example_setup_teardown.py
[2026-05-07T22:42:35.978+0000] {processor.py:840} INFO - DAG(s) 'example_setup_teardown' retrieved from /home/airflow/.local/lib/python3.12/site-packages/airflow/example_dags/example_setup_teardown.py
[2026-05-07T22:42:35.997+0000] {logging_mixin.py:188} INFO - [2026-05-07T22:42:35.996+0000] {dag.py:3096} INFO - Sync 1 DAGs
[2026-05-07T22:42:36.017+0000] {logging_mixin.py:188} INFO - [2026-05-07T22:42:36.017+0000] {dag.py:3954} INFO - Setting next_dagrun for example_setup_teardown to 2026-05-06 00:00:00+00:00, run_after=2026-05-07 00:00:00+00:00
[2026-05-07T22:42:36.039+0000] {processor.py:183} INFO - Processing /home/airflow/.local/lib/python3.12/site-packages/airflow/example_dags/example_setup_teardown.py took 0.075 seconds
[2026-05-07T22:43:06.567+0000] {processor.py:161} INFO - Started process (PID=3461) to work on /home/airflow/.local/lib/python3.12/site-packages/airflow/example_dags/example_setup_teardown.py
[2026-05-07T22:43:06.568+0000] {processor.py:830} INFO - Processing file /home/airflow/.local/lib/python3.12/site-packages/airflow/example_dags/example_setup_teardown.py for tasks to queue
[2026-05-07T22:43:06.571+0000] {logging_mixin.py:188} INFO - [2026-05-07T22:43:06.571+0000] {dagbag.py:545} INFO - Filling up the DagBag from /home/airflow/.local/lib/python3.12/site-packages/airflow/example_dags/example_setup_teardown.py
[2026-05-07T22:43:06.578+0000] {processor.py:840} INFO - DAG(s) 'example_setup_teardown' retrieved from /home/airflow/.local/lib/python3.12/site-packages/airflow/example_dags/example_setup_teardown.py
[2026-05-07T22:43:06.600+0000] {logging_mixin.py:188} INFO - [2026-05-07T22:43:06.600+0000] {dag.py:3096} INFO - Sync 1 DAGs
[2026-05-07T22:43:06.622+0000] {logging_mixin.py:188} INFO - [2026-05-07T22:43:06.622+0000] {dag.py:3954} INFO - Setting next_dagrun for example_setup_teardown to 2026-05-06 00:00:00+00:00, run_after=2026-05-07 00:00:00+00:00
[2026-05-07T22:43:06.648+0000] {processor.py:183} INFO - Processing /home/airflow/.local/lib/python3.12/site-packages/airflow/example_dags/example_setup_teardown.py took 0.086 seconds
[2026-05-07T22:43:36.797+0000] {processor.py:161} INFO - Started process (PID=3519) to work on /home/airflow/.local/lib/python3.12/site-packages/airflow/example_dags/example_setup_teardown.py
[2026-05-07T22:43:36.799+0000] {processor.py:830} INFO - Processing file /home/airflow/.local/lib/python3.12/site-packages/airflow/example_dags/example_setup_teardown.py for tasks to queue
[2026-05-07T22:43:36.801+0000] {logging_mixin.py:188} INFO - [2026-05-07T22:43:36.801+0000] {dagbag.py:545} INFO - Filling up the DagBag from /home/airflow/.local/lib/python3.12/site-packages/airflow/example_dags/example_setup_teardown.py
[2026-05-07T22:43:36.809+0000] {processor.py:840} INFO - DAG(s) 'example_setup_teardown' retrieved from /home/airflow/.local/lib/python3.12/site-packages/airflow/example_dags/example_setup_teardown.py
[2026-05-07T22:43:36.835+0000] {logging_mixin.py:188} INFO - [2026-05-07T22:43:36.835+0000] {dag.py:3096} INFO - Sync 1 DAGs
[2026-05-07T22:43:36.862+0000] {logging_mixin.py:188} INFO - [2026-05-07T22:43:36.861+0000] {dag.py:3954} INFO - Setting next_dagrun for example_setup_teardown to 2026-05-06 00:00:00+00:00, run_after=2026-05-07 00:00:00+00:00
[2026-05-07T22:43:36.884+0000] {processor.py:183} INFO - Processing /home/airflow/.local/lib/python3.12/site-packages/airflow/example_dags/example_setup_teardown.py took 0.093 seconds
[2026-05-07T22:44:06.991+0000] {processor.py:161} INFO - Started process (PID=3576) to work on /home/airflow/.local/lib/python3.12/site-packages/airflow/example_dags/example_setup_teardown.py
[2026-05-07T22:44:06.993+0000] {processor.py:830} INFO - Processing file /home/airflow/.local/lib/python3.12/site-packages/airflow/example_dags/example_setup_teardown.py for tasks to queue
[2026-05-07T22:44:06.995+0000] {logging_mixin.py:188} INFO - [2026-05-07T22:44:06.994+0000] {dagbag.py:545} INFO - Filling up the DagBag from /home/airflow/.local/lib/python3.12/site-packages/airflow/example_dags/example_setup_teardown.py
[2026-05-07T22:44:07.002+0000] {processor.py:840} INFO - DAG(s) 'example_setup_teardown' retrieved from /home/airflow/.local/lib/python3.12/site-packages/airflow/example_dags/example_setup_teardown.py
[2026-05-07T22:44:07.023+0000] {logging_mixin.py:188} INFO - [2026-05-07T22:44:07.022+0000] {dag.py:3096} INFO - Sync 1 DAGs
[2026-05-07T22:44:07.042+0000] {logging_mixin.py:188} INFO - [2026-05-07T22:44:07.041+0000] {dag.py:3954} INFO - Setting next_dagrun for example_setup_teardown to 2026-05-06 00:00:00+00:00, run_after=2026-05-07 00:00:00+00:00
[2026-05-07T22:44:07.061+0000] {processor.py:183} INFO - Processing /home/airflow/.local/lib/python3.12/site-packages/airflow/example_dags/example_setup_teardown.py took 0.075 seconds
[2026-05-07T22:44:37.270+0000] {processor.py:161} INFO - Started process (PID=3634) to work on /home/airflow/.local/lib/python3.12/site-packages/airflow/example_dags/example_setup_teardown.py
[2026-05-07T22:44:37.271+0000] {processor.py:830} INFO - Processing file /home/airflow/.local/lib/python3.12/site-packages/airflow/example_dags/example_setup_teardown.py for tasks to queue
[2026-05-07T22:44:37.273+0000] {logging_mixin.py:188} INFO - [2026-05-07T22:44:37.273+0000] {dagbag.py:545} INFO - Filling up the DagBag from /home/airflow/.local/lib/python3.12/site-packages/airflow/example_dags/example_setup_teardown.py
[2026-05-07T22:44:37.280+0000] {processor.py:840} INFO - DAG(s) 'example_setup_teardown' retrieved from /home/airflow/.local/lib/python3.12/site-packages/airflow/example_dags/example_setup_teardown.py
[2026-05-07T22:44:37.301+0000] {logging_mixin.py:188} INFO - [2026-05-07T22:44:37.301+0000] {dag.py:3096} INFO - Sync 1 DAGs
[2026-05-07T22:44:37.321+0000] {logging_mixin.py:188} INFO - [2026-05-07T22:44:37.321+0000] {dag.py:3954} INFO - Setting next_dagrun for example_setup_teardown to 2026-05-06 00:00:00+00:00, run_after=2026-05-07 00:00:00+00:00
[2026-05-07T22:44:37.343+0000] {processor.py:183} INFO - Processing /home/airflow/.local/lib/python3.12/site-packages/airflow/example_dags/example_setup_teardown.py took 0.078 seconds
[2026-05-07T22:45:07.416+0000] {processor.py:161} INFO - Started process (PID=3690) to work on /home/airflow/.local/lib/python3.12/site-packages/airflow/example_dags/example_setup_teardown.py
[2026-05-07T22:45:07.418+0000] {processor.py:830} INFO - Processing file /home/airflow/.local/lib/python3.12/site-packages/airflow/example_dags/example_setup_teardown.py for tasks to queue
[2026-05-07T22:45:07.421+0000] {logging_mixin.py:188} INFO - [2026-05-07T22:45:07.421+0000] {dagbag.py:545} INFO - Filling up the DagBag from /home/airflow/.local/lib/python3.12/site-packages/airflow/example_dags/example_setup_teardown.py
[2026-05-07T22:45:07.431+0000] {processor.py:840} INFO - DAG(s) 'example_setup_teardown' retrieved from /home/airflow/.local/lib/python3.12/site-packages/airflow/example_dags/example_setup_teardown.py
[2026-05-07T22:45:07.453+0000] {logging_mixin.py:188} INFO - [2026-05-07T22:45:07.452+0000] {dag.py:3096} INFO - Sync 1 DAGs
[2026-05-07T22:45:07.480+0000] {logging_mixin.py:188} INFO - [2026-05-07T22:45:07.479+0000] {dag.py:3954} INFO - Setting next_dagrun for example_setup_teardown to 2026-05-06 00:00:00+00:00, run_after=2026-05-07 00:00:00+00:00
[2026-05-07T22:45:07.506+0000] {processor.py:183} INFO - Processing /home/airflow/.local/lib/python3.12/site-packages/airflow/example_dags/example_setup_teardown.py took 0.097 seconds
[2026-05-07T22:45:38.147+0000] {processor.py:161} INFO - Started process (PID=3750) to work on /home/airflow/.local/lib/python3.12/site-packages/airflow/example_dags/example_setup_teardown.py
[2026-05-07T22:45:38.149+0000] {processor.py:830} INFO - Processing file /home/airflow/.local/lib/python3.12/site-packages/airflow/example_dags/example_setup_teardown.py for tasks to queue
[2026-05-07T22:45:38.151+0000] {logging_mixin.py:188} INFO - [2026-05-07T22:45:38.151+0000] {dagbag.py:545} INFO - Filling up the DagBag from /home/airflow/.local/lib/python3.12/site-packages/airflow/example_dags/example_setup_teardown.py
[2026-05-07T22:45:38.159+0000] {processor.py:840} INFO - DAG(s) 'example_setup_teardown' retrieved from /home/airflow/.local/lib/python3.12/site-packages/airflow/example_dags/example_setup_teardown.py
[2026-05-07T22:45:38.180+0000] {logging_mixin.py:188} INFO - [2026-05-07T22:45:38.180+0000] {dag.py:3096} INFO - Sync 1 DAGs
[2026-05-07T22:45:38.206+0000] {logging_mixin.py:188} INFO - [2026-05-07T22:45:38.206+0000] {dag.py:3954} INFO - Setting next_dagrun for example_setup_teardown to 2026-05-06 00:00:00+00:00, run_after=2026-05-07 00:00:00+00:00
[2026-05-07T22:45:38.234+0000] {processor.py:183} INFO - Processing /home/airflow/.local/lib/python3.12/site-packages/airflow/example_dags/example_setup_teardown.py took 0.095 seconds
[2026-05-07T22:46:08.394+0000] {processor.py:161} INFO - Started process (PID=3808) to work on /home/airflow/.local/lib/python3.12/site-packages/airflow/example_dags/example_setup_teardown.py
[2026-05-07T22:46:08.396+0000] {processor.py:830} INFO - Processing file /home/airflow/.local/lib/python3.12/site-packages/airflow/example_dags/example_setup_teardown.py for tasks to queue
[2026-05-07T22:46:08.399+0000] {logging_mixin.py:188} INFO - [2026-05-07T22:46:08.398+0000] {dagbag.py:545} INFO - Filling up the DagBag from /home/airflow/.local/lib/python3.12/site-packages/airflow/example_dags/example_setup_teardown.py
[2026-05-07T22:46:08.405+0000] {processor.py:840} INFO - DAG(s) 'example_setup_teardown' retrieved from /home/airflow/.local/lib/python3.12/site-packages/airflow/example_dags/example_setup_teardown.py
[2026-05-07T22:46:08.431+0000] {logging_mixin.py:188} INFO - [2026-05-07T22:46:08.430+0000] {dag.py:3096} INFO - Sync 1 DAGs
[2026-05-07T22:46:08.456+0000] {logging_mixin.py:188} INFO - [2026-05-07T22:46:08.456+0000] {dag.py:3954} INFO - Setting next_dagrun for example_setup_teardown to 2026-05-06 00:00:00+00:00, run_after=2026-05-07 00:00:00+00:00
[2026-05-07T22:46:08.481+0000] {processor.py:183} INFO - Processing /home/airflow/.local/lib/python3.12/site-packages/airflow/example_dags/example_setup_teardown.py took 0.092 seconds
[2026-05-07T22:46:38.579+0000] {processor.py:161} INFO - Started process (PID=3865) to work on /home/airflow/.local/lib/python3.12/site-packages/airflow/example_dags/example_setup_teardown.py
[2026-05-07T22:46:38.580+0000] {processor.py:830} INFO - Processing file /home/airflow/.local/lib/python3.12/site-packages/airflow/example_dags/example_setup_teardown.py for tasks to queue
[2026-05-07T22:46:38.582+0000] {logging_mixin.py:188} INFO - [2026-05-07T22:46:38.582+0000] {dagbag.py:545} INFO - Filling up the DagBag from /home/airflow/.local/lib/python3.12/site-packages/airflow/example_dags/example_setup_teardown.py
[2026-05-07T22:46:38.588+0000] {processor.py:840} INFO - DAG(s) 'example_setup_teardown' retrieved from /home/airflow/.local/lib/python3.12/site-packages/airflow/example_dags/example_setup_teardown.py
[2026-05-07T22:46:38.607+0000] {logging_mixin.py:188} INFO - [2026-05-07T22:46:38.606+0000] {dag.py:3096} INFO - Sync 1 DAGs
[2026-05-07T22:46:38.624+0000] {logging_mixin.py:188} INFO - [2026-05-07T22:46:38.624+0000] {dag.py:3954} INFO - Setting next_dagrun for example_setup_teardown to 2026-05-06 00:00:00+00:00, run_after=2026-05-07 00:00:00+00:00
[2026-05-07T22:46:38.646+0000] {processor.py:183} INFO - Processing /home/airflow/.local/lib/python3.12/site-packages/airflow/example_dags/example_setup_teardown.py took 0.072 seconds
[2026-05-07T22:47:08.824+0000] {processor.py:161} INFO - Started process (PID=3923) to work on /home/airflow/.local/lib/python3.12/site-packages/airflow/example_dags/example_setup_teardown.py
[2026-05-07T22:47:08.826+0000] {processor.py:830} INFO - Processing file /home/airflow/.local/lib/python3.12/site-packages/airflow/example_dags/example_setup_teardown.py for tasks to queue
[2026-05-07T22:47:08.828+0000] {logging_mixin.py:188} INFO - [2026-05-07T22:47:08.828+0000] {dagbag.py:545} INFO - Filling up the DagBag from /home/airflow/.local/lib/python3.12/site-packages/airflow/example_dags/example_setup_teardown.py
[2026-05-07T22:47:08.835+0000] {processor.py:840} INFO - DAG(s) 'example_setup_teardown' retrieved from /home/airflow/.local/lib/python3.12/site-packages/airflow/example_dags/example_setup_teardown.py
[2026-05-07T22:47:08.854+0000] {logging_mixin.py:188} INFO - [2026-05-07T22:47:08.854+0000] {dag.py:3096} INFO - Sync 1 DAGs
[2026-05-07T22:47:08.876+0000] {logging_mixin.py:188} INFO - [2026-05-07T22:47:08.875+0000] {dag.py:3954} INFO - Setting next_dagrun for example_setup_teardown to 2026-05-06 00:00:00+00:00, run_after=2026-05-07 00:00:00+00:00
[2026-05-07T22:47:08.897+0000] {processor.py:183} INFO - Processing /home/airflow/.local/lib/python3.12/site-packages/airflow/example_dags/example_setup_teardown.py took 0.078 seconds
[2026-05-07T22:47:38.961+0000] {processor.py:161} INFO - Started process (PID=3981) to work on /home/airflow/.local/lib/python3.12/site-packages/airflow/example_dags/example_setup_teardown.py
[2026-05-07T22:47:38.962+0000] {processor.py:830} INFO - Processing file /home/airflow/.local/lib/python3.12/site-packages/airflow/example_dags/example_setup_teardown.py for tasks to queue
[2026-05-07T22:47:38.964+0000] {logging_mixin.py:188} INFO - [2026-05-07T22:47:38.964+0000] {dagbag.py:545} INFO - Filling up the DagBag from /home/airflow/.local/lib/python3.12/site-packages/airflow/example_dags/example_setup_teardown.py
[2026-05-07T22:47:38.971+0000] {processor.py:840} INFO - DAG(s) 'example_setup_teardown' retrieved from /home/airflow/.local/lib/python3.12/site-packages/airflow/example_dags/example_setup_teardown.py
[2026-05-07T22:47:38.993+0000] {logging_mixin.py:188} INFO - [2026-05-07T22:47:38.993+0000] {dag.py:3096} INFO - Sync 1 DAGs
[2026-05-07T22:47:39.013+0000] {logging_mixin.py:188} INFO - [2026-05-07T22:47:39.012+0000] {dag.py:3954} INFO - Setting next_dagrun for example_setup_teardown to 2026-05-06 00:00:00+00:00, run_after=2026-05-07 00:00:00+00:00
[2026-05-07T22:47:39.036+0000] {processor.py:183} INFO - Processing /home/airflow/.local/lib/python3.12/site-packages/airflow/example_dags/example_setup_teardown.py took 0.081 seconds
[2026-05-07T22:48:09.105+0000] {processor.py:161} INFO - Started process (PID=4038) to work on /home/airflow/.local/lib/python3.12/site-packages/airflow/example_dags/example_setup_teardown.py
[2026-05-07T22:48:09.106+0000] {processor.py:830} INFO - Processing file /home/airflow/.local/lib/python3.12/site-packages/airflow/example_dags/example_setup_teardown.py for tasks to queue
[2026-05-07T22:48:09.108+0000] {logging_mixin.py:188} INFO - [2026-05-07T22:48:09.108+0000] {dagbag.py:545} INFO - Filling up the DagBag from /home/airflow/.local/lib/python3.12/site-packages/airflow/example_dags/example_setup_teardown.py
[2026-05-07T22:48:09.115+0000] {processor.py:840} INFO - DAG(s) 'example_setup_teardown' retrieved from /home/airflow/.local/lib/python3.12/site-packages/airflow/example_dags/example_setup_teardown.py
[2026-05-07T22:48:09.137+0000] {logging_mixin.py:188} INFO - [2026-05-07T22:48:09.137+0000] {dag.py:3096} INFO - Sync 1 DAGs
[2026-05-07T22:48:09.157+0000] {logging_mixin.py:188} INFO - [2026-05-07T22:48:09.157+0000] {dag.py:3954} INFO - Setting next_dagrun for example_setup_teardown to 2026-05-06 00:00:00+00:00, run_after=2026-05-07 00:00:00+00:00
[2026-05-07T22:48:09.180+0000] {processor.py:183} INFO - Processing /home/airflow/.local/lib/python3.12/site-packages/airflow/example_dags/example_setup_teardown.py took 0.080 seconds
[2026-05-07T22:48:39.288+0000] {processor.py:161} INFO - Started process (PID=4096) to work on /home/airflow/.local/lib/python3.12/site-packages/airflow/example_dags/example_setup_teardown.py
[2026-05-07T22:48:39.289+0000] {processor.py:830} INFO - Processing file /home/airflow/.local/lib/python3.12/site-packages/airflow/example_dags/example_setup_teardown.py for tasks to queue
[2026-05-07T22:48:39.292+0000] {logging_mixin.py:188} INFO - [2026-05-07T22:48:39.291+0000] {dagbag.py:545} INFO - Filling up the DagBag from /home/airflow/.local/lib/python3.12/site-packages/airflow/example_dags/example_setup_teardown.py
[2026-05-07T22:48:39.298+0000] {processor.py:840} INFO - DAG(s) 'example_setup_teardown' retrieved from /home/airflow/.local/lib/python3.12/site-packages/airflow/example_dags/example_setup_teardown.py
[2026-05-07T22:48:39.319+0000] {logging_mixin.py:188} INFO - [2026-05-07T22:48:39.318+0000] {dag.py:3096} INFO - Sync 1 DAGs
[2026-05-07T22:48:39.339+0000] {logging_mixin.py:188} INFO - [2026-05-07T22:48:39.338+0000] {dag.py:3954} INFO - Setting next_dagrun for example_setup_teardown to 2026-05-06 00:00:00+00:00, run_after=2026-05-07 00:00:00+00:00
[2026-05-07T22:48:39.360+0000] {processor.py:183} INFO - Processing /home/airflow/.local/lib/python3.12/site-packages/airflow/example_dags/example_setup_teardown.py took 0.077 seconds
[2026-05-07T22:49:09.571+0000] {processor.py:161} INFO - Started process (PID=4154) to work on /home/airflow/.local/lib/python3.12/site-packages/airflow/example_dags/example_setup_teardown.py
[2026-05-07T22:49:09.573+0000] {processor.py:830} INFO - Processing file /home/airflow/.local/lib/python3.12/site-packages/airflow/example_dags/example_setup_teardown.py for tasks to queue
[2026-05-07T22:49:09.575+0000] {logging_mixin.py:188} INFO - [2026-05-07T22:49:09.575+0000] {dagbag.py:545} INFO - Filling up the DagBag from /home/airflow/.local/lib/python3.12/site-packages/airflow/example_dags/example_setup_teardown.py
[2026-05-07T22:49:09.581+0000] {processor.py:840} INFO - DAG(s) 'example_setup_teardown' retrieved from /home/airflow/.local/lib/python3.12/site-packages/airflow/example_dags/example_setup_teardown.py
[2026-05-07T22:49:09.602+0000] {logging_mixin.py:188} INFO - [2026-05-07T22:49:09.602+0000] {dag.py:3096} INFO - Sync 1 DAGs
[2026-05-07T22:49:09.622+0000] {logging_mixin.py:188} INFO - [2026-05-07T22:49:09.622+0000] {dag.py:3954} INFO - Setting next_dagrun for example_setup_teardown to 2026-05-06 00:00:00+00:00, run_after=2026-05-07 00:00:00+00:00
[2026-05-07T22:49:09.644+0000] {processor.py:183} INFO - Processing /home/airflow/.local/lib/python3.12/site-packages/airflow/example_dags/example_setup_teardown.py took 0.079 seconds
[2026-05-07T22:49:39.948+0000] {processor.py:161} INFO - Started process (PID=4212) to work on /home/airflow/.local/lib/python3.12/site-packages/airflow/example_dags/example_setup_teardown.py
[2026-05-07T22:49:39.949+0000] {processor.py:830} INFO - Processing file /home/airflow/.local/lib/python3.12/site-packages/airflow/example_dags/example_setup_teardown.py for tasks to queue
[2026-05-07T22:49:39.952+0000] {logging_mixin.py:188} INFO - [2026-05-07T22:49:39.951+0000] {dagbag.py:545} INFO - Filling up the DagBag from /home/airflow/.local/lib/python3.12/site-packages/airflow/example_dags/example_setup_teardown.py
[2026-05-07T22:49:39.958+0000] {processor.py:840} INFO - DAG(s) 'example_setup_teardown' retrieved from /home/airflow/.local/lib/python3.12/site-packages/airflow/example_dags/example_setup_teardown.py
[2026-05-07T22:49:39.979+0000] {logging_mixin.py:188} INFO - [2026-05-07T22:49:39.978+0000] {dag.py:3096} INFO - Sync 1 DAGs
[2026-05-07T22:49:39.998+0000] {logging_mixin.py:188} INFO - [2026-05-07T22:49:39.998+0000] {dag.py:3954} INFO - Setting next_dagrun for example_setup_teardown to 2026-05-06 00:00:00+00:00, run_after=2026-05-07 00:00:00+00:00
[2026-05-07T22:49:40.018+0000] {processor.py:183} INFO - Processing /home/airflow/.local/lib/python3.12/site-packages/airflow/example_dags/example_setup_teardown.py took 0.076 seconds
[2026-05-07T22:50:10.358+0000] {processor.py:161} INFO - Started process (PID=4270) to work on /home/airflow/.local/lib/python3.12/site-packages/airflow/example_dags/example_setup_teardown.py
[2026-05-07T22:50:10.359+0000] {processor.py:830} INFO - Processing file /home/airflow/.local/lib/python3.12/site-packages/airflow/example_dags/example_setup_teardown.py for tasks to queue
[2026-05-07T22:50:10.361+0000] {logging_mixin.py:188} INFO - [2026-05-07T22:50:10.361+0000] {dagbag.py:545} INFO - Filling up the DagBag from /home/airflow/.local/lib/python3.12/site-packages/airflow/example_dags/example_setup_teardown.py
[2026-05-07T22:50:10.367+0000] {processor.py:840} INFO - DAG(s) 'example_setup_teardown' retrieved from /home/airflow/.local/lib/python3.12/site-packages/airflow/example_dags/example_setup_teardown.py
[2026-05-07T22:50:10.390+0000] {logging_mixin.py:188} INFO - [2026-05-07T22:50:10.390+0000] {dag.py:3096} INFO - Sync 1 DAGs
[2026-05-07T22:50:10.409+0000] {logging_mixin.py:188} INFO - [2026-05-07T22:50:10.409+0000] {dag.py:3954} INFO - Setting next_dagrun for example_setup_teardown to 2026-05-06 00:00:00+00:00, run_after=2026-05-07 00:00:00+00:00
[2026-05-07T22:50:10.431+0000] {processor.py:183} INFO - Processing /home/airflow/.local/lib/python3.12/site-packages/airflow/example_dags/example_setup_teardown.py took 0.079 seconds
[2026-05-07T22:50:40.552+0000] {processor.py:161} INFO - Started process (PID=4328) to work on /home/airflow/.local/lib/python3.12/site-packages/airflow/example_dags/example_setup_teardown.py
[2026-05-07T22:50:40.554+0000] {processor.py:830} INFO - Processing file /home/airflow/.local/lib/python3.12/site-packages/airflow/example_dags/example_setup_teardown.py for tasks to queue
[2026-05-07T22:50:40.556+0000] {logging_mixin.py:188} INFO - [2026-05-07T22:50:40.556+0000] {dagbag.py:545} INFO - Filling up the DagBag from /home/airflow/.local/lib/python3.12/site-packages/airflow/example_dags/example_setup_teardown.py
[2026-05-07T22:50:40.564+0000] {processor.py:840} INFO - DAG(s) 'example_setup_teardown' retrieved from /home/airflow/.local/lib/python3.12/site-packages/airflow/example_dags/example_setup_teardown.py
[2026-05-07T22:50:40.584+0000] {logging_mixin.py:188} INFO - [2026-05-07T22:50:40.584+0000] {dag.py:3096} INFO - Sync 1 DAGs
[2026-05-07T22:50:40.605+0000] {logging_mixin.py:188} INFO - [2026-05-07T22:50:40.604+0000] {dag.py:3954} INFO - Setting next_dagrun for example_setup_teardown to 2026-05-06 00:00:00+00:00, run_after=2026-05-07 00:00:00+00:00
[2026-05-07T22:50:40.627+0000] {processor.py:183} INFO - Processing /home/airflow/.local/lib/python3.12/site-packages/airflow/example_dags/example_setup_teardown.py took 0.081 seconds
[2026-05-07T22:51:11.216+0000] {processor.py:161} INFO - Started process (PID=4386) to work on /home/airflow/.local/lib/python3.12/site-packages/airflow/example_dags/example_setup_teardown.py
[2026-05-07T22:51:11.217+0000] {processor.py:830} INFO - Processing file /home/airflow/.local/lib/python3.12/site-packages/airflow/example_dags/example_setup_teardown.py for tasks to queue
[2026-05-07T22:51:11.219+0000] {logging_mixin.py:188} INFO - [2026-05-07T22:51:11.219+0000] {dagbag.py:545} INFO - Filling up the DagBag from /home/airflow/.local/lib/python3.12/site-packages/airflow/example_dags/example_setup_teardown.py
[2026-05-07T22:51:11.226+0000] {processor.py:840} INFO - DAG(s) 'example_setup_teardown' retrieved from /home/airflow/.local/lib/python3.12/site-packages/airflow/example_dags/example_setup_teardown.py
[2026-05-07T22:51:11.245+0000] {logging_mixin.py:188} INFO - [2026-05-07T22:51:11.245+0000] {dag.py:3096} INFO - Sync 1 DAGs
[2026-05-07T22:51:11.264+0000] {logging_mixin.py:188} INFO - [2026-05-07T22:51:11.264+0000] {dag.py:3954} INFO - Setting next_dagrun for example_setup_teardown to 2026-05-06 00:00:00+00:00, run_after=2026-05-07 00:00:00+00:00
[2026-05-07T22:51:11.288+0000] {processor.py:183} INFO - Processing /home/airflow/.local/lib/python3.12/site-packages/airflow/example_dags/example_setup_teardown.py took 0.077 seconds
[2026-05-07T22:51:41.372+0000] {processor.py:161} INFO - Started process (PID=4442) to work on /home/airflow/.local/lib/python3.12/site-packages/airflow/example_dags/example_setup_teardown.py
[2026-05-07T22:51:41.373+0000] {processor.py:830} INFO - Processing file /home/airflow/.local/lib/python3.12/site-packages/airflow/example_dags/example_setup_teardown.py for tasks to queue
[2026-05-07T22:51:41.376+0000] {logging_mixin.py:188} INFO - [2026-05-07T22:51:41.376+0000] {dagbag.py:545} INFO - Filling up the DagBag from /home/airflow/.local/lib/python3.12/site-packages/airflow/example_dags/example_setup_teardown.py
[2026-05-07T22:51:41.382+0000] {processor.py:840} INFO - DAG(s) 'example_setup_teardown' retrieved from /home/airflow/.local/lib/python3.12/site-packages/airflow/example_dags/example_setup_teardown.py
[2026-05-07T22:51:41.402+0000] {logging_mixin.py:188} INFO - [2026-05-07T22:51:41.401+0000] {dag.py:3096} INFO - Sync 1 DAGs
[2026-05-07T22:51:41.420+0000] {logging_mixin.py:188} INFO - [2026-05-07T22:51:41.419+0000] {dag.py:3954} INFO - Setting next_dagrun for example_setup_teardown to 2026-05-06 00:00:00+00:00, run_after=2026-05-07 00:00:00+00:00
[2026-05-07T22:51:41.438+0000] {processor.py:183} INFO - Processing /home/airflow/.local/lib/python3.12/site-packages/airflow/example_dags/example_setup_teardown.py took 0.071 seconds
[2026-05-07T22:52:11.505+0000] {processor.py:161} INFO - Started process (PID=4500) to work on /home/airflow/.local/lib/python3.12/site-packages/airflow/example_dags/example_setup_teardown.py
[2026-05-07T22:52:11.506+0000] {processor.py:830} INFO - Processing file /home/airflow/.local/lib/python3.12/site-packages/airflow/example_dags/example_setup_teardown.py for tasks to queue
[2026-05-07T22:52:11.508+0000] {logging_mixin.py:188} INFO - [2026-05-07T22:52:11.508+0000] {dagbag.py:545} INFO - Filling up the DagBag from /home/airflow/.local/lib/python3.12/site-packages/airflow/example_dags/example_setup_teardown.py
[2026-05-07T22:52:11.515+0000] {processor.py:840} INFO - DAG(s) 'example_setup_teardown' retrieved from /home/airflow/.local/lib/python3.12/site-packages/airflow/example_dags/example_setup_teardown.py
[2026-05-07T22:52:11.536+0000] {logging_mixin.py:188} INFO - [2026-05-07T22:52:11.536+0000] {dag.py:3096} INFO - Sync 1 DAGs
[2026-05-07T22:52:11.554+0000] {logging_mixin.py:188} INFO - [2026-05-07T22:52:11.554+0000] {dag.py:3954} INFO - Setting next_dagrun for example_setup_teardown to 2026-05-06 00:00:00+00:00, run_after=2026-05-07 00:00:00+00:00
[2026-05-07T22:52:11.575+0000] {processor.py:183} INFO - Processing /home/airflow/.local/lib/python3.12/site-packages/airflow/example_dags/example_setup_teardown.py took 0.079 seconds
[2026-05-07T22:52:41.838+0000] {processor.py:161} INFO - Started process (PID=4558) to work on /home/airflow/.local/lib/python3.12/site-packages/airflow/example_dags/example_setup_teardown.py
[2026-05-07T22:52:41.839+0000] {processor.py:830} INFO - Processing file /home/airflow/.local/lib/python3.12/site-packages/airflow/example_dags/example_setup_teardown.py for tasks to queue
[2026-05-07T22:52:41.842+0000] {logging_mixin.py:188} INFO - [2026-05-07T22:52:41.842+0000] {dagbag.py:545} INFO - Filling up the DagBag from /home/airflow/.local/lib/python3.12/site-packages/airflow/example_dags/example_setup_teardown.py
[2026-05-07T22:52:41.849+0000] {processor.py:840} INFO - DAG(s) 'example_setup_teardown' retrieved from /home/airflow/.local/lib/python3.12/site-packages/airflow/example_dags/example_setup_teardown.py
[2026-05-07T22:52:41.870+0000] {logging_mixin.py:188} INFO - [2026-05-07T22:52:41.870+0000] {dag.py:3096} INFO - Sync 1 DAGs
[2026-05-07T22:52:41.891+0000] {logging_mixin.py:188} INFO - [2026-05-07T22:52:41.891+0000] {dag.py:3954} INFO - Setting next_dagrun for example_setup_teardown to 2026-05-06 00:00:00+00:00, run_after=2026-05-07 00:00:00+00:00
[2026-05-07T22:52:41.911+0000] {processor.py:183} INFO - Processing /home/airflow/.local/lib/python3.12/site-packages/airflow/example_dags/example_setup_teardown.py took 0.079 seconds
[2026-05-07T22:53:12.497+0000] {processor.py:161} INFO - Started process (PID=4618) to work on /home/airflow/.local/lib/python3.12/site-packages/airflow/example_dags/example_setup_teardown.py
[2026-05-07T22:53:12.498+0000] {processor.py:830} INFO - Processing file /home/airflow/.local/lib/python3.12/site-packages/airflow/example_dags/example_setup_teardown.py for tasks to queue
[2026-05-07T22:53:12.501+0000] {logging_mixin.py:188} INFO - [2026-05-07T22:53:12.500+0000] {dagbag.py:545} INFO - Filling up the DagBag from /home/airflow/.local/lib/python3.12/site-packages/airflow/example_dags/example_setup_teardown.py
[2026-05-07T22:53:12.510+0000] {processor.py:840} INFO - DAG(s) 'example_setup_teardown' retrieved from /home/airflow/.local/lib/python3.12/site-packages/airflow/example_dags/example_setup_teardown.py
[2026-05-07T22:53:12.533+0000] {logging_mixin.py:188} INFO - [2026-05-07T22:53:12.533+0000] {dag.py:3096} INFO - Sync 1 DAGs
[2026-05-07T22:53:12.561+0000] {logging_mixin.py:188} INFO - [2026-05-07T22:53:12.561+0000] {dag.py:3954} INFO - Setting next_dagrun for example_setup_teardown to 2026-05-06 00:00:00+00:00, run_after=2026-05-07 00:00:00+00:00
[2026-05-07T22:53:12.585+0000] {processor.py:183} INFO - Processing /home/airflow/.local/lib/python3.12/site-packages/airflow/example_dags/example_setup_teardown.py took 0.094 seconds
[2026-05-07T22:53:42.933+0000] {processor.py:161} INFO - Started process (PID=4676) to work on /home/airflow/.local/lib/python3.12/site-packages/airflow/example_dags/example_setup_teardown.py
[2026-05-07T22:53:42.934+0000] {processor.py:830} INFO - Processing file /home/airflow/.local/lib/python3.12/site-packages/airflow/example_dags/example_setup_teardown.py for tasks to queue
[2026-05-07T22:53:42.936+0000] {logging_mixin.py:188} INFO - [2026-05-07T22:53:42.936+0000] {dagbag.py:545} INFO - Filling up the DagBag from /home/airflow/.local/lib/python3.12/site-packages/airflow/example_dags/example_setup_teardown.py
[2026-05-07T22:53:42.942+0000] {processor.py:840} INFO - DAG(s) 'example_setup_teardown' retrieved from /home/airflow/.local/lib/python3.12/site-packages/airflow/example_dags/example_setup_teardown.py
[2026-05-07T22:53:42.961+0000] {logging_mixin.py:188} INFO - [2026-05-07T22:53:42.961+0000] {dag.py:3096} INFO - Sync 1 DAGs
[2026-05-07T22:53:42.981+0000] {logging_mixin.py:188} INFO - [2026-05-07T22:53:42.981+0000] {dag.py:3954} INFO - Setting next_dagrun for example_setup_teardown to 2026-05-06 00:00:00+00:00, run_after=2026-05-07 00:00:00+00:00
[2026-05-07T22:53:43.001+0000] {processor.py:183} INFO - Processing /home/airflow/.local/lib/python3.12/site-packages/airflow/example_dags/example_setup_teardown.py took 0.074 seconds
[2026-05-07T22:54:13.133+0000] {processor.py:161} INFO - Started process (PID=4733) to work on /home/airflow/.local/lib/python3.12/site-packages/airflow/example_dags/example_setup_teardown.py
[2026-05-07T22:54:13.134+0000] {processor.py:830} INFO - Processing file /home/airflow/.local/lib/python3.12/site-packages/airflow/example_dags/example_setup_teardown.py for tasks to queue
[2026-05-07T22:54:13.136+0000] {logging_mixin.py:188} INFO - [2026-05-07T22:54:13.136+0000] {dagbag.py:545} INFO - Filling up the DagBag from /home/airflow/.local/lib/python3.12/site-packages/airflow/example_dags/example_setup_teardown.py
[2026-05-07T22:54:13.143+0000] {processor.py:840} INFO - DAG(s) 'example_setup_teardown' retrieved from /home/airflow/.local/lib/python3.12/site-packages/airflow/example_dags/example_setup_teardown.py
[2026-05-07T22:54:13.165+0000] {logging_mixin.py:188} INFO - [2026-05-07T22:54:13.165+0000] {dag.py:3096} INFO - Sync 1 DAGs
[2026-05-07T22:54:13.184+0000] {logging_mixin.py:188} INFO - [2026-05-07T22:54:13.184+0000] {dag.py:3954} INFO - Setting next_dagrun for example_setup_teardown to 2026-05-06 00:00:00+00:00, run_after=2026-05-07 00:00:00+00:00
[2026-05-07T22:54:13.206+0000] {processor.py:183} INFO - Processing /home/airflow/.local/lib/python3.12/site-packages/airflow/example_dags/example_setup_teardown.py took 0.079 seconds
[2026-05-07T22:54:43.521+0000] {processor.py:161} INFO - Started process (PID=4791) to work on /home/airflow/.local/lib/python3.12/site-packages/airflow/example_dags/example_setup_teardown.py
[2026-05-07T22:54:43.522+0000] {processor.py:830} INFO - Processing file /home/airflow/.local/lib/python3.12/site-packages/airflow/example_dags/example_setup_teardown.py for tasks to queue
[2026-05-07T22:54:43.524+0000] {logging_mixin.py:188} INFO - [2026-05-07T22:54:43.524+0000] {dagbag.py:545} INFO - Filling up the DagBag from /home/airflow/.local/lib/python3.12/site-packages/airflow/example_dags/example_setup_teardown.py
[2026-05-07T22:54:43.532+0000] {processor.py:840} INFO - DAG(s) 'example_setup_teardown' retrieved from /home/airflow/.local/lib/python3.12/site-packages/airflow/example_dags/example_setup_teardown.py
[2026-05-07T22:54:43.554+0000] {logging_mixin.py:188} INFO - [2026-05-07T22:54:43.554+0000] {dag.py:3096} INFO - Sync 1 DAGs
[2026-05-07T22:54:43.575+0000] {logging_mixin.py:188} INFO - [2026-05-07T22:54:43.574+0000] {dag.py:3954} INFO - Setting next_dagrun for example_setup_teardown to 2026-05-06 00:00:00+00:00, run_after=2026-05-07 00:00:00+00:00
[2026-05-07T22:54:43.597+0000] {processor.py:183} INFO - Processing /home/airflow/.local/lib/python3.12/site-packages/airflow/example_dags/example_setup_teardown.py took 0.082 seconds
[2026-05-07T22:55:13.697+0000] {processor.py:161} INFO - Started process (PID=4849) to work on /home/airflow/.local/lib/python3.12/site-packages/airflow/example_dags/example_setup_teardown.py
[2026-05-07T22:55:13.699+0000] {processor.py:830} INFO - Processing file /home/airflow/.local/lib/python3.12/site-packages/airflow/example_dags/example_setup_teardown.py for tasks to queue
[2026-05-07T22:55:13.701+0000] {logging_mixin.py:188} INFO - [2026-05-07T22:55:13.701+0000] {dagbag.py:545} INFO - Filling up the DagBag from /home/airflow/.local/lib/python3.12/site-packages/airflow/example_dags/example_setup_teardown.py
[2026-05-07T22:55:13.708+0000] {processor.py:840} INFO - DAG(s) 'example_setup_teardown' retrieved from /home/airflow/.local/lib/python3.12/site-packages/airflow/example_dags/example_setup_teardown.py
[2026-05-07T22:55:13.730+0000] {logging_mixin.py:188} INFO - [2026-05-07T22:55:13.730+0000] {dag.py:3096} INFO - Sync 1 DAGs
[2026-05-07T22:55:13.749+0000] {logging_mixin.py:188} INFO - [2026-05-07T22:55:13.749+0000] {dag.py:3954} INFO - Setting next_dagrun for example_setup_teardown to 2026-05-06 00:00:00+00:00, run_after=2026-05-07 00:00:00+00:00
[2026-05-07T22:55:13.768+0000] {processor.py:183} INFO - Processing /home/airflow/.local/lib/python3.12/site-packages/airflow/example_dags/example_setup_teardown.py took 0.076 seconds
[2026-05-07T22:55:44.008+0000] {processor.py:161} INFO - Started process (PID=4907) to work on /home/airflow/.local/lib/python3.12/site-packages/airflow/example_dags/example_setup_teardown.py
[2026-05-07T22:55:44.010+0000] {processor.py:830} INFO - Processing file /home/airflow/.local/lib/python3.12/site-packages/airflow/example_dags/example_setup_teardown.py for tasks to queue
[2026-05-07T22:55:44.012+0000] {logging_mixin.py:188} INFO - [2026-05-07T22:55:44.012+0000] {dagbag.py:545} INFO - Filling up the DagBag from /home/airflow/.local/lib/python3.12/site-packages/airflow/example_dags/example_setup_teardown.py
[2026-05-07T22:55:44.020+0000] {processor.py:840} INFO - DAG(s) 'example_setup_teardown' retrieved from /home/airflow/.local/lib/python3.12/site-packages/airflow/example_dags/example_setup_teardown.py
[2026-05-07T22:55:44.040+0000] {logging_mixin.py:188} INFO - [2026-05-07T22:55:44.040+0000] {dag.py:3096} INFO - Sync 1 DAGs
[2026-05-07T22:55:44.060+0000] {logging_mixin.py:188} INFO - [2026-05-07T22:55:44.060+0000] {dag.py:3954} INFO - Setting next_dagrun for example_setup_teardown to 2026-05-06 00:00:00+00:00, run_after=2026-05-07 00:00:00+00:00
[2026-05-07T22:55:44.081+0000] {processor.py:183} INFO - Processing /home/airflow/.local/lib/python3.12/site-packages/airflow/example_dags/example_setup_teardown.py took 0.079 seconds
[2026-05-07T22:56:14.260+0000] {processor.py:161} INFO - Started process (PID=4965) to work on /home/airflow/.local/lib/python3.12/site-packages/airflow/example_dags/example_setup_teardown.py
[2026-05-07T22:56:14.261+0000] {processor.py:830} INFO - Processing file /home/airflow/.local/lib/python3.12/site-packages/airflow/example_dags/example_setup_teardown.py for tasks to queue
[2026-05-07T22:56:14.263+0000] {logging_mixin.py:188} INFO - [2026-05-07T22:56:14.263+0000] {dagbag.py:545} INFO - Filling up the DagBag from /home/airflow/.local/lib/python3.12/site-packages/airflow/example_dags/example_setup_teardown.py
[2026-05-07T22:56:14.270+0000] {processor.py:840} INFO - DAG(s) 'example_setup_teardown' retrieved from /home/airflow/.local/lib/python3.12/site-packages/airflow/example_dags/example_setup_teardown.py
[2026-05-07T22:56:14.292+0000] {logging_mixin.py:188} INFO - [2026-05-07T22:56:14.292+0000] {dag.py:3096} INFO - Sync 1 DAGs
[2026-05-07T22:56:14.315+0000] {logging_mixin.py:188} INFO - [2026-05-07T22:56:14.315+0000] {dag.py:3954} INFO - Setting next_dagrun for example_setup_teardown to 2026-05-06 00:00:00+00:00, run_after=2026-05-07 00:00:00+00:00
[2026-05-07T22:56:14.338+0000] {processor.py:183} INFO - Processing /home/airflow/.local/lib/python3.12/site-packages/airflow/example_dags/example_setup_teardown.py took 0.084 seconds
[2026-05-07T22:56:44.989+0000] {processor.py:161} INFO - Started process (PID=5023) to work on /home/airflow/.local/lib/python3.12/site-packages/airflow/example_dags/example_setup_teardown.py
[2026-05-07T22:56:44.993+0000] {processor.py:830} INFO - Processing file /home/airflow/.local/lib/python3.12/site-packages/airflow/example_dags/example_setup_teardown.py for tasks to queue
[2026-05-07T22:56:44.998+0000] {logging_mixin.py:188} INFO - [2026-05-07T22:56:44.997+0000] {dagbag.py:545} INFO - Filling up the DagBag from /home/airflow/.local/lib/python3.12/site-packages/airflow/example_dags/example_setup_teardown.py
[2026-05-07T22:56:45.013+0000] {processor.py:840} INFO - DAG(s) 'example_setup_teardown' retrieved from /home/airflow/.local/lib/python3.12/site-packages/airflow/example_dags/example_setup_teardown.py
[2026-05-07T22:56:45.057+0000] {logging_mixin.py:188} INFO - [2026-05-07T22:56:45.057+0000] {dag.py:3096} INFO - Sync 1 DAGs
[2026-05-07T22:56:45.095+0000] {logging_mixin.py:188} INFO - [2026-05-07T22:56:45.094+0000] {dag.py:3954} INFO - Setting next_dagrun for example_setup_teardown to 2026-05-06 00:00:00+00:00, run_after=2026-05-07 00:00:00+00:00
[2026-05-07T22:56:45.126+0000] {processor.py:183} INFO - Processing /home/airflow/.local/lib/python3.12/site-packages/airflow/example_dags/example_setup_teardown.py took 0.147 seconds
[2026-05-07T22:57:15.472+0000] {processor.py:161} INFO - Started process (PID=5081) to work on /home/airflow/.local/lib/python3.12/site-packages/airflow/example_dags/example_setup_teardown.py
[2026-05-07T22:57:15.473+0000] {processor.py:830} INFO - Processing file /home/airflow/.local/lib/python3.12/site-packages/airflow/example_dags/example_setup_teardown.py for tasks to queue
[2026-05-07T22:57:15.475+0000] {logging_mixin.py:188} INFO - [2026-05-07T22:57:15.475+0000] {dagbag.py:545} INFO - Filling up the DagBag from /home/airflow/.local/lib/python3.12/site-packages/airflow/example_dags/example_setup_teardown.py
[2026-05-07T22:57:15.482+0000] {processor.py:840} INFO - DAG(s) 'example_setup_teardown' retrieved from /home/airflow/.local/lib/python3.12/site-packages/airflow/example_dags/example_setup_teardown.py
[2026-05-07T22:57:15.501+0000] {logging_mixin.py:188} INFO - [2026-05-07T22:57:15.501+0000] {dag.py:3096} INFO - Sync 1 DAGs
[2026-05-07T22:57:15.523+0000] {logging_mixin.py:188} INFO - [2026-05-07T22:57:15.522+0000] {dag.py:3954} INFO - Setting next_dagrun for example_setup_teardown to 2026-05-06 00:00:00+00:00, run_after=2026-05-07 00:00:00+00:00
[2026-05-07T22:57:15.542+0000] {processor.py:183} INFO - Processing /home/airflow/.local/lib/python3.12/site-packages/airflow/example_dags/example_setup_teardown.py took 0.075 seconds
[2026-05-07T22:57:45.636+0000] {processor.py:161} INFO - Started process (PID=5138) to work on /home/airflow/.local/lib/python3.12/site-packages/airflow/example_dags/example_setup_teardown.py
[2026-05-07T22:57:45.637+0000] {processor.py:830} INFO - Processing file /home/airflow/.local/lib/python3.12/site-packages/airflow/example_dags/example_setup_teardown.py for tasks to queue
[2026-05-07T22:57:45.640+0000] {logging_mixin.py:188} INFO - [2026-05-07T22:57:45.640+0000] {dagbag.py:545} INFO - Filling up the DagBag from /home/airflow/.local/lib/python3.12/site-packages/airflow/example_dags/example_setup_teardown.py
[2026-05-07T22:57:45.647+0000] {processor.py:840} INFO - DAG(s) 'example_setup_teardown' retrieved from /home/airflow/.local/lib/python3.12/site-packages/airflow/example_dags/example_setup_teardown.py
[2026-05-07T22:57:45.667+0000] {logging_mixin.py:188} INFO - [2026-05-07T22:57:45.666+0000] {dag.py:3096} INFO - Sync 1 DAGs
[2026-05-07T22:57:45.684+0000] {logging_mixin.py:188} INFO - [2026-05-07T22:57:45.684+0000] {dag.py:3954} INFO - Setting next_dagrun for example_setup_teardown to 2026-05-06 00:00:00+00:00, run_after=2026-05-07 00:00:00+00:00
[2026-05-07T22:57:45.704+0000] {processor.py:183} INFO - Processing /home/airflow/.local/lib/python3.12/site-packages/airflow/example_dags/example_setup_teardown.py took 0.073 seconds
[2026-05-07T22:58:16.032+0000] {processor.py:161} INFO - Started process (PID=5197) to work on /home/airflow/.local/lib/python3.12/site-packages/airflow/example_dags/example_setup_teardown.py
[2026-05-07T22:58:16.033+0000] {processor.py:830} INFO - Processing file /home/airflow/.local/lib/python3.12/site-packages/airflow/example_dags/example_setup_teardown.py for tasks to queue
[2026-05-07T22:58:16.034+0000] {logging_mixin.py:188} INFO - [2026-05-07T22:58:16.034+0000] {dagbag.py:545} INFO - Filling up the DagBag from /home/airflow/.local/lib/python3.12/site-packages/airflow/example_dags/example_setup_teardown.py
[2026-05-07T22:58:16.041+0000] {processor.py:840} INFO - DAG(s) 'example_setup_teardown' retrieved from /home/airflow/.local/lib/python3.12/site-packages/airflow/example_dags/example_setup_teardown.py
[2026-05-07T22:58:16.063+0000] {logging_mixin.py:188} INFO - [2026-05-07T22:58:16.063+0000] {dag.py:3096} INFO - Sync 1 DAGs
[2026-05-07T22:58:16.083+0000] {logging_mixin.py:188} INFO - [2026-05-07T22:58:16.083+0000] {dag.py:3954} INFO - Setting next_dagrun for example_setup_teardown to 2026-05-06 00:00:00+00:00, run_after=2026-05-07 00:00:00+00:00
[2026-05-07T22:58:16.104+0000] {processor.py:183} INFO - Processing /home/airflow/.local/lib/python3.12/site-packages/airflow/example_dags/example_setup_teardown.py took 0.078 seconds
[2026-05-07T22:58:46.416+0000] {processor.py:161} INFO - Started process (PID=5255) to work on /home/airflow/.local/lib/python3.12/site-packages/airflow/example_dags/example_setup_teardown.py
[2026-05-07T22:58:46.417+0000] {processor.py:830} INFO - Processing file /home/airflow/.local/lib/python3.12/site-packages/airflow/example_dags/example_setup_teardown.py for tasks to queue
[2026-05-07T22:58:46.420+0000] {logging_mixin.py:188} INFO - [2026-05-07T22:58:46.419+0000] {dagbag.py:545} INFO - Filling up the DagBag from /home/airflow/.local/lib/python3.12/site-packages/airflow/example_dags/example_setup_teardown.py
[2026-05-07T22:58:46.426+0000] {processor.py:840} INFO - DAG(s) 'example_setup_teardown' retrieved from /home/airflow/.local/lib/python3.12/site-packages/airflow/example_dags/example_setup_teardown.py
[2026-05-07T22:58:46.449+0000] {logging_mixin.py:188} INFO - [2026-05-07T22:58:46.449+0000] {dag.py:3096} INFO - Sync 1 DAGs
[2026-05-07T22:58:46.469+0000] {logging_mixin.py:188} INFO - [2026-05-07T22:58:46.469+0000] {dag.py:3954} INFO - Setting next_dagrun for example_setup_teardown to 2026-05-06 00:00:00+00:00, run_after=2026-05-07 00:00:00+00:00
[2026-05-07T22:58:46.492+0000] {processor.py:183} INFO - Processing /home/airflow/.local/lib/python3.12/site-packages/airflow/example_dags/example_setup_teardown.py took 0.082 seconds
[2026-05-07T22:59:17.184+0000] {processor.py:161} INFO - Started process (PID=5313) to work on /home/airflow/.local/lib/python3.12/site-packages/airflow/example_dags/example_setup_teardown.py
[2026-05-07T22:59:17.185+0000] {processor.py:830} INFO - Processing file /home/airflow/.local/lib/python3.12/site-packages/airflow/example_dags/example_setup_teardown.py for tasks to queue
[2026-05-07T22:59:17.188+0000] {logging_mixin.py:188} INFO - [2026-05-07T22:59:17.187+0000] {dagbag.py:545} INFO - Filling up the DagBag from /home/airflow/.local/lib/python3.12/site-packages/airflow/example_dags/example_setup_teardown.py
[2026-05-07T22:59:17.195+0000] {processor.py:840} INFO - DAG(s) 'example_setup_teardown' retrieved from /home/airflow/.local/lib/python3.12/site-packages/airflow/example_dags/example_setup_teardown.py
[2026-05-07T22:59:17.218+0000] {logging_mixin.py:188} INFO - [2026-05-07T22:59:17.218+0000] {dag.py:3096} INFO - Sync 1 DAGs
[2026-05-07T22:59:17.242+0000] {logging_mixin.py:188} INFO - [2026-05-07T22:59:17.242+0000] {dag.py:3954} INFO - Setting next_dagrun for example_setup_teardown to 2026-05-06 00:00:00+00:00, run_after=2026-05-07 00:00:00+00:00
[2026-05-07T22:59:17.268+0000] {processor.py:183} INFO - Processing /home/airflow/.local/lib/python3.12/site-packages/airflow/example_dags/example_setup_teardown.py took 0.092 seconds
[2026-05-07T22:59:47.670+0000] {processor.py:161} INFO - Started process (PID=5371) to work on /home/airflow/.local/lib/python3.12/site-packages/airflow/example_dags/example_setup_teardown.py
[2026-05-07T22:59:47.671+0000] {processor.py:830} INFO - Processing file /home/airflow/.local/lib/python3.12/site-packages/airflow/example_dags/example_setup_teardown.py for tasks to queue
[2026-05-07T22:59:47.674+0000] {logging_mixin.py:188} INFO - [2026-05-07T22:59:47.674+0000] {dagbag.py:545} INFO - Filling up the DagBag from /home/airflow/.local/lib/python3.12/site-packages/airflow/example_dags/example_setup_teardown.py
[2026-05-07T22:59:47.684+0000] {processor.py:840} INFO - DAG(s) 'example_setup_teardown' retrieved from /home/airflow/.local/lib/python3.12/site-packages/airflow/example_dags/example_setup_teardown.py
[2026-05-07T22:59:47.720+0000] {logging_mixin.py:188} INFO - [2026-05-07T22:59:47.720+0000] {dag.py:3096} INFO - Sync 1 DAGs
[2026-05-07T22:59:47.755+0000] {logging_mixin.py:188} INFO - [2026-05-07T22:59:47.754+0000] {dag.py:3954} INFO - Setting next_dagrun for example_setup_teardown to 2026-05-06 00:00:00+00:00, run_after=2026-05-07 00:00:00+00:00
[2026-05-07T22:59:47.783+0000] {processor.py:183} INFO - Processing /home/airflow/.local/lib/python3.12/site-packages/airflow/example_dags/example_setup_teardown.py took 0.120 seconds
[2026-05-07T23:00:18.192+0000] {processor.py:161} INFO - Started process (PID=5429) to work on /home/airflow/.local/lib/python3.12/site-packages/airflow/example_dags/example_setup_teardown.py
[2026-05-07T23:00:18.193+0000] {processor.py:830} INFO - Processing file /home/airflow/.local/lib/python3.12/site-packages/airflow/example_dags/example_setup_teardown.py for tasks to queue
[2026-05-07T23:00:18.196+0000] {logging_mixin.py:188} INFO - [2026-05-07T23:00:18.196+0000] {dagbag.py:545} INFO - Filling up the DagBag from /home/airflow/.local/lib/python3.12/site-packages/airflow/example_dags/example_setup_teardown.py
[2026-05-07T23:00:18.204+0000] {processor.py:840} INFO - DAG(s) 'example_setup_teardown' retrieved from /home/airflow/.local/lib/python3.12/site-packages/airflow/example_dags/example_setup_teardown.py
[2026-05-07T23:00:18.227+0000] {logging_mixin.py:188} INFO - [2026-05-07T23:00:18.227+0000] {dag.py:3096} INFO - Sync 1 DAGs
[2026-05-07T23:00:18.248+0000] {logging_mixin.py:188} INFO - [2026-05-07T23:00:18.248+0000] {dag.py:3954} INFO - Setting next_dagrun for example_setup_teardown to 2026-05-06 00:00:00+00:00, run_after=2026-05-07 00:00:00+00:00
[2026-05-07T23:00:18.273+0000] {processor.py:183} INFO - Processing /home/airflow/.local/lib/python3.12/site-packages/airflow/example_dags/example_setup_teardown.py took 0.086 seconds
[2026-05-07T23:00:48.770+0000] {processor.py:161} INFO - Started process (PID=5487) to work on /home/airflow/.local/lib/python3.12/site-packages/airflow/example_dags/example_setup_teardown.py
[2026-05-07T23:00:48.771+0000] {processor.py:830} INFO - Processing file /home/airflow/.local/lib/python3.12/site-packages/airflow/example_dags/example_setup_teardown.py for tasks to queue
[2026-05-07T23:00:48.773+0000] {logging_mixin.py:188} INFO - [2026-05-07T23:00:48.773+0000] {dagbag.py:545} INFO - Filling up the DagBag from /home/airflow/.local/lib/python3.12/site-packages/airflow/example_dags/example_setup_teardown.py
[2026-05-07T23:00:48.779+0000] {processor.py:840} INFO - DAG(s) 'example_setup_teardown' retrieved from /home/airflow/.local/lib/python3.12/site-packages/airflow/example_dags/example_setup_teardown.py
[2026-05-07T23:00:48.800+0000] {logging_mixin.py:188} INFO - [2026-05-07T23:00:48.800+0000] {dag.py:3096} INFO - Sync 1 DAGs
[2026-05-07T23:00:48.820+0000] {logging_mixin.py:188} INFO - [2026-05-07T23:00:48.820+0000] {dag.py:3954} INFO - Setting next_dagrun for example_setup_teardown to 2026-05-06 00:00:00+00:00, run_after=2026-05-07 00:00:00+00:00
[2026-05-07T23:00:48.839+0000] {processor.py:183} INFO - Processing /home/airflow/.local/lib/python3.12/site-packages/airflow/example_dags/example_setup_teardown.py took 0.075 seconds
[2026-05-07T23:01:19.284+0000] {processor.py:161} INFO - Started process (PID=5545) to work on /home/airflow/.local/lib/python3.12/site-packages/airflow/example_dags/example_setup_teardown.py
[2026-05-07T23:01:19.285+0000] {processor.py:830} INFO - Processing file /home/airflow/.local/lib/python3.12/site-packages/airflow/example_dags/example_setup_teardown.py for tasks to queue
[2026-05-07T23:01:19.287+0000] {logging_mixin.py:188} INFO - [2026-05-07T23:01:19.287+0000] {dagbag.py:545} INFO - Filling up the DagBag from /home/airflow/.local/lib/python3.12/site-packages/airflow/example_dags/example_setup_teardown.py
[2026-05-07T23:01:19.294+0000] {processor.py:840} INFO - DAG(s) 'example_setup_teardown' retrieved from /home/airflow/.local/lib/python3.12/site-packages/airflow/example_dags/example_setup_teardown.py
[2026-05-07T23:01:19.314+0000] {logging_mixin.py:188} INFO - [2026-05-07T23:01:19.314+0000] {dag.py:3096} INFO - Sync 1 DAGs
[2026-05-07T23:01:19.336+0000] {logging_mixin.py:188} INFO - [2026-05-07T23:01:19.335+0000] {dag.py:3954} INFO - Setting next_dagrun for example_setup_teardown to 2026-05-06 00:00:00+00:00, run_after=2026-05-07 00:00:00+00:00
[2026-05-07T23:01:19.357+0000] {processor.py:183} INFO - Processing /home/airflow/.local/lib/python3.12/site-packages/airflow/example_dags/example_setup_teardown.py took 0.079 seconds
[2026-05-07T23:01:49.570+0000] {processor.py:161} INFO - Started process (PID=5603) to work on /home/airflow/.local/lib/python3.12/site-packages/airflow/example_dags/example_setup_teardown.py
[2026-05-07T23:01:49.571+0000] {processor.py:830} INFO - Processing file /home/airflow/.local/lib/python3.12/site-packages/airflow/example_dags/example_setup_teardown.py for tasks to queue
[2026-05-07T23:01:49.573+0000] {logging_mixin.py:188} INFO - [2026-05-07T23:01:49.572+0000] {dagbag.py:545} INFO - Filling up the DagBag from /home/airflow/.local/lib/python3.12/site-packages/airflow/example_dags/example_setup_teardown.py
[2026-05-07T23:01:49.580+0000] {processor.py:840} INFO - DAG(s) 'example_setup_teardown' retrieved from /home/airflow/.local/lib/python3.12/site-packages/airflow/example_dags/example_setup_teardown.py
[2026-05-07T23:01:49.602+0000] {logging_mixin.py:188} INFO - [2026-05-07T23:01:49.602+0000] {dag.py:3096} INFO - Sync 1 DAGs
[2026-05-07T23:01:49.624+0000] {logging_mixin.py:188} INFO - [2026-05-07T23:01:49.623+0000] {dag.py:3954} INFO - Setting next_dagrun for example_setup_teardown to 2026-05-06 00:00:00+00:00, run_after=2026-05-07 00:00:00+00:00
[2026-05-07T23:01:49.646+0000] {processor.py:183} INFO - Processing /home/airflow/.local/lib/python3.12/site-packages/airflow/example_dags/example_setup_teardown.py took 0.082 seconds
[2026-05-07T23:02:20.085+0000] {processor.py:161} INFO - Started process (PID=5660) to work on /home/airflow/.local/lib/python3.12/site-packages/airflow/example_dags/example_setup_teardown.py
[2026-05-07T23:02:20.086+0000] {processor.py:830} INFO - Processing file /home/airflow/.local/lib/python3.12/site-packages/airflow/example_dags/example_setup_teardown.py for tasks to queue
[2026-05-07T23:02:20.088+0000] {logging_mixin.py:188} INFO - [2026-05-07T23:02:20.088+0000] {dagbag.py:545} INFO - Filling up the DagBag from /home/airflow/.local/lib/python3.12/site-packages/airflow/example_dags/example_setup_teardown.py
[2026-05-07T23:02:20.096+0000] {processor.py:840} INFO - DAG(s) 'example_setup_teardown' retrieved from /home/airflow/.local/lib/python3.12/site-packages/airflow/example_dags/example_setup_teardown.py
[2026-05-07T23:02:20.117+0000] {logging_mixin.py:188} INFO - [2026-05-07T23:02:20.116+0000] {dag.py:3096} INFO - Sync 1 DAGs
[2026-05-07T23:02:20.137+0000] {logging_mixin.py:188} INFO - [2026-05-07T23:02:20.137+0000] {dag.py:3954} INFO - Setting next_dagrun for example_setup_teardown to 2026-05-06 00:00:00+00:00, run_after=2026-05-07 00:00:00+00:00
[2026-05-07T23:02:20.157+0000] {processor.py:183} INFO - Processing /home/airflow/.local/lib/python3.12/site-packages/airflow/example_dags/example_setup_teardown.py took 0.077 seconds
[2026-05-07T23:02:50.547+0000] {processor.py:161} INFO - Started process (PID=5717) to work on /home/airflow/.local/lib/python3.12/site-packages/airflow/example_dags/example_setup_teardown.py
[2026-05-07T23:02:50.548+0000] {processor.py:830} INFO - Processing file /home/airflow/.local/lib/python3.12/site-packages/airflow/example_dags/example_setup_teardown.py for tasks to queue
[2026-05-07T23:02:50.550+0000] {logging_mixin.py:188} INFO - [2026-05-07T23:02:50.550+0000] {dagbag.py:545} INFO - Filling up the DagBag from /home/airflow/.local/lib/python3.12/site-packages/airflow/example_dags/example_setup_teardown.py
[2026-05-07T23:02:50.559+0000] {processor.py:840} INFO - DAG(s) 'example_setup_teardown' retrieved from /home/airflow/.local/lib/python3.12/site-packages/airflow/example_dags/example_setup_teardown.py
[2026-05-07T23:02:50.584+0000] {logging_mixin.py:188} INFO - [2026-05-07T23:02:50.583+0000] {dag.py:3096} INFO - Sync 1 DAGs
[2026-05-07T23:02:50.605+0000] {logging_mixin.py:188} INFO - [2026-05-07T23:02:50.605+0000] {dag.py:3954} INFO - Setting next_dagrun for example_setup_teardown to 2026-05-06 00:00:00+00:00, run_after=2026-05-07 00:00:00+00:00
[2026-05-07T23:02:50.627+0000] {processor.py:183} INFO - Processing /home/airflow/.local/lib/python3.12/site-packages/airflow/example_dags/example_setup_teardown.py took 0.085 seconds
[2026-05-07T23:03:21.062+0000] {processor.py:161} INFO - Started process (PID=5775) to work on /home/airflow/.local/lib/python3.12/site-packages/airflow/example_dags/example_setup_teardown.py
[2026-05-07T23:03:21.063+0000] {processor.py:830} INFO - Processing file /home/airflow/.local/lib/python3.12/site-packages/airflow/example_dags/example_setup_teardown.py for tasks to queue
[2026-05-07T23:03:21.065+0000] {logging_mixin.py:188} INFO - [2026-05-07T23:03:21.065+0000] {dagbag.py:545} INFO - Filling up the DagBag from /home/airflow/.local/lib/python3.12/site-packages/airflow/example_dags/example_setup_teardown.py
[2026-05-07T23:03:21.073+0000] {processor.py:840} INFO - DAG(s) 'example_setup_teardown' retrieved from /home/airflow/.local/lib/python3.12/site-packages/airflow/example_dags/example_setup_teardown.py
[2026-05-07T23:03:21.094+0000] {logging_mixin.py:188} INFO - [2026-05-07T23:03:21.094+0000] {dag.py:3096} INFO - Sync 1 DAGs
[2026-05-07T23:03:21.118+0000] {logging_mixin.py:188} INFO - [2026-05-07T23:03:21.118+0000] {dag.py:3954} INFO - Setting next_dagrun for example_setup_teardown to 2026-05-06 00:00:00+00:00, run_after=2026-05-07 00:00:00+00:00
[2026-05-07T23:03:21.138+0000] {processor.py:183} INFO - Processing /home/airflow/.local/lib/python3.12/site-packages/airflow/example_dags/example_setup_teardown.py took 0.082 seconds
[2026-05-07T23:03:51.460+0000] {processor.py:161} INFO - Started process (PID=5833) to work on /home/airflow/.local/lib/python3.12/site-packages/airflow/example_dags/example_setup_teardown.py
[2026-05-07T23:03:51.462+0000] {processor.py:830} INFO - Processing file /home/airflow/.local/lib/python3.12/site-packages/airflow/example_dags/example_setup_teardown.py for tasks to queue
[2026-05-07T23:03:51.464+0000] {logging_mixin.py:188} INFO - [2026-05-07T23:03:51.463+0000] {dagbag.py:545} INFO - Filling up the DagBag from /home/airflow/.local/lib/python3.12/site-packages/airflow/example_dags/example_setup_teardown.py
[2026-05-07T23:03:51.471+0000] {processor.py:840} INFO - DAG(s) 'example_setup_teardown' retrieved from /home/airflow/.local/lib/python3.12/site-packages/airflow/example_dags/example_setup_teardown.py
[2026-05-07T23:03:51.493+0000] {logging_mixin.py:188} INFO - [2026-05-07T23:03:51.493+0000] {dag.py:3096} INFO - Sync 1 DAGs
[2026-05-07T23:03:51.514+0000] {logging_mixin.py:188} INFO - [2026-05-07T23:03:51.514+0000] {dag.py:3954} INFO - Setting next_dagrun for example_setup_teardown to 2026-05-06 00:00:00+00:00, run_after=2026-05-07 00:00:00+00:00
[2026-05-07T23:03:51.534+0000] {processor.py:183} INFO - Processing /home/airflow/.local/lib/python3.12/site-packages/airflow/example_dags/example_setup_teardown.py took 0.080 seconds
[2026-05-07T23:04:21.692+0000] {processor.py:161} INFO - Started process (PID=5891) to work on /home/airflow/.local/lib/python3.12/site-packages/airflow/example_dags/example_setup_teardown.py
[2026-05-07T23:04:21.693+0000] {processor.py:830} INFO - Processing file /home/airflow/.local/lib/python3.12/site-packages/airflow/example_dags/example_setup_teardown.py for tasks to queue
[2026-05-07T23:04:21.695+0000] {logging_mixin.py:188} INFO - [2026-05-07T23:04:21.695+0000] {dagbag.py:545} INFO - Filling up the DagBag from /home/airflow/.local/lib/python3.12/site-packages/airflow/example_dags/example_setup_teardown.py
[2026-05-07T23:04:21.702+0000] {processor.py:840} INFO - DAG(s) 'example_setup_teardown' retrieved from /home/airflow/.local/lib/python3.12/site-packages/airflow/example_dags/example_setup_teardown.py
[2026-05-07T23:04:21.723+0000] {logging_mixin.py:188} INFO - [2026-05-07T23:04:21.723+0000] {dag.py:3096} INFO - Sync 1 DAGs
[2026-05-07T23:04:21.745+0000] {logging_mixin.py:188} INFO - [2026-05-07T23:04:21.745+0000] {dag.py:3954} INFO - Setting next_dagrun for example_setup_teardown to 2026-05-06 00:00:00+00:00, run_after=2026-05-07 00:00:00+00:00
[2026-05-07T23:04:21.766+0000] {processor.py:183} INFO - Processing /home/airflow/.local/lib/python3.12/site-packages/airflow/example_dags/example_setup_teardown.py took 0.080 seconds
[2026-05-07T23:04:52.031+0000] {processor.py:161} INFO - Started process (PID=5947) to work on /home/airflow/.local/lib/python3.12/site-packages/airflow/example_dags/example_setup_teardown.py
[2026-05-07T23:04:52.033+0000] {processor.py:830} INFO - Processing file /home/airflow/.local/lib/python3.12/site-packages/airflow/example_dags/example_setup_teardown.py for tasks to queue
[2026-05-07T23:04:52.035+0000] {logging_mixin.py:188} INFO - [2026-05-07T23:04:52.035+0000] {dagbag.py:545} INFO - Filling up the DagBag from /home/airflow/.local/lib/python3.12/site-packages/airflow/example_dags/example_setup_teardown.py
[2026-05-07T23:04:52.043+0000] {processor.py:840} INFO - DAG(s) 'example_setup_teardown' retrieved from /home/airflow/.local/lib/python3.12/site-packages/airflow/example_dags/example_setup_teardown.py
[2026-05-07T23:04:52.069+0000] {logging_mixin.py:188} INFO - [2026-05-07T23:04:52.068+0000] {dag.py:3096} INFO - Sync 1 DAGs
[2026-05-07T23:04:52.091+0000] {logging_mixin.py:188} INFO - [2026-05-07T23:04:52.091+0000] {dag.py:3954} INFO - Setting next_dagrun for example_setup_teardown to 2026-05-06 00:00:00+00:00, run_after=2026-05-07 00:00:00+00:00
[2026-05-07T23:04:52.112+0000] {processor.py:183} INFO - Processing /home/airflow/.local/lib/python3.12/site-packages/airflow/example_dags/example_setup_teardown.py took 0.087 seconds
[2026-05-07T23:05:22.975+0000] {processor.py:161} INFO - Started process (PID=6005) to work on /home/airflow/.local/lib/python3.12/site-packages/airflow/example_dags/example_setup_teardown.py
[2026-05-07T23:05:22.976+0000] {processor.py:830} INFO - Processing file /home/airflow/.local/lib/python3.12/site-packages/airflow/example_dags/example_setup_teardown.py for tasks to queue
[2026-05-07T23:05:22.979+0000] {logging_mixin.py:188} INFO - [2026-05-07T23:05:22.978+0000] {dagbag.py:545} INFO - Filling up the DagBag from /home/airflow/.local/lib/python3.12/site-packages/airflow/example_dags/example_setup_teardown.py
[2026-05-07T23:05:22.985+0000] {processor.py:840} INFO - DAG(s) 'example_setup_teardown' retrieved from /home/airflow/.local/lib/python3.12/site-packages/airflow/example_dags/example_setup_teardown.py
[2026-05-07T23:05:23.009+0000] {logging_mixin.py:188} INFO - [2026-05-07T23:05:23.009+0000] {dag.py:3096} INFO - Sync 1 DAGs
[2026-05-07T23:05:23.031+0000] {logging_mixin.py:188} INFO - [2026-05-07T23:05:23.030+0000] {dag.py:3954} INFO - Setting next_dagrun for example_setup_teardown to 2026-05-06 00:00:00+00:00, run_after=2026-05-07 00:00:00+00:00
[2026-05-07T23:05:23.054+0000] {processor.py:183} INFO - Processing /home/airflow/.local/lib/python3.12/site-packages/airflow/example_dags/example_setup_teardown.py took 0.085 seconds
[2026-05-07T23:05:53.676+0000] {processor.py:161} INFO - Started process (PID=6063) to work on /home/airflow/.local/lib/python3.12/site-packages/airflow/example_dags/example_setup_teardown.py
[2026-05-07T23:05:53.678+0000] {processor.py:830} INFO - Processing file /home/airflow/.local/lib/python3.12/site-packages/airflow/example_dags/example_setup_teardown.py for tasks to queue
[2026-05-07T23:05:53.681+0000] {logging_mixin.py:188} INFO - [2026-05-07T23:05:53.680+0000] {dagbag.py:545} INFO - Filling up the DagBag from /home/airflow/.local/lib/python3.12/site-packages/airflow/example_dags/example_setup_teardown.py
[2026-05-07T23:05:53.688+0000] {processor.py:840} INFO - DAG(s) 'example_setup_teardown' retrieved from /home/airflow/.local/lib/python3.12/site-packages/airflow/example_dags/example_setup_teardown.py
[2026-05-07T23:05:53.747+0000] {logging_mixin.py:188} INFO - [2026-05-07T23:05:53.747+0000] {dag.py:3096} INFO - Sync 1 DAGs
[2026-05-07T23:05:53.772+0000] {logging_mixin.py:188} INFO - [2026-05-07T23:05:53.772+0000] {dag.py:3954} INFO - Setting next_dagrun for example_setup_teardown to 2026-05-06 00:00:00+00:00, run_after=2026-05-07 00:00:00+00:00
[2026-05-07T23:05:53.810+0000] {processor.py:183} INFO - Processing /home/airflow/.local/lib/python3.12/site-packages/airflow/example_dags/example_setup_teardown.py took 0.142 seconds
[2026-05-07T23:06:23.958+0000] {processor.py:161} INFO - Started process (PID=6121) to work on /home/airflow/.local/lib/python3.12/site-packages/airflow/example_dags/example_setup_teardown.py
[2026-05-07T23:06:23.960+0000] {processor.py:830} INFO - Processing file /home/airflow/.local/lib/python3.12/site-packages/airflow/example_dags/example_setup_teardown.py for tasks to queue
[2026-05-07T23:06:23.963+0000] {logging_mixin.py:188} INFO - [2026-05-07T23:06:23.963+0000] {dagbag.py:545} INFO - Filling up the DagBag from /home/airflow/.local/lib/python3.12/site-packages/airflow/example_dags/example_setup_teardown.py
[2026-05-07T23:06:23.971+0000] {processor.py:840} INFO - DAG(s) 'example_setup_teardown' retrieved from /home/airflow/.local/lib/python3.12/site-packages/airflow/example_dags/example_setup_teardown.py
[2026-05-07T23:06:23.995+0000] {logging_mixin.py:188} INFO - [2026-05-07T23:06:23.995+0000] {dag.py:3096} INFO - Sync 1 DAGs
[2026-05-07T23:06:24.014+0000] {logging_mixin.py:188} INFO - [2026-05-07T23:06:24.014+0000] {dag.py:3954} INFO - Setting next_dagrun for example_setup_teardown to 2026-05-06 00:00:00+00:00, run_after=2026-05-07 00:00:00+00:00
[2026-05-07T23:06:24.035+0000] {processor.py:183} INFO - Processing /home/airflow/.local/lib/python3.12/site-packages/airflow/example_dags/example_setup_teardown.py took 0.084 seconds
[2026-05-07T23:06:54.243+0000] {processor.py:161} INFO - Started process (PID=6180) to work on /home/airflow/.local/lib/python3.12/site-packages/airflow/example_dags/example_setup_teardown.py
[2026-05-07T23:06:54.244+0000] {processor.py:830} INFO - Processing file /home/airflow/.local/lib/python3.12/site-packages/airflow/example_dags/example_setup_teardown.py for tasks to queue
[2026-05-07T23:06:54.247+0000] {logging_mixin.py:188} INFO - [2026-05-07T23:06:54.246+0000] {dagbag.py:545} INFO - Filling up the DagBag from /home/airflow/.local/lib/python3.12/site-packages/airflow/example_dags/example_setup_teardown.py
[2026-05-07T23:06:54.254+0000] {processor.py:840} INFO - DAG(s) 'example_setup_teardown' retrieved from /home/airflow/.local/lib/python3.12/site-packages/airflow/example_dags/example_setup_teardown.py
[2026-05-07T23:06:54.274+0000] {logging_mixin.py:188} INFO - [2026-05-07T23:06:54.274+0000] {dag.py:3096} INFO - Sync 1 DAGs
[2026-05-07T23:06:54.293+0000] {logging_mixin.py:188} INFO - [2026-05-07T23:06:54.293+0000] {dag.py:3954} INFO - Setting next_dagrun for example_setup_teardown to 2026-05-06 00:00:00+00:00, run_after=2026-05-07 00:00:00+00:00
[2026-05-07T23:06:54.314+0000] {processor.py:183} INFO - Processing /home/airflow/.local/lib/python3.12/site-packages/airflow/example_dags/example_setup_teardown.py took 0.076 seconds
[2026-05-07T23:07:24.446+0000] {processor.py:161} INFO - Started process (PID=6237) to work on /home/airflow/.local/lib/python3.12/site-packages/airflow/example_dags/example_setup_teardown.py
[2026-05-07T23:07:24.447+0000] {processor.py:830} INFO - Processing file /home/airflow/.local/lib/python3.12/site-packages/airflow/example_dags/example_setup_teardown.py for tasks to queue
[2026-05-07T23:07:24.449+0000] {logging_mixin.py:188} INFO - [2026-05-07T23:07:24.449+0000] {dagbag.py:545} INFO - Filling up the DagBag from /home/airflow/.local/lib/python3.12/site-packages/airflow/example_dags/example_setup_teardown.py
[2026-05-07T23:07:24.456+0000] {processor.py:840} INFO - DAG(s) 'example_setup_teardown' retrieved from /home/airflow/.local/lib/python3.12/site-packages/airflow/example_dags/example_setup_teardown.py
[2026-05-07T23:07:24.479+0000] {logging_mixin.py:188} INFO - [2026-05-07T23:07:24.479+0000] {dag.py:3096} INFO - Sync 1 DAGs
[2026-05-07T23:07:24.499+0000] {logging_mixin.py:188} INFO - [2026-05-07T23:07:24.498+0000] {dag.py:3954} INFO - Setting next_dagrun for example_setup_teardown to 2026-05-06 00:00:00+00:00, run_after=2026-05-07 00:00:00+00:00
[2026-05-07T23:07:24.520+0000] {processor.py:183} INFO - Processing /home/airflow/.local/lib/python3.12/site-packages/airflow/example_dags/example_setup_teardown.py took 0.080 seconds
[2026-05-07T23:07:54.708+0000] {processor.py:161} INFO - Started process (PID=6295) to work on /home/airflow/.local/lib/python3.12/site-packages/airflow/example_dags/example_setup_teardown.py
[2026-05-07T23:07:54.709+0000] {processor.py:830} INFO - Processing file /home/airflow/.local/lib/python3.12/site-packages/airflow/example_dags/example_setup_teardown.py for tasks to queue
[2026-05-07T23:07:54.712+0000] {logging_mixin.py:188} INFO - [2026-05-07T23:07:54.712+0000] {dagbag.py:545} INFO - Filling up the DagBag from /home/airflow/.local/lib/python3.12/site-packages/airflow/example_dags/example_setup_teardown.py
[2026-05-07T23:07:54.719+0000] {processor.py:840} INFO - DAG(s) 'example_setup_teardown' retrieved from /home/airflow/.local/lib/python3.12/site-packages/airflow/example_dags/example_setup_teardown.py
[2026-05-07T23:07:54.741+0000] {logging_mixin.py:188} INFO - [2026-05-07T23:07:54.741+0000] {dag.py:3096} INFO - Sync 1 DAGs
[2026-05-07T23:07:54.760+0000] {logging_mixin.py:188} INFO - [2026-05-07T23:07:54.760+0000] {dag.py:3954} INFO - Setting next_dagrun for example_setup_teardown to 2026-05-06 00:00:00+00:00, run_after=2026-05-07 00:00:00+00:00
[2026-05-07T23:07:54.780+0000] {processor.py:183} INFO - Processing /home/airflow/.local/lib/python3.12/site-packages/airflow/example_dags/example_setup_teardown.py took 0.078 seconds
[2026-05-07T23:08:25.172+0000] {processor.py:161} INFO - Started process (PID=6353) to work on /home/airflow/.local/lib/python3.12/site-packages/airflow/example_dags/example_setup_teardown.py
[2026-05-07T23:08:25.173+0000] {processor.py:830} INFO - Processing file /home/airflow/.local/lib/python3.12/site-packages/airflow/example_dags/example_setup_teardown.py for tasks to queue
[2026-05-07T23:08:25.176+0000] {logging_mixin.py:188} INFO - [2026-05-07T23:08:25.175+0000] {dagbag.py:545} INFO - Filling up the DagBag from /home/airflow/.local/lib/python3.12/site-packages/airflow/example_dags/example_setup_teardown.py
[2026-05-07T23:08:25.183+0000] {processor.py:840} INFO - DAG(s) 'example_setup_teardown' retrieved from /home/airflow/.local/lib/python3.12/site-packages/airflow/example_dags/example_setup_teardown.py
[2026-05-07T23:08:25.205+0000] {logging_mixin.py:188} INFO - [2026-05-07T23:08:25.205+0000] {dag.py:3096} INFO - Sync 1 DAGs
[2026-05-07T23:08:25.225+0000] {logging_mixin.py:188} INFO - [2026-05-07T23:08:25.224+0000] {dag.py:3954} INFO - Setting next_dagrun for example_setup_teardown to 2026-05-06 00:00:00+00:00, run_after=2026-05-07 00:00:00+00:00
[2026-05-07T23:08:25.247+0000] {processor.py:183} INFO - Processing /home/airflow/.local/lib/python3.12/site-packages/airflow/example_dags/example_setup_teardown.py took 0.080 seconds
[2026-05-07T23:08:55.768+0000] {processor.py:161} INFO - Started process (PID=6411) to work on /home/airflow/.local/lib/python3.12/site-packages/airflow/example_dags/example_setup_teardown.py
[2026-05-07T23:08:55.770+0000] {processor.py:830} INFO - Processing file /home/airflow/.local/lib/python3.12/site-packages/airflow/example_dags/example_setup_teardown.py for tasks to queue
[2026-05-07T23:08:55.779+0000] {logging_mixin.py:188} INFO - [2026-05-07T23:08:55.778+0000] {dagbag.py:545} INFO - Filling up the DagBag from /home/airflow/.local/lib/python3.12/site-packages/airflow/example_dags/example_setup_teardown.py
[2026-05-07T23:08:55.792+0000] {processor.py:840} INFO - DAG(s) 'example_setup_teardown' retrieved from /home/airflow/.local/lib/python3.12/site-packages/airflow/example_dags/example_setup_teardown.py
[2026-05-07T23:08:55.822+0000] {logging_mixin.py:188} INFO - [2026-05-07T23:08:55.821+0000] {dag.py:3096} INFO - Sync 1 DAGs
[2026-05-07T23:08:55.848+0000] {logging_mixin.py:188} INFO - [2026-05-07T23:08:55.848+0000] {dag.py:3954} INFO - Setting next_dagrun for example_setup_teardown to 2026-05-06 00:00:00+00:00, run_after=2026-05-07 00:00:00+00:00
[2026-05-07T23:08:55.869+0000] {processor.py:183} INFO - Processing /home/airflow/.local/lib/python3.12/site-packages/airflow/example_dags/example_setup_teardown.py took 0.112 seconds
[2026-05-07T23:09:26.317+0000] {processor.py:161} INFO - Started process (PID=6469) to work on /home/airflow/.local/lib/python3.12/site-packages/airflow/example_dags/example_setup_teardown.py
[2026-05-07T23:09:26.319+0000] {processor.py:830} INFO - Processing file /home/airflow/.local/lib/python3.12/site-packages/airflow/example_dags/example_setup_teardown.py for tasks to queue
[2026-05-07T23:09:26.321+0000] {logging_mixin.py:188} INFO - [2026-05-07T23:09:26.320+0000] {dagbag.py:545} INFO - Filling up the DagBag from /home/airflow/.local/lib/python3.12/site-packages/airflow/example_dags/example_setup_teardown.py
[2026-05-07T23:09:26.329+0000] {processor.py:840} INFO - DAG(s) 'example_setup_teardown' retrieved from /home/airflow/.local/lib/python3.12/site-packages/airflow/example_dags/example_setup_teardown.py
[2026-05-07T23:09:26.350+0000] {logging_mixin.py:188} INFO - [2026-05-07T23:09:26.349+0000] {dag.py:3096} INFO - Sync 1 DAGs
[2026-05-07T23:09:26.369+0000] {logging_mixin.py:188} INFO - [2026-05-07T23:09:26.369+0000] {dag.py:3954} INFO - Setting next_dagrun for example_setup_teardown to 2026-05-06 00:00:00+00:00, run_after=2026-05-07 00:00:00+00:00
[2026-05-07T23:09:26.389+0000] {processor.py:183} INFO - Processing /home/airflow/.local/lib/python3.12/site-packages/airflow/example_dags/example_setup_teardown.py took 0.077 seconds
[2026-05-07T23:09:56.660+0000] {processor.py:161} INFO - Started process (PID=6527) to work on /home/airflow/.local/lib/python3.12/site-packages/airflow/example_dags/example_setup_teardown.py
[2026-05-07T23:09:56.661+0000] {processor.py:830} INFO - Processing file /home/airflow/.local/lib/python3.12/site-packages/airflow/example_dags/example_setup_teardown.py for tasks to queue
[2026-05-07T23:09:56.663+0000] {logging_mixin.py:188} INFO - [2026-05-07T23:09:56.663+0000] {dagbag.py:545} INFO - Filling up the DagBag from /home/airflow/.local/lib/python3.12/site-packages/airflow/example_dags/example_setup_teardown.py
[2026-05-07T23:09:56.671+0000] {processor.py:840} INFO - DAG(s) 'example_setup_teardown' retrieved from /home/airflow/.local/lib/python3.12/site-packages/airflow/example_dags/example_setup_teardown.py
[2026-05-07T23:09:56.692+0000] {logging_mixin.py:188} INFO - [2026-05-07T23:09:56.691+0000] {dag.py:3096} INFO - Sync 1 DAGs
[2026-05-07T23:09:56.712+0000] {logging_mixin.py:188} INFO - [2026-05-07T23:09:56.712+0000] {dag.py:3954} INFO - Setting next_dagrun for example_setup_teardown to 2026-05-06 00:00:00+00:00, run_after=2026-05-07 00:00:00+00:00
[2026-05-07T23:09:56.733+0000] {processor.py:183} INFO - Processing /home/airflow/.local/lib/python3.12/site-packages/airflow/example_dags/example_setup_teardown.py took 0.079 seconds
[2026-05-07T23:10:27.020+0000] {processor.py:161} INFO - Started process (PID=6585) to work on /home/airflow/.local/lib/python3.12/site-packages/airflow/example_dags/example_setup_teardown.py
[2026-05-07T23:10:27.021+0000] {processor.py:830} INFO - Processing file /home/airflow/.local/lib/python3.12/site-packages/airflow/example_dags/example_setup_teardown.py for tasks to queue
[2026-05-07T23:10:27.023+0000] {logging_mixin.py:188} INFO - [2026-05-07T23:10:27.023+0000] {dagbag.py:545} INFO - Filling up the DagBag from /home/airflow/.local/lib/python3.12/site-packages/airflow/example_dags/example_setup_teardown.py
[2026-05-07T23:10:27.029+0000] {processor.py:840} INFO - DAG(s) 'example_setup_teardown' retrieved from /home/airflow/.local/lib/python3.12/site-packages/airflow/example_dags/example_setup_teardown.py
[2026-05-07T23:10:27.052+0000] {logging_mixin.py:188} INFO - [2026-05-07T23:10:27.052+0000] {dag.py:3096} INFO - Sync 1 DAGs
[2026-05-07T23:10:27.073+0000] {logging_mixin.py:188} INFO - [2026-05-07T23:10:27.072+0000] {dag.py:3954} INFO - Setting next_dagrun for example_setup_teardown to 2026-05-06 00:00:00+00:00, run_after=2026-05-07 00:00:00+00:00
[2026-05-07T23:10:27.094+0000] {processor.py:183} INFO - Processing /home/airflow/.local/lib/python3.12/site-packages/airflow/example_dags/example_setup_teardown.py took 0.079 seconds
[2026-05-07T23:10:57.222+0000] {processor.py:161} INFO - Started process (PID=6643) to work on /home/airflow/.local/lib/python3.12/site-packages/airflow/example_dags/example_setup_teardown.py
[2026-05-07T23:10:57.224+0000] {processor.py:830} INFO - Processing file /home/airflow/.local/lib/python3.12/site-packages/airflow/example_dags/example_setup_teardown.py for tasks to queue
[2026-05-07T23:10:57.226+0000] {logging_mixin.py:188} INFO - [2026-05-07T23:10:57.226+0000] {dagbag.py:545} INFO - Filling up the DagBag from /home/airflow/.local/lib/python3.12/site-packages/airflow/example_dags/example_setup_teardown.py
[2026-05-07T23:10:57.233+0000] {processor.py:840} INFO - DAG(s) 'example_setup_teardown' retrieved from /home/airflow/.local/lib/python3.12/site-packages/airflow/example_dags/example_setup_teardown.py
[2026-05-07T23:10:57.255+0000] {logging_mixin.py:188} INFO - [2026-05-07T23:10:57.255+0000] {dag.py:3096} INFO - Sync 1 DAGs
[2026-05-07T23:10:57.278+0000] {logging_mixin.py:188} INFO - [2026-05-07T23:10:57.278+0000] {dag.py:3954} INFO - Setting next_dagrun for example_setup_teardown to 2026-05-06 00:00:00+00:00, run_after=2026-05-07 00:00:00+00:00
[2026-05-07T23:10:57.302+0000] {processor.py:183} INFO - Processing /home/airflow/.local/lib/python3.12/site-packages/airflow/example_dags/example_setup_teardown.py took 0.085 seconds
[2026-05-07T23:11:27.471+0000] {processor.py:161} INFO - Started process (PID=6701) to work on /home/airflow/.local/lib/python3.12/site-packages/airflow/example_dags/example_setup_teardown.py
[2026-05-07T23:11:27.472+0000] {processor.py:830} INFO - Processing file /home/airflow/.local/lib/python3.12/site-packages/airflow/example_dags/example_setup_teardown.py for tasks to queue
[2026-05-07T23:11:27.475+0000] {logging_mixin.py:188} INFO - [2026-05-07T23:11:27.475+0000] {dagbag.py:545} INFO - Filling up the DagBag from /home/airflow/.local/lib/python3.12/site-packages/airflow/example_dags/example_setup_teardown.py
[2026-05-07T23:11:27.483+0000] {processor.py:840} INFO - DAG(s) 'example_setup_teardown' retrieved from /home/airflow/.local/lib/python3.12/site-packages/airflow/example_dags/example_setup_teardown.py
[2026-05-07T23:11:27.508+0000] {logging_mixin.py:188} INFO - [2026-05-07T23:11:27.508+0000] {dag.py:3096} INFO - Sync 1 DAGs
[2026-05-07T23:11:27.534+0000] {logging_mixin.py:188} INFO - [2026-05-07T23:11:27.534+0000] {dag.py:3954} INFO - Setting next_dagrun for example_setup_teardown to 2026-05-06 00:00:00+00:00, run_after=2026-05-07 00:00:00+00:00
[2026-05-07T23:11:27.557+0000] {processor.py:183} INFO - Processing /home/airflow/.local/lib/python3.12/site-packages/airflow/example_dags/example_setup_teardown.py took 0.092 seconds
[2026-05-07T23:11:57.864+0000] {processor.py:161} INFO - Started process (PID=6759) to work on /home/airflow/.local/lib/python3.12/site-packages/airflow/example_dags/example_setup_teardown.py
[2026-05-07T23:11:57.865+0000] {processor.py:830} INFO - Processing file /home/airflow/.local/lib/python3.12/site-packages/airflow/example_dags/example_setup_teardown.py for tasks to queue
[2026-05-07T23:11:57.867+0000] {logging_mixin.py:188} INFO - [2026-05-07T23:11:57.867+0000] {dagbag.py:545} INFO - Filling up the DagBag from /home/airflow/.local/lib/python3.12/site-packages/airflow/example_dags/example_setup_teardown.py
[2026-05-07T23:11:57.874+0000] {processor.py:840} INFO - DAG(s) 'example_setup_teardown' retrieved from /home/airflow/.local/lib/python3.12/site-packages/airflow/example_dags/example_setup_teardown.py
[2026-05-07T23:11:57.897+0000] {logging_mixin.py:188} INFO - [2026-05-07T23:11:57.897+0000] {dag.py:3096} INFO - Sync 1 DAGs
[2026-05-07T23:11:57.919+0000] {logging_mixin.py:188} INFO - [2026-05-07T23:11:57.919+0000] {dag.py:3954} INFO - Setting next_dagrun for example_setup_teardown to 2026-05-06 00:00:00+00:00, run_after=2026-05-07 00:00:00+00:00
[2026-05-07T23:11:57.958+0000] {processor.py:183} INFO - Processing /home/airflow/.local/lib/python3.12/site-packages/airflow/example_dags/example_setup_teardown.py took 0.101 seconds
[2026-05-07T23:12:28.218+0000] {processor.py:161} INFO - Started process (PID=6817) to work on /home/airflow/.local/lib/python3.12/site-packages/airflow/example_dags/example_setup_teardown.py
[2026-05-07T23:12:28.220+0000] {processor.py:830} INFO - Processing file /home/airflow/.local/lib/python3.12/site-packages/airflow/example_dags/example_setup_teardown.py for tasks to queue
[2026-05-07T23:12:28.222+0000] {logging_mixin.py:188} INFO - [2026-05-07T23:12:28.222+0000] {dagbag.py:545} INFO - Filling up the DagBag from /home/airflow/.local/lib/python3.12/site-packages/airflow/example_dags/example_setup_teardown.py
[2026-05-07T23:12:28.229+0000] {processor.py:840} INFO - DAG(s) 'example_setup_teardown' retrieved from /home/airflow/.local/lib/python3.12/site-packages/airflow/example_dags/example_setup_teardown.py
[2026-05-07T23:12:28.255+0000] {logging_mixin.py:188} INFO - [2026-05-07T23:12:28.255+0000] {dag.py:3096} INFO - Sync 1 DAGs
[2026-05-07T23:12:28.277+0000] {logging_mixin.py:188} INFO - [2026-05-07T23:12:28.277+0000] {dag.py:3954} INFO - Setting next_dagrun for example_setup_teardown to 2026-05-06 00:00:00+00:00, run_after=2026-05-07 00:00:00+00:00
[2026-05-07T23:12:28.298+0000] {processor.py:183} INFO - Processing /home/airflow/.local/lib/python3.12/site-packages/airflow/example_dags/example_setup_teardown.py took 0.085 seconds
[2026-05-07T23:12:58.551+0000] {processor.py:161} INFO - Started process (PID=6875) to work on /home/airflow/.local/lib/python3.12/site-packages/airflow/example_dags/example_setup_teardown.py
[2026-05-07T23:12:58.553+0000] {processor.py:830} INFO - Processing file /home/airflow/.local/lib/python3.12/site-packages/airflow/example_dags/example_setup_teardown.py for tasks to queue
[2026-05-07T23:12:58.555+0000] {logging_mixin.py:188} INFO - [2026-05-07T23:12:58.554+0000] {dagbag.py:545} INFO - Filling up the DagBag from /home/airflow/.local/lib/python3.12/site-packages/airflow/example_dags/example_setup_teardown.py
[2026-05-07T23:12:58.561+0000] {processor.py:840} INFO - DAG(s) 'example_setup_teardown' retrieved from /home/airflow/.local/lib/python3.12/site-packages/airflow/example_dags/example_setup_teardown.py
[2026-05-07T23:12:58.583+0000] {logging_mixin.py:188} INFO - [2026-05-07T23:12:58.583+0000] {dag.py:3096} INFO - Sync 1 DAGs
[2026-05-07T23:12:58.603+0000] {logging_mixin.py:188} INFO - [2026-05-07T23:12:58.603+0000] {dag.py:3954} INFO - Setting next_dagrun for example_setup_teardown to 2026-05-06 00:00:00+00:00, run_after=2026-05-07 00:00:00+00:00
[2026-05-07T23:12:58.625+0000] {processor.py:183} INFO - Processing /home/airflow/.local/lib/python3.12/site-packages/airflow/example_dags/example_setup_teardown.py took 0.079 seconds
[2026-05-07T23:13:28.718+0000] {processor.py:161} INFO - Started process (PID=6932) to work on /home/airflow/.local/lib/python3.12/site-packages/airflow/example_dags/example_setup_teardown.py
[2026-05-07T23:13:28.720+0000] {processor.py:830} INFO - Processing file /home/airflow/.local/lib/python3.12/site-packages/airflow/example_dags/example_setup_teardown.py for tasks to queue
[2026-05-07T23:13:28.722+0000] {logging_mixin.py:188} INFO - [2026-05-07T23:13:28.722+0000] {dagbag.py:545} INFO - Filling up the DagBag from /home/airflow/.local/lib/python3.12/site-packages/airflow/example_dags/example_setup_teardown.py
[2026-05-07T23:13:28.729+0000] {processor.py:840} INFO - DAG(s) 'example_setup_teardown' retrieved from /home/airflow/.local/lib/python3.12/site-packages/airflow/example_dags/example_setup_teardown.py
[2026-05-07T23:13:28.749+0000] {logging_mixin.py:188} INFO - [2026-05-07T23:13:28.749+0000] {dag.py:3096} INFO - Sync 1 DAGs
[2026-05-07T23:13:28.766+0000] {logging_mixin.py:188} INFO - [2026-05-07T23:13:28.766+0000] {dag.py:3954} INFO - Setting next_dagrun for example_setup_teardown to 2026-05-06 00:00:00+00:00, run_after=2026-05-07 00:00:00+00:00
[2026-05-07T23:13:28.786+0000] {processor.py:183} INFO - Processing /home/airflow/.local/lib/python3.12/site-packages/airflow/example_dags/example_setup_teardown.py took 0.074 seconds
[2026-05-07T23:13:59.596+0000] {processor.py:161} INFO - Started process (PID=6991) to work on /home/airflow/.local/lib/python3.12/site-packages/airflow/example_dags/example_setup_teardown.py
[2026-05-07T23:13:59.597+0000] {processor.py:830} INFO - Processing file /home/airflow/.local/lib/python3.12/site-packages/airflow/example_dags/example_setup_teardown.py for tasks to queue
[2026-05-07T23:13:59.599+0000] {logging_mixin.py:188} INFO - [2026-05-07T23:13:59.599+0000] {dagbag.py:545} INFO - Filling up the DagBag from /home/airflow/.local/lib/python3.12/site-packages/airflow/example_dags/example_setup_teardown.py
[2026-05-07T23:13:59.608+0000] {processor.py:840} INFO - DAG(s) 'example_setup_teardown' retrieved from /home/airflow/.local/lib/python3.12/site-packages/airflow/example_dags/example_setup_teardown.py
[2026-05-07T23:13:59.635+0000] {logging_mixin.py:188} INFO - [2026-05-07T23:13:59.634+0000] {dag.py:3096} INFO - Sync 1 DAGs
[2026-05-07T23:13:59.661+0000] {logging_mixin.py:188} INFO - [2026-05-07T23:13:59.661+0000] {dag.py:3954} INFO - Setting next_dagrun for example_setup_teardown to 2026-05-06 00:00:00+00:00, run_after=2026-05-07 00:00:00+00:00
[2026-05-07T23:13:59.683+0000] {processor.py:183} INFO - Processing /home/airflow/.local/lib/python3.12/site-packages/airflow/example_dags/example_setup_teardown.py took 0.093 seconds
[2026-05-07T23:14:30.405+0000] {processor.py:161} INFO - Started process (PID=7049) to work on /home/airflow/.local/lib/python3.12/site-packages/airflow/example_dags/example_setup_teardown.py
[2026-05-07T23:14:30.406+0000] {processor.py:830} INFO - Processing file /home/airflow/.local/lib/python3.12/site-packages/airflow/example_dags/example_setup_teardown.py for tasks to queue
[2026-05-07T23:14:30.409+0000] {logging_mixin.py:188} INFO - [2026-05-07T23:14:30.408+0000] {dagbag.py:545} INFO - Filling up the DagBag from /home/airflow/.local/lib/python3.12/site-packages/airflow/example_dags/example_setup_teardown.py
[2026-05-07T23:14:30.417+0000] {processor.py:840} INFO - DAG(s) 'example_setup_teardown' retrieved from /home/airflow/.local/lib/python3.12/site-packages/airflow/example_dags/example_setup_teardown.py
[2026-05-07T23:14:30.439+0000] {logging_mixin.py:188} INFO - [2026-05-07T23:14:30.439+0000] {dag.py:3096} INFO - Sync 1 DAGs
[2026-05-07T23:14:30.458+0000] {logging_mixin.py:188} INFO - [2026-05-07T23:14:30.458+0000] {dag.py:3954} INFO - Setting next_dagrun for example_setup_teardown to 2026-05-06 00:00:00+00:00, run_after=2026-05-07 00:00:00+00:00
[2026-05-07T23:14:30.478+0000] {processor.py:183} INFO - Processing /home/airflow/.local/lib/python3.12/site-packages/airflow/example_dags/example_setup_teardown.py took 0.080 seconds
[2026-05-07T23:15:00.718+0000] {processor.py:161} INFO - Started process (PID=7107) to work on /home/airflow/.local/lib/python3.12/site-packages/airflow/example_dags/example_setup_teardown.py
[2026-05-07T23:15:00.719+0000] {processor.py:830} INFO - Processing file /home/airflow/.local/lib/python3.12/site-packages/airflow/example_dags/example_setup_teardown.py for tasks to queue
[2026-05-07T23:15:00.721+0000] {logging_mixin.py:188} INFO - [2026-05-07T23:15:00.721+0000] {dagbag.py:545} INFO - Filling up the DagBag from /home/airflow/.local/lib/python3.12/site-packages/airflow/example_dags/example_setup_teardown.py
[2026-05-07T23:15:00.729+0000] {processor.py:840} INFO - DAG(s) 'example_setup_teardown' retrieved from /home/airflow/.local/lib/python3.12/site-packages/airflow/example_dags/example_setup_teardown.py
[2026-05-07T23:15:00.750+0000] {logging_mixin.py:188} INFO - [2026-05-07T23:15:00.750+0000] {dag.py:3096} INFO - Sync 1 DAGs
[2026-05-07T23:15:00.770+0000] {logging_mixin.py:188} INFO - [2026-05-07T23:15:00.770+0000] {dag.py:3954} INFO - Setting next_dagrun for example_setup_teardown to 2026-05-06 00:00:00+00:00, run_after=2026-05-07 00:00:00+00:00
[2026-05-07T23:15:00.791+0000] {processor.py:183} INFO - Processing /home/airflow/.local/lib/python3.12/site-packages/airflow/example_dags/example_setup_teardown.py took 0.078 seconds
[2026-05-07T23:15:31.392+0000] {processor.py:161} INFO - Started process (PID=7165) to work on /home/airflow/.local/lib/python3.12/site-packages/airflow/example_dags/example_setup_teardown.py
[2026-05-07T23:15:31.394+0000] {processor.py:830} INFO - Processing file /home/airflow/.local/lib/python3.12/site-packages/airflow/example_dags/example_setup_teardown.py for tasks to queue
[2026-05-07T23:15:31.396+0000] {logging_mixin.py:188} INFO - [2026-05-07T23:15:31.396+0000] {dagbag.py:545} INFO - Filling up the DagBag from /home/airflow/.local/lib/python3.12/site-packages/airflow/example_dags/example_setup_teardown.py
[2026-05-07T23:15:31.405+0000] {processor.py:840} INFO - DAG(s) 'example_setup_teardown' retrieved from /home/airflow/.local/lib/python3.12/site-packages/airflow/example_dags/example_setup_teardown.py
[2026-05-07T23:15:31.427+0000] {logging_mixin.py:188} INFO - [2026-05-07T23:15:31.426+0000] {dag.py:3096} INFO - Sync 1 DAGs
[2026-05-07T23:15:31.446+0000] {logging_mixin.py:188} INFO - [2026-05-07T23:15:31.446+0000] {dag.py:3954} INFO - Setting next_dagrun for example_setup_teardown to 2026-05-06 00:00:00+00:00, run_after=2026-05-07 00:00:00+00:00
[2026-05-07T23:15:31.465+0000] {processor.py:183} INFO - Processing /home/airflow/.local/lib/python3.12/site-packages/airflow/example_dags/example_setup_teardown.py took 0.080 seconds
[2026-05-07T23:16:02.289+0000] {processor.py:161} INFO - Started process (PID=7223) to work on /home/airflow/.local/lib/python3.12/site-packages/airflow/example_dags/example_setup_teardown.py
[2026-05-07T23:16:02.291+0000] {processor.py:830} INFO - Processing file /home/airflow/.local/lib/python3.12/site-packages/airflow/example_dags/example_setup_teardown.py for tasks to queue
[2026-05-07T23:16:02.294+0000] {logging_mixin.py:188} INFO - [2026-05-07T23:16:02.293+0000] {dagbag.py:545} INFO - Filling up the DagBag from /home/airflow/.local/lib/python3.12/site-packages/airflow/example_dags/example_setup_teardown.py
[2026-05-07T23:16:02.302+0000] {processor.py:840} INFO - DAG(s) 'example_setup_teardown' retrieved from /home/airflow/.local/lib/python3.12/site-packages/airflow/example_dags/example_setup_teardown.py
[2026-05-07T23:16:02.323+0000] {logging_mixin.py:188} INFO - [2026-05-07T23:16:02.323+0000] {dag.py:3096} INFO - Sync 1 DAGs
[2026-05-07T23:16:02.343+0000] {logging_mixin.py:188} INFO - [2026-05-07T23:16:02.343+0000] {dag.py:3954} INFO - Setting next_dagrun for example_setup_teardown to 2026-05-06 00:00:00+00:00, run_after=2026-05-07 00:00:00+00:00
[2026-05-07T23:16:02.365+0000] {processor.py:183} INFO - Processing /home/airflow/.local/lib/python3.12/site-packages/airflow/example_dags/example_setup_teardown.py took 0.081 seconds
[2026-05-07T23:16:32.812+0000] {processor.py:161} INFO - Started process (PID=7281) to work on /home/airflow/.local/lib/python3.12/site-packages/airflow/example_dags/example_setup_teardown.py
[2026-05-07T23:16:32.814+0000] {processor.py:830} INFO - Processing file /home/airflow/.local/lib/python3.12/site-packages/airflow/example_dags/example_setup_teardown.py for tasks to queue
[2026-05-07T23:16:32.815+0000] {logging_mixin.py:188} INFO - [2026-05-07T23:16:32.815+0000] {dagbag.py:545} INFO - Filling up the DagBag from /home/airflow/.local/lib/python3.12/site-packages/airflow/example_dags/example_setup_teardown.py
[2026-05-07T23:16:32.823+0000] {processor.py:840} INFO - DAG(s) 'example_setup_teardown' retrieved from /home/airflow/.local/lib/python3.12/site-packages/airflow/example_dags/example_setup_teardown.py
[2026-05-07T23:16:32.846+0000] {logging_mixin.py:188} INFO - [2026-05-07T23:16:32.845+0000] {dag.py:3096} INFO - Sync 1 DAGs
[2026-05-07T23:16:32.867+0000] {logging_mixin.py:188} INFO - [2026-05-07T23:16:32.867+0000] {dag.py:3954} INFO - Setting next_dagrun for example_setup_teardown to 2026-05-06 00:00:00+00:00, run_after=2026-05-07 00:00:00+00:00
[2026-05-07T23:16:32.889+0000] {processor.py:183} INFO - Processing /home/airflow/.local/lib/python3.12/site-packages/airflow/example_dags/example_setup_teardown.py took 0.082 seconds
[2026-05-07T23:17:03.394+0000] {processor.py:161} INFO - Started process (PID=7339) to work on /home/airflow/.local/lib/python3.12/site-packages/airflow/example_dags/example_setup_teardown.py
[2026-05-07T23:17:03.396+0000] {processor.py:830} INFO - Processing file /home/airflow/.local/lib/python3.12/site-packages/airflow/example_dags/example_setup_teardown.py for tasks to queue
[2026-05-07T23:17:03.399+0000] {logging_mixin.py:188} INFO - [2026-05-07T23:17:03.398+0000] {dagbag.py:545} INFO - Filling up the DagBag from /home/airflow/.local/lib/python3.12/site-packages/airflow/example_dags/example_setup_teardown.py
[2026-05-07T23:17:03.411+0000] {processor.py:840} INFO - DAG(s) 'example_setup_teardown' retrieved from /home/airflow/.local/lib/python3.12/site-packages/airflow/example_dags/example_setup_teardown.py
[2026-05-07T23:17:03.441+0000] {logging_mixin.py:188} INFO - [2026-05-07T23:17:03.440+0000] {dag.py:3096} INFO - Sync 1 DAGs
[2026-05-07T23:17:03.678+0000] {logging_mixin.py:188} INFO - [2026-05-07T23:17:03.677+0000] {dag.py:3954} INFO - Setting next_dagrun for example_setup_teardown to 2026-05-06 00:00:00+00:00, run_after=2026-05-07 00:00:00+00:00
[2026-05-07T23:17:03.709+0000] {processor.py:183} INFO - Processing /home/airflow/.local/lib/python3.12/site-packages/airflow/example_dags/example_setup_teardown.py took 0.323 seconds
[2026-05-07T23:17:33.756+0000] {processor.py:161} INFO - Started process (PID=7396) to work on /home/airflow/.local/lib/python3.12/site-packages/airflow/example_dags/example_setup_teardown.py
[2026-05-07T23:17:33.758+0000] {processor.py:830} INFO - Processing file /home/airflow/.local/lib/python3.12/site-packages/airflow/example_dags/example_setup_teardown.py for tasks to queue
[2026-05-07T23:17:33.760+0000] {logging_mixin.py:188} INFO - [2026-05-07T23:17:33.760+0000] {dagbag.py:545} INFO - Filling up the DagBag from /home/airflow/.local/lib/python3.12/site-packages/airflow/example_dags/example_setup_teardown.py
[2026-05-07T23:17:33.766+0000] {processor.py:840} INFO - DAG(s) 'example_setup_teardown' retrieved from /home/airflow/.local/lib/python3.12/site-packages/airflow/example_dags/example_setup_teardown.py
[2026-05-07T23:17:33.786+0000] {logging_mixin.py:188} INFO - [2026-05-07T23:17:33.786+0000] {dag.py:3096} INFO - Sync 1 DAGs
[2026-05-07T23:17:33.804+0000] {logging_mixin.py:188} INFO - [2026-05-07T23:17:33.804+0000] {dag.py:3954} INFO - Setting next_dagrun for example_setup_teardown to 2026-05-06 00:00:00+00:00, run_after=2026-05-07 00:00:00+00:00
[2026-05-07T23:17:33.824+0000] {processor.py:183} INFO - Processing /home/airflow/.local/lib/python3.12/site-packages/airflow/example_dags/example_setup_teardown.py took 0.072 seconds
[2026-05-07T23:18:03.923+0000] {processor.py:161} INFO - Started process (PID=7454) to work on /home/airflow/.local/lib/python3.12/site-packages/airflow/example_dags/example_setup_teardown.py
[2026-05-07T23:18:03.924+0000] {processor.py:830} INFO - Processing file /home/airflow/.local/lib/python3.12/site-packages/airflow/example_dags/example_setup_teardown.py for tasks to queue
[2026-05-07T23:18:03.926+0000] {logging_mixin.py:188} INFO - [2026-05-07T23:18:03.925+0000] {dagbag.py:545} INFO - Filling up the DagBag from /home/airflow/.local/lib/python3.12/site-packages/airflow/example_dags/example_setup_teardown.py
[2026-05-07T23:18:03.932+0000] {processor.py:840} INFO - DAG(s) 'example_setup_teardown' retrieved from /home/airflow/.local/lib/python3.12/site-packages/airflow/example_dags/example_setup_teardown.py
[2026-05-07T23:18:03.952+0000] {logging_mixin.py:188} INFO - [2026-05-07T23:18:03.952+0000] {dag.py:3096} INFO - Sync 1 DAGs
[2026-05-07T23:18:03.969+0000] {logging_mixin.py:188} INFO - [2026-05-07T23:18:03.969+0000] {dag.py:3954} INFO - Setting next_dagrun for example_setup_teardown to 2026-05-06 00:00:00+00:00, run_after=2026-05-07 00:00:00+00:00
[2026-05-07T23:18:03.988+0000] {processor.py:183} INFO - Processing /home/airflow/.local/lib/python3.12/site-packages/airflow/example_dags/example_setup_teardown.py took 0.070 seconds
[2026-05-07T23:18:34.452+0000] {processor.py:161} INFO - Started process (PID=7512) to work on /home/airflow/.local/lib/python3.12/site-packages/airflow/example_dags/example_setup_teardown.py
[2026-05-07T23:18:34.454+0000] {processor.py:830} INFO - Processing file /home/airflow/.local/lib/python3.12/site-packages/airflow/example_dags/example_setup_teardown.py for tasks to queue
[2026-05-07T23:18:34.456+0000] {logging_mixin.py:188} INFO - [2026-05-07T23:18:34.455+0000] {dagbag.py:545} INFO - Filling up the DagBag from /home/airflow/.local/lib/python3.12/site-packages/airflow/example_dags/example_setup_teardown.py
[2026-05-07T23:18:34.462+0000] {processor.py:840} INFO - DAG(s) 'example_setup_teardown' retrieved from /home/airflow/.local/lib/python3.12/site-packages/airflow/example_dags/example_setup_teardown.py
[2026-05-07T23:18:34.482+0000] {logging_mixin.py:188} INFO - [2026-05-07T23:18:34.482+0000] {dag.py:3096} INFO - Sync 1 DAGs
[2026-05-07T23:18:34.618+0000] {logging_mixin.py:188} INFO - [2026-05-07T23:18:34.618+0000] {dag.py:3954} INFO - Setting next_dagrun for example_setup_teardown to 2026-05-06 00:00:00+00:00, run_after=2026-05-07 00:00:00+00:00
[2026-05-07T23:18:34.636+0000] {processor.py:183} INFO - Processing /home/airflow/.local/lib/python3.12/site-packages/airflow/example_dags/example_setup_teardown.py took 0.189 seconds
[2026-05-07T23:19:05.555+0000] {processor.py:161} INFO - Started process (PID=7570) to work on /home/airflow/.local/lib/python3.12/site-packages/airflow/example_dags/example_setup_teardown.py
[2026-05-07T23:19:05.556+0000] {processor.py:830} INFO - Processing file /home/airflow/.local/lib/python3.12/site-packages/airflow/example_dags/example_setup_teardown.py for tasks to queue
[2026-05-07T23:19:05.558+0000] {logging_mixin.py:188} INFO - [2026-05-07T23:19:05.558+0000] {dagbag.py:545} INFO - Filling up the DagBag from /home/airflow/.local/lib/python3.12/site-packages/airflow/example_dags/example_setup_teardown.py
[2026-05-07T23:19:05.564+0000] {processor.py:840} INFO - DAG(s) 'example_setup_teardown' retrieved from /home/airflow/.local/lib/python3.12/site-packages/airflow/example_dags/example_setup_teardown.py
[2026-05-07T23:19:05.582+0000] {logging_mixin.py:188} INFO - [2026-05-07T23:19:05.582+0000] {dag.py:3096} INFO - Sync 1 DAGs
[2026-05-07T23:19:05.600+0000] {logging_mixin.py:188} INFO - [2026-05-07T23:19:05.600+0000] {dag.py:3954} INFO - Setting next_dagrun for example_setup_teardown to 2026-05-06 00:00:00+00:00, run_after=2026-05-07 00:00:00+00:00
[2026-05-07T23:19:05.619+0000] {processor.py:183} INFO - Processing /home/airflow/.local/lib/python3.12/site-packages/airflow/example_dags/example_setup_teardown.py took 0.070 seconds
[2026-05-07T23:19:35.714+0000] {processor.py:161} INFO - Started process (PID=7628) to work on /home/airflow/.local/lib/python3.12/site-packages/airflow/example_dags/example_setup_teardown.py
[2026-05-07T23:19:35.715+0000] {processor.py:830} INFO - Processing file /home/airflow/.local/lib/python3.12/site-packages/airflow/example_dags/example_setup_teardown.py for tasks to queue
[2026-05-07T23:19:35.718+0000] {logging_mixin.py:188} INFO - [2026-05-07T23:19:35.717+0000] {dagbag.py:545} INFO - Filling up the DagBag from /home/airflow/.local/lib/python3.12/site-packages/airflow/example_dags/example_setup_teardown.py
[2026-05-07T23:19:35.724+0000] {processor.py:840} INFO - DAG(s) 'example_setup_teardown' retrieved from /home/airflow/.local/lib/python3.12/site-packages/airflow/example_dags/example_setup_teardown.py
[2026-05-07T23:19:35.743+0000] {logging_mixin.py:188} INFO - [2026-05-07T23:19:35.743+0000] {dag.py:3096} INFO - Sync 1 DAGs
[2026-05-07T23:19:35.760+0000] {logging_mixin.py:188} INFO - [2026-05-07T23:19:35.760+0000] {dag.py:3954} INFO - Setting next_dagrun for example_setup_teardown to 2026-05-06 00:00:00+00:00, run_after=2026-05-07 00:00:00+00:00
[2026-05-07T23:19:35.777+0000] {processor.py:183} INFO - Processing /home/airflow/.local/lib/python3.12/site-packages/airflow/example_dags/example_setup_teardown.py took 0.068 seconds
[2026-05-07T23:20:06.009+0000] {processor.py:161} INFO - Started process (PID=7686) to work on /home/airflow/.local/lib/python3.12/site-packages/airflow/example_dags/example_setup_teardown.py
[2026-05-07T23:20:06.010+0000] {processor.py:830} INFO - Processing file /home/airflow/.local/lib/python3.12/site-packages/airflow/example_dags/example_setup_teardown.py for tasks to queue
[2026-05-07T23:20:06.013+0000] {logging_mixin.py:188} INFO - [2026-05-07T23:20:06.012+0000] {dagbag.py:545} INFO - Filling up the DagBag from /home/airflow/.local/lib/python3.12/site-packages/airflow/example_dags/example_setup_teardown.py
[2026-05-07T23:20:06.019+0000] {processor.py:840} INFO - DAG(s) 'example_setup_teardown' retrieved from /home/airflow/.local/lib/python3.12/site-packages/airflow/example_dags/example_setup_teardown.py
[2026-05-07T23:20:06.037+0000] {logging_mixin.py:188} INFO - [2026-05-07T23:20:06.037+0000] {dag.py:3096} INFO - Sync 1 DAGs
[2026-05-07T23:20:06.055+0000] {logging_mixin.py:188} INFO - [2026-05-07T23:20:06.054+0000] {dag.py:3954} INFO - Setting next_dagrun for example_setup_teardown to 2026-05-06 00:00:00+00:00, run_after=2026-05-07 00:00:00+00:00
[2026-05-07T23:20:06.074+0000] {processor.py:183} INFO - Processing /home/airflow/.local/lib/python3.12/site-packages/airflow/example_dags/example_setup_teardown.py took 0.070 seconds
[2026-05-07T23:20:36.295+0000] {processor.py:161} INFO - Started process (PID=7744) to work on /home/airflow/.local/lib/python3.12/site-packages/airflow/example_dags/example_setup_teardown.py
[2026-05-07T23:20:36.297+0000] {processor.py:830} INFO - Processing file /home/airflow/.local/lib/python3.12/site-packages/airflow/example_dags/example_setup_teardown.py for tasks to queue
[2026-05-07T23:20:36.300+0000] {logging_mixin.py:188} INFO - [2026-05-07T23:20:36.300+0000] {dagbag.py:545} INFO - Filling up the DagBag from /home/airflow/.local/lib/python3.12/site-packages/airflow/example_dags/example_setup_teardown.py
[2026-05-07T23:20:36.311+0000] {processor.py:840} INFO - DAG(s) 'example_setup_teardown' retrieved from /home/airflow/.local/lib/python3.12/site-packages/airflow/example_dags/example_setup_teardown.py
[2026-05-07T23:20:36.348+0000] {logging_mixin.py:188} INFO - [2026-05-07T23:20:36.347+0000] {dag.py:3096} INFO - Sync 1 DAGs
[2026-05-07T23:20:36.378+0000] {logging_mixin.py:188} INFO - [2026-05-07T23:20:36.378+0000] {dag.py:3954} INFO - Setting next_dagrun for example_setup_teardown to 2026-05-06 00:00:00+00:00, run_after=2026-05-07 00:00:00+00:00
[2026-05-07T23:20:36.408+0000] {processor.py:183} INFO - Processing /home/airflow/.local/lib/python3.12/site-packages/airflow/example_dags/example_setup_teardown.py took 0.122 seconds
[2026-05-07T23:21:06.605+0000] {processor.py:161} INFO - Started process (PID=7802) to work on /home/airflow/.local/lib/python3.12/site-packages/airflow/example_dags/example_setup_teardown.py
[2026-05-07T23:21:06.607+0000] {processor.py:830} INFO - Processing file /home/airflow/.local/lib/python3.12/site-packages/airflow/example_dags/example_setup_teardown.py for tasks to queue
[2026-05-07T23:21:06.608+0000] {logging_mixin.py:188} INFO - [2026-05-07T23:21:06.608+0000] {dagbag.py:545} INFO - Filling up the DagBag from /home/airflow/.local/lib/python3.12/site-packages/airflow/example_dags/example_setup_teardown.py
[2026-05-07T23:21:06.615+0000] {processor.py:840} INFO - DAG(s) 'example_setup_teardown' retrieved from /home/airflow/.local/lib/python3.12/site-packages/airflow/example_dags/example_setup_teardown.py
[2026-05-07T23:21:06.633+0000] {logging_mixin.py:188} INFO - [2026-05-07T23:21:06.633+0000] {dag.py:3096} INFO - Sync 1 DAGs
[2026-05-07T23:21:06.650+0000] {logging_mixin.py:188} INFO - [2026-05-07T23:21:06.649+0000] {dag.py:3954} INFO - Setting next_dagrun for example_setup_teardown to 2026-05-06 00:00:00+00:00, run_after=2026-05-07 00:00:00+00:00
[2026-05-07T23:21:06.666+0000] {processor.py:183} INFO - Processing /home/airflow/.local/lib/python3.12/site-packages/airflow/example_dags/example_setup_teardown.py took 0.066 seconds
[2026-05-07T23:21:37.276+0000] {processor.py:161} INFO - Started process (PID=7860) to work on /home/airflow/.local/lib/python3.12/site-packages/airflow/example_dags/example_setup_teardown.py
[2026-05-07T23:21:37.278+0000] {processor.py:830} INFO - Processing file /home/airflow/.local/lib/python3.12/site-packages/airflow/example_dags/example_setup_teardown.py for tasks to queue
[2026-05-07T23:21:37.280+0000] {logging_mixin.py:188} INFO - [2026-05-07T23:21:37.279+0000] {dagbag.py:545} INFO - Filling up the DagBag from /home/airflow/.local/lib/python3.12/site-packages/airflow/example_dags/example_setup_teardown.py
[2026-05-07T23:21:37.286+0000] {processor.py:840} INFO - DAG(s) 'example_setup_teardown' retrieved from /home/airflow/.local/lib/python3.12/site-packages/airflow/example_dags/example_setup_teardown.py
[2026-05-07T23:21:37.307+0000] {logging_mixin.py:188} INFO - [2026-05-07T23:21:37.307+0000] {dag.py:3096} INFO - Sync 1 DAGs
[2026-05-07T23:21:37.326+0000] {logging_mixin.py:188} INFO - [2026-05-07T23:21:37.326+0000] {dag.py:3954} INFO - Setting next_dagrun for example_setup_teardown to 2026-05-06 00:00:00+00:00, run_after=2026-05-07 00:00:00+00:00
[2026-05-07T23:21:37.343+0000] {processor.py:183} INFO - Processing /home/airflow/.local/lib/python3.12/site-packages/airflow/example_dags/example_setup_teardown.py took 0.071 seconds
[2026-05-07T23:22:07.405+0000] {processor.py:161} INFO - Started process (PID=7918) to work on /home/airflow/.local/lib/python3.12/site-packages/airflow/example_dags/example_setup_teardown.py
[2026-05-07T23:22:07.407+0000] {processor.py:830} INFO - Processing file /home/airflow/.local/lib/python3.12/site-packages/airflow/example_dags/example_setup_teardown.py for tasks to queue
[2026-05-07T23:22:07.409+0000] {logging_mixin.py:188} INFO - [2026-05-07T23:22:07.409+0000] {dagbag.py:545} INFO - Filling up the DagBag from /home/airflow/.local/lib/python3.12/site-packages/airflow/example_dags/example_setup_teardown.py
[2026-05-07T23:22:07.416+0000] {processor.py:840} INFO - DAG(s) 'example_setup_teardown' retrieved from /home/airflow/.local/lib/python3.12/site-packages/airflow/example_dags/example_setup_teardown.py
[2026-05-07T23:22:07.445+0000] {logging_mixin.py:188} INFO - [2026-05-07T23:22:07.445+0000] {dag.py:3096} INFO - Sync 1 DAGs
[2026-05-07T23:22:07.469+0000] {logging_mixin.py:188} INFO - [2026-05-07T23:22:07.469+0000] {dag.py:3954} INFO - Setting next_dagrun for example_setup_teardown to 2026-05-06 00:00:00+00:00, run_after=2026-05-07 00:00:00+00:00
[2026-05-07T23:22:07.494+0000] {processor.py:183} INFO - Processing /home/airflow/.local/lib/python3.12/site-packages/airflow/example_dags/example_setup_teardown.py took 0.094 seconds
[2026-05-07T23:22:37.537+0000] {processor.py:161} INFO - Started process (PID=7975) to work on /home/airflow/.local/lib/python3.12/site-packages/airflow/example_dags/example_setup_teardown.py
[2026-05-07T23:22:37.542+0000] {processor.py:830} INFO - Processing file /home/airflow/.local/lib/python3.12/site-packages/airflow/example_dags/example_setup_teardown.py for tasks to queue
[2026-05-07T23:22:37.546+0000] {logging_mixin.py:188} INFO - [2026-05-07T23:22:37.546+0000] {dagbag.py:545} INFO - Filling up the DagBag from /home/airflow/.local/lib/python3.12/site-packages/airflow/example_dags/example_setup_teardown.py
[2026-05-07T23:22:37.553+0000] {processor.py:840} INFO - DAG(s) 'example_setup_teardown' retrieved from /home/airflow/.local/lib/python3.12/site-packages/airflow/example_dags/example_setup_teardown.py
[2026-05-07T23:22:37.571+0000] {logging_mixin.py:188} INFO - [2026-05-07T23:22:37.571+0000] {dag.py:3096} INFO - Sync 1 DAGs
[2026-05-07T23:22:37.588+0000] {logging_mixin.py:188} INFO - [2026-05-07T23:22:37.588+0000] {dag.py:3954} INFO - Setting next_dagrun for example_setup_teardown to 2026-05-06 00:00:00+00:00, run_after=2026-05-07 00:00:00+00:00
[2026-05-07T23:22:37.608+0000] {processor.py:183} INFO - Processing /home/airflow/.local/lib/python3.12/site-packages/airflow/example_dags/example_setup_teardown.py took 0.076 seconds
[2026-05-07T23:23:07.836+0000] {processor.py:161} INFO - Started process (PID=8033) to work on /home/airflow/.local/lib/python3.12/site-packages/airflow/example_dags/example_setup_teardown.py
[2026-05-07T23:23:07.837+0000] {processor.py:830} INFO - Processing file /home/airflow/.local/lib/python3.12/site-packages/airflow/example_dags/example_setup_teardown.py for tasks to queue
[2026-05-07T23:23:07.839+0000] {logging_mixin.py:188} INFO - [2026-05-07T23:23:07.839+0000] {dagbag.py:545} INFO - Filling up the DagBag from /home/airflow/.local/lib/python3.12/site-packages/airflow/example_dags/example_setup_teardown.py
[2026-05-07T23:23:07.845+0000] {processor.py:840} INFO - DAG(s) 'example_setup_teardown' retrieved from /home/airflow/.local/lib/python3.12/site-packages/airflow/example_dags/example_setup_teardown.py
[2026-05-07T23:23:07.866+0000] {logging_mixin.py:188} INFO - [2026-05-07T23:23:07.866+0000] {dag.py:3096} INFO - Sync 1 DAGs
[2026-05-07T23:23:07.884+0000] {logging_mixin.py:188} INFO - [2026-05-07T23:23:07.883+0000] {dag.py:3954} INFO - Setting next_dagrun for example_setup_teardown to 2026-05-06 00:00:00+00:00, run_after=2026-05-07 00:00:00+00:00
[2026-05-07T23:23:07.903+0000] {processor.py:183} INFO - Processing /home/airflow/.local/lib/python3.12/site-packages/airflow/example_dags/example_setup_teardown.py took 0.073 seconds
[2026-05-07T23:23:37.990+0000] {processor.py:161} INFO - Started process (PID=8089) to work on /home/airflow/.local/lib/python3.12/site-packages/airflow/example_dags/example_setup_teardown.py
[2026-05-07T23:23:37.991+0000] {processor.py:830} INFO - Processing file /home/airflow/.local/lib/python3.12/site-packages/airflow/example_dags/example_setup_teardown.py for tasks to queue
[2026-05-07T23:23:37.993+0000] {logging_mixin.py:188} INFO - [2026-05-07T23:23:37.993+0000] {dagbag.py:545} INFO - Filling up the DagBag from /home/airflow/.local/lib/python3.12/site-packages/airflow/example_dags/example_setup_teardown.py
[2026-05-07T23:23:37.999+0000] {processor.py:840} INFO - DAG(s) 'example_setup_teardown' retrieved from /home/airflow/.local/lib/python3.12/site-packages/airflow/example_dags/example_setup_teardown.py
[2026-05-07T23:23:38.019+0000] {logging_mixin.py:188} INFO - [2026-05-07T23:23:38.019+0000] {dag.py:3096} INFO - Sync 1 DAGs
[2026-05-07T23:23:38.039+0000] {logging_mixin.py:188} INFO - [2026-05-07T23:23:38.038+0000] {dag.py:3954} INFO - Setting next_dagrun for example_setup_teardown to 2026-05-06 00:00:00+00:00, run_after=2026-05-07 00:00:00+00:00
[2026-05-07T23:23:38.057+0000] {processor.py:183} INFO - Processing /home/airflow/.local/lib/python3.12/site-packages/airflow/example_dags/example_setup_teardown.py took 0.072 seconds
[2026-05-07T23:24:08.129+0000] {processor.py:161} INFO - Started process (PID=8146) to work on /home/airflow/.local/lib/python3.12/site-packages/airflow/example_dags/example_setup_teardown.py
[2026-05-07T23:24:08.130+0000] {processor.py:830} INFO - Processing file /home/airflow/.local/lib/python3.12/site-packages/airflow/example_dags/example_setup_teardown.py for tasks to queue
[2026-05-07T23:24:08.133+0000] {logging_mixin.py:188} INFO - [2026-05-07T23:24:08.132+0000] {dagbag.py:545} INFO - Filling up the DagBag from /home/airflow/.local/lib/python3.12/site-packages/airflow/example_dags/example_setup_teardown.py
[2026-05-07T23:24:08.138+0000] {processor.py:840} INFO - DAG(s) 'example_setup_teardown' retrieved from /home/airflow/.local/lib/python3.12/site-packages/airflow/example_dags/example_setup_teardown.py
[2026-05-07T23:24:08.157+0000] {logging_mixin.py:188} INFO - [2026-05-07T23:24:08.156+0000] {dag.py:3096} INFO - Sync 1 DAGs
[2026-05-07T23:24:08.175+0000] {logging_mixin.py:188} INFO - [2026-05-07T23:24:08.175+0000] {dag.py:3954} INFO - Setting next_dagrun for example_setup_teardown to 2026-05-06 00:00:00+00:00, run_after=2026-05-07 00:00:00+00:00
[2026-05-07T23:24:08.193+0000] {processor.py:183} INFO - Processing /home/airflow/.local/lib/python3.12/site-packages/airflow/example_dags/example_setup_teardown.py took 0.069 seconds
[2026-05-07T23:24:38.307+0000] {processor.py:161} INFO - Started process (PID=8204) to work on /home/airflow/.local/lib/python3.12/site-packages/airflow/example_dags/example_setup_teardown.py
[2026-05-07T23:24:38.308+0000] {processor.py:830} INFO - Processing file /home/airflow/.local/lib/python3.12/site-packages/airflow/example_dags/example_setup_teardown.py for tasks to queue
[2026-05-07T23:24:38.311+0000] {logging_mixin.py:188} INFO - [2026-05-07T23:24:38.311+0000] {dagbag.py:545} INFO - Filling up the DagBag from /home/airflow/.local/lib/python3.12/site-packages/airflow/example_dags/example_setup_teardown.py
[2026-05-07T23:24:38.317+0000] {processor.py:840} INFO - DAG(s) 'example_setup_teardown' retrieved from /home/airflow/.local/lib/python3.12/site-packages/airflow/example_dags/example_setup_teardown.py
[2026-05-07T23:24:38.336+0000] {logging_mixin.py:188} INFO - [2026-05-07T23:24:38.336+0000] {dag.py:3096} INFO - Sync 1 DAGs
[2026-05-07T23:24:38.353+0000] {logging_mixin.py:188} INFO - [2026-05-07T23:24:38.353+0000] {dag.py:3954} INFO - Setting next_dagrun for example_setup_teardown to 2026-05-06 00:00:00+00:00, run_after=2026-05-07 00:00:00+00:00
[2026-05-07T23:24:38.373+0000] {processor.py:183} INFO - Processing /home/airflow/.local/lib/python3.12/site-packages/airflow/example_dags/example_setup_teardown.py took 0.071 seconds
[2026-05-07T23:25:08.744+0000] {processor.py:161} INFO - Started process (PID=8262) to work on /home/airflow/.local/lib/python3.12/site-packages/airflow/example_dags/example_setup_teardown.py
[2026-05-07T23:25:08.745+0000] {processor.py:830} INFO - Processing file /home/airflow/.local/lib/python3.12/site-packages/airflow/example_dags/example_setup_teardown.py for tasks to queue
[2026-05-07T23:25:08.747+0000] {logging_mixin.py:188} INFO - [2026-05-07T23:25:08.747+0000] {dagbag.py:545} INFO - Filling up the DagBag from /home/airflow/.local/lib/python3.12/site-packages/airflow/example_dags/example_setup_teardown.py
[2026-05-07T23:25:08.754+0000] {processor.py:840} INFO - DAG(s) 'example_setup_teardown' retrieved from /home/airflow/.local/lib/python3.12/site-packages/airflow/example_dags/example_setup_teardown.py
[2026-05-07T23:25:08.775+0000] {logging_mixin.py:188} INFO - [2026-05-07T23:25:08.774+0000] {dag.py:3096} INFO - Sync 1 DAGs
[2026-05-07T23:25:08.793+0000] {logging_mixin.py:188} INFO - [2026-05-07T23:25:08.793+0000] {dag.py:3954} INFO - Setting next_dagrun for example_setup_teardown to 2026-05-06 00:00:00+00:00, run_after=2026-05-07 00:00:00+00:00
[2026-05-07T23:25:08.813+0000] {processor.py:183} INFO - Processing /home/airflow/.local/lib/python3.12/site-packages/airflow/example_dags/example_setup_teardown.py took 0.075 seconds
[2026-05-07T23:25:38.988+0000] {processor.py:161} INFO - Started process (PID=8320) to work on /home/airflow/.local/lib/python3.12/site-packages/airflow/example_dags/example_setup_teardown.py
[2026-05-07T23:25:38.990+0000] {processor.py:830} INFO - Processing file /home/airflow/.local/lib/python3.12/site-packages/airflow/example_dags/example_setup_teardown.py for tasks to queue
[2026-05-07T23:25:38.993+0000] {logging_mixin.py:188} INFO - [2026-05-07T23:25:38.992+0000] {dagbag.py:545} INFO - Filling up the DagBag from /home/airflow/.local/lib/python3.12/site-packages/airflow/example_dags/example_setup_teardown.py
[2026-05-07T23:25:38.999+0000] {processor.py:840} INFO - DAG(s) 'example_setup_teardown' retrieved from /home/airflow/.local/lib/python3.12/site-packages/airflow/example_dags/example_setup_teardown.py
[2026-05-07T23:25:39.024+0000] {logging_mixin.py:188} INFO - [2026-05-07T23:25:39.024+0000] {dag.py:3096} INFO - Sync 1 DAGs
[2026-05-07T23:25:39.042+0000] {logging_mixin.py:188} INFO - [2026-05-07T23:25:39.042+0000] {dag.py:3954} INFO - Setting next_dagrun for example_setup_teardown to 2026-05-06 00:00:00+00:00, run_after=2026-05-07 00:00:00+00:00
[2026-05-07T23:25:39.059+0000] {processor.py:183} INFO - Processing /home/airflow/.local/lib/python3.12/site-packages/airflow/example_dags/example_setup_teardown.py took 0.077 seconds
[2026-05-07T23:26:09.276+0000] {processor.py:161} INFO - Started process (PID=8378) to work on /home/airflow/.local/lib/python3.12/site-packages/airflow/example_dags/example_setup_teardown.py
[2026-05-07T23:26:09.277+0000] {processor.py:830} INFO - Processing file /home/airflow/.local/lib/python3.12/site-packages/airflow/example_dags/example_setup_teardown.py for tasks to queue
[2026-05-07T23:26:09.279+0000] {logging_mixin.py:188} INFO - [2026-05-07T23:26:09.278+0000] {dagbag.py:545} INFO - Filling up the DagBag from /home/airflow/.local/lib/python3.12/site-packages/airflow/example_dags/example_setup_teardown.py
[2026-05-07T23:26:09.285+0000] {processor.py:840} INFO - DAG(s) 'example_setup_teardown' retrieved from /home/airflow/.local/lib/python3.12/site-packages/airflow/example_dags/example_setup_teardown.py
[2026-05-07T23:26:09.304+0000] {logging_mixin.py:188} INFO - [2026-05-07T23:26:09.304+0000] {dag.py:3096} INFO - Sync 1 DAGs
[2026-05-07T23:26:09.324+0000] {logging_mixin.py:188} INFO - [2026-05-07T23:26:09.324+0000] {dag.py:3954} INFO - Setting next_dagrun for example_setup_teardown to 2026-05-06 00:00:00+00:00, run_after=2026-05-07 00:00:00+00:00
[2026-05-07T23:26:09.343+0000] {processor.py:183} INFO - Processing /home/airflow/.local/lib/python3.12/site-packages/airflow/example_dags/example_setup_teardown.py took 0.073 seconds
[2026-05-07T23:26:39.473+0000] {processor.py:161} INFO - Started process (PID=8436) to work on /home/airflow/.local/lib/python3.12/site-packages/airflow/example_dags/example_setup_teardown.py
[2026-05-07T23:26:39.474+0000] {processor.py:830} INFO - Processing file /home/airflow/.local/lib/python3.12/site-packages/airflow/example_dags/example_setup_teardown.py for tasks to queue
[2026-05-07T23:26:39.476+0000] {logging_mixin.py:188} INFO - [2026-05-07T23:26:39.476+0000] {dagbag.py:545} INFO - Filling up the DagBag from /home/airflow/.local/lib/python3.12/site-packages/airflow/example_dags/example_setup_teardown.py
[2026-05-07T23:26:39.483+0000] {processor.py:840} INFO - DAG(s) 'example_setup_teardown' retrieved from /home/airflow/.local/lib/python3.12/site-packages/airflow/example_dags/example_setup_teardown.py
[2026-05-07T23:26:39.501+0000] {logging_mixin.py:188} INFO - [2026-05-07T23:26:39.501+0000] {dag.py:3096} INFO - Sync 1 DAGs
[2026-05-07T23:26:39.519+0000] {logging_mixin.py:188} INFO - [2026-05-07T23:26:39.518+0000] {dag.py:3954} INFO - Setting next_dagrun for example_setup_teardown to 2026-05-06 00:00:00+00:00, run_after=2026-05-07 00:00:00+00:00
[2026-05-07T23:26:39.536+0000] {processor.py:183} INFO - Processing /home/airflow/.local/lib/python3.12/site-packages/airflow/example_dags/example_setup_teardown.py took 0.069 seconds
[2026-05-07T23:27:09.955+0000] {processor.py:161} INFO - Started process (PID=8494) to work on /home/airflow/.local/lib/python3.12/site-packages/airflow/example_dags/example_setup_teardown.py
[2026-05-07T23:27:09.956+0000] {processor.py:830} INFO - Processing file /home/airflow/.local/lib/python3.12/site-packages/airflow/example_dags/example_setup_teardown.py for tasks to queue
[2026-05-07T23:27:09.958+0000] {logging_mixin.py:188} INFO - [2026-05-07T23:27:09.958+0000] {dagbag.py:545} INFO - Filling up the DagBag from /home/airflow/.local/lib/python3.12/site-packages/airflow/example_dags/example_setup_teardown.py
[2026-05-07T23:27:09.964+0000] {processor.py:840} INFO - DAG(s) 'example_setup_teardown' retrieved from /home/airflow/.local/lib/python3.12/site-packages/airflow/example_dags/example_setup_teardown.py
[2026-05-07T23:27:09.984+0000] {logging_mixin.py:188} INFO - [2026-05-07T23:27:09.983+0000] {dag.py:3096} INFO - Sync 1 DAGs
[2026-05-07T23:27:10.001+0000] {logging_mixin.py:188} INFO - [2026-05-07T23:27:10.001+0000] {dag.py:3954} INFO - Setting next_dagrun for example_setup_teardown to 2026-05-06 00:00:00+00:00, run_after=2026-05-07 00:00:00+00:00
[2026-05-07T23:27:10.020+0000] {processor.py:183} INFO - Processing /home/airflow/.local/lib/python3.12/site-packages/airflow/example_dags/example_setup_teardown.py took 0.070 seconds
[2026-05-07T23:27:40.369+0000] {processor.py:161} INFO - Started process (PID=8553) to work on /home/airflow/.local/lib/python3.12/site-packages/airflow/example_dags/example_setup_teardown.py
[2026-05-07T23:27:40.370+0000] {processor.py:830} INFO - Processing file /home/airflow/.local/lib/python3.12/site-packages/airflow/example_dags/example_setup_teardown.py for tasks to queue
[2026-05-07T23:27:40.372+0000] {logging_mixin.py:188} INFO - [2026-05-07T23:27:40.372+0000] {dagbag.py:545} INFO - Filling up the DagBag from /home/airflow/.local/lib/python3.12/site-packages/airflow/example_dags/example_setup_teardown.py
[2026-05-07T23:27:40.379+0000] {processor.py:840} INFO - DAG(s) 'example_setup_teardown' retrieved from /home/airflow/.local/lib/python3.12/site-packages/airflow/example_dags/example_setup_teardown.py
[2026-05-07T23:27:40.404+0000] {logging_mixin.py:188} INFO - [2026-05-07T23:27:40.404+0000] {dag.py:3096} INFO - Sync 1 DAGs
[2026-05-07T23:27:40.428+0000] {logging_mixin.py:188} INFO - [2026-05-07T23:27:40.427+0000] {dag.py:3954} INFO - Setting next_dagrun for example_setup_teardown to 2026-05-06 00:00:00+00:00, run_after=2026-05-07 00:00:00+00:00
[2026-05-07T23:27:40.450+0000] {processor.py:183} INFO - Processing /home/airflow/.local/lib/python3.12/site-packages/airflow/example_dags/example_setup_teardown.py took 0.087 seconds
[2026-05-07T23:28:10.619+0000] {processor.py:161} INFO - Started process (PID=8610) to work on /home/airflow/.local/lib/python3.12/site-packages/airflow/example_dags/example_setup_teardown.py
[2026-05-07T23:28:10.620+0000] {processor.py:830} INFO - Processing file /home/airflow/.local/lib/python3.12/site-packages/airflow/example_dags/example_setup_teardown.py for tasks to queue
[2026-05-07T23:28:10.623+0000] {logging_mixin.py:188} INFO - [2026-05-07T23:28:10.622+0000] {dagbag.py:545} INFO - Filling up the DagBag from /home/airflow/.local/lib/python3.12/site-packages/airflow/example_dags/example_setup_teardown.py
[2026-05-07T23:28:10.628+0000] {processor.py:840} INFO - DAG(s) 'example_setup_teardown' retrieved from /home/airflow/.local/lib/python3.12/site-packages/airflow/example_dags/example_setup_teardown.py
[2026-05-07T23:28:10.647+0000] {logging_mixin.py:188} INFO - [2026-05-07T23:28:10.647+0000] {dag.py:3096} INFO - Sync 1 DAGs
[2026-05-07T23:28:10.664+0000] {logging_mixin.py:188} INFO - [2026-05-07T23:28:10.664+0000] {dag.py:3954} INFO - Setting next_dagrun for example_setup_teardown to 2026-05-06 00:00:00+00:00, run_after=2026-05-07 00:00:00+00:00
[2026-05-07T23:28:10.682+0000] {processor.py:183} INFO - Processing /home/airflow/.local/lib/python3.12/site-packages/airflow/example_dags/example_setup_teardown.py took 0.068 seconds
[2026-05-07T23:28:41.004+0000] {processor.py:161} INFO - Started process (PID=8668) to work on /home/airflow/.local/lib/python3.12/site-packages/airflow/example_dags/example_setup_teardown.py
[2026-05-07T23:28:41.006+0000] {processor.py:830} INFO - Processing file /home/airflow/.local/lib/python3.12/site-packages/airflow/example_dags/example_setup_teardown.py for tasks to queue
[2026-05-07T23:28:41.009+0000] {logging_mixin.py:188} INFO - [2026-05-07T23:28:41.008+0000] {dagbag.py:545} INFO - Filling up the DagBag from /home/airflow/.local/lib/python3.12/site-packages/airflow/example_dags/example_setup_teardown.py
[2026-05-07T23:28:41.014+0000] {processor.py:840} INFO - DAG(s) 'example_setup_teardown' retrieved from /home/airflow/.local/lib/python3.12/site-packages/airflow/example_dags/example_setup_teardown.py
[2026-05-07T23:28:41.033+0000] {logging_mixin.py:188} INFO - [2026-05-07T23:28:41.032+0000] {dag.py:3096} INFO - Sync 1 DAGs
[2026-05-07T23:28:41.050+0000] {logging_mixin.py:188} INFO - [2026-05-07T23:28:41.050+0000] {dag.py:3954} INFO - Setting next_dagrun for example_setup_teardown to 2026-05-06 00:00:00+00:00, run_after=2026-05-07 00:00:00+00:00
[2026-05-07T23:28:41.069+0000] {processor.py:183} INFO - Processing /home/airflow/.local/lib/python3.12/site-packages/airflow/example_dags/example_setup_teardown.py took 0.070 seconds
[2026-05-07T23:29:11.317+0000] {processor.py:161} INFO - Started process (PID=8725) to work on /home/airflow/.local/lib/python3.12/site-packages/airflow/example_dags/example_setup_teardown.py
[2026-05-07T23:29:11.318+0000] {processor.py:830} INFO - Processing file /home/airflow/.local/lib/python3.12/site-packages/airflow/example_dags/example_setup_teardown.py for tasks to queue
[2026-05-07T23:29:11.321+0000] {logging_mixin.py:188} INFO - [2026-05-07T23:29:11.321+0000] {dagbag.py:545} INFO - Filling up the DagBag from /home/airflow/.local/lib/python3.12/site-packages/airflow/example_dags/example_setup_teardown.py
[2026-05-07T23:29:11.327+0000] {processor.py:840} INFO - DAG(s) 'example_setup_teardown' retrieved from /home/airflow/.local/lib/python3.12/site-packages/airflow/example_dags/example_setup_teardown.py
[2026-05-07T23:29:11.347+0000] {logging_mixin.py:188} INFO - [2026-05-07T23:29:11.347+0000] {dag.py:3096} INFO - Sync 1 DAGs
[2026-05-07T23:29:11.364+0000] {logging_mixin.py:188} INFO - [2026-05-07T23:29:11.364+0000] {dag.py:3954} INFO - Setting next_dagrun for example_setup_teardown to 2026-05-06 00:00:00+00:00, run_after=2026-05-07 00:00:00+00:00
[2026-05-07T23:29:11.382+0000] {processor.py:183} INFO - Processing /home/airflow/.local/lib/python3.12/site-packages/airflow/example_dags/example_setup_teardown.py took 0.071 seconds
[2026-05-07T23:29:41.673+0000] {processor.py:161} INFO - Started process (PID=8782) to work on /home/airflow/.local/lib/python3.12/site-packages/airflow/example_dags/example_setup_teardown.py
[2026-05-07T23:29:41.675+0000] {processor.py:830} INFO - Processing file /home/airflow/.local/lib/python3.12/site-packages/airflow/example_dags/example_setup_teardown.py for tasks to queue
[2026-05-07T23:29:41.676+0000] {logging_mixin.py:188} INFO - [2026-05-07T23:29:41.676+0000] {dagbag.py:545} INFO - Filling up the DagBag from /home/airflow/.local/lib/python3.12/site-packages/airflow/example_dags/example_setup_teardown.py
[2026-05-07T23:29:41.683+0000] {processor.py:840} INFO - DAG(s) 'example_setup_teardown' retrieved from /home/airflow/.local/lib/python3.12/site-packages/airflow/example_dags/example_setup_teardown.py
[2026-05-07T23:29:41.702+0000] {logging_mixin.py:188} INFO - [2026-05-07T23:29:41.702+0000] {dag.py:3096} INFO - Sync 1 DAGs
[2026-05-07T23:29:41.720+0000] {logging_mixin.py:188} INFO - [2026-05-07T23:29:41.720+0000] {dag.py:3954} INFO - Setting next_dagrun for example_setup_teardown to 2026-05-06 00:00:00+00:00, run_after=2026-05-07 00:00:00+00:00
[2026-05-07T23:29:41.738+0000] {processor.py:183} INFO - Processing /home/airflow/.local/lib/python3.12/site-packages/airflow/example_dags/example_setup_teardown.py took 0.070 seconds
[2026-05-07T23:30:12.485+0000] {processor.py:161} INFO - Started process (PID=8840) to work on /home/airflow/.local/lib/python3.12/site-packages/airflow/example_dags/example_setup_teardown.py
[2026-05-07T23:30:12.486+0000] {processor.py:830} INFO - Processing file /home/airflow/.local/lib/python3.12/site-packages/airflow/example_dags/example_setup_teardown.py for tasks to queue
[2026-05-07T23:30:12.489+0000] {logging_mixin.py:188} INFO - [2026-05-07T23:30:12.489+0000] {dagbag.py:545} INFO - Filling up the DagBag from /home/airflow/.local/lib/python3.12/site-packages/airflow/example_dags/example_setup_teardown.py
[2026-05-07T23:30:12.496+0000] {processor.py:840} INFO - DAG(s) 'example_setup_teardown' retrieved from /home/airflow/.local/lib/python3.12/site-packages/airflow/example_dags/example_setup_teardown.py
[2026-05-07T23:30:12.516+0000] {logging_mixin.py:188} INFO - [2026-05-07T23:30:12.515+0000] {dag.py:3096} INFO - Sync 1 DAGs
[2026-05-07T23:30:12.533+0000] {logging_mixin.py:188} INFO - [2026-05-07T23:30:12.533+0000] {dag.py:3954} INFO - Setting next_dagrun for example_setup_teardown to 2026-05-06 00:00:00+00:00, run_after=2026-05-07 00:00:00+00:00
[2026-05-07T23:30:12.552+0000] {processor.py:183} INFO - Processing /home/airflow/.local/lib/python3.12/site-packages/airflow/example_dags/example_setup_teardown.py took 0.072 seconds
[2026-05-07T23:30:42.652+0000] {processor.py:161} INFO - Started process (PID=8898) to work on /home/airflow/.local/lib/python3.12/site-packages/airflow/example_dags/example_setup_teardown.py
[2026-05-07T23:30:42.653+0000] {processor.py:830} INFO - Processing file /home/airflow/.local/lib/python3.12/site-packages/airflow/example_dags/example_setup_teardown.py for tasks to queue
[2026-05-07T23:30:42.656+0000] {logging_mixin.py:188} INFO - [2026-05-07T23:30:42.656+0000] {dagbag.py:545} INFO - Filling up the DagBag from /home/airflow/.local/lib/python3.12/site-packages/airflow/example_dags/example_setup_teardown.py
[2026-05-07T23:30:42.662+0000] {processor.py:840} INFO - DAG(s) 'example_setup_teardown' retrieved from /home/airflow/.local/lib/python3.12/site-packages/airflow/example_dags/example_setup_teardown.py
[2026-05-07T23:30:42.693+0000] {logging_mixin.py:188} INFO - [2026-05-07T23:30:42.692+0000] {dag.py:3096} INFO - Sync 1 DAGs
[2026-05-07T23:30:42.718+0000] {logging_mixin.py:188} INFO - [2026-05-07T23:30:42.718+0000] {dag.py:3954} INFO - Setting next_dagrun for example_setup_teardown to 2026-05-06 00:00:00+00:00, run_after=2026-05-07 00:00:00+00:00
[2026-05-07T23:30:42.741+0000] {processor.py:183} INFO - Processing /home/airflow/.local/lib/python3.12/site-packages/airflow/example_dags/example_setup_teardown.py took 0.094 seconds
[2026-05-07T23:31:13.061+0000] {processor.py:161} INFO - Started process (PID=8962) to work on /home/airflow/.local/lib/python3.12/site-packages/airflow/example_dags/example_setup_teardown.py
[2026-05-07T23:31:13.063+0000] {processor.py:830} INFO - Processing file /home/airflow/.local/lib/python3.12/site-packages/airflow/example_dags/example_setup_teardown.py for tasks to queue
[2026-05-07T23:31:13.065+0000] {logging_mixin.py:188} INFO - [2026-05-07T23:31:13.065+0000] {dagbag.py:545} INFO - Filling up the DagBag from /home/airflow/.local/lib/python3.12/site-packages/airflow/example_dags/example_setup_teardown.py
[2026-05-07T23:31:13.071+0000] {processor.py:840} INFO - DAG(s) 'example_setup_teardown' retrieved from /home/airflow/.local/lib/python3.12/site-packages/airflow/example_dags/example_setup_teardown.py
[2026-05-07T23:31:13.088+0000] {logging_mixin.py:188} INFO - [2026-05-07T23:31:13.088+0000] {dag.py:3096} INFO - Sync 1 DAGs
[2026-05-07T23:31:13.106+0000] {logging_mixin.py:188} INFO - [2026-05-07T23:31:13.106+0000] {dag.py:3954} INFO - Setting next_dagrun for example_setup_teardown to 2026-05-06 00:00:00+00:00, run_after=2026-05-07 00:00:00+00:00
[2026-05-07T23:31:13.126+0000] {processor.py:183} INFO - Processing /home/airflow/.local/lib/python3.12/site-packages/airflow/example_dags/example_setup_teardown.py took 0.069 seconds
[2026-05-07T23:31:43.255+0000] {processor.py:161} INFO - Started process (PID=9020) to work on /home/airflow/.local/lib/python3.12/site-packages/airflow/example_dags/example_setup_teardown.py
[2026-05-07T23:31:43.256+0000] {processor.py:830} INFO - Processing file /home/airflow/.local/lib/python3.12/site-packages/airflow/example_dags/example_setup_teardown.py for tasks to queue
[2026-05-07T23:31:43.259+0000] {logging_mixin.py:188} INFO - [2026-05-07T23:31:43.259+0000] {dagbag.py:545} INFO - Filling up the DagBag from /home/airflow/.local/lib/python3.12/site-packages/airflow/example_dags/example_setup_teardown.py
[2026-05-07T23:31:43.265+0000] {processor.py:840} INFO - DAG(s) 'example_setup_teardown' retrieved from /home/airflow/.local/lib/python3.12/site-packages/airflow/example_dags/example_setup_teardown.py
[2026-05-07T23:31:43.285+0000] {logging_mixin.py:188} INFO - [2026-05-07T23:31:43.285+0000] {dag.py:3096} INFO - Sync 1 DAGs
[2026-05-07T23:31:43.303+0000] {logging_mixin.py:188} INFO - [2026-05-07T23:31:43.302+0000] {dag.py:3954} INFO - Setting next_dagrun for example_setup_teardown to 2026-05-06 00:00:00+00:00, run_after=2026-05-07 00:00:00+00:00
[2026-05-07T23:31:43.322+0000] {processor.py:183} INFO - Processing /home/airflow/.local/lib/python3.12/site-packages/airflow/example_dags/example_setup_teardown.py took 0.072 seconds
[2026-05-07T23:32:13.587+0000] {processor.py:161} INFO - Started process (PID=9078) to work on /home/airflow/.local/lib/python3.12/site-packages/airflow/example_dags/example_setup_teardown.py
[2026-05-07T23:32:13.594+0000] {processor.py:830} INFO - Processing file /home/airflow/.local/lib/python3.12/site-packages/airflow/example_dags/example_setup_teardown.py for tasks to queue
[2026-05-07T23:32:13.597+0000] {logging_mixin.py:188} INFO - [2026-05-07T23:32:13.596+0000] {dagbag.py:545} INFO - Filling up the DagBag from /home/airflow/.local/lib/python3.12/site-packages/airflow/example_dags/example_setup_teardown.py
[2026-05-07T23:32:13.604+0000] {processor.py:840} INFO - DAG(s) 'example_setup_teardown' retrieved from /home/airflow/.local/lib/python3.12/site-packages/airflow/example_dags/example_setup_teardown.py
[2026-05-07T23:32:13.624+0000] {logging_mixin.py:188} INFO - [2026-05-07T23:32:13.623+0000] {dag.py:3096} INFO - Sync 1 DAGs
[2026-05-07T23:32:13.641+0000] {logging_mixin.py:188} INFO - [2026-05-07T23:32:13.641+0000] {dag.py:3954} INFO - Setting next_dagrun for example_setup_teardown to 2026-05-06 00:00:00+00:00, run_after=2026-05-07 00:00:00+00:00
[2026-05-07T23:32:13.660+0000] {processor.py:183} INFO - Processing /home/airflow/.local/lib/python3.12/site-packages/airflow/example_dags/example_setup_teardown.py took 0.079 seconds
[2026-05-07T23:32:43.752+0000] {processor.py:161} INFO - Started process (PID=9136) to work on /home/airflow/.local/lib/python3.12/site-packages/airflow/example_dags/example_setup_teardown.py
[2026-05-07T23:32:43.753+0000] {processor.py:830} INFO - Processing file /home/airflow/.local/lib/python3.12/site-packages/airflow/example_dags/example_setup_teardown.py for tasks to queue
[2026-05-07T23:32:43.756+0000] {logging_mixin.py:188} INFO - [2026-05-07T23:32:43.756+0000] {dagbag.py:545} INFO - Filling up the DagBag from /home/airflow/.local/lib/python3.12/site-packages/airflow/example_dags/example_setup_teardown.py
[2026-05-07T23:32:43.763+0000] {processor.py:840} INFO - DAG(s) 'example_setup_teardown' retrieved from /home/airflow/.local/lib/python3.12/site-packages/airflow/example_dags/example_setup_teardown.py
[2026-05-07T23:32:43.808+0000] {logging_mixin.py:188} INFO - [2026-05-07T23:32:43.808+0000] {dag.py:3096} INFO - Sync 1 DAGs
[2026-05-07T23:32:43.831+0000] {logging_mixin.py:188} INFO - [2026-05-07T23:32:43.831+0000] {dag.py:3954} INFO - Setting next_dagrun for example_setup_teardown to 2026-05-06 00:00:00+00:00, run_after=2026-05-07 00:00:00+00:00
[2026-05-07T23:32:43.856+0000] {processor.py:183} INFO - Processing /home/airflow/.local/lib/python3.12/site-packages/airflow/example_dags/example_setup_teardown.py took 0.110 seconds
[2026-05-07T23:33:13.928+0000] {processor.py:161} INFO - Started process (PID=9194) to work on /home/airflow/.local/lib/python3.12/site-packages/airflow/example_dags/example_setup_teardown.py
[2026-05-07T23:33:13.929+0000] {processor.py:830} INFO - Processing file /home/airflow/.local/lib/python3.12/site-packages/airflow/example_dags/example_setup_teardown.py for tasks to queue
[2026-05-07T23:33:13.932+0000] {logging_mixin.py:188} INFO - [2026-05-07T23:33:13.931+0000] {dagbag.py:545} INFO - Filling up the DagBag from /home/airflow/.local/lib/python3.12/site-packages/airflow/example_dags/example_setup_teardown.py
[2026-05-07T23:33:13.938+0000] {processor.py:840} INFO - DAG(s) 'example_setup_teardown' retrieved from /home/airflow/.local/lib/python3.12/site-packages/airflow/example_dags/example_setup_teardown.py
[2026-05-07T23:33:13.958+0000] {logging_mixin.py:188} INFO - [2026-05-07T23:33:13.957+0000] {dag.py:3096} INFO - Sync 1 DAGs
[2026-05-07T23:33:13.975+0000] {logging_mixin.py:188} INFO - [2026-05-07T23:33:13.975+0000] {dag.py:3954} INFO - Setting next_dagrun for example_setup_teardown to 2026-05-06 00:00:00+00:00, run_after=2026-05-07 00:00:00+00:00
[2026-05-07T23:33:13.993+0000] {processor.py:183} INFO - Processing /home/airflow/.local/lib/python3.12/site-packages/airflow/example_dags/example_setup_teardown.py took 0.071 seconds
[2026-05-07T23:33:44.557+0000] {processor.py:161} INFO - Started process (PID=9252) to work on /home/airflow/.local/lib/python3.12/site-packages/airflow/example_dags/example_setup_teardown.py
[2026-05-07T23:33:44.558+0000] {processor.py:830} INFO - Processing file /home/airflow/.local/lib/python3.12/site-packages/airflow/example_dags/example_setup_teardown.py for tasks to queue
[2026-05-07T23:33:44.561+0000] {logging_mixin.py:188} INFO - [2026-05-07T23:33:44.560+0000] {dagbag.py:545} INFO - Filling up the DagBag from /home/airflow/.local/lib/python3.12/site-packages/airflow/example_dags/example_setup_teardown.py
[2026-05-07T23:33:44.567+0000] {processor.py:840} INFO - DAG(s) 'example_setup_teardown' retrieved from /home/airflow/.local/lib/python3.12/site-packages/airflow/example_dags/example_setup_teardown.py
[2026-05-07T23:33:44.584+0000] {logging_mixin.py:188} INFO - [2026-05-07T23:33:44.584+0000] {dag.py:3096} INFO - Sync 1 DAGs
[2026-05-07T23:33:44.601+0000] {logging_mixin.py:188} INFO - [2026-05-07T23:33:44.601+0000] {dag.py:3954} INFO - Setting next_dagrun for example_setup_teardown to 2026-05-06 00:00:00+00:00, run_after=2026-05-07 00:00:00+00:00
[2026-05-07T23:33:44.620+0000] {processor.py:183} INFO - Processing /home/airflow/.local/lib/python3.12/site-packages/airflow/example_dags/example_setup_teardown.py took 0.067 seconds
[2026-05-07T23:34:14.753+0000] {processor.py:161} INFO - Started process (PID=9310) to work on /home/airflow/.local/lib/python3.12/site-packages/airflow/example_dags/example_setup_teardown.py
[2026-05-07T23:34:14.754+0000] {processor.py:830} INFO - Processing file /home/airflow/.local/lib/python3.12/site-packages/airflow/example_dags/example_setup_teardown.py for tasks to queue
[2026-05-07T23:34:14.757+0000] {logging_mixin.py:188} INFO - [2026-05-07T23:34:14.757+0000] {dagbag.py:545} INFO - Filling up the DagBag from /home/airflow/.local/lib/python3.12/site-packages/airflow/example_dags/example_setup_teardown.py
[2026-05-07T23:34:14.764+0000] {processor.py:840} INFO - DAG(s) 'example_setup_teardown' retrieved from /home/airflow/.local/lib/python3.12/site-packages/airflow/example_dags/example_setup_teardown.py
[2026-05-07T23:34:14.782+0000] {logging_mixin.py:188} INFO - [2026-05-07T23:34:14.782+0000] {dag.py:3096} INFO - Sync 1 DAGs
[2026-05-07T23:34:14.799+0000] {logging_mixin.py:188} INFO - [2026-05-07T23:34:14.799+0000] {dag.py:3954} INFO - Setting next_dagrun for example_setup_teardown to 2026-05-06 00:00:00+00:00, run_after=2026-05-07 00:00:00+00:00
[2026-05-07T23:34:14.818+0000] {processor.py:183} INFO - Processing /home/airflow/.local/lib/python3.12/site-packages/airflow/example_dags/example_setup_teardown.py took 0.071 seconds
[2026-05-07T23:34:45.054+0000] {processor.py:161} INFO - Started process (PID=9368) to work on /home/airflow/.local/lib/python3.12/site-packages/airflow/example_dags/example_setup_teardown.py
[2026-05-07T23:34:45.055+0000] {processor.py:830} INFO - Processing file /home/airflow/.local/lib/python3.12/site-packages/airflow/example_dags/example_setup_teardown.py for tasks to queue
[2026-05-07T23:34:45.057+0000] {logging_mixin.py:188} INFO - [2026-05-07T23:34:45.057+0000] {dagbag.py:545} INFO - Filling up the DagBag from /home/airflow/.local/lib/python3.12/site-packages/airflow/example_dags/example_setup_teardown.py
[2026-05-07T23:34:45.064+0000] {processor.py:840} INFO - DAG(s) 'example_setup_teardown' retrieved from /home/airflow/.local/lib/python3.12/site-packages/airflow/example_dags/example_setup_teardown.py
[2026-05-07T23:34:45.083+0000] {logging_mixin.py:188} INFO - [2026-05-07T23:34:45.083+0000] {dag.py:3096} INFO - Sync 1 DAGs
[2026-05-07T23:34:45.101+0000] {logging_mixin.py:188} INFO - [2026-05-07T23:34:45.101+0000] {dag.py:3954} INFO - Setting next_dagrun for example_setup_teardown to 2026-05-06 00:00:00+00:00, run_after=2026-05-07 00:00:00+00:00
[2026-05-07T23:34:45.120+0000] {processor.py:183} INFO - Processing /home/airflow/.local/lib/python3.12/site-packages/airflow/example_dags/example_setup_teardown.py took 0.071 seconds
[2026-05-07T23:35:15.345+0000] {processor.py:161} INFO - Started process (PID=9426) to work on /home/airflow/.local/lib/python3.12/site-packages/airflow/example_dags/example_setup_teardown.py
[2026-05-07T23:35:15.346+0000] {processor.py:830} INFO - Processing file /home/airflow/.local/lib/python3.12/site-packages/airflow/example_dags/example_setup_teardown.py for tasks to queue
[2026-05-07T23:35:15.349+0000] {logging_mixin.py:188} INFO - [2026-05-07T23:35:15.348+0000] {dagbag.py:545} INFO - Filling up the DagBag from /home/airflow/.local/lib/python3.12/site-packages/airflow/example_dags/example_setup_teardown.py
[2026-05-07T23:35:15.355+0000] {processor.py:840} INFO - DAG(s) 'example_setup_teardown' retrieved from /home/airflow/.local/lib/python3.12/site-packages/airflow/example_dags/example_setup_teardown.py
[2026-05-07T23:35:15.374+0000] {logging_mixin.py:188} INFO - [2026-05-07T23:35:15.374+0000] {dag.py:3096} INFO - Sync 1 DAGs
[2026-05-07T23:35:15.392+0000] {logging_mixin.py:188} INFO - [2026-05-07T23:35:15.391+0000] {dag.py:3954} INFO - Setting next_dagrun for example_setup_teardown to 2026-05-06 00:00:00+00:00, run_after=2026-05-07 00:00:00+00:00
[2026-05-07T23:35:15.409+0000] {processor.py:183} INFO - Processing /home/airflow/.local/lib/python3.12/site-packages/airflow/example_dags/example_setup_teardown.py took 0.068 seconds
[2026-05-07T23:35:45.679+0000] {processor.py:161} INFO - Started process (PID=9484) to work on /home/airflow/.local/lib/python3.12/site-packages/airflow/example_dags/example_setup_teardown.py
[2026-05-07T23:35:45.680+0000] {processor.py:830} INFO - Processing file /home/airflow/.local/lib/python3.12/site-packages/airflow/example_dags/example_setup_teardown.py for tasks to queue
[2026-05-07T23:35:45.682+0000] {logging_mixin.py:188} INFO - [2026-05-07T23:35:45.682+0000] {dagbag.py:545} INFO - Filling up the DagBag from /home/airflow/.local/lib/python3.12/site-packages/airflow/example_dags/example_setup_teardown.py
[2026-05-07T23:35:45.688+0000] {processor.py:840} INFO - DAG(s) 'example_setup_teardown' retrieved from /home/airflow/.local/lib/python3.12/site-packages/airflow/example_dags/example_setup_teardown.py
[2026-05-07T23:35:45.706+0000] {logging_mixin.py:188} INFO - [2026-05-07T23:35:45.706+0000] {dag.py:3096} INFO - Sync 1 DAGs
[2026-05-07T23:35:45.723+0000] {logging_mixin.py:188} INFO - [2026-05-07T23:35:45.723+0000] {dag.py:3954} INFO - Setting next_dagrun for example_setup_teardown to 2026-05-06 00:00:00+00:00, run_after=2026-05-07 00:00:00+00:00
[2026-05-07T23:35:45.742+0000] {processor.py:183} INFO - Processing /home/airflow/.local/lib/python3.12/site-packages/airflow/example_dags/example_setup_teardown.py took 0.068 seconds
[2026-05-07T23:36:15.934+0000] {processor.py:161} INFO - Started process (PID=9542) to work on /home/airflow/.local/lib/python3.12/site-packages/airflow/example_dags/example_setup_teardown.py
[2026-05-07T23:36:15.935+0000] {processor.py:830} INFO - Processing file /home/airflow/.local/lib/python3.12/site-packages/airflow/example_dags/example_setup_teardown.py for tasks to queue
[2026-05-07T23:36:15.937+0000] {logging_mixin.py:188} INFO - [2026-05-07T23:36:15.937+0000] {dagbag.py:545} INFO - Filling up the DagBag from /home/airflow/.local/lib/python3.12/site-packages/airflow/example_dags/example_setup_teardown.py
[2026-05-07T23:36:15.944+0000] {processor.py:840} INFO - DAG(s) 'example_setup_teardown' retrieved from /home/airflow/.local/lib/python3.12/site-packages/airflow/example_dags/example_setup_teardown.py
[2026-05-07T23:36:15.960+0000] {logging_mixin.py:188} INFO - [2026-05-07T23:36:15.960+0000] {dag.py:3096} INFO - Sync 1 DAGs
[2026-05-07T23:36:15.977+0000] {logging_mixin.py:188} INFO - [2026-05-07T23:36:15.977+0000] {dag.py:3954} INFO - Setting next_dagrun for example_setup_teardown to 2026-05-06 00:00:00+00:00, run_after=2026-05-07 00:00:00+00:00
[2026-05-07T23:36:15.996+0000] {processor.py:183} INFO - Processing /home/airflow/.local/lib/python3.12/site-packages/airflow/example_dags/example_setup_teardown.py took 0.067 seconds
[2026-05-07T23:36:46.504+0000] {processor.py:161} INFO - Started process (PID=9600) to work on /home/airflow/.local/lib/python3.12/site-packages/airflow/example_dags/example_setup_teardown.py
[2026-05-07T23:36:46.507+0000] {processor.py:830} INFO - Processing file /home/airflow/.local/lib/python3.12/site-packages/airflow/example_dags/example_setup_teardown.py for tasks to queue
[2026-05-07T23:36:46.511+0000] {logging_mixin.py:188} INFO - [2026-05-07T23:36:46.511+0000] {dagbag.py:545} INFO - Filling up the DagBag from /home/airflow/.local/lib/python3.12/site-packages/airflow/example_dags/example_setup_teardown.py
[2026-05-07T23:36:46.519+0000] {processor.py:840} INFO - DAG(s) 'example_setup_teardown' retrieved from /home/airflow/.local/lib/python3.12/site-packages/airflow/example_dags/example_setup_teardown.py
[2026-05-07T23:36:46.545+0000] {logging_mixin.py:188} INFO - [2026-05-07T23:36:46.544+0000] {dag.py:3096} INFO - Sync 1 DAGs
[2026-05-07T23:36:46.563+0000] {logging_mixin.py:188} INFO - [2026-05-07T23:36:46.563+0000] {dag.py:3954} INFO - Setting next_dagrun for example_setup_teardown to 2026-05-06 00:00:00+00:00, run_after=2026-05-07 00:00:00+00:00
[2026-05-07T23:36:46.588+0000] {processor.py:183} INFO - Processing /home/airflow/.local/lib/python3.12/site-packages/airflow/example_dags/example_setup_teardown.py took 0.094 seconds
[2026-05-07T23:37:16.968+0000] {processor.py:161} INFO - Started process (PID=9658) to work on /home/airflow/.local/lib/python3.12/site-packages/airflow/example_dags/example_setup_teardown.py
[2026-05-07T23:37:16.970+0000] {processor.py:830} INFO - Processing file /home/airflow/.local/lib/python3.12/site-packages/airflow/example_dags/example_setup_teardown.py for tasks to queue
[2026-05-07T23:37:16.973+0000] {logging_mixin.py:188} INFO - [2026-05-07T23:37:16.973+0000] {dagbag.py:545} INFO - Filling up the DagBag from /home/airflow/.local/lib/python3.12/site-packages/airflow/example_dags/example_setup_teardown.py
[2026-05-07T23:37:16.986+0000] {processor.py:840} INFO - DAG(s) 'example_setup_teardown' retrieved from /home/airflow/.local/lib/python3.12/site-packages/airflow/example_dags/example_setup_teardown.py
[2026-05-07T23:37:17.026+0000] {logging_mixin.py:188} INFO - [2026-05-07T23:37:17.025+0000] {dag.py:3096} INFO - Sync 1 DAGs
[2026-05-07T23:37:17.066+0000] {logging_mixin.py:188} INFO - [2026-05-07T23:37:17.066+0000] {dag.py:3954} INFO - Setting next_dagrun for example_setup_teardown to 2026-05-06 00:00:00+00:00, run_after=2026-05-07 00:00:00+00:00
[2026-05-07T23:37:17.104+0000] {processor.py:183} INFO - Processing /home/airflow/.local/lib/python3.12/site-packages/airflow/example_dags/example_setup_teardown.py took 0.147 seconds
[2026-05-07T23:37:47.227+0000] {processor.py:161} INFO - Started process (PID=9716) to work on /home/airflow/.local/lib/python3.12/site-packages/airflow/example_dags/example_setup_teardown.py
[2026-05-07T23:37:47.228+0000] {processor.py:830} INFO - Processing file /home/airflow/.local/lib/python3.12/site-packages/airflow/example_dags/example_setup_teardown.py for tasks to queue
[2026-05-07T23:37:47.231+0000] {logging_mixin.py:188} INFO - [2026-05-07T23:37:47.231+0000] {dagbag.py:545} INFO - Filling up the DagBag from /home/airflow/.local/lib/python3.12/site-packages/airflow/example_dags/example_setup_teardown.py
[2026-05-07T23:37:47.244+0000] {processor.py:840} INFO - DAG(s) 'example_setup_teardown' retrieved from /home/airflow/.local/lib/python3.12/site-packages/airflow/example_dags/example_setup_teardown.py
[2026-05-07T23:37:47.266+0000] {logging_mixin.py:188} INFO - [2026-05-07T23:37:47.266+0000] {dag.py:3096} INFO - Sync 1 DAGs
[2026-05-07T23:37:47.287+0000] {logging_mixin.py:188} INFO - [2026-05-07T23:37:47.287+0000] {dag.py:3954} INFO - Setting next_dagrun for example_setup_teardown to 2026-05-06 00:00:00+00:00, run_after=2026-05-07 00:00:00+00:00
[2026-05-07T23:37:47.304+0000] {processor.py:183} INFO - Processing /home/airflow/.local/lib/python3.12/site-packages/airflow/example_dags/example_setup_teardown.py took 0.084 seconds
[2026-05-07T23:38:17.398+0000] {processor.py:161} INFO - Started process (PID=9774) to work on /home/airflow/.local/lib/python3.12/site-packages/airflow/example_dags/example_setup_teardown.py
[2026-05-07T23:38:17.400+0000] {processor.py:830} INFO - Processing file /home/airflow/.local/lib/python3.12/site-packages/airflow/example_dags/example_setup_teardown.py for tasks to queue
[2026-05-07T23:38:17.403+0000] {logging_mixin.py:188} INFO - [2026-05-07T23:38:17.403+0000] {dagbag.py:545} INFO - Filling up the DagBag from /home/airflow/.local/lib/python3.12/site-packages/airflow/example_dags/example_setup_teardown.py
[2026-05-07T23:38:17.412+0000] {processor.py:840} INFO - DAG(s) 'example_setup_teardown' retrieved from /home/airflow/.local/lib/python3.12/site-packages/airflow/example_dags/example_setup_teardown.py
[2026-05-07T23:38:17.468+0000] {logging_mixin.py:188} INFO - [2026-05-07T23:38:17.468+0000] {dag.py:3096} INFO - Sync 1 DAGs
[2026-05-07T23:38:17.493+0000] {logging_mixin.py:188} INFO - [2026-05-07T23:38:17.493+0000] {dag.py:3954} INFO - Setting next_dagrun for example_setup_teardown to 2026-05-06 00:00:00+00:00, run_after=2026-05-07 00:00:00+00:00
[2026-05-07T23:38:17.518+0000] {processor.py:183} INFO - Processing /home/airflow/.local/lib/python3.12/site-packages/airflow/example_dags/example_setup_teardown.py took 0.129 seconds
[2026-05-07T23:38:47.613+0000] {processor.py:161} INFO - Started process (PID=9831) to work on /home/airflow/.local/lib/python3.12/site-packages/airflow/example_dags/example_setup_teardown.py
[2026-05-07T23:38:47.614+0000] {processor.py:830} INFO - Processing file /home/airflow/.local/lib/python3.12/site-packages/airflow/example_dags/example_setup_teardown.py for tasks to queue
[2026-05-07T23:38:47.617+0000] {logging_mixin.py:188} INFO - [2026-05-07T23:38:47.617+0000] {dagbag.py:545} INFO - Filling up the DagBag from /home/airflow/.local/lib/python3.12/site-packages/airflow/example_dags/example_setup_teardown.py
[2026-05-07T23:38:47.624+0000] {processor.py:840} INFO - DAG(s) 'example_setup_teardown' retrieved from /home/airflow/.local/lib/python3.12/site-packages/airflow/example_dags/example_setup_teardown.py
[2026-05-07T23:38:47.642+0000] {logging_mixin.py:188} INFO - [2026-05-07T23:38:47.642+0000] {dag.py:3096} INFO - Sync 1 DAGs
[2026-05-07T23:38:47.659+0000] {logging_mixin.py:188} INFO - [2026-05-07T23:38:47.659+0000] {dag.py:3954} INFO - Setting next_dagrun for example_setup_teardown to 2026-05-06 00:00:00+00:00, run_after=2026-05-07 00:00:00+00:00
[2026-05-07T23:38:47.679+0000] {processor.py:183} INFO - Processing /home/airflow/.local/lib/python3.12/site-packages/airflow/example_dags/example_setup_teardown.py took 0.072 seconds
[2026-05-07T23:39:17.814+0000] {processor.py:161} INFO - Started process (PID=9889) to work on /home/airflow/.local/lib/python3.12/site-packages/airflow/example_dags/example_setup_teardown.py
[2026-05-07T23:39:17.815+0000] {processor.py:830} INFO - Processing file /home/airflow/.local/lib/python3.12/site-packages/airflow/example_dags/example_setup_teardown.py for tasks to queue
[2026-05-07T23:39:17.818+0000] {logging_mixin.py:188} INFO - [2026-05-07T23:39:17.817+0000] {dagbag.py:545} INFO - Filling up the DagBag from /home/airflow/.local/lib/python3.12/site-packages/airflow/example_dags/example_setup_teardown.py
[2026-05-07T23:39:17.825+0000] {processor.py:840} INFO - DAG(s) 'example_setup_teardown' retrieved from /home/airflow/.local/lib/python3.12/site-packages/airflow/example_dags/example_setup_teardown.py
[2026-05-07T23:39:17.844+0000] {logging_mixin.py:188} INFO - [2026-05-07T23:39:17.844+0000] {dag.py:3096} INFO - Sync 1 DAGs
[2026-05-07T23:39:17.863+0000] {logging_mixin.py:188} INFO - [2026-05-07T23:39:17.863+0000] {dag.py:3954} INFO - Setting next_dagrun for example_setup_teardown to 2026-05-06 00:00:00+00:00, run_after=2026-05-07 00:00:00+00:00
[2026-05-07T23:39:17.882+0000] {processor.py:183} INFO - Processing /home/airflow/.local/lib/python3.12/site-packages/airflow/example_dags/example_setup_teardown.py took 0.073 seconds
[2026-05-07T23:39:48.207+0000] {processor.py:161} INFO - Started process (PID=9947) to work on /home/airflow/.local/lib/python3.12/site-packages/airflow/example_dags/example_setup_teardown.py
[2026-05-07T23:39:48.208+0000] {processor.py:830} INFO - Processing file /home/airflow/.local/lib/python3.12/site-packages/airflow/example_dags/example_setup_teardown.py for tasks to queue
[2026-05-07T23:39:48.211+0000] {logging_mixin.py:188} INFO - [2026-05-07T23:39:48.211+0000] {dagbag.py:545} INFO - Filling up the DagBag from /home/airflow/.local/lib/python3.12/site-packages/airflow/example_dags/example_setup_teardown.py
[2026-05-07T23:39:48.218+0000] {processor.py:840} INFO - DAG(s) 'example_setup_teardown' retrieved from /home/airflow/.local/lib/python3.12/site-packages/airflow/example_dags/example_setup_teardown.py
[2026-05-07T23:39:48.246+0000] {logging_mixin.py:188} INFO - [2026-05-07T23:39:48.246+0000] {dag.py:3096} INFO - Sync 1 DAGs
[2026-05-07T23:39:48.265+0000] {logging_mixin.py:188} INFO - [2026-05-07T23:39:48.264+0000] {dag.py:3954} INFO - Setting next_dagrun for example_setup_teardown to 2026-05-06 00:00:00+00:00, run_after=2026-05-07 00:00:00+00:00
[2026-05-07T23:39:48.284+0000] {processor.py:183} INFO - Processing /home/airflow/.local/lib/python3.12/site-packages/airflow/example_dags/example_setup_teardown.py took 0.083 seconds
[2026-05-07T23:40:18.571+0000] {processor.py:161} INFO - Started process (PID=10005) to work on /home/airflow/.local/lib/python3.12/site-packages/airflow/example_dags/example_setup_teardown.py
[2026-05-07T23:40:18.572+0000] {processor.py:830} INFO - Processing file /home/airflow/.local/lib/python3.12/site-packages/airflow/example_dags/example_setup_teardown.py for tasks to queue
[2026-05-07T23:40:18.574+0000] {logging_mixin.py:188} INFO - [2026-05-07T23:40:18.574+0000] {dagbag.py:545} INFO - Filling up the DagBag from /home/airflow/.local/lib/python3.12/site-packages/airflow/example_dags/example_setup_teardown.py
[2026-05-07T23:40:18.580+0000] {processor.py:840} INFO - DAG(s) 'example_setup_teardown' retrieved from /home/airflow/.local/lib/python3.12/site-packages/airflow/example_dags/example_setup_teardown.py
[2026-05-07T23:40:18.600+0000] {logging_mixin.py:188} INFO - [2026-05-07T23:40:18.600+0000] {dag.py:3096} INFO - Sync 1 DAGs
[2026-05-07T23:40:18.618+0000] {logging_mixin.py:188} INFO - [2026-05-07T23:40:18.617+0000] {dag.py:3954} INFO - Setting next_dagrun for example_setup_teardown to 2026-05-06 00:00:00+00:00, run_after=2026-05-07 00:00:00+00:00
[2026-05-07T23:40:18.635+0000] {processor.py:183} INFO - Processing /home/airflow/.local/lib/python3.12/site-packages/airflow/example_dags/example_setup_teardown.py took 0.069 seconds
[2026-05-07T23:40:49.100+0000] {processor.py:161} INFO - Started process (PID=10063) to work on /home/airflow/.local/lib/python3.12/site-packages/airflow/example_dags/example_setup_teardown.py
[2026-05-07T23:40:49.101+0000] {processor.py:830} INFO - Processing file /home/airflow/.local/lib/python3.12/site-packages/airflow/example_dags/example_setup_teardown.py for tasks to queue
[2026-05-07T23:40:49.103+0000] {logging_mixin.py:188} INFO - [2026-05-07T23:40:49.103+0000] {dagbag.py:545} INFO - Filling up the DagBag from /home/airflow/.local/lib/python3.12/site-packages/airflow/example_dags/example_setup_teardown.py
[2026-05-07T23:40:49.109+0000] {processor.py:840} INFO - DAG(s) 'example_setup_teardown' retrieved from /home/airflow/.local/lib/python3.12/site-packages/airflow/example_dags/example_setup_teardown.py
[2026-05-07T23:40:49.128+0000] {logging_mixin.py:188} INFO - [2026-05-07T23:40:49.128+0000] {dag.py:3096} INFO - Sync 1 DAGs
[2026-05-07T23:40:49.145+0000] {logging_mixin.py:188} INFO - [2026-05-07T23:40:49.145+0000] {dag.py:3954} INFO - Setting next_dagrun for example_setup_teardown to 2026-05-06 00:00:00+00:00, run_after=2026-05-07 00:00:00+00:00
[2026-05-07T23:40:49.164+0000] {processor.py:183} INFO - Processing /home/airflow/.local/lib/python3.12/site-packages/airflow/example_dags/example_setup_teardown.py took 0.069 seconds
[2026-05-07T23:41:19.698+0000] {processor.py:161} INFO - Started process (PID=10121) to work on /home/airflow/.local/lib/python3.12/site-packages/airflow/example_dags/example_setup_teardown.py
[2026-05-07T23:41:19.699+0000] {processor.py:830} INFO - Processing file /home/airflow/.local/lib/python3.12/site-packages/airflow/example_dags/example_setup_teardown.py for tasks to queue
[2026-05-07T23:41:19.701+0000] {logging_mixin.py:188} INFO - [2026-05-07T23:41:19.701+0000] {dagbag.py:545} INFO - Filling up the DagBag from /home/airflow/.local/lib/python3.12/site-packages/airflow/example_dags/example_setup_teardown.py
[2026-05-07T23:41:19.708+0000] {processor.py:840} INFO - DAG(s) 'example_setup_teardown' retrieved from /home/airflow/.local/lib/python3.12/site-packages/airflow/example_dags/example_setup_teardown.py
[2026-05-07T23:41:19.727+0000] {logging_mixin.py:188} INFO - [2026-05-07T23:41:19.726+0000] {dag.py:3096} INFO - Sync 1 DAGs
[2026-05-07T23:41:19.744+0000] {logging_mixin.py:188} INFO - [2026-05-07T23:41:19.744+0000] {dag.py:3954} INFO - Setting next_dagrun for example_setup_teardown to 2026-05-06 00:00:00+00:00, run_after=2026-05-07 00:00:00+00:00
[2026-05-07T23:41:19.763+0000] {processor.py:183} INFO - Processing /home/airflow/.local/lib/python3.12/site-packages/airflow/example_dags/example_setup_teardown.py took 0.070 seconds
[2026-05-07T23:41:49.899+0000] {processor.py:161} INFO - Started process (PID=10178) to work on /home/airflow/.local/lib/python3.12/site-packages/airflow/example_dags/example_setup_teardown.py
[2026-05-07T23:41:49.900+0000] {processor.py:830} INFO - Processing file /home/airflow/.local/lib/python3.12/site-packages/airflow/example_dags/example_setup_teardown.py for tasks to queue
[2026-05-07T23:41:49.902+0000] {logging_mixin.py:188} INFO - [2026-05-07T23:41:49.901+0000] {dagbag.py:545} INFO - Filling up the DagBag from /home/airflow/.local/lib/python3.12/site-packages/airflow/example_dags/example_setup_teardown.py
[2026-05-07T23:41:49.908+0000] {processor.py:840} INFO - DAG(s) 'example_setup_teardown' retrieved from /home/airflow/.local/lib/python3.12/site-packages/airflow/example_dags/example_setup_teardown.py
[2026-05-07T23:41:49.927+0000] {logging_mixin.py:188} INFO - [2026-05-07T23:41:49.927+0000] {dag.py:3096} INFO - Sync 1 DAGs
[2026-05-07T23:41:49.945+0000] {logging_mixin.py:188} INFO - [2026-05-07T23:41:49.944+0000] {dag.py:3954} INFO - Setting next_dagrun for example_setup_teardown to 2026-05-06 00:00:00+00:00, run_after=2026-05-07 00:00:00+00:00
[2026-05-07T23:41:49.964+0000] {processor.py:183} INFO - Processing /home/airflow/.local/lib/python3.12/site-packages/airflow/example_dags/example_setup_teardown.py took 0.071 seconds
[2026-05-07T23:42:20.253+0000] {processor.py:161} INFO - Started process (PID=10236) to work on /home/airflow/.local/lib/python3.12/site-packages/airflow/example_dags/example_setup_teardown.py
[2026-05-07T23:42:20.254+0000] {processor.py:830} INFO - Processing file /home/airflow/.local/lib/python3.12/site-packages/airflow/example_dags/example_setup_teardown.py for tasks to queue
[2026-05-07T23:42:20.256+0000] {logging_mixin.py:188} INFO - [2026-05-07T23:42:20.256+0000] {dagbag.py:545} INFO - Filling up the DagBag from /home/airflow/.local/lib/python3.12/site-packages/airflow/example_dags/example_setup_teardown.py
[2026-05-07T23:42:20.262+0000] {processor.py:840} INFO - DAG(s) 'example_setup_teardown' retrieved from /home/airflow/.local/lib/python3.12/site-packages/airflow/example_dags/example_setup_teardown.py
[2026-05-07T23:42:20.282+0000] {logging_mixin.py:188} INFO - [2026-05-07T23:42:20.282+0000] {dag.py:3096} INFO - Sync 1 DAGs
[2026-05-07T23:42:20.299+0000] {logging_mixin.py:188} INFO - [2026-05-07T23:42:20.299+0000] {dag.py:3954} INFO - Setting next_dagrun for example_setup_teardown to 2026-05-06 00:00:00+00:00, run_after=2026-05-07 00:00:00+00:00
[2026-05-07T23:42:20.319+0000] {processor.py:183} INFO - Processing /home/airflow/.local/lib/python3.12/site-packages/airflow/example_dags/example_setup_teardown.py took 0.072 seconds
[2026-05-07T23:42:50.889+0000] {processor.py:161} INFO - Started process (PID=10293) to work on /home/airflow/.local/lib/python3.12/site-packages/airflow/example_dags/example_setup_teardown.py
[2026-05-07T23:42:50.890+0000] {processor.py:830} INFO - Processing file /home/airflow/.local/lib/python3.12/site-packages/airflow/example_dags/example_setup_teardown.py for tasks to queue
[2026-05-07T23:42:50.892+0000] {logging_mixin.py:188} INFO - [2026-05-07T23:42:50.892+0000] {dagbag.py:545} INFO - Filling up the DagBag from /home/airflow/.local/lib/python3.12/site-packages/airflow/example_dags/example_setup_teardown.py
[2026-05-07T23:42:50.899+0000] {processor.py:840} INFO - DAG(s) 'example_setup_teardown' retrieved from /home/airflow/.local/lib/python3.12/site-packages/airflow/example_dags/example_setup_teardown.py
[2026-05-07T23:42:50.921+0000] {logging_mixin.py:188} INFO - [2026-05-07T23:42:50.921+0000] {dag.py:3096} INFO - Sync 1 DAGs
[2026-05-07T23:42:50.944+0000] {logging_mixin.py:188} INFO - [2026-05-07T23:42:50.943+0000] {dag.py:3954} INFO - Setting next_dagrun for example_setup_teardown to 2026-05-06 00:00:00+00:00, run_after=2026-05-07 00:00:00+00:00
[2026-05-07T23:42:50.964+0000] {processor.py:183} INFO - Processing /home/airflow/.local/lib/python3.12/site-packages/airflow/example_dags/example_setup_teardown.py took 0.080 seconds
[2026-05-07T23:43:21.701+0000] {processor.py:161} INFO - Started process (PID=10351) to work on /home/airflow/.local/lib/python3.12/site-packages/airflow/example_dags/example_setup_teardown.py
[2026-05-07T23:43:21.702+0000] {processor.py:830} INFO - Processing file /home/airflow/.local/lib/python3.12/site-packages/airflow/example_dags/example_setup_teardown.py for tasks to queue
[2026-05-07T23:43:21.705+0000] {logging_mixin.py:188} INFO - [2026-05-07T23:43:21.704+0000] {dagbag.py:545} INFO - Filling up the DagBag from /home/airflow/.local/lib/python3.12/site-packages/airflow/example_dags/example_setup_teardown.py
[2026-05-07T23:43:21.712+0000] {processor.py:840} INFO - DAG(s) 'example_setup_teardown' retrieved from /home/airflow/.local/lib/python3.12/site-packages/airflow/example_dags/example_setup_teardown.py
[2026-05-07T23:43:21.733+0000] {logging_mixin.py:188} INFO - [2026-05-07T23:43:21.733+0000] {dag.py:3096} INFO - Sync 1 DAGs
[2026-05-07T23:43:21.753+0000] {logging_mixin.py:188} INFO - [2026-05-07T23:43:21.753+0000] {dag.py:3954} INFO - Setting next_dagrun for example_setup_teardown to 2026-05-06 00:00:00+00:00, run_after=2026-05-07 00:00:00+00:00
[2026-05-07T23:43:21.773+0000] {processor.py:183} INFO - Processing /home/airflow/.local/lib/python3.12/site-packages/airflow/example_dags/example_setup_teardown.py took 0.077 seconds
[2026-05-07T23:43:52.022+0000] {processor.py:161} INFO - Started process (PID=10409) to work on /home/airflow/.local/lib/python3.12/site-packages/airflow/example_dags/example_setup_teardown.py
[2026-05-07T23:43:52.023+0000] {processor.py:830} INFO - Processing file /home/airflow/.local/lib/python3.12/site-packages/airflow/example_dags/example_setup_teardown.py for tasks to queue
[2026-05-07T23:43:52.026+0000] {logging_mixin.py:188} INFO - [2026-05-07T23:43:52.025+0000] {dagbag.py:545} INFO - Filling up the DagBag from /home/airflow/.local/lib/python3.12/site-packages/airflow/example_dags/example_setup_teardown.py
[2026-05-07T23:43:52.031+0000] {processor.py:840} INFO - DAG(s) 'example_setup_teardown' retrieved from /home/airflow/.local/lib/python3.12/site-packages/airflow/example_dags/example_setup_teardown.py
[2026-05-07T23:43:52.054+0000] {logging_mixin.py:188} INFO - [2026-05-07T23:43:52.054+0000] {dag.py:3096} INFO - Sync 1 DAGs
[2026-05-07T23:43:52.073+0000] {logging_mixin.py:188} INFO - [2026-05-07T23:43:52.072+0000] {dag.py:3954} INFO - Setting next_dagrun for example_setup_teardown to 2026-05-06 00:00:00+00:00, run_after=2026-05-07 00:00:00+00:00
[2026-05-07T23:43:52.094+0000] {processor.py:183} INFO - Processing /home/airflow/.local/lib/python3.12/site-packages/airflow/example_dags/example_setup_teardown.py took 0.077 seconds
[2026-05-07T23:44:22.350+0000] {processor.py:161} INFO - Started process (PID=10467) to work on /home/airflow/.local/lib/python3.12/site-packages/airflow/example_dags/example_setup_teardown.py
[2026-05-07T23:44:22.352+0000] {processor.py:830} INFO - Processing file /home/airflow/.local/lib/python3.12/site-packages/airflow/example_dags/example_setup_teardown.py for tasks to queue
[2026-05-07T23:44:22.356+0000] {logging_mixin.py:188} INFO - [2026-05-07T23:44:22.355+0000] {dagbag.py:545} INFO - Filling up the DagBag from /home/airflow/.local/lib/python3.12/site-packages/airflow/example_dags/example_setup_teardown.py
[2026-05-07T23:44:22.365+0000] {processor.py:840} INFO - DAG(s) 'example_setup_teardown' retrieved from /home/airflow/.local/lib/python3.12/site-packages/airflow/example_dags/example_setup_teardown.py
[2026-05-07T23:44:22.391+0000] {logging_mixin.py:188} INFO - [2026-05-07T23:44:22.390+0000] {dag.py:3096} INFO - Sync 1 DAGs
[2026-05-07T23:44:22.423+0000] {logging_mixin.py:188} INFO - [2026-05-07T23:44:22.423+0000] {dag.py:3954} INFO - Setting next_dagrun for example_setup_teardown to 2026-05-06 00:00:00+00:00, run_after=2026-05-07 00:00:00+00:00
[2026-05-07T23:44:22.449+0000] {processor.py:183} INFO - Processing /home/airflow/.local/lib/python3.12/site-packages/airflow/example_dags/example_setup_teardown.py took 0.106 seconds
[2026-05-07T23:44:52.611+0000] {processor.py:161} INFO - Started process (PID=10525) to work on /home/airflow/.local/lib/python3.12/site-packages/airflow/example_dags/example_setup_teardown.py
[2026-05-07T23:44:52.613+0000] {processor.py:830} INFO - Processing file /home/airflow/.local/lib/python3.12/site-packages/airflow/example_dags/example_setup_teardown.py for tasks to queue
[2026-05-07T23:44:52.615+0000] {logging_mixin.py:188} INFO - [2026-05-07T23:44:52.614+0000] {dagbag.py:545} INFO - Filling up the DagBag from /home/airflow/.local/lib/python3.12/site-packages/airflow/example_dags/example_setup_teardown.py
[2026-05-07T23:44:52.621+0000] {processor.py:840} INFO - DAG(s) 'example_setup_teardown' retrieved from /home/airflow/.local/lib/python3.12/site-packages/airflow/example_dags/example_setup_teardown.py
[2026-05-07T23:44:52.640+0000] {logging_mixin.py:188} INFO - [2026-05-07T23:44:52.640+0000] {dag.py:3096} INFO - Sync 1 DAGs
[2026-05-07T23:44:52.657+0000] {logging_mixin.py:188} INFO - [2026-05-07T23:44:52.657+0000] {dag.py:3954} INFO - Setting next_dagrun for example_setup_teardown to 2026-05-06 00:00:00+00:00, run_after=2026-05-07 00:00:00+00:00
[2026-05-07T23:44:52.675+0000] {processor.py:183} INFO - Processing /home/airflow/.local/lib/python3.12/site-packages/airflow/example_dags/example_setup_teardown.py took 0.069 seconds
[2026-05-07T23:45:23.567+0000] {processor.py:161} INFO - Started process (PID=10583) to work on /home/airflow/.local/lib/python3.12/site-packages/airflow/example_dags/example_setup_teardown.py
[2026-05-07T23:45:23.569+0000] {processor.py:830} INFO - Processing file /home/airflow/.local/lib/python3.12/site-packages/airflow/example_dags/example_setup_teardown.py for tasks to queue
[2026-05-07T23:45:23.573+0000] {logging_mixin.py:188} INFO - [2026-05-07T23:45:23.572+0000] {dagbag.py:545} INFO - Filling up the DagBag from /home/airflow/.local/lib/python3.12/site-packages/airflow/example_dags/example_setup_teardown.py
[2026-05-07T23:45:23.579+0000] {processor.py:840} INFO - DAG(s) 'example_setup_teardown' retrieved from /home/airflow/.local/lib/python3.12/site-packages/airflow/example_dags/example_setup_teardown.py
[2026-05-07T23:45:23.597+0000] {logging_mixin.py:188} INFO - [2026-05-07T23:45:23.597+0000] {dag.py:3096} INFO - Sync 1 DAGs
[2026-05-07T23:45:23.615+0000] {logging_mixin.py:188} INFO - [2026-05-07T23:45:23.615+0000] {dag.py:3954} INFO - Setting next_dagrun for example_setup_teardown to 2026-05-06 00:00:00+00:00, run_after=2026-05-07 00:00:00+00:00
[2026-05-07T23:45:23.633+0000] {processor.py:183} INFO - Processing /home/airflow/.local/lib/python3.12/site-packages/airflow/example_dags/example_setup_teardown.py took 0.072 seconds
[2026-05-07T23:45:54.096+0000] {processor.py:161} INFO - Started process (PID=10640) to work on /home/airflow/.local/lib/python3.12/site-packages/airflow/example_dags/example_setup_teardown.py
[2026-05-07T23:45:54.097+0000] {processor.py:830} INFO - Processing file /home/airflow/.local/lib/python3.12/site-packages/airflow/example_dags/example_setup_teardown.py for tasks to queue
[2026-05-07T23:45:54.099+0000] {logging_mixin.py:188} INFO - [2026-05-07T23:45:54.099+0000] {dagbag.py:545} INFO - Filling up the DagBag from /home/airflow/.local/lib/python3.12/site-packages/airflow/example_dags/example_setup_teardown.py
[2026-05-07T23:45:54.105+0000] {processor.py:840} INFO - DAG(s) 'example_setup_teardown' retrieved from /home/airflow/.local/lib/python3.12/site-packages/airflow/example_dags/example_setup_teardown.py
[2026-05-07T23:45:54.126+0000] {logging_mixin.py:188} INFO - [2026-05-07T23:45:54.126+0000] {dag.py:3096} INFO - Sync 1 DAGs
[2026-05-07T23:45:54.143+0000] {logging_mixin.py:188} INFO - [2026-05-07T23:45:54.143+0000] {dag.py:3954} INFO - Setting next_dagrun for example_setup_teardown to 2026-05-06 00:00:00+00:00, run_after=2026-05-07 00:00:00+00:00
[2026-05-07T23:45:54.162+0000] {processor.py:183} INFO - Processing /home/airflow/.local/lib/python3.12/site-packages/airflow/example_dags/example_setup_teardown.py took 0.071 seconds
[2026-05-07T23:46:24.709+0000] {processor.py:161} INFO - Started process (PID=10698) to work on /home/airflow/.local/lib/python3.12/site-packages/airflow/example_dags/example_setup_teardown.py
[2026-05-07T23:46:24.711+0000] {processor.py:830} INFO - Processing file /home/airflow/.local/lib/python3.12/site-packages/airflow/example_dags/example_setup_teardown.py for tasks to queue
[2026-05-07T23:46:24.713+0000] {logging_mixin.py:188} INFO - [2026-05-07T23:46:24.713+0000] {dagbag.py:545} INFO - Filling up the DagBag from /home/airflow/.local/lib/python3.12/site-packages/airflow/example_dags/example_setup_teardown.py
[2026-05-07T23:46:24.720+0000] {processor.py:840} INFO - DAG(s) 'example_setup_teardown' retrieved from /home/airflow/.local/lib/python3.12/site-packages/airflow/example_dags/example_setup_teardown.py
[2026-05-07T23:46:24.737+0000] {logging_mixin.py:188} INFO - [2026-05-07T23:46:24.737+0000] {dag.py:3096} INFO - Sync 1 DAGs
[2026-05-07T23:46:24.755+0000] {logging_mixin.py:188} INFO - [2026-05-07T23:46:24.755+0000] {dag.py:3954} INFO - Setting next_dagrun for example_setup_teardown to 2026-05-06 00:00:00+00:00, run_after=2026-05-07 00:00:00+00:00
[2026-05-07T23:46:24.772+0000] {processor.py:183} INFO - Processing /home/airflow/.local/lib/python3.12/site-packages/airflow/example_dags/example_setup_teardown.py took 0.068 seconds
[2026-05-07T23:46:55.053+0000] {processor.py:161} INFO - Started process (PID=10755) to work on /home/airflow/.local/lib/python3.12/site-packages/airflow/example_dags/example_setup_teardown.py
[2026-05-07T23:46:55.054+0000] {processor.py:830} INFO - Processing file /home/airflow/.local/lib/python3.12/site-packages/airflow/example_dags/example_setup_teardown.py for tasks to queue
[2026-05-07T23:46:55.056+0000] {logging_mixin.py:188} INFO - [2026-05-07T23:46:55.056+0000] {dagbag.py:545} INFO - Filling up the DagBag from /home/airflow/.local/lib/python3.12/site-packages/airflow/example_dags/example_setup_teardown.py
[2026-05-07T23:46:55.063+0000] {processor.py:840} INFO - DAG(s) 'example_setup_teardown' retrieved from /home/airflow/.local/lib/python3.12/site-packages/airflow/example_dags/example_setup_teardown.py
[2026-05-07T23:46:55.080+0000] {logging_mixin.py:188} INFO - [2026-05-07T23:46:55.080+0000] {dag.py:3096} INFO - Sync 1 DAGs
[2026-05-07T23:46:55.097+0000] {logging_mixin.py:188} INFO - [2026-05-07T23:46:55.097+0000] {dag.py:3954} INFO - Setting next_dagrun for example_setup_teardown to 2026-05-06 00:00:00+00:00, run_after=2026-05-07 00:00:00+00:00
[2026-05-07T23:46:55.116+0000] {processor.py:183} INFO - Processing /home/airflow/.local/lib/python3.12/site-packages/airflow/example_dags/example_setup_teardown.py took 0.068 seconds
[2026-05-07T23:47:25.574+0000] {processor.py:161} INFO - Started process (PID=10813) to work on /home/airflow/.local/lib/python3.12/site-packages/airflow/example_dags/example_setup_teardown.py
[2026-05-07T23:47:25.575+0000] {processor.py:830} INFO - Processing file /home/airflow/.local/lib/python3.12/site-packages/airflow/example_dags/example_setup_teardown.py for tasks to queue
[2026-05-07T23:47:25.578+0000] {logging_mixin.py:188} INFO - [2026-05-07T23:47:25.578+0000] {dagbag.py:545} INFO - Filling up the DagBag from /home/airflow/.local/lib/python3.12/site-packages/airflow/example_dags/example_setup_teardown.py
[2026-05-07T23:47:25.584+0000] {processor.py:840} INFO - DAG(s) 'example_setup_teardown' retrieved from /home/airflow/.local/lib/python3.12/site-packages/airflow/example_dags/example_setup_teardown.py
[2026-05-07T23:47:25.603+0000] {logging_mixin.py:188} INFO - [2026-05-07T23:47:25.603+0000] {dag.py:3096} INFO - Sync 1 DAGs
[2026-05-07T23:47:25.621+0000] {logging_mixin.py:188} INFO - [2026-05-07T23:47:25.620+0000] {dag.py:3954} INFO - Setting next_dagrun for example_setup_teardown to 2026-05-06 00:00:00+00:00, run_after=2026-05-07 00:00:00+00:00
[2026-05-07T23:47:25.640+0000] {processor.py:183} INFO - Processing /home/airflow/.local/lib/python3.12/site-packages/airflow/example_dags/example_setup_teardown.py took 0.071 seconds
[2026-05-07T23:47:56.190+0000] {processor.py:161} INFO - Started process (PID=10871) to work on /home/airflow/.local/lib/python3.12/site-packages/airflow/example_dags/example_setup_teardown.py
[2026-05-07T23:47:56.191+0000] {processor.py:830} INFO - Processing file /home/airflow/.local/lib/python3.12/site-packages/airflow/example_dags/example_setup_teardown.py for tasks to queue
[2026-05-07T23:47:56.194+0000] {logging_mixin.py:188} INFO - [2026-05-07T23:47:56.194+0000] {dagbag.py:545} INFO - Filling up the DagBag from /home/airflow/.local/lib/python3.12/site-packages/airflow/example_dags/example_setup_teardown.py
[2026-05-07T23:47:56.200+0000] {processor.py:840} INFO - DAG(s) 'example_setup_teardown' retrieved from /home/airflow/.local/lib/python3.12/site-packages/airflow/example_dags/example_setup_teardown.py
[2026-05-07T23:47:56.220+0000] {logging_mixin.py:188} INFO - [2026-05-07T23:47:56.220+0000] {dag.py:3096} INFO - Sync 1 DAGs
[2026-05-07T23:47:56.238+0000] {logging_mixin.py:188} INFO - [2026-05-07T23:47:56.238+0000] {dag.py:3954} INFO - Setting next_dagrun for example_setup_teardown to 2026-05-06 00:00:00+00:00, run_after=2026-05-07 00:00:00+00:00
[2026-05-07T23:47:56.259+0000] {processor.py:183} INFO - Processing /home/airflow/.local/lib/python3.12/site-packages/airflow/example_dags/example_setup_teardown.py took 0.073 seconds
[2026-05-07T23:48:26.824+0000] {processor.py:161} INFO - Started process (PID=10929) to work on /home/airflow/.local/lib/python3.12/site-packages/airflow/example_dags/example_setup_teardown.py
[2026-05-07T23:48:26.825+0000] {processor.py:830} INFO - Processing file /home/airflow/.local/lib/python3.12/site-packages/airflow/example_dags/example_setup_teardown.py for tasks to queue
[2026-05-07T23:48:26.828+0000] {logging_mixin.py:188} INFO - [2026-05-07T23:48:26.828+0000] {dagbag.py:545} INFO - Filling up the DagBag from /home/airflow/.local/lib/python3.12/site-packages/airflow/example_dags/example_setup_teardown.py
[2026-05-07T23:48:26.835+0000] {processor.py:840} INFO - DAG(s) 'example_setup_teardown' retrieved from /home/airflow/.local/lib/python3.12/site-packages/airflow/example_dags/example_setup_teardown.py
[2026-05-07T23:48:26.854+0000] {logging_mixin.py:188} INFO - [2026-05-07T23:48:26.853+0000] {dag.py:3096} INFO - Sync 1 DAGs
[2026-05-07T23:48:26.871+0000] {logging_mixin.py:188} INFO - [2026-05-07T23:48:26.871+0000] {dag.py:3954} INFO - Setting next_dagrun for example_setup_teardown to 2026-05-06 00:00:00+00:00, run_after=2026-05-07 00:00:00+00:00
[2026-05-07T23:48:26.889+0000] {processor.py:183} INFO - Processing /home/airflow/.local/lib/python3.12/site-packages/airflow/example_dags/example_setup_teardown.py took 0.071 seconds
[2026-05-07T23:48:57.023+0000] {processor.py:161} INFO - Started process (PID=10987) to work on /home/airflow/.local/lib/python3.12/site-packages/airflow/example_dags/example_setup_teardown.py
[2026-05-07T23:48:57.025+0000] {processor.py:830} INFO - Processing file /home/airflow/.local/lib/python3.12/site-packages/airflow/example_dags/example_setup_teardown.py for tasks to queue
[2026-05-07T23:48:57.027+0000] {logging_mixin.py:188} INFO - [2026-05-07T23:48:57.027+0000] {dagbag.py:545} INFO - Filling up the DagBag from /home/airflow/.local/lib/python3.12/site-packages/airflow/example_dags/example_setup_teardown.py
[2026-05-07T23:48:57.034+0000] {processor.py:840} INFO - DAG(s) 'example_setup_teardown' retrieved from /home/airflow/.local/lib/python3.12/site-packages/airflow/example_dags/example_setup_teardown.py
[2026-05-07T23:48:57.053+0000] {logging_mixin.py:188} INFO - [2026-05-07T23:48:57.052+0000] {dag.py:3096} INFO - Sync 1 DAGs
[2026-05-07T23:48:57.071+0000] {logging_mixin.py:188} INFO - [2026-05-07T23:48:57.070+0000] {dag.py:3954} INFO - Setting next_dagrun for example_setup_teardown to 2026-05-06 00:00:00+00:00, run_after=2026-05-07 00:00:00+00:00
[2026-05-07T23:48:57.091+0000] {processor.py:183} INFO - Processing /home/airflow/.local/lib/python3.12/site-packages/airflow/example_dags/example_setup_teardown.py took 0.074 seconds
[2026-05-07T23:49:27.576+0000] {processor.py:161} INFO - Started process (PID=11045) to work on /home/airflow/.local/lib/python3.12/site-packages/airflow/example_dags/example_setup_teardown.py
[2026-05-07T23:49:27.578+0000] {processor.py:830} INFO - Processing file /home/airflow/.local/lib/python3.12/site-packages/airflow/example_dags/example_setup_teardown.py for tasks to queue
[2026-05-07T23:49:27.583+0000] {logging_mixin.py:188} INFO - [2026-05-07T23:49:27.583+0000] {dagbag.py:545} INFO - Filling up the DagBag from /home/airflow/.local/lib/python3.12/site-packages/airflow/example_dags/example_setup_teardown.py
[2026-05-07T23:49:27.594+0000] {processor.py:840} INFO - DAG(s) 'example_setup_teardown' retrieved from /home/airflow/.local/lib/python3.12/site-packages/airflow/example_dags/example_setup_teardown.py
[2026-05-07T23:49:27.639+0000] {logging_mixin.py:188} INFO - [2026-05-07T23:49:27.639+0000] {dag.py:3096} INFO - Sync 1 DAGs
[2026-05-07T23:49:27.668+0000] {logging_mixin.py:188} INFO - [2026-05-07T23:49:27.668+0000] {dag.py:3954} INFO - Setting next_dagrun for example_setup_teardown to 2026-05-06 00:00:00+00:00, run_after=2026-05-07 00:00:00+00:00
[2026-05-07T23:49:27.698+0000] {processor.py:183} INFO - Processing /home/airflow/.local/lib/python3.12/site-packages/airflow/example_dags/example_setup_teardown.py took 0.137 seconds
[2026-05-07T23:49:58.091+0000] {processor.py:161} INFO - Started process (PID=11103) to work on /home/airflow/.local/lib/python3.12/site-packages/airflow/example_dags/example_setup_teardown.py
[2026-05-07T23:49:58.092+0000] {processor.py:830} INFO - Processing file /home/airflow/.local/lib/python3.12/site-packages/airflow/example_dags/example_setup_teardown.py for tasks to queue
[2026-05-07T23:49:58.096+0000] {logging_mixin.py:188} INFO - [2026-05-07T23:49:58.095+0000] {dagbag.py:545} INFO - Filling up the DagBag from /home/airflow/.local/lib/python3.12/site-packages/airflow/example_dags/example_setup_teardown.py
[2026-05-07T23:49:58.104+0000] {processor.py:840} INFO - DAG(s) 'example_setup_teardown' retrieved from /home/airflow/.local/lib/python3.12/site-packages/airflow/example_dags/example_setup_teardown.py
[2026-05-07T23:49:58.157+0000] {logging_mixin.py:188} INFO - [2026-05-07T23:49:58.157+0000] {dag.py:3096} INFO - Sync 1 DAGs
[2026-05-07T23:49:58.181+0000] {logging_mixin.py:188} INFO - [2026-05-07T23:49:58.180+0000] {dag.py:3954} INFO - Setting next_dagrun for example_setup_teardown to 2026-05-06 00:00:00+00:00, run_after=2026-05-07 00:00:00+00:00
[2026-05-07T23:49:58.206+0000] {processor.py:183} INFO - Processing /home/airflow/.local/lib/python3.12/site-packages/airflow/example_dags/example_setup_teardown.py took 0.121 seconds
[2026-05-07T23:50:28.366+0000] {processor.py:161} INFO - Started process (PID=11161) to work on /home/airflow/.local/lib/python3.12/site-packages/airflow/example_dags/example_setup_teardown.py
[2026-05-07T23:50:28.367+0000] {processor.py:830} INFO - Processing file /home/airflow/.local/lib/python3.12/site-packages/airflow/example_dags/example_setup_teardown.py for tasks to queue
[2026-05-07T23:50:28.370+0000] {logging_mixin.py:188} INFO - [2026-05-07T23:50:28.369+0000] {dagbag.py:545} INFO - Filling up the DagBag from /home/airflow/.local/lib/python3.12/site-packages/airflow/example_dags/example_setup_teardown.py
[2026-05-07T23:50:28.375+0000] {processor.py:840} INFO - DAG(s) 'example_setup_teardown' retrieved from /home/airflow/.local/lib/python3.12/site-packages/airflow/example_dags/example_setup_teardown.py
[2026-05-07T23:50:28.394+0000] {logging_mixin.py:188} INFO - [2026-05-07T23:50:28.394+0000] {dag.py:3096} INFO - Sync 1 DAGs
[2026-05-07T23:50:28.414+0000] {logging_mixin.py:188} INFO - [2026-05-07T23:50:28.413+0000] {dag.py:3954} INFO - Setting next_dagrun for example_setup_teardown to 2026-05-06 00:00:00+00:00, run_after=2026-05-07 00:00:00+00:00
[2026-05-07T23:50:28.431+0000] {processor.py:183} INFO - Processing /home/airflow/.local/lib/python3.12/site-packages/airflow/example_dags/example_setup_teardown.py took 0.070 seconds
[2026-05-07T23:50:58.942+0000] {processor.py:161} INFO - Started process (PID=11219) to work on /home/airflow/.local/lib/python3.12/site-packages/airflow/example_dags/example_setup_teardown.py
[2026-05-07T23:50:58.943+0000] {processor.py:830} INFO - Processing file /home/airflow/.local/lib/python3.12/site-packages/airflow/example_dags/example_setup_teardown.py for tasks to queue
[2026-05-07T23:50:58.946+0000] {logging_mixin.py:188} INFO - [2026-05-07T23:50:58.946+0000] {dagbag.py:545} INFO - Filling up the DagBag from /home/airflow/.local/lib/python3.12/site-packages/airflow/example_dags/example_setup_teardown.py
[2026-05-07T23:50:58.952+0000] {processor.py:840} INFO - DAG(s) 'example_setup_teardown' retrieved from /home/airflow/.local/lib/python3.12/site-packages/airflow/example_dags/example_setup_teardown.py
[2026-05-07T23:50:58.971+0000] {logging_mixin.py:188} INFO - [2026-05-07T23:50:58.971+0000] {dag.py:3096} INFO - Sync 1 DAGs
[2026-05-07T23:50:58.989+0000] {logging_mixin.py:188} INFO - [2026-05-07T23:50:58.988+0000] {dag.py:3954} INFO - Setting next_dagrun for example_setup_teardown to 2026-05-06 00:00:00+00:00, run_after=2026-05-07 00:00:00+00:00
[2026-05-07T23:50:59.008+0000] {processor.py:183} INFO - Processing /home/airflow/.local/lib/python3.12/site-packages/airflow/example_dags/example_setup_teardown.py took 0.071 seconds
[2026-05-07T23:51:29.108+0000] {processor.py:161} INFO - Started process (PID=11277) to work on /home/airflow/.local/lib/python3.12/site-packages/airflow/example_dags/example_setup_teardown.py
[2026-05-07T23:51:29.110+0000] {processor.py:830} INFO - Processing file /home/airflow/.local/lib/python3.12/site-packages/airflow/example_dags/example_setup_teardown.py for tasks to queue
[2026-05-07T23:51:29.113+0000] {logging_mixin.py:188} INFO - [2026-05-07T23:51:29.112+0000] {dagbag.py:545} INFO - Filling up the DagBag from /home/airflow/.local/lib/python3.12/site-packages/airflow/example_dags/example_setup_teardown.py
[2026-05-07T23:51:29.120+0000] {processor.py:840} INFO - DAG(s) 'example_setup_teardown' retrieved from /home/airflow/.local/lib/python3.12/site-packages/airflow/example_dags/example_setup_teardown.py
[2026-05-07T23:51:29.139+0000] {logging_mixin.py:188} INFO - [2026-05-07T23:51:29.138+0000] {dag.py:3096} INFO - Sync 1 DAGs
[2026-05-07T23:51:29.156+0000] {logging_mixin.py:188} INFO - [2026-05-07T23:51:29.156+0000] {dag.py:3954} INFO - Setting next_dagrun for example_setup_teardown to 2026-05-06 00:00:00+00:00, run_after=2026-05-07 00:00:00+00:00
[2026-05-07T23:51:29.175+0000] {processor.py:183} INFO - Processing /home/airflow/.local/lib/python3.12/site-packages/airflow/example_dags/example_setup_teardown.py took 0.073 seconds
[2026-05-07T23:51:59.301+0000] {processor.py:161} INFO - Started process (PID=11335) to work on /home/airflow/.local/lib/python3.12/site-packages/airflow/example_dags/example_setup_teardown.py
[2026-05-07T23:51:59.302+0000] {processor.py:830} INFO - Processing file /home/airflow/.local/lib/python3.12/site-packages/airflow/example_dags/example_setup_teardown.py for tasks to queue
[2026-05-07T23:51:59.305+0000] {logging_mixin.py:188} INFO - [2026-05-07T23:51:59.305+0000] {dagbag.py:545} INFO - Filling up the DagBag from /home/airflow/.local/lib/python3.12/site-packages/airflow/example_dags/example_setup_teardown.py
[2026-05-07T23:51:59.311+0000] {processor.py:840} INFO - DAG(s) 'example_setup_teardown' retrieved from /home/airflow/.local/lib/python3.12/site-packages/airflow/example_dags/example_setup_teardown.py
[2026-05-07T23:51:59.330+0000] {logging_mixin.py:188} INFO - [2026-05-07T23:51:59.330+0000] {dag.py:3096} INFO - Sync 1 DAGs
[2026-05-07T23:51:59.349+0000] {logging_mixin.py:188} INFO - [2026-05-07T23:51:59.349+0000] {dag.py:3954} INFO - Setting next_dagrun for example_setup_teardown to 2026-05-06 00:00:00+00:00, run_after=2026-05-07 00:00:00+00:00
[2026-05-07T23:51:59.366+0000] {processor.py:183} INFO - Processing /home/airflow/.local/lib/python3.12/site-packages/airflow/example_dags/example_setup_teardown.py took 0.070 seconds
[2026-05-07T23:52:29.562+0000] {processor.py:161} INFO - Started process (PID=11393) to work on /home/airflow/.local/lib/python3.12/site-packages/airflow/example_dags/example_setup_teardown.py
[2026-05-07T23:52:29.563+0000] {processor.py:830} INFO - Processing file /home/airflow/.local/lib/python3.12/site-packages/airflow/example_dags/example_setup_teardown.py for tasks to queue
[2026-05-07T23:52:29.566+0000] {logging_mixin.py:188} INFO - [2026-05-07T23:52:29.565+0000] {dagbag.py:545} INFO - Filling up the DagBag from /home/airflow/.local/lib/python3.12/site-packages/airflow/example_dags/example_setup_teardown.py
[2026-05-07T23:52:29.571+0000] {processor.py:840} INFO - DAG(s) 'example_setup_teardown' retrieved from /home/airflow/.local/lib/python3.12/site-packages/airflow/example_dags/example_setup_teardown.py
[2026-05-07T23:52:29.591+0000] {logging_mixin.py:188} INFO - [2026-05-07T23:52:29.591+0000] {dag.py:3096} INFO - Sync 1 DAGs
[2026-05-07T23:52:29.610+0000] {logging_mixin.py:188} INFO - [2026-05-07T23:52:29.609+0000] {dag.py:3954} INFO - Setting next_dagrun for example_setup_teardown to 2026-05-06 00:00:00+00:00, run_after=2026-05-07 00:00:00+00:00
[2026-05-07T23:52:29.628+0000] {processor.py:183} INFO - Processing /home/airflow/.local/lib/python3.12/site-packages/airflow/example_dags/example_setup_teardown.py took 0.071 seconds
[2026-05-07T23:53:00.517+0000] {processor.py:161} INFO - Started process (PID=11451) to work on /home/airflow/.local/lib/python3.12/site-packages/airflow/example_dags/example_setup_teardown.py
[2026-05-07T23:53:00.519+0000] {processor.py:830} INFO - Processing file /home/airflow/.local/lib/python3.12/site-packages/airflow/example_dags/example_setup_teardown.py for tasks to queue
[2026-05-07T23:53:00.522+0000] {logging_mixin.py:188} INFO - [2026-05-07T23:53:00.521+0000] {dagbag.py:545} INFO - Filling up the DagBag from /home/airflow/.local/lib/python3.12/site-packages/airflow/example_dags/example_setup_teardown.py
[2026-05-07T23:53:00.528+0000] {processor.py:840} INFO - DAG(s) 'example_setup_teardown' retrieved from /home/airflow/.local/lib/python3.12/site-packages/airflow/example_dags/example_setup_teardown.py
[2026-05-07T23:53:00.546+0000] {logging_mixin.py:188} INFO - [2026-05-07T23:53:00.546+0000] {dag.py:3096} INFO - Sync 1 DAGs
[2026-05-07T23:53:00.564+0000] {logging_mixin.py:188} INFO - [2026-05-07T23:53:00.564+0000] {dag.py:3954} INFO - Setting next_dagrun for example_setup_teardown to 2026-05-06 00:00:00+00:00, run_after=2026-05-07 00:00:00+00:00
[2026-05-07T23:53:00.582+0000] {processor.py:183} INFO - Processing /home/airflow/.local/lib/python3.12/site-packages/airflow/example_dags/example_setup_teardown.py took 0.070 seconds
[2026-05-07T23:53:31.365+0000] {processor.py:161} INFO - Started process (PID=11509) to work on /home/airflow/.local/lib/python3.12/site-packages/airflow/example_dags/example_setup_teardown.py
[2026-05-07T23:53:31.367+0000] {processor.py:830} INFO - Processing file /home/airflow/.local/lib/python3.12/site-packages/airflow/example_dags/example_setup_teardown.py for tasks to queue
[2026-05-07T23:53:31.371+0000] {logging_mixin.py:188} INFO - [2026-05-07T23:53:31.371+0000] {dagbag.py:545} INFO - Filling up the DagBag from /home/airflow/.local/lib/python3.12/site-packages/airflow/example_dags/example_setup_teardown.py
[2026-05-07T23:53:31.377+0000] {processor.py:840} INFO - DAG(s) 'example_setup_teardown' retrieved from /home/airflow/.local/lib/python3.12/site-packages/airflow/example_dags/example_setup_teardown.py
[2026-05-07T23:53:31.396+0000] {logging_mixin.py:188} INFO - [2026-05-07T23:53:31.396+0000] {dag.py:3096} INFO - Sync 1 DAGs
[2026-05-07T23:53:31.414+0000] {logging_mixin.py:188} INFO - [2026-05-07T23:53:31.414+0000] {dag.py:3954} INFO - Setting next_dagrun for example_setup_teardown to 2026-05-06 00:00:00+00:00, run_after=2026-05-07 00:00:00+00:00
[2026-05-07T23:53:31.433+0000] {processor.py:183} INFO - Processing /home/airflow/.local/lib/python3.12/site-packages/airflow/example_dags/example_setup_teardown.py took 0.073 seconds
[2026-05-07T23:54:01.607+0000] {processor.py:161} INFO - Started process (PID=11567) to work on /home/airflow/.local/lib/python3.12/site-packages/airflow/example_dags/example_setup_teardown.py
[2026-05-07T23:54:01.609+0000] {processor.py:830} INFO - Processing file /home/airflow/.local/lib/python3.12/site-packages/airflow/example_dags/example_setup_teardown.py for tasks to queue
[2026-05-07T23:54:01.610+0000] {logging_mixin.py:188} INFO - [2026-05-07T23:54:01.610+0000] {dagbag.py:545} INFO - Filling up the DagBag from /home/airflow/.local/lib/python3.12/site-packages/airflow/example_dags/example_setup_teardown.py
[2026-05-07T23:54:01.616+0000] {processor.py:840} INFO - DAG(s) 'example_setup_teardown' retrieved from /home/airflow/.local/lib/python3.12/site-packages/airflow/example_dags/example_setup_teardown.py
[2026-05-07T23:54:01.633+0000] {logging_mixin.py:188} INFO - [2026-05-07T23:54:01.633+0000] {dag.py:3096} INFO - Sync 1 DAGs
[2026-05-07T23:54:01.650+0000] {logging_mixin.py:188} INFO - [2026-05-07T23:54:01.650+0000] {dag.py:3954} INFO - Setting next_dagrun for example_setup_teardown to 2026-05-06 00:00:00+00:00, run_after=2026-05-07 00:00:00+00:00
[2026-05-07T23:54:01.669+0000] {processor.py:183} INFO - Processing /home/airflow/.local/lib/python3.12/site-packages/airflow/example_dags/example_setup_teardown.py took 0.067 seconds
[2026-05-07T23:54:32.202+0000] {processor.py:161} INFO - Started process (PID=11625) to work on /home/airflow/.local/lib/python3.12/site-packages/airflow/example_dags/example_setup_teardown.py
[2026-05-07T23:54:32.203+0000] {processor.py:830} INFO - Processing file /home/airflow/.local/lib/python3.12/site-packages/airflow/example_dags/example_setup_teardown.py for tasks to queue
[2026-05-07T23:54:32.206+0000] {logging_mixin.py:188} INFO - [2026-05-07T23:54:32.206+0000] {dagbag.py:545} INFO - Filling up the DagBag from /home/airflow/.local/lib/python3.12/site-packages/airflow/example_dags/example_setup_teardown.py
[2026-05-07T23:54:32.213+0000] {processor.py:840} INFO - DAG(s) 'example_setup_teardown' retrieved from /home/airflow/.local/lib/python3.12/site-packages/airflow/example_dags/example_setup_teardown.py
[2026-05-07T23:54:32.234+0000] {logging_mixin.py:188} INFO - [2026-05-07T23:54:32.234+0000] {dag.py:3096} INFO - Sync 1 DAGs
[2026-05-07T23:54:32.254+0000] {logging_mixin.py:188} INFO - [2026-05-07T23:54:32.254+0000] {dag.py:3954} INFO - Setting next_dagrun for example_setup_teardown to 2026-05-06 00:00:00+00:00, run_after=2026-05-07 00:00:00+00:00
[2026-05-07T23:54:32.273+0000] {processor.py:183} INFO - Processing /home/airflow/.local/lib/python3.12/site-packages/airflow/example_dags/example_setup_teardown.py took 0.077 seconds
[2026-05-07T23:55:02.453+0000] {processor.py:161} INFO - Started process (PID=11683) to work on /home/airflow/.local/lib/python3.12/site-packages/airflow/example_dags/example_setup_teardown.py
[2026-05-07T23:55:02.454+0000] {processor.py:830} INFO - Processing file /home/airflow/.local/lib/python3.12/site-packages/airflow/example_dags/example_setup_teardown.py for tasks to queue
[2026-05-07T23:55:02.457+0000] {logging_mixin.py:188} INFO - [2026-05-07T23:55:02.456+0000] {dagbag.py:545} INFO - Filling up the DagBag from /home/airflow/.local/lib/python3.12/site-packages/airflow/example_dags/example_setup_teardown.py
[2026-05-07T23:55:02.463+0000] {processor.py:840} INFO - DAG(s) 'example_setup_teardown' retrieved from /home/airflow/.local/lib/python3.12/site-packages/airflow/example_dags/example_setup_teardown.py
[2026-05-07T23:55:02.483+0000] {logging_mixin.py:188} INFO - [2026-05-07T23:55:02.482+0000] {dag.py:3096} INFO - Sync 1 DAGs
[2026-05-07T23:55:02.503+0000] {logging_mixin.py:188} INFO - [2026-05-07T23:55:02.502+0000] {dag.py:3954} INFO - Setting next_dagrun for example_setup_teardown to 2026-05-06 00:00:00+00:00, run_after=2026-05-07 00:00:00+00:00
[2026-05-07T23:55:02.523+0000] {processor.py:183} INFO - Processing /home/airflow/.local/lib/python3.12/site-packages/airflow/example_dags/example_setup_teardown.py took 0.077 seconds
[2026-05-07T23:55:32.580+0000] {processor.py:161} INFO - Started process (PID=11740) to work on /home/airflow/.local/lib/python3.12/site-packages/airflow/example_dags/example_setup_teardown.py
[2026-05-07T23:55:32.581+0000] {processor.py:830} INFO - Processing file /home/airflow/.local/lib/python3.12/site-packages/airflow/example_dags/example_setup_teardown.py for tasks to queue
[2026-05-07T23:55:32.583+0000] {logging_mixin.py:188} INFO - [2026-05-07T23:55:32.583+0000] {dagbag.py:545} INFO - Filling up the DagBag from /home/airflow/.local/lib/python3.12/site-packages/airflow/example_dags/example_setup_teardown.py
[2026-05-07T23:55:32.588+0000] {processor.py:840} INFO - DAG(s) 'example_setup_teardown' retrieved from /home/airflow/.local/lib/python3.12/site-packages/airflow/example_dags/example_setup_teardown.py
[2026-05-07T23:55:32.608+0000] {logging_mixin.py:188} INFO - [2026-05-07T23:55:32.607+0000] {dag.py:3096} INFO - Sync 1 DAGs
[2026-05-07T23:55:32.625+0000] {logging_mixin.py:188} INFO - [2026-05-07T23:55:32.625+0000] {dag.py:3954} INFO - Setting next_dagrun for example_setup_teardown to 2026-05-06 00:00:00+00:00, run_after=2026-05-07 00:00:00+00:00
[2026-05-07T23:55:32.645+0000] {processor.py:183} INFO - Processing /home/airflow/.local/lib/python3.12/site-packages/airflow/example_dags/example_setup_teardown.py took 0.071 seconds
[2026-05-07T23:56:02.745+0000] {processor.py:161} INFO - Started process (PID=11798) to work on /home/airflow/.local/lib/python3.12/site-packages/airflow/example_dags/example_setup_teardown.py
[2026-05-07T23:56:02.747+0000] {processor.py:830} INFO - Processing file /home/airflow/.local/lib/python3.12/site-packages/airflow/example_dags/example_setup_teardown.py for tasks to queue
[2026-05-07T23:56:02.750+0000] {logging_mixin.py:188} INFO - [2026-05-07T23:56:02.749+0000] {dagbag.py:545} INFO - Filling up the DagBag from /home/airflow/.local/lib/python3.12/site-packages/airflow/example_dags/example_setup_teardown.py
[2026-05-07T23:56:02.756+0000] {processor.py:840} INFO - DAG(s) 'example_setup_teardown' retrieved from /home/airflow/.local/lib/python3.12/site-packages/airflow/example_dags/example_setup_teardown.py
[2026-05-07T23:56:02.780+0000] {logging_mixin.py:188} INFO - [2026-05-07T23:56:02.780+0000] {dag.py:3096} INFO - Sync 1 DAGs
[2026-05-07T23:56:02.807+0000] {logging_mixin.py:188} INFO - [2026-05-07T23:56:02.806+0000] {dag.py:3954} INFO - Setting next_dagrun for example_setup_teardown to 2026-05-06 00:00:00+00:00, run_after=2026-05-07 00:00:00+00:00
[2026-05-07T23:56:02.833+0000] {processor.py:183} INFO - Processing /home/airflow/.local/lib/python3.12/site-packages/airflow/example_dags/example_setup_teardown.py took 0.096 seconds
[2026-05-07T23:56:33.055+0000] {processor.py:161} INFO - Started process (PID=11856) to work on /home/airflow/.local/lib/python3.12/site-packages/airflow/example_dags/example_setup_teardown.py
[2026-05-07T23:56:33.056+0000] {processor.py:830} INFO - Processing file /home/airflow/.local/lib/python3.12/site-packages/airflow/example_dags/example_setup_teardown.py for tasks to queue
[2026-05-07T23:56:33.058+0000] {logging_mixin.py:188} INFO - [2026-05-07T23:56:33.058+0000] {dagbag.py:545} INFO - Filling up the DagBag from /home/airflow/.local/lib/python3.12/site-packages/airflow/example_dags/example_setup_teardown.py
[2026-05-07T23:56:33.064+0000] {processor.py:840} INFO - DAG(s) 'example_setup_teardown' retrieved from /home/airflow/.local/lib/python3.12/site-packages/airflow/example_dags/example_setup_teardown.py
[2026-05-07T23:56:33.083+0000] {logging_mixin.py:188} INFO - [2026-05-07T23:56:33.083+0000] {dag.py:3096} INFO - Sync 1 DAGs
[2026-05-07T23:56:33.101+0000] {logging_mixin.py:188} INFO - [2026-05-07T23:56:33.101+0000] {dag.py:3954} INFO - Setting next_dagrun for example_setup_teardown to 2026-05-06 00:00:00+00:00, run_after=2026-05-07 00:00:00+00:00
[2026-05-07T23:56:33.121+0000] {processor.py:183} INFO - Processing /home/airflow/.local/lib/python3.12/site-packages/airflow/example_dags/example_setup_teardown.py took 0.071 seconds
[2026-05-07T23:57:03.418+0000] {processor.py:161} INFO - Started process (PID=11914) to work on /home/airflow/.local/lib/python3.12/site-packages/airflow/example_dags/example_setup_teardown.py
[2026-05-07T23:57:03.419+0000] {processor.py:830} INFO - Processing file /home/airflow/.local/lib/python3.12/site-packages/airflow/example_dags/example_setup_teardown.py for tasks to queue
[2026-05-07T23:57:03.422+0000] {logging_mixin.py:188} INFO - [2026-05-07T23:57:03.421+0000] {dagbag.py:545} INFO - Filling up the DagBag from /home/airflow/.local/lib/python3.12/site-packages/airflow/example_dags/example_setup_teardown.py
[2026-05-07T23:57:03.427+0000] {processor.py:840} INFO - DAG(s) 'example_setup_teardown' retrieved from /home/airflow/.local/lib/python3.12/site-packages/airflow/example_dags/example_setup_teardown.py
[2026-05-07T23:57:03.445+0000] {logging_mixin.py:188} INFO - [2026-05-07T23:57:03.444+0000] {dag.py:3096} INFO - Sync 1 DAGs
[2026-05-07T23:57:03.462+0000] {logging_mixin.py:188} INFO - [2026-05-07T23:57:03.462+0000] {dag.py:3954} INFO - Setting next_dagrun for example_setup_teardown to 2026-05-06 00:00:00+00:00, run_after=2026-05-07 00:00:00+00:00
[2026-05-07T23:57:03.481+0000] {processor.py:183} INFO - Processing /home/airflow/.local/lib/python3.12/site-packages/airflow/example_dags/example_setup_teardown.py took 0.069 seconds
[2026-05-07T23:57:33.698+0000] {processor.py:161} INFO - Started process (PID=11972) to work on /home/airflow/.local/lib/python3.12/site-packages/airflow/example_dags/example_setup_teardown.py
[2026-05-07T23:57:33.699+0000] {processor.py:830} INFO - Processing file /home/airflow/.local/lib/python3.12/site-packages/airflow/example_dags/example_setup_teardown.py for tasks to queue
[2026-05-07T23:57:33.702+0000] {logging_mixin.py:188} INFO - [2026-05-07T23:57:33.701+0000] {dagbag.py:545} INFO - Filling up the DagBag from /home/airflow/.local/lib/python3.12/site-packages/airflow/example_dags/example_setup_teardown.py
[2026-05-07T23:57:33.708+0000] {processor.py:840} INFO - DAG(s) 'example_setup_teardown' retrieved from /home/airflow/.local/lib/python3.12/site-packages/airflow/example_dags/example_setup_teardown.py
[2026-05-07T23:57:33.727+0000] {logging_mixin.py:188} INFO - [2026-05-07T23:57:33.727+0000] {dag.py:3096} INFO - Sync 1 DAGs
[2026-05-07T23:57:33.745+0000] {logging_mixin.py:188} INFO - [2026-05-07T23:57:33.745+0000] {dag.py:3954} INFO - Setting next_dagrun for example_setup_teardown to 2026-05-06 00:00:00+00:00, run_after=2026-05-07 00:00:00+00:00
[2026-05-07T23:57:33.765+0000] {processor.py:183} INFO - Processing /home/airflow/.local/lib/python3.12/site-packages/airflow/example_dags/example_setup_teardown.py took 0.072 seconds
[2026-05-07T23:58:04.039+0000] {processor.py:161} INFO - Started process (PID=12030) to work on /home/airflow/.local/lib/python3.12/site-packages/airflow/example_dags/example_setup_teardown.py
[2026-05-07T23:58:04.041+0000] {processor.py:830} INFO - Processing file /home/airflow/.local/lib/python3.12/site-packages/airflow/example_dags/example_setup_teardown.py for tasks to queue
[2026-05-07T23:58:04.044+0000] {logging_mixin.py:188} INFO - [2026-05-07T23:58:04.044+0000] {dagbag.py:545} INFO - Filling up the DagBag from /home/airflow/.local/lib/python3.12/site-packages/airflow/example_dags/example_setup_teardown.py
[2026-05-07T23:58:04.049+0000] {processor.py:840} INFO - DAG(s) 'example_setup_teardown' retrieved from /home/airflow/.local/lib/python3.12/site-packages/airflow/example_dags/example_setup_teardown.py
[2026-05-07T23:58:04.068+0000] {logging_mixin.py:188} INFO - [2026-05-07T23:58:04.068+0000] {dag.py:3096} INFO - Sync 1 DAGs
[2026-05-07T23:58:04.085+0000] {logging_mixin.py:188} INFO - [2026-05-07T23:58:04.085+0000] {dag.py:3954} INFO - Setting next_dagrun for example_setup_teardown to 2026-05-06 00:00:00+00:00, run_after=2026-05-07 00:00:00+00:00
[2026-05-07T23:58:04.105+0000] {processor.py:183} INFO - Processing /home/airflow/.local/lib/python3.12/site-packages/airflow/example_dags/example_setup_teardown.py took 0.071 seconds
[2026-05-07T23:58:34.335+0000] {processor.py:161} INFO - Started process (PID=12088) to work on /home/airflow/.local/lib/python3.12/site-packages/airflow/example_dags/example_setup_teardown.py
[2026-05-07T23:58:34.336+0000] {processor.py:830} INFO - Processing file /home/airflow/.local/lib/python3.12/site-packages/airflow/example_dags/example_setup_teardown.py for tasks to queue
[2026-05-07T23:58:34.338+0000] {logging_mixin.py:188} INFO - [2026-05-07T23:58:34.338+0000] {dagbag.py:545} INFO - Filling up the DagBag from /home/airflow/.local/lib/python3.12/site-packages/airflow/example_dags/example_setup_teardown.py
[2026-05-07T23:58:34.344+0000] {processor.py:840} INFO - DAG(s) 'example_setup_teardown' retrieved from /home/airflow/.local/lib/python3.12/site-packages/airflow/example_dags/example_setup_teardown.py
[2026-05-07T23:58:34.363+0000] {logging_mixin.py:188} INFO - [2026-05-07T23:58:34.363+0000] {dag.py:3096} INFO - Sync 1 DAGs
[2026-05-07T23:58:34.380+0000] {logging_mixin.py:188} INFO - [2026-05-07T23:58:34.380+0000] {dag.py:3954} INFO - Setting next_dagrun for example_setup_teardown to 2026-05-06 00:00:00+00:00, run_after=2026-05-07 00:00:00+00:00
[2026-05-07T23:58:34.401+0000] {processor.py:183} INFO - Processing /home/airflow/.local/lib/python3.12/site-packages/airflow/example_dags/example_setup_teardown.py took 0.071 seconds
[2026-05-07T23:59:04.487+0000] {processor.py:161} INFO - Started process (PID=12146) to work on /home/airflow/.local/lib/python3.12/site-packages/airflow/example_dags/example_setup_teardown.py
[2026-05-07T23:59:04.488+0000] {processor.py:830} INFO - Processing file /home/airflow/.local/lib/python3.12/site-packages/airflow/example_dags/example_setup_teardown.py for tasks to queue
[2026-05-07T23:59:04.491+0000] {logging_mixin.py:188} INFO - [2026-05-07T23:59:04.491+0000] {dagbag.py:545} INFO - Filling up the DagBag from /home/airflow/.local/lib/python3.12/site-packages/airflow/example_dags/example_setup_teardown.py
[2026-05-07T23:59:04.497+0000] {processor.py:840} INFO - DAG(s) 'example_setup_teardown' retrieved from /home/airflow/.local/lib/python3.12/site-packages/airflow/example_dags/example_setup_teardown.py
[2026-05-07T23:59:04.516+0000] {logging_mixin.py:188} INFO - [2026-05-07T23:59:04.516+0000] {dag.py:3096} INFO - Sync 1 DAGs
[2026-05-07T23:59:04.534+0000] {logging_mixin.py:188} INFO - [2026-05-07T23:59:04.534+0000] {dag.py:3954} INFO - Setting next_dagrun for example_setup_teardown to 2026-05-06 00:00:00+00:00, run_after=2026-05-07 00:00:00+00:00
[2026-05-07T23:59:04.553+0000] {processor.py:183} INFO - Processing /home/airflow/.local/lib/python3.12/site-packages/airflow/example_dags/example_setup_teardown.py took 0.072 seconds
[2026-05-07T23:59:34.595+0000] {processor.py:161} INFO - Started process (PID=12204) to work on /home/airflow/.local/lib/python3.12/site-packages/airflow/example_dags/example_setup_teardown.py
[2026-05-07T23:59:34.597+0000] {processor.py:830} INFO - Processing file /home/airflow/.local/lib/python3.12/site-packages/airflow/example_dags/example_setup_teardown.py for tasks to queue
[2026-05-07T23:59:34.599+0000] {logging_mixin.py:188} INFO - [2026-05-07T23:59:34.599+0000] {dagbag.py:545} INFO - Filling up the DagBag from /home/airflow/.local/lib/python3.12/site-packages/airflow/example_dags/example_setup_teardown.py
[2026-05-07T23:59:34.606+0000] {processor.py:840} INFO - DAG(s) 'example_setup_teardown' retrieved from /home/airflow/.local/lib/python3.12/site-packages/airflow/example_dags/example_setup_teardown.py
[2026-05-07T23:59:34.628+0000] {logging_mixin.py:188} INFO - [2026-05-07T23:59:34.628+0000] {dag.py:3096} INFO - Sync 1 DAGs
[2026-05-07T23:59:34.650+0000] {logging_mixin.py:188} INFO - [2026-05-07T23:59:34.650+0000] {dag.py:3954} INFO - Setting next_dagrun for example_setup_teardown to 2026-05-06 00:00:00+00:00, run_after=2026-05-07 00:00:00+00:00
[2026-05-07T23:59:34.671+0000] {processor.py:183} INFO - Processing /home/airflow/.local/lib/python3.12/site-packages/airflow/example_dags/example_setup_teardown.py took 0.081 seconds
